t1,t2,diff
[1-1][2-1][3-1].wasm.swam.txt,[1-1][2-1][6-1].wasm.swam.txt,1928
[0-1][6-1].wasm.swam.txt,[1-1][2-1][6-1].wasm.swam.txt,497197
[0-1][3-1].wasm.swam.txt,[1-1][2-1][6-1].wasm.swam.txt,55377
[1-1].wasm.swam.txt,[1-1][2-1][6-1].wasm.swam.txt,0
[1-1].wasm.swam.txt,[1-1][2-1][3-1].wasm.swam.txt,5277
[0-1][3-1].wasm.swam.txt,[0-1][6-1].wasm.swam.txt,5497
[0-1][3-1].wasm.swam.txt,[1-1].wasm.swam.txt,29597
100_doors.wasm.swam.txt,[0-1][1-1][3-1].wasm.swam.txt,5427
[0-1][6-1].wasm.swam.txt,[1-1].wasm.swam.txt,11493
[0-1][6-1].wasm.swam.txt,[1-1][2-1][3-1].wasm.swam.txt,15608
[0-1][3-1].wasm.swam.txt,[1-1][2-1][3-1].wasm.swam.txt,38265
100_doors.wasm.swam.txt,[1-1][2-1][6-1].wasm.swam.txt,331995
[0-1][1-1][3-1].wasm.swam.txt,[0-1][6-1].wasm.swam.txt,333756
100_doors.wasm.swam.txt,[0-1][3-1].wasm.swam.txt,336015
100_doors.wasm.swam.txt,[0-1][6-1].wasm.swam.txt,337007
[0-1][1-1][3-1].wasm.swam.txt,[0-1][3-1].wasm.swam.txt,337007
[0-1][1-1][3-1].wasm.swam.txt,[1-1][2-1][3-1].wasm.swam.txt,336862
[0-1][1-1][3-1].wasm.swam.txt,[1-1].wasm.swam.txt,335941
100_doors.wasm.swam.txt,[1-1][2-1][3-1].wasm.swam.txt,335132
100_doors.wasm.swam.txt,[1-1].wasm.swam.txt,336157
[0-1][1-1][3-1].wasm.swam.txt,[1-1][2-1][6-1].wasm.swam.txt,336220
