t1,t2,diff
[0-0].wasm.swam.txt,[0-1][11-1][14-1][15-1].wasm.swam.txt,91192
[0-1][11-1][14-1][15-1].wasm.swam.txt,[10-1][19-1].wasm.~1~.swam.txt,232077
[0-1][11-1][14-1][15-1].wasm.swam.txt,[11-1][14-1][15-1].wasm.swam.txt,6353
[0-1][11-1][14-1].wasm.swam.txt,[11-1][14-1].wasm.swam.txt,63783
[0-0].wasm.swam.txt,[11-1][14-1][15-1].wasm.swam.txt,30285
[10-1][19-1][23-1].wasm.swam.txt,[10-1][45-1][47-1][61-1].wasm.swam.txt,71854
[10-1][19-1].wasm.~1~.swam.txt,[10-1][19-1][23-1].wasm.swam.txt,261723
[10-1][19-1].wasm.~1~.swam.txt,[10-1][45-1][47-1][61-1].wasm.swam.txt,94511
[10-1][19-1][23-1].wasm.swam.txt,[10-1][19-1][40-1].wasm.swam.txt,
[0-0].wasm.swam.txt,[0-1][11-1][14-1].wasm.swam.txt,20051
[10-1][19-1][40-1].wasm.swam.txt,[10-1][45-1][47-1][61-1].wasm.swam.txt,79912
[0-0].wasm.swam.txt,[11-1][14-1].wasm.swam.txt,384989
[0-1][11-1][14-1].wasm.swam.txt,[0-1][11-1][14-1][15-1].wasm.swam.txt,728738
[0-0].wasm.swam.txt,[10-1][19-1][23-1].wasm.swam.txt,730206
[10-1][19-1][40-1].wasm.swam.txt,[11-1][14-1].wasm.swam.txt,747592
[10-1][19-1].wasm.~1~.swam.txt,[10-1][19-1][40-1].wasm.swam.txt,527851
[0-1][11-1][14-1][15-1].wasm.swam.txt,[11-1][14-1].wasm.swam.txt,134351
[0-1][11-1][14-1].wasm.swam.txt,[11-1][14-1][15-1].wasm.swam.txt,134487
[11-1][14-1].wasm.swam.txt,[11-1][14-1][15-1].wasm.swam.txt,115645
[10-1][19-1].wasm.~1~.swam.txt,[11-1][14-1][15-1].wasm.swam.txt,609128
[0-0].wasm.swam.txt,[10-1][19-1][40-1].wasm.swam.txt,595406
[0-0].wasm.swam.txt,[10-1][45-1][47-1][61-1].wasm.swam.txt,596393
[0-1][11-1][14-1][15-1].wasm.swam.txt,[10-1][19-1][40-1].wasm.swam.txt,621925
[0-1][11-1][14-1].wasm.swam.txt,[10-1][19-1].wasm.~1~.swam.txt,628721
[0-1][11-1][14-1].wasm.swam.txt,[10-1][19-1][23-1].wasm.swam.txt,597123
[0-0].wasm.swam.txt,[10-1][19-1].wasm.~1~.swam.txt,597123
[10-1][19-1][40-1].wasm.swam.txt,[11-1][14-1][15-1].wasm.swam.txt,562855
[10-1][19-1].wasm.~1~.swam.txt,[11-1][14-1].wasm.swam.txt,597710
[0-1][11-1][14-1][15-1].wasm.swam.txt,[10-1][19-1][23-1].wasm.swam.txt,631805
[0-1][11-1][14-1][15-1].wasm.swam.txt,[10-1][45-1][47-1][61-1].wasm.swam.txt,631805
[0-1][11-1][14-1].wasm.swam.txt,[10-1][19-1][40-1].wasm.swam.txt,651233
[10-1][45-1][47-1][61-1].wasm.swam.txt,[11-1][14-1][15-1].wasm.swam.txt,561395
[10-1][19-1][23-1].wasm.swam.txt,[11-1][14-1].wasm.swam.txt,561395
[10-1][19-1][23-1].wasm.swam.txt,[11-1][14-1][15-1].wasm.swam.txt,563681
[10-1][45-1][47-1][61-1].wasm.swam.txt,[11-1][14-1].wasm.swam.txt,582703
[0-1][11-1][14-1].wasm.swam.txt,[10-1][45-1][47-1][61-1].wasm.swam.txt,637983
