t1,t2,diff
[0-10].wasm.swam.txt,[0-1][1-1][2-1][3-4].wasm.swam.txt,18
[0-10].wasm.swam.txt,[0-1][1-9].wasm.swam.txt,132627
[0-10].wasm.swam.txt,[0-1][1-10][2-1][3-7].wasm.swam.txt,4586
[0-10].wasm.swam.txt,[0-1][1-9][2-1][3-12].wasm.swam.txt,7205
[0-10].wasm.swam.txt,[0-1][1-2][2-1][3-4].wasm.swam.txt,111
[0-10].wasm.swam.txt,[0-1][1-10][2-1][3-4].wasm.swam.txt,189561
[0-10].wasm.swam.txt,[0-2][1-7].wasm.swam.txt,5311
[0-10].wasm.swam.txt,[0-1][1-1].wasm.swam.txt,295233
[0-10].wasm.swam.txt,[0-5][1-9].wasm.swam.txt,7976
[0-10].wasm.swam.txt,[0-1][1-10][2-1][3-12].wasm.swam.txt,295882
[0-10].wasm.swam.txt,[0-5][1-7].wasm.swam.txt,397332
[0-10].wasm.swam.txt,[0-1][1-1][2-1][3-7].wasm.swam.txt,309958
[0-10].wasm.swam.txt,[0-6][1-7].wasm.swam.txt,278750
[0-11].wasm.swam.txt,[0-1][1-10][2-1][3-7].wasm.swam.txt,497812
[0-10].wasm.swam.txt,[0-1][1-2][2-1][3-7].wasm.swam.txt,
[0-10].wasm.swam.txt,[0-6][1-2].wasm.swam.txt,19495
[0-10].wasm.swam.txt,[0-1][1-10][2-6].wasm.~1~.swam.txt,127423
[0-10].wasm.swam.txt,[0-6][1-1].wasm.swam.txt,571266
[0-10].wasm.swam.txt,[0-1][1-7][2-1][3-4].wasm.swam.txt,
[0-10].wasm.swam.txt,[0-11].wasm.swam.txt,
[0-10].wasm.swam.txt,[0-6].wasm.swam.txt,
[0-10].wasm.swam.txt,[0-8].wasm.swam.txt,
[0-10].wasm.swam.txt,[0-6][1-9].wasm.swam.txt,
[0-11].wasm.swam.txt,[0-1][1-10][2-1][3-4].wasm.swam.txt,
[0-10].wasm.swam.txt,[0-9].wasm.swam.txt,
[0-11].wasm.swam.txt,[0-1][1-10][2-6].wasm.~1~.swam.txt,
[0-11].wasm.swam.txt,[0-1][1-1][2-1][3-4].wasm.swam.txt,39287
[0-10].wasm.swam.txt,[0-1][1-7][2-1][3-12].wasm.swam.txt,
[0-10].wasm.swam.txt,[0-1].wasm.~1~.swam.txt,41460
[0-11].wasm.swam.txt,[0-1][1-7][2-1][3-12].wasm.swam.txt,38730
[0-11].wasm.swam.txt,[0-1][1-9][2-1][3-12].wasm.swam.txt,103278
[0-11].wasm.swam.txt,[0-1][1-7].wasm.swam.txt,
[0-10].wasm.swam.txt,[0-1][1-9][2-1][3-7].wasm.swam.txt,327031
[0-11].wasm.swam.txt,[0-1][1-1][2-1][3-12].wasm.swam.txt,396894
[0-10].wasm.swam.txt,[0-1].wasm.swam.txt,47610
[0-10].wasm.swam.txt,[0-2].wasm.swam.txt,
[0-11].wasm.swam.txt,[0-1][1-2].wasm.swam.txt,449287
[0-10].wasm.swam.txt,[0-1][1-2].wasm.swam.txt,614451
[0-11].wasm.swam.txt,[0-1][1-7][2-1][3-7].wasm.swam.txt,614431
[0-11].wasm.swam.txt,[0-5].wasm.swam.txt,817017
[0-10].wasm.swam.txt,[0-5].wasm.swam.txt,803942
[0-11].wasm.swam.txt,[0-6].wasm.swam.txt,803752
[0-10].wasm.swam.txt,[0-1][1-7].wasm.swam.txt,755879
[0-10].wasm.swam.txt,[0-1][1-9][2-1][3-4].wasm.swam.txt,808694
[0-10].wasm.swam.txt,[0-1][1-7][2-1][3-7].wasm.swam.txt,168525
[0-11].wasm.swam.txt,[0-1][1-7][2-1][3-4].wasm.swam.txt,124648
[0-11].wasm.swam.txt,[0-2][1-1].wasm.swam.txt,
[0-10].wasm.swam.txt,[0-5][1-1].wasm.swam.txt,316703
[0-11].wasm.swam.txt,[0-5][1-1].wasm.swam.txt,309401
[0-10].wasm.swam.txt,[0-1][1-1][2-1][3-12].wasm.swam.txt,88721
[0-11].wasm.swam.txt,[0-6][1-1].wasm.swam.txt,323490
[0-11].wasm.swam.txt,[0-2].wasm.swam.txt,309571
[0-11].wasm.swam.txt,[0-9].wasm.swam.txt,15629
[0-11].wasm.swam.txt,[0-1].wasm.~1~.swam.txt,309466
[0-10].wasm.swam.txt,[0-2][1-9].wasm.swam.txt,317645
[0-1].wasm.swam.txt,[0-1][1-10][2-1][3-4].wasm.swam.txt,11334
[0-11].wasm.swam.txt,[0-1][1-1].wasm.swam.txt,20428
[0-11].wasm.swam.txt,[0-8].wasm.swam.txt,20195
[0-10].wasm.swam.txt,[0-2][1-1].wasm.swam.txt,15222
[0-1].wasm.swam.txt,[0-1][1-10][2-1][3-12].wasm.swam.txt,23691
[0-11].wasm.swam.txt,[0-6][1-2].wasm.swam.txt,28148
[0-11].wasm.swam.txt,[0-6][1-7].wasm.swam.txt,146380
[0-11].wasm.swam.txt,[0-6][1-9].wasm.swam.txt,345942
[0-11].wasm.swam.txt,[0-1][1-2][2-1][3-7].wasm.swam.txt,145198
[0-11].wasm.swam.txt,[0-1][1-1][2-1][3-7].wasm.swam.txt,131809
[0-1].wasm.swam.txt,[0-1][1-10][2-5].wasm.~1~.swam.txt,142713
[0-1].wasm.swam.txt,[0-1][1-10][2-6].wasm.~1~.swam.txt,135362
[0-11].wasm.swam.txt,[0-1][1-2][2-1][3-4].wasm.swam.txt,199740
[0-10].wasm.swam.txt,[0-1][1-10][2-5].wasm.~1~.swam.txt,51994
[0-1].wasm.swam.txt,[0-1].wasm.~1~.swam.txt,52857
[0-11].wasm.swam.txt,[0-1][1-10][2-5].wasm.~1~.swam.txt,56941
[0-11].wasm.swam.txt,[0-1][1-2][2-1][3-12].wasm.swam.txt,56976
[0-10].wasm.swam.txt,[0-1][1-2][2-1][3-12].wasm.swam.txt,56941
[0-11].wasm.swam.txt,[0-2][1-9].wasm.swam.txt,70349
[0-11].wasm.swam.txt,[0-2][1-7].wasm.swam.txt,78209
[0-11].wasm.swam.txt,[0-5][1-9].wasm.swam.txt,79457
[0-11].wasm.swam.txt,[0-1][1-9][2-1][3-7].wasm.swam.txt,147034
[0-11].wasm.swam.txt,[0-1][1-9][2-1][3-4].wasm.swam.txt,165449
[0-11].wasm.swam.txt,[0-5][1-7].wasm.swam.txt,297277
[0-1].wasm.swam.txt,[0-6][1-2].wasm.swam.txt,386
[0-1].wasm.swam.txt,[0-6][1-1].wasm.swam.txt,6208
[0-1].wasm.swam.txt,[0-1][1-10][2-1][3-7].wasm.swam.txt,
[0-1].wasm.swam.txt,[0-1][1-2][2-1][3-4].wasm.swam.txt,
[0-1].wasm.swam.txt,[0-6][1-9].wasm.swam.txt,199737
[0-11].wasm.swam.txt,[0-1][1-10][2-1][3-12].wasm.swam.txt,404212
[0-11].wasm.swam.txt,[0-1][1-9].wasm.swam.txt,419100
[0-11].wasm.swam.txt,[0-1].wasm.swam.txt,307083
[0-1].wasm.swam.txt,[0-1][1-2][2-1][3-7].wasm.swam.txt,328236
[0-1].wasm.swam.txt,[0-5][1-1].wasm.swam.txt,314747
[0-1].wasm.swam.txt,[0-1][1-1][2-1][3-12].wasm.swam.txt,512265
[0-1].wasm.swam.txt,[0-5][1-9].wasm.swam.txt,668205
[0-1].wasm.swam.txt,[0-1][1-7][2-1][3-4].wasm.swam.txt,786999
[0-1].wasm.swam.txt,[0-1][1-9][2-1][3-4].wasm.swam.txt,807723
[0-1].wasm.swam.txt,[0-1][1-9][2-1][3-7].wasm.swam.txt,773497
[0-1].wasm.swam.txt,[0-2][1-7].wasm.swam.txt,883731
[0-1].wasm.~1~.swam.txt,[0-1][1-10][2-1][3-12].wasm.swam.txt,627504
[0-1].wasm.~1~.swam.txt,[0-1][1-10][2-1][3-4].wasm.swam.txt,623973
[0-1].wasm.swam.txt,[0-1][1-7][2-1][3-12].wasm.swam.txt,595659
[0-1].wasm.swam.txt,[0-5].wasm.swam.txt,585426
[0-1].wasm.swam.txt,[0-1][1-1][2-1][3-4].wasm.swam.txt,442662
[0-1].wasm.~1~.swam.txt,[0-1][1-10][2-1][3-7].wasm.swam.txt,443712
[0-1].wasm.swam.txt,[0-1][1-1].wasm.swam.txt,295786
[0-1].wasm.swam.txt,[0-1][1-2].wasm.swam.txt,289037
[0-1].wasm.swam.txt,[0-2][1-9].wasm.swam.txt,290405
[0-1].wasm.swam.txt,[0-1][1-1][2-1][3-7].wasm.swam.txt,290508
[0-1].wasm.swam.txt,[0-1][1-7][2-1][3-7].wasm.swam.txt,290229
[0-1].wasm.swam.txt,[0-1][1-9][2-1][3-12].wasm.swam.txt,288140
[0-1].wasm.swam.txt,[0-1][1-7].wasm.swam.txt,68588
[0-1].wasm.swam.txt,[0-1][1-2][2-1][3-12].wasm.swam.txt,173736
[0-1].wasm.swam.txt,[0-2][1-1].wasm.swam.txt,26851
[0-1].wasm.swam.txt,[0-5][1-7].wasm.swam.txt,2744
[0-1][1-10][2-1][3-12].wasm.swam.txt,[0-2].wasm.swam.txt,682128
[0-1][1-10][2-1][3-12].wasm.swam.txt,[0-1][1-1].wasm.swam.txt,206153
[0-1][1-10][2-1][3-12].wasm.swam.txt,[0-1][1-2][2-1][3-12].wasm.swam.txt,176991
[0-1].wasm.~1~.swam.txt,[0-1][1-1].wasm.swam.txt,218736
[0-1].wasm.~1~.swam.txt,[0-1][1-2][2-1][3-12].wasm.swam.txt,278775
[0-1].wasm.swam.txt,[0-2].wasm.swam.txt,290878
[0-1].wasm.~1~.swam.txt,[0-1][1-9][2-1][3-12].wasm.swam.txt,1640
[0-1].wasm.swam.txt,[0-6].wasm.swam.txt,25
[0-1].wasm.~1~.swam.txt,[0-1][1-1][2-1][3-4].wasm.swam.txt,3992
[0-1].wasm.~1~.swam.txt,[0-1][1-9][2-1][3-4].wasm.swam.txt,68
[0-1].wasm.~1~.swam.txt,[0-1][1-1][2-1][3-7].wasm.swam.txt,0
[0-1].wasm.swam.txt,[0-9].wasm.swam.txt,0
[0-1].wasm.~1~.swam.txt,[0-5].wasm.swam.txt,2971
[0-1].wasm.~1~.swam.txt,[0-1][1-1][2-1][3-12].wasm.swam.txt,3839
[0-1].wasm.~1~.swam.txt,[0-6].wasm.swam.txt,3898
[0-1].wasm.~1~.swam.txt,[0-1][1-2].wasm.swam.txt,1925
[0-1].wasm.~1~.swam.txt,[0-1][1-7][2-1][3-12].wasm.swam.txt,3130
[0-1].wasm.~1~.swam.txt,[0-2][1-7].wasm.swam.txt,2224
[0-1].wasm.~1~.swam.txt,[0-9].wasm.swam.txt,16280
[0-1].wasm.~1~.swam.txt,[0-1][1-7][2-1][3-7].wasm.swam.txt,10671
[0-1].wasm.~1~.swam.txt,[0-2][1-9].wasm.swam.txt,1934
[0-1].wasm.swam.txt,[0-8].wasm.swam.txt,0
[0-1].wasm.~1~.swam.txt,[0-5][1-1].wasm.swam.txt,25850
[0-1].wasm.~1~.swam.txt,[0-1][1-10][2-6].wasm.~1~.swam.txt,24148
[0-1].wasm.~1~.swam.txt,[0-6][1-2].wasm.swam.txt,15012
[0-1].wasm.swam.txt,[0-1][1-9].wasm.swam.txt,0
[0-1].wasm.~1~.swam.txt,[0-6][1-1].wasm.swam.txt,1046
[0-1].wasm.~1~.swam.txt,[0-5][1-7].wasm.swam.txt,25762
[0-1].wasm.~1~.swam.txt,[0-1][1-10][2-5].wasm.~1~.swam.txt,22649
[0-1].wasm.~1~.swam.txt,[0-1][1-7].wasm.swam.txt,6
[0-1].wasm.~1~.swam.txt,[0-8].wasm.swam.txt,1822
[0-1].wasm.swam.txt,[0-6][1-7].wasm.swam.txt,0
[0-1].wasm.~1~.swam.txt,[0-1][1-9][2-1][3-7].wasm.swam.txt,295
[0-1].wasm.~1~.swam.txt,[0-2][1-1].wasm.swam.txt,3798
[0-1].wasm.~1~.swam.txt,[0-1][1-9].wasm.swam.txt,3328
[0-1].wasm.~1~.swam.txt,[0-6][1-9].wasm.swam.txt,2210
[0-1].wasm.~1~.swam.txt,[0-1][1-7][2-1][3-4].wasm.swam.txt,18
[0-1].wasm.~1~.swam.txt,[0-1][1-2][2-1][3-4].wasm.swam.txt,1630
[0-1].wasm.~1~.swam.txt,[0-1][1-2][2-1][3-7].wasm.swam.txt,51214
[0-1].wasm.~1~.swam.txt,[0-2].wasm.swam.txt,887479
[0-1][1-10][2-1][3-4].wasm.swam.txt,[0-1][1-10][2-1][3-7].wasm.swam.txt,887487
[0-1].wasm.~1~.swam.txt,[0-5][1-9].wasm.swam.txt,887475
[0-1][1-10][2-1][3-4].wasm.swam.txt,[0-1][1-10][2-5].wasm.~1~.swam.txt,887389
[0-1].wasm.~1~.swam.txt,[0-6][1-7].wasm.swam.txt,887386
[0-1][1-10][2-1][3-4].wasm.swam.txt,[0-1][1-10][2-6].wasm.~1~.swam.txt,887319
[0-1][1-10][2-1][3-12].wasm.swam.txt,[0-1][1-7][2-1][3-7].wasm.swam.txt,909938
[0-1][1-10][2-1][3-4].wasm.swam.txt,[0-1][1-1][2-1][3-12].wasm.swam.txt,0
[0-1][1-10][2-1][3-12].wasm.swam.txt,[0-1][1-1][2-1][3-4].wasm.swam.txt,141804
[0-1][1-10][2-1][3-12].wasm.swam.txt,[0-1][1-9][2-1][3-7].wasm.swam.txt,1476
[0-1][1-10][2-1][3-12].wasm.swam.txt,[0-2][1-1].wasm.swam.txt,1490
[0-1][1-10][2-1][3-12].wasm.swam.txt,[0-1][1-1][2-1][3-12].wasm.swam.txt,4282
[0-1][1-10][2-1][3-12].wasm.swam.txt,[0-1][1-2][2-1][3-4].wasm.swam.txt,582
[0-1][1-10][2-1][3-12].wasm.swam.txt,[0-1][1-7].wasm.swam.txt,1444
[0-1][1-10][2-1][3-12].wasm.swam.txt,[0-1][1-9][2-1][3-4].wasm.swam.txt,0
[0-1][1-10][2-1][3-12].wasm.swam.txt,[0-1][1-2].wasm.swam.txt,5567
[0-1][1-10][2-1][3-12].wasm.swam.txt,[0-1][1-7][2-1][3-12].wasm.swam.txt,0
[0-1][1-10][2-1][3-12].wasm.swam.txt,[0-1][1-1][2-1][3-7].wasm.swam.txt,1442
[0-1][1-10][2-1][3-12].wasm.swam.txt,[0-1][1-2][2-1][3-7].wasm.swam.txt,1442
[0-1][1-10][2-1][3-12].wasm.swam.txt,[0-2][1-7].wasm.swam.txt,1308
[0-1][1-10][2-1][3-12].wasm.swam.txt,[0-1][1-7][2-1][3-4].wasm.swam.txt,1334
[0-1][1-10][2-1][3-12].wasm.swam.txt,[0-1][1-9].wasm.swam.txt,4166
[0-1][1-10][2-1][3-12].wasm.swam.txt,[0-1][1-10][2-1][3-7].wasm.swam.txt,4527
[0-1][1-10][2-1][3-12].wasm.swam.txt,[0-5].wasm.swam.txt,5587
[0-1][1-10][2-1][3-12].wasm.swam.txt,[0-6][1-2].wasm.swam.txt,6003
[0-1][1-10][2-1][3-4].wasm.swam.txt,[0-1][1-1].wasm.swam.txt,4268
[0-1][1-10][2-1][3-12].wasm.swam.txt,[0-5][1-9].wasm.swam.txt,2947
[0-1][1-10][2-1][3-12].wasm.swam.txt,[0-9].wasm.swam.txt,1902
[0-1][1-10][2-1][3-12].wasm.swam.txt,[0-8].wasm.swam.txt,492
[0-1][1-10][2-1][3-4].wasm.swam.txt,[0-1][1-1][2-1][3-4].wasm.swam.txt,2174
[0-1][1-10][2-1][3-4].wasm.swam.txt,[0-1][1-1][2-1][3-7].wasm.swam.txt,3480
[0-1][1-10][2-1][3-12].wasm.swam.txt,[0-1][1-10][2-1][3-4].wasm.swam.txt,4407
[0-1][1-10][2-1][3-4].wasm.swam.txt,[0-1][1-2].wasm.swam.txt,4538
[0-1][1-10][2-1][3-4].wasm.swam.txt,[0-1][1-2][2-1][3-12].wasm.swam.txt,5800
[0-1][1-10][2-1][3-4].wasm.swam.txt,[0-1][1-7].wasm.swam.txt,1255
[0-1][1-10][2-1][3-4].wasm.swam.txt,[0-1][1-2][2-1][3-4].wasm.swam.txt,3023
[0-1][1-10][2-1][3-4].wasm.swam.txt,[0-1][1-7][2-1][3-12].wasm.swam.txt,4625
[0-1][1-10][2-1][3-4].wasm.swam.txt,[0-1][1-7][2-1][3-7].wasm.swam.txt,3122
[0-1][1-10][2-1][3-4].wasm.swam.txt,[0-1][1-2][2-1][3-7].wasm.swam.txt,270
[0-1][1-10][2-1][3-12].wasm.swam.txt,[0-1][1-10][2-5].wasm.~1~.swam.txt,144858
[0-1][1-10][2-1][3-4].wasm.swam.txt,[0-1][1-7][2-1][3-4].wasm.swam.txt,224992
[0-1][1-10][2-1][3-12].wasm.swam.txt,[0-1][1-10][2-6].wasm.~1~.swam.txt,238925
[0-1][1-10][2-1][3-4].wasm.swam.txt,[0-6][1-2].wasm.swam.txt,18792
[0-1][1-10][2-1][3-12].wasm.swam.txt,[0-2][1-9].wasm.swam.txt,0
[0-1][1-10][2-1][3-12].wasm.swam.txt,[0-5][1-7].wasm.swam.txt,0
[0-1][1-10][2-1][3-12].wasm.swam.txt,[0-5][1-1].wasm.swam.txt,0
[0-1][1-10][2-1][3-4].wasm.swam.txt,[0-5][1-9].wasm.swam.txt,2863
[0-1][1-10][2-1][3-4].wasm.swam.txt,[0-2].wasm.swam.txt,2863
[0-1][1-10][2-1][3-12].wasm.swam.txt,[0-6][1-7].wasm.swam.txt,1233
[0-1][1-10][2-1][3-4].wasm.swam.txt,[0-5][1-7].wasm.swam.txt,893467
[0-1][1-10][2-1][3-4].wasm.swam.txt,[0-5][1-1].wasm.swam.txt,908100
[0-1][1-10][2-1][3-4].wasm.swam.txt,[0-6][1-7].wasm.swam.txt,908100
[0-1][1-10][2-1][3-12].wasm.swam.txt,[0-6].wasm.swam.txt,0
[0-1][1-10][2-1][3-12].wasm.swam.txt,[0-6][1-9].wasm.swam.txt,0
[0-1][1-10][2-1][3-4].wasm.swam.txt,[0-6].wasm.swam.txt,70191
[0-1][1-10][2-1][3-4].wasm.swam.txt,[0-6][1-9].wasm.swam.txt,254079
[0-1][1-10][2-1][3-7].wasm.swam.txt,[0-1][1-7].wasm.swam.txt,3254
[0-1][1-10][2-1][3-7].wasm.swam.txt,[0-1][1-7][2-1][3-12].wasm.swam.txt,354
[0-1][1-10][2-1][3-7].wasm.swam.txt,[0-1][1-1][2-1][3-4].wasm.swam.txt,502
[0-1][1-10][2-1][3-4].wasm.swam.txt,[0-2][1-9].wasm.swam.txt,0
[0-1][1-10][2-1][3-7].wasm.swam.txt,[0-1][1-2].wasm.swam.txt,54827
[0-1][1-10][2-1][3-7].wasm.swam.txt,[0-1][1-2][2-1][3-12].wasm.swam.txt,438259
[0-1][1-10][2-1][3-7].wasm.swam.txt,[0-1][1-7][2-1][3-7].wasm.swam.txt,73884
[0-1][1-10][2-1][3-4].wasm.swam.txt,[0-2][1-1].wasm.swam.txt,0
[0-1][1-10][2-1][3-4].wasm.swam.txt,[0-1][1-9][2-1][3-7].wasm.swam.txt,0
[0-1][1-10][2-1][3-7].wasm.swam.txt,[0-1][1-7][2-1][3-4].wasm.swam.txt,195550
[0-1][1-10][2-1][3-4].wasm.swam.txt,[0-1][1-9].wasm.swam.txt,15
[0-1][1-10][2-1][3-7].wasm.swam.txt,[0-1][1-2][2-1][3-4].wasm.swam.txt,128550
[0-1][1-10][2-1][3-7].wasm.swam.txt,[0-1][1-1][2-1][3-7].wasm.swam.txt,209
[0-1][1-10][2-1][3-4].wasm.swam.txt,[0-5].wasm.swam.txt,35
[0-1][1-10][2-1][3-7].wasm.swam.txt,[0-2][1-9].wasm.swam.txt,3703
[0-1][1-10][2-1][3-7].wasm.swam.txt,[0-1][1-9][2-1][3-7].wasm.swam.txt,6
[0-1][1-10][2-1][3-7].wasm.swam.txt,[0-2][1-1].wasm.swam.txt,2912
[0-1][1-10][2-1][3-7].wasm.swam.txt,[0-1][1-9].wasm.swam.txt,0
[0-1][1-10][2-1][3-7].wasm.swam.txt,[0-5].wasm.swam.txt,791859
[0-1][1-10][2-1][3-7].wasm.swam.txt,[0-8].wasm.swam.txt,86089
[0-1][1-10][2-1][3-12].wasm.swam.txt,[0-6][1-1].wasm.swam.txt,0
[0-1][1-10][2-1][3-7].wasm.swam.txt,[0-1][1-2][2-1][3-7].wasm.swam.txt,219030
[0-1][1-10][2-1][3-4].wasm.swam.txt,[0-6][1-1].wasm.swam.txt,0
[0-1][1-10][2-1][3-7].wasm.swam.txt,[0-9].wasm.swam.txt,97839
[0-1][1-10][2-1][3-12].wasm.swam.txt,[0-1][1-9][2-1][3-12].wasm.swam.txt,0
[0-1][1-10][2-1][3-7].wasm.swam.txt,[0-1][1-1][2-1][3-12].wasm.swam.txt,0
[0-1][1-10][2-1][3-4].wasm.swam.txt,[0-2][1-7].wasm.swam.txt,0
[0-1][1-10][2-1][3-7].wasm.swam.txt,[0-6][1-2].wasm.swam.txt,31414
[0-1][1-10][2-1][3-4].wasm.swam.txt,[0-1][1-9][2-1][3-12].wasm.swam.txt,37404
[0-1][1-10][2-1][3-7].wasm.swam.txt,[0-2].wasm.swam.txt,5507
[0-1][1-10][2-1][3-7].wasm.swam.txt,[0-5][1-9].wasm.swam.txt,3259
[0-1][1-10][2-1][3-7].wasm.swam.txt,[0-2][1-7].wasm.swam.txt,6451
[0-1][1-10][2-1][3-7].wasm.swam.txt,[0-5][1-7].wasm.swam.txt,6593
[0-1][1-10][2-1][3-7].wasm.swam.txt,[0-5][1-1].wasm.swam.txt,2752
[0-1][1-10][2-1][3-7].wasm.swam.txt,[0-6][1-7].wasm.swam.txt,39242
[0-1][1-10][2-1][3-7].wasm.swam.txt,[0-6].wasm.swam.txt,815006
[0-1][1-10][2-1][3-7].wasm.swam.txt,[0-1][1-10][2-6].wasm.~1~.swam.txt,815006
[0-1][1-10][2-1][3-7].wasm.swam.txt,[0-6][1-9].wasm.swam.txt,906633
[0-1][1-10][2-6].wasm.~1~.swam.txt,[0-1][1-2].wasm.swam.txt,0
[0-1][1-10][2-1][3-7].wasm.swam.txt,[0-1][1-10][2-5].wasm.~1~.swam.txt,104920
[0-1][1-10][2-1][3-4].wasm.swam.txt,[0-1][1-9][2-1][3-4].wasm.swam.txt,0
[0-1][1-10][2-1][3-7].wasm.swam.txt,[0-1][1-9][2-1][3-4].wasm.swam.txt,0
[0-1][1-10][2-6].wasm.~1~.swam.txt,[0-1][1-2][2-1][3-4].wasm.swam.txt,0
[0-1][1-10][2-1][3-4].wasm.swam.txt,[0-8].wasm.swam.txt,1635
[0-1][1-10][2-1][3-7].wasm.swam.txt,[0-6][1-1].wasm.swam.txt,907009
[0-1][1-10][2-1][3-4].wasm.swam.txt,[0-9].wasm.swam.txt,649706
[0-1][1-10][2-5].wasm.~1~.swam.txt,[0-1][1-7][2-1][3-4].wasm.swam.txt,3202
[0-1][1-10][2-5].wasm.~1~.swam.txt,[0-1][1-9].wasm.swam.txt,161876
[0-1][1-10][2-5].wasm.~1~.swam.txt,[0-2][1-1].wasm.swam.txt,146239
[0-1][1-10][2-5].wasm.~1~.swam.txt,[0-1][1-7][2-1][3-7].wasm.swam.txt,287646
[0-1][1-10][2-5].wasm.~1~.swam.txt,[0-6][1-2].wasm.swam.txt,288212
[0-1][1-10][2-5].wasm.~1~.swam.txt,[0-2][1-9].wasm.swam.txt,46083
[0-1][1-10][2-5].wasm.~1~.swam.txt,[0-2].wasm.swam.txt,289624
[0-1][1-10][2-5].wasm.~1~.swam.txt,[0-5].wasm.swam.txt,67013
[0-1][1-10][2-5].wasm.~1~.swam.txt,[0-1][1-9][2-1][3-7].wasm.swam.txt,224965
[0-1][1-10][2-5].wasm.~1~.swam.txt,[0-5][1-9].wasm.swam.txt,291169
[0-1][1-10][2-5].wasm.~1~.swam.txt,[0-1][1-2][2-1][3-12].wasm.swam.txt,189673
[0-1][1-10][2-5].wasm.~1~.swam.txt,[0-1][1-1][2-1][3-12].wasm.swam.txt,386543
[0-1][1-10][2-1][3-7].wasm.swam.txt,[0-1][1-1].wasm.swam.txt,149361
[0-1][1-10][2-5].wasm.~1~.swam.txt,[0-1][1-1].wasm.swam.txt,229139
[0-1][1-10][2-6].wasm.~1~.swam.txt,[0-1][1-2][2-1][3-12].wasm.swam.txt,0
[0-1][1-10][2-5].wasm.~1~.swam.txt,[0-1][1-7][2-1][3-12].wasm.swam.txt,324023
[0-1][1-10][2-5].wasm.~1~.swam.txt,[0-1][1-10][2-6].wasm.~1~.swam.txt,770387
[0-1][1-10][2-6].wasm.~1~.swam.txt,[0-1][1-7][2-1][3-12].wasm.swam.txt,48747
[0-1][1-10][2-5].wasm.~1~.swam.txt,[0-2][1-7].wasm.swam.txt,31123
[0-1][1-10][2-5].wasm.~1~.swam.txt,[0-5][1-7].wasm.swam.txt,0
[0-1][1-10][2-1][3-7].wasm.swam.txt,[0-1][1-9][2-1][3-12].wasm.swam.txt,50280
[0-1][1-10][2-5].wasm.~1~.swam.txt,[0-5][1-1].wasm.swam.txt,14480
[0-1][1-10][2-6].wasm.~1~.swam.txt,[0-1][1-1][2-1][3-7].wasm.swam.txt,908602
[0-1][1-10][2-5].wasm.~1~.swam.txt,[0-6][1-7].wasm.swam.txt,869041
[0-1][1-10][2-5].wasm.~1~.swam.txt,[0-1][1-1][2-1][3-7].wasm.swam.txt,841203
[0-1][1-1].wasm.swam.txt,[0-5][1-1].wasm.swam.txt,498730
[0-1][1-10][2-5].wasm.~1~.swam.txt,[0-6].wasm.swam.txt,293541
[0-1][1-10][2-5].wasm.~1~.swam.txt,[0-6][1-9].wasm.swam.txt,288810
[0-1][1-10][2-5].wasm.~1~.swam.txt,[0-6][1-1].wasm.swam.txt,295570
[0-1][1-10][2-6].wasm.~1~.swam.txt,[0-1][1-2][2-1][3-7].wasm.swam.txt,295109
[0-1][1-10][2-5].wasm.~1~.swam.txt,[0-1][1-2][2-1][3-7].wasm.swam.txt,294721
[0-1][1-10][2-6].wasm.~1~.swam.txt,[0-1][1-7].wasm.swam.txt,294496
[0-1][1-10][2-6].wasm.~1~.swam.txt,[0-1][1-1].wasm.swam.txt,289329
[0-1][1-10][2-5].wasm.~1~.swam.txt,[0-1][1-9][2-1][3-12].wasm.swam.txt,291115
[0-1][1-10][2-6].wasm.~1~.swam.txt,[0-1][1-1][2-1][3-12].wasm.swam.txt,295887
[0-1][1-10][2-5].wasm.~1~.swam.txt,[0-1][1-1][2-1][3-4].wasm.swam.txt,289633
[0-1][1-10][2-6].wasm.~1~.swam.txt,[0-1][1-1][2-1][3-4].wasm.swam.txt,290185
[0-1][1-10][2-5].wasm.~1~.swam.txt,[0-1][1-7].wasm.swam.txt,290010
[0-1][1-1].wasm.swam.txt,[0-6][1-2].wasm.swam.txt,905663
[0-1][1-10][2-5].wasm.~1~.swam.txt,[0-1][1-2][2-1][3-4].wasm.swam.txt,0
[0-1][1-10][2-5].wasm.~1~.swam.txt,[0-1][1-9][2-1][3-4].wasm.swam.txt,283137
[0-1][1-10][2-5].wasm.~1~.swam.txt,[0-8].wasm.swam.txt,156360
[0-1][1-10][2-5].wasm.~1~.swam.txt,[0-9].wasm.swam.txt,0
[0-1][1-10][2-5].wasm.~1~.swam.txt,[0-1][1-2].wasm.swam.txt,0
[0-1][1-1].wasm.swam.txt,[0-1][1-9][2-1][3-4].wasm.swam.txt,405281
[0-1][1-1].wasm.swam.txt,[0-5][1-7].wasm.swam.txt,385233
[0-1][1-1].wasm.swam.txt,[0-8].wasm.swam.txt,92470
[0-1][1-1].wasm.swam.txt,[0-1][1-7][2-1][3-12].wasm.swam.txt,4210
[0-1][1-1].wasm.swam.txt,[0-2][1-9].wasm.swam.txt,28555
[0-1][1-1].wasm.swam.txt,[0-1][1-2][2-1][3-12].wasm.swam.txt,709
[0-1][1-1].wasm.swam.txt,[0-1][1-2][2-1][3-4].wasm.swam.txt,220
[0-1][1-1].wasm.swam.txt,[0-9].wasm.swam.txt,658
[0-1][1-1].wasm.swam.txt,[0-2][1-1].wasm.swam.txt,402
[0-1][1-1].wasm.swam.txt,[0-1][1-2].wasm.swam.txt,50
[0-1][1-1].wasm.swam.txt,[0-6][1-1].wasm.swam.txt,2821
[0-1][1-1].wasm.swam.txt,[0-1][1-1][2-1][3-4].wasm.swam.txt,3859
[0-1][1-1].wasm.swam.txt,[0-1][1-7][2-1][3-7].wasm.swam.txt,3705
[0-1][1-1].wasm.swam.txt,[0-5][1-9].wasm.swam.txt,3668
[0-1][1-1].wasm.swam.txt,[0-1][1-9][2-1][3-12].wasm.swam.txt,444
[0-1][1-1][2-1][3-12].wasm.swam.txt,[0-1][1-2][2-1][3-4].wasm.swam.txt,0
[0-1][1-1][2-1][3-12].wasm.swam.txt,[0-1][1-7][2-1][3-7].wasm.swam.txt,0
[0-1][1-1][2-1][3-12].wasm.swam.txt,[0-1][1-1][2-1][3-4].wasm.swam.txt,0
[0-1][1-1][2-1][3-12].wasm.swam.txt,[0-1][1-2].wasm.swam.txt,0
[0-1][1-1][2-1][3-12].wasm.swam.txt,[0-1][1-7][2-1][3-12].wasm.swam.txt,880
[0-1][1-1][2-1][3-12].wasm.swam.txt,[0-1][1-2][2-1][3-12].wasm.swam.txt,13500
[0-1][1-1].wasm.swam.txt,[0-1][1-2][2-1][3-7].wasm.swam.txt,32095
[0-1][1-10][2-6].wasm.~1~.swam.txt,[0-9].wasm.swam.txt,94569
[0-1][1-1][2-1][3-12].wasm.swam.txt,[0-1][1-2][2-1][3-7].wasm.swam.txt,2677
[0-1][1-10][2-6].wasm.~1~.swam.txt,[0-2][1-9].wasm.swam.txt,337457
[0-1][1-10][2-6].wasm.~1~.swam.txt,[0-8].wasm.swam.txt,141158
[0-1][1-1].wasm.swam.txt,[0-1][1-7].wasm.swam.txt,49096
[0-1][1-1][2-1][3-12].wasm.swam.txt,[0-1][1-7].wasm.swam.txt,48671
[0-1][1-1].wasm.swam.txt,[0-1][1-1][2-1][3-12].wasm.swam.txt,48849
[0-1][1-1].wasm.swam.txt,[0-1][1-9][2-1][3-7].wasm.swam.txt,642
[0-1][1-1][2-1][3-12].wasm.swam.txt,[0-1][1-1][2-1][3-7].wasm.swam.txt,65748
[0-1][1-1].wasm.swam.txt,[0-2][1-7].wasm.swam.txt,1767
[0-1][1-1].wasm.swam.txt,[0-6][1-9].wasm.swam.txt,86724
[0-1][1-1].wasm.swam.txt,[0-1][1-9].wasm.swam.txt,3955
[0-1][1-1][2-1][3-12].wasm.swam.txt,[0-1][1-7][2-1][3-4].wasm.swam.txt,416312
[0-1][1-10][2-6].wasm.~1~.swam.txt,[0-2][1-1].wasm.swam.txt,110819
[0-1][1-1].wasm.swam.txt,[0-1][1-7][2-1][3-4].wasm.swam.txt,117412
[0-1][1-1].wasm.swam.txt,[0-1][1-1][2-1][3-7].wasm.swam.txt,76656
[0-1][1-10][2-6].wasm.~1~.swam.txt,[0-6][1-1].wasm.swam.txt,1398
[0-1][1-1].wasm.swam.txt,[0-5].wasm.swam.txt,39505
[0-1][1-10][2-6].wasm.~1~.swam.txt,[0-1][1-9][2-1][3-12].wasm.swam.txt,98907
[0-1][1-1][2-1][3-4].wasm.swam.txt,[0-1][1-2][2-1][3-4].wasm.swam.txt,36403
[0-1][1-1][2-1][3-4].wasm.swam.txt,[0-1][1-9][2-1][3-12].wasm.swam.txt,239566
[0-1][1-1][2-1][3-4].wasm.swam.txt,[0-5][1-1].wasm.swam.txt,264485
[0-1][1-1][2-1][3-4].wasm.swam.txt,[0-2][1-7].wasm.swam.txt,175480
[0-1][1-1][2-1][3-4].wasm.swam.txt,[0-6][1-1].wasm.swam.txt,100738
[0-1][1-10][2-6].wasm.~1~.swam.txt,[0-5][1-1].wasm.swam.txt,100738
[0-1][1-1][2-1][3-4].wasm.swam.txt,[0-1][1-2][2-1][3-7].wasm.swam.txt,381787
[0-1][1-1][2-1][3-4].wasm.swam.txt,[0-1][1-2][2-1][3-12].wasm.swam.txt,423487
[0-1][1-1][2-1][3-4].wasm.swam.txt,[0-2][1-9].wasm.swam.txt,99362
[0-1][1-10][2-6].wasm.~1~.swam.txt,[0-2][1-7].wasm.swam.txt,0
[0-1][1-1][2-1][3-4].wasm.swam.txt,[0-1][1-7].wasm.swam.txt,81197
[0-1][1-1][2-1][3-4].wasm.swam.txt,[0-6][1-9].wasm.swam.txt,120271
[0-1][1-10][2-6].wasm.~1~.swam.txt,[0-6][1-2].wasm.swam.txt,0
[0-1][1-1][2-1][3-4].wasm.swam.txt,[0-6][1-2].wasm.swam.txt,584917
[0-1][1-1][2-1][3-4].wasm.swam.txt,[0-1][1-2].wasm.swam.txt,716576
[0-1][1-10][2-6].wasm.~1~.swam.txt,[0-6][1-9].wasm.swam.txt,522864
[0-1][1-1][2-1][3-4].wasm.swam.txt,[0-8].wasm.swam.txt,454513
[0-1][1-10][2-6].wasm.~1~.swam.txt,[0-1][1-9][2-1][3-7].wasm.swam.txt,0
[0-1][1-10][2-6].wasm.~1~.swam.txt,[0-5][1-9].wasm.swam.txt,0
[0-1][1-10][2-6].wasm.~1~.swam.txt,[0-2].wasm.swam.txt,491777
[0-1][1-1][2-1][3-4].wasm.swam.txt,[0-1][1-9][2-1][3-7].wasm.swam.txt,10986
[0-1][1-1][2-1][3-4].wasm.swam.txt,[0-5][1-9].wasm.swam.txt,22334
[0-1][1-1][2-1][3-4].wasm.swam.txt,[0-1][1-7][2-1][3-12].wasm.swam.txt,281225
[0-1][1-1][2-1][3-4].wasm.swam.txt,[0-2][1-1].wasm.swam.txt,907991
[0-1][1-1][2-1][3-4].wasm.swam.txt,[0-9].wasm.swam.txt,907991
[0-1][1-1].wasm.swam.txt,[0-2].wasm.swam.txt,907991
[0-1][1-1][2-1][3-12].wasm.swam.txt,[0-6][1-2].wasm.swam.txt,0
[0-1][1-10][2-6].wasm.~1~.swam.txt,[0-5].wasm.swam.txt,0
[0-1][1-1][2-1][3-4].wasm.swam.txt,[0-5].wasm.swam.txt,676079
[0-1][1-1][2-1][3-12].wasm.swam.txt,[0-5].wasm.swam.txt,797717
[0-1][1-1][2-1][3-12].wasm.swam.txt,[0-1][1-9][2-1][3-12].wasm.swam.txt,797781
[0-1][1-1][2-1][3-4].wasm.swam.txt,[0-1][1-1][2-1][3-7].wasm.swam.txt,797781
[0-1][1-1][2-1][3-12].wasm.swam.txt,[0-6][1-1].wasm.swam.txt,34179
[0-1][1-10][2-6].wasm.~1~.swam.txt,[0-1][1-7][2-1][3-7].wasm.swam.txt,0
[0-1][1-1][2-1][3-12].wasm.swam.txt,[0-5][1-1].wasm.swam.txt,40495
[0-1][1-1][2-1][3-12].wasm.swam.txt,[0-2][1-7].wasm.swam.txt,251968
[0-1][1-1][2-1][3-12].wasm.swam.txt,[0-2][1-9].wasm.swam.txt,148135
[0-1][1-10][2-6].wasm.~1~.swam.txt,[0-1][1-9][2-1][3-4].wasm.swam.txt,0
[0-1][1-1].wasm.swam.txt,[0-6].wasm.swam.txt,24048
[0-1][1-10][2-6].wasm.~1~.swam.txt,[0-6].wasm.swam.txt,22767
[0-1][1-1][2-1][3-4].wasm.swam.txt,[0-1][1-7][2-1][3-7].wasm.swam.txt,404156
[0-1][1-1][2-1][3-12].wasm.swam.txt,[0-6][1-9].wasm.swam.txt,404156
[0-1][1-10][2-6].wasm.~1~.swam.txt,[0-1][1-7][2-1][3-4].wasm.swam.txt,0
[0-1][1-1][2-1][3-4].wasm.swam.txt,[0-1][1-9][2-1][3-4].wasm.swam.txt,907989
[0-1][1-1][2-1][3-12].wasm.swam.txt,[0-8].wasm.swam.txt,907999
[0-1][1-1][2-1][3-4].wasm.swam.txt,[0-1][1-7][2-1][3-4].wasm.swam.txt,0
[0-1][1-10][2-6].wasm.~1~.swam.txt,[0-5][1-7].wasm.swam.txt,0
[0-1][1-10][2-6].wasm.~1~.swam.txt,[0-1][1-9].wasm.swam.txt,0
[0-1][1-1][2-1][3-12].wasm.swam.txt,[0-5][1-7].wasm.swam.txt,614398
[0-1][1-1][2-1][3-4].wasm.swam.txt,[0-5][1-7].wasm.swam.txt,615310
[0-1][1-1][2-1][3-4].wasm.swam.txt,[0-1][1-9].wasm.swam.txt,615398
[0-1][1-1][2-1][3-7].wasm.swam.txt,[0-1][1-2][2-1][3-12].wasm.swam.txt,2396
[0-1][1-1][2-1][3-7].wasm.swam.txt,[0-1][1-7].wasm.swam.txt,7520
[0-1][1-1][2-1][3-7].wasm.swam.txt,[0-1][1-7][2-1][3-12].wasm.swam.txt,334
[0-1][1-1][2-1][3-7].wasm.swam.txt,[0-1][1-2][2-1][3-4].wasm.swam.txt,812
[0-1][1-1][2-1][3-7].wasm.swam.txt,[0-1][1-2].wasm.swam.txt,4540
[0-1][1-1][2-1][3-7].wasm.swam.txt,[0-1][1-2][2-1][3-7].wasm.swam.txt,4609
[0-1][1-1][2-1][3-12].wasm.swam.txt,[0-2][1-1].wasm.swam.txt,3144
[0-1][1-1][2-1][3-7].wasm.swam.txt,[0-2][1-1].wasm.swam.txt,1256
[0-1][1-1][2-1][3-12].wasm.swam.txt,[0-9].wasm.swam.txt,673
[0-1][1-1][2-1][3-12].wasm.swam.txt,[0-2].wasm.swam.txt,6445
[0-1][1-1].wasm.swam.txt,[0-6][1-7].wasm.swam.txt,0
[0-1][1-1][2-1][3-4].wasm.swam.txt,[0-2].wasm.swam.txt,3586
[0-1][1-10][2-6].wasm.~1~.swam.txt,[0-6][1-7].wasm.swam.txt,0
[0-1][1-1][2-1][3-7].wasm.swam.txt,[0-2].wasm.swam.txt,
[0-1][1-1][2-1][3-7].wasm.swam.txt,[0-5].wasm.swam.txt,1043
[0-1][1-1][2-1][3-7].wasm.swam.txt,[0-6][1-2].wasm.swam.txt,1403
[0-1][1-1][2-1][3-7].wasm.swam.txt,[0-6][1-1].wasm.swam.txt,3807
[0-1][1-1][2-1][3-12].wasm.swam.txt,[0-6][1-7].wasm.swam.txt,2025
[0-1][1-1][2-1][3-7].wasm.swam.txt,[0-5][1-1].wasm.swam.txt,4889
[0-1][1-1][2-1][3-7].wasm.swam.txt,[0-2][1-7].wasm.swam.txt,4315
[0-1][1-1][2-1][3-7].wasm.swam.txt,[0-1][1-9][2-1][3-12].wasm.swam.txt,4497
[0-1][1-1][2-1][3-7].wasm.swam.txt,[0-1][1-7][2-1][3-7].wasm.swam.txt,1471
[0-1][1-1][2-1][3-7].wasm.swam.txt,[0-2][1-9].wasm.swam.txt,7383
[0-1][1-1][2-1][3-7].wasm.swam.txt,[0-6][1-9].wasm.swam.txt,5813
[0-1][1-1][2-1][3-4].wasm.swam.txt,[0-6].wasm.swam.txt,519650
[0-1][1-1][2-1][3-7].wasm.swam.txt,[0-6].wasm.swam.txt,693625
[0-1][1-1][2-1][3-12].wasm.swam.txt,[0-6].wasm.swam.txt,839874
[0-1][1-1][2-1][3-7].wasm.swam.txt,[0-1][1-7][2-1][3-4].wasm.swam.txt,907412
[0-1][1-1][2-1][3-7].wasm.swam.txt,[0-8].wasm.swam.txt,5888
[0-1][1-1][2-1][3-7].wasm.swam.txt,[0-5][1-7].wasm.swam.txt,5952
[0-1][1-1][2-1][3-12].wasm.swam.txt,[0-1][1-9][2-1][3-4].wasm.swam.txt,4662
[0-1][1-1][2-1][3-12].wasm.swam.txt,[0-5][1-9].wasm.swam.txt,4828
[0-1][1-1][2-1][3-7].wasm.swam.txt,[0-1][1-9][2-1][3-7].wasm.swam.txt,5310
[0-1][1-1][2-1][3-12].wasm.swam.txt,[0-1][1-9][2-1][3-7].wasm.swam.txt,5397
[0-1][1-1][2-1][3-7].wasm.swam.txt,[0-1][1-9].wasm.swam.txt,5365
[0-1][1-1][2-1][3-12].wasm.swam.txt,[0-1][1-9].wasm.swam.txt,5550
[0-1][1-1][2-1][3-7].wasm.swam.txt,[0-1][1-9][2-1][3-4].wasm.swam.txt,6336
[0-1][1-1][2-1][3-7].wasm.swam.txt,[0-5][1-9].wasm.swam.txt,6504
[0-1][1-1][2-1][3-4].wasm.swam.txt,[0-6][1-7].wasm.swam.txt,907979
[0-1][1-1][2-1][3-7].wasm.swam.txt,[0-6][1-7].wasm.swam.txt,907979
[0-1][1-1][2-1][3-7].wasm.swam.txt,[0-9].wasm.swam.txt,907979
[0-1][1-2].wasm.swam.txt,[0-2][1-1].wasm.swam.txt,217850
[0-1][1-2].wasm.swam.txt,[0-1][1-2][2-1][3-7].wasm.swam.txt,98416
[0-1][1-2].wasm.swam.txt,[0-2].wasm.swam.txt,98752
[0-1][1-2].wasm.swam.txt,[0-2][1-7].wasm.swam.txt,4154
[0-1][1-2].wasm.swam.txt,[0-1][1-7].wasm.swam.txt,93419
[0-1][1-2].wasm.swam.txt,[0-1][1-7][2-1][3-7].wasm.swam.txt,2508
[0-1][1-2].wasm.swam.txt,[0-6][1-1].wasm.swam.txt,1037
[0-1][1-2].wasm.swam.txt,[0-6][1-9].wasm.swam.txt,5700
[0-1][1-2].wasm.swam.txt,[0-1][1-9][2-1][3-12].wasm.swam.txt,1647
[0-1][1-2].wasm.swam.txt,[0-6].wasm.swam.txt,1120
[0-1][1-2].wasm.swam.txt,[0-5][1-1].wasm.swam.txt,2063
[0-1][1-2].wasm.swam.txt,[0-1][1-7][2-1][3-12].wasm.swam.txt,5012
[0-1][1-2].wasm.swam.txt,[0-5].wasm.swam.txt,7546
[0-1][1-2].wasm.swam.txt,[0-2][1-9].wasm.swam.txt,104
[0-1][1-2].wasm.swam.txt,[0-1][1-7][2-1][3-4].wasm.swam.txt,2890
[0-1][1-2].wasm.swam.txt,[0-6][1-2].wasm.swam.txt,165510
[0-1][1-2].wasm.swam.txt,[0-8].wasm.swam.txt,165510
[0-1][1-2].wasm.swam.txt,[0-5][1-7].wasm.swam.txt,197662
[0-1][1-2].wasm.swam.txt,[0-1][1-2][2-1][3-12].wasm.swam.txt,340659
[0-1][1-2].wasm.swam.txt,[0-1][1-9][2-1][3-7].wasm.swam.txt,905198
[0-1][1-2].wasm.swam.txt,[0-5][1-9].wasm.swam.txt,140528
[0-1][1-2].wasm.swam.txt,[0-1][1-9][2-1][3-4].wasm.swam.txt,148248
[0-1][1-2].wasm.swam.txt,[0-1][1-9].wasm.swam.txt,885451
[0-1][1-2].wasm.swam.txt,[0-6][1-7].wasm.swam.txt,905081
[0-1][1-2].wasm.swam.txt,[0-9].wasm.swam.txt,905081
[0-1][1-2][2-1][3-12].wasm.swam.txt,[0-2][1-1].wasm.swam.txt,0
[0-1][1-2][2-1][3-12].wasm.swam.txt,[0-1][1-7][2-1][3-7].wasm.swam.txt,1654
[0-1][1-2][2-1][3-12].wasm.swam.txt,[0-6][1-9].wasm.swam.txt,1881
[0-1][1-2][2-1][3-12].wasm.swam.txt,[0-2].wasm.swam.txt,3320
[0-1][1-2][2-1][3-12].wasm.swam.txt,[0-6].wasm.swam.txt,1081
[0-1][1-2][2-1][3-12].wasm.swam.txt,[0-6][1-1].wasm.swam.txt,4764
[0-1][1-2][2-1][3-12].wasm.swam.txt,[0-1][1-9][2-1][3-12].wasm.swam.txt,763
[0-1][1-2][2-1][3-12].wasm.swam.txt,[0-1][1-7][2-1][3-12].wasm.swam.txt,3631
[0-1][1-2][2-1][3-12].wasm.swam.txt,[0-2][1-7].wasm.swam.txt,804202
[0-1][1-2][2-1][3-12].wasm.swam.txt,[0-5][1-1].wasm.swam.txt,836936
[0-1][1-2][2-1][3-12].wasm.swam.txt,[0-5].wasm.swam.txt,11406
[0-1][1-2][2-1][3-12].wasm.swam.txt,[0-2][1-9].wasm.swam.txt,741
[0-1][1-2][2-1][3-12].wasm.swam.txt,[0-1][1-7][2-1][3-4].wasm.swam.txt,4946
[0-1][1-2][2-1][3-12].wasm.swam.txt,[0-6][1-2].wasm.swam.txt,990
[0-1][1-2][2-1][3-12].wasm.swam.txt,[0-8].wasm.swam.txt,10134
[0-1][1-2][2-1][3-12].wasm.swam.txt,[0-5][1-7].wasm.swam.txt,814515
[0-1][1-2][2-1][3-12].wasm.swam.txt,[0-1][1-9][2-1][3-7].wasm.swam.txt,906638
[0-1][1-2][2-1][3-12].wasm.swam.txt,[0-1][1-2][2-1][3-4].wasm.swam.txt,830599
[0-1][1-2].wasm.swam.txt,[0-1][1-2][2-1][3-4].wasm.swam.txt,216521
[0-1][1-2][2-1][3-12].wasm.swam.txt,[0-5][1-9].wasm.swam.txt,757169
[0-1][1-2][2-1][3-12].wasm.swam.txt,[0-1][1-9][2-1][3-4].wasm.swam.txt,46850
[0-1][1-2][2-1][3-12].wasm.swam.txt,[0-1][1-9].wasm.swam.txt,0
[0-1][1-2][2-1][3-12].wasm.swam.txt,[0-9].wasm.swam.txt,265899
[0-1][1-2][2-1][3-4].wasm.swam.txt,[0-1][1-9][2-1][3-12].wasm.swam.txt,6001
[0-1][1-2][2-1][3-4].wasm.swam.txt,[0-5][1-1].wasm.swam.txt,868
[0-1][1-2][2-1][3-4].wasm.swam.txt,[0-2][1-1].wasm.swam.txt,890
[0-1][1-2][2-1][3-4].wasm.swam.txt,[0-6][1-9].wasm.swam.txt,3196
[0-1][1-7].wasm.swam.txt,[0-1][1-7][2-1][3-12].wasm.swam.txt,585
[0-1][1-2][2-1][3-4].wasm.swam.txt,[0-1][1-7][2-1][3-12].wasm.swam.txt,3135
[0-1][1-2][2-1][3-4].wasm.swam.txt,[0-2][1-7].wasm.swam.txt,2749
[0-1][1-2][2-1][3-4].wasm.swam.txt,[0-1][1-7][2-1][3-7].wasm.swam.txt,2505
[0-1][1-2][2-1][3-4].wasm.swam.txt,[0-6][1-1].wasm.swam.txt,2609
[0-1][1-2][2-1][3-4].wasm.swam.txt,[0-2].wasm.swam.txt,2914
[0-1][1-2][2-1][3-4].wasm.swam.txt,[0-6].wasm.swam.txt,1624
[0-1][1-2][2-1][3-4].wasm.swam.txt,[0-5].wasm.swam.txt,328853
[0-1][1-2][2-1][3-4].wasm.swam.txt,[0-2][1-9].wasm.swam.txt,1064
[0-1][1-2][2-1][3-12].wasm.swam.txt,[0-6][1-7].wasm.swam.txt,0
[0-1][1-2][2-1][3-7].wasm.swam.txt,[0-5].wasm.swam.txt,514547
[0-1][1-2][2-1][3-4].wasm.swam.txt,[0-6][1-7].wasm.swam.txt,703100
[0-1][1-2][2-1][3-4].wasm.swam.txt,[0-1][1-7][2-1][3-4].wasm.swam.txt,531756
[0-1][1-2][2-1][3-4].wasm.swam.txt,[0-6][1-2].wasm.swam.txt,907328
[0-1][1-2][2-1][3-4].wasm.swam.txt,[0-8].wasm.swam.txt,522900
[0-1][1-2][2-1][3-12].wasm.swam.txt,[0-1][1-7].wasm.swam.txt,67084
[0-1][1-2][2-1][3-4].wasm.swam.txt,[0-5][1-7].wasm.swam.txt,5774
[0-1][1-2][2-1][3-4].wasm.swam.txt,[0-5][1-9].wasm.swam.txt,361
[0-1][1-2][2-1][3-4].wasm.swam.txt,[0-1][1-9][2-1][3-7].wasm.swam.txt,3139
[0-1][1-2][2-1][3-4].wasm.swam.txt,[0-1][1-9].wasm.swam.txt,11406
[0-1][1-2][2-1][3-4].wasm.swam.txt,[0-1][1-9][2-1][3-4].wasm.swam.txt,424098
[0-1][1-2][2-1][3-4].wasm.swam.txt,[0-9].wasm.swam.txt,351
[0-1][1-2][2-1][3-7].wasm.swam.txt,[0-1][1-7][2-1][3-12].wasm.swam.txt,211221
[0-1][1-2][2-1][3-7].wasm.swam.txt,[0-2][1-1].wasm.swam.txt,102823
[0-1][1-7].wasm.swam.txt,[0-1][1-7][2-1][3-4].wasm.swam.txt,25769
[0-1][1-2][2-1][3-12].wasm.swam.txt,[0-1][1-2][2-1][3-7].wasm.swam.txt,1960
[0-1][1-2][2-1][3-4].wasm.swam.txt,[0-1][1-2][2-1][3-7].wasm.swam.txt,227374
[0-1][1-7].wasm.swam.txt,[0-1][1-7][2-1][3-7].wasm.swam.txt,659856
[0-1][1-2][2-1][3-7].wasm.swam.txt,[0-6].wasm.swam.txt,660081
[0-1][1-2][2-1][3-7].wasm.swam.txt,[0-6][1-7].wasm.swam.txt,717055
[0-1][1-2][2-1][3-7].wasm.swam.txt,[0-8].wasm.swam.txt,478102
[0-1][1-2][2-1][3-7].wasm.swam.txt,[0-6][1-2].wasm.swam.txt,584363
[0-1][1-2][2-1][3-7].wasm.swam.txt,[0-1][1-7][2-1][3-7].wasm.swam.txt,729805
[0-1][1-2][2-1][3-7].wasm.swam.txt,[0-5][1-1].wasm.swam.txt,150303
[0-1][1-2][2-1][3-4].wasm.swam.txt,[0-1][1-7].wasm.swam.txt,2834
[0-1][1-2][2-1][3-7].wasm.swam.txt,[0-1][1-7].wasm.swam.txt,818158
[0-1][1-2][2-1][3-7].wasm.swam.txt,[0-2][1-7].wasm.swam.txt,282622
[0-1][1-2][2-1][3-7].wasm.swam.txt,[0-6][1-1].wasm.swam.txt,125327
[0-1][1-2][2-1][3-7].wasm.swam.txt,[0-6][1-9].wasm.swam.txt,573917
[0-1][1-2][2-1][3-7].wasm.swam.txt,[0-5][1-9].wasm.swam.txt,345239
[0-1][1-2][2-1][3-7].wasm.swam.txt,[0-5][1-7].wasm.swam.txt,345239
[0-1][1-2][2-1][3-7].wasm.swam.txt,[0-1][1-9][2-1][3-12].wasm.swam.txt,13930
[0-1][1-2][2-1][3-7].wasm.swam.txt,[0-1][1-9][2-1][3-7].wasm.swam.txt,170911
[0-1][1-2][2-1][3-7].wasm.swam.txt,[0-2][1-9].wasm.swam.txt,171475
[0-1][1-2][2-1][3-7].wasm.swam.txt,[0-1][1-9][2-1][3-4].wasm.swam.txt,110134
[0-1][1-2][2-1][3-7].wasm.swam.txt,[0-1][1-9].wasm.swam.txt,116399
[0-1][1-7].wasm.swam.txt,[0-1][1-9].wasm.swam.txt,112698
[0-1][1-7].wasm.swam.txt,[0-5].wasm.swam.txt,7189
[0-1][1-7].wasm.swam.txt,[0-2][1-1].wasm.swam.txt,7189
[0-1][1-7].wasm.swam.txt,[0-9].wasm.swam.txt,953
[0-1][1-7].wasm.swam.txt,[0-6].wasm.swam.txt,906827
[0-1][1-7].wasm.swam.txt,[0-6][1-7].wasm.swam.txt,906827
[0-1][1-7].wasm.swam.txt,[0-8].wasm.swam.txt,706413
[0-1][1-7].wasm.swam.txt,[0-6][1-2].wasm.swam.txt,44546
[0-1][1-7].wasm.swam.txt,[0-5][1-1].wasm.swam.txt,131683
[0-1][1-7].wasm.swam.txt,[0-2][1-7].wasm.swam.txt,176509
[0-1][1-7].wasm.swam.txt,[0-6][1-1].wasm.swam.txt,906827
[0-1][1-7].wasm.swam.txt,[0-5][1-9].wasm.swam.txt,906827
[0-1][1-7].wasm.swam.txt,[0-6][1-9].wasm.swam.txt,1643
[0-1][1-7][2-1][3-12].wasm.swam.txt,[0-6][1-9].wasm.swam.txt,1643
[0-1][1-7][2-1][3-12].wasm.swam.txt,[0-1][1-9][2-1][3-7].wasm.swam.txt,691205
[0-1][1-7].wasm.swam.txt,[0-2][1-9].wasm.swam.txt,502332
[0-1][1-7][2-1][3-12].wasm.swam.txt,[0-1][1-9][2-1][3-12].wasm.swam.txt,507428
[0-1][1-2][2-1][3-7].wasm.swam.txt,[0-2].wasm.swam.txt,452700
[0-1][1-7].wasm.swam.txt,[0-1][1-9][2-1][3-7].wasm.swam.txt,320851
[0-1][1-7].wasm.swam.txt,[0-2].wasm.swam.txt,274812
[0-1][1-7][2-1][3-12].wasm.swam.txt,[0-2][1-9].wasm.swam.txt,345857
[0-1][1-7].wasm.swam.txt,[0-1][1-9][2-1][3-12].wasm.swam.txt,296
[0-1][1-7][2-1][3-12].wasm.swam.txt,[0-1][1-9].wasm.swam.txt,2910
[0-1][1-7][2-1][3-12].wasm.swam.txt,[0-5].wasm.swam.txt,1248
[0-1][1-7][2-1][3-12].wasm.swam.txt,[0-5][1-7].wasm.swam.txt,795555
[0-1][1-7][2-1][3-12].wasm.swam.txt,[0-2][1-1].wasm.swam.txt,862000
[0-1][1-7].wasm.swam.txt,[0-5][1-7].wasm.swam.txt,788298
[0-1][1-7].wasm.swam.txt,[0-1][1-9][2-1][3-4].wasm.swam.txt,553258
[0-1][1-7][2-1][3-12].wasm.swam.txt,[0-6][1-7].wasm.swam.txt,195837
[0-1][1-7][2-1][3-12].wasm.swam.txt,[0-1][1-9][2-1][3-4].wasm.swam.txt,517252
[0-1][1-2][2-1][3-7].wasm.swam.txt,[0-9].wasm.swam.txt,11166
[0-1][1-7][2-1][3-12].wasm.swam.txt,[0-5][1-1].wasm.swam.txt,557857
[0-1][1-7][2-1][3-12].wasm.swam.txt,[0-9].wasm.swam.txt,807918
[0-1][1-7][2-1][3-12].wasm.swam.txt,[0-1][1-7][2-1][3-4].wasm.swam.txt,91331
[0-1][1-7][2-1][3-12].wasm.swam.txt,[0-5][1-9].wasm.swam.txt,93826
[0-1][1-2][2-1][3-7].wasm.swam.txt,[0-1][1-7][2-1][3-4].wasm.swam.txt,96137
[0-1][1-9].wasm.swam.txt,[0-1][1-9][2-1][3-4].wasm.swam.txt,140335
[0-1][1-7][2-1][3-4].wasm.swam.txt,[0-1][1-9].wasm.swam.txt,133833
[0-1][1-7][2-1][3-4].wasm.swam.txt,[0-5][1-1].wasm.swam.txt,158205
[0-1][1-9].wasm.swam.txt,[0-5].wasm.swam.txt,159196
[0-1][1-7][2-1][3-4].wasm.swam.txt,[0-2][1-9].wasm.swam.txt,158027
[0-1][1-9].wasm.swam.txt,[0-2][1-1].wasm.swam.txt,129795
[0-1][1-9].wasm.swam.txt,[0-2].wasm.swam.txt,140020
[0-1][1-7][2-1][3-4].wasm.swam.txt,[0-1][1-9][2-1][3-4].wasm.swam.txt,159691
[0-1][1-9].wasm.swam.txt,[0-2][1-9].wasm.swam.txt,160649
[0-1][1-7][2-1][3-12].wasm.swam.txt,[0-2].wasm.swam.txt,157864
[0-1][1-7][2-1][3-4].wasm.swam.txt,[0-5].wasm.swam.txt,80960
[0-1][1-7][2-1][3-4].wasm.swam.txt,[0-2][1-1].wasm.swam.txt,31847
[0-1][1-7][2-1][3-4].wasm.swam.txt,[0-2].wasm.swam.txt,27377
[0-1][1-9].wasm.swam.txt,[0-5][1-1].wasm.swam.txt,10160
[0-1][1-7][2-1][3-4].wasm.swam.txt,[0-1][1-9][2-1][3-7].wasm.swam.txt,3429
[0-1][1-9].wasm.swam.txt,[0-1][1-9][2-1][3-7].wasm.swam.txt,3672
[0-1][1-9].wasm.swam.txt,[0-1][1-9][2-1][3-12].wasm.swam.txt,3666
[0-1][1-7][2-1][3-4].wasm.swam.txt,[0-6][1-9].wasm.swam.txt,3656
[0-1][1-7][2-1][3-4].wasm.swam.txt,[0-1][1-9][2-1][3-12].wasm.swam.txt,4107
[0-1][1-7][2-1][3-4].wasm.swam.txt,[0-5][1-7].wasm.swam.txt,4390
[0-1][1-9].wasm.swam.txt,[0-5][1-7].wasm.swam.txt,3994
[0-1][1-7][2-1][3-4].wasm.swam.txt,[0-5][1-9].wasm.swam.txt,3982
[0-1][1-7][2-1][3-12].wasm.swam.txt,[0-6].wasm.swam.txt,93
[0-1][1-7][2-1][3-12].wasm.swam.txt,[0-6][1-2].wasm.swam.txt,0
[0-1][1-7][2-1][3-12].wasm.swam.txt,[0-8].wasm.swam.txt,222
[0-1][1-7][2-1][3-12].wasm.swam.txt,[0-6][1-1].wasm.swam.txt,204
[0-1][1-7][2-1][3-12].wasm.swam.txt,[0-2][1-7].wasm.swam.txt,1019
[0-1][1-7][2-1][3-7].wasm.swam.txt,[0-1][1-9][2-1][3-12].wasm.swam.txt,50
[0-1][1-7][2-1][3-7].wasm.swam.txt,[0-5][1-9].wasm.swam.txt,20
[0-1][1-7][2-1][3-7].wasm.swam.txt,[0-2].wasm.swam.txt,0
[0-1][1-7][2-1][3-7].wasm.swam.txt,[0-5].wasm.swam.txt,20
[0-1][1-7][2-1][3-7].wasm.swam.txt,[0-2][1-7].wasm.swam.txt,65
[0-1][1-7][2-1][3-7].wasm.swam.txt,[0-5][1-7].wasm.swam.txt,65
[0-1][1-7][2-1][3-7].wasm.swam.txt,[0-1][1-9][2-1][3-7].wasm.swam.txt,85
[0-1][1-7][2-1][3-7].wasm.swam.txt,[0-2][1-9].wasm.swam.txt,20
[0-1][1-7][2-1][3-7].wasm.swam.txt,[0-1][1-9][2-1][3-4].wasm.swam.txt,20
[0-1][1-7][2-1][3-7].wasm.swam.txt,[0-2][1-1].wasm.swam.txt,0
[0-1][1-7][2-1][3-7].wasm.swam.txt,[0-5][1-1].wasm.swam.txt,50
[0-1][1-7][2-1][3-7].wasm.swam.txt,[0-6][1-2].wasm.swam.txt,65
[0-1][1-7][2-1][3-12].wasm.swam.txt,[0-1][1-7][2-1][3-7].wasm.swam.txt,85
[0-1][1-7][2-1][3-7].wasm.swam.txt,[0-1][1-9].wasm.swam.txt,70
[0-1][1-7][2-1][3-7].wasm.swam.txt,[0-6][1-9].wasm.swam.txt,206
[0-1][1-7][2-1][3-7].wasm.swam.txt,[0-6].wasm.swam.txt,397446
[0-1][1-7][2-1][3-4].wasm.swam.txt,[0-2][1-7].wasm.swam.txt,396805
[0-1][1-7][2-1][3-4].wasm.swam.txt,[0-6].wasm.swam.txt,396809
[0-1][1-9].wasm.swam.txt,[0-2][1-7].wasm.swam.txt,363260
[0-1][1-7][2-1][3-4].wasm.swam.txt,[0-8].wasm.swam.txt,5636
[0-1][1-7][2-1][3-4].wasm.swam.txt,[0-6][1-1].wasm.swam.txt,5642
[0-1][1-7][2-1][3-7].wasm.swam.txt,[0-8].wasm.swam.txt,5554
[0-1][1-7][2-1][3-4].wasm.swam.txt,[0-6][1-2].wasm.swam.txt,5640
[0-1][1-7][2-1][3-7].wasm.swam.txt,[0-6][1-1].wasm.swam.txt,6218
[0-1][1-7][2-1][3-4].wasm.swam.txt,[0-6][1-7].wasm.swam.txt,6720
[0-1][1-7][2-1][3-7].wasm.swam.txt,[0-6][1-7].wasm.swam.txt,6917
[0-1][1-7][2-1][3-4].wasm.swam.txt,[0-9].wasm.swam.txt,7142
[0-1][1-7][2-1][3-4].wasm.swam.txt,[0-1][1-7][2-1][3-7].wasm.swam.txt,7011
[0-1][1-7][2-1][3-7].wasm.swam.txt,[0-9].wasm.swam.txt,7011
[0-1][1-9].wasm.swam.txt,[0-5][1-9].wasm.swam.txt,385694
[0-1][1-9].wasm.swam.txt,[0-6][1-9].wasm.swam.txt,635821
[0-1][1-9].wasm.swam.txt,[0-6].wasm.swam.txt,7103
[0-1][1-9][2-1][3-12].wasm.swam.txt,[0-5][1-1].wasm.swam.txt,2358
[0-1][1-9][2-1][3-12].wasm.swam.txt,[0-2].wasm.swam.txt,29590
[0-1][1-9][2-1][3-12].wasm.swam.txt,[0-5][1-7].wasm.swam.txt,1235
[0-1][1-9][2-1][3-12].wasm.swam.txt,[0-6][1-1].wasm.swam.txt,2532
[0-1][1-9].wasm.swam.txt,[0-8].wasm.swam.txt,126
[0-1][1-9][2-1][3-12].wasm.swam.txt,[0-8].wasm.swam.txt,120
[0-1][1-9].wasm.swam.txt,[0-6][1-1].wasm.swam.txt,1235
[0-1][1-9][2-1][3-12].wasm.swam.txt,[0-2][1-7].wasm.swam.txt,35414
[0-1][1-9][2-1][3-12].wasm.swam.txt,[0-2][1-9].wasm.swam.txt,35414
[0-1][1-9][2-1][3-12].wasm.swam.txt,[0-5].wasm.swam.txt,93691
[0-1][1-9][2-1][3-12].wasm.swam.txt,[0-2][1-1].wasm.swam.txt,20363
[0-1][1-9][2-1][3-12].wasm.swam.txt,[0-1][1-9][2-1][3-4].wasm.swam.txt,69
[0-1][1-9][2-1][3-12].wasm.swam.txt,[0-6][1-7].wasm.swam.txt,448166
[0-1][1-9][2-1][3-12].wasm.swam.txt,[0-9].wasm.swam.txt,70886
[0-1][1-9].wasm.swam.txt,[0-9].wasm.swam.txt,3793
[0-1][1-9].wasm.swam.txt,[0-6][1-7].wasm.swam.txt,239997
[0-1][1-9][2-1][3-12].wasm.swam.txt,[0-5][1-9].wasm.swam.txt,181058
[0-1][1-9][2-1][3-12].wasm.swam.txt,[0-6][1-9].wasm.swam.txt,0
[0-1][1-9][2-1][3-12].wasm.swam.txt,[0-6].wasm.swam.txt,769036
[0-1][1-9][2-1][3-4].wasm.swam.txt,[0-5][1-1].wasm.swam.txt,286066
[0-1][1-9][2-1][3-4].wasm.swam.txt,[0-5][1-7].wasm.swam.txt,163500
[0-1][1-9][2-1][3-4].wasm.swam.txt,[0-8].wasm.swam.txt,761440
[0-1][1-9][2-1][3-4].wasm.swam.txt,[0-2].wasm.swam.txt,689935
[0-1][1-9][2-1][3-4].wasm.swam.txt,[0-6][1-1].wasm.swam.txt,911268
[0-1][1-9].wasm.swam.txt,[0-6][1-2].wasm.swam.txt,909979
[0-1][1-9][2-1][3-12].wasm.swam.txt,[0-6][1-2].wasm.swam.txt,910321
[0-1][1-9][2-1][3-4].wasm.swam.txt,[0-2][1-7].wasm.swam.txt,6403
[0-2].wasm.swam.txt,[0-6][1-9].wasm.swam.txt,2722
[0-1][1-9][2-1][3-4].wasm.swam.txt,[0-6][1-9].wasm.swam.txt,2968
[0-2].wasm.swam.txt,[0-6].wasm.swam.txt,4469
[0-1][1-9][2-1][3-4].wasm.swam.txt,[0-6].wasm.swam.txt,5284
[0-1][1-9][2-1][3-12].wasm.swam.txt,[0-1][1-9][2-1][3-7].wasm.swam.txt,556056
[0-1][1-9][2-1][3-4].wasm.swam.txt,[0-1][1-9][2-1][3-7].wasm.swam.txt,200629
[0-5].wasm.swam.txt,[0-5][1-7].wasm.swam.txt,216514
[0-1][1-9][2-1][3-4].wasm.swam.txt,[0-9].wasm.swam.txt,765988
[0-1][1-9][2-1][3-4].wasm.swam.txt,[0-2][1-1].wasm.swam.txt,605182
[0-1][1-9][2-1][3-4].wasm.swam.txt,[0-2][1-9].wasm.swam.txt,25093
[0-2][1-9].wasm.swam.txt,[0-5][1-9].wasm.swam.txt,149373
[0-1][1-9][2-1][3-7].wasm.swam.txt,[0-5][1-1].wasm.swam.txt,905663
[0-1][1-9][2-1][3-4].wasm.swam.txt,[0-6][1-2].wasm.swam.txt,206326
[0-2].wasm.swam.txt,[0-6][1-7].wasm.swam.txt,0
[0-2].wasm.swam.txt,[0-8].wasm.swam.txt,0
[0-1][1-9][2-1][3-4].wasm.swam.txt,[0-6][1-7].wasm.swam.txt,706337
[0-1][1-9][2-1][3-4].wasm.swam.txt,[0-5][1-9].wasm.swam.txt,246838
[0-2].wasm.swam.txt,[0-5][1-1].wasm.swam.txt,0
[0-2].wasm.swam.txt,[0-6][1-1].wasm.swam.txt,0
[0-2].wasm.swam.txt,[0-9].wasm.swam.txt,0
[0-2].wasm.swam.txt,[0-5][1-9].wasm.swam.txt,0
[0-2].wasm.swam.txt,[0-2][1-1].wasm.swam.txt,0
[0-2][1-9].wasm.swam.txt,[0-6][1-9].wasm.swam.txt,34281
[0-1][1-9][2-1][3-7].wasm.swam.txt,[0-2].wasm.swam.txt,179856
[0-5][1-1].wasm.swam.txt,[0-6].wasm.swam.txt,679189
[0-1][1-9][2-1][3-7].wasm.swam.txt,[0-6][1-9].wasm.swam.txt,665720
[0-5].wasm.swam.txt,[0-6].wasm.swam.txt,5222
[0-1][1-9][2-1][3-7].wasm.swam.txt,[0-6].wasm.swam.txt,5708
[0-2][1-1].wasm.swam.txt,[0-6].wasm.swam.txt,0
[0-2][1-1].wasm.swam.txt,[0-6][1-9].wasm.swam.txt,0
[0-2][1-9].wasm.swam.txt,[0-6].wasm.swam.txt,0
[0-1][1-9][2-1][3-7].wasm.swam.txt,[0-5][1-7].wasm.swam.txt,104375
[0-2][1-1].wasm.swam.txt,[0-5][1-7].wasm.swam.txt,103851
[0-2][1-1].wasm.swam.txt,[0-5][1-1].wasm.swam.txt,88328
[0-2].wasm.swam.txt,[0-5][1-7].wasm.swam.txt,0
[0-2][1-7].wasm.swam.txt,[0-2][1-9].wasm.swam.txt,4228
[0-1][1-9][2-1][3-7].wasm.swam.txt,[0-2][1-1].wasm.swam.txt,1872
[0-2].wasm.swam.txt,[0-2][1-9].wasm.swam.txt,692
[0-2][1-1].wasm.swam.txt,[0-2][1-9].wasm.swam.txt,771
[0-1][1-9][2-1][3-7].wasm.swam.txt,[0-2][1-9].wasm.swam.txt,843
[0-2][1-1].wasm.swam.txt,[0-6][1-1].wasm.swam.txt,4315
[0-1][1-9][2-1][3-7].wasm.swam.txt,[0-9].wasm.swam.txt,4311
[0-2][1-1].wasm.swam.txt,[0-9].wasm.swam.txt,4720
[0-2][1-1].wasm.swam.txt,[0-8].wasm.swam.txt,581
[0-2][1-9].wasm.swam.txt,[0-9].wasm.swam.txt,512
[0-1][1-9][2-1][3-7].wasm.swam.txt,[0-6][1-1].wasm.swam.txt,288
[0-2][1-9].wasm.swam.txt,[0-6][1-1].wasm.swam.txt,320
[0-2][1-1].wasm.swam.txt,[0-6][1-7].wasm.swam.txt,112
[0-2][1-9].wasm.swam.txt,[0-8].wasm.swam.txt,80808
[0-1][1-9][2-1][3-7].wasm.swam.txt,[0-6][1-7].wasm.swam.txt,86898
[0-1][1-9][2-1][3-7].wasm.swam.txt,[0-8].wasm.swam.txt,82973
[0-2][1-9].wasm.swam.txt,[0-6][1-7].wasm.swam.txt,44491
[0-2].wasm.swam.txt,[0-6][1-2].wasm.swam.txt,4025
[0-2][1-7].wasm.swam.txt,[0-6][1-7].wasm.swam.txt,0
[0-2][1-7].wasm.swam.txt,[0-6][1-2].wasm.swam.txt,50911
[0-2][1-9].wasm.swam.txt,[0-5][1-1].wasm.swam.txt,238524
[0-1][1-9][2-1][3-7].wasm.swam.txt,[0-6][1-2].wasm.swam.txt,304610
[0-2][1-9].wasm.swam.txt,[0-5][1-7].wasm.swam.txt,404846
[0-1][1-9][2-1][3-7].wasm.swam.txt,[0-5][1-9].wasm.swam.txt,15150
[0-2][1-1].wasm.swam.txt,[0-6][1-2].wasm.swam.txt,2612
[0-5][1-1].wasm.swam.txt,[0-5][1-7].wasm.swam.txt,3837
[0-2].wasm.swam.txt,[0-5].wasm.swam.txt,4386
[0-2][1-7].wasm.swam.txt,[0-6][1-9].wasm.swam.txt,5825
[0-1][1-9][2-1][3-7].wasm.swam.txt,[0-2][1-7].wasm.swam.txt,256966
[0-2][1-1].wasm.swam.txt,[0-2][1-7].wasm.swam.txt,252570
[0-2][1-9].wasm.swam.txt,[0-6][1-2].wasm.swam.txt,315767
[0-1][1-9][2-1][3-4].wasm.swam.txt,[0-5].wasm.swam.txt,316054
[0-1][1-9][2-1][3-7].wasm.swam.txt,[0-5].wasm.swam.txt,290296
[0-5][1-1].wasm.swam.txt,[0-5][1-9].wasm.swam.txt,256969
[0-2][1-1].wasm.swam.txt,[0-5].wasm.swam.txt,97703
[0-2][1-9].wasm.swam.txt,[0-5].wasm.swam.txt,97706
[0-2][1-1].wasm.swam.txt,[0-5][1-9].wasm.swam.txt,97770
[0-5].wasm.swam.txt,[0-6][1-1].wasm.swam.txt,5231
[0-2].wasm.swam.txt,[0-2][1-7].wasm.swam.txt,5396
[0-2][1-7].wasm.swam.txt,[0-6][1-1].wasm.swam.txt,678680
[0-2][1-7].wasm.swam.txt,[0-8].wasm.swam.txt,0
[0-5].wasm.swam.txt,[0-8].wasm.swam.txt,1230
[0-2][1-7].wasm.swam.txt,[0-6].wasm.swam.txt,2803
[0-5].wasm.swam.txt,[0-9].wasm.swam.txt,2895
[0-2][1-7].wasm.swam.txt,[0-9].wasm.swam.txt,1359
[0-5].wasm.swam.txt,[0-5][1-1].wasm.swam.txt,1837
[0-2][1-7].wasm.swam.txt,[0-5][1-1].wasm.swam.txt,550878
[0-5].wasm.swam.txt,[0-6][1-9].wasm.swam.txt,485440
[0-2][1-7].wasm.swam.txt,[0-5].wasm.swam.txt,156800
[0-5].wasm.swam.txt,[0-6][1-2].wasm.swam.txt,156549
[0-2][1-7].wasm.swam.txt,[0-5][1-7].wasm.swam.txt,156647
[0-5].wasm.swam.txt,[0-6][1-7].wasm.swam.txt,231390
[0-2][1-7].wasm.swam.txt,[0-5][1-9].wasm.swam.txt,174076
[0-5].wasm.swam.txt,[0-5][1-9].wasm.swam.txt,6133
[0-5][1-1].wasm.swam.txt,[0-6][1-1].wasm.swam.txt,84003
[0-5][1-1].wasm.swam.txt,[0-8].wasm.swam.txt,324
[0-5][1-1].wasm.swam.txt,[0-6][1-9].wasm.swam.txt,1519
[0-5][1-1].wasm.swam.txt,[0-9].wasm.swam.txt,4658
[0-5][1-1].wasm.swam.txt,[0-6][1-2].wasm.swam.txt,1254
[0-5][1-7].wasm.swam.txt,[0-5][1-9].wasm.swam.txt,1018
[0-5][1-1].wasm.swam.txt,[0-6][1-7].wasm.swam.txt,765575
[0-5][1-9].wasm.swam.txt,[0-6].wasm.swam.txt,558
[0-5][1-7].wasm.swam.txt,[0-6].wasm.swam.txt,366
[0-5][1-9].wasm.swam.txt,[0-8].wasm.swam.txt,32208
[0-5][1-7].wasm.swam.txt,[0-6][1-9].wasm.swam.txt,
[0-5][1-7].wasm.swam.txt,[0-8].wasm.swam.txt,2569
[0-6].wasm.swam.txt,[0-6][1-2].wasm.swam.txt,40051
[0-5][1-7].wasm.swam.txt,[0-6][1-2].wasm.swam.txt,138681
[0-5][1-9].wasm.swam.txt,[0-6][1-9].wasm.swam.txt,71230
[0-6].wasm.swam.txt,[0-8].wasm.swam.txt,71114
[0-6].wasm.swam.txt,[0-6][1-1].wasm.swam.txt,321806
[0-6].wasm.swam.txt,[0-6][1-9].wasm.swam.txt,207557
[0-6].wasm.swam.txt,[0-9].wasm.swam.txt,274309
[0-5][1-7].wasm.swam.txt,[0-6][1-1].wasm.swam.txt,203597
[0-6][1-2].wasm.swam.txt,[0-9].wasm.swam.txt,4268
[0-5][1-7].wasm.swam.txt,[0-9].wasm.swam.txt,96569
[0-6][1-9].wasm.swam.txt,[0-9].wasm.swam.txt,96598
[0-6][1-1].wasm.swam.txt,[0-6][1-7].wasm.swam.txt,96456
[0-5][1-9].wasm.swam.txt,[0-6][1-1].wasm.swam.txt,130155
[0-6][1-2].wasm.swam.txt,[0-6][1-9].wasm.swam.txt,96433
[0-5][1-9].wasm.swam.txt,[0-9].wasm.swam.txt,96536
[0-5][1-9].wasm.swam.txt,[0-6][1-2].wasm.swam.txt,96457
[0-6][1-7].wasm.swam.txt,[0-6][1-9].wasm.swam.txt,96400
[0-6][1-7].wasm.swam.txt,[0-9].wasm.swam.txt,96357
[0-6][1-2].wasm.swam.txt,[0-6][1-7].wasm.swam.txt,96454
[0-6][1-1].wasm.swam.txt,[0-8].wasm.swam.txt,96243
[0-6][1-2].wasm.swam.txt,[0-8].wasm.swam.txt,96269
[0-6][1-1].wasm.swam.txt,[0-6][1-9].wasm.swam.txt,96303
[0-6].wasm.swam.txt,[0-6][1-7].wasm.swam.txt,96257
[0-6][1-7].wasm.swam.txt,[0-8].wasm.swam.txt,96073
[0-6][1-1].wasm.swam.txt,[0-9].wasm.swam.txt,96065
[0-6][1-1].wasm.swam.txt,[0-6][1-2].wasm.swam.txt,96008
[0-5][1-9].wasm.swam.txt,[0-6][1-7].wasm.swam.txt,720683
[0-6][1-9].wasm.swam.txt,[0-8].wasm.swam.txt,281719
[0-5][1-7].wasm.swam.txt,[0-6][1-7].wasm.swam.txt,564365
[0-8].wasm.swam.txt,[0-9].wasm.swam.txt,541787
