t1,t2,diff
A*_search_algorithm.wasm.~2~.swam.txt,[17-1].wasm.swam.txt,142020
[17-1].wasm.swam.txt,[17-1][19-1][44-1][51-2].wasm.swam.txt,30351
[17-1].wasm.swam.txt,[17-1][19-1][44-2][51-2].wasm.swam.txt,930
[17-1].wasm.swam.txt,[19-2][44-1][51-1].wasm.swam.txt,0
[17-1].wasm.swam.txt,[19-2][44-2][51-2].wasm.swam.txt,0
[17-1].wasm.swam.txt,[19-2][44-1].wasm.swam.txt,24
[17-1].wasm.swam.txt,[19-2][44-2][51-1].wasm.swam.txt,115805
A*_search_algorithm.wasm.~2~.swam.txt,[17-1][19-1][44-1].wasm.swam.txt,56410
[17-1].wasm.swam.txt,[19-2][51-2].wasm.swam.txt,8378
[17-1].wasm.swam.txt,[44-2].wasm.swam.txt,2484
[17-1].wasm.swam.txt,[44-1].wasm.swam.txt,2636
[17-1].wasm.swam.txt,[44-2][51-1].wasm.swam.txt,3675
[17-1].wasm.swam.txt,[5-1].wasm.swam.txt,3051
[17-1].wasm.swam.txt,[5-1][6-1][7-1][8-1][51-2].wasm.swam.txt,387559
[17-1].wasm.swam.txt,[44-2][51-2].wasm.swam.txt,189038
A*_search_algorithm.wasm.~2~.swam.txt,[17-1][19-1][44-1][51-1].wasm.swam.txt,93036
[17-1][19-1][44-1].wasm.swam.txt,[19-2].wasm.swam.txt,135967
[17-1].wasm.swam.txt,[17-1][19-1][44-2].wasm.swam.txt,141327
[17-1][19-1][44-1].wasm.swam.txt,[19-2][44-1][51-1].wasm.swam.txt,0
[17-1][19-1][44-1].wasm.swam.txt,[17-1][19-1][44-2][51-2].wasm.swam.txt,226
[17-1][19-1][44-1].wasm.swam.txt,[17-1][19-1][51-1].wasm.swam.txt,0
[17-1][19-1][44-1].wasm.swam.txt,[44-1][51-1].wasm.swam.txt,20750
[17-1][19-1][44-1].wasm.swam.txt,[19-2][51-2].wasm.swam.txt,20750
[17-1].wasm.swam.txt,[17-1][19-1][44-2][51-1].wasm.swam.txt,60150
[17-1][19-1][44-1].wasm.swam.txt,[44-1][51-2].wasm.swam.txt,75425
[17-1][19-1][44-1][51-1].wasm.swam.txt,[17-1][19-1][44-1][51-2].wasm.swam.txt,0
[17-1][19-1][44-1].wasm.swam.txt,[44-2].wasm.swam.txt,6798
[17-1][19-1][44-1].wasm.swam.txt,[19-2][51-1].wasm.swam.txt,6812
[17-1][19-1][44-1][51-1].wasm.swam.txt,[17-1][19-1][51-2].wasm.swam.txt,288108
[17-1][19-1][44-1].wasm.swam.txt,[44-2][51-2].wasm.swam.txt,242724
[17-1][19-1][44-1].wasm.swam.txt,[5-1][6-1][7-1][8-1][51-2].wasm.swam.txt,206589
[17-1][19-1][44-1].wasm.swam.txt,[44-2][51-1].wasm.swam.txt,70275
[17-1][19-1][44-1].wasm.swam.txt,[5-1].wasm.swam.txt,304167
[17-1][19-1][44-1][51-1].wasm.swam.txt,[19-2].wasm.swam.txt,123127
[17-1][19-1][44-1][51-1].wasm.swam.txt,[17-1][19-1][51-1].wasm.swam.txt,112364
[17-1].wasm.swam.txt,[19-2][44-2].wasm.swam.txt,230465
[17-1][19-1][44-1].wasm.swam.txt,[17-1][19-1][44-2].wasm.swam.txt,0
[17-1].wasm.swam.txt,[19-2][44-1][51-2].wasm.swam.txt,36544
[17-1].wasm.swam.txt,[19-2][51-1].wasm.swam.txt,297990
[17-1].wasm.swam.txt,[17-1][19-1][44-1].wasm.swam.txt,191245
[17-1][19-1][44-1][51-1].wasm.swam.txt,[19-2][44-2].wasm.swam.txt,14969
[17-1].wasm.swam.txt,[17-1][19-1][51-2].wasm.swam.txt,113513
[17-1][19-1][44-1].wasm.swam.txt,[17-1][19-1][51-2].wasm.swam.txt,47969
[17-1][19-1][44-1][51-1].wasm.swam.txt,[19-2][51-1].wasm.swam.txt,48799
[17-1][19-1][44-1][51-1].wasm.swam.txt,[44-2].wasm.swam.txt,1785
[17-1][19-1][44-1][51-1].wasm.swam.txt,[17-1][19-1][44-2][51-2].wasm.swam.txt,15116
[17-1][19-1][44-1][51-1].wasm.swam.txt,[44-1][51-2].wasm.swam.txt,29913
[17-1][19-1][44-1][51-1].wasm.swam.txt,[19-2][51-2].wasm.swam.txt,496
[17-1][19-1][44-1][51-1].wasm.swam.txt,[44-2][51-1].wasm.swam.txt,105598
[17-1][19-1][44-1][51-1].wasm.swam.txt,[5-1][6-1][7-1][8-1][51-2].wasm.swam.txt,105597
[17-1][19-1][44-1][51-1].wasm.swam.txt,[44-2][51-2].wasm.swam.txt,166426
[17-1][19-1][44-1][51-2].wasm.swam.txt,[17-1][19-1][44-2].wasm.swam.txt,90952
[17-1][19-1][44-1][51-1].wasm.swam.txt,[5-1].wasm.swam.txt,104256
[17-1][19-1][44-1][51-2].wasm.swam.txt,[17-1][19-1][44-2][51-2].wasm.swam.txt,0
[17-1][19-1][44-1][51-2].wasm.swam.txt,[19-2][44-2][51-1].wasm.swam.txt,0
[17-1][19-1][44-1][51-2].wasm.swam.txt,[19-2][44-1][51-2].wasm.swam.txt,0
[17-1][19-1][44-1][51-2].wasm.swam.txt,[44-1][51-1].wasm.swam.txt,8106
[17-1].wasm.swam.txt,[44-1][51-2].wasm.swam.txt,214775
[17-1][19-1][44-1][51-2].wasm.swam.txt,[19-2][44-2][51-2].wasm.swam.txt,165271
[17-1].wasm.swam.txt,[44-1][51-1].wasm.swam.txt,211436
[17-1][19-1][44-1][51-2].wasm.swam.txt,[19-2][51-1].wasm.swam.txt,48469
[17-1].wasm.swam.txt,[19-2].wasm.swam.txt,151399
[17-1].wasm.swam.txt,[17-1][19-1][44-1][51-1].wasm.swam.txt,255216
[17-1][19-1][44-1][51-2].wasm.swam.txt,[44-2].wasm.swam.txt,12668
[17-1][19-1][44-1][51-2].wasm.swam.txt,[44-2][51-1].wasm.swam.txt,8204
[17-1][19-1][44-1][51-2].wasm.swam.txt,[44-2][51-2].wasm.swam.txt,786
[17-1][19-1][44-2].wasm.swam.txt,[19-2].wasm.swam.txt,275
[17-1][19-1][44-1][51-2].wasm.swam.txt,[5-1][6-1][7-1][8-1][51-2].wasm.swam.txt,289
[17-1][19-1][44-1][51-2].wasm.swam.txt,[5-1].wasm.swam.txt,490
[17-1][19-1][44-2].wasm.swam.txt,[17-1][19-1][51-1].wasm.swam.txt,455
[17-1][19-1][44-2].wasm.swam.txt,[17-1][19-1][51-2].wasm.swam.txt,137381
[17-1][19-1][44-1][51-1].wasm.swam.txt,[19-2][44-1][51-2].wasm.swam.txt,24093
[17-1][19-1][44-2].wasm.swam.txt,[19-2][44-1][51-1].wasm.swam.txt,116
[17-1][19-1][44-2].wasm.swam.txt,[44-1][51-1].wasm.swam.txt,126
[17-1][19-1][44-2].wasm.swam.txt,[19-2][51-1].wasm.swam.txt,684
[17-1][19-1][44-2].wasm.swam.txt,[19-2][44-2][51-2].wasm.swam.txt,0
[17-1][19-1][44-2].wasm.swam.txt,[44-1][51-2].wasm.swam.txt,139051
[17-1][19-1][44-2].wasm.swam.txt,[44-2].wasm.swam.txt,113895
[17-1].wasm.swam.txt,[17-1][19-1][51-1].wasm.swam.txt,29017
[17-1][19-1][44-2].wasm.swam.txt,[19-2][51-2].wasm.swam.txt,36637
[17-1][19-1][44-2].wasm.swam.txt,[44-1].wasm.swam.txt,47641
[17-1][19-1][44-2].wasm.swam.txt,[44-2][51-2].wasm.swam.txt,151676
[17-1][19-1][44-1].wasm.swam.txt,[17-1][19-1][44-1][51-1].wasm.swam.txt,158356
[17-1][19-1][44-2].wasm.swam.txt,[44-2][51-1].wasm.swam.txt,13390
[17-1][19-1][44-1].wasm.swam.txt,[17-1][19-1][44-2][51-1].wasm.swam.txt,184346
[17-1][19-1][44-2].wasm.swam.txt,[5-1].wasm.swam.txt,10723
[17-1][19-1][44-2][51-1].wasm.swam.txt,[19-2][44-1].wasm.swam.txt,59602
[17-1][19-1][44-2].wasm.swam.txt,[5-1][6-1][7-1][8-1][51-2].wasm.swam.txt,75568
[17-1][19-1][44-2][51-1].wasm.swam.txt,[17-1][19-1][51-1].wasm.swam.txt,132
[17-1][19-1][44-2][51-1].wasm.swam.txt,[19-2][44-2].wasm.swam.txt,41348
[17-1][19-1][44-1].wasm.swam.txt,[19-2][44-1][51-2].wasm.swam.txt,430479
[17-1][19-1][44-1][51-1].wasm.swam.txt,[44-1].wasm.swam.txt,71735
[17-1][19-1][44-1][51-1].wasm.swam.txt,[17-1][19-1][44-2].wasm.swam.txt,216226
[17-1][19-1][44-1].wasm.swam.txt,[19-2][44-2][51-1].wasm.swam.txt,331158
[17-1][19-1][44-1][51-1].wasm.swam.txt,[19-2][44-1][51-1].wasm.swam.txt,400111
[17-1][19-1][44-1][51-1].wasm.swam.txt,[19-2][44-2][51-2].wasm.swam.txt,97426
[17-1][19-1][44-1][51-2].wasm.swam.txt,[17-1][19-1][51-2].wasm.swam.txt,371590
[17-1][19-1][44-2][51-1].wasm.swam.txt,[19-2][51-2].wasm.swam.txt,370973
[17-1][19-1][44-2][51-1].wasm.swam.txt,[44-2][51-1].wasm.swam.txt,379542
[17-1][19-1][44-1].wasm.swam.txt,[44-1].wasm.swam.txt,361478
[17-1][19-1][44-2][51-1].wasm.swam.txt,[44-2][51-2].wasm.swam.txt,262544
[17-1][19-1][44-2][51-1].wasm.swam.txt,[5-1].wasm.swam.txt,264570
A*_search_algorithm.wasm.~2~.swam.txt,[19-2][51-1].wasm.swam.txt,150816
[17-1][19-1][44-2][51-1].wasm.swam.txt,[44-1][51-2].wasm.swam.txt,132270
[17-1][19-1][44-2][51-2].wasm.swam.txt,[17-1][19-1][51-1].wasm.swam.txt,93841
[17-1][19-1][44-2][51-1].wasm.swam.txt,[5-1][6-1][7-1][8-1][51-2].wasm.swam.txt,106188
[17-1][19-1][44-1].wasm.swam.txt,[19-2][44-2][51-2].wasm.swam.txt,252974
[17-1][19-1][44-1][51-1].wasm.swam.txt,[44-1][51-1].wasm.swam.txt,192947
A*_search_algorithm.wasm.~2~.swam.txt,[17-1][19-1][44-2][51-1].wasm.swam.txt,89982
[17-1][19-1][44-1][51-1].wasm.swam.txt,[19-2][44-1].wasm.swam.txt,51024
[17-1][19-1][44-1].wasm.swam.txt,[19-2][44-1].wasm.swam.txt,60076
A*_search_algorithm.wasm.~2~.swam.txt,[44-2][51-2].wasm.swam.txt,138068
[17-1][19-1][44-1][51-2].wasm.swam.txt,[19-2][44-1].wasm.swam.txt,156741
[17-1][19-1][44-2][51-2].wasm.swam.txt,[19-2][44-2].wasm.swam.txt,8023
[17-1][19-1][44-2][51-2].wasm.swam.txt,[19-2][44-2][51-2].wasm.swam.txt,244962
A*_search_algorithm.wasm.~2~.swam.txt,[19-2][44-2][51-1].wasm.swam.txt,374303
[17-1][19-1][44-1][51-2].wasm.swam.txt,[19-2][44-2].wasm.swam.txt,227328
[17-1][19-1][44-2].wasm.swam.txt,[19-2][44-2].wasm.swam.txt,389334
[17-1][19-1][44-2][51-2].wasm.swam.txt,[44-1][51-2].wasm.swam.txt,305160
[17-1][19-1][44-1][51-2].wasm.swam.txt,[19-2][51-2].wasm.swam.txt,241176
[17-1][19-1][44-1][51-2].wasm.swam.txt,[19-2].wasm.swam.txt,409556
A*_search_algorithm.wasm.~2~.swam.txt,[17-1][19-1][44-1][51-2].wasm.swam.txt,
A*_search_algorithm.wasm.~2~.swam.txt,[44-1][51-2].wasm.swam.txt,147263
A*_search_algorithm.wasm.~2~.swam.txt,[44-2].wasm.swam.txt,42031
[17-1][19-1][51-1].wasm.swam.txt,[19-2][44-1].wasm.swam.txt,229736
[17-1][19-1][44-2][51-2].wasm.swam.txt,[44-2][51-2].wasm.swam.txt,162438
[17-1][19-1][44-1].wasm.swam.txt,[19-2][44-2].wasm.swam.txt,198934
[17-1][19-1][44-1][51-2].wasm.swam.txt,[17-1][19-1][51-1].wasm.swam.txt,
[17-1][19-1][44-2][51-2].wasm.swam.txt,[5-1][6-1][7-1][8-1][51-2].wasm.swam.txt,26972
[17-1][19-1][44-1].wasm.swam.txt,[17-1][19-1][44-1][51-2].wasm.swam.txt,287926
[17-1][19-1][44-2][51-2].wasm.swam.txt,[44-2][51-1].wasm.swam.txt,311673
[17-1][19-1][44-2].wasm.swam.txt,[19-2][44-2][51-1].wasm.swam.txt,36940
[17-1][19-1][44-2][51-2].wasm.swam.txt,[5-1].wasm.swam.txt,64944
[17-1][19-1][44-2][51-2].wasm.swam.txt,[19-2][44-2][51-1].wasm.swam.txt,28392
[17-1][19-1][44-1][51-2].wasm.swam.txt,[44-1].wasm.swam.txt,90438
A*_search_algorithm.wasm.~2~.swam.txt,[17-1][19-1][44-2].wasm.swam.txt,71358
[17-1][19-1][51-1].wasm.swam.txt,[19-2][44-1][51-2].wasm.swam.txt,34805
[17-1][19-1][44-1][51-1].wasm.swam.txt,[17-1][19-1][44-2][51-1].wasm.swam.txt,170826
[17-1][19-1][51-1].wasm.swam.txt,[19-2][44-2][51-2].wasm.swam.txt,106147
A*_search_algorithm.wasm.~2~.swam.txt,[5-1].wasm.swam.txt,
[17-1][19-1][51-1].wasm.swam.txt,[19-2][51-1].wasm.swam.txt,73219
[17-1][19-1][51-1].wasm.swam.txt,[17-1][19-1][51-2].wasm.swam.txt,
A*_search_algorithm.wasm.~2~.swam.txt,[19-2][44-2][51-2].wasm.swam.txt,345505
A*_search_algorithm.wasm.~2~.swam.txt,[44-1].wasm.swam.txt,218502
[17-1][19-1][44-2].wasm.swam.txt,[17-1][19-1][44-2][51-2].wasm.swam.txt,
[17-1][19-1][51-2].wasm.swam.txt,[19-2][44-1].wasm.swam.txt,
[17-1][19-1][44-1][51-2].wasm.swam.txt,[19-2][44-1][51-1].wasm.swam.txt,
[17-1][19-1][51-1].wasm.swam.txt,[44-1][51-2].wasm.swam.txt,
A*_search_algorithm.wasm.~2~.swam.txt,[19-2][44-2].wasm.swam.txt,363701
[17-1][19-1][51-1].wasm.swam.txt,[44-2].wasm.swam.txt,310664
[17-1][19-1][51-1].wasm.swam.txt,[19-2][44-2].wasm.swam.txt,
[17-1][19-1][51-2].wasm.swam.txt,[19-2][44-1][51-1].wasm.swam.txt,503382
[17-1][19-1][44-1][51-1].wasm.swam.txt,[19-2][44-2][51-1].wasm.swam.txt,557809
A*_search_algorithm.wasm.~2~.swam.txt,[19-2][51-2].wasm.swam.txt,673714
[17-1][19-1][51-1].wasm.swam.txt,[5-1].wasm.swam.txt,458433
A*_search_algorithm.wasm.~2~.swam.txt,[44-1][51-1].wasm.swam.txt,93647
A*_search_algorithm.wasm.~2~.swam.txt,[17-1][19-1][44-2][51-2].wasm.swam.txt,353560
[17-1][19-1][51-1].wasm.swam.txt,[44-2][51-2].wasm.swam.txt,61263
[17-1][19-1][44-2][51-1].wasm.swam.txt,[17-1][19-1][51-2].wasm.swam.txt,
[17-1][19-1][44-2][51-1].wasm.swam.txt,[19-2][44-1][51-2].wasm.swam.txt,
A*_search_algorithm.wasm.~2~.swam.txt,[19-2][44-1][51-1].wasm.swam.txt,355607
[17-1][19-1][51-1].wasm.swam.txt,[44-2][51-1].wasm.swam.txt,257434
A*_search_algorithm.wasm.~2~.swam.txt,[44-2][51-1].wasm.swam.txt,0
[17-1][19-1][51-2].wasm.swam.txt,[19-2][44-2].wasm.swam.txt,
[17-1][19-1][51-1].wasm.swam.txt,[5-1][6-1][7-1][8-1][51-2].wasm.swam.txt,
[17-1][19-1][44-2][51-1].wasm.swam.txt,[19-2][44-2][51-1].wasm.swam.txt,257527
[17-1][19-1][51-2].wasm.swam.txt,[19-2][44-1][51-2].wasm.swam.txt,416363
[17-1][19-1][44-2][51-1].wasm.swam.txt,[19-2].wasm.swam.txt,204597
[17-1][19-1][51-2].wasm.swam.txt,[19-2][44-2][51-1].wasm.swam.txt,
A*_search_algorithm.wasm.~2~.swam.txt,[19-2][44-1][51-2].wasm.swam.txt,
A*_search_algorithm.wasm.~2~.swam.txt,[17-1][19-1][51-2].wasm.swam.txt,
[17-1][19-1][44-1][51-2].wasm.swam.txt,[17-1][19-1][44-2][51-1].wasm.swam.txt,
[17-1][19-1][44-2].wasm.swam.txt,[17-1][19-1][44-2][51-1].wasm.swam.txt,146549
[17-1][19-1][44-2][51-2].wasm.swam.txt,[44-1][51-1].wasm.swam.txt,42767
[17-1][19-1][51-2].wasm.swam.txt,[5-1][6-1][7-1][8-1][51-2].wasm.swam.txt,
A*_search_algorithm.wasm.~2~.swam.txt,[5-1][6-1][7-1][8-1][51-2].wasm.swam.txt,
[17-1][19-1][51-2].wasm.swam.txt,[44-1].wasm.swam.txt,199046
A*_search_algorithm.wasm.~2~.swam.txt,[19-2].wasm.swam.txt,
A*_search_algorithm.wasm.~2~.swam.txt,[17-1][19-1][51-1].wasm.swam.txt,
[17-1][19-1][51-2].wasm.swam.txt,[44-1][51-1].wasm.swam.txt,
[17-1][19-1][51-2].wasm.swam.txt,[44-2][51-1].wasm.swam.txt,
[17-1][19-1][51-1].wasm.swam.txt,[44-1][51-1].wasm.swam.txt,74765
[17-1][19-1][44-2].wasm.swam.txt,[19-2][44-1].wasm.swam.txt,
[17-1][19-1][51-2].wasm.swam.txt,[5-1].wasm.swam.txt,
[17-1][19-1][44-2][51-1].wasm.swam.txt,[44-2].wasm.swam.txt,41609
[17-1][19-1][44-2].wasm.swam.txt,[19-2][44-1][51-2].wasm.swam.txt,
[17-1][19-1][51-2].wasm.swam.txt,[44-1][51-2].wasm.swam.txt,
[17-1][19-1][51-1].wasm.swam.txt,[19-2][51-2].wasm.swam.txt,
[17-1][19-1][51-2].wasm.swam.txt,[44-2][51-2].wasm.swam.txt,
[17-1][19-1][44-2][51-1].wasm.swam.txt,[17-1][19-1][44-2][51-2].wasm.swam.txt,139738
[17-1][19-1][51-1].wasm.swam.txt,[44-1].wasm.swam.txt,113980
[19-2].wasm.swam.txt,[19-2][44-2][51-1].wasm.swam.txt,140457
A*_search_algorithm.wasm.~2~.swam.txt,[19-2][44-1].wasm.swam.txt,122584
[17-1][19-1][44-2][51-1].wasm.swam.txt,[44-1][51-1].wasm.swam.txt,103835
[17-1][19-1][44-2][51-2].wasm.swam.txt,[19-2].wasm.swam.txt,95219
[17-1][19-1][51-2].wasm.swam.txt,[44-2].wasm.swam.txt,89904
[17-1][19-1][44-2][51-1].wasm.swam.txt,[44-1].wasm.swam.txt,100817
[19-2].wasm.swam.txt,[19-2][51-1].wasm.swam.txt,54515
[17-1][19-1][44-2][51-2].wasm.swam.txt,[19-2][44-1][51-1].wasm.swam.txt,0
[17-1][19-1][44-2][51-2].wasm.swam.txt,[44-1].wasm.swam.txt,36963
[19-2].wasm.swam.txt,[44-2].wasm.swam.txt,14641
[17-1][19-1][44-2][51-1].wasm.swam.txt,[19-2][51-1].wasm.swam.txt,
[19-2].wasm.swam.txt,[44-2][51-2].wasm.swam.txt,94531
[17-1][19-1][44-2][51-2].wasm.swam.txt,[19-2][51-2].wasm.swam.txt,41296
[19-2].wasm.swam.txt,[44-1][51-2].wasm.swam.txt,94216
[19-2].wasm.swam.txt,[5-1][6-1][7-1][8-1][51-2].wasm.swam.txt,117537
[19-2][44-1].wasm.swam.txt,[19-2][44-2][51-2].wasm.swam.txt,23060
[19-2].wasm.swam.txt,[44-2][51-1].wasm.swam.txt,
[17-1][19-1][44-2][51-2].wasm.swam.txt,[19-2][44-1][51-2].wasm.swam.txt,189361
[17-1][19-1][44-2][51-1].wasm.swam.txt,[19-2][44-2][51-2].wasm.swam.txt,
[19-2].wasm.swam.txt,[19-2][44-1].wasm.swam.txt,198932
[19-2].wasm.swam.txt,[5-1].wasm.swam.txt,
[17-1][19-1][44-2][51-1].wasm.swam.txt,[19-2][44-1][51-1].wasm.swam.txt,88688
[17-1][19-1][51-2].wasm.swam.txt,[19-2][51-1].wasm.swam.txt,66867
[17-1][19-1][44-2][51-2].wasm.swam.txt,[17-1][19-1][51-2].wasm.swam.txt,68692
[19-2][44-1].wasm.swam.txt,[19-2][44-2].wasm.swam.txt,
[19-2][44-1].wasm.swam.txt,[44-2][51-1].wasm.swam.txt,66754
[19-2][44-1].wasm.swam.txt,[19-2][51-1].wasm.swam.txt,14628
[19-2][44-1].wasm.swam.txt,[19-2][44-2][51-1].wasm.swam.txt,66847
[19-2][44-1].wasm.swam.txt,[5-1].wasm.swam.txt,63166
[17-1][19-1][44-1][51-2].wasm.swam.txt,[44-1][51-2].wasm.swam.txt,4185
[17-1][19-1][44-2][51-2].wasm.swam.txt,[19-2][51-1].wasm.swam.txt,83952
[19-2][44-1][51-1].wasm.swam.txt,[19-2][44-2].wasm.swam.txt,56024
[19-2][44-1].wasm.swam.txt,[44-1][51-2].wasm.swam.txt,93089
[19-2][44-1].wasm.swam.txt,[5-1][6-1][7-1][8-1][51-2].wasm.swam.txt,264258
[19-2][44-1][51-1].wasm.swam.txt,[19-2][44-1][51-2].wasm.swam.txt,200856
[17-1][19-1][51-1].wasm.swam.txt,[19-2].wasm.swam.txt,142136
[19-2][44-1].wasm.swam.txt,[44-2][51-2].wasm.swam.txt,114648
[19-2][44-1].wasm.swam.txt,[44-1][51-1].wasm.swam.txt,159420
[19-2][44-1][51-1].wasm.swam.txt,[19-2][51-1].wasm.swam.txt,395
[17-1][19-1][44-2][51-2].wasm.swam.txt,[19-2][44-1].wasm.swam.txt,7678
[19-2][44-1].wasm.swam.txt,[19-2][44-1][51-2].wasm.swam.txt,20
[19-2][44-1][51-1].wasm.swam.txt,[44-1].wasm.swam.txt,20
[19-2][44-1][51-1].wasm.swam.txt,[44-2][51-2].wasm.swam.txt,2938
[19-2][44-1][51-2].wasm.swam.txt,[19-2][44-2][51-1].wasm.swam.txt,666
[19-2][44-1][51-1].wasm.swam.txt,[5-1].wasm.swam.txt,295869
[19-2][44-1][51-1].wasm.swam.txt,[5-1][6-1][7-1][8-1][51-2].wasm.swam.txt,159848
[19-2].wasm.swam.txt,[19-2][51-2].wasm.swam.txt,186310
[17-1][19-1][51-2].wasm.swam.txt,[19-2][44-2][51-2].wasm.swam.txt,76454
[19-2][44-1][51-2].wasm.swam.txt,[19-2][44-2].wasm.swam.txt,317854
[17-1][19-1][44-2][51-2].wasm.swam.txt,[44-2].wasm.swam.txt,30635
[19-2][44-1][51-2].wasm.swam.txt,[44-1][51-2].wasm.swam.txt,5
[19-2][44-1][51-2].wasm.swam.txt,[44-1].wasm.swam.txt,0
[19-2][44-1][51-2].wasm.swam.txt,[44-2][51-1].wasm.swam.txt,4027
[19-2][44-1][51-1].wasm.swam.txt,[19-2][44-2][51-1].wasm.swam.txt,4017
[19-2][44-1][51-2].wasm.swam.txt,[44-2].wasm.swam.txt,213065
[17-1][19-1][51-2].wasm.swam.txt,[19-2].wasm.swam.txt,80783
[19-2][44-1].wasm.swam.txt,[44-1].wasm.swam.txt,12272
[19-2][44-1][51-1].wasm.swam.txt,[44-2].wasm.swam.txt,80147
[19-2][44-1][51-2].wasm.swam.txt,[5-1].wasm.swam.txt,9279
[19-2][44-1][51-2].wasm.swam.txt,[44-2][51-2].wasm.swam.txt,0
[19-2].wasm.swam.txt,[19-2][44-2][51-2].wasm.swam.txt,100777
[19-2][44-1][51-2].wasm.swam.txt,[5-1][6-1][7-1][8-1][51-2].wasm.swam.txt,186233
[19-2].wasm.swam.txt,[44-1].wasm.swam.txt,245961
[19-2][44-2].wasm.swam.txt,[44-1][51-1].wasm.swam.txt,160737
[19-2].wasm.swam.txt,[19-2][44-1][51-2].wasm.swam.txt,0
[19-2][44-2].wasm.swam.txt,[19-2][44-2][51-1].wasm.swam.txt,250779
[19-2][44-2].wasm.swam.txt,[44-2].wasm.swam.txt,91090
[19-2][44-2].wasm.swam.txt,[19-2][44-2][51-2].wasm.swam.txt,70578
[19-2][44-1].wasm.swam.txt,[19-2][51-2].wasm.swam.txt,93549
[19-2][44-2].wasm.swam.txt,[44-1].wasm.swam.txt,195981
[19-2][44-2].wasm.swam.txt,[44-2][51-1].wasm.swam.txt,227223
[19-2][44-1].wasm.swam.txt,[44-2].wasm.swam.txt,187674
[19-2].wasm.swam.txt,[19-2][44-2].wasm.swam.txt,246725
[19-2][44-2].wasm.swam.txt,[5-1].wasm.swam.txt,102
[19-2][44-2].wasm.swam.txt,[44-2][51-2].wasm.swam.txt,81610
[19-2][44-2].wasm.swam.txt,[5-1][6-1][7-1][8-1][51-2].wasm.swam.txt,164558
[17-1][19-1][51-1].wasm.swam.txt,[19-2][44-1][51-1].wasm.swam.txt,224851
[19-2][44-2][51-1].wasm.swam.txt,[19-2][44-2][51-2].wasm.swam.txt,125
[19-2][44-2][51-1].wasm.swam.txt,[19-2][51-1].wasm.swam.txt,23512
[19-2][44-2][51-1].wasm.swam.txt,[44-1][51-1].wasm.swam.txt,0
[19-2][44-2][51-1].wasm.swam.txt,[44-1][51-2].wasm.swam.txt,810
[19-2][44-2][51-1].wasm.swam.txt,[44-2].wasm.swam.txt,1150
[19-2][44-2][51-1].wasm.swam.txt,[44-2][51-1].wasm.swam.txt,14385
[19-2][44-2][51-1].wasm.swam.txt,[44-2][51-2].wasm.swam.txt,49640
[19-2][44-2][51-1].wasm.swam.txt,[5-1].wasm.swam.txt,59781
[19-2][44-2][51-1].wasm.swam.txt,[5-1][6-1][7-1][8-1][51-2].wasm.swam.txt,31559
[19-2][44-2][51-1].wasm.swam.txt,[44-1].wasm.swam.txt,5
[17-1][19-1][51-1].wasm.swam.txt,[19-2][44-2][51-1].wasm.swam.txt,180
[19-2][44-1][51-2].wasm.swam.txt,[19-2][44-2][51-2].wasm.swam.txt,862
[19-2][44-2][51-2].wasm.swam.txt,[44-2].wasm.swam.txt,43306
[19-2][44-2][51-2].wasm.swam.txt,[44-2][51-1].wasm.swam.txt,0
[17-1][19-1][51-2].wasm.swam.txt,[19-2][51-2].wasm.swam.txt,46253
[19-2][44-2][51-2].wasm.swam.txt,[44-2][51-2].wasm.swam.txt,437
[19-2][44-2][51-2].wasm.swam.txt,[5-1].wasm.swam.txt,630
[19-2][44-2][51-2].wasm.swam.txt,[5-1][6-1][7-1][8-1][51-2].wasm.swam.txt,0
[19-2][51-1].wasm.swam.txt,[44-1][51-2].wasm.swam.txt,126948
[19-2][51-1].wasm.swam.txt,[44-2][51-1].wasm.swam.txt,200
[19-2][51-1].wasm.swam.txt,[44-2][51-2].wasm.swam.txt,56536
[19-2].wasm.swam.txt,[44-1][51-1].wasm.swam.txt,56426
[19-2][51-1].wasm.swam.txt,[5-1].wasm.swam.txt,117134
[19-2][51-2].wasm.swam.txt,[44-1].wasm.swam.txt,311138
[19-2][51-1].wasm.swam.txt,[5-1][6-1][7-1][8-1][51-2].wasm.swam.txt,91974
[19-2][44-1].wasm.swam.txt,[19-2][44-1][51-1].wasm.swam.txt,133521
[19-2][51-2].wasm.swam.txt,[44-2].wasm.swam.txt,186266
[19-2][51-2].wasm.swam.txt,[44-2][51-2].wasm.swam.txt,62424
[19-2][51-2].wasm.swam.txt,[44-2][51-1].wasm.swam.txt,229651
[19-2][44-2].wasm.swam.txt,[19-2][51-1].wasm.swam.txt,177950
[19-2][51-2].wasm.swam.txt,[5-1][6-1][7-1][8-1][51-2].wasm.swam.txt,322657
[19-2][51-2].wasm.swam.txt,[5-1].wasm.swam.txt,32613
[19-2][44-1][51-1].wasm.swam.txt,[19-2][44-2][51-2].wasm.swam.txt,0
[19-2][51-1].wasm.swam.txt,[44-1].wasm.swam.txt,13766
[44-1].wasm.swam.txt,[44-1][51-1].wasm.swam.txt,0
[19-2][44-2][51-1].wasm.swam.txt,[19-2][51-2].wasm.swam.txt,6689
[44-1].wasm.swam.txt,[5-1].wasm.swam.txt,20259
[44-1].wasm.swam.txt,[44-2][51-2].wasm.swam.txt,7024
[44-1].wasm.swam.txt,[44-2].wasm.swam.txt,142
[44-1].wasm.swam.txt,[44-2][51-1].wasm.swam.txt,19
[44-1].wasm.swam.txt,[5-1][6-1][7-1][8-1][51-2].wasm.swam.txt,19
[44-1][51-1].wasm.swam.txt,[44-1][51-2].wasm.swam.txt,21
[19-2][44-1][51-1].wasm.swam.txt,[19-2][51-2].wasm.swam.txt,4273
[44-1][51-1].wasm.swam.txt,[44-2][51-2].wasm.swam.txt,4544
[44-1][51-1].wasm.swam.txt,[44-2].wasm.swam.txt,4525
[44-1][51-1].wasm.swam.txt,[44-2][51-1].wasm.swam.txt,4525
[44-1][51-1].wasm.swam.txt,[5-1].wasm.swam.txt,4395
[44-1][51-1].wasm.swam.txt,[5-1][6-1][7-1][8-1][51-2].wasm.swam.txt,91508
[19-2][44-1][51-2].wasm.swam.txt,[19-2][51-1].wasm.swam.txt,309469
[19-2].wasm.swam.txt,[19-2][44-1][51-1].wasm.swam.txt,0
[44-1][51-2].wasm.swam.txt,[44-2][51-1].wasm.swam.txt,391326
[44-1][51-2].wasm.swam.txt,[44-2][51-2].wasm.swam.txt,392119
[44-1][51-2].wasm.swam.txt,[5-1].wasm.swam.txt,385391
[44-2].wasm.swam.txt,[44-2][51-1].wasm.swam.txt,426883
[44-1][51-2].wasm.swam.txt,[5-1][6-1][7-1][8-1][51-2].wasm.swam.txt,554424
[19-2][44-2][51-2].wasm.swam.txt,[44-1].wasm.swam.txt,563291
[19-2][44-2].wasm.swam.txt,[19-2][51-2].wasm.swam.txt,563291
[19-2][44-1][51-1].wasm.swam.txt,[44-2][51-1].wasm.swam.txt,563028
[19-2][44-1][51-2].wasm.swam.txt,[19-2][51-2].wasm.swam.txt,545089
[19-2][44-1][51-1].wasm.swam.txt,[44-1][51-1].wasm.swam.txt,698848
[19-2][44-1][51-1].wasm.swam.txt,[44-1][51-2].wasm.swam.txt,492758
[44-1][51-2].wasm.swam.txt,[44-2].wasm.swam.txt,432038
[44-2].wasm.swam.txt,[44-2][51-2].wasm.swam.txt,0
[44-2][51-1].wasm.swam.txt,[44-2][51-2].wasm.swam.txt,0
[44-2].wasm.swam.txt,[5-1].wasm.swam.txt,200557
[44-2].wasm.swam.txt,[5-1][6-1][7-1][8-1][51-2].wasm.swam.txt,264312
[5-1].wasm.swam.txt,[5-1][6-1][7-1][8-1][51-2].wasm.swam.txt,274931
[44-2][51-1].wasm.swam.txt,[5-1].wasm.swam.txt,370806
[19-2][51-1].wasm.swam.txt,[19-2][51-2].wasm.swam.txt,356493
[44-2][51-2].wasm.swam.txt,[5-1].wasm.swam.txt,374497
[19-2][44-1][51-2].wasm.swam.txt,[44-1][51-1].wasm.swam.txt,331359
[44-2][51-1].wasm.swam.txt,[5-1][6-1][7-1][8-1][51-2].wasm.swam.txt,331307
[44-2][51-2].wasm.swam.txt,[5-1][6-1][7-1][8-1][51-2].wasm.swam.txt,331112
[19-2][44-2].wasm.swam.txt,[44-1][51-2].wasm.swam.txt,451793
[19-2][51-2].wasm.swam.txt,[44-1][51-1].wasm.swam.txt,431454
[44-1].wasm.swam.txt,[44-1][51-2].wasm.swam.txt,391737
[19-2][44-2][51-2].wasm.swam.txt,[44-1][51-1].wasm.swam.txt,600453
[19-2][51-1].wasm.swam.txt,[44-2].wasm.swam.txt,600453
[19-2][51-1].wasm.swam.txt,[44-1][51-1].wasm.swam.txt,588263
[19-2][51-2].wasm.swam.txt,[44-1][51-2].wasm.swam.txt,713211
[19-2][44-2][51-2].wasm.swam.txt,[44-1][51-2].wasm.swam.txt,617103
[19-2][44-2][51-2].wasm.swam.txt,[19-2][51-1].wasm.swam.txt,713674
[19-2][44-2][51-2].wasm.swam.txt,[19-2][51-2].wasm.swam.txt,753460
