t1,t2,diff
Averages-Root_mean_square.wasm.~1~.swam.txt,[0-1][1-10][2-2].wasm.swam.txt,5862
Averages-Root_mean_square.wasm.~1~.swam.txt,[0-1][1-1].wasm.swam.txt,877
Averages-Root_mean_square.wasm.~1~.swam.txt,[0-1][1-1][2-2].wasm.swam.txt,5560
Averages-Root_mean_square.wasm.~1~.swam.txt,[0-1][1-4].wasm.swam.txt,6377
Averages-Root_mean_square.wasm.~1~.swam.txt,[0-1][1-4][2-2].wasm.swam.txt,817
Averages-Root_mean_square.wasm.~1~.swam.txt,[0-1][1-9].wasm.swam.txt,6088
Averages-Root_mean_square.wasm.~1~.swam.txt,[0-1][1-9][2-2].wasm.swam.txt,6088
[0-1][1-10][2-2].wasm.swam.txt,[0-1][1-1].wasm.swam.txt,655
[0-1][1-10][2-2].wasm.swam.txt,[0-1][1-1][2-2].wasm.swam.txt,645
[0-1][1-10][2-2].wasm.swam.txt,[0-1][1-4].wasm.swam.txt,711
[0-1][1-10][2-2].wasm.swam.txt,[0-1][1-4][2-2].wasm.swam.txt,707
[0-1][1-10][2-2].wasm.swam.txt,[0-1][1-9].wasm.swam.txt,497
[0-1][1-10][2-2].wasm.swam.txt,[0-1][1-9][2-2].wasm.swam.txt,493
[0-1][1-1].wasm.swam.txt,[0-1][1-1][2-2].wasm.swam.txt,0
[0-1][1-1].wasm.swam.txt,[0-1][1-4].wasm.swam.txt,100
[0-1][1-1].wasm.swam.txt,[0-1][1-4][2-2].wasm.swam.txt,110
[0-1][1-1].wasm.swam.txt,[0-1][1-9].wasm.swam.txt,245
[0-1][1-1].wasm.swam.txt,[0-1][1-9][2-2].wasm.swam.txt,255
[0-1][1-1][2-2].wasm.swam.txt,[0-1][1-4].wasm.swam.txt,100
[0-1][1-1][2-2].wasm.swam.txt,[0-1][1-4][2-2].wasm.swam.txt,100
[0-1][1-1][2-2].wasm.swam.txt,[0-1][1-9].wasm.swam.txt,6355
[0-1][1-1][2-2].wasm.swam.txt,[0-1][1-9][2-2].wasm.swam.txt,245
[0-1][1-4].wasm.swam.txt,[0-1][1-4][2-2].wasm.swam.txt,10
[0-1][1-4].wasm.swam.txt,[0-1][1-9].wasm.swam.txt,104
[0-1][1-4].wasm.swam.txt,[0-1][1-9][2-2].wasm.swam.txt,214
[0-1][1-4][2-2].wasm.swam.txt,[0-1][1-9].wasm.swam.txt,204
[0-1][1-4][2-2].wasm.swam.txt,[0-1][1-9][2-2].wasm.swam.txt,204
[0-1][1-9].wasm.swam.txt,[0-1][1-9][2-2].wasm.swam.txt,14
