t1,t2,diff
[0-1][4-1].wasm.swam.txt,[0-1][4-1][5-1].wasm.swam.txt,17
[0-1][4-1][5-1].wasm.swam.txt,[0-1][5-1].wasm.swam.txt,101056
[0-1][4-1].wasm.swam.txt,[0-1][5-1].wasm.swam.txt,112292
[0-1][4-1][5-1].wasm.swam.txt,[0-1][6-1].wasm.swam.txt,793092
[0-1][1-1].wasm.swam.txt,[0-1][6-1].wasm.swam.txt,559887
[0-1][4-1].wasm.swam.txt,[0-1][6-1].wasm.swam.txt,510723
[0-1][1-1].wasm.swam.txt,[0-1][4-1][5-1].wasm.swam.txt,813999
[0-1][5-1].wasm.swam.txt,[0-1][6-1].wasm.swam.txt,768671
[0-1][1-1].wasm.swam.txt,[0-1][5-1].wasm.swam.txt,1193204
[0-1][1-1].wasm.swam.txt,[0-1][4-1].wasm.swam.txt,897778
