t1,t2,diff
[0-1][4-1].wasm.swam.txt,[17-12].wasm.swam.txt,1297
[0-1][4-1].wasm.swam.txt,[17-13].wasm.swam.txt,5988
[0-1][4-1].wasm.swam.txt,[17-4].wasm.swam.txt,6534
[0-1][4-1].wasm.swam.txt,[17-5].wasm.swam.txt,43
[0-1][4-1].wasm.swam.txt,[17-6].wasm.swam.txt,5448
[17-12].wasm.swam.txt,[17-13].wasm.swam.txt,4
[17-12].wasm.swam.txt,[17-4].wasm.swam.txt,20
[17-12].wasm.swam.txt,[17-5].wasm.swam.txt,30
[17-12].wasm.swam.txt,[17-6].wasm.swam.txt,4
[17-13].wasm.swam.txt,[17-4].wasm.swam.txt,20
[17-13].wasm.swam.txt,[17-5].wasm.swam.txt,27
[17-13].wasm.swam.txt,[17-6].wasm.swam.txt,10
[17-4].wasm.swam.txt,[17-5].wasm.swam.txt,14
[17-4].wasm.swam.txt,[17-6].wasm.swam.txt,17
[17-5].wasm.swam.txt,[17-6].wasm.swam.txt,27
