t1,t2,diff
[0-1][1-1].wasm.swam.txt,[0-1][1-1][3-1][4-1][8-1][9-1].wasm.swam.txt,21813
[0-1][1-1][3-1][4-1].wasm.swam.txt,[0-1][1-1][3-1][4-1][8-1][9-1].wasm.swam.txt,0
[0-0].wasm.swam.txt,[0-1][1-1][3-1][4-2].wasm.swam.txt,0
[0-0].wasm.swam.txt,[1-1][4-5].wasm.swam.txt,0
[0-0].wasm.swam.txt,[0-1][1-1][4-3].wasm.swam.txt,30
[0-0].wasm.swam.txt,[0-1][1-1][3-1][4-5].wasm.swam.txt,133
[0-0].wasm.swam.txt,[1-1][4-4].wasm.swam.txt,142
[0-0].wasm.swam.txt,[1-8].wasm.swam.txt,133
[0-0].wasm.swam.txt,[0-1][1-1][4-2].wasm.swam.txt,195
[0-0].wasm.swam.txt,[1-1][3-1][4-1].wasm.swam.txt,142
[0-0].wasm.swam.txt,[1-1][3-1][4-1][8-1][9-1].wasm.swam.txt,149
[0-0].wasm.swam.txt,[0-1][1-1][3-1][4-3].wasm.swam.txt,
[0-0].wasm.swam.txt,[1-1][4-1].wasm.swam.txt,133
[0-0].wasm.swam.txt,[1-1][4-2].wasm.swam.txt,133
[0-0].wasm.swam.txt,[0-1][1-1][4-1][8-1][9-1].wasm.swam.txt,0
[0-1][1-1][3-1][4-1].wasm.swam.txt,[1-1][10-2].wasm.~1~.swam.txt,66
[0-0].wasm.swam.txt,[1-1][3-1][4-4].wasm.swam.txt,132
[0-0].wasm.swam.txt,[0-1][1-1][4-4].wasm.swam.txt,
[0-0].wasm.swam.txt,[0-1][1-1][4-5].wasm.swam.txt,342
[0-0].wasm.swam.txt,[1-1][3-1][4-5].wasm.swam.txt,133
[0-0].wasm.swam.txt,[1-1][4-3].wasm.swam.txt,
[0-0].wasm.swam.txt,[1-2].wasm.swam.txt,324
[0-0].wasm.swam.txt,[1-0].wasm.swam.txt,296
[0-0].wasm.swam.txt,[1-2][2-1][9-7].wasm.swam.txt,69
[0-0].wasm.swam.txt,[1-1][3-1][4-2].wasm.swam.txt,250
[0-0].wasm.swam.txt,[1-1][10-1][11-1].wasm.swam.txt,64
[0-0].wasm.swam.txt,[1-1][4-1][8-1][9-1].wasm.swam.txt,75
[0-0].wasm.swam.txt,[0-1][1-1][4-1].wasm.swam.txt,16251
[0-0].wasm.swam.txt,[0-1][1-1][3-1][4-4].wasm.swam.txt,16251
[0-1][1-1].wasm.swam.txt,[0-1][1-1][3-1][4-1].wasm.swam.txt,5357
[0-0].wasm.swam.txt,[0-1][1-1].wasm.swam.txt,16251
[0-0].wasm.swam.txt,[1-1][10-2].wasm.~1~.swam.txt,18969
[0-0].wasm.swam.txt,[1-1][10-1].wasm.~1~.swam.txt,19048
[0-0].wasm.swam.txt,[1-1][10-3].wasm.~1~.swam.txt,19048
[0-0].wasm.swam.txt,[1-1][10-4].wasm.~1~.swam.txt,19048
[0-1][1-1].wasm.swam.txt,[1-2][2-1][9-7].wasm.swam.txt,560
[0-1][1-1].wasm.swam.txt,[1-0].wasm.swam.txt,0
[0-1][1-1].wasm.swam.txt,[0-1][1-1][3-1][4-2].wasm.swam.txt,8
[0-1][1-1].wasm.swam.txt,[0-1][1-1][4-1].wasm.swam.txt,0
[0-1][1-1].wasm.swam.txt,[0-1][1-1][3-1][4-5].wasm.swam.txt,336
[0-1][1-1].wasm.swam.txt,[1-1][4-1][8-1][9-1].wasm.swam.txt,560
[0-1][1-1][3-1][4-1].wasm.swam.txt,[0-1][1-1][4-5].wasm.swam.txt,320
[0-1][1-1].wasm.swam.txt,[1-8].wasm.swam.txt,420
[0-1][1-1].wasm.swam.txt,[1-1][3-1][4-2].wasm.swam.txt,696
[0-1][1-1].wasm.swam.txt,[1-1][4-2].wasm.swam.txt,560
[0-1][1-1].wasm.swam.txt,[0-1][1-1][4-4].wasm.swam.txt,774
[0-1][1-1].wasm.swam.txt,[0-1][1-1][4-2].wasm.swam.txt,14140
[0-1][1-1].wasm.swam.txt,[1-1][4-5].wasm.swam.txt,726
[0-1][1-1].wasm.swam.txt,[1-1][10-1][11-1].wasm.swam.txt,770
[0-1][1-1].wasm.swam.txt,[1-2].wasm.swam.txt,220
[0-1][1-1].wasm.swam.txt,[1-1][3-1][4-4].wasm.swam.txt,560
[0-1][1-1].wasm.swam.txt,[0-1][1-1][4-3].wasm.swam.txt,642
[0-1][1-1].wasm.swam.txt,[1-1][4-1].wasm.swam.txt,832
[0-1][1-1].wasm.swam.txt,[0-1][1-1][3-1][4-3].wasm.swam.txt,464
[0-1][1-1].wasm.swam.txt,[0-1][1-1][3-1][4-4].wasm.swam.txt,0
[0-1][1-1].wasm.swam.txt,[1-1][10-1].wasm.~1~.swam.txt,680
[0-1][1-1].wasm.swam.txt,[1-1][3-1][4-5].wasm.swam.txt,642
[0-1][1-1].wasm.swam.txt,[1-1][4-3].wasm.swam.txt,900
[0-1][1-1].wasm.swam.txt,[1-1][3-1][4-1].wasm.swam.txt,3712
[0-1][1-1].wasm.swam.txt,[0-1][1-1][4-1][8-1][9-1].wasm.swam.txt,3290
[0-1][1-1].wasm.swam.txt,[1-1][3-1][4-1][8-1][9-1].wasm.swam.txt,900
[0-0].wasm.swam.txt,[0-1][1-1][3-1][4-1][8-1][9-1].wasm.swam.txt,2404
[0-1][1-1].wasm.swam.txt,[1-1][4-4].wasm.swam.txt,
[0-1][1-1][3-1][4-1].wasm.swam.txt,[0-1][1-1][3-1][4-3].wasm.swam.txt,1157
[0-1][1-1].wasm.swam.txt,[1-1][10-2].wasm.~1~.swam.txt,975
[0-1][1-1][3-1][4-1].wasm.swam.txt,[1-1][3-1][4-2].wasm.swam.txt,1172
[0-1][1-1][3-1][4-1].wasm.swam.txt,[0-1][1-1][3-1][4-5].wasm.swam.txt,1438
[0-1][1-1][3-1][4-1].wasm.swam.txt,[0-1][1-1][4-1][8-1][9-1].wasm.swam.txt,1093
[0-0].wasm.swam.txt,[0-1][1-1][3-1][4-1].wasm.swam.txt,2494
[0-1][1-1][3-1][4-1].wasm.swam.txt,[0-1][1-1][4-2].wasm.swam.txt,1073
[0-1][1-1][3-1][4-1].wasm.swam.txt,[1-1][3-1][4-1][8-1][9-1].wasm.swam.txt,1073
[0-1][1-1][3-1][4-1].wasm.swam.txt,[1-1][4-1].wasm.swam.txt,1172
[0-1][1-1][3-1][4-1].wasm.swam.txt,[1-1][4-1][8-1][9-1].wasm.swam.txt,842
[0-1][1-1][3-1][4-1].wasm.swam.txt,[0-1][1-1][3-1][4-4].wasm.swam.txt,1585
[0-1][1-1][3-1][4-1].wasm.swam.txt,[1-1][4-4].wasm.swam.txt,842
[0-1][1-1][3-1][4-1].wasm.swam.txt,[0-1][1-1][3-1][4-2].wasm.swam.txt,1291
[0-1][1-1][3-1][4-1].wasm.swam.txt,[1-1][3-1][4-1].wasm.swam.txt,1255
[0-1][1-1][3-1][4-1].wasm.swam.txt,[1-1][4-5].wasm.swam.txt,108
[0-1][1-1][3-1][4-1].wasm.swam.txt,[1-1][3-1][4-5].wasm.swam.txt,842
[0-1][1-1].wasm.swam.txt,[1-1][10-3].wasm.~1~.swam.txt,1402
[0-1][1-1][3-1][4-1].wasm.swam.txt,[0-1][1-1][4-1].wasm.swam.txt,1993
[0-1][1-1][3-1][4-1].wasm.swam.txt,[1-1][3-1][4-4].wasm.swam.txt,664
[0-1][1-1].wasm.swam.txt,[0-1][1-1][4-5].wasm.swam.txt,853
[0-1][1-1][3-1][4-1].wasm.swam.txt,[0-1][1-1][4-3].wasm.swam.txt,1402
[0-1][1-1].wasm.swam.txt,[1-1][10-4].wasm.~1~.swam.txt,1112
[0-1][1-1][3-1][4-1].wasm.swam.txt,[0-1][1-1][4-4].wasm.swam.txt,640
[0-1][1-1][3-1][4-1].wasm.swam.txt,[1-1][4-3].wasm.swam.txt,1112
[0-1][1-1][3-1][4-1].wasm.swam.txt,[1-2].wasm.swam.txt,16435
[0-1][1-1][3-1][4-1].wasm.swam.txt,[1-1][10-1][11-1].wasm.swam.txt,842
[0-1][1-1][3-1][4-1].wasm.swam.txt,[1-1][4-2].wasm.swam.txt,16535
[0-1][1-1][3-1][4-1].wasm.swam.txt,[1-0].wasm.swam.txt,15985
[0-1][1-1][3-1][4-1].wasm.swam.txt,[1-2][2-1][9-7].wasm.swam.txt,16189
[0-1][1-1][3-1][4-1].wasm.swam.txt,[1-1][10-3].wasm.~1~.swam.txt,19059
[0-1][1-1][3-1][4-1].wasm.swam.txt,[1-1][10-4].wasm.~1~.swam.txt,19059
[0-1][1-1][3-1][4-1].wasm.swam.txt,[1-1][10-1].wasm.~1~.swam.txt,19059
[0-1][1-1][3-1][4-1].wasm.swam.txt,[1-8].wasm.swam.txt,1316
[0-1][1-1][3-1][4-1][8-1][9-1].wasm.swam.txt,[0-1][1-1][3-1][4-2].wasm.swam.txt,22029
[0-1][1-1][3-1][4-1][8-1][9-1].wasm.swam.txt,[0-1][1-1][4-1].wasm.swam.txt,951
[0-1][1-1][3-1][4-1][8-1][9-1].wasm.swam.txt,[0-1][1-1][4-2].wasm.swam.txt,972
[0-1][1-1][3-1][4-1][8-1][9-1].wasm.swam.txt,[0-1][1-1][3-1][4-4].wasm.swam.txt,972
[0-1][1-1][3-1][4-1][8-1][9-1].wasm.swam.txt,[0-1][1-1][4-1][8-1][9-1].wasm.swam.txt,927
[0-1][1-1][3-1][4-1][8-1][9-1].wasm.swam.txt,[0-1][1-1][3-1][4-5].wasm.swam.txt,972
[0-1][1-1][3-1][4-1][8-1][9-1].wasm.swam.txt,[0-1][1-1][3-1][4-3].wasm.swam.txt,1188
[0-1][1-1][3-1][4-2].wasm.swam.txt,[0-1][1-1][3-1][4-3].wasm.swam.txt,15036
[0-1][1-1][3-1][4-1][8-1][9-1].wasm.swam.txt,[0-1][1-1][4-5].wasm.swam.txt,1004
[0-1][1-1][3-1][4-1][8-1][9-1].wasm.swam.txt,[1-1][3-1][4-5].wasm.swam.txt,992
[0-1][1-1][3-1][4-1][8-1][9-1].wasm.swam.txt,[1-8].wasm.swam.txt,1004
[0-1][1-1][3-1][4-1][8-1][9-1].wasm.swam.txt,[1-1][10-1][11-1].wasm.swam.txt,963
[0-1][1-1][3-1][4-1][8-1][9-1].wasm.swam.txt,[1-1][4-2].wasm.swam.txt,992
[0-1][1-1][3-1][4-1][8-1][9-1].wasm.swam.txt,[1-1][3-1][4-2].wasm.swam.txt,998
[0-1][1-1][3-1][4-1][8-1][9-1].wasm.swam.txt,[1-1][4-1][8-1][9-1].wasm.swam.txt,992
[0-1][1-1][3-1][4-1][8-1][9-1].wasm.swam.txt,[1-1][4-1].wasm.swam.txt,992
[0-1][1-1][3-1][4-1][8-1][9-1].wasm.swam.txt,[0-1][1-1][4-3].wasm.swam.txt,998
[0-1][1-1][3-1][4-1][8-1][9-1].wasm.swam.txt,[1-1][4-5].wasm.swam.txt,992
[0-1][1-1][3-1][4-1][8-1][9-1].wasm.swam.txt,[1-1][3-1][4-4].wasm.swam.txt,992
[0-1][1-1][3-1][4-1][8-1][9-1].wasm.swam.txt,[1-1][3-1][4-1].wasm.swam.txt,992
[0-1][1-1][3-1][4-1][8-1][9-1].wasm.swam.txt,[1-2].wasm.swam.txt,0
[0-1][1-1][3-1][4-1][8-1][9-1].wasm.swam.txt,[1-2][2-1][9-7].wasm.swam.txt,550
[0-1][1-1][3-1][4-1][8-1][9-1].wasm.swam.txt,[1-1][4-3].wasm.swam.txt,1230
[0-1][1-1][3-1][4-1][8-1][9-1].wasm.swam.txt,[1-0].wasm.swam.txt,1122
[0-1][1-1][3-1][4-1][8-1][9-1].wasm.swam.txt,[0-1][1-1][4-4].wasm.swam.txt,1230
[0-1][1-1][3-1][4-1][8-1][9-1].wasm.swam.txt,[1-1][4-4].wasm.swam.txt,1230
[0-1][1-1][3-1][4-1][8-1][9-1].wasm.swam.txt,[1-1][3-1][4-1][8-1][9-1].wasm.swam.txt,1230
[0-1][1-1][3-1][4-1][8-1][9-1].wasm.swam.txt,[1-1][10-4].wasm.~1~.swam.txt,18753
[0-1][1-1][3-1][4-1][8-1][9-1].wasm.swam.txt,[1-1][10-3].wasm.~1~.swam.txt,18753
[0-1][1-1][3-1][4-1][8-1][9-1].wasm.swam.txt,[1-1][10-2].wasm.~1~.swam.txt,18969
[0-1][1-1][3-1][4-1][8-1][9-1].wasm.swam.txt,[1-1][10-1].wasm.~1~.swam.txt,18969
[0-1][1-1][3-1][4-2].wasm.swam.txt,[0-1][1-1][4-5].wasm.swam.txt,1318
[0-1][1-1][3-1][4-3].wasm.swam.txt,[1-1][3-1][4-1][8-1][9-1].wasm.swam.txt,1208
[0-1][1-1][3-1][4-3].wasm.swam.txt,[1-0].wasm.swam.txt,594
[0-1][1-1][3-1][4-3].wasm.swam.txt,[1-1][4-1][8-1][9-1].wasm.swam.txt,8412
[0-1][1-1][3-1][4-3].wasm.swam.txt,[1-1][3-1][4-2].wasm.swam.txt,118
[0-1][1-1][3-1][4-3].wasm.swam.txt,[0-1][1-1][4-1][8-1][9-1].wasm.swam.txt,599
[0-1][1-1][3-1][4-3].wasm.swam.txt,[1-1][4-1].wasm.swam.txt,8016
[0-1][1-1][3-1][4-3].wasm.swam.txt,[1-1][10-1][11-1].wasm.swam.txt,133
[0-1][1-1][3-1][4-3].wasm.swam.txt,[0-1][1-1][4-1].wasm.swam.txt,580
[0-1][1-1][3-1][4-3].wasm.swam.txt,[1-1][3-1][4-1].wasm.swam.txt,9
[0-1][1-1][3-1][4-3].wasm.swam.txt,[0-1][1-1][4-2].wasm.swam.txt,108
[0-1][1-1][3-1][4-3].wasm.swam.txt,[0-1][1-1][4-4].wasm.swam.txt,8680
[0-1][1-1][3-1][4-3].wasm.swam.txt,[0-1][1-1][4-5].wasm.swam.txt,582
[0-1][1-1][3-1][4-3].wasm.swam.txt,[1-1][3-1][4-5].wasm.swam.txt,558
[0-1][1-1][3-1][4-3].wasm.swam.txt,[0-1][1-1][3-1][4-4].wasm.swam.txt,448
[0-1][1-1][3-1][4-3].wasm.swam.txt,[0-1][1-1][4-3].wasm.swam.txt,10
[0-1][1-1][3-1][4-3].wasm.swam.txt,[0-1][1-1][3-1][4-5].wasm.swam.txt,9
[0-1][1-1][3-1][4-3].wasm.swam.txt,[1-1][3-1][4-4].wasm.swam.txt,118
[0-1][1-1][3-1][4-3].wasm.swam.txt,[1-1][4-3].wasm.swam.txt,582
[0-1][1-1][3-1][4-3].wasm.swam.txt,[1-1][4-2].wasm.swam.txt,1122
[0-1][1-1][3-1][4-3].wasm.swam.txt,[1-1][4-4].wasm.swam.txt,1338
[0-1][1-1][3-1][4-3].wasm.swam.txt,[1-1][10-3].wasm.~1~.swam.txt,18927
[0-1][1-1][3-1][4-3].wasm.swam.txt,[1-1][10-1].wasm.~1~.swam.txt,19319
[0-1][1-1][3-1][4-3].wasm.swam.txt,[1-1][10-4].wasm.~1~.swam.txt,19059
[0-1][1-1][3-1][4-3].wasm.swam.txt,[1-1][10-2].wasm.~1~.swam.txt,19293
[0-1][1-1][3-1][4-2].wasm.swam.txt,[1-8].wasm.swam.txt,414
[0-1][1-1][3-1][4-2].wasm.swam.txt,[1-1][4-5].wasm.swam.txt,379
[0-1][1-1][3-1][4-2].wasm.swam.txt,[1-1][3-1][4-1][8-1][9-1].wasm.swam.txt,546
[0-1][1-1][3-1][4-2].wasm.swam.txt,[1-2].wasm.swam.txt,540
[0-1][1-1][3-1][4-2].wasm.swam.txt,[1-2][2-1][9-7].wasm.swam.txt,540
[0-1][1-1][3-1][4-2].wasm.swam.txt,[0-1][1-1][4-2].wasm.swam.txt,0
[0-1][1-1][3-1][4-2].wasm.swam.txt,[0-1][1-1][4-1].wasm.swam.txt,0
[0-1][1-1][3-1][4-2].wasm.swam.txt,[1-1][4-1][8-1][9-1].wasm.swam.txt,3
[0-1][1-1][3-1][4-2].wasm.swam.txt,[0-1][1-1][4-3].wasm.swam.txt,0
[0-1][1-1][3-1][4-2].wasm.swam.txt,[1-1][3-1][4-2].wasm.swam.txt,14490
[0-1][1-1][3-1][4-2].wasm.swam.txt,[1-1][4-1].wasm.swam.txt,0
[0-1][1-1][4-1].wasm.swam.txt,[0-1][1-1][4-4].wasm.swam.txt,845
[0-1][1-1][4-1].wasm.swam.txt,[1-1][10-1][11-1].wasm.swam.txt,690
[0-1][1-1][4-1].wasm.swam.txt,[1-1][3-1][4-5].wasm.swam.txt,3239
[0-1][1-1][4-1].wasm.swam.txt,[0-1][1-1][4-5].wasm.swam.txt,62
[0-1][1-1][4-1].wasm.swam.txt,[0-1][1-1][4-1][8-1][9-1].wasm.swam.txt,820
[0-1][1-1][3-1][4-2].wasm.swam.txt,[1-0].wasm.swam.txt,6
[0-1][1-1][3-1][4-2].wasm.swam.txt,[1-1][10-1][11-1].wasm.swam.txt,3277
[0-1][1-1][4-1].wasm.swam.txt,[0-1][1-1][4-3].wasm.swam.txt,3277
[0-1][1-1][3-1][4-4].wasm.swam.txt,[1-1][3-1][4-1][8-1][9-1].wasm.swam.txt,16959
[0-1][1-1][3-1][4-2].wasm.swam.txt,[1-1][3-1][4-5].wasm.swam.txt,3277
[0-1][1-1][3-1][4-4].wasm.swam.txt,[1-1][4-3].wasm.swam.txt,16214
[0-1][1-1][3-1][4-5].wasm.swam.txt,[1-1][3-1][4-1].wasm.swam.txt,15764
[0-1][1-1][3-1][4-2].wasm.swam.txt,[1-1][3-1][4-1].wasm.swam.txt,6215
[0-1][1-1][3-1][4-5].wasm.swam.txt,[1-1][4-3].wasm.swam.txt,15731
[0-1][1-1][3-1][4-4].wasm.swam.txt,[0-1][1-1][3-1][4-5].wasm.swam.txt,16284
[0-1][1-1][3-1][4-2].wasm.swam.txt,[1-1][3-1][4-4].wasm.swam.txt,690
[0-1][1-1][3-1][4-4].wasm.swam.txt,[0-1][1-1][4-4].wasm.swam.txt,15846
[0-1][1-1][3-1][4-5].wasm.swam.txt,[0-1][1-1][4-3].wasm.swam.txt,16212
[0-1][1-1][3-1][4-2].wasm.swam.txt,[0-1][1-1][4-1][8-1][9-1].wasm.swam.txt,15852
[0-1][1-1][3-1][4-2].wasm.swam.txt,[1-1][4-4].wasm.swam.txt,6212
[0-1][1-1][4-1].wasm.swam.txt,[0-1][1-1][4-2].wasm.swam.txt,6101
[0-1][1-1][3-1][4-5].wasm.swam.txt,[0-1][1-1][4-4].wasm.swam.txt,16212
[0-1][1-1][3-1][4-5].wasm.swam.txt,[1-1][3-1][4-1][8-1][9-1].wasm.swam.txt,15846
[0-1][1-1][3-1][4-4].wasm.swam.txt,[1-1][4-1][8-1][9-1].wasm.swam.txt,16212
[0-1][1-1][3-1][4-4].wasm.swam.txt,[0-1][1-1][4-1].wasm.swam.txt,9472
[0-1][1-1][3-1][4-5].wasm.swam.txt,[1-1][4-4].wasm.swam.txt,15734
[0-1][1-1][3-1][4-2].wasm.swam.txt,[1-1][10-1].wasm.~1~.swam.txt,599
[0-1][1-1][3-1][4-4].wasm.swam.txt,[0-1][1-1][4-2].wasm.swam.txt,15762
[0-1][1-1][3-1][4-2].wasm.swam.txt,[1-1][10-4].wasm.~1~.swam.txt,9242
[0-1][1-1][3-1][4-5].wasm.swam.txt,[1-1][4-5].wasm.swam.txt,11232
[0-1][1-1][3-1][4-2].wasm.swam.txt,[1-1][4-3].wasm.swam.txt,3277
[0-1][1-1][3-1][4-3].wasm.swam.txt,[1-1][4-5].wasm.swam.txt,9242
[0-1][1-1][3-1][4-5].wasm.swam.txt,[1-1][4-2].wasm.swam.txt,8590
[0-1][1-1][3-1][4-5].wasm.swam.txt,[0-1][1-1][4-2].wasm.swam.txt,9242
[0-1][1-1][3-1][4-4].wasm.swam.txt,[1-2][2-1][9-7].wasm.swam.txt,11658
[0-1][1-1][3-1][4-2].wasm.swam.txt,[0-1][1-1][3-1][4-4].wasm.swam.txt,9242
[0-1][1-1][3-1][4-5].wasm.swam.txt,[1-8].wasm.swam.txt,9882
[0-1][1-1][4-1].wasm.swam.txt,[1-1][3-1][4-2].wasm.swam.txt,4467
[0-1][1-1][4-1].wasm.swam.txt,[1-1][10-4].wasm.~1~.swam.txt,11242
[0-1][1-1][3-1][4-5].wasm.swam.txt,[1-1][3-1][4-2].wasm.swam.txt,15377
[0-1][1-1][3-1][4-4].wasm.swam.txt,[1-1][4-2].wasm.swam.txt,8794
[0-1][1-1][3-1][4-3].wasm.swam.txt,[1-2].wasm.swam.txt,9242
[0-1][1-1][3-1][4-4].wasm.swam.txt,[1-1][3-1][4-5].wasm.swam.txt,9883
[0-1][1-1][3-1][4-4].wasm.swam.txt,[0-1][1-1][4-1][8-1][9-1].wasm.swam.txt,8799
[0-1][1-1][3-1][4-5].wasm.swam.txt,[1-1][4-1].wasm.swam.txt,16212
[0-1][1-1][3-1][4-4].wasm.swam.txt,[1-1][4-4].wasm.swam.txt,8266
[0-1][1-1][3-1][4-2].wasm.swam.txt,[1-1][10-3].wasm.~1~.swam.txt,8794
[0-1][1-1][4-1].wasm.swam.txt,[1-1][10-1].wasm.~1~.swam.txt,11242
[0-1][1-1][3-1][4-4].wasm.swam.txt,[1-1][3-1][4-4].wasm.swam.txt,8453
[0-1][1-1][3-1][4-4].wasm.swam.txt,[1-1][10-1][11-1].wasm.swam.txt,9242
[0-1][1-1][3-1][4-5].wasm.swam.txt,[0-1][1-1][4-5].wasm.swam.txt,8574
[0-1][1-1][3-1][4-5].wasm.swam.txt,[0-1][1-1][4-1].wasm.swam.txt,9882
[0-1][1-1][3-1][4-2].wasm.swam.txt,[1-1][4-2].wasm.swam.txt,9882
[0-1][1-1][3-1][4-5].wasm.swam.txt,[1-2].wasm.swam.txt,9240
[0-1][1-1][3-1][4-5].wasm.swam.txt,[0-1][1-1][4-1][8-1][9-1].wasm.swam.txt,9033
[0-1][1-1][3-1][4-4].wasm.swam.txt,[1-1][4-5].wasm.swam.txt,5022
[0-1][1-1][3-1][4-2].wasm.swam.txt,[0-1][1-1][3-1][4-5].wasm.swam.txt,9884
[0-1][1-1][3-1][4-5].wasm.swam.txt,[1-1][3-1][4-5].wasm.swam.txt,17754
[0-1][1-1][3-1][4-4].wasm.swam.txt,[0-1][1-1][4-3].wasm.swam.txt,18302
[0-1][1-1][4-1].wasm.swam.txt,[1-1][3-1][4-1][8-1][9-1].wasm.swam.txt,8772
[0-1][1-1][3-1][4-4].wasm.swam.txt,[1-1][3-1][4-2].wasm.swam.txt,9242
[0-1][1-1][3-1][4-5].wasm.swam.txt,[1-0].wasm.swam.txt,9242
[0-1][1-1][4-1].wasm.swam.txt,[1-1][3-1][4-1].wasm.swam.txt,8439
[0-1][1-1][3-1][4-3].wasm.swam.txt,[1-8].wasm.swam.txt,9242
[0-1][1-1][3-1][4-3].wasm.swam.txt,[1-2][2-1][9-7].wasm.swam.txt,9242
[0-1][1-1][3-1][4-5].wasm.swam.txt,[1-1][3-1][4-4].wasm.swam.txt,8126
[0-1][1-1][3-1][4-4].wasm.swam.txt,[1-1][10-3].wasm.~1~.swam.txt,19073
[0-1][1-1][3-1][4-4].wasm.swam.txt,[0-1][1-1][4-5].wasm.swam.txt,9242
[0-1][1-1][3-1][4-5].wasm.swam.txt,[1-1][4-1][8-1][9-1].wasm.swam.txt,9242
[0-1][1-1][3-1][4-4].wasm.swam.txt,[1-0].wasm.swam.txt,9882
[0-1][1-1][3-1][4-4].wasm.swam.txt,[1-1][10-4].wasm.~1~.swam.txt,18987
[0-1][1-1][3-1][4-5].wasm.swam.txt,[1-1][10-2].wasm.~1~.swam.txt,18853
[0-1][1-1][4-1].wasm.swam.txt,[1-0].wasm.swam.txt,19138
[0-1][1-1][3-1][4-5].wasm.swam.txt,[1-1][10-4].wasm.~1~.swam.txt,18987
[0-1][1-1][3-1][4-5].wasm.swam.txt,[1-1][10-1][11-1].wasm.swam.txt,8351
[0-1][1-1][3-1][4-2].wasm.swam.txt,[0-1][1-1][4-4].wasm.swam.txt,9242
[0-1][1-1][4-1].wasm.swam.txt,[1-1][10-3].wasm.~1~.swam.txt,19303
[0-1][1-1][3-1][4-5].wasm.swam.txt,[1-1][10-3].wasm.~1~.swam.txt,13858
[0-1][1-1][3-1][4-4].wasm.swam.txt,[1-1][3-1][4-1].wasm.swam.txt,8437
[0-1][1-1][3-1][4-5].wasm.swam.txt,[1-2][2-1][9-7].wasm.swam.txt,15359
[0-1][1-1][4-1].wasm.swam.txt,[1-1][3-1][4-4].wasm.swam.txt,15791
[0-1][1-1][3-1][4-4].wasm.swam.txt,[1-8].wasm.swam.txt,8810
[0-1][1-1][4-1].wasm.swam.txt,[1-1][10-2].wasm.~1~.swam.txt,11306
[0-1][1-1][3-1][4-4].wasm.swam.txt,[1-1][4-1].wasm.swam.txt,13961
[0-1][1-1][3-1][4-4].wasm.swam.txt,[1-1][10-1].wasm.~1~.swam.txt,12031
[0-1][1-1][3-1][4-4].wasm.swam.txt,[1-1][10-2].wasm.~1~.swam.txt,19360
[0-1][1-1][3-1][4-5].wasm.swam.txt,[1-1][10-1].wasm.~1~.swam.txt,11498
[0-1][1-1][3-1][4-4].wasm.swam.txt,[1-2].wasm.swam.txt,21514
[0-1][1-1][3-1][4-2].wasm.swam.txt,[1-1][10-2].wasm.~1~.swam.txt,21977
[0-1][1-1][4-1].wasm.swam.txt,[1-1][4-1][8-1][9-1].wasm.swam.txt,18763
[0-1][1-1][4-1].wasm.swam.txt,[1-1][4-2].wasm.swam.txt,0
[0-1][1-1][4-1].wasm.swam.txt,[1-1][4-1].wasm.swam.txt,5380
[0-1][1-1][4-1].wasm.swam.txt,[1-1][4-4].wasm.swam.txt,19316
[0-1][1-1][4-1].wasm.swam.txt,[1-1][4-5].wasm.swam.txt,1316
[0-1][1-1][4-1].wasm.swam.txt,[1-1][4-3].wasm.swam.txt,8498
[0-1][1-1][4-1].wasm.swam.txt,[1-2].wasm.swam.txt,576
[0-1][1-1][4-1].wasm.swam.txt,[1-2][2-1][9-7].wasm.swam.txt,556
[0-1][1-1][4-1].wasm.swam.txt,[1-8].wasm.swam.txt,1332
[0-1][1-1][4-1][8-1][9-1].wasm.swam.txt,[0-1][1-1][4-2].wasm.swam.txt,1188
[0-1][1-1][4-1][8-1][9-1].wasm.swam.txt,[0-1][1-1][4-3].wasm.swam.txt,18692
[0-1][1-1][4-1][8-1][9-1].wasm.swam.txt,[0-1][1-1][4-4].wasm.swam.txt,21813
[0-1][1-1][4-1][8-1][9-1].wasm.swam.txt,[0-1][1-1][4-5].wasm.swam.txt,18151
[0-1][1-1][4-1][8-1][9-1].wasm.swam.txt,[1-0].wasm.swam.txt,1224
[0-1][1-1][4-1][8-1][9-1].wasm.swam.txt,[1-1][10-1][11-1].wasm.swam.txt,560
[0-1][1-1][4-1][8-1][9-1].wasm.swam.txt,[1-1][3-1][4-1].wasm.swam.txt,664
[0-1][1-1][4-1][8-1][9-1].wasm.swam.txt,[1-1][3-1][4-1][8-1][9-1].wasm.swam.txt,19016
[0-1][1-1][4-1][8-1][9-1].wasm.swam.txt,[1-1][3-1][4-2].wasm.swam.txt,10154
[0-1][1-1][4-1][8-1][9-1].wasm.swam.txt,[1-1][10-1].wasm.~1~.swam.txt,2657
[0-1][1-1][4-1][8-1][9-1].wasm.swam.txt,[1-1][3-1][4-4].wasm.swam.txt,1008
[0-1][1-1][4-1][8-1][9-1].wasm.swam.txt,[1-1][10-2].wasm.~1~.swam.txt,2657
[0-1][1-1][4-1][8-1][9-1].wasm.swam.txt,[1-1][4-1].wasm.swam.txt,18744
[0-1][1-1][4-1][8-1][9-1].wasm.swam.txt,[1-1][10-3].wasm.~1~.swam.txt,18744
[0-1][1-1][4-1][8-1][9-1].wasm.swam.txt,[1-1][3-1][4-5].wasm.swam.txt,1953
[0-1][1-1][4-1][8-1][9-1].wasm.swam.txt,[1-1][4-2].wasm.swam.txt,23818
[0-1][1-1][4-1][8-1][9-1].wasm.swam.txt,[1-1][10-4].wasm.~1~.swam.txt,22033
[0-1][1-1][4-1][8-1][9-1].wasm.swam.txt,[1-1][4-3].wasm.swam.txt,1208
[0-1][1-1][4-1][8-1][9-1].wasm.swam.txt,[1-1][4-5].wasm.swam.txt,17168
[0-1][1-1][4-1][8-1][9-1].wasm.swam.txt,[1-2].wasm.swam.txt,22029
[0-1][1-1][4-1][8-1][9-1].wasm.swam.txt,[1-2][2-1][9-7].wasm.swam.txt,22029
[0-1][1-1][4-1][8-1][9-1].wasm.swam.txt,[1-8].wasm.swam.txt,1008
[0-1][1-1][4-1][8-1][9-1].wasm.swam.txt,[1-1][4-1][8-1][9-1].wasm.swam.txt,9705
[0-1][1-1][4-2].wasm.swam.txt,[0-1][1-1][4-3].wasm.swam.txt,22172
[0-1][1-1][4-1][8-1][9-1].wasm.swam.txt,[1-1][4-4].wasm.swam.txt,14222
[0-1][1-1][4-2].wasm.swam.txt,[0-1][1-1][4-5].wasm.swam.txt,0
[0-1][1-1][4-2].wasm.swam.txt,[1-0].wasm.swam.txt,20
[0-1][1-1][4-2].wasm.swam.txt,[1-1][10-1][11-1].wasm.swam.txt,604
[0-1][1-1][4-2].wasm.swam.txt,[1-1][10-3].wasm.~1~.swam.txt,8928
[0-1][1-1][4-2].wasm.swam.txt,[0-1][1-1][4-4].wasm.swam.txt,3089
[0-1][1-1][4-2].wasm.swam.txt,[1-1][3-1][4-1].wasm.swam.txt,576
[0-1][1-1][4-2].wasm.swam.txt,[1-1][3-1][4-1][8-1][9-1].wasm.swam.txt,1224
[0-1][1-1][4-2].wasm.swam.txt,[1-1][3-1][4-2].wasm.swam.txt,36
[0-1][1-1][4-2].wasm.swam.txt,[1-1][3-1][4-4].wasm.swam.txt,18079
[0-1][1-1][4-2].wasm.swam.txt,[1-1][10-2].wasm.~1~.swam.txt,18841
[0-1][1-1][4-2].wasm.swam.txt,[1-1][10-1].wasm.~1~.swam.txt,2656
[0-1][1-1][4-2].wasm.swam.txt,[1-1][3-1][4-5].wasm.swam.txt,1332
[0-1][1-1][4-2].wasm.swam.txt,[1-1][4-1].wasm.swam.txt,19854
[0-1][1-1][4-2].wasm.swam.txt,[1-1][10-4].wasm.~1~.swam.txt,2029
[0-1][1-1][4-2].wasm.swam.txt,[1-1][4-1][8-1][9-1].wasm.swam.txt,1613
[0-1][1-1][4-2].wasm.swam.txt,[1-1][4-2].wasm.swam.txt,290
[0-1][1-1][4-2].wasm.swam.txt,[1-1][4-3].wasm.swam.txt,0
[0-1][1-1][4-2].wasm.swam.txt,[1-1][4-4].wasm.swam.txt,1316
[0-1][1-1][4-2].wasm.swam.txt,[1-2].wasm.swam.txt,16524
[0-1][1-1][4-2].wasm.swam.txt,[1-2][2-1][9-7].wasm.swam.txt,16210
[0-1][1-1][4-2].wasm.swam.txt,[1-8].wasm.swam.txt,1332
[0-1][1-1][4-2].wasm.swam.txt,[1-1][4-5].wasm.swam.txt,0
[0-1][1-1][4-3].wasm.swam.txt,[0-1][1-1][4-4].wasm.swam.txt,1296
[0-1][1-1][4-3].wasm.swam.txt,[1-0].wasm.swam.txt,36
[0-1][1-1][4-3].wasm.swam.txt,[1-1][10-1][11-1].wasm.swam.txt,1208
[0-1][1-1][4-3].wasm.swam.txt,[0-1][1-1][4-5].wasm.swam.txt,7682
[0-1][1-1][4-3].wasm.swam.txt,[1-1][3-1][4-1].wasm.swam.txt,576
[0-1][1-1][4-3].wasm.swam.txt,[1-1][3-1][4-1][8-1][9-1].wasm.swam.txt,5519
[0-1][1-1][4-3].wasm.swam.txt,[1-1][10-1].wasm.~1~.swam.txt,0
[0-1][1-1][4-3].wasm.swam.txt,[1-1][3-1][4-2].wasm.swam.txt,17126
[0-1][1-1][4-3].wasm.swam.txt,[1-1][3-1][4-4].wasm.swam.txt,1332
[0-1][1-1][4-3].wasm.swam.txt,[1-1][10-2].wasm.~1~.swam.txt,7231
[0-1][1-1][4-3].wasm.swam.txt,[1-1][3-1][4-5].wasm.swam.txt,1822
[0-1][1-1][4-3].wasm.swam.txt,[1-1][10-3].wasm.~1~.swam.txt,1037
[0-1][1-1][4-3].wasm.swam.txt,[1-1][4-1].wasm.swam.txt,1035
[0-1][1-1][4-3].wasm.swam.txt,[1-1][4-1][8-1][9-1].wasm.swam.txt,18960
[0-1][1-1][4-3].wasm.swam.txt,[1-1][10-4].wasm.~1~.swam.txt,3080
[0-1][1-1][4-3].wasm.swam.txt,[1-1][4-2].wasm.swam.txt,560
[0-1][1-1][4-3].wasm.swam.txt,[1-1][4-3].wasm.swam.txt,20
[0-1][1-1][4-3].wasm.swam.txt,[1-1][4-4].wasm.swam.txt,1316
[0-1][1-1][4-3].wasm.swam.txt,[1-1][4-5].wasm.swam.txt,1316
[0-1][1-1][4-3].wasm.swam.txt,[1-2].wasm.swam.txt,22029
[0-1][1-1][4-3].wasm.swam.txt,[1-2][2-1][9-7].wasm.swam.txt,556
[0-1][1-1][4-3].wasm.swam.txt,[1-8].wasm.swam.txt,792
[0-1][1-1][4-4].wasm.swam.txt,[0-1][1-1][4-5].wasm.swam.txt,540
[0-1][1-1][4-4].wasm.swam.txt,[1-0].wasm.swam.txt,1332
[0-1][1-1][4-4].wasm.swam.txt,[1-1][10-1][11-1].wasm.swam.txt,21813
[0-1][1-1][4-4].wasm.swam.txt,[1-1][3-1][4-1].wasm.swam.txt,20174
[0-1][1-1][4-4].wasm.swam.txt,[1-1][3-1][4-1][8-1][9-1].wasm.swam.txt,1008
[0-1][1-1][4-4].wasm.swam.txt,[1-1][10-1].wasm.~1~.swam.txt,3356
[0-1][1-1][4-4].wasm.swam.txt,[1-1][3-1][4-2].wasm.swam.txt,22029
[0-1][1-1][4-4].wasm.swam.txt,[1-1][3-1][4-4].wasm.swam.txt,21813
[0-1][1-1][4-4].wasm.swam.txt,[1-1][10-2].wasm.~1~.swam.txt,770
[0-1][1-1][4-4].wasm.swam.txt,[1-1][3-1][4-5].wasm.swam.txt,1544
[0-1][1-1][4-4].wasm.swam.txt,[1-1][4-1].wasm.swam.txt,1316
[0-1][1-1][4-4].wasm.swam.txt,[1-1][4-1][8-1][9-1].wasm.swam.txt,16929
[0-1][1-1][4-4].wasm.swam.txt,[1-1][10-3].wasm.~1~.swam.txt,18207
[0-1][1-1][4-4].wasm.swam.txt,[1-1][10-4].wasm.~1~.swam.txt,13152
[0-1][1-1][4-4].wasm.swam.txt,[1-1][4-3].wasm.swam.txt,15872
[0-1][1-1][4-4].wasm.swam.txt,[1-1][4-2].wasm.swam.txt,15872
[0-1][1-1][4-4].wasm.swam.txt,[1-1][4-5].wasm.swam.txt,0
[0-1][1-1][4-4].wasm.swam.txt,[1-2].wasm.swam.txt,22029
[0-1][1-1][4-4].wasm.swam.txt,[1-2][2-1][9-7].wasm.swam.txt,1312
[0-1][1-1][4-4].wasm.swam.txt,[1-8].wasm.swam.txt,576
[0-1][1-1][4-5].wasm.swam.txt,[1-0].wasm.swam.txt,8
[0-1][1-1][4-4].wasm.swam.txt,[1-1][4-4].wasm.swam.txt,10348
[0-1][1-1][4-5].wasm.swam.txt,[1-1][10-1][11-1].wasm.swam.txt,992
[0-1][1-1][4-5].wasm.swam.txt,[1-1][10-1].wasm.~1~.swam.txt,9548
[0-1][1-1][4-5].wasm.swam.txt,[1-1][3-1][4-1].wasm.swam.txt,9548
[0-1][1-1][4-5].wasm.swam.txt,[1-1][3-1][4-1][8-1][9-1].wasm.swam.txt,448
[0-1][1-1][4-5].wasm.swam.txt,[1-1][3-1][4-2].wasm.swam.txt,1332
[0-1][1-1][4-5].wasm.swam.txt,[1-1][3-1][4-4].wasm.swam.txt,576
[0-1][1-1][4-5].wasm.swam.txt,[1-1][3-1][4-5].wasm.swam.txt,18528
[0-1][1-1][4-5].wasm.swam.txt,[1-1][10-2].wasm.~1~.swam.txt,18528
[0-1][1-1][4-5].wasm.swam.txt,[1-1][4-1].wasm.swam.txt,12445
[0-1][1-1][4-5].wasm.swam.txt,[1-1][10-3].wasm.~1~.swam.txt,12750
[0-1][1-1][4-5].wasm.swam.txt,[1-1][4-1][8-1][9-1].wasm.swam.txt,992
[0-1][1-1][4-5].wasm.swam.txt,[1-1][10-4].wasm.~1~.swam.txt,1643
[0-1][1-1][4-5].wasm.swam.txt,[1-1][4-2].wasm.swam.txt,1641
[0-1][1-1][4-5].wasm.swam.txt,[1-1][4-3].wasm.swam.txt,1316
[0-1][1-1][4-5].wasm.swam.txt,[1-1][4-4].wasm.swam.txt,560
[0-1][1-1][4-5].wasm.swam.txt,[1-1][4-5].wasm.swam.txt,21813
[0-1][1-1][4-5].wasm.swam.txt,[1-2].wasm.swam.txt,22029
[0-1][1-1][4-5].wasm.swam.txt,[1-2][2-1][9-7].wasm.swam.txt,1312
[0-1][1-1][4-5].wasm.swam.txt,[1-8].wasm.swam.txt,576
[1-0].wasm.swam.txt,[1-1][10-1][11-1].wasm.swam.txt,1210
[1-0].wasm.swam.txt,[1-1][3-1][4-1].wasm.swam.txt,14315
[1-0].wasm.swam.txt,[1-1][10-1].wasm.~1~.swam.txt,2858
[1-0].wasm.swam.txt,[1-1][3-1][4-1][8-1][9-1].wasm.swam.txt,1188
[1-0].wasm.swam.txt,[1-1][3-1][4-2].wasm.swam.txt,540
[1-0].wasm.swam.txt,[1-1][3-1][4-4].wasm.swam.txt,1296
[1-0].wasm.swam.txt,[1-1][10-3].wasm.~1~.swam.txt,1554
[1-0].wasm.swam.txt,[1-1][3-1][4-5].wasm.swam.txt,5878
[1-0].wasm.swam.txt,[1-1][10-2].wasm.~1~.swam.txt,12779
[1-0].wasm.swam.txt,[1-1][4-1].wasm.swam.txt,1052
[1-0].wasm.swam.txt,[1-1][10-4].wasm.~1~.swam.txt,1346
[1-0].wasm.swam.txt,[1-1][4-1][8-1][9-1].wasm.swam.txt,1210
[1-0].wasm.swam.txt,[1-1][4-2].wasm.swam.txt,19532
[1-0].wasm.swam.txt,[1-1][4-3].wasm.swam.txt,22
[1-0].wasm.swam.txt,[1-1][4-4].wasm.swam.txt,21813
[1-0].wasm.swam.txt,[1-1][4-5].wasm.swam.txt,228
[1-0].wasm.swam.txt,[1-2].wasm.swam.txt,540
[1-0].wasm.swam.txt,[1-2][2-1][9-7].wasm.swam.txt,560
[1-0].wasm.swam.txt,[1-8].wasm.swam.txt,756
[1-1][10-1].wasm.~1~.swam.txt,[1-1][10-2].wasm.~1~.swam.txt,0
[1-1][10-1].wasm.~1~.swam.txt,[1-1][10-3].wasm.~1~.swam.txt,19363
[1-1][10-1].wasm.~1~.swam.txt,[1-1][10-4].wasm.~1~.swam.txt,756
[1-1][10-1].wasm.~1~.swam.txt,[1-1][10-1][11-1].wasm.swam.txt,18972
[1-1][10-1].wasm.~1~.swam.txt,[1-1][3-1][4-1].wasm.swam.txt,13641
[1-1][10-1].wasm.~1~.swam.txt,[1-1][3-1][4-1][8-1][9-1].wasm.swam.txt,30589
[1-1][10-1].wasm.~1~.swam.txt,[1-1][4-3].wasm.swam.txt,25798
[1-1][10-1].wasm.~1~.swam.txt,[1-1][3-1][4-2].wasm.swam.txt,18897
[1-1][10-1].wasm.~1~.swam.txt,[1-1][3-1][4-4].wasm.swam.txt,18899
[1-1][10-1].wasm.~1~.swam.txt,[1-1][3-1][4-5].wasm.swam.txt,18899
[1-1][10-1].wasm.~1~.swam.txt,[1-1][4-1].wasm.swam.txt,18000
[1-1][10-1].wasm.~1~.swam.txt,[1-1][4-2].wasm.swam.txt,18095
[1-1][10-1].wasm.~1~.swam.txt,[1-1][4-1][8-1][9-1].wasm.swam.txt,1188
[1-1][10-1][11-1].wasm.swam.txt,[1-1][10-2].wasm.~1~.swam.txt,19579
[1-1][10-1].wasm.~1~.swam.txt,[1-1][4-4].wasm.swam.txt,18540
[1-1][10-1].wasm.~1~.swam.txt,[1-1][4-5].wasm.swam.txt,24163
[1-1][10-1].wasm.~1~.swam.txt,[1-2].wasm.swam.txt,24165
[1-1][10-1][11-1].wasm.swam.txt,[1-1][3-1][4-2].wasm.swam.txt,24167
[1-1][10-1].wasm.~1~.swam.txt,[1-2][2-1][9-7].wasm.swam.txt,24167
[1-1][10-1][11-1].wasm.swam.txt,[1-1][3-1][4-1][8-1][9-1].wasm.swam.txt,24167
[1-1][10-1][11-1].wasm.swam.txt,[1-1][3-1][4-1].wasm.swam.txt,24167
[1-1][10-1].wasm.~1~.swam.txt,[1-8].wasm.swam.txt,18869
[1-1][10-1][11-1].wasm.swam.txt,[1-1][3-1][4-4].wasm.swam.txt,21813
[1-1][10-1][11-1].wasm.swam.txt,[1-1][3-1][4-5].wasm.swam.txt,21813
[1-1][10-1][11-1].wasm.swam.txt,[1-1][4-1][8-1][9-1].wasm.swam.txt,0
[1-1][10-1][11-1].wasm.swam.txt,[1-1][4-2].wasm.swam.txt,14750
[1-1][10-1][11-1].wasm.swam.txt,[1-1][4-1].wasm.swam.txt,14750
[1-1][10-1][11-1].wasm.swam.txt,[1-1][4-3].wasm.swam.txt,15073
[1-1][10-1][11-1].wasm.swam.txt,[1-1][10-3].wasm.~1~.swam.txt,17560
[1-1][10-1][11-1].wasm.swam.txt,[1-1][10-4].wasm.~1~.swam.txt,21804
[1-1][10-1][11-1].wasm.swam.txt,[1-1][4-4].wasm.swam.txt,21796
[1-1][10-1][11-1].wasm.swam.txt,[1-2].wasm.swam.txt,1280
[1-1][10-1][11-1].wasm.swam.txt,[1-1][4-5].wasm.swam.txt,1220
[1-1][10-1][11-1].wasm.swam.txt,[1-2][2-1][9-7].wasm.swam.txt,1224
[1-1][10-1][11-1].wasm.swam.txt,[1-8].wasm.swam.txt,988
[1-1][10-2].wasm.~1~.swam.txt,[1-1][10-3].wasm.~1~.swam.txt,216
[1-1][10-2].wasm.~1~.swam.txt,[1-1][10-4].wasm.~1~.swam.txt,756
[1-1][10-2].wasm.~1~.swam.txt,[1-1][3-1][4-1].wasm.swam.txt,22029
[1-1][10-2].wasm.~1~.swam.txt,[1-1][3-1][4-5].wasm.swam.txt,21813
[1-1][10-2].wasm.~1~.swam.txt,[1-1][4-1].wasm.swam.txt,22029
[1-1][10-2].wasm.~1~.swam.txt,[1-1][3-1][4-1][8-1][9-1].wasm.swam.txt,14611
[1-1][10-2].wasm.~1~.swam.txt,[1-1][3-1][4-2].wasm.swam.txt,18163
[1-1][10-2].wasm.~1~.swam.txt,[1-1][3-1][4-4].wasm.swam.txt,2644
[1-1][10-2].wasm.~1~.swam.txt,[1-1][4-4].wasm.swam.txt,21693
[1-1][10-2].wasm.~1~.swam.txt,[1-2][2-1][9-7].wasm.swam.txt,21693
[1-1][10-2].wasm.~1~.swam.txt,[1-1][4-1][8-1][9-1].wasm.swam.txt,18972
[1-1][10-2].wasm.~1~.swam.txt,[1-1][4-2].wasm.swam.txt,3725
[1-1][10-3].wasm.~1~.swam.txt,[1-1][10-4].wasm.~1~.swam.txt,2323
[1-1][10-2].wasm.~1~.swam.txt,[1-1][4-5].wasm.swam.txt,18560
[1-1][10-2].wasm.~1~.swam.txt,[1-1][4-3].wasm.swam.txt,18560
[1-1][10-2].wasm.~1~.swam.txt,[1-2].wasm.swam.txt,0
[1-1][10-3].wasm.~1~.swam.txt,[1-1][3-1][4-4].wasm.swam.txt,16232
[1-1][10-3].wasm.~1~.swam.txt,[1-1][3-1][4-1].wasm.swam.txt,18536
[1-1][10-2].wasm.~1~.swam.txt,[1-8].wasm.swam.txt,18540
[1-1][10-3].wasm.~1~.swam.txt,[1-1][3-1][4-1][8-1][9-1].wasm.swam.txt,2856
[1-1][10-3].wasm.~1~.swam.txt,[1-1][3-1][4-2].wasm.swam.txt,7817
[1-1][10-3].wasm.~1~.swam.txt,[1-1][4-3].wasm.swam.txt,22029
[1-1][10-3].wasm.~1~.swam.txt,[1-1][4-2].wasm.swam.txt,19091
[1-1][10-3].wasm.~1~.swam.txt,[1-1][3-1][4-5].wasm.swam.txt,19085
[1-1][10-3].wasm.~1~.swam.txt,[1-1][4-1][8-1][9-1].wasm.swam.txt,95
[1-1][10-3].wasm.~1~.swam.txt,[1-1][4-1].wasm.swam.txt,18972
[1-1][10-3].wasm.~1~.swam.txt,[1-1][4-5].wasm.swam.txt,18756
[1-1][10-3].wasm.~1~.swam.txt,[1-1][4-4].wasm.swam.txt,2856
[1-1][10-3].wasm.~1~.swam.txt,[1-2].wasm.swam.txt,24524
[1-1][10-4].wasm.~1~.swam.txt,[1-1][4-1].wasm.swam.txt,19721
[1-1][10-3].wasm.~1~.swam.txt,[1-2][2-1][9-7].wasm.swam.txt,1927
[1-1][10-3].wasm.~1~.swam.txt,[1-8].wasm.swam.txt,1728
[1-1][10-4].wasm.~1~.swam.txt,[1-1][3-1][4-1][8-1][9-1].wasm.swam.txt,15482
[1-1][10-4].wasm.~1~.swam.txt,[1-1][3-1][4-1].wasm.swam.txt,646
[1-1][10-4].wasm.~1~.swam.txt,[1-1][4-3].wasm.swam.txt,646
[1-1][10-4].wasm.~1~.swam.txt,[1-1][3-1][4-2].wasm.swam.txt,203
[1-1][10-4].wasm.~1~.swam.txt,[1-1][3-1][4-4].wasm.swam.txt,7361
[1-1][10-4].wasm.~1~.swam.txt,[1-1][3-1][4-5].wasm.swam.txt,10466
[1-1][10-4].wasm.~1~.swam.txt,[1-1][4-1][8-1][9-1].wasm.swam.txt,23917
[1-1][10-4].wasm.~1~.swam.txt,[1-1][4-5].wasm.swam.txt,34447
[1-1][10-4].wasm.~1~.swam.txt,[1-1][4-4].wasm.swam.txt,18756
[1-1][3-1][4-1].wasm.swam.txt,[1-1][3-1][4-1][8-1][9-1].wasm.swam.txt,19016
[1-1][3-1][4-1].wasm.swam.txt,[1-1][3-1][4-2].wasm.swam.txt,22029
[1-1][3-1][4-1].wasm.swam.txt,[1-1][3-1][4-4].wasm.swam.txt,21813
[1-1][10-4].wasm.~1~.swam.txt,[1-2][2-1][9-7].wasm.swam.txt,13963
[1-1][10-4].wasm.~1~.swam.txt,[1-1][4-2].wasm.swam.txt,16493
[1-1][3-1][4-1].wasm.swam.txt,[1-1][3-1][4-5].wasm.swam.txt,0
[1-1][3-1][4-1].wasm.swam.txt,[1-1][4-1].wasm.swam.txt,20174
[1-1][10-4].wasm.~1~.swam.txt,[1-2].wasm.swam.txt,24294
[1-1][3-1][4-1].wasm.swam.txt,[1-1][4-1][8-1][9-1].wasm.swam.txt,24684
[1-1][3-1][4-1].wasm.swam.txt,[1-1][4-2].wasm.swam.txt,22029
[1-1][3-1][4-1].wasm.swam.txt,[1-1][4-3].wasm.swam.txt,2764
[1-1][10-4].wasm.~1~.swam.txt,[1-8].wasm.swam.txt,0
[1-1][3-1][4-1].wasm.swam.txt,[1-1][4-4].wasm.swam.txt,1318
[1-1][3-1][4-1].wasm.swam.txt,[1-1][4-5].wasm.swam.txt,1309
[1-1][3-1][4-1].wasm.swam.txt,[1-2].wasm.swam.txt,1309
[1-1][3-1][4-1].wasm.swam.txt,[1-8].wasm.swam.txt,1296
[1-1][3-1][4-1][8-1][9-1].wasm.swam.txt,[1-1][3-1][4-2].wasm.swam.txt,1188
[1-1][3-1][4-1][8-1][9-1].wasm.swam.txt,[1-1][3-1][4-4].wasm.swam.txt,21813
[1-1][3-1][4-1][8-1][9-1].wasm.swam.txt,[1-1][3-1][4-5].wasm.swam.txt,972
[1-1][3-1][4-1][8-1][9-1].wasm.swam.txt,[1-1][4-1].wasm.swam.txt,214
[1-1][3-1][4-1][8-1][9-1].wasm.swam.txt,[1-1][4-1][8-1][9-1].wasm.swam.txt,22
[1-1][3-1][4-1].wasm.swam.txt,[1-2][2-1][9-7].wasm.swam.txt,0
[1-1][3-1][4-1][8-1][9-1].wasm.swam.txt,[1-1][4-2].wasm.swam.txt,1210
[1-1][3-1][4-1][8-1][9-1].wasm.swam.txt,[1-1][4-3].wasm.swam.txt,1210
[1-1][3-1][4-1][8-1][9-1].wasm.swam.txt,[1-1][4-4].wasm.swam.txt,994
[1-1][3-1][4-1][8-1][9-1].wasm.swam.txt,[1-2].wasm.swam.txt,1188
[1-1][3-1][4-1][8-1][9-1].wasm.swam.txt,[1-2][2-1][9-7].wasm.swam.txt,1208
[1-1][3-1][4-1][8-1][9-1].wasm.swam.txt,[1-1][4-5].wasm.swam.txt,6488
[1-1][3-1][4-1][8-1][9-1].wasm.swam.txt,[1-8].wasm.swam.txt,972
[1-1][3-1][4-2].wasm.swam.txt,[1-1][3-1][4-4].wasm.swam.txt,4161
[1-1][3-1][4-2].wasm.swam.txt,[1-1][4-1].wasm.swam.txt,562
[1-1][3-1][4-2].wasm.swam.txt,[1-1][4-1][8-1][9-1].wasm.swam.txt,6395
[1-1][3-1][4-2].wasm.swam.txt,[1-1][3-1][4-5].wasm.swam.txt,6395
[1-1][3-1][4-2].wasm.swam.txt,[1-1][4-2].wasm.swam.txt,523
[1-1][3-1][4-2].wasm.swam.txt,[1-1][4-3].wasm.swam.txt,562
[1-1][3-1][4-2].wasm.swam.txt,[1-1][4-4].wasm.swam.txt,0
[1-1][3-1][4-2].wasm.swam.txt,[1-1][4-5].wasm.swam.txt,222
[1-1][3-1][4-2].wasm.swam.txt,[1-2].wasm.swam.txt,15517
[1-1][3-1][4-2].wasm.swam.txt,[1-2][2-1][9-7].wasm.swam.txt,560
[1-1][3-1][4-2].wasm.swam.txt,[1-8].wasm.swam.txt,1296
[1-1][3-1][4-4].wasm.swam.txt,[1-1][4-1].wasm.swam.txt,627
[1-1][3-1][4-4].wasm.swam.txt,[1-1][3-1][4-5].wasm.swam.txt,0
[1-1][3-1][4-4].wasm.swam.txt,[1-1][4-1][8-1][9-1].wasm.swam.txt,994
[1-1][3-1][4-4].wasm.swam.txt,[1-1][4-2].wasm.swam.txt,12732
[1-1][3-1][4-4].wasm.swam.txt,[1-1][4-3].wasm.swam.txt,1318
[1-1][3-1][4-4].wasm.swam.txt,[1-1][4-5].wasm.swam.txt,562
[1-1][3-1][4-4].wasm.swam.txt,[1-2].wasm.swam.txt,1296
[1-1][3-1][4-4].wasm.swam.txt,[1-1][4-4].wasm.swam.txt,7696
[1-1][3-1][4-4].wasm.swam.txt,[1-8].wasm.swam.txt,540
[1-1][3-1][4-5].wasm.swam.txt,[1-1][4-1].wasm.swam.txt,21813
[1-1][3-1][4-5].wasm.swam.txt,[1-1][4-1][8-1][9-1].wasm.swam.txt,21813
[1-1][3-1][4-5].wasm.swam.txt,[1-1][4-2].wasm.swam.txt,15036
[1-1][3-1][4-5].wasm.swam.txt,[1-1][4-3].wasm.swam.txt,1318
[1-1][3-1][4-4].wasm.swam.txt,[1-2][2-1][9-7].wasm.swam.txt,562
[1-1][3-1][4-5].wasm.swam.txt,[1-1][4-4].wasm.swam.txt,562
[1-1][3-1][4-5].wasm.swam.txt,[1-1][4-5].wasm.swam.txt,22
[1-1][3-1][4-5].wasm.swam.txt,[1-2][2-1][9-7].wasm.swam.txt,1316
[1-1][3-1][4-5].wasm.swam.txt,[1-2].wasm.swam.txt,0
[1-1][3-1][4-5].wasm.swam.txt,[1-8].wasm.swam.txt,540
[1-1][4-1].wasm.swam.txt,[1-1][4-2].wasm.swam.txt,22029
[1-1][4-1].wasm.swam.txt,[1-1][4-3].wasm.swam.txt,22119
[1-1][4-1].wasm.swam.txt,[1-1][4-1][8-1][9-1].wasm.swam.txt,376
[1-1][4-1].wasm.swam.txt,[1-1][4-5].wasm.swam.txt,1296
[1-1][4-1].wasm.swam.txt,[1-1][4-4].wasm.swam.txt,3706
[1-1][4-1].wasm.swam.txt,[1-2].wasm.swam.txt,20849
[1-1][4-1].wasm.swam.txt,[1-2][2-1][9-7].wasm.swam.txt,8
[1-1][4-1].wasm.swam.txt,[1-8].wasm.swam.txt,1312
[1-1][4-1][8-1][9-1].wasm.swam.txt,[1-1][4-2].wasm.swam.txt,0
[1-1][4-1][8-1][9-1].wasm.swam.txt,[1-1][4-5].wasm.swam.txt,3251
[1-1][4-1][8-1][9-1].wasm.swam.txt,[1-1][4-4].wasm.swam.txt,3251
[1-1][4-1][8-1][9-1].wasm.swam.txt,[1-2].wasm.swam.txt,14501
[1-1][4-1][8-1][9-1].wasm.swam.txt,[1-2][2-1][9-7].wasm.swam.txt,10444
[1-1][4-1][8-1][9-1].wasm.swam.txt,[1-8].wasm.swam.txt,988
[1-1][4-1][8-1][9-1].wasm.swam.txt,[1-1][4-3].wasm.swam.txt,11036
[1-1][4-2].wasm.swam.txt,[1-1][4-3].wasm.swam.txt,0
[1-1][4-2].wasm.swam.txt,[1-1][4-4].wasm.swam.txt,1296
[1-1][4-2].wasm.swam.txt,[1-1][4-5].wasm.swam.txt,1296
[1-1][4-2].wasm.swam.txt,[1-2].wasm.swam.txt,0
[1-1][4-2].wasm.swam.txt,[1-2][2-1][9-7].wasm.swam.txt,576
[1-1][4-2].wasm.swam.txt,[1-8].wasm.swam.txt,1312
[1-1][4-3].wasm.swam.txt,[1-1][4-4].wasm.swam.txt,540
[1-1][4-3].wasm.swam.txt,[1-1][4-5].wasm.swam.txt,1296
[1-1][4-3].wasm.swam.txt,[1-2].wasm.swam.txt,0
[1-1][4-3].wasm.swam.txt,[1-2][2-1][9-7].wasm.swam.txt,16
[1-1][4-3].wasm.swam.txt,[1-8].wasm.swam.txt,772
[1-1][4-4].wasm.swam.txt,[1-1][4-5].wasm.swam.txt,21813
[1-1][4-4].wasm.swam.txt,[1-2].wasm.swam.txt,1312
[1-1][4-4].wasm.swam.txt,[1-2][2-1][9-7].wasm.swam.txt,666
[1-1][4-4].wasm.swam.txt,[1-8].wasm.swam.txt,556
[1-1][4-5].wasm.swam.txt,[1-2].wasm.swam.txt,22029
[1-1][4-5].wasm.swam.txt,[1-2][2-1][9-7].wasm.swam.txt,1332
[1-1][4-5].wasm.swam.txt,[1-8].wasm.swam.txt,556
[1-2].wasm.swam.txt,[1-2][2-1][9-7].wasm.swam.txt,18692
[1-2].wasm.swam.txt,[1-8].wasm.swam.txt,1296
[1-2][2-1][9-7].wasm.swam.txt,[1-8].wasm.swam.txt,1316
