t1,t2,diff
Carmichael_3_strong_pseudoprimes.wasm.~1~.swam.txt,[0-7].wasm.swam.txt,325765
[0-2].wasm.swam.txt,[10-3].wasm.swam.txt,0
[0-2].wasm.swam.txt,[12-1].wasm.swam.txt,0
[0-2].wasm.swam.txt,[11-1].wasm.swam.txt,5954
[0-2].wasm.swam.txt,[9-0].wasm.swam.txt,6791
[0-2].wasm.swam.txt,[10-1].wasm.swam.txt,69982
[0-2].wasm.swam.txt,[0-7].wasm.swam.txt,1895
[0-2].wasm.swam.txt,[1-6].wasm.swam.txt,150
[0-7].wasm.swam.txt,[10-3].wasm.swam.txt,14735
[10-1].wasm.swam.txt,[12-1].wasm.swam.txt,14984
[10-1].wasm.swam.txt,[10-3].wasm.swam.txt,15088
[10-3].wasm.swam.txt,[12-1].wasm.swam.txt,14738
[0-7].wasm.swam.txt,[1-6].wasm.swam.txt,14942
[11-1].wasm.swam.txt,[12-1].wasm.swam.txt,14833
[0-7].wasm.swam.txt,[12-1].wasm.swam.txt,14179
[0-7].wasm.swam.txt,[9-0].wasm.swam.txt,224568
[1-6].wasm.swam.txt,[10-3].wasm.swam.txt,222955
[10-3].wasm.swam.txt,[9-0].wasm.swam.txt,221527
[10-1].wasm.swam.txt,[9-0].wasm.swam.txt,221418
[10-3].wasm.swam.txt,[11-1].wasm.swam.txt,70667
[10-1].wasm.swam.txt,[11-1].wasm.swam.txt,214176
[0-7].wasm.swam.txt,[11-1].wasm.swam.txt,65264
[1-6].wasm.swam.txt,[12-1].wasm.swam.txt,190772
[1-6].wasm.swam.txt,[10-1].wasm.swam.txt,71006
[1-6].wasm.swam.txt,[11-1].wasm.swam.txt,68521
[12-1].wasm.swam.txt,[9-0].wasm.swam.txt,71159
[1-6].wasm.swam.txt,[9-0].wasm.swam.txt,157108
[11-1].wasm.swam.txt,[9-0].wasm.swam.txt,672828
[0-7].wasm.swam.txt,[10-1].wasm.swam.txt,671311
Carmichael_3_strong_pseudoprimes.wasm.~1~.swam.txt,[11-1].wasm.swam.txt,1282686
Carmichael_3_strong_pseudoprimes.wasm.~1~.swam.txt,[1-6].wasm.swam.txt,1282686
Carmichael_3_strong_pseudoprimes.wasm.~1~.swam.txt,[12-1].wasm.swam.txt,814802
Carmichael_3_strong_pseudoprimes.wasm.~1~.swam.txt,[10-3].wasm.swam.txt,814627
Carmichael_3_strong_pseudoprimes.wasm.~1~.swam.txt,[10-1].wasm.swam.txt,814627
Carmichael_3_strong_pseudoprimes.wasm.~1~.swam.txt,[0-2].wasm.swam.txt,849437
Carmichael_3_strong_pseudoprimes.wasm.~1~.swam.txt,[9-0].wasm.swam.txt,812773
