t1,t2,diff
Cartesian_product_of_two_or_more_lists.wasm.~2~.swam.txt,[4-1][6-1][7-1][8-1].wasm.swam.txt,0
[4-1][6-1][7-1][8-1].wasm.swam.txt,[4-1][6-1][7-1][8-2].wasm.swam.txt,0
[4-1][6-1][7-1][8-1].wasm.swam.txt,[4-1][6-1][7-1][8-5].wasm.swam.txt,0
Cartesian_product_of_two_or_more_lists.wasm.~2~.swam.txt,[4-1][6-1][7-1][8-2].wasm.swam.txt,902
Cartesian_product_of_two_or_more_lists.wasm.~2~.swam.txt,[4-1][6-1][7-1][8-5].wasm.swam.txt,366
[4-1][6-1][7-1][8-2].wasm.swam.txt,[4-1][6-1][7-1][8-5].wasm.swam.txt,0
