t1,t2,diff
Circles_of_given_radius_through_two_points.wasm.swam.txt,[0-103][2-1][4-1].wasm.swam.txt,50071
[0-103][2-1][3-1].wasm.swam.txt,[0-103][2-1][3-1][4-1].wasm.swam.txt,30931
[0-103][2-1][3-1].wasm.swam.txt,[1-2].wasm.swam.txt,48789
Circles_of_given_radius_through_two_points.wasm.swam.txt,[1-2].wasm.swam.txt,27480
Circles_of_given_radius_through_two_points.wasm.swam.txt,[0-103][2-1][3-1][4-1].wasm.swam.txt,257
[0-103][2-1][3-1][4-1].wasm.swam.txt,[1-12].wasm.swam.txt,118
[0-103][2-1][3-1][4-1].wasm.swam.txt,[0-103][2-1][4-1].wasm.swam.txt,112
[0-103][2-1][4-1].wasm.swam.txt,[1-12].wasm.swam.txt,112
[1-12].wasm.swam.txt,[1-2].wasm.swam.txt,729
[0-103][2-1][4-1].wasm.swam.txt,[1-2].wasm.swam.txt,778
[0-103][2-1][3-1].wasm.swam.txt,[0-103][2-1][4-1].wasm.swam.txt,38082
Circles_of_given_radius_through_two_points.wasm.swam.txt,[1-12].wasm.swam.txt,98889
[0-103][2-1][3-1].wasm.swam.txt,[1-12].wasm.swam.txt,69956
Circles_of_given_radius_through_two_points.wasm.swam.txt,[0-103][2-1][3-1].wasm.swam.txt,117700
[0-103][2-1][3-1][4-1].wasm.swam.txt,[1-2].wasm.swam.txt,81360
