t1,t2,diff
Comma_quibbling.wasm.swam.txt,[0-1].wasm.swam.txt,0
Comma_quibbling.wasm.swam.txt,[1-1][11-1][17-1].wasm.swam.txt,0
Comma_quibbling.wasm.swam.txt,[1-1].wasm.swam.txt,145
[0-1].wasm.swam.txt,[0-1][11-1].wasm.swam.txt,145
[0-1].wasm.swam.txt,[0-1][17-1].wasm.swam.txt,0
[0-1].wasm.swam.txt,[1-1][11-1].wasm.swam.txt,11500
Comma_quibbling.wasm.swam.txt,[1-1][17-1].wasm.swam.txt,414
[0-1].wasm.swam.txt,[1-1][11-1][17-1].wasm.swam.txt,23
Comma_quibbling.wasm.swam.txt,[11-1].wasm.swam.txt,12867
[0-1].wasm.swam.txt,[1-1].wasm.swam.txt,20
[0-1].wasm.swam.txt,[11-1].wasm.swam.txt,86
[0-1].wasm.swam.txt,[2-1].wasm.swam.txt,23656
Comma_quibbling.wasm.swam.txt,[0-1][11-1].wasm.swam.txt,23656
Comma_quibbling.wasm.swam.txt,[0-1][17-1].wasm.swam.txt,14232
[0-1].wasm.swam.txt,[2-1][11-1][17-1].wasm.swam.txt,16152
[0-1].wasm.swam.txt,[1-1][17-1].wasm.swam.txt,22172
Comma_quibbling.wasm.swam.txt,[1-1][11-1].wasm.swam.txt,469
Comma_quibbling.wasm.swam.txt,[2-1].wasm.swam.txt,10627
Comma_quibbling.wasm.swam.txt,[2-1][11-1][17-1].wasm.swam.txt,21433
[0-1][11-1].wasm.swam.txt,[1-1].wasm.swam.txt,30
[0-1][11-1].wasm.swam.txt,[1-1][11-1].wasm.swam.txt,48
[0-1][11-1].wasm.swam.txt,[1-1][17-1].wasm.swam.txt,11241
[0-1][11-1].wasm.swam.txt,[0-1][17-1].wasm.swam.txt,11241
[0-1][11-1].wasm.swam.txt,[11-1].wasm.swam.txt,10585
[0-1][11-1].wasm.swam.txt,[1-1][11-1][17-1].wasm.swam.txt,23
[0-1][11-1].wasm.swam.txt,[2-1].wasm.swam.txt,122
[0-1][11-1].wasm.swam.txt,[2-1][11-1][17-1].wasm.swam.txt,122
[0-1][17-1].wasm.swam.txt,[1-1].wasm.swam.txt,109
[0-1][17-1].wasm.swam.txt,[1-1][11-1].wasm.swam.txt,22149
[0-1][17-1].wasm.swam.txt,[1-1][17-1].wasm.swam.txt,23
[0-1][17-1].wasm.swam.txt,[11-1].wasm.swam.txt,5078
[0-1][17-1].wasm.swam.txt,[1-1][11-1][17-1].wasm.swam.txt,126
[0-1][17-1].wasm.swam.txt,[2-1].wasm.swam.txt,136
[0-1][17-1].wasm.swam.txt,[2-1][11-1][17-1].wasm.swam.txt,50
[1-1].wasm.swam.txt,[1-1][11-1].wasm.swam.txt,22149
[1-1].wasm.swam.txt,[1-1][17-1].wasm.swam.txt,4804
[1-1].wasm.swam.txt,[11-1].wasm.swam.txt,12663
[1-1].wasm.swam.txt,[2-1].wasm.swam.txt,38
[1-1].wasm.swam.txt,[1-1][11-1][17-1].wasm.swam.txt,17840
[1-1].wasm.swam.txt,[2-1][11-1][17-1].wasm.swam.txt,165
[1-1][11-1].wasm.swam.txt,[1-1][11-1][17-1].wasm.swam.txt,15668
[1-1][11-1].wasm.swam.txt,[1-1][17-1].wasm.swam.txt,22127
[1-1][11-1].wasm.swam.txt,[2-1].wasm.swam.txt,22149
[1-1][11-1].wasm.swam.txt,[11-1].wasm.swam.txt,7161
[1-1][11-1].wasm.swam.txt,[2-1][11-1][17-1].wasm.swam.txt,7161
[1-1][11-1][17-1].wasm.swam.txt,[11-1].wasm.swam.txt,22149
[1-1][11-1][17-1].wasm.swam.txt,[2-1].wasm.swam.txt,22149
[1-1][11-1][17-1].wasm.swam.txt,[1-1][17-1].wasm.swam.txt,9648
[1-1][11-1][17-1].wasm.swam.txt,[2-1][11-1][17-1].wasm.swam.txt,53
[1-1][17-1].wasm.swam.txt,[11-1].wasm.swam.txt,22149
[1-1][17-1].wasm.swam.txt,[2-1].wasm.swam.txt,22149
[1-1][17-1].wasm.swam.txt,[2-1][11-1][17-1].wasm.swam.txt,73
[11-1].wasm.swam.txt,[2-1].wasm.swam.txt,21834
[11-1].wasm.swam.txt,[2-1][11-1][17-1].wasm.swam.txt,122
[2-1].wasm.swam.txt,[2-1][11-1][17-1].wasm.swam.txt,92
