t1,t2,diff
[0-1][1-1][2-10].wasm.swam.txt,[0-1][1-1][2-10][3-1].wasm.swam.txt,10
[0-1][1-1][2-10].wasm.swam.txt,[0-1][1-1][2-1].wasm.swam.txt,1116
[0-1][1-1][2-10].wasm.swam.txt,[0-1][1-1][2-9].wasm.swam.txt,6977
[0-1][1-1][2-10].wasm.swam.txt,[0-1][1-6].wasm.~1~.swam.txt,2050
[0-1][1-1][2-10][3-1].wasm.swam.txt,[0-1][1-4].wasm.~1~.swam.txt,19701
[0-1][1-1][2-10][3-1].wasm.swam.txt,[0-1][1-1][2-9].wasm.swam.txt,19701
[0-1][1-1][2-10].wasm.swam.txt,[0-1][1-4].wasm.~1~.swam.txt,19701
[0-1][1-1][2-10][3-1].wasm.swam.txt,[0-1][1-1][2-1].wasm.swam.txt,18076
[0-1][1-1][2-10][3-1].wasm.swam.txt,[0-1][1-6].wasm.~1~.swam.txt,10629
[0-1][1-1][2-1].wasm.swam.txt,[0-1][1-1][2-9].wasm.swam.txt,0
[0-1][1-1][2-1].wasm.swam.txt,[0-1][1-4].wasm.~1~.swam.txt,10635
[0-1][1-1][2-1].wasm.swam.txt,[0-1][1-6].wasm.~1~.swam.txt,10615
[0-1][1-1][2-9].wasm.swam.txt,[0-1][1-4].wasm.~1~.swam.txt,10625
[0-1][1-1][2-9].wasm.swam.txt,[0-1][1-6].wasm.~1~.swam.txt,10639
[0-1][1-4].wasm.~1~.swam.txt,[0-1][1-6].wasm.~1~.swam.txt,20
