t1,t2,diff
Department_Numbers.wasm.~2~.swam.txt,[0-1][1-1][3-1].wasm.swam.txt,83490
[0-1][1-1][10-1].wasm.swam.txt,[0-1][1-1][3-1].wasm.swam.txt,0
Department_Numbers.wasm.~2~.swam.txt,[0-1][1-1][10-1].wasm.swam.txt,0
[0-1][1-1][3-1][4-1][6-1].wasm.swam.txt,[0-1][1-1][4-1][5-1][6-1][10-1].wasm.swam.txt,83592
[0-1][1-1][3-1][4-1][6-1].wasm.swam.txt,[0-1][1-1][4-1][5-1][6-1].wasm.swam.txt,83594
[0-1][1-1][4-1][5-1][6-1][10-1].wasm.swam.txt,[0-1][2-1][3-1].wasm.swam.txt,1877
[0-1][2-1][3-1].wasm.swam.txt,[0-1][2-1][3-1][4-1][5-1][6-1].wasm.swam.txt,540
Department_Numbers.wasm.~2~.swam.txt,[0-1][2-1][3-1][4-1][5-1][6-1].wasm.swam.txt,0
Department_Numbers.wasm.~2~.swam.txt,[0-1][1-1][4-1][5-1][6-1].wasm.swam.txt,0
Department_Numbers.wasm.~2~.swam.txt,[0-1][1-1][3-1][4-1][6-1].wasm.swam.txt,6698
[0-1][1-1][10-1].wasm.swam.txt,[0-1][2-1][3-1][4-1][5-1][6-1].wasm.swam.txt,79914
[0-1][1-1][4-1][5-1][6-1].wasm.swam.txt,[0-1][2-1][3-1][4-1][5-1][6-1].wasm.swam.txt,79330
[0-1][1-1][3-1].wasm.swam.txt,[0-1][2-1][3-1][4-1][5-1][6-1].wasm.swam.txt,78376
Department_Numbers.wasm.~2~.swam.txt,[0-1][2-1][3-1].wasm.swam.txt,80458
[0-1][1-1][3-1].wasm.swam.txt,[0-1][1-1][4-1][5-1][6-1][10-1].wasm.swam.txt,1148
[0-1][1-1][10-1].wasm.swam.txt,[0-1][1-1][4-1][5-1][6-1][10-1].wasm.swam.txt,1148
[0-1][1-1][4-1][5-1][6-1].wasm.swam.txt,[0-1][1-1][4-1][5-1][6-1][10-1].wasm.swam.txt,484
[0-1][1-1][3-1].wasm.swam.txt,[0-1][2-1][3-1].wasm.swam.txt,0
[0-1][1-1][10-1].wasm.swam.txt,[0-1][2-1][3-1].wasm.swam.txt,70091
[0-1][1-1][3-1].wasm.swam.txt,[0-1][1-1][3-1][4-1][6-1].wasm.swam.txt,1753
[0-1][1-1][4-1][5-1][6-1].wasm.swam.txt,[0-1][2-1][3-1].wasm.swam.txt,0
[0-1][1-1][10-1].wasm.swam.txt,[0-1][1-1][3-1][4-1][6-1].wasm.swam.txt,2846
[0-1][1-1][4-1][5-1][6-1][10-1].wasm.swam.txt,[0-1][2-1][3-1][4-1][5-1][6-1].wasm.swam.txt,4375
[0-1][1-1][10-1].wasm.swam.txt,[0-1][1-1][4-1][5-1][6-1].wasm.swam.txt,4493
[0-1][1-1][3-1].wasm.swam.txt,[0-1][1-1][4-1][5-1][6-1].wasm.swam.txt,4554
[0-1][1-1][3-1][4-1][6-1].wasm.swam.txt,[0-1][2-1][3-1].wasm.swam.txt,648
[0-1][1-1][3-1][4-1][6-1].wasm.swam.txt,[0-1][2-1][3-1][4-1][5-1][6-1].wasm.swam.txt,624
Department_Numbers.wasm.~2~.swam.txt,[0-1][1-1][4-1][5-1][6-1][10-1].wasm.swam.txt,71864
