t1,t2,diff
[0-10][1-10].wasm.swam.txt,[0-10][1-11].wasm.swam.txt,0
[0-10][1-11].wasm.swam.txt,[0-12].wasm.swam.txt,0
[0-10][1-11].wasm.swam.txt,[0-10][1-2].wasm.swam.txt,220
[0-10][1-13].wasm.swam.txt,[0-10][1-2].wasm.swam.txt,5090
[0-10][1-2].wasm.swam.txt,[0-12].wasm.swam.txt,5014
[0-10][1-11].wasm.swam.txt,[0-10][1-13].wasm.swam.txt,5210
[0-10][1-13].wasm.swam.txt,[0-12].wasm.swam.txt,4464
[0-10][1-10].wasm.swam.txt,[0-10][1-13].wasm.swam.txt,10531
[0-10][1-10].wasm.swam.txt,[0-10][1-2].wasm.swam.txt,111441
[0-10][1-10].wasm.swam.txt,[0-12].wasm.swam.txt,73138
