t1,t2,diff
Execute_a_Markov_algorithm.wasm.swam.txt,[0-1][1-1][2-1][24-1][26-1].wasm.swam.txt,720
Execute_a_Markov_algorithm.wasm.swam.txt,[0-1][1-1][2-1][3-1].wasm.swam.txt,80
Execute_a_Markov_algorithm.wasm.swam.txt,[0-1][1-1][2-1][3-1][24-1][26-1].wasm.swam.txt,0
Execute_a_Markov_algorithm.wasm.swam.txt,[0-1][1-1][2-3].wasm.swam.txt,720
Execute_a_Markov_algorithm.wasm.swam.txt,[0-1][1-1][2-3][24-1][26-1].wasm.swam.txt,800
Execute_a_Markov_algorithm.wasm.swam.txt,[0-1][1-1][2-3][3-1].wasm.swam.txt,800
Execute_a_Markov_algorithm.wasm.swam.txt,[0-1][1-1][2-3][3-1][24-1][26-1].wasm.swam.txt,800
Execute_a_Markov_algorithm.wasm.swam.txt,[0-1][1-1][2-4].wasm.swam.txt,800
Execute_a_Markov_algorithm.wasm.swam.txt,[0-1][1-1][2-4][24-1][26-1].wasm.swam.txt,800
Execute_a_Markov_algorithm.wasm.swam.txt,[0-1][1-1][2-4][3-1].wasm.swam.txt,800
Execute_a_Markov_algorithm.wasm.swam.txt,[0-1][1-1][2-4][3-1][24-1][26-1].wasm.swam.txt,800
Execute_a_Markov_algorithm.wasm.swam.txt,[0-1][1-1][2-5].wasm.swam.txt,800
Execute_a_Markov_algorithm.wasm.swam.txt,[0-1][1-1][2-5][24-1][26-1].wasm.swam.txt,800
Execute_a_Markov_algorithm.wasm.swam.txt,[0-1][1-1][2-5][3-1].wasm.swam.txt,800
Execute_a_Markov_algorithm.wasm.swam.txt,[0-1][1-1][2-5][3-1][24-1][26-1].wasm.swam.txt,800
[0-1][1-1][2-1][24-1][26-1].wasm.swam.txt,[0-1][1-1][2-1][3-1].wasm.swam.txt,0
[0-1][1-1][2-1][24-1][26-1].wasm.swam.txt,[0-1][1-1][2-1][3-1][24-1][26-1].wasm.swam.txt,0
[0-1][1-1][2-1][24-1][26-1].wasm.swam.txt,[0-1][1-1][2-3].wasm.swam.txt,0
[0-1][1-1][2-1][24-1][26-1].wasm.swam.txt,[0-1][1-1][2-3][24-1][26-1].wasm.swam.txt,0
[0-1][1-1][2-1][24-1][26-1].wasm.swam.txt,[0-1][1-1][2-3][3-1].wasm.swam.txt,0
[0-1][1-1][2-1][24-1][26-1].wasm.swam.txt,[0-1][1-1][2-3][3-1][24-1][26-1].wasm.swam.txt,0
[0-1][1-1][2-1][24-1][26-1].wasm.swam.txt,[0-1][1-1][2-4].wasm.swam.txt,0
[0-1][1-1][2-1][24-1][26-1].wasm.swam.txt,[0-1][1-1][2-4][24-1][26-1].wasm.swam.txt,0
[0-1][1-1][2-1][24-1][26-1].wasm.swam.txt,[0-1][1-1][2-4][3-1].wasm.swam.txt,0
[0-1][1-1][2-1][24-1][26-1].wasm.swam.txt,[0-1][1-1][2-4][3-1][24-1][26-1].wasm.swam.txt,0
[0-1][1-1][2-1][24-1][26-1].wasm.swam.txt,[0-1][1-1][2-5].wasm.swam.txt,0
[0-1][1-1][2-1][24-1][26-1].wasm.swam.txt,[0-1][1-1][2-5][24-1][26-1].wasm.swam.txt,0
[0-1][1-1][2-1][24-1][26-1].wasm.swam.txt,[0-1][1-1][2-5][3-1].wasm.swam.txt,0
[0-1][1-1][2-1][24-1][26-1].wasm.swam.txt,[0-1][1-1][2-5][3-1][24-1][26-1].wasm.swam.txt,0
[0-1][1-1][2-1][3-1].wasm.swam.txt,[0-1][1-1][2-1][3-1][24-1][26-1].wasm.swam.txt,0
[0-1][1-1][2-1][3-1].wasm.swam.txt,[0-1][1-1][2-3].wasm.swam.txt,0
[0-1][1-1][2-1][3-1].wasm.swam.txt,[0-1][1-1][2-3][24-1][26-1].wasm.swam.txt,0
[0-1][1-1][2-1][3-1].wasm.swam.txt,[0-1][1-1][2-3][3-1].wasm.swam.txt,0
[0-1][1-1][2-1][3-1].wasm.swam.txt,[0-1][1-1][2-3][3-1][24-1][26-1].wasm.swam.txt,0
[0-1][1-1][2-1][3-1].wasm.swam.txt,[0-1][1-1][2-4].wasm.swam.txt,0
[0-1][1-1][2-1][3-1].wasm.swam.txt,[0-1][1-1][2-4][24-1][26-1].wasm.swam.txt,0
[0-1][1-1][2-1][3-1].wasm.swam.txt,[0-1][1-1][2-4][3-1].wasm.swam.txt,0
[0-1][1-1][2-1][3-1].wasm.swam.txt,[0-1][1-1][2-4][3-1][24-1][26-1].wasm.swam.txt,0
[0-1][1-1][2-1][3-1].wasm.swam.txt,[0-1][1-1][2-5].wasm.swam.txt,0
[0-1][1-1][2-1][3-1].wasm.swam.txt,[0-1][1-1][2-5][24-1][26-1].wasm.swam.txt,0
[0-1][1-1][2-1][3-1].wasm.swam.txt,[0-1][1-1][2-5][3-1].wasm.swam.txt,0
[0-1][1-1][2-1][3-1].wasm.swam.txt,[0-1][1-1][2-5][3-1][24-1][26-1].wasm.swam.txt,0
[0-1][1-1][2-1][3-1][24-1][26-1].wasm.swam.txt,[0-1][1-1][2-3].wasm.swam.txt,0
[0-1][1-1][2-1][3-1][24-1][26-1].wasm.swam.txt,[0-1][1-1][2-3][24-1][26-1].wasm.swam.txt,0
[0-1][1-1][2-1][3-1][24-1][26-1].wasm.swam.txt,[0-1][1-1][2-3][3-1].wasm.swam.txt,0
[0-1][1-1][2-1][3-1][24-1][26-1].wasm.swam.txt,[0-1][1-1][2-3][3-1][24-1][26-1].wasm.swam.txt,0
[0-1][1-1][2-1][3-1][24-1][26-1].wasm.swam.txt,[0-1][1-1][2-4].wasm.swam.txt,0
[0-1][1-1][2-1][3-1][24-1][26-1].wasm.swam.txt,[0-1][1-1][2-4][24-1][26-1].wasm.swam.txt,0
[0-1][1-1][2-1][3-1][24-1][26-1].wasm.swam.txt,[0-1][1-1][2-4][3-1].wasm.swam.txt,0
[0-1][1-1][2-1][3-1][24-1][26-1].wasm.swam.txt,[0-1][1-1][2-4][3-1][24-1][26-1].wasm.swam.txt,0
[0-1][1-1][2-1][3-1][24-1][26-1].wasm.swam.txt,[0-1][1-1][2-5].wasm.swam.txt,0
[0-1][1-1][2-1][3-1][24-1][26-1].wasm.swam.txt,[0-1][1-1][2-5][24-1][26-1].wasm.swam.txt,0
[0-1][1-1][2-1][3-1][24-1][26-1].wasm.swam.txt,[0-1][1-1][2-5][3-1].wasm.swam.txt,0
[0-1][1-1][2-1][3-1][24-1][26-1].wasm.swam.txt,[0-1][1-1][2-5][3-1][24-1][26-1].wasm.swam.txt,0
[0-1][1-1][2-3].wasm.swam.txt,[0-1][1-1][2-3][24-1][26-1].wasm.swam.txt,0
[0-1][1-1][2-3].wasm.swam.txt,[0-1][1-1][2-3][3-1].wasm.swam.txt,0
[0-1][1-1][2-3].wasm.swam.txt,[0-1][1-1][2-3][3-1][24-1][26-1].wasm.swam.txt,0
[0-1][1-1][2-3].wasm.swam.txt,[0-1][1-1][2-4].wasm.swam.txt,0
[0-1][1-1][2-3].wasm.swam.txt,[0-1][1-1][2-4][24-1][26-1].wasm.swam.txt,0
[0-1][1-1][2-3].wasm.swam.txt,[0-1][1-1][2-4][3-1].wasm.swam.txt,0
[0-1][1-1][2-3].wasm.swam.txt,[0-1][1-1][2-4][3-1][24-1][26-1].wasm.swam.txt,0
[0-1][1-1][2-3].wasm.swam.txt,[0-1][1-1][2-5].wasm.swam.txt,0
[0-1][1-1][2-3].wasm.swam.txt,[0-1][1-1][2-5][24-1][26-1].wasm.swam.txt,0
[0-1][1-1][2-3].wasm.swam.txt,[0-1][1-1][2-5][3-1].wasm.swam.txt,0
[0-1][1-1][2-3].wasm.swam.txt,[0-1][1-1][2-5][3-1][24-1][26-1].wasm.swam.txt,0
[0-1][1-1][2-3][24-1][26-1].wasm.swam.txt,[0-1][1-1][2-3][3-1].wasm.swam.txt,0
[0-1][1-1][2-3][24-1][26-1].wasm.swam.txt,[0-1][1-1][2-3][3-1][24-1][26-1].wasm.swam.txt,0
[0-1][1-1][2-3][24-1][26-1].wasm.swam.txt,[0-1][1-1][2-4].wasm.swam.txt,0
[0-1][1-1][2-3][24-1][26-1].wasm.swam.txt,[0-1][1-1][2-4][24-1][26-1].wasm.swam.txt,0
[0-1][1-1][2-3][24-1][26-1].wasm.swam.txt,[0-1][1-1][2-4][3-1].wasm.swam.txt,0
[0-1][1-1][2-3][24-1][26-1].wasm.swam.txt,[0-1][1-1][2-4][3-1][24-1][26-1].wasm.swam.txt,0
[0-1][1-1][2-3][24-1][26-1].wasm.swam.txt,[0-1][1-1][2-5].wasm.swam.txt,0
[0-1][1-1][2-3][24-1][26-1].wasm.swam.txt,[0-1][1-1][2-5][24-1][26-1].wasm.swam.txt,0
[0-1][1-1][2-3][24-1][26-1].wasm.swam.txt,[0-1][1-1][2-5][3-1].wasm.swam.txt,0
[0-1][1-1][2-3][24-1][26-1].wasm.swam.txt,[0-1][1-1][2-5][3-1][24-1][26-1].wasm.swam.txt,0
[0-1][1-1][2-3][3-1].wasm.swam.txt,[0-1][1-1][2-3][3-1][24-1][26-1].wasm.swam.txt,0
[0-1][1-1][2-3][3-1].wasm.swam.txt,[0-1][1-1][2-4].wasm.swam.txt,0
[0-1][1-1][2-3][3-1].wasm.swam.txt,[0-1][1-1][2-4][24-1][26-1].wasm.swam.txt,0
[0-1][1-1][2-3][3-1].wasm.swam.txt,[0-1][1-1][2-4][3-1].wasm.swam.txt,0
[0-1][1-1][2-3][3-1].wasm.swam.txt,[0-1][1-1][2-4][3-1][24-1][26-1].wasm.swam.txt,0
[0-1][1-1][2-3][3-1].wasm.swam.txt,[0-1][1-1][2-5].wasm.swam.txt,0
[0-1][1-1][2-3][3-1].wasm.swam.txt,[0-1][1-1][2-5][24-1][26-1].wasm.swam.txt,0
[0-1][1-1][2-3][3-1].wasm.swam.txt,[0-1][1-1][2-5][3-1].wasm.swam.txt,0
[0-1][1-1][2-3][3-1].wasm.swam.txt,[0-1][1-1][2-5][3-1][24-1][26-1].wasm.swam.txt,0
[0-1][1-1][2-3][3-1][24-1][26-1].wasm.swam.txt,[0-1][1-1][2-4].wasm.swam.txt,0
[0-1][1-1][2-3][3-1][24-1][26-1].wasm.swam.txt,[0-1][1-1][2-4][24-1][26-1].wasm.swam.txt,0
[0-1][1-1][2-3][3-1][24-1][26-1].wasm.swam.txt,[0-1][1-1][2-4][3-1].wasm.swam.txt,0
[0-1][1-1][2-3][3-1][24-1][26-1].wasm.swam.txt,[0-1][1-1][2-4][3-1][24-1][26-1].wasm.swam.txt,0
[0-1][1-1][2-3][3-1][24-1][26-1].wasm.swam.txt,[0-1][1-1][2-5].wasm.swam.txt,0
[0-1][1-1][2-3][3-1][24-1][26-1].wasm.swam.txt,[0-1][1-1][2-5][24-1][26-1].wasm.swam.txt,0
[0-1][1-1][2-3][3-1][24-1][26-1].wasm.swam.txt,[0-1][1-1][2-5][3-1].wasm.swam.txt,0
[0-1][1-1][2-3][3-1][24-1][26-1].wasm.swam.txt,[0-1][1-1][2-5][3-1][24-1][26-1].wasm.swam.txt,0
[0-1][1-1][2-4].wasm.swam.txt,[0-1][1-1][2-4][24-1][26-1].wasm.swam.txt,0
[0-1][1-1][2-4].wasm.swam.txt,[0-1][1-1][2-4][3-1].wasm.swam.txt,0
[0-1][1-1][2-4].wasm.swam.txt,[0-1][1-1][2-4][3-1][24-1][26-1].wasm.swam.txt,0
[0-1][1-1][2-4].wasm.swam.txt,[0-1][1-1][2-5].wasm.swam.txt,0
[0-1][1-1][2-4].wasm.swam.txt,[0-1][1-1][2-5][24-1][26-1].wasm.swam.txt,0
[0-1][1-1][2-4].wasm.swam.txt,[0-1][1-1][2-5][3-1].wasm.swam.txt,0
[0-1][1-1][2-4].wasm.swam.txt,[0-1][1-1][2-5][3-1][24-1][26-1].wasm.swam.txt,0
[0-1][1-1][2-4][24-1][26-1].wasm.swam.txt,[0-1][1-1][2-4][3-1].wasm.swam.txt,0
[0-1][1-1][2-4][24-1][26-1].wasm.swam.txt,[0-1][1-1][2-4][3-1][24-1][26-1].wasm.swam.txt,0
[0-1][1-1][2-4][24-1][26-1].wasm.swam.txt,[0-1][1-1][2-5].wasm.swam.txt,0
[0-1][1-1][2-4][24-1][26-1].wasm.swam.txt,[0-1][1-1][2-5][24-1][26-1].wasm.swam.txt,0
[0-1][1-1][2-4][24-1][26-1].wasm.swam.txt,[0-1][1-1][2-5][3-1].wasm.swam.txt,0
[0-1][1-1][2-4][24-1][26-1].wasm.swam.txt,[0-1][1-1][2-5][3-1][24-1][26-1].wasm.swam.txt,0
[0-1][1-1][2-4][3-1].wasm.swam.txt,[0-1][1-1][2-4][3-1][24-1][26-1].wasm.swam.txt,0
[0-1][1-1][2-4][3-1].wasm.swam.txt,[0-1][1-1][2-5].wasm.swam.txt,0
[0-1][1-1][2-4][3-1].wasm.swam.txt,[0-1][1-1][2-5][24-1][26-1].wasm.swam.txt,0
[0-1][1-1][2-4][3-1].wasm.swam.txt,[0-1][1-1][2-5][3-1].wasm.swam.txt,0
[0-1][1-1][2-4][3-1].wasm.swam.txt,[0-1][1-1][2-5][3-1][24-1][26-1].wasm.swam.txt,0
[0-1][1-1][2-4][3-1][24-1][26-1].wasm.swam.txt,[0-1][1-1][2-5].wasm.swam.txt,0
[0-1][1-1][2-4][3-1][24-1][26-1].wasm.swam.txt,[0-1][1-1][2-5][24-1][26-1].wasm.swam.txt,0
[0-1][1-1][2-4][3-1][24-1][26-1].wasm.swam.txt,[0-1][1-1][2-5][3-1].wasm.swam.txt,0
[0-1][1-1][2-4][3-1][24-1][26-1].wasm.swam.txt,[0-1][1-1][2-5][3-1][24-1][26-1].wasm.swam.txt,0
[0-1][1-1][2-5].wasm.swam.txt,[0-1][1-1][2-5][24-1][26-1].wasm.swam.txt,0
[0-1][1-1][2-5].wasm.swam.txt,[0-1][1-1][2-5][3-1].wasm.swam.txt,0
[0-1][1-1][2-5].wasm.swam.txt,[0-1][1-1][2-5][3-1][24-1][26-1].wasm.swam.txt,0
[0-1][1-1][2-5][24-1][26-1].wasm.swam.txt,[0-1][1-1][2-5][3-1].wasm.swam.txt,0
[0-1][1-1][2-5][24-1][26-1].wasm.swam.txt,[0-1][1-1][2-5][3-1][24-1][26-1].wasm.swam.txt,0
[0-1][1-1][2-5][3-1].wasm.swam.txt,[0-1][1-1][2-5][3-1][24-1][26-1].wasm.swam.txt,0
