t1,t2,diff
[0-1].wasm.swam.txt,[1-1][2-1].wasm.swam.txt,0
[0-1].wasm.swam.txt,[12-1][14-1][18-1][19-1].wasm.swam.txt,24551
[0-1].wasm.swam.txt,[12-1][14-8].wasm.swam.txt,30347
[1-1][2-1].wasm.swam.txt,[10-1][11-5].wasm.swam.txt,125
[1-1][2-1].wasm.swam.txt,[12-1][14-1].wasm.swam.txt,431
[1-1][2-1].wasm.swam.txt,[12-1][14-8].wasm.swam.txt,16241
[0-1].wasm.swam.txt,[12-1][14-1].wasm.swam.txt,16241
[1-1][2-1].wasm.swam.txt,[12-1][14-1][18-1][19-1].wasm.swam.txt,7947
[10-1][11-5].wasm.swam.txt,[2-0].wasm.swam.txt,200
[12-1][14-1].wasm.swam.txt,[12-1][14-1][18-1][19-1].wasm.swam.txt,0
[12-1][14-1].wasm.swam.txt,[12-1][14-8].wasm.swam.txt,204
[12-1][14-1][18-1][19-1].wasm.swam.txt,[12-1][14-8].wasm.swam.txt,19011
[1-1][2-1].wasm.swam.txt,[2-0].wasm.swam.txt,25733
[10-1][11-5].wasm.swam.txt,[12-1][14-1].wasm.swam.txt,80474
[0-1].wasm.swam.txt,[10-1][11-5].wasm.swam.txt,78359
[0-1].wasm.swam.txt,[2-0].wasm.swam.txt,72827
[12-1][14-8].wasm.swam.txt,[2-0].wasm.swam.txt,73192
[10-1][11-5].wasm.swam.txt,[12-1][14-1][18-1][19-1].wasm.swam.txt,72988
[12-1][14-1][18-1][19-1].wasm.swam.txt,[2-0].wasm.swam.txt,72630
[10-1][11-5].wasm.swam.txt,[12-1][14-8].wasm.swam.txt,72616
[12-1][14-1].wasm.swam.txt,[2-0].wasm.swam.txt,72630
