t1,t2,diff
[0-1].wasm.swam.txt,[0-1][1-1][21-1].wasm.swam.txt,18285
[0-1].wasm.swam.txt,[0-2].wasm.swam.txt,35548
[0-1].wasm.swam.txt,[1-12].wasm.swam.txt,35548
[0-0].wasm.swam.txt,[0-1][1-1][21-1].wasm.swam.txt,0
[0-1].wasm.swam.txt,[1-14].wasm.swam.txt,19617
[0-0].wasm.swam.txt,[1-1][2-1][5-1][11-1][13-1][14-1][16-1].wasm.swam.txt,7347
[0-1][1-1][21-1].wasm.swam.txt,[1-1][11-1][13-1][14-1][15-1].wasm.swam.txt,35552
[0-2].wasm.swam.txt,[1-12].wasm.swam.txt,35549
[0-0].wasm.swam.txt,[1-12].wasm.swam.txt,35649
[0-1][1-1][21-1].wasm.swam.txt,[1-1][11-1][13-1][14-1][18-1][19-1][20-1].wasm.swam.txt,35651
[0-1][1-1][21-1].wasm.swam.txt,[1-1][2-1][5-1][11-1][13-1][14-1][16-1].wasm.swam.txt,35651
[0-0].wasm.swam.txt,[0-1].wasm.swam.txt,1397
[0-0].wasm.swam.txt,[1-1][11-1][13-1][14-1][16-1].wasm.swam.txt,11749
[0-0].wasm.swam.txt,[12-7].wasm.swam.txt,13858
[0-0].wasm.swam.txt,[1-1][2-1][5-2].wasm.swam.txt,10735
[0-1][1-1][21-1].wasm.swam.txt,[1-3].wasm.swam.txt,23146
[0-1][1-1][21-1].wasm.swam.txt,[1-2].wasm.swam.txt,29525
[0-0].wasm.swam.txt,[1-1][11-1][13-1][14-1][15-1].wasm.swam.txt,25084
[0-0].wasm.swam.txt,[12-1][13-1][14-1][15-4].wasm.swam.txt,24333
[0-0].wasm.swam.txt,[1-20].wasm.swam.txt,13132
[0-0].wasm.swam.txt,[1-1][2-1][6-1][8-1][9-1].wasm.swam.txt,29707
[0-1][1-1][21-1].wasm.swam.txt,[1-1][2-1][5-2][11-1][13-1][14-1][16-1].wasm.swam.txt,29584
[0-0].wasm.swam.txt,[0-2].wasm.swam.txt,29098
[0-1].wasm.swam.txt,[4-2].wasm.swam.txt,25025
[0-0].wasm.swam.txt,[1-2].wasm.swam.txt,29098
[0-0].wasm.swam.txt,[1-1][11-1][13-1][14-1][15-1][16-1].wasm.swam.txt,16324
[0-0].wasm.swam.txt,[12-17].wasm.swam.txt,29098
[0-0].wasm.swam.txt,[1-3].wasm.swam.txt,22576
[0-1].wasm.swam.txt,[1-5].wasm.swam.txt,17386
[0-1][1-1][21-1].wasm.swam.txt,[12-1][13-1][14-1][15-4].wasm.swam.txt,29074
[0-0].wasm.swam.txt,[12-1][13-1][14-1][15-10][17-1][18-9].wasm.swam.txt,23669
[0-0].wasm.swam.txt,[12-1][13-1][14-1][15-10][17-1][18-3].wasm.swam.txt,25084
[0-1][1-1][21-1].wasm.swam.txt,[1-1][2-1][5-2].wasm.swam.txt,29098
[0-0].wasm.swam.txt,[1-1][2-1][5-1][6-1][8-1][9-1].wasm.swam.txt,14083
[0-0].wasm.swam.txt,[12-6].wasm.swam.txt,14032
[0-1][1-1][21-1].wasm.swam.txt,[12-1][13-1][14-1][15-10][17-1][18-3].wasm.swam.txt,23186
[0-0].wasm.swam.txt,[1-17].wasm.swam.txt,29959
[0-0].wasm.swam.txt,[4-2].wasm.swam.txt,29525
[0-1][1-1][21-1].wasm.swam.txt,[12-1][13-1][14-1][15-10][17-1][18-5].wasm.swam.txt,29197
[0-1][1-1][21-1].wasm.swam.txt,[12-1][13-1][14-1][15-10][17-1][18-9].wasm.swam.txt,28588
[0-1][1-1][21-1].wasm.swam.txt,[1-1][2-1][5-1][6-1][8-1][9-1].wasm.swam.txt,29197
[0-1].wasm.swam.txt,[12-7].wasm.swam.txt,29139
[0-0].wasm.swam.txt,[1-1][2-1][5-2][11-1][13-1][14-1][16-1].wasm.swam.txt,18506
[0-0].wasm.swam.txt,[12-13].wasm.swam.txt,13743
[0-1][1-1][21-1].wasm.swam.txt,[1-1][11-1][13-1][14-1][15-1][18-1][19-1][20-1].wasm.swam.txt,17386
[0-0].wasm.swam.txt,[1-1][2-1][5-1][11-1][13-1][14-1][18-1][19-1][20-1].wasm.swam.txt,16539
[0-0].wasm.swam.txt,[1-14].wasm.swam.txt,29584
[0-1].wasm.swam.txt,[1-1][11-1][13-1][14-1][15-1][18-1][19-1][20-1].wasm.swam.txt,23634
[0-0].wasm.swam.txt,[1-1][11-1][13-1][14-1][15-1][18-1][19-1][20-1].wasm.swam.txt,29707
[0-1].wasm.swam.txt,[1-1][11-1][13-1][14-1][15-1].wasm.swam.txt,16479
[0-0].wasm.swam.txt,[1-23].wasm.swam.txt,27211
[0-1][1-1][21-1].wasm.swam.txt,[12-7].wasm.swam.txt,23356
[0-0].wasm.swam.txt,[1-5].wasm.swam.txt,29098
[0-0].wasm.swam.txt,[1-1][2-1][5-2][6-1][9-1].wasm.swam.txt,29584
[0-1].wasm.swam.txt,[1-1][11-1][13-1][14-1][16-1].wasm.swam.txt,18397
[0-1][1-1][21-1].wasm.swam.txt,[4-2].wasm.swam.txt,18944
[0-0].wasm.swam.txt,[1-1][2-1][5-1].wasm.swam.txt,23911
[0-1].wasm.swam.txt,[1-17].wasm.swam.txt,16946
[0-0].wasm.swam.txt,[1-1][2-1][5-1][6-1][8-1][9-1][11-1][13-1][14-1][15-1].wasm.swam.txt,29119
[0-1][1-1][21-1].wasm.swam.txt,[1-1][2-1][5-1][6-1][8-1][9-1][11-1][13-1][14-1][15-1].wasm.swam.txt,18506
[0-1].wasm.swam.txt,[12-17].wasm.swam.txt,17386
[0-1][1-1][21-1].wasm.swam.txt,[1-23].wasm.swam.txt,18916
[0-1].wasm.swam.txt,[1-1][11-1][13-1][14-1][15-1][16-1].wasm.swam.txt,18281
[0-1][1-1][21-1].wasm.swam.txt,[1-12].wasm.swam.txt,20542
[0-1].wasm.swam.txt,[1-1][2-1][5-1][11-1][13-1][14-1][16-1].wasm.swam.txt,21180
[0-1][1-1][21-1].wasm.swam.txt,[12-13].wasm.swam.txt,16697
[0-1][1-1][21-1].wasm.swam.txt,[12-6].wasm.swam.txt,20497
[0-1][1-1][21-1].wasm.swam.txt,[1-5].wasm.swam.txt,19812
[0-0].wasm.swam.txt,[1-1][2-1][5-2][11-1][13-1][14-1][18-1][19-1][20-1].wasm.swam.txt,25454
[0-0].wasm.swam.txt,[1-1][11-1][13-1][14-1][18-1][19-1][20-1].wasm.swam.txt,16034
[0-1][1-1][21-1].wasm.swam.txt,[1-1][2-1][5-1][11-1][13-1][14-1][18-1][19-1][20-1].wasm.swam.txt,29098
[0-1][1-1][21-1].wasm.swam.txt,[1-14].wasm.swam.txt,24821
[0-1][1-1][21-1].wasm.swam.txt,[1-1][11-1][13-1][14-1][15-1][16-1].wasm.swam.txt,20542
[0-1][1-1][21-1].wasm.swam.txt,[1-1][2-1][6-1][8-1][9-1].wasm.swam.txt,19955
[0-1][1-1][21-1].wasm.swam.txt,[1-17].wasm.swam.txt,20510
[0-1][1-1][21-1].wasm.swam.txt,[1-1][11-1][13-1][14-1][16-1].wasm.swam.txt,20510
[0-1][1-1][21-1].wasm.swam.txt,[1-1][2-1][5-2][6-1][9-1].wasm.swam.txt,19819
[0-1][1-1][21-1].wasm.swam.txt,[1-20].wasm.swam.txt,16162
[0-1][1-1][21-1].wasm.swam.txt,[12-17].wasm.swam.txt,13637
[0-1][1-1][21-1].wasm.swam.txt,[1-1][2-1][5-2][11-1][13-1][14-1][18-1][19-1][20-1].wasm.swam.txt,23913
[0-1].wasm.swam.txt,[1-1][2-1][5-2].wasm.swam.txt,170
[0-1].wasm.swam.txt,[1-2].wasm.swam.txt,291
[0-1].wasm.swam.txt,[1-20].wasm.swam.txt,399
[0-1].wasm.swam.txt,[1-1][2-1][5-1][6-1][8-1][9-1].wasm.swam.txt,329
[0-1].wasm.swam.txt,[1-1][2-1][5-2][11-1][13-1][14-1][16-1].wasm.swam.txt,334
[0-1].wasm.swam.txt,[1-1][2-1][5-2][6-1][9-1].wasm.swam.txt,329
[0-1].wasm.swam.txt,[1-1][2-1][6-1][8-1][9-1].wasm.swam.txt,259
[0-1].wasm.swam.txt,[12-1][13-1][14-1][15-10][17-1][18-9].wasm.swam.txt,169
[0-1].wasm.swam.txt,[1-1][11-1][13-1][14-1][18-1][19-1][20-1].wasm.swam.txt,333
[0-1].wasm.swam.txt,[12-1][13-1][14-1][15-4].wasm.swam.txt,312
[0-1].wasm.swam.txt,[1-1][2-1][5-1].wasm.swam.txt,3563
[0-1].wasm.swam.txt,[12-1][13-1][14-1][15-10][17-1][18-5].wasm.swam.txt,323
[0-1].wasm.swam.txt,[1-3].wasm.swam.txt,331
[0-1].wasm.swam.txt,[12-1][13-1][14-1][15-10][17-1][18-3].wasm.swam.txt,320
[0-1].wasm.swam.txt,[12-13].wasm.swam.txt,323
[0-0].wasm.swam.txt,[12-1][13-1][14-1][15-10][17-1][18-5].wasm.swam.txt,327
[0-1].wasm.swam.txt,[1-23].wasm.swam.txt,317
[0-1].wasm.swam.txt,[1-1][2-1][5-1][11-1][13-1][14-1][18-1][19-1][20-1].wasm.swam.txt,317
[0-1].wasm.swam.txt,[12-6].wasm.swam.txt,317
[0-1].wasm.swam.txt,[1-1][2-1][5-1][6-1][8-1][9-1][11-1][13-1][14-1][15-1].wasm.swam.txt,317
[0-1].wasm.swam.txt,[1-1][2-1][5-2][11-1][13-1][14-1][18-1][19-1][20-1].wasm.swam.txt,317
[0-1][1-1][21-1].wasm.swam.txt,[0-2].wasm.swam.txt,17432
[0-1][1-1][21-1].wasm.swam.txt,[1-1][2-1][5-1].wasm.swam.txt,19516
[0-2].wasm.swam.txt,[1-14].wasm.swam.txt,0
[0-2].wasm.swam.txt,[1-1][11-1][13-1][14-1][15-1].wasm.swam.txt,137
[0-2].wasm.swam.txt,[1-1][11-1][13-1][14-1][15-1][16-1].wasm.swam.txt,224
[0-2].wasm.swam.txt,[1-17].wasm.swam.txt,3976
[0-2].wasm.swam.txt,[1-1][2-1][5-1][11-1][13-1][14-1][18-1][19-1][20-1].wasm.swam.txt,36233
[0-2].wasm.swam.txt,[1-1][2-1][5-1][6-1][8-1][9-1].wasm.swam.txt,36682
[0-2].wasm.swam.txt,[1-1][11-1][13-1][14-1][16-1].wasm.swam.txt,36777
[0-2].wasm.swam.txt,[1-1][11-1][13-1][14-1][18-1][19-1][20-1].wasm.swam.txt,11537
[0-2].wasm.swam.txt,[1-1][11-1][13-1][14-1][15-1][18-1][19-1][20-1].wasm.swam.txt,10246
[0-2].wasm.swam.txt,[1-1][2-1][5-1].wasm.swam.txt,31015
[0-2].wasm.swam.txt,[1-1][2-1][5-1][11-1][13-1][14-1][16-1].wasm.swam.txt,0
[0-2].wasm.swam.txt,[1-1][2-1][5-2][11-1][13-1][14-1][18-1][19-1][20-1].wasm.swam.txt,1110
[0-2].wasm.swam.txt,[1-1][2-1][5-1][6-1][8-1][9-1][11-1][13-1][14-1][15-1].wasm.swam.txt,306
[0-2].wasm.swam.txt,[1-1][2-1][5-2][6-1][9-1].wasm.swam.txt,8
[0-2].wasm.swam.txt,[1-23].wasm.swam.txt,6330
[0-2].wasm.swam.txt,[1-1][2-1][5-2][11-1][13-1][14-1][16-1].wasm.swam.txt,6330
[0-2].wasm.swam.txt,[1-20].wasm.swam.txt,6330
[0-2].wasm.swam.txt,[1-1][2-1][5-2].wasm.swam.txt,18935
[0-2].wasm.swam.txt,[1-2].wasm.swam.txt,304
[0-2].wasm.swam.txt,[1-3].wasm.swam.txt,225
[0-2].wasm.swam.txt,[1-5].wasm.swam.txt,140
[0-2].wasm.swam.txt,[12-13].wasm.swam.txt,35773
[0-2].wasm.swam.txt,[1-1][2-1][6-1][8-1][9-1].wasm.swam.txt,18823
[0-2].wasm.swam.txt,[12-17].wasm.swam.txt,35628
[0-2].wasm.swam.txt,[12-1][13-1][14-1][15-4].wasm.swam.txt,35628
[0-2].wasm.swam.txt,[12-1][13-1][14-1][15-10][17-1][18-9].wasm.swam.txt,35628
[0-2].wasm.swam.txt,[12-1][13-1][14-1][15-10][17-1][18-3].wasm.swam.txt,246
[0-2].wasm.swam.txt,[4-2].wasm.swam.txt,246
[0-2].wasm.swam.txt,[12-1][13-1][14-1][15-10][17-1][18-5].wasm.swam.txt,19313
[1-12].wasm.swam.txt,[1-14].wasm.swam.txt,0
[1-12].wasm.swam.txt,[1-17].wasm.swam.txt,10032
[1-12].wasm.swam.txt,[1-1][11-1][13-1][14-1][15-1].wasm.swam.txt,95
[0-2].wasm.swam.txt,[12-6].wasm.swam.txt,26099
[0-2].wasm.swam.txt,[12-7].wasm.swam.txt,26099
[1-12].wasm.swam.txt,[1-1][11-1][13-1][14-1][16-1].wasm.swam.txt,433
[1-12].wasm.swam.txt,[1-1][11-1][13-1][14-1][15-1][18-1][19-1][20-1].wasm.swam.txt,41
[1-12].wasm.swam.txt,[1-1][11-1][13-1][14-1][18-1][19-1][20-1].wasm.swam.txt,3660
[1-12].wasm.swam.txt,[1-1][2-1][5-1].wasm.swam.txt,35588
[1-12].wasm.swam.txt,[1-1][11-1][13-1][14-1][15-1][16-1].wasm.swam.txt,25424
[1-12].wasm.swam.txt,[1-1][2-1][5-1][11-1][13-1][14-1][18-1][19-1][20-1].wasm.swam.txt,42
[1-12].wasm.swam.txt,[1-1][2-1][5-1][6-1][8-1][9-1].wasm.swam.txt,205
[1-12].wasm.swam.txt,[1-1][2-1][5-1][6-1][8-1][9-1][11-1][13-1][14-1][15-1].wasm.swam.txt,205
[1-12].wasm.swam.txt,[1-1][2-1][5-2].wasm.swam.txt,40
[1-12].wasm.swam.txt,[1-1][2-1][5-1][11-1][13-1][14-1][16-1].wasm.swam.txt,779
[1-12].wasm.swam.txt,[1-1][2-1][5-2][11-1][13-1][14-1][16-1].wasm.swam.txt,317
[1-12].wasm.swam.txt,[1-1][2-1][5-2][6-1][9-1].wasm.swam.txt,27405
[1-12].wasm.swam.txt,[1-1][2-1][5-2][11-1][13-1][14-1][18-1][19-1][20-1].wasm.swam.txt,27452
[1-12].wasm.swam.txt,[1-1][2-1][6-1][8-1][9-1].wasm.swam.txt,15989
[1-12].wasm.swam.txt,[1-3].wasm.swam.txt,15989
[1-12].wasm.swam.txt,[1-2].wasm.swam.txt,15989
[1-12].wasm.swam.txt,[12-17].wasm.swam.txt,22845
[1-12].wasm.swam.txt,[1-20].wasm.swam.txt,22845
[1-12].wasm.swam.txt,[12-1][13-1][14-1][15-10][17-1][18-3].wasm.swam.txt,100
[1-12].wasm.swam.txt,[1-5].wasm.swam.txt,21328
[1-12].wasm.swam.txt,[1-23].wasm.swam.txt,80
[1-12].wasm.swam.txt,[12-1][13-1][14-1][15-10][17-1][18-5].wasm.swam.txt,80
[1-12].wasm.swam.txt,[12-13].wasm.swam.txt,20409
[1-12].wasm.swam.txt,[12-1][13-1][14-1][15-10][17-1][18-9].wasm.swam.txt,0
[1-12].wasm.swam.txt,[12-1][13-1][14-1][15-4].wasm.swam.txt,50
[1-12].wasm.swam.txt,[12-6].wasm.swam.txt,60
[1-12].wasm.swam.txt,[12-7].wasm.swam.txt,140
[1-12].wasm.swam.txt,[4-2].wasm.swam.txt,140
[1-14].wasm.swam.txt,[1-17].wasm.swam.txt,280
[1-14].wasm.swam.txt,[1-1][11-1][13-1][14-1][15-1].wasm.swam.txt,23345
[1-14].wasm.swam.txt,[1-1][11-1][13-1][14-1][15-1][18-1][19-1][20-1].wasm.swam.txt,77
[1-14].wasm.swam.txt,[1-1][11-1][13-1][14-1][15-1][16-1].wasm.swam.txt,3782
[1-14].wasm.swam.txt,[1-1][2-1][5-1][11-1][13-1][14-1][16-1].wasm.swam.txt,788
[1-14].wasm.swam.txt,[1-1][2-1][5-1].wasm.swam.txt,240
[1-14].wasm.swam.txt,[1-1][2-1][5-1][6-1][8-1][9-1].wasm.swam.txt,240
[1-14].wasm.swam.txt,[1-1][11-1][13-1][14-1][16-1].wasm.swam.txt,14233
[1-14].wasm.swam.txt,[1-1][11-1][13-1][14-1][18-1][19-1][20-1].wasm.swam.txt,241
[1-14].wasm.swam.txt,[1-1][2-1][5-1][6-1][8-1][9-1][11-1][13-1][14-1][15-1].wasm.swam.txt,33996
[1-14].wasm.swam.txt,[1-1][2-1][5-1][11-1][13-1][14-1][18-1][19-1][20-1].wasm.swam.txt,1878
[1-14].wasm.swam.txt,[1-1][2-1][5-2][11-1][13-1][14-1][18-1][19-1][20-1].wasm.swam.txt,1903
[1-14].wasm.swam.txt,[1-1][2-1][5-2][6-1][9-1].wasm.swam.txt,375
[1-14].wasm.swam.txt,[1-1][2-1][5-2].wasm.swam.txt,15023
[1-14].wasm.swam.txt,[1-1][2-1][6-1][8-1][9-1].wasm.swam.txt,10
[1-14].wasm.swam.txt,[1-1][2-1][5-2][11-1][13-1][14-1][16-1].wasm.swam.txt,8178
[1-14].wasm.swam.txt,[1-2].wasm.swam.txt,405
[1-14].wasm.swam.txt,[1-3].wasm.swam.txt,405
[1-14].wasm.swam.txt,[1-5].wasm.swam.txt,9022
[1-14].wasm.swam.txt,[12-13].wasm.swam.txt,65
[1-14].wasm.swam.txt,[12-17].wasm.swam.txt,365
[1-14].wasm.swam.txt,[12-1][13-1][14-1][15-10][17-1][18-3].wasm.swam.txt,29869
[1-14].wasm.swam.txt,[1-20].wasm.swam.txt,29869
[1-14].wasm.swam.txt,[1-23].wasm.swam.txt,320
[1-14].wasm.swam.txt,[12-1][13-1][14-1][15-10][17-1][18-5].wasm.swam.txt,320
[1-14].wasm.swam.txt,[12-1][13-1][14-1][15-10][17-1][18-9].wasm.swam.txt,320
[1-14].wasm.swam.txt,[12-6].wasm.swam.txt,0
[1-14].wasm.swam.txt,[4-2].wasm.swam.txt,16957
[1-14].wasm.swam.txt,[12-1][13-1][14-1][15-4].wasm.swam.txt,16957
[1-17].wasm.swam.txt,[1-1][11-1][13-1][14-1][15-1].wasm.swam.txt,0
[1-17].wasm.swam.txt,[1-1][11-1][13-1][14-1][15-1][18-1][19-1][20-1].wasm.swam.txt,35572
[1-14].wasm.swam.txt,[12-7].wasm.swam.txt,10179
[1-17].wasm.swam.txt,[1-1][11-1][13-1][14-1][18-1][19-1][20-1].wasm.swam.txt,125
[1-17].wasm.swam.txt,[1-1][2-1][5-1].wasm.swam.txt,165
[1-17].wasm.swam.txt,[1-1][11-1][13-1][14-1][15-1][16-1].wasm.swam.txt,8462
[1-17].wasm.swam.txt,[1-1][11-1][13-1][14-1][16-1].wasm.swam.txt,275
[1-17].wasm.swam.txt,[1-1][2-1][5-1][6-1][8-1][9-1].wasm.swam.txt,275
[1-17].wasm.swam.txt,[1-1][2-1][5-1][11-1][13-1][14-1][16-1].wasm.swam.txt,10
[1-17].wasm.swam.txt,[1-1][2-1][5-1][6-1][8-1][9-1][11-1][13-1][14-1][15-1].wasm.swam.txt,10
[1-17].wasm.swam.txt,[1-1][2-1][5-2][11-1][13-1][14-1][16-1].wasm.swam.txt,35612
[1-17].wasm.swam.txt,[1-1][2-1][5-1][11-1][13-1][14-1][18-1][19-1][20-1].wasm.swam.txt,1
[1-17].wasm.swam.txt,[1-1][2-1][5-2][11-1][13-1][14-1][18-1][19-1][20-1].wasm.swam.txt,0
[1-17].wasm.swam.txt,[1-1][2-1][5-2].wasm.swam.txt,10
[1-17].wasm.swam.txt,[1-20].wasm.swam.txt,19663
[1-17].wasm.swam.txt,[1-23].wasm.swam.txt,29926
[1-17].wasm.swam.txt,[1-2].wasm.swam.txt,29926
[1-17].wasm.swam.txt,[1-3].wasm.swam.txt,35648
[1-17].wasm.swam.txt,[1-5].wasm.swam.txt,35668
[1-17].wasm.swam.txt,[1-1][2-1][5-2][6-1][9-1].wasm.swam.txt,21673
[1-17].wasm.swam.txt,[1-1][2-1][6-1][8-1][9-1].wasm.swam.txt,18892
[1-17].wasm.swam.txt,[12-13].wasm.swam.txt,130
[1-17].wasm.swam.txt,[12-1][13-1][14-1][15-10][17-1][18-3].wasm.swam.txt,130
[1-17].wasm.swam.txt,[12-1][13-1][14-1][15-10][17-1][18-5].wasm.swam.txt,35628
[1-17].wasm.swam.txt,[12-17].wasm.swam.txt,31247
[1-17].wasm.swam.txt,[12-1][13-1][14-1][15-10][17-1][18-9].wasm.swam.txt,10
[1-17].wasm.swam.txt,[12-1][13-1][14-1][15-4].wasm.swam.txt,170
[1-17].wasm.swam.txt,[12-6].wasm.swam.txt,170
[1-17].wasm.swam.txt,[12-7].wasm.swam.txt,170
[1-17].wasm.swam.txt,[4-2].wasm.swam.txt,140
[1-1][11-1][13-1][14-1][15-1].wasm.swam.txt,[1-1][11-1][13-1][14-1][16-1].wasm.swam.txt,5497
[1-1][11-1][13-1][14-1][15-1].wasm.swam.txt,[1-1][11-1][13-1][14-1][18-1][19-1][20-1].wasm.swam.txt,2873
[1-1][11-1][13-1][14-1][15-1].wasm.swam.txt,[1-1][11-1][13-1][14-1][15-1][16-1].wasm.swam.txt,18
[1-1][11-1][13-1][14-1][15-1].wasm.swam.txt,[1-1][11-1][13-1][14-1][15-1][18-1][19-1][20-1].wasm.swam.txt,5
[1-1][11-1][13-1][14-1][15-1].wasm.swam.txt,[1-1][2-1][5-1].wasm.swam.txt,8504
[1-1][11-1][13-1][14-1][15-1].wasm.swam.txt,[1-1][2-1][5-2].wasm.swam.txt,207
[1-1][11-1][13-1][14-1][15-1].wasm.swam.txt,[1-1][2-1][5-1][11-1][13-1][14-1][18-1][19-1][20-1].wasm.swam.txt,362
[1-1][11-1][13-1][14-1][15-1].wasm.swam.txt,[1-1][2-1][5-1][6-1][8-1][9-1][11-1][13-1][14-1][15-1].wasm.swam.txt,362
[1-1][11-1][13-1][14-1][15-1].wasm.swam.txt,[1-1][2-1][5-1][11-1][13-1][14-1][16-1].wasm.swam.txt,10859
[1-1][11-1][13-1][14-1][15-1].wasm.swam.txt,[1-1][2-1][5-2][6-1][9-1].wasm.swam.txt,45
[1-1][11-1][13-1][14-1][15-1].wasm.swam.txt,[1-1][2-1][5-1][6-1][8-1][9-1].wasm.swam.txt,1673
[1-1][11-1][13-1][14-1][15-1].wasm.swam.txt,[1-1][2-1][6-1][8-1][9-1].wasm.swam.txt,15618
[1-1][11-1][13-1][14-1][15-1].wasm.swam.txt,[1-1][2-1][5-2][11-1][13-1][14-1][16-1].wasm.swam.txt,15628
[1-1][11-1][13-1][14-1][15-1].wasm.swam.txt,[1-20].wasm.swam.txt,15628
[1-1][11-1][13-1][14-1][15-1].wasm.swam.txt,[1-1][2-1][5-2][11-1][13-1][14-1][18-1][19-1][20-1].wasm.swam.txt,17053
[1-1][11-1][13-1][14-1][15-1].wasm.swam.txt,[1-2].wasm.swam.txt,0
[1-1][11-1][13-1][14-1][15-1].wasm.swam.txt,[1-5].wasm.swam.txt,0
[1-1][11-1][13-1][14-1][15-1].wasm.swam.txt,[12-17].wasm.swam.txt,0
[1-1][11-1][13-1][14-1][15-1].wasm.swam.txt,[12-1][13-1][14-1][15-10][17-1][18-3].wasm.swam.txt,22414
[1-1][11-1][13-1][14-1][15-1].wasm.swam.txt,[1-23].wasm.swam.txt,9113
[1-1][11-1][13-1][14-1][15-1].wasm.swam.txt,[1-3].wasm.swam.txt,9113
[1-1][11-1][13-1][14-1][15-1].wasm.swam.txt,[12-13].wasm.swam.txt,2
[1-1][11-1][13-1][14-1][15-1].wasm.swam.txt,[12-1][13-1][14-1][15-10][17-1][18-9].wasm.swam.txt,7572
[1-1][11-1][13-1][14-1][15-1].wasm.swam.txt,[12-1][13-1][14-1][15-10][17-1][18-5].wasm.swam.txt,7923
[1-1][11-1][13-1][14-1][15-1].wasm.swam.txt,[12-7].wasm.swam.txt,201
[1-1][11-1][13-1][14-1][15-1].wasm.swam.txt,[4-2].wasm.swam.txt,201
[1-1][11-1][13-1][14-1][15-1].wasm.swam.txt,[12-1][13-1][14-1][15-4].wasm.swam.txt,11115
[1-1][11-1][13-1][14-1][15-1].wasm.swam.txt,[12-6].wasm.swam.txt,15557
[1-1][11-1][13-1][14-1][15-1][16-1].wasm.swam.txt,[1-1][11-1][13-1][14-1][15-1][18-1][19-1][20-1].wasm.swam.txt,19
[1-1][11-1][13-1][14-1][15-1][16-1].wasm.swam.txt,[1-1][11-1][13-1][14-1][16-1].wasm.swam.txt,196
[1-1][11-1][13-1][14-1][15-1][16-1].wasm.swam.txt,[1-1][11-1][13-1][14-1][18-1][19-1][20-1].wasm.swam.txt,196
[1-1][11-1][13-1][14-1][15-1][16-1].wasm.swam.txt,[1-1][2-1][5-1][11-1][13-1][14-1][16-1].wasm.swam.txt,85
[1-1][11-1][13-1][14-1][15-1][16-1].wasm.swam.txt,[1-1][2-1][5-1][6-1][8-1][9-1][11-1][13-1][14-1][15-1].wasm.swam.txt,77
[1-1][11-1][13-1][14-1][15-1][16-1].wasm.swam.txt,[1-1][2-1][5-1].wasm.swam.txt,8544
[1-1][11-1][13-1][14-1][15-1][16-1].wasm.swam.txt,[1-1][2-1][5-1][11-1][13-1][14-1][18-1][19-1][20-1].wasm.swam.txt,8837
[1-1][11-1][13-1][14-1][15-1][16-1].wasm.swam.txt,[1-1][2-1][5-1][6-1][8-1][9-1].wasm.swam.txt,3331
[1-1][11-1][13-1][14-1][15-1][16-1].wasm.swam.txt,[1-1][2-1][5-2][11-1][13-1][14-1][16-1].wasm.swam.txt,571
[1-1][11-1][13-1][14-1][15-1][16-1].wasm.swam.txt,[1-1][2-1][5-2][6-1][9-1].wasm.swam.txt,0
[1-1][11-1][13-1][14-1][15-1][16-1].wasm.swam.txt,[1-20].wasm.swam.txt,0
[1-1][11-1][13-1][14-1][15-1][16-1].wasm.swam.txt,[1-1][2-1][5-2][11-1][13-1][14-1][18-1][19-1][20-1].wasm.swam.txt,10
[1-1][11-1][13-1][14-1][15-1][16-1].wasm.swam.txt,[1-23].wasm.swam.txt,30008
[1-1][11-1][13-1][14-1][15-1][16-1].wasm.swam.txt,[1-3].wasm.swam.txt,3941
[1-1][11-1][13-1][14-1][15-1][16-1].wasm.swam.txt,[1-1][2-1][5-2].wasm.swam.txt,565
[1-1][11-1][13-1][14-1][15-1][16-1].wasm.swam.txt,[1-2].wasm.swam.txt,571
[1-1][11-1][13-1][14-1][15-1][16-1].wasm.swam.txt,[1-5].wasm.swam.txt,35648
[1-1][11-1][13-1][14-1][15-1][16-1].wasm.swam.txt,[1-1][2-1][6-1][8-1][9-1].wasm.swam.txt,12936
[1-1][11-1][13-1][14-1][15-1][16-1].wasm.swam.txt,[12-1][13-1][14-1][15-10][17-1][18-3].wasm.swam.txt,393
[1-1][11-1][13-1][14-1][15-1][16-1].wasm.swam.txt,[12-13].wasm.swam.txt,7888
[1-1][11-1][13-1][14-1][15-1][16-1].wasm.swam.txt,[12-1][13-1][14-1][15-10][17-1][18-9].wasm.swam.txt,11211
[1-1][11-1][13-1][14-1][15-1][16-1].wasm.swam.txt,[12-17].wasm.swam.txt,11211
[1-1][11-1][13-1][14-1][15-1][16-1].wasm.swam.txt,[12-1][13-1][14-1][15-10][17-1][18-5].wasm.swam.txt,13056
[1-1][11-1][13-1][14-1][15-1][16-1].wasm.swam.txt,[12-7].wasm.swam.txt,39103
[1-1][11-1][13-1][14-1][15-1][16-1].wasm.swam.txt,[12-6].wasm.swam.txt,21291
[1-1][11-1][13-1][14-1][15-1][16-1].wasm.swam.txt,[4-2].wasm.swam.txt,21693
[1-1][11-1][13-1][14-1][15-1][16-1].wasm.swam.txt,[12-1][13-1][14-1][15-4].wasm.swam.txt,21688
[1-1][11-1][13-1][14-1][15-1][18-1][19-1][20-1].wasm.swam.txt,[1-1][2-1][5-1].wasm.swam.txt,214
[1-1][11-1][13-1][14-1][15-1][18-1][19-1][20-1].wasm.swam.txt,[1-1][11-1][13-1][14-1][16-1].wasm.swam.txt,13567
[1-1][11-1][13-1][14-1][15-1][18-1][19-1][20-1].wasm.swam.txt,[1-1][11-1][13-1][14-1][18-1][19-1][20-1].wasm.swam.txt,0
[1-1][11-1][13-1][14-1][15-1][18-1][19-1][20-1].wasm.swam.txt,[1-1][2-1][5-1][11-1][13-1][14-1][18-1][19-1][20-1].wasm.swam.txt,2042
[1-1][11-1][13-1][14-1][15-1][18-1][19-1][20-1].wasm.swam.txt,[1-1][2-1][5-1][6-1][8-1][9-1][11-1][13-1][14-1][15-1].wasm.swam.txt,384
[1-1][11-1][13-1][14-1][15-1][18-1][19-1][20-1].wasm.swam.txt,[1-1][2-1][5-1][6-1][8-1][9-1].wasm.swam.txt,299
[1-1][11-1][13-1][14-1][15-1][18-1][19-1][20-1].wasm.swam.txt,[1-1][2-1][5-1][11-1][13-1][14-1][16-1].wasm.swam.txt,10010
[1-1][11-1][13-1][14-1][15-1][18-1][19-1][20-1].wasm.swam.txt,[1-1][2-1][5-2].wasm.swam.txt,370
[1-1][11-1][13-1][14-1][15-1][18-1][19-1][20-1].wasm.swam.txt,[1-1][2-1][5-2][11-1][13-1][14-1][16-1].wasm.swam.txt,186
[1-1][11-1][13-1][14-1][15-1][18-1][19-1][20-1].wasm.swam.txt,[1-1][2-1][5-2][11-1][13-1][14-1][18-1][19-1][20-1].wasm.swam.txt,9084
[1-1][11-1][13-1][14-1][15-1][18-1][19-1][20-1].wasm.swam.txt,[1-1][2-1][5-2][6-1][9-1].wasm.swam.txt,90
[1-1][11-1][13-1][14-1][15-1][18-1][19-1][20-1].wasm.swam.txt,[1-20].wasm.swam.txt,4471
[1-1][11-1][13-1][14-1][15-1][18-1][19-1][20-1].wasm.swam.txt,[1-1][2-1][6-1][8-1][9-1].wasm.swam.txt,15604
[1-1][11-1][13-1][14-1][15-1][18-1][19-1][20-1].wasm.swam.txt,[1-23].wasm.swam.txt,24218
[1-1][11-1][13-1][14-1][15-1][18-1][19-1][20-1].wasm.swam.txt,[1-2].wasm.swam.txt,0
[1-1][11-1][13-1][14-1][15-1][18-1][19-1][20-1].wasm.swam.txt,[1-3].wasm.swam.txt,0
[1-1][11-1][13-1][14-1][15-1][18-1][19-1][20-1].wasm.swam.txt,[12-17].wasm.swam.txt,0
[1-1][11-1][13-1][14-1][15-1][18-1][19-1][20-1].wasm.swam.txt,[1-5].wasm.swam.txt,0
[1-1][11-1][13-1][14-1][15-1][18-1][19-1][20-1].wasm.swam.txt,[12-1][13-1][14-1][15-10][17-1][18-5].wasm.swam.txt,10611
[1-1][11-1][13-1][14-1][15-1][18-1][19-1][20-1].wasm.swam.txt,[12-13].wasm.swam.txt,10611
[1-1][11-1][13-1][14-1][15-1][18-1][19-1][20-1].wasm.swam.txt,[12-1][13-1][14-1][15-10][17-1][18-3].wasm.swam.txt,1208
[1-1][11-1][13-1][14-1][15-1][18-1][19-1][20-1].wasm.swam.txt,[12-1][13-1][14-1][15-4].wasm.swam.txt,11418
[1-1][11-1][13-1][14-1][15-1][18-1][19-1][20-1].wasm.swam.txt,[12-1][13-1][14-1][15-10][17-1][18-9].wasm.swam.txt,10019
[1-1][11-1][13-1][14-1][15-1][18-1][19-1][20-1].wasm.swam.txt,[4-2].wasm.swam.txt,28079
[1-1][11-1][13-1][14-1][15-1][18-1][19-1][20-1].wasm.swam.txt,[12-6].wasm.swam.txt,7123
[1-1][11-1][13-1][14-1][16-1].wasm.swam.txt,[1-1][11-1][13-1][14-1][18-1][19-1][20-1].wasm.swam.txt,38
[1-1][11-1][13-1][14-1][15-1][18-1][19-1][20-1].wasm.swam.txt,[12-7].wasm.swam.txt,6896
[1-1][11-1][13-1][14-1][16-1].wasm.swam.txt,[1-1][2-1][5-1].wasm.swam.txt,35588
[1-1][11-1][13-1][14-1][16-1].wasm.swam.txt,[1-1][2-1][5-1][11-1][13-1][14-1][16-1].wasm.swam.txt,50
[1-1][11-1][13-1][14-1][16-1].wasm.swam.txt,[1-1][2-1][5-1][11-1][13-1][14-1][18-1][19-1][20-1].wasm.swam.txt,143
[1-1][11-1][13-1][14-1][16-1].wasm.swam.txt,[1-1][2-1][5-2][11-1][13-1][14-1][16-1].wasm.swam.txt,22887
[1-1][11-1][13-1][14-1][16-1].wasm.swam.txt,[1-1][2-1][5-1][6-1][8-1][9-1].wasm.swam.txt,22887
[1-1][11-1][13-1][14-1][16-1].wasm.swam.txt,[1-1][2-1][5-1][6-1][8-1][9-1][11-1][13-1][14-1][15-1].wasm.swam.txt,8520
[1-1][11-1][13-1][14-1][16-1].wasm.swam.txt,[1-1][2-1][5-2].wasm.swam.txt,15585
[1-1][11-1][13-1][14-1][16-1].wasm.swam.txt,[1-1][2-1][5-2][6-1][9-1].wasm.swam.txt,16001
[1-1][11-1][13-1][14-1][16-1].wasm.swam.txt,[1-1][2-1][5-2][11-1][13-1][14-1][18-1][19-1][20-1].wasm.swam.txt,15968
[1-1][11-1][13-1][14-1][16-1].wasm.swam.txt,[1-1][2-1][6-1][8-1][9-1].wasm.swam.txt,6243
[1-1][11-1][13-1][14-1][16-1].wasm.swam.txt,[1-3].wasm.swam.txt,433
[1-1][11-1][13-1][14-1][16-1].wasm.swam.txt,[1-2].wasm.swam.txt,609
[1-1][11-1][13-1][14-1][16-1].wasm.swam.txt,[1-20].wasm.swam.txt,230
[1-1][11-1][13-1][14-1][16-1].wasm.swam.txt,[1-23].wasm.swam.txt,6899
[1-1][11-1][13-1][14-1][16-1].wasm.swam.txt,[1-5].wasm.swam.txt,26993
[1-1][11-1][13-1][14-1][16-1].wasm.swam.txt,[12-1][13-1][14-1][15-10][17-1][18-5].wasm.swam.txt,29855
[1-1][11-1][13-1][14-1][16-1].wasm.swam.txt,[12-13].wasm.swam.txt,29555
[1-1][11-1][13-1][14-1][16-1].wasm.swam.txt,[12-17].wasm.swam.txt,131
[1-1][11-1][13-1][14-1][16-1].wasm.swam.txt,[12-1][13-1][14-1][15-10][17-1][18-3].wasm.swam.txt,25947
[1-1][11-1][13-1][14-1][16-1].wasm.swam.txt,[12-1][13-1][14-1][15-10][17-1][18-9].wasm.swam.txt,25972
[1-1][11-1][13-1][14-1][16-1].wasm.swam.txt,[12-7].wasm.swam.txt,323
[1-1][11-1][13-1][14-1][16-1].wasm.swam.txt,[12-1][13-1][14-1][15-4].wasm.swam.txt,32582
[1-1][11-1][13-1][14-1][16-1].wasm.swam.txt,[4-2].wasm.swam.txt,32577
[1-1][11-1][13-1][14-1][16-1].wasm.swam.txt,[12-6].wasm.swam.txt,32577
[1-1][11-1][13-1][14-1][18-1][19-1][20-1].wasm.swam.txt,[1-1][2-1][5-1].wasm.swam.txt,5422
[1-1][11-1][13-1][14-1][18-1][19-1][20-1].wasm.swam.txt,[1-1][2-1][5-1][11-1][13-1][14-1][16-1].wasm.swam.txt,14232
[1-1][11-1][13-1][14-1][18-1][19-1][20-1].wasm.swam.txt,[1-1][2-1][5-1][11-1][13-1][14-1][18-1][19-1][20-1].wasm.swam.txt,166
[1-1][11-1][13-1][14-1][18-1][19-1][20-1].wasm.swam.txt,[1-1][2-1][5-1][6-1][8-1][9-1][11-1][13-1][14-1][15-1].wasm.swam.txt,196
[1-1][11-1][13-1][14-1][18-1][19-1][20-1].wasm.swam.txt,[1-1][2-1][5-1][6-1][8-1][9-1].wasm.swam.txt,0
[1-1][11-1][13-1][14-1][18-1][19-1][20-1].wasm.swam.txt,[1-1][2-1][5-2][11-1][13-1][14-1][16-1].wasm.swam.txt,54
[1-1][11-1][13-1][14-1][18-1][19-1][20-1].wasm.swam.txt,[1-1][2-1][5-2].wasm.swam.txt,82
[1-1][11-1][13-1][14-1][18-1][19-1][20-1].wasm.swam.txt,[1-1][2-1][5-2][11-1][13-1][14-1][18-1][19-1][20-1].wasm.swam.txt,15138
[1-1][11-1][13-1][14-1][18-1][19-1][20-1].wasm.swam.txt,[1-1][2-1][6-1][8-1][9-1].wasm.swam.txt,18762
[1-1][11-1][13-1][14-1][18-1][19-1][20-1].wasm.swam.txt,[1-1][2-1][5-2][6-1][9-1].wasm.swam.txt,18762
[1-1][11-1][13-1][14-1][18-1][19-1][20-1].wasm.swam.txt,[1-20].wasm.swam.txt,6037
[1-1][11-1][13-1][14-1][18-1][19-1][20-1].wasm.swam.txt,[1-3].wasm.swam.txt,368
[1-1][11-1][13-1][14-1][18-1][19-1][20-1].wasm.swam.txt,[1-23].wasm.swam.txt,229
[1-1][11-1][13-1][14-1][18-1][19-1][20-1].wasm.swam.txt,[1-5].wasm.swam.txt,229
[1-1][11-1][13-1][14-1][18-1][19-1][20-1].wasm.swam.txt,[1-2].wasm.swam.txt,9696
[1-1][11-1][13-1][14-1][18-1][19-1][20-1].wasm.swam.txt,[12-1][13-1][14-1][15-10][17-1][18-3].wasm.swam.txt,2478
[1-1][11-1][13-1][14-1][18-1][19-1][20-1].wasm.swam.txt,[12-17].wasm.swam.txt,2483
[1-1][11-1][13-1][14-1][18-1][19-1][20-1].wasm.swam.txt,[12-13].wasm.swam.txt,13173
[1-1][11-1][13-1][14-1][18-1][19-1][20-1].wasm.swam.txt,[12-1][13-1][14-1][15-10][17-1][18-5].wasm.swam.txt,13946
[1-1][11-1][13-1][14-1][18-1][19-1][20-1].wasm.swam.txt,[12-1][13-1][14-1][15-4].wasm.swam.txt,3758
[1-1][11-1][13-1][14-1][18-1][19-1][20-1].wasm.swam.txt,[12-1][13-1][14-1][15-10][17-1][18-9].wasm.swam.txt,18678
[1-1][11-1][13-1][14-1][18-1][19-1][20-1].wasm.swam.txt,[4-2].wasm.swam.txt,86
[1-1][11-1][13-1][14-1][18-1][19-1][20-1].wasm.swam.txt,[12-6].wasm.swam.txt,19412
[1-1][11-1][13-1][14-1][18-1][19-1][20-1].wasm.swam.txt,[12-7].wasm.swam.txt,19412
[1-1][2-1][5-1].wasm.swam.txt,[1-1][2-1][5-1][11-1][13-1][14-1][16-1].wasm.swam.txt,0
[1-1][2-1][5-1].wasm.swam.txt,[1-1][2-1][5-1][11-1][13-1][14-1][18-1][19-1][20-1].wasm.swam.txt,6107
[1-1][2-1][5-1].wasm.swam.txt,[1-1][2-1][5-1][6-1][8-1][9-1].wasm.swam.txt,3203
[1-1][2-1][5-1].wasm.swam.txt,[1-1][2-1][5-2].wasm.swam.txt,3203
[1-1][2-1][5-1].wasm.swam.txt,[1-1][2-1][5-1][6-1][8-1][9-1][11-1][13-1][14-1][15-1].wasm.swam.txt,30007
[1-1][2-1][5-1].wasm.swam.txt,[1-1][2-1][5-2][11-1][13-1][14-1][18-1][19-1][20-1].wasm.swam.txt,182
[1-1][2-1][5-1].wasm.swam.txt,[1-1][2-1][5-2][11-1][13-1][14-1][16-1].wasm.swam.txt,20158
[1-1][2-1][5-1].wasm.swam.txt,[1-1][2-1][5-2][6-1][9-1].wasm.swam.txt,22229
[1-1][2-1][5-1].wasm.swam.txt,[1-1][2-1][6-1][8-1][9-1].wasm.swam.txt,13003
[1-1][2-1][5-1].wasm.swam.txt,[1-20].wasm.swam.txt,0
[1-1][2-1][5-1].wasm.swam.txt,[1-2].wasm.swam.txt,5860
[1-1][2-1][5-1].wasm.swam.txt,[1-23].wasm.swam.txt,15731
[1-1][2-1][5-1].wasm.swam.txt,[1-3].wasm.swam.txt,11997
[1-1][2-1][5-1].wasm.swam.txt,[1-5].wasm.swam.txt,25981
[1-1][2-1][5-1].wasm.swam.txt,[12-13].wasm.swam.txt,38627
[1-1][2-1][5-1].wasm.swam.txt,[12-1][13-1][14-1][15-10][17-1][18-3].wasm.swam.txt,38827
[1-1][2-1][5-1].wasm.swam.txt,[12-1][13-1][14-1][15-10][17-1][18-5].wasm.swam.txt,1
[1-1][2-1][5-1].wasm.swam.txt,[12-17].wasm.swam.txt,0
[1-1][2-1][5-1].wasm.swam.txt,[12-1][13-1][14-1][15-10][17-1][18-9].wasm.swam.txt,22194
[1-1][2-1][5-1].wasm.swam.txt,[12-6].wasm.swam.txt,22194
[1-1][2-1][5-1].wasm.swam.txt,[12-1][13-1][14-1][15-4].wasm.swam.txt,9966
[1-1][2-1][5-1].wasm.swam.txt,[4-2].wasm.swam.txt,10
[1-1][2-1][5-1][11-1][13-1][14-1][16-1].wasm.swam.txt,[1-1][2-1][5-1][11-1][13-1][14-1][18-1][19-1][20-1].wasm.swam.txt,33420
[1-1][2-1][5-1].wasm.swam.txt,[12-7].wasm.swam.txt,4678
[1-1][2-1][5-1][11-1][13-1][14-1][16-1].wasm.swam.txt,[1-1][2-1][5-1][6-1][8-1][9-1][11-1][13-1][14-1][15-1].wasm.swam.txt,387
[1-1][2-1][5-1][11-1][13-1][14-1][16-1].wasm.swam.txt,[1-1][2-1][5-1][6-1][8-1][9-1].wasm.swam.txt,19570
[1-1][2-1][5-1][11-1][13-1][14-1][16-1].wasm.swam.txt,[1-1][2-1][5-2].wasm.swam.txt,0
[1-1][2-1][5-1][11-1][13-1][14-1][16-1].wasm.swam.txt,[1-1][2-1][5-2][6-1][9-1].wasm.swam.txt,279
[1-1][2-1][5-1][11-1][13-1][14-1][16-1].wasm.swam.txt,[1-1][2-1][5-2][11-1][13-1][14-1][16-1].wasm.swam.txt,0
[1-1][2-1][5-1][11-1][13-1][14-1][16-1].wasm.swam.txt,[1-1][2-1][5-2][11-1][13-1][14-1][18-1][19-1][20-1].wasm.swam.txt,2994
[1-1][2-1][5-1][11-1][13-1][14-1][16-1].wasm.swam.txt,[1-1][2-1][6-1][8-1][9-1].wasm.swam.txt,3907
[1-1][2-1][5-1][11-1][13-1][14-1][16-1].wasm.swam.txt,[1-3].wasm.swam.txt,12203
[1-1][2-1][5-1][11-1][13-1][14-1][16-1].wasm.swam.txt,[1-20].wasm.swam.txt,12478
[1-1][2-1][5-1][11-1][13-1][14-1][16-1].wasm.swam.txt,[1-23].wasm.swam.txt,12203
[1-1][2-1][5-1][11-1][13-1][14-1][16-1].wasm.swam.txt,[1-2].wasm.swam.txt,30465
[1-1][2-1][5-1][11-1][13-1][14-1][16-1].wasm.swam.txt,[12-13].wasm.swam.txt,694
[1-1][2-1][5-1][11-1][13-1][14-1][16-1].wasm.swam.txt,[12-17].wasm.swam.txt,563
[1-1][2-1][5-1][11-1][13-1][14-1][16-1].wasm.swam.txt,[12-1][13-1][14-1][15-10][17-1][18-3].wasm.swam.txt,563
[1-1][2-1][5-1][11-1][13-1][14-1][16-1].wasm.swam.txt,[1-5].wasm.swam.txt,8466
[1-1][2-1][5-1][11-1][13-1][14-1][16-1].wasm.swam.txt,[12-1][13-1][14-1][15-10][17-1][18-9].wasm.swam.txt,402
[1-1][2-1][5-1][11-1][13-1][14-1][16-1].wasm.swam.txt,[12-1][13-1][14-1][15-10][17-1][18-5].wasm.swam.txt,25190
[1-1][2-1][5-1][11-1][13-1][14-1][16-1].wasm.swam.txt,[12-1][13-1][14-1][15-4].wasm.swam.txt,8785
[1-1][2-1][5-1][11-1][13-1][14-1][16-1].wasm.swam.txt,[4-2].wasm.swam.txt,568
[1-1][2-1][5-1][11-1][13-1][14-1][16-1].wasm.swam.txt,[12-6].wasm.swam.txt,0
[1-1][2-1][5-1][11-1][13-1][14-1][16-1].wasm.swam.txt,[12-7].wasm.swam.txt,11420
[1-1][2-1][5-1][11-1][13-1][14-1][18-1][19-1][20-1].wasm.swam.txt,[1-1][2-1][5-2].wasm.swam.txt,34110
[1-1][2-1][5-1][11-1][13-1][14-1][18-1][19-1][20-1].wasm.swam.txt,[1-1][2-1][5-1][6-1][8-1][9-1][11-1][13-1][14-1][15-1].wasm.swam.txt,34110
[1-1][2-1][5-1][11-1][13-1][14-1][18-1][19-1][20-1].wasm.swam.txt,[1-1][2-1][5-1][6-1][8-1][9-1].wasm.swam.txt,14237
[1-1][2-1][5-1][11-1][13-1][14-1][18-1][19-1][20-1].wasm.swam.txt,[1-1][2-1][5-2][11-1][13-1][14-1][18-1][19-1][20-1].wasm.swam.txt,0
[1-1][2-1][5-1][11-1][13-1][14-1][18-1][19-1][20-1].wasm.swam.txt,[1-1][2-1][5-2][6-1][9-1].wasm.swam.txt,12160
[1-1][2-1][5-1][11-1][13-1][14-1][18-1][19-1][20-1].wasm.swam.txt,[1-1][2-1][5-2][11-1][13-1][14-1][16-1].wasm.swam.txt,11905
[1-1][2-1][5-1][11-1][13-1][14-1][18-1][19-1][20-1].wasm.swam.txt,[1-1][2-1][6-1][8-1][9-1].wasm.swam.txt,12568
[1-1][2-1][5-1][11-1][13-1][14-1][18-1][19-1][20-1].wasm.swam.txt,[1-20].wasm.swam.txt,18386
[1-1][2-1][5-1][11-1][13-1][14-1][18-1][19-1][20-1].wasm.swam.txt,[1-23].wasm.swam.txt,89
[1-1][2-1][5-1][11-1][13-1][14-1][18-1][19-1][20-1].wasm.swam.txt,[1-5].wasm.swam.txt,336
[1-1][2-1][5-1][11-1][13-1][14-1][18-1][19-1][20-1].wasm.swam.txt,[1-2].wasm.swam.txt,0
[1-1][2-1][5-1][11-1][13-1][14-1][18-1][19-1][20-1].wasm.swam.txt,[1-3].wasm.swam.txt,19952
[1-1][2-1][5-1][11-1][13-1][14-1][18-1][19-1][20-1].wasm.swam.txt,[12-13].wasm.swam.txt,24569
[1-1][2-1][5-1][11-1][13-1][14-1][18-1][19-1][20-1].wasm.swam.txt,[12-17].wasm.swam.txt,6065
[1-1][2-1][5-1][11-1][13-1][14-1][18-1][19-1][20-1].wasm.swam.txt,[12-1][13-1][14-1][15-10][17-1][18-3].wasm.swam.txt,5823
[1-1][2-1][5-1][11-1][13-1][14-1][18-1][19-1][20-1].wasm.swam.txt,[12-1][13-1][14-1][15-10][17-1][18-5].wasm.swam.txt,3156
[1-1][2-1][5-1][11-1][13-1][14-1][18-1][19-1][20-1].wasm.swam.txt,[12-6].wasm.swam.txt,182
[1-1][2-1][5-1][11-1][13-1][14-1][18-1][19-1][20-1].wasm.swam.txt,[12-1][13-1][14-1][15-4].wasm.swam.txt,0
[1-1][2-1][5-1][11-1][13-1][14-1][18-1][19-1][20-1].wasm.swam.txt,[12-1][13-1][14-1][15-10][17-1][18-9].wasm.swam.txt,0
[1-1][2-1][5-1][11-1][13-1][14-1][18-1][19-1][20-1].wasm.swam.txt,[4-2].wasm.swam.txt,146
[1-1][2-1][5-1][11-1][13-1][14-1][18-1][19-1][20-1].wasm.swam.txt,[12-7].wasm.swam.txt,49
[1-1][2-1][5-1][6-1][8-1][9-1].wasm.swam.txt,[1-1][2-1][5-1][6-1][8-1][9-1][11-1][13-1][14-1][15-1].wasm.swam.txt,24958
[1-1][2-1][5-1][6-1][8-1][9-1].wasm.swam.txt,[1-1][2-1][5-2][11-1][13-1][14-1][18-1][19-1][20-1].wasm.swam.txt,269
[1-1][2-1][5-1][6-1][8-1][9-1].wasm.swam.txt,[1-1][2-1][5-2].wasm.swam.txt,1605
[1-1][2-1][5-1][6-1][8-1][9-1].wasm.swam.txt,[1-1][2-1][6-1][8-1][9-1].wasm.swam.txt,10376
[1-1][2-1][5-1][6-1][8-1][9-1].wasm.swam.txt,[1-1][2-1][5-2][11-1][13-1][14-1][16-1].wasm.swam.txt,4272
[1-1][2-1][5-1][6-1][8-1][9-1].wasm.swam.txt,[1-1][2-1][5-2][6-1][9-1].wasm.swam.txt,0
[1-1][2-1][5-1][6-1][8-1][9-1].wasm.swam.txt,[1-23].wasm.swam.txt,275
[1-1][2-1][5-1][6-1][8-1][9-1].wasm.swam.txt,[1-2].wasm.swam.txt,40
[1-1][2-1][5-1][6-1][8-1][9-1].wasm.swam.txt,[1-3].wasm.swam.txt,26803
[1-1][2-1][5-1][6-1][8-1][9-1].wasm.swam.txt,[1-20].wasm.swam.txt,26803
[1-1][2-1][5-1][6-1][8-1][9-1].wasm.swam.txt,[12-13].wasm.swam.txt,30484
[1-1][2-1][5-1][6-1][8-1][9-1].wasm.swam.txt,[1-5].wasm.swam.txt,15987
[1-1][2-1][5-1][6-1][8-1][9-1].wasm.swam.txt,[12-17].wasm.swam.txt,19132
[1-1][2-1][5-1][6-1][8-1][9-1].wasm.swam.txt,[12-1][13-1][14-1][15-10][17-1][18-3].wasm.swam.txt,340
[1-1][2-1][5-1][6-1][8-1][9-1].wasm.swam.txt,[12-1][13-1][14-1][15-4].wasm.swam.txt,340
[1-1][2-1][5-1][6-1][8-1][9-1].wasm.swam.txt,[12-1][13-1][14-1][15-10][17-1][18-5].wasm.swam.txt,14379
[1-1][2-1][5-1][6-1][8-1][9-1].wasm.swam.txt,[12-1][13-1][14-1][15-10][17-1][18-9].wasm.swam.txt,7167
[1-1][2-1][5-1][6-1][8-1][9-1].wasm.swam.txt,[4-2].wasm.swam.txt,345
[1-1][2-1][5-1][6-1][8-1][9-1].wasm.swam.txt,[12-6].wasm.swam.txt,202
[1-1][2-1][5-1][6-1][8-1][9-1].wasm.swam.txt,[12-7].wasm.swam.txt,6541
[1-1][2-1][5-1][6-1][8-1][9-1][11-1][13-1][14-1][15-1].wasm.swam.txt,[1-1][2-1][5-2][11-1][13-1][14-1][16-1].wasm.swam.txt,429
[1-1][2-1][5-1][6-1][8-1][9-1][11-1][13-1][14-1][15-1].wasm.swam.txt,[1-1][2-1][5-2].wasm.swam.txt,5285
[1-1][2-1][5-1][6-1][8-1][9-1][11-1][13-1][14-1][15-1].wasm.swam.txt,[1-1][2-1][5-2][11-1][13-1][14-1][18-1][19-1][20-1].wasm.swam.txt,0
[1-1][2-1][5-1][6-1][8-1][9-1][11-1][13-1][14-1][15-1].wasm.swam.txt,[1-1][2-1][5-2][6-1][9-1].wasm.swam.txt,161
[1-1][2-1][5-1][6-1][8-1][9-1][11-1][13-1][14-1][15-1].wasm.swam.txt,[1-1][2-1][6-1][8-1][9-1].wasm.swam.txt,161
[1-1][2-1][5-1][6-1][8-1][9-1][11-1][13-1][14-1][15-1].wasm.swam.txt,[1-20].wasm.swam.txt,8491
[1-1][2-1][5-1][6-1][8-1][9-1][11-1][13-1][14-1][15-1].wasm.swam.txt,[1-23].wasm.swam.txt,11394
[1-1][2-1][5-1][6-1][8-1][9-1][11-1][13-1][14-1][15-1].wasm.swam.txt,[1-2].wasm.swam.txt,10
[1-1][2-1][5-1][6-1][8-1][9-1][11-1][13-1][14-1][15-1].wasm.swam.txt,[1-3].wasm.swam.txt,12971
[1-1][2-1][5-1][6-1][8-1][9-1][11-1][13-1][14-1][15-1].wasm.swam.txt,[1-5].wasm.swam.txt,15859
[1-1][2-1][5-1][6-1][8-1][9-1][11-1][13-1][14-1][15-1].wasm.swam.txt,[12-13].wasm.swam.txt,7426
[1-1][2-1][5-1][6-1][8-1][9-1][11-1][13-1][14-1][15-1].wasm.swam.txt,[12-17].wasm.swam.txt,25925
[1-1][2-1][5-1][6-1][8-1][9-1][11-1][13-1][14-1][15-1].wasm.swam.txt,[12-1][13-1][14-1][15-10][17-1][18-3].wasm.swam.txt,17297
[1-1][2-1][5-1][6-1][8-1][9-1][11-1][13-1][14-1][15-1].wasm.swam.txt,[12-1][13-1][14-1][15-10][17-1][18-5].wasm.swam.txt,14356
[1-1][2-1][5-1][6-1][8-1][9-1][11-1][13-1][14-1][15-1].wasm.swam.txt,[12-1][13-1][14-1][15-4].wasm.swam.txt,1081
[1-1][2-1][5-1][6-1][8-1][9-1][11-1][13-1][14-1][15-1].wasm.swam.txt,[12-1][13-1][14-1][15-10][17-1][18-9].wasm.swam.txt,9859
[1-1][2-1][5-1][6-1][8-1][9-1][11-1][13-1][14-1][15-1].wasm.swam.txt,[4-2].wasm.swam.txt,12981
[1-1][2-1][5-1][6-1][8-1][9-1][11-1][13-1][14-1][15-1].wasm.swam.txt,[12-6].wasm.swam.txt,5527
[1-1][2-1][5-1][6-1][8-1][9-1][11-1][13-1][14-1][15-1].wasm.swam.txt,[12-7].wasm.swam.txt,5523
[1-1][2-1][5-2].wasm.swam.txt,[1-1][2-1][5-2][11-1][13-1][14-1][18-1][19-1][20-1].wasm.swam.txt,324
[1-1][2-1][5-2].wasm.swam.txt,[1-1][2-1][5-2][11-1][13-1][14-1][16-1].wasm.swam.txt,0
[1-1][2-1][5-2].wasm.swam.txt,[1-1][2-1][6-1][8-1][9-1].wasm.swam.txt,152
[1-1][2-1][5-2].wasm.swam.txt,[1-1][2-1][5-2][6-1][9-1].wasm.swam.txt,8796
[1-1][2-1][5-2].wasm.swam.txt,[1-20].wasm.swam.txt,26355
[1-1][2-1][5-2].wasm.swam.txt,[1-3].wasm.swam.txt,26355
[1-1][2-1][5-2].wasm.swam.txt,[1-23].wasm.swam.txt,17007
[1-1][2-1][5-2].wasm.swam.txt,[1-5].wasm.swam.txt,50
[1-1][2-1][5-2].wasm.swam.txt,[1-2].wasm.swam.txt,100
[1-1][2-1][5-2].wasm.swam.txt,[12-13].wasm.swam.txt,100
[1-1][2-1][5-2].wasm.swam.txt,[12-17].wasm.swam.txt,100
[1-1][2-1][5-2].wasm.swam.txt,[12-1][13-1][14-1][15-10][17-1][18-3].wasm.swam.txt,18303
[1-1][2-1][5-2].wasm.swam.txt,[12-1][13-1][14-1][15-10][17-1][18-5].wasm.swam.txt,10096
[1-1][2-1][5-2].wasm.swam.txt,[12-1][13-1][14-1][15-4].wasm.swam.txt,11
[1-1][2-1][5-2].wasm.swam.txt,[12-1][13-1][14-1][15-10][17-1][18-9].wasm.swam.txt,16643
[1-1][2-1][5-2].wasm.swam.txt,[4-2].wasm.swam.txt,100
[1-1][2-1][5-2].wasm.swam.txt,[12-6].wasm.swam.txt,15
[1-1][2-1][5-2].wasm.swam.txt,[12-7].wasm.swam.txt,13613
[1-1][2-1][5-2][11-1][13-1][14-1][16-1].wasm.swam.txt,[1-1][2-1][5-2][11-1][13-1][14-1][18-1][19-1][20-1].wasm.swam.txt,54
[1-1][2-1][5-2][11-1][13-1][14-1][16-1].wasm.swam.txt,[1-1][2-1][5-2][6-1][9-1].wasm.swam.txt,16328
[1-1][2-1][5-2][11-1][13-1][14-1][16-1].wasm.swam.txt,[1-23].wasm.swam.txt,192
[1-1][2-1][5-2][11-1][13-1][14-1][16-1].wasm.swam.txt,[1-1][2-1][6-1][8-1][9-1].wasm.swam.txt,6388
[1-1][2-1][5-2][11-1][13-1][14-1][16-1].wasm.swam.txt,[1-2].wasm.swam.txt,22743
[1-1][2-1][5-2][11-1][13-1][14-1][16-1].wasm.swam.txt,[1-3].wasm.swam.txt,12959
[1-1][2-1][5-2][11-1][13-1][14-1][16-1].wasm.swam.txt,[1-20].wasm.swam.txt,12970
[1-1][2-1][5-2][11-1][13-1][14-1][16-1].wasm.swam.txt,[12-13].wasm.swam.txt,8082
[1-1][2-1][5-2][11-1][13-1][14-1][16-1].wasm.swam.txt,[1-5].wasm.swam.txt,8086
[1-1][2-1][5-2][11-1][13-1][14-1][16-1].wasm.swam.txt,[12-1][13-1][14-1][15-10][17-1][18-9].wasm.swam.txt,34499
[1-1][2-1][5-2][11-1][13-1][14-1][16-1].wasm.swam.txt,[12-17].wasm.swam.txt,9974
[1-1][2-1][5-2][11-1][13-1][14-1][16-1].wasm.swam.txt,[12-1][13-1][14-1][15-10][17-1][18-3].wasm.swam.txt,10434
[1-1][2-1][5-2][11-1][13-1][14-1][16-1].wasm.swam.txt,[12-6].wasm.swam.txt,277
[1-1][2-1][5-2][11-1][13-1][14-1][16-1].wasm.swam.txt,[12-1][13-1][14-1][15-10][17-1][18-5].wasm.swam.txt,13111
[1-1][2-1][5-2][11-1][13-1][14-1][16-1].wasm.swam.txt,[12-1][13-1][14-1][15-4].wasm.swam.txt,13111
[1-1][2-1][5-2][11-1][13-1][14-1][16-1].wasm.swam.txt,[12-7].wasm.swam.txt,423
[1-1][2-1][5-2][11-1][13-1][14-1][16-1].wasm.swam.txt,[4-2].wasm.swam.txt,433
[1-1][2-1][5-2][11-1][13-1][14-1][18-1][19-1][20-1].wasm.swam.txt,[1-1][2-1][5-2][6-1][9-1].wasm.swam.txt,15801
[1-1][2-1][5-2][11-1][13-1][14-1][18-1][19-1][20-1].wasm.swam.txt,[1-1][2-1][6-1][8-1][9-1].wasm.swam.txt,21989
[1-1][2-1][5-2][11-1][13-1][14-1][18-1][19-1][20-1].wasm.swam.txt,[1-20].wasm.swam.txt,1529
[1-1][2-1][5-2][11-1][13-1][14-1][18-1][19-1][20-1].wasm.swam.txt,[1-23].wasm.swam.txt,9059
[1-1][2-1][5-2][11-1][13-1][14-1][18-1][19-1][20-1].wasm.swam.txt,[1-2].wasm.swam.txt,465
[1-1][2-1][5-2][11-1][13-1][14-1][18-1][19-1][20-1].wasm.swam.txt,[1-5].wasm.swam.txt,471
[1-1][2-1][5-2][11-1][13-1][14-1][18-1][19-1][20-1].wasm.swam.txt,[12-13].wasm.swam.txt,24087
[1-1][2-1][5-2][11-1][13-1][14-1][18-1][19-1][20-1].wasm.swam.txt,[1-3].wasm.swam.txt,19
[1-1][2-1][5-2][11-1][13-1][14-1][18-1][19-1][20-1].wasm.swam.txt,[12-17].wasm.swam.txt,915
[1-1][2-1][5-2][11-1][13-1][14-1][18-1][19-1][20-1].wasm.swam.txt,[12-1][13-1][14-1][15-10][17-1][18-3].wasm.swam.txt,411
[1-1][2-1][5-2][11-1][13-1][14-1][18-1][19-1][20-1].wasm.swam.txt,[12-1][13-1][14-1][15-10][17-1][18-5].wasm.swam.txt,14027
[1-1][2-1][5-2][11-1][13-1][14-1][18-1][19-1][20-1].wasm.swam.txt,[12-1][13-1][14-1][15-10][17-1][18-9].wasm.swam.txt,24343
[1-1][2-1][5-2][11-1][13-1][14-1][18-1][19-1][20-1].wasm.swam.txt,[12-1][13-1][14-1][15-4].wasm.swam.txt,415
[1-1][2-1][5-2][11-1][13-1][14-1][18-1][19-1][20-1].wasm.swam.txt,[4-2].wasm.swam.txt,426
[1-1][2-1][5-2][11-1][13-1][14-1][18-1][19-1][20-1].wasm.swam.txt,[12-6].wasm.swam.txt,22400
[1-1][2-1][5-2][11-1][13-1][14-1][18-1][19-1][20-1].wasm.swam.txt,[12-7].wasm.swam.txt,17525
[1-1][2-1][5-2][6-1][9-1].wasm.swam.txt,[1-20].wasm.swam.txt,12895
[1-1][2-1][5-2][6-1][9-1].wasm.swam.txt,[1-1][2-1][6-1][8-1][9-1].wasm.swam.txt,0
[1-1][2-1][5-2][6-1][9-1].wasm.swam.txt,[1-23].wasm.swam.txt,10665
[1-1][2-1][5-2][6-1][9-1].wasm.swam.txt,[1-2].wasm.swam.txt,15747
[1-1][2-1][5-2][6-1][9-1].wasm.swam.txt,[1-3].wasm.swam.txt,12318
[1-1][2-1][5-2][6-1][9-1].wasm.swam.txt,[1-5].wasm.swam.txt,18444
[1-1][2-1][5-2][6-1][9-1].wasm.swam.txt,[12-13].wasm.swam.txt,0
[1-1][2-1][5-2][6-1][9-1].wasm.swam.txt,[12-17].wasm.swam.txt,110
[1-1][2-1][5-2][6-1][9-1].wasm.swam.txt,[12-1][13-1][14-1][15-10][17-1][18-5].wasm.swam.txt,110
[1-1][2-1][5-2][6-1][9-1].wasm.swam.txt,[12-1][13-1][14-1][15-10][17-1][18-3].wasm.swam.txt,21794
[1-1][2-1][5-2][6-1][9-1].wasm.swam.txt,[12-1][13-1][14-1][15-10][17-1][18-9].wasm.swam.txt,19816
[1-1][2-1][5-2][6-1][9-1].wasm.swam.txt,[12-7].wasm.swam.txt,34130
[1-1][2-1][5-2][6-1][9-1].wasm.swam.txt,[12-1][13-1][14-1][15-4].wasm.swam.txt,4491
[1-1][2-1][5-2][6-1][9-1].wasm.swam.txt,[12-6].wasm.swam.txt,11446
[1-1][2-1][5-2][6-1][9-1].wasm.swam.txt,[4-2].wasm.swam.txt,210
[1-1][2-1][6-1][8-1][9-1].wasm.swam.txt,[1-20].wasm.swam.txt,0
[1-1][2-1][6-1][8-1][9-1].wasm.swam.txt,[1-23].wasm.swam.txt,13560
[1-1][2-1][6-1][8-1][9-1].wasm.swam.txt,[1-5].wasm.swam.txt,170
[1-1][2-1][6-1][8-1][9-1].wasm.swam.txt,[12-13].wasm.swam.txt,54
[1-1][2-1][6-1][8-1][9-1].wasm.swam.txt,[1-2].wasm.swam.txt,4044
[1-1][2-1][6-1][8-1][9-1].wasm.swam.txt,[1-3].wasm.swam.txt,0
[1-1][2-1][6-1][8-1][9-1].wasm.swam.txt,[12-1][13-1][14-1][15-10][17-1][18-5].wasm.swam.txt,31300
[1-1][2-1][6-1][8-1][9-1].wasm.swam.txt,[12-17].wasm.swam.txt,31300
[1-1][2-1][6-1][8-1][9-1].wasm.swam.txt,[12-1][13-1][14-1][15-10][17-1][18-3].wasm.swam.txt,21775
[1-1][2-1][6-1][8-1][9-1].wasm.swam.txt,[12-1][13-1][14-1][15-10][17-1][18-9].wasm.swam.txt,21775
[1-1][2-1][6-1][8-1][9-1].wasm.swam.txt,[12-1][13-1][14-1][15-4].wasm.swam.txt,21775
[1-1][2-1][6-1][8-1][9-1].wasm.swam.txt,[4-2].wasm.swam.txt,150
[1-1][2-1][6-1][8-1][9-1].wasm.swam.txt,[12-7].wasm.swam.txt,17972
[1-1][2-1][6-1][8-1][9-1].wasm.swam.txt,[12-6].wasm.swam.txt,17962
[1-20].wasm.swam.txt,[1-23].wasm.swam.txt,100
[1-20].wasm.swam.txt,[1-2].wasm.swam.txt,12999
[1-20].wasm.swam.txt,[1-3].wasm.swam.txt,10304
[1-20].wasm.swam.txt,[1-5].wasm.swam.txt,230
[1-20].wasm.swam.txt,[12-1][13-1][14-1][15-10][17-1][18-5].wasm.swam.txt,240
[1-20].wasm.swam.txt,[12-1][13-1][14-1][15-10][17-1][18-3].wasm.swam.txt,240
[1-20].wasm.swam.txt,[12-13].wasm.swam.txt,10718
[1-20].wasm.swam.txt,[12-17].wasm.swam.txt,10234
[1-20].wasm.swam.txt,[12-1][13-1][14-1][15-4].wasm.swam.txt,0
[1-20].wasm.swam.txt,[12-1][13-1][14-1][15-10][17-1][18-9].wasm.swam.txt,4317
[1-20].wasm.swam.txt,[12-6].wasm.swam.txt,4869
[1-20].wasm.swam.txt,[4-2].wasm.swam.txt,245
[1-20].wasm.swam.txt,[12-7].wasm.swam.txt,10
[1-23].wasm.swam.txt,[1-2].wasm.swam.txt,12839
[1-23].wasm.swam.txt,[1-3].wasm.swam.txt,17072
[1-23].wasm.swam.txt,[1-5].wasm.swam.txt,15441
[1-23].wasm.swam.txt,[12-1][13-1][14-1][15-10][17-1][18-3].wasm.swam.txt,0
[1-23].wasm.swam.txt,[12-13].wasm.swam.txt,0
[1-23].wasm.swam.txt,[12-1][13-1][14-1][15-10][17-1][18-5].wasm.swam.txt,1049
[1-23].wasm.swam.txt,[12-17].wasm.swam.txt,1477
[1-23].wasm.swam.txt,[12-1][13-1][14-1][15-4].wasm.swam.txt,4
[1-23].wasm.swam.txt,[12-6].wasm.swam.txt,35668
[1-23].wasm.swam.txt,[12-7].wasm.swam.txt,35668
[1-23].wasm.swam.txt,[12-1][13-1][14-1][15-10][17-1][18-9].wasm.swam.txt,11536
[1-23].wasm.swam.txt,[4-2].wasm.swam.txt,120
[1-2].wasm.swam.txt,[1-3].wasm.swam.txt,7757
[1-2].wasm.swam.txt,[12-17].wasm.swam.txt,0
[1-2].wasm.swam.txt,[1-5].wasm.swam.txt,0
[1-2].wasm.swam.txt,[12-13].wasm.swam.txt,0
[1-2].wasm.swam.txt,[12-1][13-1][14-1][15-10][17-1][18-3].wasm.swam.txt,7817
[1-2].wasm.swam.txt,[12-1][13-1][14-1][15-4].wasm.swam.txt,0
[1-2].wasm.swam.txt,[12-1][13-1][14-1][15-10][17-1][18-5].wasm.swam.txt,13731
[1-2].wasm.swam.txt,[12-1][13-1][14-1][15-10][17-1][18-9].wasm.swam.txt,23731
[1-2].wasm.swam.txt,[12-7].wasm.swam.txt,20
[1-2].wasm.swam.txt,[4-2].wasm.swam.txt,60
[1-2].wasm.swam.txt,[12-6].wasm.swam.txt,15361
[1-3].wasm.swam.txt,[1-5].wasm.swam.txt,29348
[1-3].wasm.swam.txt,[12-13].wasm.swam.txt,12589
[1-3].wasm.swam.txt,[12-17].wasm.swam.txt,21965
[1-3].wasm.swam.txt,[12-1][13-1][14-1][15-10][17-1][18-3].wasm.swam.txt,18572
[1-3].wasm.swam.txt,[12-1][13-1][14-1][15-10][17-1][18-9].wasm.swam.txt,18572
[1-3].wasm.swam.txt,[12-1][13-1][14-1][15-10][17-1][18-5].wasm.swam.txt,13724
[1-3].wasm.swam.txt,[12-1][13-1][14-1][15-4].wasm.swam.txt,15048
[1-3].wasm.swam.txt,[4-2].wasm.swam.txt,240
[1-3].wasm.swam.txt,[12-6].wasm.swam.txt,6682
[1-3].wasm.swam.txt,[12-7].wasm.swam.txt,6612
[1-5].wasm.swam.txt,[12-17].wasm.swam.txt,33450
[1-5].wasm.swam.txt,[12-13].wasm.swam.txt,17794
[1-5].wasm.swam.txt,[12-1][13-1][14-1][15-4].wasm.swam.txt,16438
[1-5].wasm.swam.txt,[12-1][13-1][14-1][15-10][17-1][18-3].wasm.swam.txt,60
[1-5].wasm.swam.txt,[12-1][13-1][14-1][15-10][17-1][18-5].wasm.swam.txt,9835
[1-5].wasm.swam.txt,[12-1][13-1][14-1][15-10][17-1][18-9].wasm.swam.txt,22729
[1-5].wasm.swam.txt,[4-2].wasm.swam.txt,31387
[1-5].wasm.swam.txt,[12-6].wasm.swam.txt,31387
[1-5].wasm.swam.txt,[12-7].wasm.swam.txt,10209
[12-13].wasm.swam.txt,[12-1][13-1][14-1][15-10][17-1][18-3].wasm.swam.txt,10209
[12-13].wasm.swam.txt,[12-17].wasm.swam.txt,10209
[12-13].wasm.swam.txt,[12-1][13-1][14-1][15-10][17-1][18-5].wasm.swam.txt,35628
[12-13].wasm.swam.txt,[12-1][13-1][14-1][15-10][17-1][18-9].wasm.swam.txt,7754
[12-13].wasm.swam.txt,[12-1][13-1][14-1][15-4].wasm.swam.txt,240
[12-13].wasm.swam.txt,[4-2].wasm.swam.txt,240
[12-13].wasm.swam.txt,[12-6].wasm.swam.txt,0
[12-13].wasm.swam.txt,[12-7].wasm.swam.txt,0
[12-17].wasm.swam.txt,[12-1][13-1][14-1][15-10][17-1][18-3].wasm.swam.txt,36225
[12-17].wasm.swam.txt,[12-1][13-1][14-1][15-10][17-1][18-9].wasm.swam.txt,38681
[12-17].wasm.swam.txt,[12-1][13-1][14-1][15-10][17-1][18-5].wasm.swam.txt,5975
[12-17].wasm.swam.txt,[12-1][13-1][14-1][15-4].wasm.swam.txt,5975
[12-17].wasm.swam.txt,[4-2].wasm.swam.txt,45
[12-17].wasm.swam.txt,[12-6].wasm.swam.txt,15063
[12-17].wasm.swam.txt,[12-7].wasm.swam.txt,20830
[12-1][13-1][14-1][15-10][17-1][18-3].wasm.swam.txt,[12-1][13-1][14-1][15-4].wasm.swam.txt,0
[12-1][13-1][14-1][15-10][17-1][18-3].wasm.swam.txt,[12-1][13-1][14-1][15-10][17-1][18-5].wasm.swam.txt,100
[12-1][13-1][14-1][15-10][17-1][18-3].wasm.swam.txt,[12-1][13-1][14-1][15-10][17-1][18-9].wasm.swam.txt,26906
[12-1][13-1][14-1][15-10][17-1][18-3].wasm.swam.txt,[4-2].wasm.swam.txt,90
[12-1][13-1][14-1][15-10][17-1][18-3].wasm.swam.txt,[12-6].wasm.swam.txt,40
[12-1][13-1][14-1][15-10][17-1][18-3].wasm.swam.txt,[12-7].wasm.swam.txt,773
[12-1][13-1][14-1][15-10][17-1][18-5].wasm.swam.txt,[12-1][13-1][14-1][15-10][17-1][18-9].wasm.swam.txt,34394
[12-1][13-1][14-1][15-10][17-1][18-5].wasm.swam.txt,[12-1][13-1][14-1][15-4].wasm.swam.txt,12977
[12-1][13-1][14-1][15-10][17-1][18-5].wasm.swam.txt,[4-2].wasm.swam.txt,125
[12-1][13-1][14-1][15-10][17-1][18-5].wasm.swam.txt,[12-6].wasm.swam.txt,17625
[12-1][13-1][14-1][15-10][17-1][18-5].wasm.swam.txt,[12-7].wasm.swam.txt,0
[12-1][13-1][14-1][15-10][17-1][18-9].wasm.swam.txt,[12-1][13-1][14-1][15-4].wasm.swam.txt,0
[12-1][13-1][14-1][15-10][17-1][18-9].wasm.swam.txt,[12-7].wasm.swam.txt,0
[12-1][13-1][14-1][15-10][17-1][18-9].wasm.swam.txt,[4-2].wasm.swam.txt,24376
[12-1][13-1][14-1][15-10][17-1][18-9].wasm.swam.txt,[12-6].wasm.swam.txt,24376
[12-1][13-1][14-1][15-4].wasm.swam.txt,[4-2].wasm.swam.txt,100
[12-1][13-1][14-1][15-4].wasm.swam.txt,[12-6].wasm.swam.txt,16143
[12-1][13-1][14-1][15-4].wasm.swam.txt,[12-7].wasm.swam.txt,12701
[12-6].wasm.swam.txt,[4-2].wasm.swam.txt,80
[12-6].wasm.swam.txt,[12-7].wasm.swam.txt,18907
[12-7].wasm.swam.txt,[4-2].wasm.swam.txt,80
