t1,t2,diff
[0-0].wasm.swam.txt,[0-10].wasm.swam.txt,31775
[0-0].wasm.swam.txt,[0-1][1-10][2-17].wasm.swam.txt,0
[0-0].wasm.swam.txt,[0-1][1-10][2-14].wasm.swam.txt,46
[0-0].wasm.swam.txt,[0-1][1-10][2-1][3-2].wasm.swam.txt,0
[0-0].wasm.swam.txt,[0-1][1-7][2-10].wasm.swam.txt,214
[0-0].wasm.swam.txt,[0-1][1-1][2-1][3-8].wasm.~1~.swam.txt,410
[0-0].wasm.swam.txt,[0-1][1-1][2-1].wasm.swam.txt,27056
[0-0].wasm.swam.txt,[0-1][1-7][2-17].wasm.swam.txt,27056
[0-0].wasm.swam.txt,[0-2].wasm.swam.txt,31
[0-0].wasm.swam.txt,[0-1][1-7][2-11].wasm.swam.txt,11161
[0-0].wasm.swam.txt,[0-1][1-10][2-11].wasm.swam.txt,11113
[0-0].wasm.swam.txt,[0-1][1-7][2-12].wasm.swam.txt,3023
[0-0].wasm.swam.txt,[0-4][1-10][2-1].wasm.swam.txt,136
[0-0].wasm.swam.txt,[0-4][1-10][2-2].wasm.swam.txt,198
[0-0].wasm.swam.txt,[0-1][1-7][2-14].wasm.swam.txt,33754
[0-0].wasm.swam.txt,[0-1][1-10][2-12].wasm.swam.txt,35877
[0-0].wasm.swam.txt,[0-2].wasm.~1~.swam.txt,35893
[0-0].wasm.swam.txt,[0-4][1-7][2-2].wasm.swam.txt,35893
[0-0].wasm.swam.txt,[0-2][1-10][2-1][3-2].wasm.swam.txt,30831
[0-0].wasm.swam.txt,[0-4][1-10][2-6].wasm.swam.txt,76
[0-0].wasm.swam.txt,[0-4][1-7][2-6].wasm.swam.txt,1470
[0-0].wasm.swam.txt,[0-4][1-7][2-1].wasm.swam.txt,18813
[0-0].wasm.swam.txt,[0-4][1-7][2-7].wasm.swam.txt,18813
[0-0].wasm.swam.txt,[0-4][1-10][2-7].wasm.swam.txt,38683
[0-10].wasm.swam.txt,[0-1][1-10][2-11].wasm.swam.txt,18300
[0-10].wasm.swam.txt,[0-1][1-10].wasm.~1~.swam.txt,907
[0-0].wasm.swam.txt,[0-1][1-10].wasm.~1~.swam.txt,0
[0-10].wasm.swam.txt,[0-1][1-10][2-14].wasm.swam.txt,37697
[0-0].wasm.swam.txt,[0-1].wasm.~1~.swam.txt,62503
[0-10].wasm.swam.txt,[0-1].wasm.~1~.swam.txt,23951
[0-10].wasm.swam.txt,[0-1][1-10][2-12].wasm.swam.txt,4970
[0-10].wasm.swam.txt,[0-1][1-10][2-17].wasm.swam.txt,184
[0-10].wasm.swam.txt,[0-1][1-10][2-1][3-2].wasm.swam.txt,7905
[0-10].wasm.swam.txt,[0-1][1-7][2-10].wasm.swam.txt,44148
[0-10].wasm.swam.txt,[0-1][1-1][2-1].wasm.swam.txt,21638
[0-10].wasm.swam.txt,[0-1][1-7][2-11].wasm.swam.txt,154
[0-10].wasm.swam.txt,[0-1][1-1][2-1][3-8].wasm.~1~.swam.txt,32720
[0-10].wasm.swam.txt,[0-1][1-7][2-17].wasm.swam.txt,111
[0-10].wasm.swam.txt,[0-1][1-7][2-12].wasm.swam.txt,29670
[0-10].wasm.swam.txt,[0-2].wasm.~1~.swam.txt,12414
[0-10].wasm.swam.txt,[0-4][1-10][2-1].wasm.swam.txt,12414
[0-10].wasm.swam.txt,[0-1][1-7][2-14].wasm.swam.txt,42945
[0-10].wasm.swam.txt,[0-4][1-10][2-6].wasm.swam.txt,42945
[0-10].wasm.swam.txt,[0-2][1-10][2-1][3-2].wasm.swam.txt,16487
[0-10].wasm.swam.txt,[0-4][1-10][2-7].wasm.swam.txt,99
[0-10].wasm.swam.txt,[0-2].wasm.swam.txt,25870
[0-10].wasm.swam.txt,[0-4][1-10][2-2].wasm.swam.txt,25883
[0-10].wasm.swam.txt,[0-4][1-7][2-7].wasm.swam.txt,19975
[0-10].wasm.swam.txt,[0-4][1-7][2-1].wasm.swam.txt,19975
[0-10].wasm.swam.txt,[0-4][1-7][2-2].wasm.swam.txt,0
[0-10].wasm.swam.txt,[0-4][1-7][2-6].wasm.swam.txt,14265
[0-1].wasm.~1~.swam.txt,[0-1][1-10].wasm.~1~.swam.txt,36417
[0-1].wasm.~1~.swam.txt,[0-1][1-10][2-12].wasm.swam.txt,46014
[0-1].wasm.~1~.swam.txt,[0-1][1-10][2-11].wasm.swam.txt,276
[0-1].wasm.~1~.swam.txt,[0-1][1-10][2-14].wasm.swam.txt,150
[0-1].wasm.~1~.swam.txt,[0-1][1-1][2-1][3-8].wasm.~1~.swam.txt,30846
[0-1].wasm.~1~.swam.txt,[0-1][1-7][2-10].wasm.swam.txt,42994
[0-1].wasm.~1~.swam.txt,[0-1][1-10][2-1][3-2].wasm.swam.txt,29984
[0-1].wasm.~1~.swam.txt,[0-1][1-10][2-17].wasm.swam.txt,34803
[0-1].wasm.~1~.swam.txt,[0-1][1-1][2-1].wasm.swam.txt,34803
[0-1].wasm.~1~.swam.txt,[0-2].wasm.swam.txt,5130
[0-1].wasm.~1~.swam.txt,[0-1][1-7][2-11].wasm.swam.txt,5735
[0-1].wasm.~1~.swam.txt,[0-2][1-10][2-1][3-2].wasm.swam.txt,23061
[0-1].wasm.~1~.swam.txt,[0-2].wasm.~1~.swam.txt,42998
[0-1].wasm.~1~.swam.txt,[0-4][1-10][2-2].wasm.swam.txt,42989
[0-1].wasm.~1~.swam.txt,[0-4][1-10][2-6].wasm.swam.txt,1310
[0-1].wasm.~1~.swam.txt,[0-4][1-10][2-1].wasm.swam.txt,207
[0-1].wasm.~1~.swam.txt,[0-1][1-7][2-12].wasm.swam.txt,57
[0-1].wasm.~1~.swam.txt,[0-1][1-7][2-14].wasm.swam.txt,207
[0-1].wasm.~1~.swam.txt,[0-1][1-7][2-17].wasm.swam.txt,207
[0-1].wasm.~1~.swam.txt,[0-4][1-10][2-7].wasm.swam.txt,23798
[0-1].wasm.~1~.swam.txt,[0-4][1-7][2-6].wasm.swam.txt,1360
[0-1].wasm.~1~.swam.txt,[0-4][1-7][2-7].wasm.swam.txt,1038
[0-1].wasm.~1~.swam.txt,[0-4][1-7][2-2].wasm.swam.txt,25010
[0-1].wasm.~1~.swam.txt,[0-4][1-7][2-1].wasm.swam.txt,25505
[0-1][1-10].wasm.~1~.swam.txt,[0-1][1-10][2-12].wasm.swam.txt,15823
[0-1][1-10].wasm.~1~.swam.txt,[0-1][1-10][2-11].wasm.swam.txt,15890
[0-1][1-10].wasm.~1~.swam.txt,[0-1][1-1][2-1].wasm.swam.txt,43707
[0-1][1-10].wasm.~1~.swam.txt,[0-1][1-1][2-1][3-8].wasm.~1~.swam.txt,43669
[0-1][1-10].wasm.~1~.swam.txt,[0-1][1-10][2-1][3-2].wasm.swam.txt,2914
[0-1][1-10].wasm.~1~.swam.txt,[0-1][1-10][2-14].wasm.swam.txt,29885
[0-1][1-10].wasm.~1~.swam.txt,[0-1][1-10][2-17].wasm.swam.txt,0
[0-1][1-10].wasm.~1~.swam.txt,[0-1][1-7][2-10].wasm.swam.txt,29810
[0-1][1-10].wasm.~1~.swam.txt,[0-1][1-7][2-14].wasm.swam.txt,29810
[0-1][1-10].wasm.~1~.swam.txt,[0-1][1-7][2-12].wasm.swam.txt,530
[0-1][1-10].wasm.~1~.swam.txt,[0-1][1-7][2-17].wasm.swam.txt,287
[0-1][1-10].wasm.~1~.swam.txt,[0-2].wasm.swam.txt,3740
[0-1][1-10].wasm.~1~.swam.txt,[0-2].wasm.~1~.swam.txt,20450
[0-1][1-10].wasm.~1~.swam.txt,[0-4][1-10][2-1].wasm.swam.txt,31
[0-1][1-10].wasm.~1~.swam.txt,[0-2][1-10][2-1][3-2].wasm.swam.txt,8470
[0-1][1-10].wasm.~1~.swam.txt,[0-4][1-10][2-7].wasm.swam.txt,35078
[0-1][1-10].wasm.~1~.swam.txt,[0-4][1-10][2-2].wasm.swam.txt,36338
[0-1][1-10].wasm.~1~.swam.txt,[0-4][1-7][2-2].wasm.swam.txt,8172
[0-1][1-10].wasm.~1~.swam.txt,[0-4][1-10][2-6].wasm.swam.txt,8172
[0-1][1-10].wasm.~1~.swam.txt,[0-4][1-7][2-1].wasm.swam.txt,0
[0-1][1-10].wasm.~1~.swam.txt,[0-4][1-7][2-6].wasm.swam.txt,39469
[0-1][1-10].wasm.~1~.swam.txt,[0-4][1-7][2-7].wasm.swam.txt,273
[0-1][1-10].wasm.~1~.swam.txt,[0-1][1-7][2-11].wasm.swam.txt,32642
[0-1][1-10][2-11].wasm.swam.txt,[0-1][1-10][2-12].wasm.swam.txt,11
[0-1][1-10][2-11].wasm.swam.txt,[0-1][1-10][2-17].wasm.swam.txt,53345
[0-1][1-10][2-11].wasm.swam.txt,[0-1][1-10][2-1][3-2].wasm.swam.txt,39398
[0-1][1-10][2-11].wasm.swam.txt,[0-1][1-10][2-14].wasm.swam.txt,40204
[0-1][1-10][2-11].wasm.swam.txt,[0-1][1-1][2-1].wasm.swam.txt,23935
[0-1][1-10][2-11].wasm.swam.txt,[0-1][1-7][2-14].wasm.swam.txt,75
[0-1][1-10][2-11].wasm.swam.txt,[0-1][1-7][2-11].wasm.swam.txt,2125
[0-1][1-10][2-11].wasm.swam.txt,[0-1][1-1][2-1][3-8].wasm.~1~.swam.txt,12399
[0-1][1-10][2-11].wasm.swam.txt,[0-1][1-7][2-10].wasm.swam.txt,24469
[0-1][1-10][2-11].wasm.swam.txt,[0-1][1-7][2-12].wasm.swam.txt,1037
[0-1][1-10][2-11].wasm.swam.txt,[0-2][1-10][2-1][3-2].wasm.swam.txt,185
[0-1][1-10][2-11].wasm.swam.txt,[0-1][1-7][2-17].wasm.swam.txt,24629
[0-1][1-10][2-11].wasm.swam.txt,[0-2].wasm.swam.txt,18446
[0-1][1-10][2-11].wasm.swam.txt,[0-4][1-10][2-7].wasm.swam.txt,23936
[0-1][1-10][2-11].wasm.swam.txt,[0-4][1-10][2-6].wasm.swam.txt,38671
[0-1][1-10][2-11].wasm.swam.txt,[0-4][1-10][2-1].wasm.swam.txt,42578
[0-1][1-10][2-11].wasm.swam.txt,[0-2].wasm.~1~.swam.txt,13
[0-1][1-10][2-11].wasm.swam.txt,[0-4][1-10][2-2].wasm.swam.txt,24788
[0-1][1-10][2-11].wasm.swam.txt,[0-4][1-7][2-6].wasm.swam.txt,8279
[0-1][1-10][2-11].wasm.swam.txt,[0-4][1-7][2-7].wasm.swam.txt,26871
[0-1][1-10][2-11].wasm.swam.txt,[0-4][1-7][2-1].wasm.swam.txt,26871
[0-1][1-10][2-12].wasm.swam.txt,[0-1][1-10][2-14].wasm.swam.txt,42975
[0-1][1-10][2-12].wasm.swam.txt,[0-1][1-10][2-17].wasm.swam.txt,12989
[0-1][1-10][2-11].wasm.swam.txt,[0-4][1-7][2-2].wasm.swam.txt,0
[0-1][1-10][2-12].wasm.swam.txt,[0-1][1-1][2-1].wasm.swam.txt,4251
[0-1][1-10][2-12].wasm.swam.txt,[0-1][1-7][2-11].wasm.swam.txt,35288
[0-1][1-10][2-12].wasm.swam.txt,[0-1][1-1][2-1][3-8].wasm.~1~.swam.txt,27922
[0-1][1-10][2-12].wasm.swam.txt,[0-1][1-10][2-1][3-2].wasm.swam.txt,8726
[0-1][1-10][2-12].wasm.swam.txt,[0-1][1-7][2-14].wasm.swam.txt,0
[0-1][1-10][2-12].wasm.swam.txt,[0-1][1-7][2-10].wasm.swam.txt,8153
[0-1][1-10][2-12].wasm.swam.txt,[0-1][1-7][2-12].wasm.swam.txt,17477
[0-1][1-10][2-12].wasm.swam.txt,[0-2][1-10][2-1][3-2].wasm.swam.txt,10
[0-1][1-10][2-12].wasm.swam.txt,[0-4][1-10][2-1].wasm.swam.txt,7739
[0-1][1-10][2-12].wasm.swam.txt,[0-1][1-7][2-17].wasm.swam.txt,7860
[0-1][1-10][2-12].wasm.swam.txt,[0-4][1-10][2-2].wasm.swam.txt,17463
[0-1][1-10][2-12].wasm.swam.txt,[0-4][1-10][2-6].wasm.swam.txt,11829
[0-1][1-10][2-12].wasm.swam.txt,[0-2].wasm.swam.txt,21596
[0-1][1-10][2-12].wasm.swam.txt,[0-4][1-10][2-7].wasm.swam.txt,17094
[0-1][1-10][2-12].wasm.swam.txt,[0-4][1-7][2-1].wasm.swam.txt,0
[0-1][1-10][2-12].wasm.swam.txt,[0-4][1-7][2-6].wasm.swam.txt,37969
[0-1][1-10][2-12].wasm.swam.txt,[0-2].wasm.~1~.swam.txt,9198
[0-1][1-10][2-12].wasm.swam.txt,[0-4][1-7][2-7].wasm.swam.txt,6870
[0-1][1-10][2-14].wasm.swam.txt,[0-1][1-10][2-17].wasm.swam.txt,15
[0-1][1-10][2-12].wasm.swam.txt,[0-4][1-7][2-2].wasm.swam.txt,11124
[0-1][1-10][2-14].wasm.swam.txt,[0-1][1-10][2-1][3-2].wasm.swam.txt,0
[0-1][1-10][2-14].wasm.swam.txt,[0-1][1-7][2-10].wasm.swam.txt,19
[0-1][1-10][2-14].wasm.swam.txt,[0-1][1-7][2-11].wasm.swam.txt,62
[0-1][1-10][2-14].wasm.swam.txt,[0-1][1-7][2-12].wasm.swam.txt,20
[0-1][1-10][2-14].wasm.swam.txt,[0-1][1-1][2-1][3-8].wasm.~1~.swam.txt,171
[0-1][1-10][2-14].wasm.swam.txt,[0-1][1-1][2-1].wasm.swam.txt,0
[0-1][1-10][2-14].wasm.swam.txt,[0-1][1-7][2-14].wasm.swam.txt,6672
[0-1][1-10][2-14].wasm.swam.txt,[0-2].wasm.swam.txt,6672
[0-1][1-10][2-14].wasm.swam.txt,[0-1][1-7][2-17].wasm.swam.txt,11671
[0-1][1-10][2-14].wasm.swam.txt,[0-4][1-10][2-1].wasm.swam.txt,0
[0-1][1-10][2-14].wasm.swam.txt,[0-4][1-10][2-2].wasm.swam.txt,36537
[0-1][1-10][2-14].wasm.swam.txt,[0-2][1-10][2-1][3-2].wasm.swam.txt,0
[0-1][1-10][2-14].wasm.swam.txt,[0-2].wasm.~1~.swam.txt,8087
[0-1][1-10][2-14].wasm.swam.txt,[0-4][1-7][2-1].wasm.swam.txt,8087
[0-1][1-10][2-14].wasm.swam.txt,[0-4][1-7][2-6].wasm.swam.txt,88
[0-1][1-10][2-14].wasm.swam.txt,[0-4][1-7][2-7].wasm.swam.txt,88
[0-1][1-10][2-14].wasm.swam.txt,[0-4][1-10][2-7].wasm.swam.txt,88
[0-1][1-10][2-14].wasm.swam.txt,[0-4][1-10][2-6].wasm.swam.txt,19623
[0-1][1-10][2-14].wasm.swam.txt,[0-4][1-7][2-2].wasm.swam.txt,21037
[0-1][1-10][2-17].wasm.swam.txt,[0-1][1-1][2-1][3-8].wasm.~1~.swam.txt,5852
[0-1][1-10][2-17].wasm.swam.txt,[0-1][1-7][2-10].wasm.swam.txt,5852
[0-1][1-10][2-17].wasm.swam.txt,[0-1][1-7][2-11].wasm.swam.txt,14700
[0-1][1-10][2-17].wasm.swam.txt,[0-1][1-10][2-1][3-2].wasm.swam.txt,26318
[0-1][1-10][2-17].wasm.swam.txt,[0-1][1-7][2-14].wasm.swam.txt,10
[0-1][1-10][2-17].wasm.swam.txt,[0-1][1-7][2-17].wasm.swam.txt,18570
[0-1][1-10][2-17].wasm.swam.txt,[0-2].wasm.swam.txt,0
[0-1][1-10][2-17].wasm.swam.txt,[0-1][1-7][2-12].wasm.swam.txt,0
[0-1][1-10][2-17].wasm.swam.txt,[0-4][1-10][2-1].wasm.swam.txt,42985
[0-1][1-10][2-17].wasm.swam.txt,[0-4][1-10][2-2].wasm.swam.txt,42985
[0-1][1-10][2-17].wasm.swam.txt,[0-2][1-10][2-1][3-2].wasm.swam.txt,28111
[0-1][1-10][2-17].wasm.swam.txt,[0-2].wasm.~1~.swam.txt,17080
[0-1][1-10][2-17].wasm.swam.txt,[0-1][1-1][2-1].wasm.swam.txt,0
[0-1][1-10][2-17].wasm.swam.txt,[0-4][1-7][2-1].wasm.swam.txt,11579
[0-1][1-10][2-17].wasm.swam.txt,[0-4][1-7][2-2].wasm.swam.txt,28555
[0-1][1-10][2-17].wasm.swam.txt,[0-4][1-10][2-6].wasm.swam.txt,1550
[0-1][1-10][2-17].wasm.swam.txt,[0-4][1-10][2-7].wasm.swam.txt,14697
[0-1][1-10][2-17].wasm.swam.txt,[0-4][1-7][2-7].wasm.swam.txt,86
[0-1][1-10][2-1][3-2].wasm.swam.txt,[0-1][1-1][2-1].wasm.swam.txt,42988
[0-1][1-10][2-1][3-2].wasm.swam.txt,[0-1][1-1][2-1][3-8].wasm.~1~.swam.txt,42988
[0-1][1-10][2-17].wasm.swam.txt,[0-4][1-7][2-6].wasm.swam.txt,14491
[0-1][1-10][2-1][3-2].wasm.swam.txt,[0-1][1-7][2-11].wasm.swam.txt,17
[0-1][1-10][2-1][3-2].wasm.swam.txt,[0-1][1-7][2-12].wasm.swam.txt,0
[0-1][1-10][2-1][3-2].wasm.swam.txt,[0-1][1-7][2-10].wasm.swam.txt,40283
[0-1][1-10][2-1][3-2].wasm.swam.txt,[0-1][1-7][2-17].wasm.swam.txt,0
[0-1][1-10][2-1][3-2].wasm.swam.txt,[0-2].wasm.swam.txt,50
[0-1][1-10][2-1][3-2].wasm.swam.txt,[0-1][1-7][2-14].wasm.swam.txt,9806
[0-1][1-10][2-1][3-2].wasm.swam.txt,[0-4][1-10][2-1].wasm.swam.txt,27432
[0-1][1-10][2-1][3-2].wasm.swam.txt,[0-2][1-10][2-1][3-2].wasm.swam.txt,3113
[0-1][1-10][2-1][3-2].wasm.swam.txt,[0-2].wasm.~1~.swam.txt,34601
[0-1][1-10][2-1][3-2].wasm.swam.txt,[0-4][1-10][2-6].wasm.swam.txt,20354
[0-1][1-10][2-1][3-2].wasm.swam.txt,[0-4][1-10][2-2].wasm.swam.txt,20354
[0-1][1-10][2-1][3-2].wasm.swam.txt,[0-4][1-7][2-7].wasm.swam.txt,83
[0-1][1-10][2-1][3-2].wasm.swam.txt,[0-4][1-10][2-7].wasm.swam.txt,0
[0-1][1-10][2-1][3-2].wasm.swam.txt,[0-4][1-7][2-1].wasm.swam.txt,14854
[0-1][1-1][2-1].wasm.swam.txt,[0-1][1-1][2-1][3-8].wasm.~1~.swam.txt,18270
[0-1][1-10][2-1][3-2].wasm.swam.txt,[0-4][1-7][2-2].wasm.swam.txt,22
[0-1][1-10][2-1][3-2].wasm.swam.txt,[0-4][1-7][2-6].wasm.swam.txt,22
[0-1][1-1][2-1].wasm.swam.txt,[0-1][1-7][2-10].wasm.swam.txt,24494
[0-1][1-1][2-1].wasm.swam.txt,[0-1][1-7][2-11].wasm.swam.txt,16305
[0-1][1-1][2-1].wasm.swam.txt,[0-1][1-7][2-14].wasm.swam.txt,4259
[0-1][1-1][2-1].wasm.swam.txt,[0-1][1-7][2-17].wasm.swam.txt,57267
[0-1][1-1][2-1].wasm.swam.txt,[0-4][1-10][2-1].wasm.swam.txt,20642
[0-1][1-1][2-1].wasm.swam.txt,[0-1][1-7][2-12].wasm.swam.txt,0
[0-1][1-1][2-1].wasm.swam.txt,[0-4][1-10][2-2].wasm.swam.txt,33123
[0-1][1-1][2-1].wasm.swam.txt,[0-2].wasm.swam.txt,14436
[0-1][1-1][2-1].wasm.swam.txt,[0-2].wasm.~1~.swam.txt,0
[0-1][1-1][2-1].wasm.swam.txt,[0-2][1-10][2-1][3-2].wasm.swam.txt,31269
[0-1][1-1][2-1].wasm.swam.txt,[0-4][1-10][2-7].wasm.swam.txt,31269
[0-1][1-1][2-1].wasm.swam.txt,[0-4][1-10][2-6].wasm.swam.txt,23765
[0-1][1-1][2-1].wasm.swam.txt,[0-4][1-7][2-6].wasm.swam.txt,23858
[0-1][1-1][2-1].wasm.swam.txt,[0-4][1-7][2-2].wasm.swam.txt,23858
[0-1][1-1][2-1].wasm.swam.txt,[0-4][1-7][2-1].wasm.swam.txt,42060
[0-1][1-1][2-1].wasm.swam.txt,[0-4][1-7][2-7].wasm.swam.txt,23858
[0-1][1-1][2-1][3-8].wasm.~1~.swam.txt,[0-1][1-7][2-17].wasm.swam.txt,1362
[0-1][1-1][2-1][3-8].wasm.~1~.swam.txt,[0-1][1-7][2-10].wasm.swam.txt,498
[0-1][1-1][2-1][3-8].wasm.~1~.swam.txt,[0-1][1-7][2-14].wasm.swam.txt,498
[0-1][1-1][2-1][3-8].wasm.~1~.swam.txt,[0-2].wasm.swam.txt,31550
[0-1][1-1][2-1][3-8].wasm.~1~.swam.txt,[0-4][1-10][2-1].wasm.swam.txt,251
[0-1][1-1][2-1][3-8].wasm.~1~.swam.txt,[0-4][1-7][2-1].wasm.swam.txt,32780
[0-1][1-1][2-1][3-8].wasm.~1~.swam.txt,[0-2].wasm.~1~.swam.txt,470
[0-1][1-1][2-1][3-8].wasm.~1~.swam.txt,[0-4][1-10][2-2].wasm.swam.txt,237
[0-1][1-1][2-1][3-8].wasm.~1~.swam.txt,[0-2][1-10][2-1][3-2].wasm.swam.txt,29454
[0-1][1-1][2-1][3-8].wasm.~1~.swam.txt,[0-4][1-10][2-6].wasm.swam.txt,20306
[0-1][1-1][2-1][3-8].wasm.~1~.swam.txt,[0-4][1-7][2-6].wasm.swam.txt,169
[0-1][1-1][2-1][3-8].wasm.~1~.swam.txt,[0-1][1-7][2-11].wasm.swam.txt,121
[0-1][1-7][2-10].wasm.swam.txt,[0-1][1-7][2-14].wasm.swam.txt,21226
[0-1][1-7][2-10].wasm.swam.txt,[0-1][1-7][2-12].wasm.swam.txt,42756
[0-1][1-1][2-1][3-8].wasm.~1~.swam.txt,[0-4][1-7][2-7].wasm.swam.txt,42675
[0-1][1-1][2-1][3-8].wasm.~1~.swam.txt,[0-4][1-7][2-2].wasm.swam.txt,31683
[0-1][1-1][2-1][3-8].wasm.~1~.swam.txt,[0-1][1-7][2-12].wasm.swam.txt,518
[0-1][1-1][2-1][3-8].wasm.~1~.swam.txt,[0-4][1-10][2-7].wasm.swam.txt,5134
[0-1][1-7][2-10].wasm.swam.txt,[0-2].wasm.swam.txt,22281
[0-1][1-7][2-10].wasm.swam.txt,[0-1][1-7][2-11].wasm.swam.txt,11071
[0-1][1-7][2-10].wasm.swam.txt,[0-1][1-7][2-17].wasm.swam.txt,13456
[0-1][1-7][2-10].wasm.swam.txt,[0-2][1-10][2-1][3-2].wasm.swam.txt,0
[0-1][1-7][2-10].wasm.swam.txt,[0-4][1-10][2-6].wasm.swam.txt,7035
[0-1][1-7][2-10].wasm.swam.txt,[0-4][1-10][2-1].wasm.swam.txt,47095
[0-1][1-7][2-10].wasm.swam.txt,[0-4][1-7][2-1].wasm.swam.txt,38882
[0-1][1-7][2-10].wasm.swam.txt,[0-4][1-10][2-7].wasm.swam.txt,26716
[0-1][1-7][2-10].wasm.swam.txt,[0-2].wasm.~1~.swam.txt,28080
[0-1][1-7][2-10].wasm.swam.txt,[0-4][1-10][2-2].wasm.swam.txt,8251
[0-1][1-7][2-10].wasm.swam.txt,[0-4][1-7][2-2].wasm.swam.txt,0
[0-1][1-7][2-10].wasm.swam.txt,[0-4][1-7][2-6].wasm.swam.txt,4109
[0-1][1-7][2-10].wasm.swam.txt,[0-4][1-7][2-7].wasm.swam.txt,40
[0-1][1-7][2-11].wasm.swam.txt,[0-1][1-7][2-12].wasm.swam.txt,988
[0-1][1-7][2-11].wasm.swam.txt,[0-1][1-7][2-14].wasm.swam.txt,39638
[0-1][1-7][2-11].wasm.swam.txt,[0-1][1-7][2-17].wasm.swam.txt,36190
[0-1][1-7][2-11].wasm.swam.txt,[0-2].wasm.swam.txt,189
[0-1][1-7][2-11].wasm.swam.txt,[0-4][1-10][2-1].wasm.swam.txt,42975
[0-1][1-7][2-11].wasm.swam.txt,[0-2].wasm.~1~.swam.txt,18213
[0-1][1-7][2-11].wasm.swam.txt,[0-4][1-10][2-7].wasm.swam.txt,0
[0-1][1-7][2-11].wasm.swam.txt,[0-4][1-10][2-2].wasm.swam.txt,33164
[0-1][1-7][2-11].wasm.swam.txt,[0-2][1-10][2-1][3-2].wasm.swam.txt,35665
[0-1][1-7][2-11].wasm.swam.txt,[0-4][1-7][2-2].wasm.swam.txt,18451
[0-1][1-7][2-11].wasm.swam.txt,[0-4][1-7][2-6].wasm.swam.txt,18451
[0-1][1-7][2-11].wasm.swam.txt,[0-4][1-10][2-6].wasm.swam.txt,16700
[0-1][1-7][2-11].wasm.swam.txt,[0-4][1-7][2-1].wasm.swam.txt,29672
[0-1][1-7][2-11].wasm.swam.txt,[0-4][1-7][2-7].wasm.swam.txt,29672
[0-1][1-7][2-12].wasm.swam.txt,[0-1][1-7][2-17].wasm.swam.txt,0
[0-1][1-7][2-12].wasm.swam.txt,[0-1][1-7][2-14].wasm.swam.txt,0
[0-1][1-7][2-12].wasm.swam.txt,[0-2][1-10][2-1][3-2].wasm.swam.txt,43045
[0-1][1-7][2-12].wasm.swam.txt,[0-2].wasm.~1~.swam.txt,47328
[0-1][1-7][2-12].wasm.swam.txt,[0-4][1-10][2-1].wasm.swam.txt,47328
[0-1][1-7][2-12].wasm.swam.txt,[0-4][1-10][2-6].wasm.swam.txt,47328
[0-1][1-7][2-12].wasm.swam.txt,[0-4][1-10][2-2].wasm.swam.txt,47328
[0-1][1-7][2-12].wasm.swam.txt,[0-2].wasm.swam.txt,0
[0-1][1-7][2-12].wasm.swam.txt,[0-4][1-10][2-7].wasm.swam.txt,42976
[0-1][1-7][2-12].wasm.swam.txt,[0-4][1-7][2-1].wasm.swam.txt,42976
[0-1][1-7][2-12].wasm.swam.txt,[0-4][1-7][2-2].wasm.swam.txt,42976
[0-1][1-7][2-12].wasm.swam.txt,[0-4][1-7][2-6].wasm.swam.txt,0
[0-1][1-7][2-12].wasm.swam.txt,[0-4][1-7][2-7].wasm.swam.txt,76
[0-1][1-7][2-14].wasm.swam.txt,[0-1][1-7][2-17].wasm.swam.txt,42057
[0-1][1-7][2-14].wasm.swam.txt,[0-2].wasm.swam.txt,43047
[0-1][1-7][2-14].wasm.swam.txt,[0-2].wasm.~1~.swam.txt,43047
[0-1][1-7][2-14].wasm.swam.txt,[0-4][1-10][2-6].wasm.swam.txt,42975
[0-1][1-7][2-14].wasm.swam.txt,[0-4][1-10][2-7].wasm.swam.txt,0
[0-1][1-7][2-14].wasm.swam.txt,[0-2][1-10][2-1][3-2].wasm.swam.txt,0
[0-1][1-7][2-14].wasm.swam.txt,[0-4][1-7][2-1].wasm.swam.txt,11
[0-1][1-7][2-14].wasm.swam.txt,[0-4][1-7][2-2].wasm.swam.txt,35584
[0-1][1-7][2-14].wasm.swam.txt,[0-4][1-10][2-2].wasm.swam.txt,39751
[0-1][1-7][2-14].wasm.swam.txt,[0-4][1-7][2-6].wasm.swam.txt,39756
[0-1][1-7][2-14].wasm.swam.txt,[0-4][1-10][2-1].wasm.swam.txt,39747
[0-1][1-7][2-14].wasm.swam.txt,[0-4][1-7][2-7].wasm.swam.txt,19
[0-1][1-7][2-17].wasm.swam.txt,[0-4][1-10][2-1].wasm.swam.txt,25141
[0-1][1-7][2-17].wasm.swam.txt,[0-2].wasm.swam.txt,25141
[0-1][1-7][2-17].wasm.swam.txt,[0-2][1-10][2-1][3-2].wasm.swam.txt,25141
[0-1][1-7][2-17].wasm.swam.txt,[0-2].wasm.~1~.swam.txt,3704
[0-1][1-7][2-17].wasm.swam.txt,[0-4][1-7][2-1].wasm.swam.txt,10
[0-1][1-7][2-17].wasm.swam.txt,[0-4][1-10][2-6].wasm.swam.txt,6
[0-1][1-7][2-17].wasm.swam.txt,[0-4][1-7][2-7].wasm.swam.txt,18
[0-1][1-7][2-17].wasm.swam.txt,[0-4][1-10][2-2].wasm.swam.txt,32
[0-1][1-7][2-17].wasm.swam.txt,[0-4][1-10][2-7].wasm.swam.txt,11649
[0-1][1-7][2-17].wasm.swam.txt,[0-4][1-7][2-2].wasm.swam.txt,30634
[0-2].wasm.swam.txt,[0-4][1-10][2-1].wasm.swam.txt,0
[0-1][1-7][2-17].wasm.swam.txt,[0-4][1-7][2-6].wasm.swam.txt,1865
[0-2].wasm.swam.txt,[0-2].wasm.~1~.swam.txt,26637
[0-2].wasm.swam.txt,[0-2][1-10][2-1][3-2].wasm.swam.txt,48
[0-2].wasm.swam.txt,[0-4][1-10][2-7].wasm.swam.txt,66
[0-2].wasm.swam.txt,[0-4][1-7][2-6].wasm.swam.txt,183
[0-2].wasm.swam.txt,[0-4][1-7][2-7].wasm.swam.txt,213
[0-2].wasm.swam.txt,[0-4][1-7][2-1].wasm.swam.txt,2558
[0-2].wasm.swam.txt,[0-4][1-10][2-2].wasm.swam.txt,6899
[0-2].wasm.swam.txt,[0-4][1-7][2-2].wasm.swam.txt,2482
[0-2].wasm.swam.txt,[0-4][1-10][2-6].wasm.swam.txt,2482
[0-2].wasm.~1~.swam.txt,[0-4][1-7][2-2].wasm.swam.txt,23860
[0-2].wasm.~1~.swam.txt,[0-2][1-10][2-1][3-2].wasm.swam.txt,13840
[0-2].wasm.~1~.swam.txt,[0-4][1-10][2-2].wasm.swam.txt,42263
[0-2].wasm.~1~.swam.txt,[0-4][1-10][2-1].wasm.swam.txt,23937
[0-2].wasm.~1~.swam.txt,[0-4][1-10][2-6].wasm.swam.txt,23937
[0-2].wasm.~1~.swam.txt,[0-4][1-10][2-7].wasm.swam.txt,24393
[0-2].wasm.~1~.swam.txt,[0-4][1-7][2-1].wasm.swam.txt,12550
[0-2].wasm.~1~.swam.txt,[0-4][1-7][2-7].wasm.swam.txt,176
[0-2][1-10][2-1][3-2].wasm.swam.txt,[0-4][1-10][2-6].wasm.swam.txt,3673
[0-2][1-10][2-1][3-2].wasm.swam.txt,[0-4][1-10][2-2].wasm.swam.txt,3673
[0-2].wasm.~1~.swam.txt,[0-4][1-7][2-6].wasm.swam.txt,3673
[0-2][1-10][2-1][3-2].wasm.swam.txt,[0-4][1-7][2-1].wasm.swam.txt,0
[0-2][1-10][2-1][3-2].wasm.swam.txt,[0-4][1-7][2-2].wasm.swam.txt,31774
[0-2][1-10][2-1][3-2].wasm.swam.txt,[0-4][1-7][2-6].wasm.swam.txt,36259
[0-2][1-10][2-1][3-2].wasm.swam.txt,[0-4][1-10][2-1].wasm.swam.txt,26318
[0-2][1-10][2-1][3-2].wasm.swam.txt,[0-4][1-7][2-7].wasm.swam.txt,188
[0-2][1-10][2-1][3-2].wasm.swam.txt,[0-4][1-10][2-7].wasm.swam.txt,5263
[0-4][1-10][2-1].wasm.swam.txt,[0-4][1-10][2-2].wasm.swam.txt,17
[0-4][1-10][2-1].wasm.swam.txt,[0-4][1-10][2-6].wasm.swam.txt,88
[0-4][1-10][2-1].wasm.swam.txt,[0-4][1-7][2-1].wasm.swam.txt,0
[0-4][1-10][2-1].wasm.swam.txt,[0-4][1-10][2-7].wasm.swam.txt,34
[0-4][1-10][2-1].wasm.swam.txt,[0-4][1-7][2-6].wasm.swam.txt,75
[0-4][1-10][2-1].wasm.swam.txt,[0-4][1-7][2-2].wasm.swam.txt,23
[0-4][1-10][2-1].wasm.swam.txt,[0-4][1-7][2-7].wasm.swam.txt,8821
[0-4][1-10][2-2].wasm.swam.txt,[0-4][1-10][2-6].wasm.swam.txt,23
[0-4][1-10][2-2].wasm.swam.txt,[0-4][1-10][2-7].wasm.swam.txt,13772
[0-4][1-10][2-2].wasm.swam.txt,[0-4][1-7][2-6].wasm.swam.txt,0
[0-4][1-10][2-2].wasm.swam.txt,[0-4][1-7][2-1].wasm.swam.txt,6255
[0-4][1-10][2-2].wasm.swam.txt,[0-4][1-7][2-7].wasm.swam.txt,18113
[0-4][1-10][2-6].wasm.swam.txt,[0-4][1-10][2-7].wasm.swam.txt,9902
[0-4][1-10][2-2].wasm.swam.txt,[0-4][1-7][2-2].wasm.swam.txt,9902
[0-4][1-10][2-6].wasm.swam.txt,[0-4][1-7][2-1].wasm.swam.txt,61
[0-4][1-10][2-6].wasm.swam.txt,[0-4][1-7][2-2].wasm.swam.txt,10
[0-4][1-10][2-6].wasm.swam.txt,[0-4][1-7][2-7].wasm.swam.txt,50
[0-4][1-10][2-6].wasm.swam.txt,[0-4][1-7][2-6].wasm.swam.txt,10
[0-4][1-10][2-7].wasm.swam.txt,[0-4][1-7][2-1].wasm.swam.txt,98
[0-4][1-10][2-7].wasm.swam.txt,[0-4][1-7][2-6].wasm.swam.txt,0
[0-4][1-10][2-7].wasm.swam.txt,[0-4][1-7][2-7].wasm.swam.txt,10
[0-4][1-10][2-7].wasm.swam.txt,[0-4][1-7][2-2].wasm.swam.txt,7172
[0-4][1-7][2-1].wasm.swam.txt,[0-4][1-7][2-2].wasm.swam.txt,23
[0-4][1-7][2-1].wasm.swam.txt,[0-4][1-7][2-6].wasm.swam.txt,88
[0-4][1-7][2-1].wasm.swam.txt,[0-4][1-7][2-7].wasm.swam.txt,88
[0-4][1-7][2-2].wasm.swam.txt,[0-4][1-7][2-6].wasm.swam.txt,0
[0-4][1-7][2-2].wasm.swam.txt,[0-4][1-7][2-7].wasm.swam.txt,40
[0-4][1-7][2-6].wasm.swam.txt,[0-4][1-7][2-7].wasm.swam.txt,40
