t1,t2,diff
[0-1].wasm.~1~.swam.txt,[0-3].wasm.swam.txt,0
[0-1][16-1][21-1].wasm.swam.txt,[11-3].wasm.swam.txt,70
[0-1][16-1][21-1].wasm.swam.txt,[11-2].wasm.swam.txt,28
[0-1][16-1][21-1].wasm.swam.txt,[16-2][21-1].wasm.swam.txt,57
[0-1][16-1][21-1].wasm.swam.txt,[0-1][21-2].wasm.swam.txt,57
[0-1][16-1][21-1].wasm.swam.txt,[16-2][21-2].wasm.swam.txt,105681
[0-1][16-1][21-1].wasm.swam.txt,[16-4][21-1].wasm.swam.txt,120230
[0-1][21-2].wasm.swam.txt,[11-2].wasm.swam.txt,120236
[0-1][21-2].wasm.swam.txt,[0-3].wasm.swam.txt,82354
[0-1][21-2].wasm.swam.txt,[11-3].wasm.swam.txt,66144
[0-1][16-1][21-1].wasm.swam.txt,[16-4][21-2].wasm.swam.txt,80050
[0-1].wasm.~1~.swam.txt,[2-1][6-1].wasm.swam.txt,83202
[0-1][21-2].wasm.swam.txt,[16-4][21-2].wasm.swam.txt,44
[0-1][21-2].wasm.swam.txt,[16-4][21-1].wasm.swam.txt,44
[0-1][21-2].wasm.swam.txt,[16-2][21-2].wasm.swam.txt,37055
[0-1][21-2].wasm.swam.txt,[16-2][21-1].wasm.swam.txt,75
[0-3].wasm.swam.txt,[2-1][6-1].wasm.swam.txt,0
[11-2].wasm.swam.txt,[16-2][21-2].wasm.swam.txt,17863
[11-2].wasm.swam.txt,[16-4][21-1].wasm.swam.txt,52823
[11-2].wasm.swam.txt,[16-2][21-1].wasm.swam.txt,24
[11-2].wasm.swam.txt,[16-4][21-2].wasm.swam.txt,19023
[11-3].wasm.swam.txt,[16-2][21-2].wasm.swam.txt,0
[11-3].wasm.swam.txt,[16-4][21-1].wasm.swam.txt,24062
[11-3].wasm.swam.txt,[16-2][21-1].wasm.swam.txt,10921
[11-3].wasm.swam.txt,[16-4][21-2].wasm.swam.txt,0
[16-2][21-1].wasm.swam.txt,[16-4][21-1].wasm.swam.txt,24
[16-2][21-1].wasm.swam.txt,[16-4][21-2].wasm.swam.txt,33
[16-2][21-2].wasm.swam.txt,[16-4][21-2].wasm.swam.txt,0
[16-4][21-1].wasm.swam.txt,[16-4][21-2].wasm.swam.txt,131655
[16-2][21-1].wasm.swam.txt,[16-2][21-2].wasm.swam.txt,125340
[0-1].wasm.~1~.swam.txt,[0-1][16-1][21-1].wasm.swam.txt,46257
[11-2].wasm.swam.txt,[11-3].wasm.swam.txt,30366
[0-1].wasm.~1~.swam.txt,[16-2][21-1].wasm.swam.txt,167002
[0-1].wasm.~1~.swam.txt,[11-2].wasm.swam.txt,142243
[16-2][21-2].wasm.swam.txt,[16-4][21-1].wasm.swam.txt,142278
[0-1].wasm.~1~.swam.txt,[0-1][21-2].wasm.swam.txt,177647
[0-1].wasm.~1~.swam.txt,[16-4][21-2].wasm.swam.txt,125402
[0-1].wasm.~1~.swam.txt,[16-4][21-1].wasm.swam.txt,189673
[0-1].wasm.~1~.swam.txt,[11-3].wasm.swam.txt,180066
[0-3].wasm.swam.txt,[16-2][21-2].wasm.swam.txt,188908
[0-3].wasm.swam.txt,[11-2].wasm.swam.txt,180414
[0-1].wasm.~1~.swam.txt,[16-2][21-2].wasm.swam.txt,175243
[0-1][16-1][21-1].wasm.swam.txt,[2-1][6-1].wasm.swam.txt,178893
[0-3].wasm.swam.txt,[11-3].wasm.swam.txt,178747
[0-1][16-1][21-1].wasm.swam.txt,[0-3].wasm.swam.txt,178787
[0-3].wasm.swam.txt,[16-2][21-1].wasm.swam.txt,182297
[0-1][21-2].wasm.swam.txt,[2-1][6-1].wasm.swam.txt,156867
[0-3].wasm.swam.txt,[16-4][21-2].wasm.swam.txt,181259
[0-3].wasm.swam.txt,[16-4][21-1].wasm.swam.txt,181259
[11-2].wasm.swam.txt,[2-1][6-1].wasm.swam.txt,178914
[16-2][21-2].wasm.swam.txt,[2-1][6-1].wasm.swam.txt,199804
[16-2][21-1].wasm.swam.txt,[2-1][6-1].wasm.swam.txt,179080
[11-3].wasm.swam.txt,[2-1][6-1].wasm.swam.txt,179130
[16-4][21-1].wasm.swam.txt,[2-1][6-1].wasm.swam.txt,178700
[16-4][21-2].wasm.swam.txt,[2-1][6-1].wasm.swam.txt,178700
