t1,t2,diff
[0-0].wasm.swam.txt,[0-1][16-1].wasm.swam.txt,0
[0-0].wasm.swam.txt,[0-1][2-1][5-7][16-1].wasm.swam.txt,35
[0-0].wasm.swam.txt,[0-1][2-1][7-1][8-1][17-1].wasm.swam.txt,35
[0-0].wasm.swam.txt,[2-1][23-2].wasm.swam.txt,0
[0-0].wasm.swam.txt,[2-1][3-1][4-1][11-1].wasm.swam.txt,13059
[0-0].wasm.swam.txt,[0-1].wasm.~1~.swam.txt,1020
[0-0].wasm.swam.txt,[0-1][19-1][26-1][29-1].wasm.swam.txt,7574
[0-0].wasm.swam.txt,[0-1][17-1].wasm.swam.txt,13453
[0-0].wasm.swam.txt,[2-1][3-1][4-1][9-1].wasm.swam.txt,5692
[0-0].wasm.swam.txt,[0-1][2-1][5-7].wasm.swam.txt,649
[0-0].wasm.swam.txt,[2-1][3-1][4-1][11-1][23-1].wasm.swam.txt,1124
[0-0].wasm.swam.txt,[0-1][2-1][7-1][8-1].wasm.swam.txt,15152
[0-1].wasm.~1~.swam.txt,[0-1][16-1].wasm.swam.txt,15152
[0-1].wasm.~1~.swam.txt,[0-1][19-1][26-1][29-1].wasm.swam.txt,3145
[0-0].wasm.swam.txt,[2-1][3-1][4-1].wasm.swam.txt,10326
[0-1].wasm.~1~.swam.txt,[0-1][2-1][5-7][16-1].wasm.swam.txt,27937
[0-1].wasm.~1~.swam.txt,[0-1][17-1].wasm.swam.txt,262
[0-1].wasm.~1~.swam.txt,[0-1][2-1][5-7].wasm.swam.txt,854
[0-1].wasm.~1~.swam.txt,[2-1][23-2].wasm.swam.txt,19
[0-1].wasm.~1~.swam.txt,[0-1][2-1][7-1][8-1].wasm.swam.txt,13874
[0-1].wasm.~1~.swam.txt,[2-1][3-1][4-1][11-1].wasm.swam.txt,0
[0-1].wasm.~1~.swam.txt,[2-1][3-1][4-1][9-1].wasm.swam.txt,50
[0-1].wasm.~1~.swam.txt,[0-1][2-1][7-1][8-1][17-1].wasm.swam.txt,14978
[0-1][16-1].wasm.swam.txt,[0-1][17-1].wasm.swam.txt,17591
[0-1].wasm.~1~.swam.txt,[2-1][3-1][4-1][11-1][23-1].wasm.swam.txt,10200
[0-1].wasm.~1~.swam.txt,[2-1][3-1][4-1].wasm.swam.txt,32479
[0-1][16-1].wasm.swam.txt,[0-1][2-1][5-7][16-1].wasm.swam.txt,13042
[0-1][16-1].wasm.swam.txt,[0-1][19-1][26-1][29-1].wasm.swam.txt,1106
[0-1][16-1].wasm.swam.txt,[0-1][2-1][7-1][8-1].wasm.swam.txt,220
[0-1][16-1].wasm.swam.txt,[0-1][2-1][7-1][8-1][17-1].wasm.swam.txt,345
[0-1][16-1].wasm.swam.txt,[0-1][2-1][5-7].wasm.swam.txt,13416
[0-1][16-1].wasm.swam.txt,[2-1][23-2].wasm.swam.txt,13838
[0-1][16-1].wasm.swam.txt,[2-1][3-1][4-1].wasm.swam.txt,13761
[0-1][16-1].wasm.swam.txt,[2-1][3-1][4-1][11-1].wasm.swam.txt,13768
[0-1][16-1].wasm.swam.txt,[2-1][3-1][4-1][11-1][23-1].wasm.swam.txt,11070
[0-1][16-1].wasm.swam.txt,[2-1][3-1][4-1][9-1].wasm.swam.txt,1088
[0-1][17-1].wasm.swam.txt,[0-1][2-1][5-7][16-1].wasm.swam.txt,19767
[0-1][17-1].wasm.swam.txt,[0-1][2-1][7-1][8-1].wasm.swam.txt,12664
[0-1][17-1].wasm.swam.txt,[0-1][19-1][26-1][29-1].wasm.swam.txt,12664
[0-1][17-1].wasm.swam.txt,[0-1][2-1][5-7].wasm.swam.txt,14
[0-1][17-1].wasm.swam.txt,[0-1][2-1][7-1][8-1][17-1].wasm.swam.txt,14
[0-1][17-1].wasm.swam.txt,[2-1][23-2].wasm.swam.txt,8881
[0-1][17-1].wasm.swam.txt,[2-1][3-1][4-1].wasm.swam.txt,1142
[0-1][17-1].wasm.swam.txt,[2-1][3-1][4-1][11-1].wasm.swam.txt,13894
[0-1][17-1].wasm.swam.txt,[2-1][3-1][4-1][9-1].wasm.swam.txt,4675
[0-1][19-1][26-1][29-1].wasm.swam.txt,[0-1][2-1][5-7].wasm.swam.txt,13780
[0-1][19-1][26-1][29-1].wasm.swam.txt,[2-1][23-2].wasm.swam.txt,25
[0-1][19-1][26-1][29-1].wasm.swam.txt,[0-1][2-1][7-1][8-1].wasm.swam.txt,0
[0-1][17-1].wasm.swam.txt,[2-1][3-1][4-1][11-1][23-1].wasm.swam.txt,8800
[0-1][19-1][26-1][29-1].wasm.swam.txt,[0-1][2-1][7-1][8-1][17-1].wasm.swam.txt,1518
[0-1][19-1][26-1][29-1].wasm.swam.txt,[2-1][3-1][4-1][11-1].wasm.swam.txt,1494
[0-1][19-1][26-1][29-1].wasm.swam.txt,[2-1][3-1][4-1][11-1][23-1].wasm.swam.txt,0
[0-1][19-1][26-1][29-1].wasm.swam.txt,[0-1][2-1][5-7][16-1].wasm.swam.txt,18180
[0-1][19-1][26-1][29-1].wasm.swam.txt,[2-1][3-1][4-1][9-1].wasm.swam.txt,18180
[0-1][19-1][26-1][29-1].wasm.swam.txt,[2-1][3-1][4-1].wasm.swam.txt,17289
[0-1][2-1][5-7].wasm.swam.txt,[0-1][2-1][5-7][16-1].wasm.swam.txt,14
[0-1][2-1][5-7].wasm.swam.txt,[0-1][2-1][7-1][8-1].wasm.swam.txt,366
[0-1][2-1][5-7].wasm.swam.txt,[0-1][2-1][7-1][8-1][17-1].wasm.swam.txt,56
[0-1][2-1][5-7].wasm.swam.txt,[2-1][23-2].wasm.swam.txt,1112
[0-1][2-1][5-7].wasm.swam.txt,[2-1][3-1][4-1][11-1].wasm.swam.txt,13757
[0-1][2-1][5-7][16-1].wasm.swam.txt,[0-1][2-1][7-1][8-1].wasm.swam.txt,1006
[0-1][2-1][5-7].wasm.swam.txt,[2-1][3-1][4-1][11-1][23-1].wasm.swam.txt,1006
[0-1][2-1][5-7].wasm.swam.txt,[2-1][3-1][4-1][9-1].wasm.swam.txt,13772
[0-1][2-1][5-7].wasm.swam.txt,[2-1][3-1][4-1].wasm.swam.txt,14377
[0-1][2-1][5-7][16-1].wasm.swam.txt,[2-1][23-2].wasm.swam.txt,1021
[0-1][2-1][5-7][16-1].wasm.swam.txt,[2-1][3-1][4-1].wasm.swam.txt,1088
[0-1][2-1][5-7][16-1].wasm.swam.txt,[0-1][2-1][7-1][8-1][17-1].wasm.swam.txt,21081
[0-1][2-1][5-7][16-1].wasm.swam.txt,[2-1][3-1][4-1][11-1].wasm.swam.txt,13751
[0-1][2-1][5-7][16-1].wasm.swam.txt,[2-1][3-1][4-1][11-1][23-1].wasm.swam.txt,3870
[0-1][2-1][5-7][16-1].wasm.swam.txt,[2-1][3-1][4-1][9-1].wasm.swam.txt,1856
[0-1][2-1][7-1][8-1].wasm.swam.txt,[0-1][2-1][7-1][8-1][17-1].wasm.swam.txt,702
[0-1][2-1][7-1][8-1].wasm.swam.txt,[2-1][3-1][4-1].wasm.swam.txt,13709
[0-1][2-1][7-1][8-1].wasm.swam.txt,[2-1][23-2].wasm.swam.txt,13765
[0-1][2-1][7-1][8-1].wasm.swam.txt,[2-1][3-1][4-1][11-1].wasm.swam.txt,7399
[0-1][2-1][7-1][8-1].wasm.swam.txt,[2-1][3-1][4-1][11-1][23-1].wasm.swam.txt,7255
[0-1][2-1][7-1][8-1].wasm.swam.txt,[2-1][3-1][4-1][9-1].wasm.swam.txt,13899
[0-1][2-1][7-1][8-1][17-1].wasm.swam.txt,[2-1][23-2].wasm.swam.txt,0
[0-1][2-1][7-1][8-1][17-1].wasm.swam.txt,[2-1][3-1][4-1].wasm.swam.txt,0
[0-1][2-1][7-1][8-1][17-1].wasm.swam.txt,[2-1][3-1][4-1][11-1][23-1].wasm.swam.txt,1130
[2-1][23-2].wasm.swam.txt,[2-1][3-1][4-1].wasm.swam.txt,7105
[0-1][2-1][7-1][8-1][17-1].wasm.swam.txt,[2-1][3-1][4-1][9-1].wasm.swam.txt,15
[2-1][23-2].wasm.swam.txt,[2-1][3-1][4-1][11-1].wasm.swam.txt,18281
[0-1][2-1][7-1][8-1][17-1].wasm.swam.txt,[2-1][3-1][4-1][11-1].wasm.swam.txt,11681
[2-1][23-2].wasm.swam.txt,[2-1][3-1][4-1][11-1][23-1].wasm.swam.txt,44
[2-1][23-2].wasm.swam.txt,[2-1][3-1][4-1][9-1].wasm.swam.txt,69
[2-1][3-1][4-1].wasm.swam.txt,[2-1][3-1][4-1][11-1].wasm.swam.txt,37
[2-1][3-1][4-1].wasm.swam.txt,[2-1][3-1][4-1][11-1][23-1].wasm.swam.txt,0
[2-1][3-1][4-1].wasm.swam.txt,[2-1][3-1][4-1][9-1].wasm.swam.txt,43
[2-1][3-1][4-1][11-1].wasm.swam.txt,[2-1][3-1][4-1][11-1][23-1].wasm.swam.txt,19
[2-1][3-1][4-1][11-1].wasm.swam.txt,[2-1][3-1][4-1][9-1].wasm.swam.txt,6
[2-1][3-1][4-1][11-1][23-1].wasm.swam.txt,[2-1][3-1][4-1][9-1].wasm.swam.txt,25
