t1,t2,diff
[18-2][34-2].wasm.swam.txt,[2-1][18-2].wasm.swam.txt,124171
[18-2][34-2].wasm.swam.txt,[2-3][18-2].wasm.swam.txt,124304
[18-2][34-2].wasm.swam.txt,[2-3].wasm.swam.txt,97862
[18-2][34-2].wasm.swam.txt,[34-4].wasm.swam.txt,0
[2-1].wasm.swam.txt,[2-1][18-2].wasm.swam.txt,808819
[18-2][34-2].wasm.swam.txt,[18-3].wasm.swam.txt,1347574
[2-1].wasm.swam.txt,[2-3].wasm.swam.txt,1414012
[18-3].wasm.swam.txt,[2-3].wasm.swam.txt,1348514
[2-1][18-2].wasm.swam.txt,[2-3].wasm.swam.txt,1348474
[2-1][18-2].wasm.swam.txt,[2-3][18-2].wasm.swam.txt,1478420
[2-1].wasm.swam.txt,[2-3][18-2].wasm.swam.txt,1479289
[2-3].wasm.swam.txt,[2-3][18-2].wasm.swam.txt,1479376
[18-3].wasm.swam.txt,[2-3][18-2].wasm.swam.txt,1500764
[18-3].wasm.swam.txt,[2-1][18-2].wasm.swam.txt,1508914
[18-3].wasm.swam.txt,[2-1].wasm.swam.txt,409869
[2-1].wasm.swam.txt,[34-2].wasm.swam.txt,527242
[2-3][18-2].wasm.swam.txt,[34-2].wasm.swam.txt,651579
[2-1][18-2].wasm.swam.txt,[34-2].wasm.swam.txt,1396795
[2-3].wasm.swam.txt,[34-2].wasm.swam.txt,1794863
[2-1].wasm.swam.txt,[34-4].wasm.swam.txt,606221
[2-3][18-2].wasm.swam.txt,[34-4].wasm.swam.txt,117159
[18-3].wasm.swam.txt,[34-4].wasm.swam.txt,1223064
[18-3].wasm.swam.txt,[34-2].wasm.swam.txt,1798578
[2-3].wasm.swam.txt,[34-4].wasm.swam.txt,1914033
[18-2][34-2].wasm.swam.txt,[34-2].wasm.swam.txt,1907957
[34-2].wasm.swam.txt,[34-4].wasm.swam.txt,1907977
[18-2][34-2].wasm.swam.txt,[2-1].wasm.swam.txt,2649294
[2-1][18-2].wasm.swam.txt,[34-4].wasm.swam.txt,3918122
Hamming_numbers.wasm.~2~.swam.txt,[2-1][18-2].wasm.swam.txt,2513810
Hamming_numbers.wasm.~2~.swam.txt,[2-3].wasm.swam.txt,2535182
Hamming_numbers.wasm.~2~.swam.txt,[2-3][18-2].wasm.swam.txt,2534927
Hamming_numbers.wasm.~2~.swam.txt,[34-2].wasm.swam.txt,2538733
Hamming_numbers.wasm.~2~.swam.txt,[18-3].wasm.swam.txt,2536853
Hamming_numbers.wasm.~2~.swam.txt,[18-2][34-2].wasm.swam.txt,2531215
Hamming_numbers.wasm.~2~.swam.txt,[34-4].wasm.swam.txt,2524736
Hamming_numbers.wasm.~2~.swam.txt,[2-1].wasm.swam.txt,2524736
