t1,t2,diff
[0-18][1-5].wasm.swam.txt,[1-10].wasm.~1~.swam.txt,127
[0-18][1-5].wasm.swam.txt,[1-10][2-1][3-1][4-2].wasm.swam.txt,92
[0-18][1-5].wasm.swam.txt,[1-1][2-8].wasm.swam.txt,68
[0-18][1-5].wasm.swam.txt,[1-7].wasm.~1~.swam.txt,21556
[0-18][1-5].wasm.swam.txt,[1-7][2-1][3-1][4-2].wasm.swam.txt,225
[1-10].wasm.~1~.swam.txt,[1-10][2-1][3-1][4-2].wasm.swam.txt,15
[1-10].wasm.~1~.swam.txt,[1-1][2-8].wasm.swam.txt,84
[1-10].wasm.~1~.swam.txt,[1-7].wasm.~1~.swam.txt,42
[1-10].wasm.~1~.swam.txt,[1-7][2-1][3-1][4-2].wasm.swam.txt,102
[1-10][2-1][3-1][4-2].wasm.swam.txt,[1-1][2-8].wasm.swam.txt,97
[1-10][2-1][3-1][4-2].wasm.swam.txt,[1-7].wasm.~1~.swam.txt,89
[1-10][2-1][3-1][4-2].wasm.swam.txt,[1-7][2-1][3-1][4-2].wasm.swam.txt,87
[1-1][2-8].wasm.swam.txt,[1-7].wasm.~1~.swam.txt,192
[1-1][2-8].wasm.swam.txt,[1-7][2-1][3-1][4-2].wasm.swam.txt,14584
[1-7].wasm.~1~.swam.txt,[1-7][2-1][3-1][4-2].wasm.swam.txt,15
