t1,t2,diff
Longest_Common_Substring.wasm.~2~.swam.txt,[10-1][11-1][12-1][13-1][14-1].wasm.swam.txt,0
[10-1][11-1][12-1][13-1][14-1].wasm.swam.txt,[7-1][8-9].wasm.swam.txt,986
Longest_Common_Substring.wasm.~2~.swam.txt,[7-1][8-9].wasm.swam.txt,21896
[10-1][11-1][12-1][13-1][14-1].wasm.swam.txt,[7-1][8-9][10-1][11-1][12-1][13-1][14-1].wasm.swam.txt,21896
Longest_Common_Substring.wasm.~2~.swam.txt,[7-1][8-9][10-1][11-1][12-1][13-1][14-1].wasm.swam.txt,130
[7-1][8-9].wasm.swam.txt,[7-1][8-9][10-1][11-1][12-1][13-1][14-1].wasm.swam.txt,598
