t1,t2,diff
[0-12].wasm.swam.txt,[0-1][1-1].wasm.~2~.swam.txt,12594
[0-12].wasm.swam.txt,[0-14].wasm.swam.txt,12684
[0-14].wasm.swam.txt,[0-1][1-1].wasm.~2~.swam.txt,12594
[0-12].wasm.swam.txt,[0-1][1-1][2-8].wasm.swam.txt,1115
[0-12].wasm.swam.txt,[0-1][1-1][2-10].wasm.swam.txt,76
[0-12].wasm.swam.txt,[0-6].wasm.swam.txt,7913
[0-12].wasm.swam.txt,[2-1][3-16].wasm.swam.txt,7917
[0-12].wasm.swam.txt,[0-1][1-1][2-4].wasm.swam.txt,7958
[0-12].wasm.swam.txt,[0-8].wasm.swam.txt,6074
[0-12].wasm.swam.txt,[0-4].wasm.swam.txt,8045
[0-12].wasm.swam.txt,[0-2].wasm.swam.txt,3679
[0-12].wasm.swam.txt,[2-1][3-14].wasm.swam.txt,6747
[0-12].wasm.swam.txt,[2-1][3-11].wasm.swam.txt,2539
[0-12].wasm.swam.txt,[1-1].wasm.~1~.swam.txt,8167
[0-12].wasm.swam.txt,[0-5].wasm.swam.txt,7983
[0-1][1-1][2-10].wasm.swam.txt,[0-1][1-1][2-4].wasm.swam.txt,64
[0-14].wasm.swam.txt,[2-1][3-16].wasm.swam.txt,8134
[0-1][1-1][2-10].wasm.swam.txt,[0-2].wasm.swam.txt,0
[0-1][1-1][2-10].wasm.swam.txt,[0-6].wasm.swam.txt,0
[0-1][1-1][2-10].wasm.swam.txt,[0-1][1-1][2-8].wasm.swam.txt,0
[0-1][1-1][2-10].wasm.swam.txt,[0-4].wasm.swam.txt,0
[0-1][1-1][2-10].wasm.swam.txt,[1-1].wasm.~1~.swam.txt,0
[0-1][1-1][2-10].wasm.swam.txt,[0-5].wasm.swam.txt,0
[0-1][1-1][2-10].wasm.swam.txt,[2-1][3-11].wasm.swam.txt,0
[0-1][1-1].wasm.~2~.swam.txt,[2-1][3-14].wasm.swam.txt,8730
[0-14].wasm.swam.txt,[2-1][3-14].wasm.swam.txt,8730
[0-1][1-1].wasm.~2~.swam.txt,[2-1][3-16].wasm.swam.txt,8730
[0-14].wasm.swam.txt,[0-4].wasm.swam.txt,0
[0-14].wasm.swam.txt,[0-5].wasm.swam.txt,0
[0-4].wasm.swam.txt,[1-1].wasm.~1~.swam.txt,0
[0-8].wasm.swam.txt,[1-1].wasm.~1~.swam.txt,50
[0-14].wasm.swam.txt,[1-1].wasm.~1~.swam.txt,2247
[0-1][1-1].wasm.~2~.swam.txt,[1-1].wasm.~1~.swam.txt,2688
[1-1].wasm.~1~.swam.txt,[2-1][3-11].wasm.swam.txt,3105
[0-1][1-1][2-10].wasm.swam.txt,[0-8].wasm.swam.txt,12284
[0-1][1-1].wasm.~2~.swam.txt,[2-1][3-11].wasm.swam.txt,8115
[0-14].wasm.swam.txt,[0-1][1-1][2-4].wasm.swam.txt,8098
[0-1][1-1].wasm.~2~.swam.txt,[0-1][1-1][2-10].wasm.swam.txt,8097
[0-4].wasm.swam.txt,[2-1][3-11].wasm.swam.txt,8126
[0-1][1-1].wasm.~2~.swam.txt,[0-4].wasm.swam.txt,8046
[0-1][1-1].wasm.~2~.swam.txt,[0-1][1-1][2-4].wasm.swam.txt,8104
[0-14].wasm.swam.txt,[2-1][3-11].wasm.swam.txt,8079
[0-1][1-1][2-4].wasm.swam.txt,[2-1][3-11].wasm.swam.txt,8145
[0-5].wasm.swam.txt,[2-1][3-14].wasm.swam.txt,6831
[0-4].wasm.swam.txt,[2-1][3-14].wasm.swam.txt,7398
[2-1][3-11].wasm.swam.txt,[2-1][3-14].wasm.swam.txt,2106
[0-1][1-1].wasm.~2~.swam.txt,[0-5].wasm.swam.txt,17388
[0-1][1-1][2-10].wasm.swam.txt,[2-1][3-14].wasm.swam.txt,8125
[0-1][1-1][2-4].wasm.swam.txt,[2-1][3-14].wasm.swam.txt,8140
[0-14].wasm.swam.txt,[0-1][1-1][2-10].wasm.swam.txt,26
[0-1][1-1].wasm.~2~.swam.txt,[0-8].wasm.swam.txt,12594
[0-5].wasm.swam.txt,[2-1][3-11].wasm.swam.txt,12594
[0-14].wasm.swam.txt,[0-2].wasm.swam.txt,85
[0-4].wasm.swam.txt,[0-5].wasm.swam.txt,3556
[0-5].wasm.swam.txt,[0-8].wasm.swam.txt,6920
[0-1][1-1][2-8].wasm.swam.txt,[0-5].wasm.swam.txt,3053
[0-1][1-1][2-4].wasm.swam.txt,[0-2].wasm.swam.txt,1909
[0-14].wasm.swam.txt,[0-8].wasm.swam.txt,962
[0-2].wasm.swam.txt,[0-8].wasm.swam.txt,160
[0-1][1-1].wasm.~2~.swam.txt,[0-6].wasm.swam.txt,7252
[0-1][1-1][2-4].wasm.swam.txt,[0-8].wasm.swam.txt,8159
[0-1][1-1][2-4].wasm.swam.txt,[0-1][1-1][2-8].wasm.swam.txt,8148
[0-4].wasm.swam.txt,[0-8].wasm.swam.txt,8068
[0-1][1-1].wasm.~2~.swam.txt,[0-1][1-1][2-8].wasm.swam.txt,8249
[0-1][1-1].wasm.~2~.swam.txt,[0-2].wasm.swam.txt,8249
[0-5].wasm.swam.txt,[1-1].wasm.~1~.swam.txt,8249
[0-14].wasm.swam.txt,[0-1][1-1][2-8].wasm.swam.txt,2942
[0-1][1-1][2-4].wasm.swam.txt,[1-1].wasm.~1~.swam.txt,8249
[0-5].wasm.swam.txt,[2-1][3-16].wasm.swam.txt,8057
[2-1][3-11].wasm.swam.txt,[2-1][3-16].wasm.swam.txt,9361
[0-4].wasm.swam.txt,[2-1][3-16].wasm.swam.txt,10239
[0-1][1-1][2-8].wasm.swam.txt,[2-1][3-16].wasm.swam.txt,10029
[0-1][1-1][2-4].wasm.swam.txt,[0-4].wasm.swam.txt,9029
[0-6].wasm.swam.txt,[2-1][3-16].wasm.swam.txt,8169
[0-1][1-1][2-4].wasm.swam.txt,[2-1][3-16].wasm.swam.txt,8327
[2-1][3-14].wasm.swam.txt,[2-1][3-16].wasm.swam.txt,11233
[0-1][1-1][2-10].wasm.swam.txt,[2-1][3-16].wasm.swam.txt,8160
[1-1].wasm.~1~.swam.txt,[2-1][3-16].wasm.swam.txt,8001
[0-1][1-1][2-4].wasm.swam.txt,[0-5].wasm.swam.txt,8160
[0-2].wasm.swam.txt,[2-1][3-16].wasm.swam.txt,8160
[0-14].wasm.swam.txt,[0-6].wasm.swam.txt,12710
[0-2].wasm.swam.txt,[1-1].wasm.~1~.swam.txt,151
[1-1].wasm.~1~.swam.txt,[2-1][3-14].wasm.swam.txt,0
[0-2].wasm.swam.txt,[2-1][3-11].wasm.swam.txt,0
[0-1][1-1][2-8].wasm.swam.txt,[2-1][3-11].wasm.swam.txt,18937
[0-8].wasm.swam.txt,[2-1][3-16].wasm.swam.txt,12594
[0-5].wasm.swam.txt,[0-6].wasm.swam.txt,6448
[0-1][1-1][2-8].wasm.swam.txt,[0-8].wasm.swam.txt,5546
[0-4].wasm.swam.txt,[0-6].wasm.swam.txt,2695
[0-1][1-1][2-8].wasm.swam.txt,[1-1].wasm.~1~.swam.txt,4448
[0-1][1-1][2-4].wasm.swam.txt,[0-6].wasm.swam.txt,138
[0-1][1-1][2-8].wasm.swam.txt,[0-2].wasm.swam.txt,152
[0-1][1-1][2-8].wasm.swam.txt,[0-6].wasm.swam.txt,152
[0-2].wasm.swam.txt,[0-6].wasm.swam.txt,124
[0-8].wasm.swam.txt,[2-1][3-11].wasm.swam.txt,12620
[0-1][1-1][2-8].wasm.swam.txt,[2-1][3-14].wasm.swam.txt,11991
[0-8].wasm.swam.txt,[2-1][3-14].wasm.swam.txt,7205
[0-2].wasm.swam.txt,[2-1][3-14].wasm.swam.txt,604
[0-6].wasm.swam.txt,[2-1][3-14].wasm.swam.txt,604
[0-6].wasm.swam.txt,[2-1][3-11].wasm.swam.txt,602
[0-2].wasm.swam.txt,[0-5].wasm.swam.txt,2559
[0-6].wasm.swam.txt,[1-1].wasm.~1~.swam.txt,8167
[0-2].wasm.swam.txt,[0-4].wasm.swam.txt,30
[0-1][1-1][2-8].wasm.swam.txt,[0-4].wasm.swam.txt,30
[0-6].wasm.swam.txt,[0-8].wasm.swam.txt,124
