t1,t2,diff
[1-1][2-1][3-1][4-10][5-1].wasm.swam.txt,[1-1][2-1][3-1][4-10][8-1].wasm.swam.txt,609
[1-1][2-1][3-1][4-10][5-1].wasm.swam.txt,[1-1][2-1][3-1][4-10][8-2].wasm.swam.txt,563
[1-1][2-1][3-1][4-10][8-1].wasm.swam.txt,[1-1][2-1][3-1][4-10][8-2].wasm.swam.txt,689
Loops-Wrong_ranges.wasm.~2~.swam.txt,[1-1][2-1][3-1][4-10][5-1].wasm.swam.txt,230593
Loops-Wrong_ranges.wasm.~2~.swam.txt,[1-1][2-1][3-1][4-10][8-2].wasm.swam.txt,230593
Loops-Wrong_ranges.wasm.~2~.swam.txt,[1-1][2-1][3-1][4-10][8-1].wasm.swam.txt,230551
