t1,t2,diff
[0-10].wasm.~1~.swam.txt,[0-10][1-1][2-2].wasm.~1~.swam.txt,0
[0-10].wasm.~1~.swam.txt,[0-10][1-11].wasm.swam.txt,1834
[0-10].wasm.~1~.swam.txt,[0-10][1-2].wasm.~1~.swam.txt,3353
[0-10].wasm.~1~.swam.txt,[0-10][1-1][2-11].wasm.swam.txt,14695
[0-10].wasm.~1~.swam.txt,[0-13][1-1][2-11].wasm.swam.txt,105837
[0-10].wasm.~1~.swam.txt,[0-10][1-1][2-15].wasm.swam.txt,44497
[0-10][1-10].wasm.~1~.swam.txt,[0-10][1-1].wasm.~1~.swam.txt,81783
[0-10].wasm.~1~.swam.txt,[0-10][1-1][2-6].wasm.~1~.swam.txt,92344
[0-10][1-10].wasm.~1~.swam.txt,[0-10][1-1][2-11].wasm.swam.txt,67980
[0-10].wasm.~1~.swam.txt,[0-10][1-1][2-8].wasm.swam.txt,68016
[0-10].wasm.~1~.swam.txt,[0-11].wasm.swam.txt,9938
[0-10].wasm.~1~.swam.txt,[0-16].wasm.swam.txt,6431
[0-10].wasm.~1~.swam.txt,[0-10][1-6].wasm.swam.txt,38086
[0-10].wasm.~1~.swam.txt,[0-2][1-1][2-11].wasm.swam.txt,35648
[0-10].wasm.~1~.swam.txt,[0-12][1-1][2-11].wasm.swam.txt,67279
[0-10][1-10].wasm.~1~.swam.txt,[0-10][1-11].wasm.swam.txt,71724
[0-10].wasm.~1~.swam.txt,[0-10][1-10].wasm.~1~.swam.txt,3578
[0-10].wasm.~1~.swam.txt,[0-10][1-1][2-10].wasm.swam.txt,49192
[0-10][1-10].wasm.~1~.swam.txt,[0-10][1-1][2-10].wasm.swam.txt,830
[0-10][1-10].wasm.~1~.swam.txt,[0-10][1-6].wasm.swam.txt,0
[0-10][1-10].wasm.~1~.swam.txt,[0-10][1-1][2-2].wasm.~1~.swam.txt,65288
[0-10].wasm.~1~.swam.txt,[0-13].wasm.swam.txt,87243
[0-10][1-10].wasm.~1~.swam.txt,[0-10][1-1][2-15].wasm.swam.txt,100871
[0-10].wasm.~1~.swam.txt,[0-15].wasm.swam.txt,100149
[0-10][1-10].wasm.~1~.swam.txt,[0-11].wasm.swam.txt,100149
[0-10].wasm.~1~.swam.txt,[0-10][1-1].wasm.~1~.swam.txt,51405
[0-10][1-10].wasm.~1~.swam.txt,[0-10][1-1][2-6].wasm.~1~.swam.txt,985
[0-10][1-10].wasm.~1~.swam.txt,[0-10][1-2].wasm.~1~.swam.txt,985
[0-10][1-11].wasm.swam.txt,[0-10][1-1].wasm.~1~.swam.txt,61746
[0-10][1-11].wasm.swam.txt,[0-10][1-1][2-15].wasm.swam.txt,37665
[0-10][1-11].wasm.swam.txt,[0-10][1-1][2-2].wasm.~1~.swam.txt,37665
[0-10][1-11].wasm.swam.txt,[0-10][1-1][2-11].wasm.swam.txt,46473
[0-10][1-11].wasm.swam.txt,[0-10][1-1][2-6].wasm.~1~.swam.txt,97640
[0-10][1-10].wasm.~1~.swam.txt,[0-12][1-1][2-11].wasm.swam.txt,47705
[0-10][1-10].wasm.~1~.swam.txt,[0-2][1-1][2-11].wasm.swam.txt,45009
[0-10][1-10].wasm.~1~.swam.txt,[0-16].wasm.swam.txt,59749
[0-10][1-10].wasm.~1~.swam.txt,[0-15].wasm.swam.txt,61792
[0-10][1-10].wasm.~1~.swam.txt,[0-10][1-1][2-8].wasm.swam.txt,61866
[0-10][1-10].wasm.~1~.swam.txt,[0-13][1-1][2-11].wasm.swam.txt,50297
[0-10][1-11].wasm.swam.txt,[0-13][1-1][2-11].wasm.swam.txt,75558
[0-10][1-11].wasm.swam.txt,[0-10][1-6].wasm.swam.txt,77235
[0-10][1-11].wasm.swam.txt,[0-10][1-2].wasm.~1~.swam.txt,75149
[0-10][1-10].wasm.~1~.swam.txt,[0-13].wasm.swam.txt,75105
[0-10][1-11].wasm.swam.txt,[0-10][1-1][2-8].wasm.swam.txt,75105
[0-10][1-11].wasm.swam.txt,[0-12][1-1][2-11].wasm.swam.txt,1561
[0-10][1-1].wasm.~1~.swam.txt,[0-10][1-1][2-10].wasm.swam.txt,757
[0-10][1-11].wasm.swam.txt,[0-11].wasm.swam.txt,717
[0-10][1-11].wasm.swam.txt,[0-13].wasm.swam.txt,726
[0-10][1-11].wasm.swam.txt,[0-2][1-1][2-11].wasm.swam.txt,735
[0-10][1-11].wasm.swam.txt,[0-15].wasm.swam.txt,741
[0-10][1-11].wasm.swam.txt,[0-10][1-1][2-10].wasm.swam.txt,741
[0-10][1-11].wasm.swam.txt,[0-16].wasm.swam.txt,741
[0-10][1-1].wasm.~1~.swam.txt,[0-10][1-1][2-8].wasm.swam.txt,11747
[0-10][1-1].wasm.~1~.swam.txt,[0-10][1-1][2-11].wasm.swam.txt,20218
[0-10][1-1].wasm.~1~.swam.txt,[0-10][1-1][2-6].wasm.~1~.swam.txt,140
[0-10][1-1].wasm.~1~.swam.txt,[0-10][1-1][2-2].wasm.~1~.swam.txt,76193
[0-10][1-1].wasm.~1~.swam.txt,[0-10][1-1][2-15].wasm.swam.txt,20
[0-10][1-1].wasm.~1~.swam.txt,[0-10][1-2].wasm.~1~.swam.txt,60
[0-10][1-1][2-10].wasm.swam.txt,[0-10][1-1][2-2].wasm.~1~.swam.txt,0
[0-10][1-1][2-10].wasm.swam.txt,[0-10][1-1][2-8].wasm.swam.txt,5048
[0-10][1-1][2-10].wasm.swam.txt,[0-12][1-1][2-11].wasm.swam.txt,27085
[0-10][1-1].wasm.~1~.swam.txt,[0-12][1-1][2-11].wasm.swam.txt,45796
[0-10][1-1].wasm.~1~.swam.txt,[0-16].wasm.swam.txt,8146
[0-10][1-1][2-10].wasm.swam.txt,[0-10][1-1][2-11].wasm.swam.txt,22711
[0-10][1-1][2-10].wasm.swam.txt,[0-10][1-6].wasm.swam.txt,27864
[0-10][1-1].wasm.~1~.swam.txt,[0-13][1-1][2-11].wasm.swam.txt,47246
[0-10][1-1][2-10].wasm.swam.txt,[0-10][1-1][2-15].wasm.swam.txt,4765
[0-10][1-1].wasm.~1~.swam.txt,[0-15].wasm.swam.txt,1123
[0-10][1-1].wasm.~1~.swam.txt,[0-10][1-6].wasm.swam.txt,6972
[0-10][1-1].wasm.~1~.swam.txt,[0-11].wasm.swam.txt,55011
[0-10][1-1][2-10].wasm.swam.txt,[0-11].wasm.swam.txt,39472
[0-10][1-1].wasm.~1~.swam.txt,[0-13].wasm.swam.txt,16167
[0-10][1-1].wasm.~1~.swam.txt,[0-2][1-1][2-11].wasm.swam.txt,75502
[0-10][1-1][2-10].wasm.swam.txt,[0-2][1-1][2-11].wasm.swam.txt,69715
[0-10][1-1][2-10].wasm.swam.txt,[0-13].wasm.swam.txt,54404
[0-10][1-1][2-10].wasm.swam.txt,[0-16].wasm.swam.txt,51662
[0-10][1-1][2-10].wasm.swam.txt,[0-10][1-1][2-6].wasm.~1~.swam.txt,49319
[0-10][1-1][2-10].wasm.swam.txt,[0-15].wasm.swam.txt,63251
[0-10][1-1][2-10].wasm.swam.txt,[0-13][1-1][2-11].wasm.swam.txt,37148
[0-10][1-1][2-11].wasm.swam.txt,[0-10][1-1][2-15].wasm.swam.txt,79837
[0-10][1-1][2-11].wasm.swam.txt,[0-10][1-1][2-2].wasm.~1~.swam.txt,46029
[0-10][1-1][2-11].wasm.swam.txt,[0-10][1-1][2-8].wasm.swam.txt,67479
[0-10][1-1][2-11].wasm.swam.txt,[0-10][1-1][2-6].wasm.~1~.swam.txt,67479
[0-10][1-1][2-11].wasm.swam.txt,[0-12][1-1][2-11].wasm.swam.txt,15644
[0-10][1-1][2-11].wasm.swam.txt,[0-11].wasm.swam.txt,3661
[0-10][1-1][2-10].wasm.swam.txt,[0-10][1-2].wasm.~1~.swam.txt,24527
[0-10][1-1][2-11].wasm.swam.txt,[0-13][1-1][2-11].wasm.swam.txt,10493
[0-10][1-1][2-11].wasm.swam.txt,[0-10][1-2].wasm.~1~.swam.txt,6261
[0-10][1-1][2-11].wasm.swam.txt,[0-15].wasm.swam.txt,5632
[0-10][1-1][2-11].wasm.swam.txt,[0-16].wasm.swam.txt,6202
[0-10][1-1][2-11].wasm.swam.txt,[0-2][1-1][2-11].wasm.swam.txt,0
[0-10][1-1][2-15].wasm.swam.txt,[0-10][1-1][2-6].wasm.~1~.swam.txt,110
[0-10][1-1][2-11].wasm.swam.txt,[0-13].wasm.swam.txt,21900
[0-10][1-1][2-11].wasm.swam.txt,[0-10][1-6].wasm.swam.txt,11400
[0-10][1-1][2-15].wasm.swam.txt,[0-10][1-2].wasm.~1~.swam.txt,161
[0-10][1-1][2-15].wasm.swam.txt,[0-10][1-1][2-2].wasm.~1~.swam.txt,32921
[0-10][1-1][2-15].wasm.swam.txt,[0-13].wasm.swam.txt,40685
[0-10][1-1][2-15].wasm.swam.txt,[0-11].wasm.swam.txt,40685
[0-10][1-1][2-15].wasm.swam.txt,[0-13][1-1][2-11].wasm.swam.txt,28922
[0-10][1-1][2-15].wasm.swam.txt,[0-10][1-6].wasm.swam.txt,31985
[0-10][1-1][2-2].wasm.~1~.swam.txt,[0-10][1-1][2-6].wasm.~1~.swam.txt,11720
[0-10][1-1][2-15].wasm.swam.txt,[0-12][1-1][2-11].wasm.swam.txt,28644
[0-10][1-1][2-15].wasm.swam.txt,[0-16].wasm.swam.txt,67
[0-10][1-1][2-15].wasm.swam.txt,[0-15].wasm.swam.txt,1675
[0-10][1-1][2-15].wasm.swam.txt,[0-2][1-1][2-11].wasm.swam.txt,10274
[0-10][1-1][2-2].wasm.~1~.swam.txt,[0-10][1-2].wasm.~1~.swam.txt,25897
[0-10][1-1][2-15].wasm.swam.txt,[0-10][1-1][2-8].wasm.swam.txt,25900
[0-10][1-1][2-2].wasm.~1~.swam.txt,[0-11].wasm.swam.txt,25900
[0-10][1-1][2-2].wasm.~1~.swam.txt,[0-12][1-1][2-11].wasm.swam.txt,1845
[0-10][1-1][2-2].wasm.~1~.swam.txt,[0-10][1-1][2-8].wasm.swam.txt,42847
[0-10][1-1][2-2].wasm.~1~.swam.txt,[0-13].wasm.swam.txt,13436
[0-10][1-1][2-2].wasm.~1~.swam.txt,[0-16].wasm.swam.txt,13489
[0-10][1-1][2-6].wasm.~1~.swam.txt,[0-10][1-1][2-8].wasm.swam.txt,13282
[0-10][1-1][2-2].wasm.~1~.swam.txt,[0-13][1-1][2-11].wasm.swam.txt,7465
[0-10][1-1][2-2].wasm.~1~.swam.txt,[0-15].wasm.swam.txt,83285
[0-10][1-1][2-2].wasm.~1~.swam.txt,[0-2][1-1][2-11].wasm.swam.txt,52333
[0-10][1-1][2-6].wasm.~1~.swam.txt,[0-10][1-6].wasm.swam.txt,28319
[0-10][1-1][2-6].wasm.~1~.swam.txt,[0-12][1-1][2-11].wasm.swam.txt,22703
[0-10][1-1][2-6].wasm.~1~.swam.txt,[0-15].wasm.swam.txt,46592
[0-10][1-1][2-6].wasm.~1~.swam.txt,[0-16].wasm.swam.txt,58988
[0-10][1-1][2-6].wasm.~1~.swam.txt,[0-10][1-2].wasm.~1~.swam.txt,59051
[0-10][1-1][2-2].wasm.~1~.swam.txt,[0-10][1-6].wasm.swam.txt,59065
[0-10][1-1][2-6].wasm.~1~.swam.txt,[0-11].wasm.swam.txt,595
[0-10][1-1][2-6].wasm.~1~.swam.txt,[0-13][1-1][2-11].wasm.swam.txt,0
[0-10][1-1][2-8].wasm.swam.txt,[0-15].wasm.swam.txt,65605
[0-10][1-1][2-6].wasm.~1~.swam.txt,[0-2][1-1][2-11].wasm.swam.txt,41906
[0-10][1-1][2-8].wasm.swam.txt,[0-10][1-2].wasm.~1~.swam.txt,89
[0-10][1-1][2-6].wasm.~1~.swam.txt,[0-13].wasm.swam.txt,32200
[0-10][1-1][2-8].wasm.swam.txt,[0-16].wasm.swam.txt,587
[0-10][1-1][2-8].wasm.swam.txt,[0-10][1-6].wasm.swam.txt,80
[0-10][1-1][2-8].wasm.swam.txt,[0-2][1-1][2-11].wasm.swam.txt,65583
[0-10][1-1][2-8].wasm.swam.txt,[0-11].wasm.swam.txt,9178
[0-10][1-1][2-8].wasm.swam.txt,[0-12][1-1][2-11].wasm.swam.txt,811
[0-10][1-1][2-8].wasm.swam.txt,[0-13][1-1][2-11].wasm.swam.txt,15129
[0-10][1-2].wasm.~1~.swam.txt,[0-13].wasm.swam.txt,91173
[0-10][1-1][2-8].wasm.swam.txt,[0-13].wasm.swam.txt,91703
[0-10][1-2].wasm.~1~.swam.txt,[0-10][1-6].wasm.swam.txt,18914
[0-10][1-2].wasm.~1~.swam.txt,[0-15].wasm.swam.txt,18914
[0-10][1-2].wasm.~1~.swam.txt,[0-11].wasm.swam.txt,5918
[0-10][1-6].wasm.swam.txt,[0-13][1-1][2-11].wasm.swam.txt,1383
[0-10][1-2].wasm.~1~.swam.txt,[0-12][1-1][2-11].wasm.swam.txt,46128
[0-10][1-2].wasm.~1~.swam.txt,[0-13][1-1][2-11].wasm.swam.txt,50458
[0-10][1-6].wasm.swam.txt,[0-13].wasm.swam.txt,27725
[0-10][1-6].wasm.swam.txt,[0-16].wasm.swam.txt,18004
[0-10][1-2].wasm.~1~.swam.txt,[0-2][1-1][2-11].wasm.swam.txt,18025
[0-10][1-6].wasm.swam.txt,[0-2][1-1][2-11].wasm.swam.txt,25022
[0-10][1-6].wasm.swam.txt,[0-11].wasm.swam.txt,4105
[0-10][1-2].wasm.~1~.swam.txt,[0-16].wasm.swam.txt,105
[0-10][1-6].wasm.swam.txt,[0-15].wasm.swam.txt,41730
[0-10][1-6].wasm.swam.txt,[0-12][1-1][2-11].wasm.swam.txt,14144
[0-11].wasm.swam.txt,[0-15].wasm.swam.txt,1638
[0-11].wasm.swam.txt,[0-16].wasm.swam.txt,36811
[0-11].wasm.swam.txt,[0-13][1-1][2-11].wasm.swam.txt,39355
[0-11].wasm.swam.txt,[0-13].wasm.swam.txt,9828
[0-11].wasm.swam.txt,[0-2][1-1][2-11].wasm.swam.txt,164
[0-11].wasm.swam.txt,[0-12][1-1][2-11].wasm.swam.txt,34232
[0-12][1-1][2-11].wasm.swam.txt,[0-13].wasm.swam.txt,5184
[0-12][1-1][2-11].wasm.swam.txt,[0-15].wasm.swam.txt,101
[0-12][1-1][2-11].wasm.swam.txt,[0-16].wasm.swam.txt,64325
[0-12][1-1][2-11].wasm.swam.txt,[0-13][1-1][2-11].wasm.swam.txt,57538
[0-12][1-1][2-11].wasm.swam.txt,[0-2][1-1][2-11].wasm.swam.txt,50
[0-13].wasm.swam.txt,[0-13][1-1][2-11].wasm.swam.txt,81
[0-13].wasm.swam.txt,[0-16].wasm.swam.txt,110
[0-13].wasm.swam.txt,[0-15].wasm.swam.txt,10
[0-13].wasm.swam.txt,[0-2][1-1][2-11].wasm.swam.txt,208
[0-13][1-1][2-11].wasm.swam.txt,[0-2][1-1][2-11].wasm.swam.txt,184
[0-13][1-1][2-11].wasm.swam.txt,[0-16].wasm.swam.txt,0
[0-15].wasm.swam.txt,[0-16].wasm.swam.txt,0
[0-15].wasm.swam.txt,[0-2][1-1][2-11].wasm.swam.txt,29590
[0-13][1-1][2-11].wasm.swam.txt,[0-15].wasm.swam.txt,29590
[0-16].wasm.swam.txt,[0-2][1-1][2-11].wasm.swam.txt,255
