t1,t2,diff
[0-1][1-4].wasm.swam.txt,[10-1].wasm.~1~.swam.txt,32
[0-1][2-1].wasm.swam.txt,[0-1][2-1][6-1].wasm.swam.txt,0
[0-1][1-4].wasm.swam.txt,[14-2].wasm.swam.txt,0
[0-1][2-1].wasm.swam.txt,[10-1].wasm.~1~.swam.txt,147
[0-1][1-4].wasm.swam.txt,[10-1][14-1][15-1].wasm.swam.txt,175
[0-1][2-1].wasm.swam.txt,[0-1][2-1][5-1].wasm.swam.txt,10
[0-1][2-1][5-1].wasm.swam.txt,[0-1][2-1][6-1].wasm.swam.txt,92196
[0-1][2-1][6-1].wasm.swam.txt,[10-1].wasm.~1~.swam.txt,1570
[0-1][2-1][6-1].wasm.swam.txt,[0-1][2-1][6-3].wasm.swam.txt,79609
[0-1][2-1].wasm.swam.txt,[0-1][2-1][6-3].wasm.swam.txt,98351
[10-1][14-1][15-1].wasm.swam.txt,[14-2].wasm.swam.txt,0
[10-1].wasm.~1~.swam.txt,[14-2].wasm.swam.txt,107391
[10-1].wasm.~1~.swam.txt,[10-1][14-1][15-1].wasm.swam.txt,138013
[0-1][1-4].wasm.swam.txt,[0-1][2-1][6-3].wasm.swam.txt,138016
[0-1][2-1][5-1].wasm.swam.txt,[0-1][2-1][6-3].wasm.swam.txt,159299
[0-1][1-4].wasm.swam.txt,[0-1][2-1][5-1].wasm.swam.txt,75776
[0-1][2-1][6-1].wasm.swam.txt,[14-2].wasm.swam.txt,189097
[0-1][1-4].wasm.swam.txt,[0-1][2-1].wasm.swam.txt,182890
[0-1][2-1].wasm.swam.txt,[14-2].wasm.swam.txt,177460
[0-1][2-1].wasm.swam.txt,[10-1][14-1][15-1].wasm.swam.txt,130956
[0-1][2-1][6-1].wasm.swam.txt,[10-1][14-1][15-1].wasm.swam.txt,139313
[0-1][1-4].wasm.swam.txt,[0-1][2-1][6-1].wasm.swam.txt,115162
[0-1][2-1][6-3].wasm.swam.txt,[14-2].wasm.swam.txt,111332
[0-1][2-1][5-1].wasm.swam.txt,[10-1][14-1][15-1].wasm.swam.txt,113661
[0-1][2-1][5-1].wasm.swam.txt,[10-1].wasm.~1~.swam.txt,113913
[0-1][2-1][5-1].wasm.swam.txt,[14-2].wasm.swam.txt,112734
[0-1][2-1][6-3].wasm.swam.txt,[10-1][14-1][15-1].wasm.swam.txt,120648
[0-1][2-1][6-3].wasm.swam.txt,[10-1].wasm.~1~.swam.txt,122294
