t1,t2,diff
[0-1][13-1].wasm.swam.txt,[0-1][13-1][28-1].wasm.swam.txt,698
[0-1][13-1].wasm.swam.txt,[0-1][13-1][28-1][47-1].wasm.swam.txt,5728
[0-1][13-1][28-1].wasm.swam.txt,[0-1][13-1][28-1][47-1].wasm.swam.txt,3609
[0-1][13-1][28-1].wasm.swam.txt,[0-1][13-1][47-1].wasm.swam.txt,5199
[0-1][13-1][28-1][47-1].wasm.swam.txt,[0-1][13-1][47-1].wasm.swam.txt,198514
[0-1][2-1][28-1][47-1].wasm.swam.txt,[0-1][2-1][47-1].wasm.swam.txt,468514
[0-1][2-1][28-1].wasm.swam.txt,[0-1][2-1][28-1][47-1].wasm.swam.txt,372175
[0-1][13-1][28-1].wasm.swam.txt,[0-1][2-1][28-1][47-1].wasm.swam.txt,61230
[0-1][2-1][28-1].wasm.swam.txt,[0-1][2-1][47-1].wasm.swam.txt,547161
[0-1][13-1].wasm.swam.txt,[0-1][2-1][47-1].wasm.swam.txt,1651326
[0-1][13-1].wasm.swam.txt,[0-1][2-1][28-1][47-1].wasm.swam.txt,103119
[0-1][13-1][28-1][47-1].wasm.swam.txt,[0-1][2-1][47-1].wasm.swam.txt,501223
[0-1][13-1][47-1].wasm.swam.txt,[0-1][2-1][28-1].wasm.swam.txt,72117
[0-1][13-1][28-1].wasm.swam.txt,[0-1][2-1][47-1].wasm.swam.txt,72149
[0-1][13-1][28-1][47-1].wasm.swam.txt,[0-1][2-1][28-1][47-1].wasm.swam.txt,72255
[0-1][13-1].wasm.swam.txt,[0-1][2-1][28-1].wasm.swam.txt,74886
[0-1][13-1][28-1][47-1].wasm.swam.txt,[0-1][2-1][28-1].wasm.swam.txt,74841
[0-1][13-1][47-1].wasm.swam.txt,[0-1][2-1][47-1].wasm.swam.txt,72326
[0-1][13-1][47-1].wasm.swam.txt,[0-1][2-1][28-1][47-1].wasm.swam.txt,72491
[0-1][13-1][28-1].wasm.swam.txt,[0-1][2-1][28-1].wasm.swam.txt,2521063
[0-1][13-1].wasm.swam.txt,[0-1][13-1][47-1].wasm.swam.txt,2262206
