t1,t2,diff
[0-10][1-1][2-11].wasm.~1~.swam.txt,[0-10][1-1][2-12].wasm.swam.txt,245
[0-0].wasm.swam.txt,[0-10][1-1][2-1].wasm.swam.txt,45
[0-0].wasm.swam.txt,[0-10][1-1][2-7].wasm.swam.txt,121
[0-0].wasm.swam.txt,[0-1][1-15].wasm.swam.txt,309
[0-0].wasm.swam.txt,[0-11].wasm.swam.txt,288
[0-0].wasm.swam.txt,[0-14].wasm.swam.txt,258
[0-0].wasm.swam.txt,[0-3].wasm.swam.txt,23
[0-0].wasm.swam.txt,[0-10][1-1][2-3].wasm.swam.txt,146
[0-0].wasm.swam.txt,[0-13].wasm.swam.txt,139
[0-0].wasm.swam.txt,[0-1][1-8].wasm.swam.txt,186
[0-0].wasm.swam.txt,[0-5].wasm.swam.txt,450
[0-10][1-1][2-11].wasm.~1~.swam.txt,[0-10][1-1][2-15].wasm.swam.txt,450
[0-10][1-1][2-11].wasm.~1~.swam.txt,[0-10][1-1][2-1].wasm.~1~.swam.txt,168
[0-10][1-1][2-11].wasm.~1~.swam.txt,[0-11].wasm.~1~.swam.txt,948
[0-10][1-1][2-11].wasm.~1~.swam.txt,[0-1].wasm.~1~.swam.txt,904
[0-10][1-1][2-12].wasm.swam.txt,[0-10][1-1][2-3].wasm.swam.txt,61543
[0-10][1-1][2-12].wasm.swam.txt,[0-1].wasm.~1~.swam.txt,113
[0-10][1-1][2-15].wasm.swam.txt,[0-10][1-1][2-1].wasm.~1~.swam.txt,52
[0-0].wasm.swam.txt,[0-10][1-1][2-11].wasm.~1~.swam.txt,115852
[0-0].wasm.swam.txt,[0-10][1-1][2-1].wasm.~1~.swam.txt,154573
[0-0].wasm.swam.txt,[0-10][1-1][2-15].wasm.swam.txt,178071
[0-0].wasm.swam.txt,[0-1].wasm.~1~.swam.txt,24821
[0-10][1-1][2-15].wasm.swam.txt,[0-10][1-1][2-1].wasm.swam.txt,2555
[0-0].wasm.swam.txt,[0-10][1-1][2-12].wasm.swam.txt,133374
[0-10][1-1][2-11].wasm.~1~.swam.txt,[0-13].wasm.swam.txt,297
[0-10][1-1][2-15].wasm.swam.txt,[0-11].wasm.swam.txt,106827
[0-10][1-1][2-11].wasm.~1~.swam.txt,[0-3].wasm.swam.txt,23710
[0-0].wasm.swam.txt,[0-11].wasm.~1~.swam.txt,105802
[0-10][1-1][2-11].wasm.~1~.swam.txt,[0-11].wasm.swam.txt,23017
[0-10][1-1][2-11].wasm.~1~.swam.txt,[0-10][1-1][2-7].wasm.swam.txt,41816
[0-10][1-1][2-11].wasm.~1~.swam.txt,[0-10][1-1][2-1].wasm.swam.txt,46586
[0-10][1-1][2-11].wasm.~1~.swam.txt,[0-1][1-15].wasm.swam.txt,46475
[0-10][1-1][2-12].wasm.swam.txt,[0-10][1-1][2-1].wasm.~1~.swam.txt,116807
[0-10][1-1][2-15].wasm.swam.txt,[0-13].wasm.swam.txt,150642
[0-10][1-1][2-11].wasm.~1~.swam.txt,[0-1][1-8].wasm.swam.txt,145991
[0-10][1-1][2-11].wasm.~1~.swam.txt,[0-10][1-1][2-3].wasm.swam.txt,154681
[0-10][1-1][2-11].wasm.~1~.swam.txt,[0-5].wasm.swam.txt,153986
[0-10][1-1][2-11].wasm.~1~.swam.txt,[0-14].wasm.swam.txt,161202
[0-10][1-1][2-15].wasm.swam.txt,[0-14].wasm.swam.txt,129005
[0-10][1-1][2-12].wasm.swam.txt,[0-10][1-1][2-15].wasm.swam.txt,223744
[0-10][1-1][2-12].wasm.swam.txt,[0-13].wasm.swam.txt,75675
[0-10][1-1][2-15].wasm.swam.txt,[0-10][1-1][2-3].wasm.swam.txt,25336
[0-10][1-1][2-12].wasm.swam.txt,[0-11].wasm.~1~.swam.txt,10200
[0-10][1-1][2-12].wasm.swam.txt,[0-11].wasm.swam.txt,93084
[0-10][1-1][2-12].wasm.swam.txt,[0-1][1-8].wasm.swam.txt,173275
[0-10][1-1][2-12].wasm.swam.txt,[0-1][1-15].wasm.swam.txt,296416
[0-10][1-1][2-1].wasm.swam.txt,[0-10][1-1][2-1].wasm.~1~.swam.txt,118911
[0-10][1-1][2-12].wasm.swam.txt,[0-14].wasm.swam.txt,154607
[0-10][1-1][2-12].wasm.swam.txt,[0-10][1-1][2-1].wasm.swam.txt,171252
[0-10][1-1][2-15].wasm.swam.txt,[0-10][1-1][2-7].wasm.swam.txt,194210
[0-10][1-1][2-12].wasm.swam.txt,[0-3].wasm.swam.txt,189965
[0-10][1-1][2-12].wasm.swam.txt,[0-5].wasm.swam.txt,124878
[0-10][1-1][2-15].wasm.swam.txt,[0-11].wasm.~1~.swam.txt,121477
[0-10][1-1][2-15].wasm.swam.txt,[0-1].wasm.~1~.swam.txt,10542
[0-10][1-1][2-1].wasm.swam.txt,[0-1][1-8].wasm.swam.txt,26999
[0-10][1-1][2-3].wasm.swam.txt,[0-10][1-1][2-7].wasm.swam.txt,5522
[0-10][1-1][2-1].wasm.swam.txt,[0-11].wasm.swam.txt,898
[0-10][1-1][2-1].wasm.swam.txt,[0-3].wasm.swam.txt,903
[0-10][1-1][2-1].wasm.swam.txt,[0-14].wasm.swam.txt,885
[0-10][1-1][2-1].wasm.swam.txt,[0-5].wasm.swam.txt,885
[0-10][1-1][2-1].wasm.~1~.swam.txt,[0-11].wasm.~1~.swam.txt,885
[0-10][1-1][2-1].wasm.swam.txt,[0-13].wasm.swam.txt,885
[0-10][1-1][2-1].wasm.swam.txt,[0-1][1-15].wasm.swam.txt,885
[0-10][1-1][2-1].wasm.~1~.swam.txt,[0-1].wasm.~1~.swam.txt,0
[0-10][1-1][2-7].wasm.swam.txt,[0-11].wasm.~1~.swam.txt,81029
[0-10][1-1][2-12].wasm.swam.txt,[0-10][1-1][2-7].wasm.swam.txt,157192
[0-10][1-1][2-1].wasm.swam.txt,[0-10][1-1][2-7].wasm.swam.txt,73889
[0-10][1-1][2-3].wasm.swam.txt,[0-13].wasm.swam.txt,87607
[0-10][1-1][2-3].wasm.swam.txt,[0-1][1-15].wasm.swam.txt,371
[0-10][1-1][2-3].wasm.swam.txt,[0-14].wasm.swam.txt,145
[0-10][1-1][2-3].wasm.swam.txt,[0-11].wasm.swam.txt,43
[0-10][1-1][2-3].wasm.swam.txt,[0-5].wasm.swam.txt,205
[0-10][1-1][2-3].wasm.swam.txt,[0-3].wasm.swam.txt,205
[0-10][1-1][2-3].wasm.swam.txt,[0-1][1-8].wasm.swam.txt,205
[0-10][1-1][2-1].wasm.swam.txt,[0-10][1-1][2-3].wasm.swam.txt,12583
[0-10][1-1][2-7].wasm.swam.txt,[0-1][1-15].wasm.swam.txt,0
[0-10][1-1][2-1].wasm.~1~.swam.txt,[0-10][1-1][2-7].wasm.swam.txt,39575
[0-10][1-1][2-15].wasm.swam.txt,[0-1][1-15].wasm.swam.txt,107810
[0-10][1-1][2-7].wasm.swam.txt,[0-1][1-8].wasm.swam.txt,88542
[0-10][1-1][2-7].wasm.swam.txt,[0-13].wasm.swam.txt,32632
[0-10][1-1][2-7].wasm.swam.txt,[0-3].wasm.swam.txt,55359
[0-10][1-1][2-7].wasm.swam.txt,[0-5].wasm.swam.txt,70027
[0-10][1-1][2-15].wasm.swam.txt,[0-1][1-8].wasm.swam.txt,69003
[0-10][1-1][2-1].wasm.~1~.swam.txt,[0-5].wasm.swam.txt,62418
[0-10][1-1][2-1].wasm.~1~.swam.txt,[0-1][1-8].wasm.swam.txt,80355
[0-10][1-1][2-1].wasm.~1~.swam.txt,[0-3].wasm.swam.txt,3254
[0-10][1-1][2-1].wasm.~1~.swam.txt,[0-13].wasm.swam.txt,50905
[0-10][1-1][2-1].wasm.~1~.swam.txt,[0-14].wasm.swam.txt,23753
[0-10][1-1][2-7].wasm.swam.txt,[0-11].wasm.swam.txt,43620
[0-11].wasm.swam.txt,[0-1][1-8].wasm.swam.txt,49535
[0-11].wasm.swam.txt,[0-3].wasm.swam.txt,37692
[0-11].wasm.swam.txt,[0-5].wasm.swam.txt,113506
[0-10][1-1][2-15].wasm.swam.txt,[0-3].wasm.swam.txt,0
[0-10][1-1][2-15].wasm.swam.txt,[0-5].wasm.swam.txt,
[0-10][1-1][2-1].wasm.swam.txt,[0-11].wasm.~1~.swam.txt,86178
[0-10][1-1][2-1].wasm.~1~.swam.txt,[0-1][1-15].wasm.swam.txt,44452
[0-10][1-1][2-1].wasm.swam.txt,[0-1].wasm.~1~.swam.txt,18278
[0-10][1-1][2-1].wasm.~1~.swam.txt,[0-11].wasm.swam.txt,321
[0-11].wasm.swam.txt,[0-13].wasm.swam.txt,11340
[0-10][1-1][2-3].wasm.swam.txt,[0-11].wasm.~1~.swam.txt,21229
[0-10][1-1][2-1].wasm.~1~.swam.txt,[0-10][1-1][2-3].wasm.swam.txt,35080
[0-11].wasm.~1~.swam.txt,[0-1].wasm.~1~.swam.txt,62565
[0-11].wasm.swam.txt,[0-1][1-15].wasm.swam.txt,86995
[0-13].wasm.swam.txt,[0-14].wasm.swam.txt,10711
[0-10][1-1][2-3].wasm.swam.txt,[0-1].wasm.~1~.swam.txt,2102
[0-10][1-1][2-7].wasm.swam.txt,[0-14].wasm.swam.txt,40
[0-13].wasm.swam.txt,[0-1][1-15].wasm.swam.txt,152
[0-13].wasm.swam.txt,[0-1][1-8].wasm.swam.txt,230
[0-13].wasm.swam.txt,[0-3].wasm.swam.txt,2995
[0-13].wasm.swam.txt,[0-5].wasm.swam.txt,110881
[0-14].wasm.swam.txt,[0-1][1-15].wasm.swam.txt,157386
[0-14].wasm.swam.txt,[0-1].wasm.~1~.swam.txt,13462
[0-11].wasm.swam.txt,[0-14].wasm.swam.txt,13637
[0-14].wasm.swam.txt,[0-1][1-8].wasm.swam.txt,285
[0-14].wasm.swam.txt,[0-3].wasm.swam.txt,98
[0-14].wasm.swam.txt,[0-5].wasm.swam.txt,98
[0-11].wasm.swam.txt,[0-1].wasm.~1~.swam.txt,34669
[0-1][1-8].wasm.swam.txt,[0-3].wasm.swam.txt,73060
[0-1][1-8].wasm.swam.txt,[0-5].wasm.swam.txt,233573
[0-3].wasm.swam.txt,[0-5].wasm.swam.txt,237680
[0-13].wasm.swam.txt,[0-1].wasm.~1~.swam.txt,206546
[0-10][1-1][2-7].wasm.swam.txt,[0-1].wasm.~1~.swam.txt,188844
[0-11].wasm.~1~.swam.txt,[0-1][1-8].wasm.swam.txt,139580
[0-11].wasm.~1~.swam.txt,[0-14].wasm.swam.txt,105689
[0-11].wasm.~1~.swam.txt,[0-3].wasm.swam.txt,142115
[0-1][1-15].wasm.swam.txt,[0-1][1-8].wasm.swam.txt,152472
[0-11].wasm.~1~.swam.txt,[0-5].wasm.swam.txt,162467
[0-11].wasm.~1~.swam.txt,[0-1][1-15].wasm.swam.txt,189067
[0-1][1-15].wasm.swam.txt,[0-3].wasm.swam.txt,147497
[0-11].wasm.~1~.swam.txt,[0-13].wasm.swam.txt,122841
[0-1][1-15].wasm.swam.txt,[0-5].wasm.swam.txt,111465
[0-1].wasm.~1~.swam.txt,[0-1][1-8].wasm.swam.txt,130160
[0-1].wasm.~1~.swam.txt,[0-5].wasm.swam.txt,124664
[0-1].wasm.~1~.swam.txt,[0-1][1-15].wasm.swam.txt,126510
[0-1].wasm.~1~.swam.txt,[0-3].wasm.swam.txt,126515
[0-11].wasm.swam.txt,[0-11].wasm.~1~.swam.txt,196600
