t1,t2,diff
[0-4].wasm.swam.txt,[1-10].wasm.swam.txt,16291
[0-4].wasm.swam.txt,[14-1][40-1][47-1][52-1].wasm.swam.txt,0
[0-4].wasm.swam.txt,[25-1][40-1][47-1].wasm.swam.txt,0
[0-4].wasm.swam.txt,[5-10].wasm.swam.txt,28743
[0-4].wasm.swam.txt,[5-14].wasm.swam.txt,22
[0-4].wasm.swam.txt,[7-1][8-1].wasm.swam.txt,75369
[0-4].wasm.swam.txt,[14-1][40-1][52-1].wasm.swam.txt,21924
[0-4].wasm.swam.txt,[7-1][8-9].wasm.swam.txt,0
[0-4].wasm.swam.txt,[8-16].wasm.swam.txt,150385
[0-4].wasm.swam.txt,[8-13].wasm.swam.txt,105085
[0-9].wasm.swam.txt,[1-10].wasm.swam.txt,100427
[0-9].wasm.swam.txt,[1-15].wasm.swam.txt,14171
[0-9].wasm.swam.txt,[1-9].wasm.swam.txt,14528
[0-4].wasm.swam.txt,[5-2].wasm.swam.txt,0
[0-4].wasm.swam.txt,[5-9].wasm.swam.txt,0
[0-9].wasm.swam.txt,[14-1][40-1][52-1].wasm.swam.txt,111407
[0-4].wasm.swam.txt,[1-9].wasm.swam.txt,4991
[0-4].wasm.swam.txt,[1-15].wasm.swam.txt,3309
[0-9].wasm.swam.txt,[3-8].wasm.swam.txt,172630
[0-9].wasm.swam.txt,[5-10].wasm.swam.txt,136531
[0-9].wasm.swam.txt,[3-2].wasm.swam.txt,207103
[0-4].wasm.swam.txt,[3-1].wasm.~1~.swam.txt,5243
[0-9].wasm.swam.txt,[3-9].wasm.swam.txt,189002
[0-9].wasm.swam.txt,[5-14].wasm.swam.txt,0
[0-9].wasm.swam.txt,[5-2].wasm.swam.txt,196742
[0-9].wasm.swam.txt,[14-1][40-1][47-1][52-1].wasm.swam.txt,114619
[0-9].wasm.swam.txt,[5-11].wasm.swam.txt,82821
[0-9].wasm.swam.txt,[7-1][8-11].wasm.swam.txt,54711
[0-9].wasm.swam.txt,[5-9].wasm.swam.txt,9216
[0-9].wasm.swam.txt,[14-1].wasm.swam.txt,120951
[0-9].wasm.swam.txt,[7-1][8-1].wasm.swam.txt,1347
[0-9].wasm.swam.txt,[7-1][8-6].wasm.swam.txt,672
[0-4].wasm.swam.txt,[5-11].wasm.swam.txt,37252
[0-9].wasm.swam.txt,[8-16].wasm.swam.txt,67151
[0-9].wasm.swam.txt,[8-13].wasm.swam.txt,80448
[0-9].wasm.swam.txt,[7-1][8-2].wasm.swam.txt,28735
[0-9].wasm.swam.txt,[14-1][25-1].wasm.swam.txt,156822
[0-4].wasm.swam.txt,[14-1][25-1][47-1].wasm.swam.txt,225939
[0-4].wasm.swam.txt,[14-1][25-1][47-1][52-1].wasm.swam.txt,34335
[0-9].wasm.swam.txt,[14-1][25-1][47-1][52-1].wasm.swam.txt,87207
[0-4].wasm.swam.txt,[3-2].wasm.swam.txt,37175
[0-4].wasm.swam.txt,[14-1][25-1][40-1][52-1].wasm.swam.txt,75493
[0-4].wasm.swam.txt,[7-1][8-2].wasm.swam.txt,9770
[0-4].wasm.swam.txt,[3-9].wasm.swam.txt,103499
[1-10].wasm.swam.txt,[1-13].wasm.swam.txt,26558
[0-4].wasm.swam.txt,[7-1][8-11].wasm.swam.txt,233469
[1-10].wasm.swam.txt,[1-9].wasm.swam.txt,187495
[0-4].wasm.swam.txt,[7-1][8-6].wasm.swam.txt,0
[0-4].wasm.swam.txt,[0-9].wasm.swam.txt,12401
[1-10].wasm.swam.txt,[25-1][40-1][47-1][52-1].wasm.swam.txt,0
[1-10].wasm.swam.txt,[14-1][25-1][47-1][52-1].wasm.swam.txt,15945
[1-10].wasm.swam.txt,[3-8].wasm.swam.txt,0
[1-10].wasm.swam.txt,[5-10].wasm.swam.txt,233647
[1-10].wasm.swam.txt,[5-14].wasm.swam.txt,265941
[0-4].wasm.swam.txt,[3-1][30-1][43-1][44-1][52-1].wasm.swam.txt,35848
[1-10].wasm.swam.txt,[3-9].wasm.swam.txt,42641
[0-4].wasm.swam.txt,[14-1][25-1].wasm.swam.txt,39307
[0-4].wasm.swam.txt,[14-1].wasm.swam.txt,13262
[0-9].wasm.swam.txt,[1-13].wasm.swam.txt,154270
[1-10].wasm.swam.txt,[5-11].wasm.swam.txt,12874
[0-9].wasm.swam.txt,[14-1][25-1][47-1].wasm.swam.txt,169132
[0-9].wasm.swam.txt,[25-1][40-1][47-1][52-1].wasm.swam.txt,10022
[0-4].wasm.swam.txt,[1-13].wasm.swam.txt,21788
[0-9].wasm.swam.txt,[25-1][40-1][47-1].wasm.swam.txt,30770
[1-10].wasm.swam.txt,[7-1][8-2].wasm.swam.txt,2918
[1-10].wasm.swam.txt,[7-1][8-6].wasm.swam.txt,3036
[1-10].wasm.swam.txt,[8-16].wasm.swam.txt,133123
[1-10].wasm.swam.txt,[8-13].wasm.swam.txt,178650
[1-10].wasm.swam.txt,[7-1][8-9].wasm.swam.txt,189499
[0-4].wasm.swam.txt,[3-8].wasm.swam.txt,25390
[0-9].wasm.swam.txt,[3-1].wasm.~1~.swam.txt,0
[1-10].wasm.swam.txt,[1-15].wasm.swam.txt,37505
[0-4].wasm.swam.txt,[25-1][40-1][47-1][52-1].wasm.swam.txt,4064
[1-13].wasm.swam.txt,[1-9].wasm.swam.txt,154317
[1-10].wasm.swam.txt,[5-2].wasm.swam.txt,121324
[1-13].wasm.swam.txt,[1-15].wasm.swam.txt,124784
[0-9].wasm.swam.txt,[14-1][25-1][40-1][52-1].wasm.swam.txt,21170
[1-13].wasm.swam.txt,[5-11].wasm.swam.txt,147797
[1-10].wasm.swam.txt,[25-1][40-1][47-1].wasm.swam.txt,14713
[1-10].wasm.swam.txt,[3-1].wasm.~1~.swam.txt,12532
[1-13].wasm.swam.txt,[3-8].wasm.swam.txt,107929
[0-9].wasm.swam.txt,[7-1][8-9].wasm.swam.txt,150698
[1-13].wasm.swam.txt,[3-2].wasm.swam.txt,28620
[1-13].wasm.swam.txt,[5-14].wasm.swam.txt,150517
[1-13].wasm.swam.txt,[5-10].wasm.swam.txt,146802
[0-9].wasm.swam.txt,[3-1][30-1][43-1][44-1][52-1].wasm.swam.txt,12590
[1-13].wasm.swam.txt,[3-9].wasm.swam.txt,51290
[1-13].wasm.swam.txt,[7-1][8-11].wasm.swam.txt,1827
[1-13].wasm.swam.txt,[5-2].wasm.swam.txt,1827
[1-10].wasm.swam.txt,[5-9].wasm.swam.txt,12
[1-13].wasm.swam.txt,[7-1][8-6].wasm.swam.txt,578
[1-13].wasm.swam.txt,[7-1][8-2].wasm.swam.txt,422
[1-13].wasm.swam.txt,[8-16].wasm.swam.txt,294583
[1-15].wasm.swam.txt,[1-9].wasm.swam.txt,296252
[1-13].wasm.swam.txt,[7-1][8-9].wasm.swam.txt,296264
[1-13].wasm.swam.txt,[8-13].wasm.swam.txt,297705
[1-15].wasm.swam.txt,[14-1].wasm.swam.txt,299557
[1-10].wasm.swam.txt,[7-1][8-11].wasm.swam.txt,299572
[1-13].wasm.swam.txt,[5-9].wasm.swam.txt,327408
[1-10].wasm.swam.txt,[14-1][40-1][47-1][52-1].wasm.swam.txt,299255
[1-13].wasm.swam.txt,[3-1].wasm.~1~.swam.txt,293604
[1-13].wasm.swam.txt,[14-1].wasm.swam.txt,295600
[1-13].wasm.swam.txt,[25-1][40-1][47-1][52-1].wasm.swam.txt,295186
[1-13].wasm.swam.txt,[7-1][8-1].wasm.swam.txt,294276
[1-10].wasm.swam.txt,[14-1][40-1][52-1].wasm.swam.txt,30969
[1-9].wasm.swam.txt,[14-1][25-1][40-1][52-1].wasm.swam.txt,273049
[1-10].wasm.swam.txt,[7-1][8-1].wasm.swam.txt,273024
[1-9].wasm.swam.txt,[14-1][40-1][52-1].wasm.swam.txt,273024
[1-9].wasm.swam.txt,[14-1][25-1][47-1][52-1].wasm.swam.txt,273024
[1-9].wasm.swam.txt,[25-1][40-1][47-1].wasm.swam.txt,273024
[1-9].wasm.swam.txt,[3-1].wasm.~1~.swam.txt,273024
[1-9].wasm.swam.txt,[25-1][40-1][47-1][52-1].wasm.swam.txt,273024
[1-13].wasm.swam.txt,[3-1][30-1][43-1][44-1][52-1].wasm.swam.txt,224904
[1-15].wasm.swam.txt,[14-1][25-1].wasm.swam.txt,221462
[1-9].wasm.swam.txt,[14-1].wasm.swam.txt,231217
[1-13].wasm.swam.txt,[14-1][25-1].wasm.swam.txt,78221
[1-10].wasm.swam.txt,[14-1].wasm.swam.txt,57246
[1-10].wasm.swam.txt,[3-1][30-1][43-1][44-1][52-1].wasm.swam.txt,57762
[1-15].wasm.swam.txt,[7-1][8-2].wasm.swam.txt,48670
[1-10].wasm.swam.txt,[14-1][25-1][40-1][52-1].wasm.swam.txt,48009
[1-15].wasm.swam.txt,[7-1][8-6].wasm.swam.txt,62567
[1-15].wasm.swam.txt,[5-9].wasm.swam.txt,79810
[1-15].wasm.swam.txt,[3-8].wasm.swam.txt,74866
[1-15].wasm.swam.txt,[5-14].wasm.swam.txt,94853
[1-15].wasm.swam.txt,[5-2].wasm.swam.txt,33040
[1-15].wasm.swam.txt,[3-2].wasm.swam.txt,34608
[1-15].wasm.swam.txt,[8-16].wasm.swam.txt,32805
[1-13].wasm.swam.txt,[14-1][25-1][40-1][52-1].wasm.swam.txt,3118
[1-15].wasm.swam.txt,[5-11].wasm.swam.txt,41536
[1-15].wasm.swam.txt,[8-13].wasm.swam.txt,0
[1-15].wasm.swam.txt,[7-1][8-1].wasm.swam.txt,0
[1-10].wasm.swam.txt,[14-1][25-1].wasm.swam.txt,66844
[1-10].wasm.swam.txt,[14-1][25-1][47-1].wasm.swam.txt,164040
[1-15].wasm.swam.txt,[7-1][8-9].wasm.swam.txt,16706
[1-15].wasm.swam.txt,[5-10].wasm.swam.txt,15422
[1-15].wasm.swam.txt,[3-9].wasm.swam.txt,27056
[1-13].wasm.swam.txt,[14-1][40-1][52-1].wasm.swam.txt,176539
[1-10].wasm.swam.txt,[3-2].wasm.swam.txt,43660
[1-15].wasm.swam.txt,[7-1][8-11].wasm.swam.txt,80
[14-1].wasm.swam.txt,[14-1][25-1][40-1][52-1].wasm.swam.txt,1072
[1-13].wasm.swam.txt,[14-1][25-1][47-1][52-1].wasm.swam.txt,97432
[1-9].wasm.swam.txt,[5-9].wasm.swam.txt,68603
[1-9].wasm.swam.txt,[5-11].wasm.swam.txt,39270
[1-9].wasm.swam.txt,[3-8].wasm.swam.txt,47312
[1-9].wasm.swam.txt,[8-16].wasm.swam.txt,43815
[1-9].wasm.swam.txt,[5-14].wasm.swam.txt,49656
[1-9].wasm.swam.txt,[7-1][8-6].wasm.swam.txt,92950
[1-9].wasm.swam.txt,[3-2].wasm.swam.txt,47060
[1-9].wasm.swam.txt,[7-1][8-1].wasm.swam.txt,52698
[1-9].wasm.swam.txt,[7-1][8-2].wasm.swam.txt,53230
[1-13].wasm.swam.txt,[14-1][25-1][47-1].wasm.swam.txt,65424
[1-9].wasm.swam.txt,[8-13].wasm.swam.txt,84957
[1-9].wasm.swam.txt,[5-10].wasm.swam.txt,90803
[1-9].wasm.swam.txt,[5-2].wasm.swam.txt,79088
[1-13].wasm.swam.txt,[14-1][40-1][47-1][52-1].wasm.swam.txt,48058
[1-9].wasm.swam.txt,[7-1][8-9].wasm.swam.txt,47838
[1-9].wasm.swam.txt,[3-9].wasm.swam.txt,14
[14-1].wasm.swam.txt,[25-1][40-1][47-1][52-1].wasm.swam.txt,0
[14-1].wasm.swam.txt,[3-1][30-1][43-1][44-1][52-1].wasm.swam.txt,16101
[14-1].wasm.swam.txt,[14-1][25-1][47-1].wasm.swam.txt,31518
[14-1].wasm.swam.txt,[25-1][40-1][47-1].wasm.swam.txt,25563
[14-1].wasm.swam.txt,[14-1][40-1][52-1].wasm.swam.txt,31791
[14-1][25-1].wasm.swam.txt,[14-1][25-1][47-1].wasm.swam.txt,11010
[14-1].wasm.swam.txt,[3-1].wasm.~1~.swam.txt,11010
[14-1].wasm.swam.txt,[14-1][40-1][47-1][52-1].wasm.swam.txt,11010
[14-1].wasm.swam.txt,[14-1][25-1][47-1][52-1].wasm.swam.txt,11010
[1-9].wasm.swam.txt,[7-1][8-11].wasm.swam.txt,333344
[1-13].wasm.swam.txt,[25-1][40-1][47-1].wasm.swam.txt,314152
[14-1][25-1].wasm.swam.txt,[14-1][25-1][47-1][52-1].wasm.swam.txt,4721
[14-1][25-1][40-1][52-1].wasm.swam.txt,[14-1][25-1][47-1][52-1].wasm.swam.txt,6
[14-1].wasm.swam.txt,[14-1][25-1].wasm.swam.txt,1522
[14-1][25-1].wasm.swam.txt,[25-1][40-1][47-1].wasm.swam.txt,17693
[14-1][25-1].wasm.swam.txt,[14-1][40-1][52-1].wasm.swam.txt,6913
[14-1][25-1][47-1].wasm.swam.txt,[14-1][25-1][47-1][52-1].wasm.swam.txt,109410
[1-15].wasm.swam.txt,[3-1][30-1][43-1][44-1][52-1].wasm.swam.txt,147462
[14-1][25-1].wasm.swam.txt,[3-1][30-1][43-1][44-1][52-1].wasm.swam.txt,105432
[14-1][25-1][47-1][52-1].wasm.swam.txt,[14-1][40-1][52-1].wasm.swam.txt,48051
[1-15].wasm.swam.txt,[14-1][25-1][40-1][52-1].wasm.swam.txt,111918
[14-1][25-1].wasm.swam.txt,[25-1][40-1][47-1][52-1].wasm.swam.txt,61193
[14-1][25-1].wasm.swam.txt,[7-1][8-6].wasm.swam.txt,119886
[14-1][25-1][40-1][52-1].wasm.swam.txt,[25-1][40-1][47-1].wasm.swam.txt,55469
[14-1][25-1][47-1][52-1].wasm.swam.txt,[14-1][40-1][47-1][52-1].wasm.swam.txt,126674
[14-1][25-1].wasm.swam.txt,[3-9].wasm.swam.txt,119584
[14-1][25-1][40-1][52-1].wasm.swam.txt,[3-1].wasm.~1~.swam.txt,127225
[14-1][25-1].wasm.swam.txt,[14-1][25-1][40-1][52-1].wasm.swam.txt,133730
[14-1][25-1][47-1].wasm.swam.txt,[25-1][40-1][47-1][52-1].wasm.swam.txt,113488
[14-1][25-1][40-1][52-1].wasm.swam.txt,[14-1][40-1][47-1][52-1].wasm.swam.txt,113119
[14-1][25-1][47-1].wasm.swam.txt,[3-1][30-1][43-1][44-1][52-1].wasm.swam.txt,112825
[1-15].wasm.swam.txt,[14-1][25-1][47-1][52-1].wasm.swam.txt,138147
[1-15].wasm.swam.txt,[3-1].wasm.~1~.swam.txt,137745
[14-1][25-1][47-1].wasm.swam.txt,[14-1][40-1][47-1][52-1].wasm.swam.txt,132764
[1-15].wasm.swam.txt,[14-1][40-1][52-1].wasm.swam.txt,199176
[1-15].wasm.swam.txt,[25-1][40-1][47-1].wasm.swam.txt,202077
[14-1][25-1][40-1][52-1].wasm.swam.txt,[3-1][30-1][43-1][44-1][52-1].wasm.swam.txt,200695
[14-1][25-1][47-1].wasm.swam.txt,[3-1].wasm.~1~.swam.txt,94080
[14-1][25-1][40-1][52-1].wasm.swam.txt,[14-1][40-1][52-1].wasm.swam.txt,94942
[14-1][25-1][47-1].wasm.swam.txt,[14-1][40-1][52-1].wasm.swam.txt,94940
[1-15].wasm.swam.txt,[25-1][40-1][47-1][52-1].wasm.swam.txt,143492
[14-1][25-1][40-1][52-1].wasm.swam.txt,[25-1][40-1][47-1][52-1].wasm.swam.txt,83725
[14-1][25-1][47-1].wasm.swam.txt,[25-1][40-1][47-1].wasm.swam.txt,129549
[14-1][25-1].wasm.swam.txt,[3-1].wasm.~1~.swam.txt,116858
[14-1][25-1][47-1][52-1].wasm.swam.txt,[25-1][40-1][47-1].wasm.swam.txt,322096
[1-15].wasm.swam.txt,[14-1][25-1][47-1].wasm.swam.txt,312945
[14-1].wasm.swam.txt,[7-1][8-2].wasm.swam.txt,276243
[1-9].wasm.swam.txt,[3-1][30-1][43-1][44-1][52-1].wasm.swam.txt,349817
[14-1].wasm.swam.txt,[8-16].wasm.swam.txt,304995
[14-1].wasm.swam.txt,[3-8].wasm.swam.txt,304695
[1-9].wasm.swam.txt,[14-1][25-1].wasm.swam.txt,311927
[14-1].wasm.swam.txt,[3-9].wasm.swam.txt,223451
[1-9].wasm.swam.txt,[14-1][40-1][47-1][52-1].wasm.swam.txt,228860
[1-15].wasm.swam.txt,[14-1][40-1][47-1][52-1].wasm.swam.txt,126246
[1-9].wasm.swam.txt,[14-1][25-1][47-1].wasm.swam.txt,180747
[14-1][25-1][40-1][52-1].wasm.swam.txt,[14-1][25-1][47-1].wasm.swam.txt,306530
[14-1].wasm.swam.txt,[5-2].wasm.swam.txt,310387
[14-1].wasm.swam.txt,[3-2].wasm.swam.txt,310762
[14-1].wasm.swam.txt,[7-1][8-1].wasm.swam.txt,311291
[14-1].wasm.swam.txt,[5-11].wasm.swam.txt,307269
[14-1].wasm.swam.txt,[7-1][8-6].wasm.swam.txt,304767
[14-1].wasm.swam.txt,[5-10].wasm.swam.txt,306423
[14-1].wasm.swam.txt,[7-1][8-11].wasm.swam.txt,307748
[14-1].wasm.swam.txt,[5-14].wasm.swam.txt,307391
[14-1].wasm.swam.txt,[8-13].wasm.swam.txt,268501
[14-1][25-1][47-1].wasm.swam.txt,[3-8].wasm.swam.txt,436513
[14-1][25-1][40-1][52-1].wasm.swam.txt,[7-1][8-2].wasm.swam.txt,237395
[14-1][25-1].wasm.swam.txt,[14-1][40-1][47-1][52-1].wasm.swam.txt,321702
[14-1][25-1].wasm.swam.txt,[7-1][8-2].wasm.swam.txt,321774
[14-1][25-1][47-1].wasm.swam.txt,[7-1][8-9].wasm.swam.txt,321026
[14-1][25-1][40-1][52-1].wasm.swam.txt,[7-1][8-1].wasm.swam.txt,320189
[14-1][25-1].wasm.swam.txt,[7-1][8-1].wasm.swam.txt,319406
[14-1][25-1].wasm.swam.txt,[5-9].wasm.swam.txt,319872
[14-1][25-1][40-1][52-1].wasm.swam.txt,[5-9].wasm.swam.txt,317834
[14-1][25-1][40-1][52-1].wasm.swam.txt,[7-1][8-6].wasm.swam.txt,323333
[14-1][25-1][40-1][52-1].wasm.swam.txt,[3-9].wasm.swam.txt,322488
[14-1][25-1][47-1].wasm.swam.txt,[5-14].wasm.swam.txt,319775
[14-1].wasm.swam.txt,[5-9].wasm.swam.txt,320769
[14-1][25-1][47-1].wasm.swam.txt,[3-2].wasm.swam.txt,322973
[14-1].wasm.swam.txt,[7-1][8-9].wasm.swam.txt,321552
[14-1][25-1].wasm.swam.txt,[5-10].wasm.swam.txt,323353
[14-1][25-1].wasm.swam.txt,[7-1][8-11].wasm.swam.txt,381223
[14-1][25-1].wasm.swam.txt,[3-8].wasm.swam.txt,382828
[14-1][25-1].wasm.swam.txt,[5-11].wasm.swam.txt,338356
[14-1][25-1][40-1][52-1].wasm.swam.txt,[7-1][8-11].wasm.swam.txt,321870
[14-1][25-1].wasm.swam.txt,[7-1][8-9].wasm.swam.txt,298694
[14-1][25-1][47-1].wasm.swam.txt,[7-1][8-6].wasm.swam.txt,313947
[14-1][25-1].wasm.swam.txt,[3-2].wasm.swam.txt,320131
[14-1][25-1][47-1].wasm.swam.txt,[3-9].wasm.swam.txt,294656
[14-1][25-1][47-1].wasm.swam.txt,[8-16].wasm.swam.txt,311315
[14-1][25-1][40-1][52-1].wasm.swam.txt,[3-2].wasm.swam.txt,322272
[14-1][25-1].wasm.swam.txt,[5-14].wasm.swam.txt,322272
[14-1][25-1][47-1].wasm.swam.txt,[5-10].wasm.swam.txt,321891
[14-1][25-1][47-1].wasm.swam.txt,[5-9].wasm.swam.txt,320734
[14-1][25-1][40-1][52-1].wasm.swam.txt,[8-13].wasm.swam.txt,321179
[14-1][25-1].wasm.swam.txt,[5-2].wasm.swam.txt,317358
[14-1][25-1][40-1][52-1].wasm.swam.txt,[5-2].wasm.swam.txt,322276
[14-1][25-1][40-1][52-1].wasm.swam.txt,[5-11].wasm.swam.txt,323314
[14-1][25-1][47-1].wasm.swam.txt,[5-11].wasm.swam.txt,323244
[14-1][25-1].wasm.swam.txt,[8-16].wasm.swam.txt,323276
[14-1][25-1][40-1][52-1].wasm.swam.txt,[3-8].wasm.swam.txt,323490
[14-1][25-1][40-1][52-1].wasm.swam.txt,[5-14].wasm.swam.txt,323925
[14-1][25-1].wasm.swam.txt,[8-13].wasm.swam.txt,321519
[14-1][25-1][40-1][52-1].wasm.swam.txt,[7-1][8-9].wasm.swam.txt,321540
[14-1][25-1][47-1].wasm.swam.txt,[8-13].wasm.swam.txt,321574
[14-1][25-1][40-1][52-1].wasm.swam.txt,[8-16].wasm.swam.txt,321574
[14-1][25-1][47-1].wasm.swam.txt,[7-1][8-2].wasm.swam.txt,323563
[14-1][25-1][47-1].wasm.swam.txt,[7-1][8-11].wasm.swam.txt,323420
[14-1][25-1][47-1].wasm.swam.txt,[5-2].wasm.swam.txt,321881
[14-1][25-1][40-1][52-1].wasm.swam.txt,[5-10].wasm.swam.txt,322064
[14-1][25-1][47-1].wasm.swam.txt,[7-1][8-1].wasm.swam.txt,325203
[14-1][25-1][47-1][52-1].wasm.swam.txt,[3-1].wasm.~1~.swam.txt,245331
[14-1][25-1][47-1][52-1].wasm.swam.txt,[3-1][30-1][43-1][44-1][52-1].wasm.swam.txt,157125
[14-1][25-1][47-1][52-1].wasm.swam.txt,[25-1][40-1][47-1][52-1].wasm.swam.txt,0
[14-1][25-1][47-1][52-1].wasm.swam.txt,[5-14].wasm.swam.txt,68894
[14-1][25-1][47-1][52-1].wasm.swam.txt,[5-11].wasm.swam.txt,83075
[14-1][40-1][47-1][52-1].wasm.swam.txt,[25-1][40-1][47-1][52-1].wasm.swam.txt,63657
[14-1][40-1][47-1][52-1].wasm.swam.txt,[5-11].wasm.swam.txt,6432
[14-1][40-1][47-1][52-1].wasm.swam.txt,[3-8].wasm.swam.txt,6105
[14-1][40-1][47-1][52-1].wasm.swam.txt,[25-1][40-1][47-1].wasm.swam.txt,16732
[14-1][40-1][47-1][52-1].wasm.swam.txt,[5-2].wasm.swam.txt,90791
[14-1][40-1][47-1][52-1].wasm.swam.txt,[5-14].wasm.swam.txt,48908
[14-1][40-1][52-1].wasm.swam.txt,[3-1].wasm.~1~.swam.txt,0
[14-1][40-1][52-1].wasm.swam.txt,[25-1][40-1][47-1][52-1].wasm.swam.txt,0
[14-1][40-1][52-1].wasm.swam.txt,[3-1][30-1][43-1][44-1][52-1].wasm.swam.txt,1907
[14-1][25-1][47-1][52-1].wasm.swam.txt,[5-9].wasm.swam.txt,16470
[14-1][40-1][47-1][52-1].wasm.swam.txt,[3-2].wasm.swam.txt,75097
[14-1][40-1][52-1].wasm.swam.txt,[5-2].wasm.swam.txt,0
[14-1][40-1][52-1].wasm.swam.txt,[7-1][8-6].wasm.swam.txt,66564
[14-1][40-1][47-1][52-1].wasm.swam.txt,[3-1][30-1][43-1][44-1][52-1].wasm.swam.txt,35987
[14-1][40-1][52-1].wasm.swam.txt,[3-9].wasm.swam.txt,308535
[14-1][40-1][52-1].wasm.swam.txt,[25-1][40-1][47-1].wasm.swam.txt,273470
[14-1][25-1][47-1][52-1].wasm.swam.txt,[7-1][8-1].wasm.swam.txt,63093
[14-1][40-1][52-1].wasm.swam.txt,[5-11].wasm.swam.txt,264786
[14-1][40-1][52-1].wasm.swam.txt,[3-8].wasm.swam.txt,81203
[14-1][40-1][47-1][52-1].wasm.swam.txt,[14-1][40-1][52-1].wasm.swam.txt,
[25-1][40-1][47-1].wasm.swam.txt,[3-1].wasm.~1~.swam.txt,140048
[25-1][40-1][47-1].wasm.swam.txt,[25-1][40-1][47-1][52-1].wasm.swam.txt,128676
[14-1][40-1][52-1].wasm.swam.txt,[7-1][8-11].wasm.swam.txt,132424
[14-1][25-1][47-1][52-1].wasm.swam.txt,[5-2].wasm.swam.txt,2831
[14-1][40-1][52-1].wasm.swam.txt,[5-10].wasm.swam.txt,2831
[14-1][40-1][52-1].wasm.swam.txt,[3-2].wasm.swam.txt,0
[25-1][40-1][47-1].wasm.swam.txt,[3-1][30-1][43-1][44-1][52-1].wasm.swam.txt,2831
[14-1][25-1][47-1][52-1].wasm.swam.txt,[7-1][8-2].wasm.swam.txt,114436
[14-1][40-1][47-1][52-1].wasm.swam.txt,[3-1].wasm.~1~.swam.txt,231952
[25-1][40-1][47-1].wasm.swam.txt,[5-14].wasm.swam.txt,231300
[14-1][40-1][52-1].wasm.swam.txt,[5-14].wasm.swam.txt,71197
[14-1][25-1][47-1][52-1].wasm.swam.txt,[5-10].wasm.swam.txt,174675
[14-1][25-1][47-1][52-1].wasm.swam.txt,[8-16].wasm.swam.txt,51785
[14-1][25-1][47-1][52-1].wasm.swam.txt,[3-9].wasm.swam.txt,283980
[14-1][25-1][47-1][52-1].wasm.swam.txt,[8-13].wasm.swam.txt,126247
[14-1][25-1][47-1][52-1].wasm.swam.txt,[7-1][8-6].wasm.swam.txt,130415
[14-1][25-1][47-1][52-1].wasm.swam.txt,[7-1][8-11].wasm.swam.txt,218532
[14-1][25-1][47-1][52-1].wasm.swam.txt,[7-1][8-9].wasm.swam.txt,290903
[14-1][40-1][47-1][52-1].wasm.swam.txt,[5-10].wasm.swam.txt,334203
[14-1][40-1][47-1][52-1].wasm.swam.txt,[8-16].wasm.swam.txt,176209
[14-1][25-1][47-1][52-1].wasm.swam.txt,[3-8].wasm.swam.txt,336504
[14-1][40-1][47-1][52-1].wasm.swam.txt,[7-1][8-2].wasm.swam.txt,33889
[25-1][40-1][47-1][52-1].wasm.swam.txt,[3-1].wasm.~1~.swam.txt,183749
[14-1][40-1][47-1][52-1].wasm.swam.txt,[8-13].wasm.swam.txt,263139
[14-1][40-1][52-1].wasm.swam.txt,[5-9].wasm.swam.txt,76886
[14-1][40-1][47-1][52-1].wasm.swam.txt,[5-9].wasm.swam.txt,88538
[14-1][40-1][47-1][52-1].wasm.swam.txt,[7-1][8-1].wasm.swam.txt,361000
[14-1][40-1][47-1][52-1].wasm.swam.txt,[7-1][8-6].wasm.swam.txt,102301
[25-1][40-1][47-1][52-1].wasm.swam.txt,[3-1][30-1][43-1][44-1][52-1].wasm.swam.txt,76973
[14-1][40-1][47-1][52-1].wasm.swam.txt,[7-1][8-11].wasm.swam.txt,106116
[14-1][40-1][47-1][52-1].wasm.swam.txt,[3-9].wasm.swam.txt,114479
[14-1][40-1][52-1].wasm.swam.txt,[7-1][8-2].wasm.swam.txt,34338
[25-1][40-1][47-1].wasm.swam.txt,[7-1][8-9].wasm.swam.txt,61664
[14-1][40-1][47-1][52-1].wasm.swam.txt,[7-1][8-9].wasm.swam.txt,62263
[25-1][40-1][47-1][52-1].wasm.swam.txt,[5-9].wasm.swam.txt,0
[14-1][40-1][52-1].wasm.swam.txt,[7-1][8-1].wasm.swam.txt,9572
[25-1][40-1][47-1].wasm.swam.txt,[5-11].wasm.swam.txt,83454
[14-1][25-1][47-1][52-1].wasm.swam.txt,[3-2].wasm.swam.txt,40615
[25-1][40-1][47-1].wasm.swam.txt,[3-8].wasm.swam.txt,0
[3-1].wasm.~1~.swam.txt,[3-1][30-1][43-1][44-1][52-1].wasm.swam.txt,0
[25-1][40-1][47-1][52-1].wasm.swam.txt,[3-9].wasm.swam.txt,201181
[25-1][40-1][47-1].wasm.swam.txt,[5-10].wasm.swam.txt,359054
[3-1].wasm.~1~.swam.txt,[5-2].wasm.swam.txt,208262
[25-1][40-1][47-1].wasm.swam.txt,[3-9].wasm.swam.txt,195215
[25-1][40-1][47-1].wasm.swam.txt,[5-9].wasm.swam.txt,170619
[25-1][40-1][47-1].wasm.swam.txt,[3-2].wasm.swam.txt,78500
[14-1][40-1][52-1].wasm.swam.txt,[8-13].wasm.swam.txt,226133
[14-1][40-1][52-1].wasm.swam.txt,[8-16].wasm.swam.txt,224042
[14-1][40-1][52-1].wasm.swam.txt,[7-1][8-9].wasm.swam.txt,23068
[25-1][40-1][47-1][52-1].wasm.swam.txt,[5-11].wasm.swam.txt,265872
[25-1][40-1][47-1].wasm.swam.txt,[5-2].wasm.swam.txt,257197
[3-1].wasm.~1~.swam.txt,[3-2].wasm.swam.txt,190191
[3-1].wasm.~1~.swam.txt,[3-9].wasm.swam.txt,3889
[25-1][40-1][47-1][52-1].wasm.swam.txt,[5-10].wasm.swam.txt,176291
[3-1].wasm.~1~.swam.txt,[5-10].wasm.swam.txt,0
[25-1][40-1][47-1].wasm.swam.txt,[7-1][8-6].wasm.swam.txt,258836
[25-1][40-1][47-1].wasm.swam.txt,[7-1][8-11].wasm.swam.txt,150158
[3-1][30-1][43-1][44-1][52-1].wasm.swam.txt,[5-2].wasm.swam.txt,143694
[3-1][30-1][43-1][44-1][52-1].wasm.swam.txt,[3-9].wasm.swam.txt,60552
[3-1].wasm.~1~.swam.txt,[3-8].wasm.swam.txt,49732
[25-1][40-1][47-1].wasm.swam.txt,[7-1][8-2].wasm.swam.txt,93382
[3-1][30-1][43-1][44-1][52-1].wasm.swam.txt,[5-14].wasm.swam.txt,32250
[25-1][40-1][47-1][52-1].wasm.swam.txt,[5-14].wasm.swam.txt,23953
[3-1][30-1][43-1][44-1][52-1].wasm.swam.txt,[7-1][8-11].wasm.swam.txt,2994
[25-1][40-1][47-1].wasm.swam.txt,[7-1][8-1].wasm.swam.txt,128444
[3-1].wasm.~1~.swam.txt,[5-11].wasm.swam.txt,139253
[3-1].wasm.~1~.swam.txt,[7-1][8-6].wasm.swam.txt,205371
[25-1][40-1][47-1][52-1].wasm.swam.txt,[5-2].wasm.swam.txt,84627
[25-1][40-1][47-1][52-1].wasm.swam.txt,[3-2].wasm.swam.txt,160869
[25-1][40-1][47-1].wasm.swam.txt,[8-13].wasm.swam.txt,159488
[25-1][40-1][47-1].wasm.swam.txt,[8-16].wasm.swam.txt,160566
[3-1].wasm.~1~.swam.txt,[7-1][8-11].wasm.swam.txt,93485
[3-2].wasm.swam.txt,[5-10].wasm.swam.txt,121412
[25-1][40-1][47-1][52-1].wasm.swam.txt,[7-1][8-11].wasm.swam.txt,194318
[25-1][40-1][47-1][52-1].wasm.swam.txt,[3-8].wasm.swam.txt,188932
[3-2].wasm.swam.txt,[5-11].wasm.swam.txt,107936
[3-2].wasm.swam.txt,[5-14].wasm.swam.txt,18530
[3-2].wasm.swam.txt,[3-8].wasm.swam.txt,79708
[3-1][30-1][43-1][44-1][52-1].wasm.swam.txt,[5-11].wasm.swam.txt,78093
[3-2].wasm.swam.txt,[7-1][8-11].wasm.swam.txt,9576
[25-1][40-1][47-1][52-1].wasm.swam.txt,[7-1][8-2].wasm.swam.txt,13503
[3-2].wasm.swam.txt,[3-9].wasm.swam.txt,2419
[3-2].wasm.swam.txt,[5-9].wasm.swam.txt,2640
[25-1][40-1][47-1][52-1].wasm.swam.txt,[7-1][8-6].wasm.swam.txt,68176
[3-1][30-1][43-1][44-1][52-1].wasm.swam.txt,[7-1][8-1].wasm.swam.txt,4610
[3-2].wasm.swam.txt,[7-1][8-1].wasm.swam.txt,30439
[25-1][40-1][47-1][52-1].wasm.swam.txt,[8-16].wasm.swam.txt,8935
[25-1][40-1][47-1][52-1].wasm.swam.txt,[7-1][8-1].wasm.swam.txt,48627
[25-1][40-1][47-1][52-1].wasm.swam.txt,[8-13].wasm.swam.txt,7687
[3-2].wasm.swam.txt,[7-1][8-2].wasm.swam.txt,6517
[3-2].wasm.swam.txt,[8-16].wasm.swam.txt,119276
[3-2].wasm.swam.txt,[7-1][8-9].wasm.swam.txt,106640
[3-2].wasm.swam.txt,[8-13].wasm.swam.txt,1897
[25-1][40-1][47-1][52-1].wasm.swam.txt,[7-1][8-9].wasm.swam.txt,2020
[3-1][30-1][43-1][44-1][52-1].wasm.swam.txt,[7-1][8-6].wasm.swam.txt,
[3-8].wasm.swam.txt,[5-10].wasm.swam.txt,212805
[3-2].wasm.swam.txt,[7-1][8-6].wasm.swam.txt,48522
[3-1].wasm.~1~.swam.txt,[5-14].wasm.swam.txt,175456
[3-8].wasm.swam.txt,[3-9].wasm.swam.txt,148703
[3-1].wasm.~1~.swam.txt,[7-1][8-9].wasm.swam.txt,143300
[3-8].wasm.swam.txt,[7-1][8-1].wasm.swam.txt,69339
[3-8].wasm.swam.txt,[5-11].wasm.swam.txt,13573
[3-8].wasm.swam.txt,[7-1][8-9].wasm.swam.txt,2066
[3-1][30-1][43-1][44-1][52-1].wasm.swam.txt,[5-10].wasm.swam.txt,94910
[3-8].wasm.swam.txt,[8-16].wasm.swam.txt,5065
[3-1].wasm.~1~.swam.txt,[7-1][8-2].wasm.swam.txt,6848
[3-8].wasm.swam.txt,[8-13].wasm.swam.txt,3515
[3-9].wasm.swam.txt,[5-10].wasm.swam.txt,8509
[3-2].wasm.swam.txt,[5-2].wasm.swam.txt,7232
[3-8].wasm.swam.txt,[7-1][8-6].wasm.swam.txt,70251
[3-8].wasm.swam.txt,[7-1][8-2].wasm.swam.txt,1207
[3-9].wasm.swam.txt,[5-11].wasm.swam.txt,682
[3-1][30-1][43-1][44-1][52-1].wasm.swam.txt,[3-2].wasm.swam.txt,13512
[3-1].wasm.~1~.swam.txt,[5-9].wasm.swam.txt,35929
[3-9].wasm.swam.txt,[7-1][8-2].wasm.swam.txt,0
[5-10].wasm.swam.txt,[5-2].wasm.swam.txt,0
[3-9].wasm.swam.txt,[7-1][8-6].wasm.swam.txt,3383
[3-9].wasm.swam.txt,[5-14].wasm.swam.txt,0
[3-9].wasm.swam.txt,[7-1][8-9].wasm.swam.txt,134822
[3-9].wasm.swam.txt,[8-13].wasm.swam.txt,115707
[3-9].wasm.swam.txt,[8-16].wasm.swam.txt,23369
[5-10].wasm.swam.txt,[7-1][8-1].wasm.swam.txt,59656
[5-10].wasm.swam.txt,[7-1][8-6].wasm.swam.txt,62656
[3-1].wasm.~1~.swam.txt,[7-1][8-1].wasm.swam.txt,94776
[5-10].wasm.swam.txt,[8-16].wasm.swam.txt,22493
[3-8].wasm.swam.txt,[5-14].wasm.swam.txt,125532
[5-10].wasm.swam.txt,[7-1][8-2].wasm.swam.txt,73869
[3-9].wasm.swam.txt,[7-1][8-1].wasm.swam.txt,66665
[5-10].wasm.swam.txt,[7-1][8-11].wasm.swam.txt,59400
[5-10].wasm.swam.txt,[8-13].wasm.swam.txt,3180
[5-10].wasm.swam.txt,[7-1][8-9].wasm.swam.txt,1335
[3-1].wasm.~1~.swam.txt,[8-16].wasm.swam.txt,253801
[3-1][30-1][43-1][44-1][52-1].wasm.swam.txt,[5-9].wasm.swam.txt,254269
[5-11].wasm.swam.txt,[7-1][8-1].wasm.swam.txt,4000
[5-11].wasm.swam.txt,[7-1][8-2].wasm.swam.txt,124077
[5-11].wasm.swam.txt,[7-1][8-6].wasm.swam.txt,119651
[5-11].wasm.swam.txt,[7-1][8-11].wasm.swam.txt,17646
[3-1].wasm.~1~.swam.txt,[8-13].wasm.swam.txt,18349
[5-11].wasm.swam.txt,[8-16].wasm.swam.txt,1286
[3-8].wasm.swam.txt,[7-1][8-11].wasm.swam.txt,19750
[5-11].wasm.swam.txt,[8-13].wasm.swam.txt,53175
[3-1][30-1][43-1][44-1][52-1].wasm.swam.txt,[3-8].wasm.swam.txt,0
[5-14].wasm.swam.txt,[5-2].wasm.swam.txt,0
[5-10].wasm.swam.txt,[5-11].wasm.swam.txt,522
[5-14].wasm.swam.txt,[5-9].wasm.swam.txt,54
[5-14].wasm.swam.txt,[7-1][8-2].wasm.swam.txt,2898
[5-14].wasm.swam.txt,[7-1][8-6].wasm.swam.txt,6901
[5-14].wasm.swam.txt,[7-1][8-1].wasm.swam.txt,3421
[5-14].wasm.swam.txt,[8-16].wasm.swam.txt,1534
[5-14].wasm.swam.txt,[7-1][8-9].wasm.swam.txt,1819
[5-14].wasm.swam.txt,[8-13].wasm.swam.txt,3331
[5-2].wasm.swam.txt,[7-1][8-6].wasm.swam.txt,3141
[3-8].wasm.swam.txt,[5-2].wasm.swam.txt,1645
[5-2].wasm.swam.txt,[7-1][8-9].wasm.swam.txt,18194
[5-2].wasm.swam.txt,[8-13].wasm.swam.txt,70194
[5-2].wasm.swam.txt,[8-16].wasm.swam.txt,28360
[3-9].wasm.swam.txt,[5-2].wasm.swam.txt,5266
[7-1][8-11].wasm.swam.txt,[7-1][8-2].wasm.swam.txt,2755
[5-2].wasm.swam.txt,[7-1][8-2].wasm.swam.txt,7575
[5-9].wasm.swam.txt,[7-1][8-2].wasm.swam.txt,8177
[5-9].wasm.swam.txt,[7-1][8-6].wasm.swam.txt,8849
[5-9].wasm.swam.txt,[7-1][8-1].wasm.swam.txt,8735
[5-9].wasm.swam.txt,[7-1][8-9].wasm.swam.txt,1211
[5-9].wasm.swam.txt,[8-16].wasm.swam.txt,1215
[5-9].wasm.swam.txt,[8-13].wasm.swam.txt,2152
[5-9].wasm.swam.txt,[7-1][8-11].wasm.swam.txt,8919
[7-1][8-11].wasm.swam.txt,[7-1][8-9].wasm.swam.txt,80528
[7-1][8-11].wasm.swam.txt,[8-13].wasm.swam.txt,83977
[7-1][8-11].wasm.swam.txt,[7-1][8-6].wasm.swam.txt,160709
[3-1][30-1][43-1][44-1][52-1].wasm.swam.txt,[7-1][8-2].wasm.swam.txt,27893
[7-1][8-11].wasm.swam.txt,[8-16].wasm.swam.txt,60827
[5-11].wasm.swam.txt,[7-1][8-9].wasm.swam.txt,14051
[3-1][30-1][43-1][44-1][52-1].wasm.swam.txt,[8-13].wasm.swam.txt,7930
[7-1][8-1].wasm.swam.txt,[7-1][8-6].wasm.swam.txt,47622
[3-1][30-1][43-1][44-1][52-1].wasm.swam.txt,[8-16].wasm.swam.txt,167040
[7-1][8-1].wasm.swam.txt,[8-13].wasm.swam.txt,285997
[7-1][8-1].wasm.swam.txt,[7-1][8-2].wasm.swam.txt,268359
[5-11].wasm.swam.txt,[5-9].wasm.swam.txt,298310
[7-1][8-1].wasm.swam.txt,[8-16].wasm.swam.txt,169271
[3-1][30-1][43-1][44-1][52-1].wasm.swam.txt,[7-1][8-9].wasm.swam.txt,94078
[7-1][8-1].wasm.swam.txt,[7-1][8-9].wasm.swam.txt,62019
[5-11].wasm.swam.txt,[5-14].wasm.swam.txt,30398
[7-1][8-2].wasm.swam.txt,[7-1][8-9].wasm.swam.txt,19574
[7-1][8-2].wasm.swam.txt,[8-16].wasm.swam.txt,959
[7-1][8-2].wasm.swam.txt,[8-13].wasm.swam.txt,54
[7-1][8-11].wasm.swam.txt,[7-1][8-1].wasm.swam.txt,49955
[3-9].wasm.swam.txt,[5-9].wasm.swam.txt,50230
[7-1][8-6].wasm.swam.txt,[7-1][8-9].wasm.swam.txt,47902
[7-1][8-6].wasm.swam.txt,[8-13].wasm.swam.txt,44767
[7-1][8-9].wasm.swam.txt,[8-13].wasm.swam.txt,42529
[7-1][8-9].wasm.swam.txt,[8-16].wasm.swam.txt,225401
[3-8].wasm.swam.txt,[5-9].wasm.swam.txt,268593
[8-13].wasm.swam.txt,[8-16].wasm.swam.txt,263526
[5-14].wasm.swam.txt,[7-1][8-11].wasm.swam.txt,221633
[7-1][8-2].wasm.swam.txt,[7-1][8-6].wasm.swam.txt,380208
[5-10].wasm.swam.txt,[5-14].wasm.swam.txt,184190
[7-1][8-6].wasm.swam.txt,[8-16].wasm.swam.txt,310355
[5-2].wasm.swam.txt,[5-9].wasm.swam.txt,214352
[3-9].wasm.swam.txt,[7-1][8-11].wasm.swam.txt,237453
[5-10].wasm.swam.txt,[5-9].wasm.swam.txt,231896
[5-11].wasm.swam.txt,[5-2].wasm.swam.txt,266537
[5-2].wasm.swam.txt,[7-1][8-11].wasm.swam.txt,238234
[5-2].wasm.swam.txt,[7-1][8-1].wasm.swam.txt,235583
