t1,t2,diff
[10-10].wasm.swam.txt,[3-1][4-1][5-1][6-1][7-1].wasm.swam.txt,0
[10-10].wasm.swam.txt,[10-13].wasm.swam.txt,8740
[10-10].wasm.swam.txt,[6-1][7-1][8-1][9-12].wasm.swam.txt,36
[10-10].wasm.swam.txt,[6-1].wasm.~1~.swam.txt,120
[10-10].wasm.swam.txt,[6-1][10-12].wasm.swam.txt,128
[10-10].wasm.swam.txt,[10-7].wasm.swam.txt,238
[10-10].wasm.swam.txt,[6-2][7-1][8-1][9-12].wasm.swam.txt,362
[10-10].wasm.swam.txt,[6-1][7-5].wasm.~1~.swam.txt,9870
[10-10].wasm.swam.txt,[6-3][7-1][8-1][9-12].wasm.swam.txt,11560
[10-10].wasm.swam.txt,[6-2][7-5].wasm.swam.txt,454
[10-10].wasm.swam.txt,[6-2][7-5][8-1][9-12].wasm.swam.txt,226
[10-10].wasm.swam.txt,[6-1][7-5][8-1][9-12].wasm.swam.txt,17273
[10-13].wasm.swam.txt,[3-1][4-1][5-1][6-1][7-1].wasm.swam.txt,17273
[10-10].wasm.swam.txt,[6-3][7-5][8-1][9-12].wasm.swam.txt,17387
[10-10].wasm.swam.txt,[6-3][7-5].wasm.swam.txt,17387
[10-13].wasm.swam.txt,[6-2][7-1][8-1][9-12].wasm.swam.txt,0
[10-7].wasm.swam.txt,[3-1][4-1][5-1][6-1][7-1].wasm.swam.txt,207
[10-13].wasm.swam.txt,[6-1][7-5][8-1][9-12].wasm.swam.txt,276
[10-13].wasm.swam.txt,[6-2][7-5].wasm.swam.txt,386
[10-13].wasm.swam.txt,[6-2][7-5][8-1][9-12].wasm.swam.txt,197
[10-13].wasm.swam.txt,[6-3][7-1][8-1][9-12].wasm.swam.txt,112
[10-13].wasm.swam.txt,[6-3][7-5][8-1][9-12].wasm.swam.txt,278
[10-13].wasm.swam.txt,[6-3][7-5].wasm.swam.txt,284
[10-13].wasm.swam.txt,[10-7].wasm.swam.txt,32288
[10-7].wasm.swam.txt,[6-2][7-5].wasm.swam.txt,66435
[10-7].wasm.swam.txt,[6-2][7-1][8-1][9-12].wasm.swam.txt,66435
[10-7].wasm.swam.txt,[6-3][7-1][8-1][9-12].wasm.swam.txt,61152
[10-7].wasm.swam.txt,[6-3][7-5].wasm.swam.txt,87287
[3-1][4-1][5-1][6-1][7-1].wasm.swam.txt,[6-1][10-12].wasm.swam.txt,49391
[3-1][4-1][5-1][6-1][7-1].wasm.swam.txt,[6-1].wasm.~1~.swam.txt,35291
[10-7].wasm.swam.txt,[6-1][10-12].wasm.swam.txt,74475
[10-7].wasm.swam.txt,[6-3][7-5][8-1][9-12].wasm.swam.txt,902
[3-1][4-1][5-1][6-1][7-1].wasm.swam.txt,[6-1][7-1][8-1][9-12].wasm.swam.txt,0
[3-1][4-1][5-1][6-1][7-1].wasm.swam.txt,[6-1][7-5][8-1][9-12].wasm.swam.txt,0
[3-1][4-1][5-1][6-1][7-1].wasm.swam.txt,[6-1][7-5].wasm.~1~.swam.txt,0
[3-1][4-1][5-1][6-1][7-1].wasm.swam.txt,[6-2][7-5].wasm.swam.txt,202497
[3-1][4-1][5-1][6-1][7-1].wasm.swam.txt,[6-2][7-1][8-1][9-12].wasm.swam.txt,216905
[3-1][4-1][5-1][6-1][7-1].wasm.swam.txt,[6-3][7-5].wasm.swam.txt,160689
[3-1][4-1][5-1][6-1][7-1].wasm.swam.txt,[6-3][7-5][8-1][9-12].wasm.swam.txt,31210
[3-1][4-1][5-1][6-1][7-1].wasm.swam.txt,[6-3][7-1][8-1][9-12].wasm.swam.txt,210892
[3-1][4-1][5-1][6-1][7-1].wasm.swam.txt,[6-2][7-5][8-1][9-12].wasm.swam.txt,50786
[10-7].wasm.swam.txt,[6-1][7-1][8-1][9-12].wasm.swam.txt,107224
[10-7].wasm.swam.txt,[6-1].wasm.~1~.swam.txt,135058
[10-7].wasm.swam.txt,[6-1][7-5][8-1][9-12].wasm.swam.txt,19916
[10-7].wasm.swam.txt,[6-2][7-5][8-1][9-12].wasm.swam.txt,15329
[6-1].wasm.~1~.swam.txt,[6-2][7-5].wasm.swam.txt,197
[6-1].wasm.~1~.swam.txt,[6-3][7-1][8-1][9-12].wasm.swam.txt,15151
[6-1].wasm.~1~.swam.txt,[6-2][7-5][8-1][9-12].wasm.swam.txt,2674
[10-7].wasm.swam.txt,[6-1][7-5].wasm.~1~.swam.txt,2674
[6-1][10-12].wasm.swam.txt,[6-1][7-1][8-1][9-12].wasm.swam.txt,163
[6-1].wasm.~1~.swam.txt,[6-3][7-5][8-1][9-12].wasm.swam.txt,158
[6-1].wasm.~1~.swam.txt,[6-3][7-5].wasm.swam.txt,123
[6-1].wasm.~1~.swam.txt,[6-1][7-5].wasm.~1~.swam.txt,251
[6-1][10-12].wasm.swam.txt,[6-2][7-5][8-1][9-12].wasm.swam.txt,143
[6-1][10-12].wasm.swam.txt,[6-2][7-5].wasm.swam.txt,297
[10-13].wasm.swam.txt,[6-1][7-5].wasm.~1~.swam.txt,142
[6-1].wasm.~1~.swam.txt,[6-2][7-1][8-1][9-12].wasm.swam.txt,24435
[6-1][10-12].wasm.swam.txt,[6-1][7-5].wasm.~1~.swam.txt,3474
[6-1][10-12].wasm.swam.txt,[6-3][7-1][8-1][9-12].wasm.swam.txt,51231
[6-1][10-12].wasm.swam.txt,[6-3][7-5].wasm.swam.txt,35979
[6-1][10-12].wasm.swam.txt,[6-3][7-5][8-1][9-12].wasm.swam.txt,1135
[6-1][7-1][8-1][9-12].wasm.swam.txt,[6-2][7-5][8-1][9-12].wasm.swam.txt,33111
[6-1][7-1][8-1][9-12].wasm.swam.txt,[6-3][7-1][8-1][9-12].wasm.swam.txt,49414
[10-13].wasm.swam.txt,[6-1][10-12].wasm.swam.txt,79631
[6-1][7-5].wasm.~1~.swam.txt,[6-2][7-1][8-1][9-12].wasm.swam.txt,12768
[6-1][7-1][8-1][9-12].wasm.swam.txt,[6-3][7-5].wasm.swam.txt,12929
[6-1][7-1][8-1][9-12].wasm.swam.txt,[6-3][7-5][8-1][9-12].wasm.swam.txt,208
[6-1][7-5].wasm.~1~.swam.txt,[6-2][7-5].wasm.swam.txt,338
[6-1][7-5].wasm.~1~.swam.txt,[6-2][7-5][8-1][9-12].wasm.swam.txt,15
[6-1][7-5].wasm.~1~.swam.txt,[6-3][7-1][8-1][9-12].wasm.swam.txt,13784
[6-1][7-5].wasm.~1~.swam.txt,[6-3][7-5][8-1][9-12].wasm.swam.txt,20010
[6-1][7-5].wasm.~1~.swam.txt,[6-3][7-5].wasm.swam.txt,70592
[6-1][7-1][8-1][9-12].wasm.swam.txt,[6-1][7-5].wasm.~1~.swam.txt,104528
[6-1][7-5][8-1][9-12].wasm.swam.txt,[6-2][7-1][8-1][9-12].wasm.swam.txt,96255
[6-1][7-5][8-1][9-12].wasm.swam.txt,[6-2][7-5][8-1][9-12].wasm.swam.txt,18
[6-1][7-5][8-1][9-12].wasm.swam.txt,[6-3][7-1][8-1][9-12].wasm.swam.txt,8286
[6-1][7-1][8-1][9-12].wasm.swam.txt,[6-2][7-5].wasm.swam.txt,78
[6-1][7-5][8-1][9-12].wasm.swam.txt,[6-3][7-5][8-1][9-12].wasm.swam.txt,78
[6-1][7-5][8-1][9-12].wasm.swam.txt,[6-2][7-5].wasm.swam.txt,12786
[6-1][10-12].wasm.swam.txt,[6-1][7-5][8-1][9-12].wasm.swam.txt,74
[6-1][7-5][8-1][9-12].wasm.swam.txt,[6-3][7-5].wasm.swam.txt,74
[6-2][7-1][8-1][9-12].wasm.swam.txt,[6-3][7-1][8-1][9-12].wasm.swam.txt,236
[6-2][7-1][8-1][9-12].wasm.swam.txt,[6-3][7-5].wasm.swam.txt,281
[6-2][7-1][8-1][9-12].wasm.swam.txt,[6-3][7-5][8-1][9-12].wasm.swam.txt,460
[6-2][7-5].wasm.swam.txt,[6-3][7-1][8-1][9-12].wasm.swam.txt,158531
[6-2][7-5].wasm.swam.txt,[6-3][7-5][8-1][9-12].wasm.swam.txt,52228
[6-2][7-1][8-1][9-12].wasm.swam.txt,[6-2][7-5][8-1][9-12].wasm.swam.txt,38011
[6-2][7-5][8-1][9-12].wasm.swam.txt,[6-3][7-5][8-1][9-12].wasm.swam.txt,102659
[6-2][7-5][8-1][9-12].wasm.swam.txt,[6-3][7-5].wasm.swam.txt,55399
[6-2][7-5].wasm.swam.txt,[6-3][7-5].wasm.swam.txt,55487
[6-2][7-5][8-1][9-12].wasm.swam.txt,[6-3][7-1][8-1][9-12].wasm.swam.txt,3241
[6-2][7-1][8-1][9-12].wasm.swam.txt,[6-2][7-5].wasm.swam.txt,360
[6-3][7-5].wasm.swam.txt,[6-3][7-5][8-1][9-12].wasm.swam.txt,348
[6-3][7-1][8-1][9-12].wasm.swam.txt,[6-3][7-5][8-1][9-12].wasm.swam.txt,444
[6-3][7-1][8-1][9-12].wasm.swam.txt,[6-3][7-5].wasm.swam.txt,444
[6-1][7-5].wasm.~1~.swam.txt,[6-1][7-5][8-1][9-12].wasm.swam.txt,183757
[10-13].wasm.swam.txt,[6-1].wasm.~1~.swam.txt,188089
[6-1].wasm.~1~.swam.txt,[6-1][7-1][8-1][9-12].wasm.swam.txt,209372
[6-1].wasm.~1~.swam.txt,[6-1][10-12].wasm.swam.txt,194232
[6-1].wasm.~1~.swam.txt,[6-1][7-5][8-1][9-12].wasm.swam.txt,194232
[6-1][7-1][8-1][9-12].wasm.swam.txt,[6-2][7-1][8-1][9-12].wasm.swam.txt,182062
[6-2][7-5].wasm.swam.txt,[6-2][7-5][8-1][9-12].wasm.swam.txt,190238
[10-13].wasm.swam.txt,[6-1][7-1][8-1][9-12].wasm.swam.txt,190238
[6-1][7-1][8-1][9-12].wasm.swam.txt,[6-1][7-5][8-1][9-12].wasm.swam.txt,183192
[6-1][10-12].wasm.swam.txt,[6-2][7-1][8-1][9-12].wasm.swam.txt,160408
