t1,t2,diff
Optional_parameters.wasm.~2~.swam.txt,[2-1][23-1][26-1][27-1].wasm.swam.txt,108795
Optional_parameters.wasm.~2~.swam.txt,[2-1][23-1][27-1][43-1][51-1].wasm.swam.txt,35176
Optional_parameters.wasm.~2~.swam.txt,[2-1][23-1][26-1][27-1][43-1].wasm.swam.txt,6814
[2-1].wasm.swam.txt,[2-1][23-1][26-1].wasm.swam.txt,0
[2-1].wasm.swam.txt,[2-1][23-1][43-1].wasm.swam.txt,0
[2-1].wasm.swam.txt,[2-1][23-1][26-1][52-1].wasm.swam.txt,0
[2-1].wasm.swam.txt,[2-1][23-1][26-1][27-1][43-1][51-1].wasm.swam.txt,0
[2-1].wasm.swam.txt,[2-1][23-1][52-1].wasm.swam.txt,125052
[2-1].wasm.swam.txt,[2-1][23-1][27-1][43-1][51-1].wasm.swam.txt,24808
[2-1].wasm.swam.txt,[2-1][23-1][27-1][51-1].wasm.swam.txt,0
[2-1].wasm.swam.txt,[24-1][36-1][39-1][41-1].wasm.swam.txt,40540
[2-1].wasm.swam.txt,[2-1][23-1][26-1][27-1][43-1].wasm.swam.txt,74156
[2-1].wasm.swam.txt,[2-1][23-1][26-1][43-1][52-1].wasm.swam.txt,49710
[2-1].wasm.swam.txt,[24-1][36-1][39-1][41-1][50-1][51-1].wasm.swam.txt,4878
[2-1].wasm.swam.txt,[26-1][27-1][43-1][51-1].wasm.swam.txt,183683
[2-1].wasm.swam.txt,[26-1][27-1].wasm.swam.txt,167788
[2-1].wasm.swam.txt,[2-1][23-1][26-1][43-1].wasm.swam.txt,219694
[2-1].wasm.swam.txt,[26-1][27-1][43-1].wasm.swam.txt,172644
[2-1].wasm.swam.txt,[24-1][36-1][39-1][44-1].wasm.swam.txt,173819
[2-1].wasm.swam.txt,[2-1][23-1][26-1][27-1].wasm.swam.txt,142730
[2-1].wasm.swam.txt,[27-1].wasm.swam.txt,171422
[2-1].wasm.swam.txt,[26-1][43-1][52-1].wasm.swam.txt,119402
Optional_parameters.wasm.~2~.swam.txt,[2-1][23-1][52-1].wasm.swam.txt,130082
[2-1].wasm.swam.txt,[26-1][43-1].wasm.swam.txt,16335
Optional_parameters.wasm.~2~.swam.txt,[2-1][23-1][26-1][52-1].wasm.swam.txt,16335
[2-1].wasm.swam.txt,[3-1][27-1][43-1].wasm.swam.txt,48570
[2-1].wasm.swam.txt,[3-1][4-1][43-1].wasm.swam.txt,13780
[2-1].wasm.swam.txt,[3-1][4-1][43-1][52-1].wasm.swam.txt,13780
[2-1].wasm.swam.txt,[27-1][43-1][51-1].wasm.swam.txt,217338
Optional_parameters.wasm.~2~.swam.txt,[24-1][36-1][39-1][41-1][50-1][51-1].wasm.swam.txt,96288
[2-1][23-1][26-1].wasm.swam.txt,[2-1][23-1][26-1][27-1][43-1].wasm.swam.txt,102365
[2-1][23-1][26-1].wasm.swam.txt,[2-1][23-1][26-1][27-1][43-1][51-1].wasm.swam.txt,31988
[2-1][23-1][26-1].wasm.swam.txt,[2-1][23-1][26-1][52-1].wasm.swam.txt,255138
Optional_parameters.wasm.~2~.swam.txt,[27-1].wasm.swam.txt,110182
[2-1].wasm.swam.txt,[2-1][23-1][27-1][43-1].wasm.swam.txt,229444
[2-1].wasm.swam.txt,[2-1][23-1][27-1].wasm.swam.txt,135234
Optional_parameters.wasm.~2~.swam.txt,[2-1][23-1][26-1][27-1][43-1][51-1].wasm.swam.txt,69853
[2-1][23-1][26-1].wasm.swam.txt,[2-1][23-1][27-1][43-1].wasm.swam.txt,105830
[2-1][23-1][26-1].wasm.swam.txt,[2-1][23-1][26-1][43-1][52-1].wasm.swam.txt,77092
[2-1].wasm.swam.txt,[2-1][23-1][26-1][27-1][51-1].wasm.swam.txt,124192
Optional_parameters.wasm.~2~.swam.txt,[2-1][23-1][26-1][43-1][52-1].wasm.swam.txt,58801
Optional_parameters.wasm.~2~.swam.txt,[24-1][36-1][39-1][41-1][44-1].wasm.swam.txt,95142
[2-1].wasm.swam.txt,[24-1][36-1][39-1][41-1][44-1].wasm.swam.txt,81091
Optional_parameters.wasm.~2~.swam.txt,[2-1][23-1][26-1][27-1][51-1].wasm.swam.txt,116038
[2-1][23-1][26-1].wasm.swam.txt,[24-1][36-1][39-1][41-1][44-1].wasm.swam.txt,142691
[2-1][23-1][26-1].wasm.swam.txt,[24-1][36-1][39-1][41-1][44-1][50-1][51-1].wasm.swam.txt,26735
[2-1][23-1][26-1].wasm.swam.txt,[2-1][23-1][26-1][27-1].wasm.swam.txt,126951
Optional_parameters.wasm.~2~.swam.txt,[2-1].wasm.swam.txt,4521
Optional_parameters.wasm.~2~.swam.txt,[26-1][27-1][43-1].wasm.swam.txt,134241
[2-1][23-1][26-1].wasm.swam.txt,[26-1][27-1][43-1][51-1].wasm.swam.txt,13687
[2-1][23-1][26-1].wasm.swam.txt,[24-1][36-1][39-1][41-1].wasm.swam.txt,140179
[2-1][23-1][26-1].wasm.swam.txt,[26-1][27-1][43-1].wasm.swam.txt,197207
[2-1][23-1][26-1].wasm.swam.txt,[26-1][27-1].wasm.swam.txt,179058
[2-1][23-1][26-1].wasm.swam.txt,[24-1][36-1][39-1][41-1][50-1][51-1].wasm.swam.txt,18191
[2-1][23-1][26-1].wasm.swam.txt,[2-1][23-1][26-1][27-1][51-1].wasm.swam.txt,18191
[2-1][23-1][26-1].wasm.swam.txt,[2-1][23-1][26-1][43-1].wasm.swam.txt,25222
[2-1].wasm.swam.txt,[24-1][36-1][39-1][41-1][44-1][50-1][51-1].wasm.swam.txt,25222
Optional_parameters.wasm.~2~.swam.txt,[2-1][23-1][43-1][52-1].wasm.swam.txt,73131
[2-1][23-1][26-1].wasm.swam.txt,[3-1][4-1][43-1].wasm.swam.txt,98667
[2-1][23-1][26-1].wasm.swam.txt,[27-1].wasm.swam.txt,37334
[2-1][23-1][26-1].wasm.swam.txt,[27-1][43-1][51-1].wasm.swam.txt,50501
[2-1][23-1][26-1].wasm.swam.txt,[3-1][4-1][43-1][52-1].wasm.swam.txt,95751
[2-1][23-1][26-1].wasm.swam.txt,[3-1][27-1][43-1].wasm.swam.txt,146785
Optional_parameters.wasm.~2~.swam.txt,[2-1][23-1][27-1].wasm.swam.txt,
[2-1][23-1][26-1].wasm.swam.txt,[2-1][23-1][43-1].wasm.swam.txt,
Optional_parameters.wasm.~2~.swam.txt,[2-1][23-1][27-1][43-1].wasm.swam.txt,26188
Optional_parameters.wasm.~2~.swam.txt,[26-1][43-1][52-1].wasm.swam.txt,37179
[2-1][23-1][26-1][27-1].wasm.swam.txt,[2-1][23-1][26-1][27-1][43-1].wasm.swam.txt,132946
Optional_parameters.wasm.~2~.swam.txt,[2-1][23-1][26-1].wasm.swam.txt,131162
[2-1][23-1][26-1][27-1].wasm.swam.txt,[2-1][23-1][26-1][52-1].wasm.swam.txt,126840
[2-1][23-1][26-1][27-1].wasm.swam.txt,[2-1][23-1][26-1][27-1][43-1][51-1].wasm.swam.txt,134313
Optional_parameters.wasm.~2~.swam.txt,[26-1][43-1].wasm.swam.txt,194405
[2-1].wasm.swam.txt,[2-1][23-1][43-1][52-1].wasm.swam.txt,142135
[2-1][23-1][26-1][27-1].wasm.swam.txt,[2-1][23-1][26-1][43-1].wasm.swam.txt,265900
[2-1][23-1][26-1][27-1].wasm.swam.txt,[2-1][23-1][26-1][27-1][51-1].wasm.swam.txt,119632
[2-1][23-1][26-1].wasm.swam.txt,[26-1][43-1].wasm.swam.txt,29827
[2-1][23-1][26-1].wasm.swam.txt,[2-1][23-1][27-1][43-1][51-1].wasm.swam.txt,108889
Optional_parameters.wasm.~2~.swam.txt,[2-1][23-1][26-1][43-1].wasm.swam.txt,18085
Optional_parameters.wasm.~2~.swam.txt,[2-1][23-1][43-1].wasm.swam.txt,66212
Optional_parameters.wasm.~2~.swam.txt,[2-1][23-1][27-1][51-1].wasm.swam.txt,
Optional_parameters.wasm.~2~.swam.txt,[26-1][27-1][43-1][51-1].wasm.swam.txt,118412
Optional_parameters.wasm.~2~.swam.txt,[24-1][36-1][39-1][41-1][44-1][50-1][51-1].wasm.swam.txt,116410
[2-1][23-1][26-1][27-1].wasm.swam.txt,[2-1][23-1][43-1].wasm.swam.txt,178323
[2-1][23-1][26-1][27-1].wasm.swam.txt,[2-1][23-1][27-1][43-1][51-1].wasm.swam.txt,95225
[2-1][23-1][26-1][27-1].wasm.swam.txt,[2-1][23-1][27-1][51-1].wasm.swam.txt,168330
[2-1][23-1][26-1][27-1].wasm.swam.txt,[24-1][36-1][39-1][41-1][44-1].wasm.swam.txt,142004
[2-1][23-1][26-1].wasm.swam.txt,[2-1][23-1][43-1][52-1].wasm.swam.txt,164964
[2-1][23-1][26-1][27-1].wasm.swam.txt,[2-1][23-1][43-1][52-1].wasm.swam.txt,351551
[2-1][23-1][26-1][27-1].wasm.swam.txt,[24-1][36-1][39-1][41-1].wasm.swam.txt,451959
Optional_parameters.wasm.~2~.swam.txt,[26-1][27-1].wasm.swam.txt,147563
Optional_parameters.wasm.~2~.swam.txt,[3-1][27-1][43-1].wasm.swam.txt,107802
[2-1][23-1][26-1].wasm.swam.txt,[24-1][36-1][39-1][44-1].wasm.swam.txt,15319
[2-1][23-1][26-1][27-1].wasm.swam.txt,[27-1].wasm.swam.txt,32935
Optional_parameters.wasm.~2~.swam.txt,[3-1][4-1][43-1].wasm.swam.txt,34014
[2-1][23-1][26-1][27-1].wasm.swam.txt,[26-1][43-1].wasm.swam.txt,34587
[2-1][23-1][26-1][27-1].wasm.swam.txt,[2-1][23-1][26-1][43-1][52-1].wasm.swam.txt,32938
[2-1][23-1][26-1][27-1].wasm.swam.txt,[2-1][23-1][27-1].wasm.swam.txt,32892
Optional_parameters.wasm.~2~.swam.txt,[24-1][36-1][39-1][41-1].wasm.swam.txt,35015
Optional_parameters.wasm.~2~.swam.txt,[3-1][4-1][43-1][52-1].wasm.swam.txt,34587
[2-1][23-1][26-1][27-1].wasm.swam.txt,[24-1][36-1][39-1][41-1][44-1][50-1][51-1].wasm.swam.txt,34587
[2-1][23-1][26-1].wasm.swam.txt,[2-1][23-1][27-1].wasm.swam.txt,13957
Optional_parameters.wasm.~2~.swam.txt,[27-1][43-1][51-1].wasm.swam.txt,13913
[2-1][23-1][26-1].wasm.swam.txt,[2-1][23-1][27-1][51-1].wasm.swam.txt,32823
[2-1][23-1][26-1].wasm.swam.txt,[26-1][43-1][52-1].wasm.swam.txt,2367
Optional_parameters.wasm.~2~.swam.txt,[24-1][36-1][39-1][44-1].wasm.swam.txt,0
[2-1][23-1][26-1][27-1].wasm.swam.txt,[3-1][27-1][43-1].wasm.swam.txt,1512
[2-1][23-1][26-1][27-1].wasm.swam.txt,[3-1][4-1][43-1].wasm.swam.txt,28
[2-1][23-1][26-1].wasm.swam.txt,[2-1][23-1][52-1].wasm.swam.txt,0
[2-1][23-1][26-1][27-1].wasm.swam.txt,[26-1][27-1].wasm.swam.txt,28
[2-1][23-1][26-1][27-1].wasm.swam.txt,[26-1][27-1][43-1][51-1].wasm.swam.txt,422
[2-1][23-1][26-1][27-1].wasm.swam.txt,[3-1][4-1][43-1][52-1].wasm.swam.txt,0
[2-1][23-1][26-1][27-1].wasm.swam.txt,[24-1][36-1][39-1][41-1][50-1][51-1].wasm.swam.txt,222812
[2-1][23-1][26-1][27-1].wasm.swam.txt,[24-1][36-1][39-1][44-1].wasm.swam.txt,158922
[2-1][23-1][26-1][27-1][43-1].wasm.swam.txt,[2-1][23-1][26-1][52-1].wasm.swam.txt,163227
[2-1][23-1][26-1][27-1][43-1].wasm.swam.txt,[2-1][23-1][27-1].wasm.swam.txt,227569
[2-1][23-1][26-1][27-1][43-1].wasm.swam.txt,[2-1][23-1][27-1][43-1][51-1].wasm.swam.txt,11910
[2-1][23-1][26-1][27-1][43-1].wasm.swam.txt,[2-1][23-1][27-1][51-1].wasm.swam.txt,102863
[2-1][23-1][26-1][27-1].wasm.swam.txt,[26-1][27-1][43-1].wasm.swam.txt,4465
[2-1][23-1][26-1][27-1].wasm.swam.txt,[2-1][23-1][27-1][43-1].wasm.swam.txt,75752
[2-1][23-1][26-1][27-1].wasm.swam.txt,[27-1][43-1][51-1].wasm.swam.txt,100508
[2-1][23-1][26-1][27-1][43-1].wasm.swam.txt,[2-1][23-1][26-1][43-1].wasm.swam.txt,210311
[2-1][23-1][26-1][27-1][43-1].wasm.swam.txt,[2-1][23-1][43-1].wasm.swam.txt,536
[2-1][23-1][26-1][27-1][43-1].wasm.swam.txt,[2-1][23-1][26-1][27-1][43-1][51-1].wasm.swam.txt,509
[2-1][23-1][26-1][27-1][43-1].wasm.swam.txt,[2-1][23-1][43-1][52-1].wasm.swam.txt,48
[2-1][23-1][26-1][27-1][43-1].wasm.swam.txt,[24-1][36-1][39-1][41-1].wasm.swam.txt,536
[2-1][23-1][26-1][27-1][43-1].wasm.swam.txt,[24-1][36-1][39-1][41-1][44-1].wasm.swam.txt,556
[2-1][23-1][26-1][27-1][43-1].wasm.swam.txt,[24-1][36-1][39-1][41-1][50-1][51-1].wasm.swam.txt,36228
[2-1][23-1][26-1][27-1][43-1].wasm.swam.txt,[24-1][36-1][39-1][41-1][44-1][50-1][51-1].wasm.swam.txt,303315
[2-1][23-1][26-1][27-1][43-1].wasm.swam.txt,[2-1][23-1][52-1].wasm.swam.txt,102936
[2-1][23-1][26-1][27-1].wasm.swam.txt,[2-1][23-1][52-1].wasm.swam.txt,14078
[2-1][23-1][26-1][27-1][43-1].wasm.swam.txt,[24-1][36-1][39-1][44-1].wasm.swam.txt,219996
[2-1][23-1][26-1][27-1][43-1].wasm.swam.txt,[27-1].wasm.swam.txt,0
[2-1][23-1][26-1][27-1][43-1].wasm.swam.txt,[26-1][27-1][43-1].wasm.swam.txt,0
[2-1][23-1][26-1][27-1][43-1].wasm.swam.txt,[2-1][23-1][26-1][43-1][52-1].wasm.swam.txt,133270
[2-1][23-1][26-1][27-1][43-1].wasm.swam.txt,[26-1][43-1][52-1].wasm.swam.txt,90222
[2-1][23-1][26-1][27-1][43-1].wasm.swam.txt,[26-1][43-1].wasm.swam.txt,1040
[2-1][23-1][26-1][27-1][43-1].wasm.swam.txt,[3-1][27-1][43-1].wasm.swam.txt,1092
[2-1][23-1][26-1][27-1][43-1].wasm.swam.txt,[3-1][4-1][43-1].wasm.swam.txt,696
[2-1][23-1][26-1][27-1][43-1].wasm.swam.txt,[27-1][43-1][51-1].wasm.swam.txt,721
[2-1][23-1][26-1][27-1][43-1].wasm.swam.txt,[26-1][27-1][43-1][51-1].wasm.swam.txt,2804
[2-1][23-1][26-1][27-1][43-1].wasm.swam.txt,[3-1][4-1][43-1][52-1].wasm.swam.txt,14138
[2-1][23-1][26-1][27-1][43-1][51-1].wasm.swam.txt,[2-1][23-1][26-1][43-1][52-1].wasm.swam.txt,82554
[2-1][23-1][26-1][27-1][43-1][51-1].wasm.swam.txt,[2-1][23-1][26-1][27-1][51-1].wasm.swam.txt,1
[2-1][23-1][26-1][27-1][43-1].wasm.swam.txt,[2-1][23-1][26-1][27-1][51-1].wasm.swam.txt,47701
[2-1][23-1][26-1][27-1][43-1][51-1].wasm.swam.txt,[2-1][23-1][26-1][43-1].wasm.swam.txt,29440
[2-1][23-1][26-1][27-1][43-1][51-1].wasm.swam.txt,[2-1][23-1][26-1][52-1].wasm.swam.txt,94841
[2-1][23-1][26-1][27-1].wasm.swam.txt,[26-1][43-1][52-1].wasm.swam.txt,125356
[2-1][23-1][26-1][27-1][43-1][51-1].wasm.swam.txt,[2-1][23-1][27-1].wasm.swam.txt,9305
[2-1][23-1][26-1][27-1][43-1].wasm.swam.txt,[26-1][27-1].wasm.swam.txt,0
[2-1][23-1][26-1][27-1][43-1].wasm.swam.txt,[2-1][23-1][27-1][43-1].wasm.swam.txt,8138
[2-1][23-1][26-1][27-1][43-1][51-1].wasm.swam.txt,[2-1][23-1][43-1].wasm.swam.txt,2862
[2-1][23-1][26-1][27-1][43-1][51-1].wasm.swam.txt,[24-1][36-1][39-1][41-1][44-1].wasm.swam.txt,5
[2-1][23-1][26-1][27-1][43-1][51-1].wasm.swam.txt,[2-1][23-1][27-1][51-1].wasm.swam.txt,0
[2-1][23-1][26-1][27-1][43-1][51-1].wasm.swam.txt,[2-1][23-1][52-1].wasm.swam.txt,53286
[2-1][23-1][26-1][27-1][43-1][51-1].wasm.swam.txt,[24-1][36-1][39-1][41-1][50-1][51-1].wasm.swam.txt,0
[2-1][23-1][26-1][27-1][43-1][51-1].wasm.swam.txt,[26-1][27-1][43-1][51-1].wasm.swam.txt,353445
[2-1][23-1][26-1][27-1][43-1][51-1].wasm.swam.txt,[26-1][27-1][43-1].wasm.swam.txt,336816
[2-1][23-1][26-1][27-1][43-1][51-1].wasm.swam.txt,[26-1][43-1].wasm.swam.txt,235628
[2-1][23-1][26-1][27-1][43-1][51-1].wasm.swam.txt,[24-1][36-1][39-1][44-1].wasm.swam.txt,152115
[2-1][23-1][26-1][27-1][43-1][51-1].wasm.swam.txt,[26-1][27-1].wasm.swam.txt,1072
[2-1][23-1][26-1][27-1][51-1].wasm.swam.txt,[2-1][23-1][26-1][43-1].wasm.swam.txt,177186
[2-1][23-1][26-1][27-1][51-1].wasm.swam.txt,[2-1][23-1][26-1][43-1][52-1].wasm.swam.txt,0
[2-1][23-1][26-1][27-1][51-1].wasm.swam.txt,[2-1][23-1][26-1][52-1].wasm.swam.txt,0
[2-1][23-1][26-1][27-1][43-1][51-1].wasm.swam.txt,[3-1][4-1][43-1].wasm.swam.txt,356293
[2-1][23-1][26-1][27-1][43-1][51-1].wasm.swam.txt,[27-1][43-1][51-1].wasm.swam.txt,356293
[2-1][23-1][26-1][27-1][43-1][51-1].wasm.swam.txt,[26-1][43-1][52-1].wasm.swam.txt,356293
[2-1][23-1][26-1][27-1][43-1][51-1].wasm.swam.txt,[3-1][4-1][43-1][52-1].wasm.swam.txt,356293
[2-1][23-1][26-1][27-1][43-1][51-1].wasm.swam.txt,[3-1][27-1][43-1].wasm.swam.txt,356293
[2-1][23-1][26-1][27-1][51-1].wasm.swam.txt,[2-1][23-1][27-1].wasm.swam.txt,356293
[2-1][23-1][26-1][27-1][43-1][51-1].wasm.swam.txt,[27-1].wasm.swam.txt,356293
[2-1][23-1][26-1][27-1][51-1].wasm.swam.txt,[2-1][23-1][27-1][43-1].wasm.swam.txt,0
[2-1][23-1][26-1][43-1].wasm.swam.txt,[2-1][23-1][26-1][43-1][52-1].wasm.swam.txt,1354
[2-1][23-1][26-1][27-1][51-1].wasm.swam.txt,[26-1][43-1][52-1].wasm.swam.txt,25753
[2-1][23-1][26-1][43-1].wasm.swam.txt,[2-1][23-1][26-1][52-1].wasm.swam.txt,28034
[2-1][23-1][26-1][27-1][51-1].wasm.swam.txt,[24-1][36-1][39-1][41-1].wasm.swam.txt,14970
[2-1][23-1][26-1][27-1][51-1].wasm.swam.txt,[24-1][36-1][39-1][41-1][44-1].wasm.swam.txt,21882
[2-1][23-1][26-1][27-1][51-1].wasm.swam.txt,[26-1][27-1][43-1][51-1].wasm.swam.txt,24110
[2-1][23-1][26-1][27-1][51-1].wasm.swam.txt,[2-1][23-1][43-1][52-1].wasm.swam.txt,23879
[2-1][23-1][26-1][43-1].wasm.swam.txt,[2-1][23-1][27-1].wasm.swam.txt,23637
[2-1][23-1][26-1][27-1][51-1].wasm.swam.txt,[3-1][27-1][43-1].wasm.swam.txt,23733
[2-1][23-1][26-1][27-1][51-1].wasm.swam.txt,[27-1].wasm.swam.txt,80179
[2-1][23-1][26-1][27-1][51-1].wasm.swam.txt,[26-1][43-1].wasm.swam.txt,77271
[2-1][23-1][26-1][27-1][51-1].wasm.swam.txt,[2-1][23-1][27-1][43-1][51-1].wasm.swam.txt,70247
[2-1][23-1][26-1][27-1][51-1].wasm.swam.txt,[24-1][36-1][39-1][41-1][50-1][51-1].wasm.swam.txt,104180
[2-1][23-1][26-1][27-1][51-1].wasm.swam.txt,[2-1][23-1][43-1].wasm.swam.txt,103454
[2-1][23-1][26-1][27-1][43-1][51-1].wasm.swam.txt,[2-1][23-1][43-1][52-1].wasm.swam.txt,68100
[2-1][23-1][26-1][27-1][51-1].wasm.swam.txt,[2-1][23-1][27-1][51-1].wasm.swam.txt,104361
[2-1][23-1][26-1][27-1][43-1][51-1].wasm.swam.txt,[2-1][23-1][27-1][43-1][51-1].wasm.swam.txt,113136
[2-1][23-1][26-1][27-1][51-1].wasm.swam.txt,[24-1][36-1][39-1][44-1].wasm.swam.txt,54441
[2-1][23-1][26-1][27-1][51-1].wasm.swam.txt,[3-1][4-1][43-1].wasm.swam.txt,52421
[2-1][23-1][26-1][27-1][51-1].wasm.swam.txt,[26-1][27-1].wasm.swam.txt,48931
[2-1][23-1][26-1][27-1][51-1].wasm.swam.txt,[3-1][4-1][43-1][52-1].wasm.swam.txt,32885
[2-1][23-1][26-1][27-1][43-1][51-1].wasm.swam.txt,[24-1][36-1][39-1][41-1].wasm.swam.txt,61093
[2-1][23-1][26-1][27-1][51-1].wasm.swam.txt,[26-1][27-1][43-1].wasm.swam.txt,60621
[2-1][23-1][26-1][27-1][43-1][51-1].wasm.swam.txt,[2-1][23-1][27-1][43-1].wasm.swam.txt,60635
[2-1][23-1][26-1][43-1].wasm.swam.txt,[2-1][23-1][27-1][43-1].wasm.swam.txt,140
[2-1][23-1][26-1][27-1][51-1].wasm.swam.txt,[2-1][23-1][52-1].wasm.swam.txt,48
[2-1][23-1][26-1][27-1][51-1].wasm.swam.txt,[27-1][43-1][51-1].wasm.swam.txt,976
[2-1][23-1][26-1][27-1][51-1].wasm.swam.txt,[24-1][36-1][39-1][41-1][44-1][50-1][51-1].wasm.swam.txt,1059
[2-1][23-1][26-1][27-1][43-1][51-1].wasm.swam.txt,[24-1][36-1][39-1][41-1][44-1][50-1][51-1].wasm.swam.txt,192340
[2-1][23-1][26-1][43-1][52-1].wasm.swam.txt,[2-1][23-1][26-1][52-1].wasm.swam.txt,356313
[2-1][23-1][26-1][43-1].wasm.swam.txt,[3-1][27-1][43-1].wasm.swam.txt,952
[2-1][23-1][26-1][43-1].wasm.swam.txt,[2-1][23-1][27-1][43-1][51-1].wasm.swam.txt,704
[2-1][23-1][26-1][43-1].wasm.swam.txt,[26-1][27-1][43-1][51-1].wasm.swam.txt,0
[2-1][23-1][26-1][43-1].wasm.swam.txt,[26-1][43-1].wasm.swam.txt,1040
[2-1][23-1][26-1][43-1].wasm.swam.txt,[24-1][36-1][39-1][41-1].wasm.swam.txt,0
[2-1][23-1][26-1][43-1].wasm.swam.txt,[27-1].wasm.swam.txt,11607
[2-1][23-1][26-1][43-1].wasm.swam.txt,[2-1][23-1][27-1][51-1].wasm.swam.txt,0
[2-1][23-1][26-1][43-1].wasm.swam.txt,[3-1][4-1][43-1].wasm.swam.txt,3158
[2-1][23-1][26-1][43-1].wasm.swam.txt,[2-1][23-1][43-1].wasm.swam.txt,4207
[2-1][23-1][26-1][43-1].wasm.swam.txt,[3-1][4-1][43-1][52-1].wasm.swam.txt,5572
[2-1][23-1][26-1][43-1].wasm.swam.txt,[26-1][27-1][43-1].wasm.swam.txt,1125
[2-1][23-1][26-1][43-1].wasm.swam.txt,[2-1][23-1][43-1][52-1].wasm.swam.txt,11285
[2-1][23-1][26-1][43-1].wasm.swam.txt,[24-1][36-1][39-1][41-1][50-1][51-1].wasm.swam.txt,0
[2-1][23-1][26-1][43-1][52-1].wasm.swam.txt,[2-1][23-1][27-1].wasm.swam.txt,0
[2-1][23-1][26-1][43-1].wasm.swam.txt,[24-1][36-1][39-1][44-1].wasm.swam.txt,0
[2-1][23-1][26-1][43-1].wasm.swam.txt,[26-1][27-1].wasm.swam.txt,0
[2-1][23-1][26-1][43-1].wasm.swam.txt,[24-1][36-1][39-1][41-1][44-1].wasm.swam.txt,123916
[2-1][23-1][26-1][43-1][52-1].wasm.swam.txt,[2-1][23-1][27-1][43-1][51-1].wasm.swam.txt,0
[2-1][23-1][26-1][43-1].wasm.swam.txt,[26-1][43-1][52-1].wasm.swam.txt,0
[2-1][23-1][26-1][43-1].wasm.swam.txt,[2-1][23-1][52-1].wasm.swam.txt,1092
[2-1][23-1][26-1][43-1].wasm.swam.txt,[27-1][43-1][51-1].wasm.swam.txt,1504
[2-1][23-1][26-1][43-1].wasm.swam.txt,[24-1][36-1][39-1][41-1][44-1][50-1][51-1].wasm.swam.txt,1504
[2-1][23-1][26-1][52-1].wasm.swam.txt,[2-1][23-1][27-1][43-1].wasm.swam.txt,355873
[2-1][23-1][26-1][43-1][52-1].wasm.swam.txt,[2-1][23-1][27-1][43-1].wasm.swam.txt,355873
[2-1][23-1][27-1].wasm.swam.txt,[24-1][36-1][39-1][41-1].wasm.swam.txt,103288
[2-1][23-1][27-1].wasm.swam.txt,[24-1][36-1][39-1][44-1].wasm.swam.txt,
[2-1][23-1][27-1].wasm.swam.txt,[2-1][23-1][27-1][51-1].wasm.swam.txt,0
[2-1][23-1][27-1].wasm.swam.txt,[2-1][23-1][43-1][52-1].wasm.swam.txt,0
[2-1][23-1][27-1].wasm.swam.txt,[2-1][23-1][43-1].wasm.swam.txt,6294
[2-1][23-1][26-1][43-1][52-1].wasm.swam.txt,[26-1][43-1][52-1].wasm.swam.txt,240
[2-1][23-1][26-1][43-1][52-1].wasm.swam.txt,[26-1][43-1].wasm.swam.txt,1274
[2-1][23-1][27-1].wasm.swam.txt,[26-1][27-1][43-1][51-1].wasm.swam.txt,16314
[2-1][23-1][26-1][43-1][52-1].wasm.swam.txt,[26-1][27-1][43-1][51-1].wasm.swam.txt,5
[2-1][23-1][26-1][43-1][52-1].wasm.swam.txt,[2-1][23-1][52-1].wasm.swam.txt,44725
[2-1][23-1][26-1][43-1][52-1].wasm.swam.txt,[3-1][4-1][43-1].wasm.swam.txt,10823
[2-1][23-1][26-1][52-1].wasm.swam.txt,[2-1][23-1][27-1].wasm.swam.txt,36933
[2-1][23-1][26-1][52-1].wasm.swam.txt,[2-1][23-1][27-1][43-1][51-1].wasm.swam.txt,37859
[2-1][23-1][26-1][43-1][52-1].wasm.swam.txt,[3-1][4-1][43-1][52-1].wasm.swam.txt,26992
[2-1][23-1][26-1][52-1].wasm.swam.txt,[2-1][23-1][43-1][52-1].wasm.swam.txt,13930
[2-1][23-1][26-1][43-1][52-1].wasm.swam.txt,[2-1][23-1][27-1][51-1].wasm.swam.txt,49145
[2-1][23-1][27-1].wasm.swam.txt,[26-1][43-1].wasm.swam.txt,30199
[2-1][23-1][26-1][43-1][52-1].wasm.swam.txt,[27-1][43-1][51-1].wasm.swam.txt,39864
[2-1][23-1][26-1][43-1][52-1].wasm.swam.txt,[26-1][27-1][43-1].wasm.swam.txt,18751
[2-1][23-1][26-1][43-1][52-1].wasm.swam.txt,[26-1][27-1].wasm.swam.txt,33227
[2-1][23-1][26-1][52-1].wasm.swam.txt,[3-1][27-1][43-1].wasm.swam.txt,21981
[2-1][23-1][26-1][52-1].wasm.swam.txt,[26-1][27-1][43-1].wasm.swam.txt,18912
[2-1][23-1][27-1][43-1].wasm.swam.txt,[2-1][23-1][27-1][51-1].wasm.swam.txt,30592
[2-1][23-1][26-1][52-1].wasm.swam.txt,[26-1][27-1].wasm.swam.txt,95357
[2-1][23-1][26-1][52-1].wasm.swam.txt,[26-1][43-1][52-1].wasm.swam.txt,30434
[2-1][23-1][26-1][52-1].wasm.swam.txt,[2-1][23-1][27-1][51-1].wasm.swam.txt,30434
[2-1][23-1][27-1].wasm.swam.txt,[26-1][27-1][43-1].wasm.swam.txt,74930
[2-1][23-1][26-1][43-1][52-1].wasm.swam.txt,[24-1][36-1][39-1][41-1].wasm.swam.txt,95353
[2-1][23-1][26-1][43-1][52-1].wasm.swam.txt,[27-1].wasm.swam.txt,78958
[2-1][23-1][26-1][52-1].wasm.swam.txt,[27-1].wasm.swam.txt,95669
[2-1][23-1][26-1][52-1].wasm.swam.txt,[26-1][43-1].wasm.swam.txt,78958
[2-1][23-1][26-1][43-1][52-1].wasm.swam.txt,[24-1][36-1][39-1][44-1].wasm.swam.txt,30434
[2-1][23-1][26-1][52-1].wasm.swam.txt,[2-1][23-1][52-1].wasm.swam.txt,108321
[2-1][23-1][26-1][52-1].wasm.swam.txt,[26-1][27-1][43-1][51-1].wasm.swam.txt,123374
[2-1][23-1][26-1][52-1].wasm.swam.txt,[24-1][36-1][39-1][41-1][44-1].wasm.swam.txt,35017
[2-1][23-1][27-1].wasm.swam.txt,[2-1][23-1][27-1][43-1][51-1].wasm.swam.txt,112271
[2-1][23-1][27-1].wasm.swam.txt,[26-1][27-1].wasm.swam.txt,115254
[2-1][23-1][27-1].wasm.swam.txt,[27-1][43-1][51-1].wasm.swam.txt,95663
[2-1][23-1][26-1][52-1].wasm.swam.txt,[24-1][36-1][39-1][41-1][44-1][50-1][51-1].wasm.swam.txt,30276
[2-1][23-1][26-1][52-1].wasm.swam.txt,[24-1][36-1][39-1][41-1].wasm.swam.txt,30276
[2-1][23-1][26-1][52-1].wasm.swam.txt,[3-1][4-1][43-1][52-1].wasm.swam.txt,95357
[2-1][23-1][27-1].wasm.swam.txt,[27-1].wasm.swam.txt,95353
[2-1][23-1][27-1][43-1].wasm.swam.txt,[2-1][23-1][43-1].wasm.swam.txt,95831
[2-1][23-1][27-1].wasm.swam.txt,[24-1][36-1][39-1][41-1][44-1][50-1][51-1].wasm.swam.txt,111630
[2-1][23-1][27-1].wasm.swam.txt,[3-1][4-1][43-1][52-1].wasm.swam.txt,109294
[2-1][23-1][27-1].wasm.swam.txt,[3-1][27-1][43-1].wasm.swam.txt,3734
[2-1][23-1][26-1][43-1][52-1].wasm.swam.txt,[24-1][36-1][39-1][41-1][50-1][51-1].wasm.swam.txt,112891
[2-1][23-1][26-1][52-1].wasm.swam.txt,[24-1][36-1][39-1][41-1][50-1][51-1].wasm.swam.txt,115142
[2-1][23-1][26-1][52-1].wasm.swam.txt,[3-1][4-1][43-1].wasm.swam.txt,112273
[2-1][23-1][26-1][43-1][52-1].wasm.swam.txt,[3-1][27-1][43-1].wasm.swam.txt,115303
[2-1][23-1][26-1][52-1].wasm.swam.txt,[24-1][36-1][39-1][44-1].wasm.swam.txt,114942
[2-1][23-1][27-1].wasm.swam.txt,[2-1][23-1][52-1].wasm.swam.txt,95669
[2-1][23-1][27-1].wasm.swam.txt,[24-1][36-1][39-1][41-1][44-1].wasm.swam.txt,50793
[2-1][23-1][26-1][43-1][52-1].wasm.swam.txt,[2-1][23-1][43-1][52-1].wasm.swam.txt,114946
[2-1][23-1][27-1].wasm.swam.txt,[26-1][43-1][52-1].wasm.swam.txt,114953
[2-1][23-1][26-1][52-1].wasm.swam.txt,[27-1][43-1][51-1].wasm.swam.txt,258214
[2-1][23-1][26-1][43-1][52-1].wasm.swam.txt,[24-1][36-1][39-1][41-1][44-1].wasm.swam.txt,356948
[2-1][23-1][26-1][52-1].wasm.swam.txt,[2-1][23-1][43-1].wasm.swam.txt,403687
[2-1][23-1][27-1].wasm.swam.txt,[3-1][4-1][43-1].wasm.swam.txt,417792
[2-1][23-1][27-1].wasm.swam.txt,[24-1][36-1][39-1][41-1][50-1][51-1].wasm.swam.txt,277084
[2-1][23-1][26-1][43-1][52-1].wasm.swam.txt,[2-1][23-1][43-1].wasm.swam.txt,274328
[2-1][23-1][26-1][43-1][52-1].wasm.swam.txt,[24-1][36-1][39-1][41-1][44-1][50-1][51-1].wasm.swam.txt,388579
[2-1][23-1][27-1][43-1][51-1].wasm.swam.txt,[2-1][23-1][27-1][51-1].wasm.swam.txt,210027
[2-1][23-1][27-1][43-1].wasm.swam.txt,[2-1][23-1][27-1][43-1][51-1].wasm.swam.txt,132008
[2-1][23-1][27-1].wasm.swam.txt,[2-1][23-1][27-1][43-1].wasm.swam.txt,736
[2-1][23-1][27-1][43-1][51-1].wasm.swam.txt,[26-1][27-1].wasm.swam.txt,101139
[2-1][23-1][27-1][43-1][51-1].wasm.swam.txt,[2-1][23-1][43-1].wasm.swam.txt,183318
[2-1][23-1][27-1][43-1].wasm.swam.txt,[24-1][36-1][39-1][41-1].wasm.swam.txt,253136
[2-1][23-1][27-1][43-1][51-1].wasm.swam.txt,[26-1][27-1][43-1].wasm.swam.txt,269268
[2-1][23-1][27-1][43-1][51-1].wasm.swam.txt,[24-1][36-1][39-1][41-1][44-1].wasm.swam.txt,269414
[2-1][23-1][27-1][43-1][51-1].wasm.swam.txt,[2-1][23-1][52-1].wasm.swam.txt,295149
[2-1][23-1][27-1][43-1][51-1].wasm.swam.txt,[26-1][43-1][52-1].wasm.swam.txt,268855
[2-1][23-1][27-1][43-1].wasm.swam.txt,[2-1][23-1][43-1][52-1].wasm.swam.txt,219435
[2-1][23-1][27-1][43-1].wasm.swam.txt,[24-1][36-1][39-1][41-1][50-1][51-1].wasm.swam.txt,207696
[2-1][23-1][27-1][43-1].wasm.swam.txt,[26-1][27-1][43-1][51-1].wasm.swam.txt,4665
[2-1][23-1][27-1][43-1][51-1].wasm.swam.txt,[27-1].wasm.swam.txt,267685
[2-1][23-1][27-1][43-1].wasm.swam.txt,[26-1][27-1][43-1].wasm.swam.txt,0
[2-1][23-1][27-1][43-1].wasm.swam.txt,[3-1][27-1][43-1].wasm.swam.txt,295149
[2-1][23-1][27-1][43-1][51-1].wasm.swam.txt,[24-1][36-1][39-1][44-1].wasm.swam.txt,283084
[2-1][23-1][27-1][43-1].wasm.swam.txt,[2-1][23-1][52-1].wasm.swam.txt,42206
[2-1][23-1][27-1][43-1][51-1].wasm.swam.txt,[3-1][27-1][43-1].wasm.swam.txt,267685
[2-1][23-1][27-1][43-1].wasm.swam.txt,[26-1][43-1][52-1].wasm.swam.txt,295149
[2-1][23-1][27-1][43-1].wasm.swam.txt,[24-1][36-1][39-1][41-1][44-1][50-1][51-1].wasm.swam.txt,219435
[2-1][23-1][27-1][43-1][51-1].wasm.swam.txt,[27-1][43-1][51-1].wasm.swam.txt,38089
[2-1][23-1][27-1][43-1].wasm.swam.txt,[3-1][4-1][43-1][52-1].wasm.swam.txt,0
[2-1][23-1][27-1][43-1].wasm.swam.txt,[27-1][43-1][51-1].wasm.swam.txt,38820
[2-1][23-1][27-1][43-1].wasm.swam.txt,[3-1][4-1][43-1].wasm.swam.txt,8922
[2-1][23-1][27-1][43-1].wasm.swam.txt,[27-1].wasm.swam.txt,38390
[2-1][23-1][27-1][43-1].wasm.swam.txt,[24-1][36-1][39-1][41-1][44-1].wasm.swam.txt,98987
[2-1][23-1][27-1][43-1].wasm.swam.txt,[26-1][43-1].wasm.swam.txt,94717
[2-1][23-1][27-1][43-1].wasm.swam.txt,[26-1][27-1].wasm.swam.txt,113361
[2-1][23-1][27-1][43-1].wasm.swam.txt,[24-1][36-1][39-1][44-1].wasm.swam.txt,203764
[2-1][23-1][27-1][51-1].wasm.swam.txt,[2-1][23-1][43-1][52-1].wasm.swam.txt,1700
[2-1][23-1][27-1][51-1].wasm.swam.txt,[2-1][23-1][43-1].wasm.swam.txt,0
[2-1][23-1][27-1][43-1][51-1].wasm.swam.txt,[24-1][36-1][39-1][41-1][50-1][51-1].wasm.swam.txt,14199
[2-1][23-1][27-1][51-1].wasm.swam.txt,[2-1][23-1][52-1].wasm.swam.txt,0
[2-1][23-1][27-1][43-1][51-1].wasm.swam.txt,[3-1][4-1][43-1].wasm.swam.txt,0
[2-1][23-1][27-1][43-1][51-1].wasm.swam.txt,[3-1][4-1][43-1][52-1].wasm.swam.txt,217468
[2-1][23-1][27-1][51-1].wasm.swam.txt,[24-1][36-1][39-1][41-1][44-1].wasm.swam.txt,35220
[2-1][23-1][27-1][51-1].wasm.swam.txt,[24-1][36-1][39-1][41-1][44-1][50-1][51-1].wasm.swam.txt,0
[2-1][23-1][27-1][51-1].wasm.swam.txt,[27-1].wasm.swam.txt,35047
[2-1][23-1][27-1][51-1].wasm.swam.txt,[24-1][36-1][39-1][41-1][50-1][51-1].wasm.swam.txt,34264
[2-1][23-1][27-1][51-1].wasm.swam.txt,[26-1][43-1].wasm.swam.txt,87318
[2-1][23-1][27-1][51-1].wasm.swam.txt,[3-1][27-1][43-1].wasm.swam.txt,47870
[2-1][23-1][27-1][51-1].wasm.swam.txt,[3-1][4-1][43-1][52-1].wasm.swam.txt,51908
[2-1][23-1][43-1].wasm.swam.txt,[2-1][23-1][43-1][52-1].wasm.swam.txt,87326
[2-1][23-1][27-1][51-1].wasm.swam.txt,[26-1][43-1][52-1].wasm.swam.txt,89942
[2-1][23-1][27-1][51-1].wasm.swam.txt,[27-1][43-1][51-1].wasm.swam.txt,142208
[2-1][23-1][27-1][51-1].wasm.swam.txt,[24-1][36-1][39-1][41-1].wasm.swam.txt,47435
[2-1][23-1][27-1][51-1].wasm.swam.txt,[24-1][36-1][39-1][44-1].wasm.swam.txt,134588
[2-1][23-1][27-1][51-1].wasm.swam.txt,[26-1][27-1][43-1][51-1].wasm.swam.txt,175688
[2-1][23-1][27-1][51-1].wasm.swam.txt,[26-1][27-1].wasm.swam.txt,174916
[2-1][23-1][27-1][51-1].wasm.swam.txt,[3-1][4-1][43-1].wasm.swam.txt,165031
[2-1][23-1][27-1][51-1].wasm.swam.txt,[26-1][27-1][43-1].wasm.swam.txt,218525
[2-1][23-1][43-1].wasm.swam.txt,[24-1][36-1][39-1][41-1].wasm.swam.txt,267767
[2-1][23-1][27-1][43-1][51-1].wasm.swam.txt,[26-1][27-1][43-1][51-1].wasm.swam.txt,284219
[2-1][23-1][27-1][43-1][51-1].wasm.swam.txt,[2-1][23-1][43-1][52-1].wasm.swam.txt,237260
[2-1][23-1][43-1].wasm.swam.txt,[2-1][23-1][52-1].wasm.swam.txt,230246
[2-1][23-1][43-1].wasm.swam.txt,[24-1][36-1][39-1][41-1][44-1].wasm.swam.txt,332
[2-1][23-1][43-1].wasm.swam.txt,[27-1].wasm.swam.txt,25442
[2-1][23-1][43-1].wasm.swam.txt,[26-1][43-1][52-1].wasm.swam.txt,13576
[2-1][23-1][43-1].wasm.swam.txt,[26-1][43-1].wasm.swam.txt,36041
[2-1][23-1][43-1].wasm.swam.txt,[24-1][36-1][39-1][41-1][44-1][50-1][51-1].wasm.swam.txt,22057
[2-1][23-1][43-1].wasm.swam.txt,[24-1][36-1][39-1][41-1][50-1][51-1].wasm.swam.txt,57726
[2-1][23-1][43-1].wasm.swam.txt,[3-1][27-1][43-1].wasm.swam.txt,49913
[2-1][23-1][43-1][52-1].wasm.swam.txt,[2-1][23-1][52-1].wasm.swam.txt,29157
[2-1][23-1][43-1].wasm.swam.txt,[26-1][27-1][43-1].wasm.swam.txt,29157
[2-1][23-1][43-1].wasm.swam.txt,[26-1][27-1][43-1][51-1].wasm.swam.txt,29157
[2-1][23-1][43-1].wasm.swam.txt,[24-1][36-1][39-1][44-1].wasm.swam.txt,29157
[2-1][23-1][43-1].wasm.swam.txt,[3-1][4-1][43-1][52-1].wasm.swam.txt,29157
[2-1][23-1][43-1].wasm.swam.txt,[3-1][4-1][43-1].wasm.swam.txt,29157
[2-1][23-1][43-1].wasm.swam.txt,[26-1][27-1].wasm.swam.txt,29157
[2-1][23-1][43-1].wasm.swam.txt,[27-1][43-1][51-1].wasm.swam.txt,29157
[2-1][23-1][27-1][43-1][51-1].wasm.swam.txt,[26-1][43-1].wasm.swam.txt,169322
[2-1][23-1][27-1][43-1][51-1].wasm.swam.txt,[24-1][36-1][39-1][41-1].wasm.swam.txt,224275
[2-1][23-1][27-1][43-1][51-1].wasm.swam.txt,[24-1][36-1][39-1][41-1][44-1][50-1][51-1].wasm.swam.txt,195068
[24-1][36-1][39-1][41-1][44-1].wasm.swam.txt,[26-1][43-1].wasm.swam.txt,64
[24-1][36-1][39-1][41-1].wasm.swam.txt,[24-1][36-1][39-1][41-1][44-1].wasm.swam.txt,64
[24-1][36-1][39-1][41-1][44-1].wasm.swam.txt,[27-1][43-1][51-1].wasm.swam.txt,119505
[24-1][36-1][39-1][41-1][44-1].wasm.swam.txt,[26-1][27-1][43-1].wasm.swam.txt,34874
[24-1][36-1][39-1][41-1][44-1].wasm.swam.txt,[24-1][36-1][39-1][41-1][50-1][51-1].wasm.swam.txt,0
[24-1][36-1][39-1][41-1][44-1].wasm.swam.txt,[26-1][43-1][52-1].wasm.swam.txt,44
[24-1][36-1][39-1][41-1][44-1].wasm.swam.txt,[24-1][36-1][39-1][44-1].wasm.swam.txt,0
[24-1][36-1][39-1][41-1][44-1].wasm.swam.txt,[3-1][4-1][43-1][52-1].wasm.swam.txt,1267
[24-1][36-1][39-1][41-1][44-1].wasm.swam.txt,[26-1][27-1].wasm.swam.txt,26443
[2-1][23-1][52-1].wasm.swam.txt,[24-1][36-1][39-1][41-1][50-1][51-1].wasm.swam.txt,10202
[24-1][36-1][39-1][41-1][44-1].wasm.swam.txt,[3-1][4-1][43-1].wasm.swam.txt,63234
[24-1][36-1][39-1][41-1][50-1][51-1].wasm.swam.txt,[26-1][43-1].wasm.swam.txt,24
[24-1][36-1][39-1][41-1].wasm.swam.txt,[26-1][27-1][43-1][51-1].wasm.swam.txt,19517
[24-1][36-1][39-1][41-1].wasm.swam.txt,[3-1][27-1][43-1].wasm.swam.txt,53173
[2-1][23-1][43-1][52-1].wasm.swam.txt,[26-1][43-1][52-1].wasm.swam.txt,22601
[2-1][23-1][43-1][52-1].wasm.swam.txt,[26-1][27-1][43-1].wasm.swam.txt,33344
[2-1][23-1][43-1][52-1].wasm.swam.txt,[24-1][36-1][39-1][41-1][44-1][50-1][51-1].wasm.swam.txt,33144
[24-1][36-1][39-1][41-1].wasm.swam.txt,[27-1][43-1][51-1].wasm.swam.txt,55452
[24-1][36-1][39-1][41-1][44-1].wasm.swam.txt,[27-1].wasm.swam.txt,57587
[24-1][36-1][39-1][41-1][50-1][51-1].wasm.swam.txt,[27-1].wasm.swam.txt,30134
[24-1][36-1][39-1][41-1][44-1].wasm.swam.txt,[24-1][36-1][39-1][41-1][44-1][50-1][51-1].wasm.swam.txt,
[24-1][36-1][39-1][41-1].wasm.swam.txt,[27-1].wasm.swam.txt,63268
[24-1][36-1][39-1][41-1][44-1][50-1][51-1].wasm.swam.txt,[3-1][4-1][43-1].wasm.swam.txt,32192
[24-1][36-1][39-1][44-1].wasm.swam.txt,[3-1][27-1][43-1].wasm.swam.txt,0
[24-1][36-1][39-1][41-1].wasm.swam.txt,[26-1][43-1][52-1].wasm.swam.txt,29552
[24-1][36-1][39-1][41-1][44-1][50-1][51-1].wasm.swam.txt,[26-1][43-1].wasm.swam.txt,48560
[2-1][23-1][52-1].wasm.swam.txt,[26-1][43-1].wasm.swam.txt,63476
[2-1][23-1][52-1].wasm.swam.txt,[26-1][27-1][43-1][51-1].wasm.swam.txt,48278
[2-1][23-1][52-1].wasm.swam.txt,[24-1][36-1][39-1][41-1][44-1].wasm.swam.txt,52050
[2-1][23-1][43-1][52-1].wasm.swam.txt,[26-1][27-1].wasm.swam.txt,63638
[2-1][23-1][43-1][52-1].wasm.swam.txt,[27-1].wasm.swam.txt,48482
[24-1][36-1][39-1][41-1][44-1][50-1][51-1].wasm.swam.txt,[27-1][43-1][51-1].wasm.swam.txt,95731
[2-1][23-1][43-1][52-1].wasm.swam.txt,[24-1][36-1][39-1][41-1][44-1].wasm.swam.txt,69231
[24-1][36-1][39-1][41-1][50-1][51-1].wasm.swam.txt,[24-1][36-1][39-1][44-1].wasm.swam.txt,63476
[24-1][36-1][39-1][41-1][44-1][50-1][51-1].wasm.swam.txt,[24-1][36-1][39-1][44-1].wasm.swam.txt,63302
[2-1][23-1][52-1].wasm.swam.txt,[3-1][4-1][43-1].wasm.swam.txt,
[2-1][23-1][52-1].wasm.swam.txt,[24-1][36-1][39-1][41-1].wasm.swam.txt,58595
[24-1][36-1][39-1][41-1][44-1][50-1][51-1].wasm.swam.txt,[3-1][4-1][43-1][52-1].wasm.swam.txt,57353
[24-1][36-1][39-1][41-1].wasm.swam.txt,[26-1][43-1].wasm.swam.txt,24652
[2-1][23-1][43-1][52-1].wasm.swam.txt,[24-1][36-1][39-1][41-1].wasm.swam.txt,49720
[24-1][36-1][39-1][41-1][44-1].wasm.swam.txt,[3-1][27-1][43-1].wasm.swam.txt,48482
[24-1][36-1][39-1][41-1][44-1][50-1][51-1].wasm.swam.txt,[26-1][27-1][43-1][51-1].wasm.swam.txt,57353
[2-1][23-1][43-1][52-1].wasm.swam.txt,[3-1][27-1][43-1].wasm.swam.txt,63252
[24-1][36-1][39-1][41-1][44-1][50-1][51-1].wasm.swam.txt,[24-1][36-1][39-1][41-1][50-1][51-1].wasm.swam.txt,
[2-1][23-1][52-1].wasm.swam.txt,[26-1][27-1][43-1].wasm.swam.txt,55348
[2-1][23-1][52-1].wasm.swam.txt,[26-1][43-1][52-1].wasm.swam.txt,
[24-1][36-1][39-1][41-1][50-1][51-1].wasm.swam.txt,[3-1][27-1][43-1].wasm.swam.txt,35842
[24-1][36-1][39-1][41-1].wasm.swam.txt,[26-1][27-1][43-1].wasm.swam.txt,81271
[24-1][36-1][39-1][41-1][44-1].wasm.swam.txt,[26-1][27-1][43-1][51-1].wasm.swam.txt,99954
[2-1][23-1][43-1][52-1].wasm.swam.txt,[3-1][4-1][43-1].wasm.swam.txt,732
[24-1][36-1][39-1][41-1].wasm.swam.txt,[24-1][36-1][39-1][44-1].wasm.swam.txt,
[2-1][23-1][43-1][52-1].wasm.swam.txt,[27-1][43-1][51-1].wasm.swam.txt,
[24-1][36-1][39-1][41-1][50-1][51-1].wasm.swam.txt,[26-1][27-1][43-1][51-1].wasm.swam.txt,48482
[2-1][23-1][43-1][52-1].wasm.swam.txt,[3-1][4-1][43-1][52-1].wasm.swam.txt,
[2-1][23-1][43-1][52-1].wasm.swam.txt,[24-1][36-1][39-1][44-1].wasm.swam.txt,6199
[24-1][36-1][39-1][41-1].wasm.swam.txt,[24-1][36-1][39-1][41-1][50-1][51-1].wasm.swam.txt,32967
[2-1][23-1][52-1].wasm.swam.txt,[3-1][27-1][43-1].wasm.swam.txt,
[24-1][36-1][39-1][41-1].wasm.swam.txt,[24-1][36-1][39-1][41-1][44-1][50-1][51-1].wasm.swam.txt,
[24-1][36-1][39-1][41-1][50-1][51-1].wasm.swam.txt,[3-1][4-1][43-1][52-1].wasm.swam.txt,
[24-1][36-1][39-1][41-1].wasm.swam.txt,[3-1][4-1][43-1][52-1].wasm.swam.txt,12523
[24-1][36-1][39-1][41-1].wasm.swam.txt,[3-1][4-1][43-1].wasm.swam.txt,38082
[2-1][23-1][52-1].wasm.swam.txt,[24-1][36-1][39-1][44-1].wasm.swam.txt,27384
[2-1][23-1][52-1].wasm.swam.txt,[27-1][43-1][51-1].wasm.swam.txt,
[24-1][36-1][39-1][41-1][44-1][50-1][51-1].wasm.swam.txt,[3-1][27-1][43-1].wasm.swam.txt,83714
[24-1][36-1][39-1][44-1].wasm.swam.txt,[26-1][27-1][43-1].wasm.swam.txt,48903
[2-1][23-1][52-1].wasm.swam.txt,[24-1][36-1][39-1][41-1][44-1][50-1][51-1].wasm.swam.txt,57391
[24-1][36-1][39-1][41-1][44-1][50-1][51-1].wasm.swam.txt,[27-1].wasm.swam.txt,
[2-1][23-1][52-1].wasm.swam.txt,[26-1][27-1].wasm.swam.txt,
[24-1][36-1][39-1][44-1].wasm.swam.txt,[26-1][27-1][43-1][51-1].wasm.swam.txt,152350
[2-1][23-1][52-1].wasm.swam.txt,[27-1].wasm.swam.txt,
[2-1][23-1][43-1][52-1].wasm.swam.txt,[26-1][27-1][43-1][51-1].wasm.swam.txt,190717
[24-1][36-1][39-1][44-1].wasm.swam.txt,[26-1][27-1].wasm.swam.txt,154579
[24-1][36-1][39-1][41-1][44-1][50-1][51-1].wasm.swam.txt,[26-1][27-1].wasm.swam.txt,80
[24-1][36-1][39-1][41-1].wasm.swam.txt,[26-1][27-1].wasm.swam.txt,237736
[24-1][36-1][39-1][41-1][44-1][50-1][51-1].wasm.swam.txt,[26-1][43-1][52-1].wasm.swam.txt,175684
[24-1][36-1][39-1][41-1][50-1][51-1].wasm.swam.txt,[26-1][27-1].wasm.swam.txt,
[24-1][36-1][39-1][44-1].wasm.swam.txt,[26-1][43-1][52-1].wasm.swam.txt,143617
[24-1][36-1][39-1][41-1][50-1][51-1].wasm.swam.txt,[27-1][43-1][51-1].wasm.swam.txt,158329
[26-1][27-1].wasm.swam.txt,[3-1][27-1][43-1].wasm.swam.txt,118631
[24-1][36-1][39-1][44-1].wasm.swam.txt,[27-1].wasm.swam.txt,
[24-1][36-1][39-1][44-1].wasm.swam.txt,[26-1][43-1].wasm.swam.txt,
[26-1][27-1].wasm.swam.txt,[27-1].wasm.swam.txt,
[24-1][36-1][39-1][41-1][50-1][51-1].wasm.swam.txt,[3-1][4-1][43-1].wasm.swam.txt,11180
[24-1][36-1][39-1][41-1][44-1][50-1][51-1].wasm.swam.txt,[26-1][27-1][43-1].wasm.swam.txt,6144
[24-1][36-1][39-1][44-1].wasm.swam.txt,[3-1][4-1][43-1][52-1].wasm.swam.txt,
[26-1][27-1][43-1].wasm.swam.txt,[26-1][27-1][43-1][51-1].wasm.swam.txt,67683
[26-1][27-1].wasm.swam.txt,[3-1][4-1][43-1].wasm.swam.txt,17599
[26-1][27-1].wasm.swam.txt,[27-1][43-1][51-1].wasm.swam.txt,
[26-1][27-1][43-1].wasm.swam.txt,[3-1][4-1][43-1][52-1].wasm.swam.txt,
[26-1][27-1].wasm.swam.txt,[3-1][4-1][43-1][52-1].wasm.swam.txt,
[26-1][27-1][43-1].wasm.swam.txt,[27-1].wasm.swam.txt,
[26-1][27-1].wasm.swam.txt,[26-1][43-1][52-1].wasm.swam.txt,
[26-1][27-1][43-1][51-1].wasm.swam.txt,[26-1][43-1].wasm.swam.txt,
[24-1][36-1][39-1][44-1].wasm.swam.txt,[3-1][4-1][43-1].wasm.swam.txt,108317
[26-1][27-1][43-1][51-1].wasm.swam.txt,[3-1][4-1][43-1][52-1].wasm.swam.txt,83846
[2-1][23-1][43-1][52-1].wasm.swam.txt,[24-1][36-1][39-1][41-1][50-1][51-1].wasm.swam.txt,84254
[26-1][27-1][43-1][51-1].wasm.swam.txt,[27-1][43-1][51-1].wasm.swam.txt,58895
[26-1][27-1][43-1].wasm.swam.txt,[3-1][4-1][43-1].wasm.swam.txt,
[26-1][27-1][43-1].wasm.swam.txt,[3-1][27-1][43-1].wasm.swam.txt,
[24-1][36-1][39-1][44-1].wasm.swam.txt,[27-1][43-1][51-1].wasm.swam.txt,92454
[26-1][27-1][43-1][51-1].wasm.swam.txt,[3-1][4-1][43-1].wasm.swam.txt,38597
[26-1][27-1][43-1][51-1].wasm.swam.txt,[3-1][27-1][43-1].wasm.swam.txt,
[26-1][27-1][43-1].wasm.swam.txt,[27-1][43-1][51-1].wasm.swam.txt,40186
[2-1][23-1][52-1].wasm.swam.txt,[3-1][4-1][43-1][52-1].wasm.swam.txt,8202
[2-1][23-1][43-1][52-1].wasm.swam.txt,[26-1][43-1].wasm.swam.txt,46484
[26-1][43-1].wasm.swam.txt,[3-1][4-1][43-1][52-1].wasm.swam.txt,87320
[26-1][43-1].wasm.swam.txt,[3-1][4-1][43-1].wasm.swam.txt,0
[24-1][36-1][39-1][41-1][50-1][51-1].wasm.swam.txt,[26-1][43-1][52-1].wasm.swam.txt,27451
[26-1][43-1].wasm.swam.txt,[27-1].wasm.swam.txt,0
[26-1][43-1].wasm.swam.txt,[27-1][43-1][51-1].wasm.swam.txt,0
[26-1][43-1].wasm.swam.txt,[3-1][27-1][43-1].wasm.swam.txt,48
[26-1][43-1][52-1].wasm.swam.txt,[27-1][43-1][51-1].wasm.swam.txt,13133
[26-1][27-1][43-1].wasm.swam.txt,[26-1][43-1].wasm.swam.txt,15974
[26-1][43-1][52-1].wasm.swam.txt,[3-1][27-1][43-1].wasm.swam.txt,164649
[26-1][43-1][52-1].wasm.swam.txt,[3-1][4-1][43-1].wasm.swam.txt,124989
[26-1][43-1][52-1].wasm.swam.txt,[3-1][4-1][43-1][52-1].wasm.swam.txt,159875
[26-1][27-1].wasm.swam.txt,[26-1][27-1][43-1][51-1].wasm.swam.txt,28845
[26-1][27-1][43-1][51-1].wasm.swam.txt,[27-1].wasm.swam.txt,111635
[27-1].wasm.swam.txt,[3-1][27-1][43-1].wasm.swam.txt,105088
[27-1].wasm.swam.txt,[27-1][43-1][51-1].wasm.swam.txt,44
[27-1].wasm.swam.txt,[3-1][4-1][43-1].wasm.swam.txt,65979
[26-1][27-1].wasm.swam.txt,[26-1][43-1].wasm.swam.txt,8934
[27-1].wasm.swam.txt,[3-1][4-1][43-1][52-1].wasm.swam.txt,1108
[27-1][43-1][51-1].wasm.swam.txt,[3-1][27-1][43-1].wasm.swam.txt,2826
[26-1][27-1][43-1][51-1].wasm.swam.txt,[26-1][43-1][52-1].wasm.swam.txt,0
[3-1][27-1][43-1].wasm.swam.txt,[3-1][4-1][43-1].wasm.swam.txt,69
[3-1][4-1][43-1].wasm.swam.txt,[3-1][4-1][43-1][52-1].wasm.swam.txt,178536
[27-1][43-1][51-1].wasm.swam.txt,[3-1][4-1][43-1][52-1].wasm.swam.txt,178528
[27-1][43-1][51-1].wasm.swam.txt,[3-1][4-1][43-1].wasm.swam.txt,178528
[3-1][27-1][43-1].wasm.swam.txt,[3-1][4-1][43-1][52-1].wasm.swam.txt,244420
[24-1][36-1][39-1][41-1][50-1][51-1].wasm.swam.txt,[26-1][27-1][43-1].wasm.swam.txt,187340
[26-1][43-1].wasm.swam.txt,[26-1][43-1][52-1].wasm.swam.txt,273572
[26-1][27-1][43-1].wasm.swam.txt,[26-1][43-1][52-1].wasm.swam.txt,291322
[26-1][43-1][52-1].wasm.swam.txt,[27-1].wasm.swam.txt,301103
[26-1][27-1].wasm.swam.txt,[26-1][27-1][43-1].wasm.swam.txt,215482
