t1,t2,diff
[0-1][1-1][2-1][60-1].wasm.swam.txt,[49-1].wasm.swam.txt,399883
[49-1].wasm.swam.txt,[49-1][73-1].wasm.swam.txt,7654
[49-1].wasm.swam.txt,[49-2][58-1].wasm.swam.txt,28625
[49-1].wasm.swam.txt,[49-2][58-1][67-1].wasm.swam.txt,98490
[49-1].wasm.swam.txt,[49-1][67-1][73-1].wasm.swam.txt,0
[49-1].wasm.swam.txt,[8-1].wasm.swam.txt,307436
[49-1].wasm.swam.txt,[49-2][58-1][73-1].wasm.swam.txt,99627
[49-1].wasm.swam.txt,[49-2][58-1][67-1][73-1].wasm.swam.txt,307424
[49-1].wasm.swam.txt,[49-2][67-1].wasm.swam.txt,375315
[49-1].wasm.swam.txt,[73-1].wasm.swam.txt,100070
[49-1].wasm.swam.txt,[8-1][49-1][67-1].wasm.swam.txt,295071
[49-1].wasm.swam.txt,[8-1][49-1][58-1][73-1].wasm.swam.txt,290953
[49-1].wasm.swam.txt,[8-1][49-1][58-1].wasm.swam.txt,315097
[49-1].wasm.swam.txt,[8-1][49-1][67-1][73-1].wasm.swam.txt,249390
[49-1].wasm.swam.txt,[8-1][49-1][58-1][67-1].wasm.swam.txt,175240
[49-1].wasm.swam.txt,[8-1][49-1][73-1].wasm.swam.txt,93139
[49-1][58-1].wasm.swam.txt,[49-1][58-1][73-1].wasm.swam.txt,24
[49-1].wasm.swam.txt,[8-1][58-1].wasm.swam.txt,139939
[49-1].wasm.swam.txt,[8-1][49-1][58-1][67-1][73-1].wasm.swam.txt,18
[49-1].wasm.swam.txt,[8-1][58-1][67-1].wasm.swam.txt,137790
[49-1].wasm.swam.txt,[8-1][73-1].wasm.swam.txt,28
[49-1].wasm.swam.txt,[8-1][58-1][67-1][73-1].wasm.swam.txt,0
[49-1][58-1].wasm.swam.txt,[49-2][58-1].wasm.swam.txt,57
[49-1].wasm.swam.txt,[8-1][67-1][73-1].wasm.swam.txt,67640
[49-1][58-1].wasm.swam.txt,[49-1][73-1].wasm.swam.txt,67685
[49-1].wasm.swam.txt,[8-1][67-1].wasm.swam.txt,12663
[49-1][58-1].wasm.swam.txt,[49-1][67-1][73-1].wasm.swam.txt,12793
[49-1][58-1].wasm.swam.txt,[8-1][67-1][73-1].wasm.swam.txt,
[49-1][58-1].wasm.swam.txt,[8-1][49-1][58-1].wasm.swam.txt,129982
[49-1][58-1].wasm.swam.txt,[49-2][58-1][67-1].wasm.swam.txt,91556
[49-1][58-1].wasm.swam.txt,[49-2][58-1][67-1][73-1].wasm.swam.txt,20
[49-1][58-1][73-1].wasm.swam.txt,[49-1][67-1][73-1].wasm.swam.txt,58653
[49-1][58-1].wasm.swam.txt,[49-2][67-1].wasm.swam.txt,57096
[49-1][58-1].wasm.swam.txt,[49-2][58-1][73-1].wasm.swam.txt,307177
[49-1][58-1].wasm.swam.txt,[8-1][49-1][67-1][73-1].wasm.swam.txt,568574
[49-1][58-1].wasm.swam.txt,[8-1][49-1][58-1][67-1].wasm.swam.txt,610774
[49-1][58-1][73-1].wasm.swam.txt,[73-1].wasm.swam.txt,379859
[49-1][58-1][73-1].wasm.swam.txt,[49-2][58-1].wasm.swam.txt,338162
[49-1][58-1][73-1].wasm.swam.txt,[49-1][67-1].wasm.swam.txt,397494
[49-1][58-1][73-1].wasm.swam.txt,[49-2][58-1][73-1].wasm.swam.txt,352519
[49-1][58-1][73-1].wasm.swam.txt,[8-1][49-1][67-1][73-1].wasm.swam.txt,380772
[49-1][67-1].wasm.swam.txt,[8-1][49-1][58-1].wasm.swam.txt,334365
[49-1][58-1].wasm.swam.txt,[8-1].wasm.swam.txt,0
[49-1][58-1][73-1].wasm.swam.txt,[8-1].wasm.swam.txt,0
[49-1][58-1][73-1].wasm.swam.txt,[8-1][67-1][73-1].wasm.swam.txt,0
[49-1][58-1][73-1].wasm.swam.txt,[8-1][49-1][73-1].wasm.swam.txt,3826
[49-1][58-1][73-1].wasm.swam.txt,[8-1][58-1].wasm.swam.txt,6
[49-1][58-1][73-1].wasm.swam.txt,[8-1][58-1][67-1][73-1].wasm.swam.txt,8
[49-1][58-1].wasm.swam.txt,[8-1][58-1][67-1][73-1].wasm.swam.txt,0
[49-1][58-1][73-1].wasm.swam.txt,[8-1][49-1][58-1][67-1][73-1].wasm.swam.txt,0
[49-1][58-1][73-1].wasm.swam.txt,[8-1][58-1][67-1].wasm.swam.txt,0
[49-1][58-1][73-1].wasm.swam.txt,[8-1][49-1][67-1].wasm.swam.txt,0
[49-1][67-1].wasm.swam.txt,[49-2][58-1][67-1][73-1].wasm.swam.txt,117791
[49-1][58-1][73-1].wasm.swam.txt,[49-2][58-1][67-1][73-1].wasm.swam.txt,164277
[49-1][58-1][73-1].wasm.swam.txt,[8-1][73-1].wasm.swam.txt,28
[49-1][58-1][73-1].wasm.swam.txt,[8-1][49-1][58-1][73-1].wasm.swam.txt,434665
[49-1][67-1].wasm.swam.txt,[49-2][58-1][67-1].wasm.swam.txt,430492
[49-1][67-1].wasm.swam.txt,[49-2][58-1].wasm.swam.txt,0
[49-1][67-1].wasm.swam.txt,[49-2][58-1][73-1].wasm.swam.txt,
[49-1][58-1][73-1].wasm.swam.txt,[8-1][49-1][58-1][67-1].wasm.swam.txt,
[49-1][67-1].wasm.swam.txt,[49-2][67-1].wasm.swam.txt,44
[49-1][58-1][73-1].wasm.swam.txt,[8-1][67-1].wasm.swam.txt,
[49-1][58-1].wasm.swam.txt,[8-1][67-1].wasm.swam.txt,301290
[49-1][67-1].wasm.swam.txt,[8-1][67-1][73-1].wasm.swam.txt,700104
[49-1][67-1].wasm.swam.txt,[8-1].wasm.swam.txt,700132
[49-1][67-1][73-1].wasm.swam.txt,[49-1][73-1].wasm.swam.txt,700134
[49-1][58-1].wasm.swam.txt,[73-1].wasm.swam.txt,696829
[49-1][67-1].wasm.swam.txt,[49-1][73-1].wasm.swam.txt,700142
[49-1][67-1].wasm.swam.txt,[8-1][58-1][67-1][73-1].wasm.swam.txt,479641
[49-1][67-1].wasm.swam.txt,[73-1].wasm.swam.txt,31424
[49-1][67-1].wasm.swam.txt,[8-1][58-1].wasm.swam.txt,31430
[49-1][67-1][73-1].wasm.swam.txt,[73-1].wasm.swam.txt,36768
[49-1][67-1].wasm.swam.txt,[8-1][49-1][58-1][67-1][73-1].wasm.swam.txt,36768
[49-1][67-1].wasm.swam.txt,[8-1][49-1][73-1].wasm.swam.txt,0
[49-1][67-1].wasm.swam.txt,[8-1][49-1][58-1][73-1].wasm.swam.txt,238804
[49-1][67-1].wasm.swam.txt,[8-1][49-1][67-1].wasm.swam.txt,52108
[49-1][67-1][73-1].wasm.swam.txt,[49-2][67-1].wasm.swam.txt,
[49-1][67-1].wasm.swam.txt,[8-1][49-1][58-1][67-1].wasm.swam.txt,28
[49-1][67-1].wasm.swam.txt,[8-1][73-1].wasm.swam.txt,241
[49-1][67-1].wasm.swam.txt,[8-1][67-1].wasm.swam.txt,34
[49-1][67-1][73-1].wasm.swam.txt,[49-2][58-1][67-1][73-1].wasm.swam.txt,
[49-1][67-1].wasm.swam.txt,[8-1][49-1][67-1][73-1].wasm.swam.txt,6
[49-1][67-1].wasm.swam.txt,[8-1][58-1][67-1].wasm.swam.txt,0
[49-1][67-1][73-1].wasm.swam.txt,[49-2][58-1][73-1].wasm.swam.txt,0
[49-1][67-1][73-1].wasm.swam.txt,[49-2][58-1].wasm.swam.txt,0
[49-1][67-1][73-1].wasm.swam.txt,[49-2][58-1][67-1].wasm.swam.txt,0
[49-1][67-1][73-1].wasm.swam.txt,[8-1][49-1][58-1][67-1][73-1].wasm.swam.txt,51213
[49-1][67-1][73-1].wasm.swam.txt,[8-1][58-1][67-1][73-1].wasm.swam.txt,92027
[49-1][67-1][73-1].wasm.swam.txt,[8-1][67-1][73-1].wasm.swam.txt,34827
[49-1][67-1][73-1].wasm.swam.txt,[8-1][58-1].wasm.swam.txt,161248
[49-1][67-1][73-1].wasm.swam.txt,[8-1].wasm.swam.txt,429136
[49-1][73-1].wasm.swam.txt,[49-2][58-1][67-1].wasm.swam.txt,235046
[49-1][67-1][73-1].wasm.swam.txt,[8-1][49-1][73-1].wasm.swam.txt,396757
[49-1][67-1][73-1].wasm.swam.txt,[8-1][49-1][58-1].wasm.swam.txt,198120
[49-1][67-1][73-1].wasm.swam.txt,[8-1][49-1][58-1][67-1].wasm.swam.txt,34289
[49-1][67-1][73-1].wasm.swam.txt,[8-1][49-1][58-1][73-1].wasm.swam.txt,34367
[49-1][67-1][73-1].wasm.swam.txt,[8-1][67-1].wasm.swam.txt,34395
[49-1][67-1][73-1].wasm.swam.txt,[8-1][73-1].wasm.swam.txt,842
[49-1][67-1][73-1].wasm.swam.txt,[8-1][49-1][67-1][73-1].wasm.swam.txt,64
[49-1][67-1][73-1].wasm.swam.txt,[8-1][58-1][67-1].wasm.swam.txt,0
[49-1][67-1][73-1].wasm.swam.txt,[8-1][49-1][67-1].wasm.swam.txt,51280
[49-2][58-1].wasm.swam.txt,[49-2][58-1][67-1].wasm.swam.txt,
[49-2][58-1].wasm.swam.txt,[49-2][58-1][73-1].wasm.swam.txt,12
[49-1][73-1].wasm.swam.txt,[8-1][49-1][58-1][67-1].wasm.swam.txt,12
[49-1][73-1].wasm.swam.txt,[8-1][49-1][58-1][67-1][73-1].wasm.swam.txt,12
[49-1][73-1].wasm.swam.txt,[8-1][58-1].wasm.swam.txt,79446
[49-1][73-1].wasm.swam.txt,[8-1][49-1][67-1].wasm.swam.txt,73035
[49-1][73-1].wasm.swam.txt,[8-1][73-1].wasm.swam.txt,28
[49-1][73-1].wasm.swam.txt,[8-1][49-1][67-1][73-1].wasm.swam.txt,28
[49-1][73-1].wasm.swam.txt,[8-1][67-1][73-1].wasm.swam.txt,0
[49-1][73-1].wasm.swam.txt,[8-1][58-1][67-1].wasm.swam.txt,44
[49-1][73-1].wasm.swam.txt,[8-1][58-1][67-1][73-1].wasm.swam.txt,56
[49-2][58-1].wasm.swam.txt,[8-1][49-1][67-1][73-1].wasm.swam.txt,34
[49-2][58-1].wasm.swam.txt,[49-2][58-1][67-1][73-1].wasm.swam.txt,28
[49-2][58-1].wasm.swam.txt,[73-1].wasm.swam.txt,389
[49-1][73-1].wasm.swam.txt,[8-1][67-1].wasm.swam.txt,392
[49-1][73-1].wasm.swam.txt,[8-1][49-1][58-1][73-1].wasm.swam.txt,100
[49-1][73-1].wasm.swam.txt,[8-1][49-1][73-1].wasm.swam.txt,18
[49-2][58-1].wasm.swam.txt,[8-1][49-1][58-1].wasm.swam.txt,404472
[49-2][58-1].wasm.swam.txt,[49-2][67-1].wasm.swam.txt,304824
[49-2][58-1].wasm.swam.txt,[8-1].wasm.swam.txt,217347
[49-2][58-1].wasm.swam.txt,[8-1][58-1][67-1].wasm.swam.txt,558046
[49-2][58-1].wasm.swam.txt,[8-1][49-1][73-1].wasm.swam.txt,442039
[49-2][58-1].wasm.swam.txt,[8-1][49-1][58-1][67-1].wasm.swam.txt,384479
[49-2][58-1].wasm.swam.txt,[8-1][58-1].wasm.swam.txt,425070
[49-2][58-1][67-1].wasm.swam.txt,[49-2][67-1].wasm.swam.txt,386220
[49-2][58-1][67-1].wasm.swam.txt,[73-1].wasm.swam.txt,417953
[49-2][58-1].wasm.swam.txt,[8-1][58-1][67-1][73-1].wasm.swam.txt,440264
[49-2][58-1][67-1].wasm.swam.txt,[8-1].wasm.swam.txt,456867
[49-2][58-1].wasm.swam.txt,[8-1][67-1][73-1].wasm.swam.txt,100930
[49-2][58-1][67-1].wasm.swam.txt,[8-1][49-1][67-1].wasm.swam.txt,357294
[49-2][58-1][67-1].wasm.swam.txt,[49-2][58-1][73-1].wasm.swam.txt,186441
[49-2][58-1][67-1].wasm.swam.txt,[8-1][49-1][73-1].wasm.swam.txt,
[49-2][58-1][67-1].wasm.swam.txt,[8-1][73-1].wasm.swam.txt,
[49-2][58-1][67-1][73-1].wasm.swam.txt,[49-2][67-1].wasm.swam.txt,186621
[49-2][58-1][67-1].wasm.swam.txt,[49-2][58-1][67-1][73-1].wasm.swam.txt,
[49-2][58-1][67-1].wasm.swam.txt,[8-1][49-1][58-1][67-1].wasm.swam.txt,
[49-2][58-1][67-1].wasm.swam.txt,[8-1][49-1][58-1][73-1].wasm.swam.txt,
[49-2][58-1][67-1].wasm.swam.txt,[8-1][49-1][58-1].wasm.swam.txt,
[49-2][58-1][67-1].wasm.swam.txt,[8-1][67-1].wasm.swam.txt,543478
[49-2][58-1][67-1].wasm.swam.txt,[8-1][49-1][58-1][67-1][73-1].wasm.swam.txt,
[49-2][58-1][67-1].wasm.swam.txt,[8-1][67-1][73-1].wasm.swam.txt,311609
[49-2][58-1][67-1].wasm.swam.txt,[8-1][49-1][67-1][73-1].wasm.swam.txt,307021
[49-2][58-1][67-1].wasm.swam.txt,[8-1][58-1][67-1][73-1].wasm.swam.txt,311909
[49-2][58-1][67-1][73-1].wasm.swam.txt,[49-2][58-1][73-1].wasm.swam.txt,308160
[49-2][58-1][67-1].wasm.swam.txt,[8-1][58-1].wasm.swam.txt,308483
[49-2][58-1][67-1].wasm.swam.txt,[8-1][58-1][67-1].wasm.swam.txt,1538886
[49-2][58-1][67-1][73-1].wasm.swam.txt,[73-1].wasm.swam.txt,1622319
[0-1][1-1][2-1][60-1].wasm.swam.txt,[49-1][73-1].wasm.swam.txt,1005888
[49-2][58-1].wasm.swam.txt,[8-1][49-1][67-1].wasm.swam.txt,560339
[49-2][58-1][67-1][73-1].wasm.swam.txt,[8-1][49-1][58-1][67-1].wasm.swam.txt,637742
[49-2][58-1][67-1][73-1].wasm.swam.txt,[8-1].wasm.swam.txt,637350
[49-2][58-1][67-1][73-1].wasm.swam.txt,[8-1][49-1][58-1].wasm.swam.txt,799451
[49-2][58-1][67-1][73-1].wasm.swam.txt,[8-1][49-1][58-1][73-1].wasm.swam.txt,1899652
[49-2][58-1][67-1][73-1].wasm.swam.txt,[8-1][49-1][58-1][67-1][73-1].wasm.swam.txt,1899652
[49-1][58-1].wasm.swam.txt,[8-1][49-1][67-1].wasm.swam.txt,1996504
[49-1][58-1].wasm.swam.txt,[8-1][49-1][58-1][67-1][73-1].wasm.swam.txt,844334
[0-1][1-1][2-1][60-1].wasm.swam.txt,[49-1][67-1][73-1].wasm.swam.txt,209353
[0-1][1-1][2-1][60-1].wasm.swam.txt,[49-2][58-1].wasm.swam.txt,6302
[0-1][1-1][2-1][60-1].wasm.swam.txt,[8-1][49-1][58-1].wasm.swam.txt,1757
[49-1][67-1].wasm.swam.txt,[49-1][67-1][73-1].wasm.swam.txt,507187
[0-1][1-1][2-1][60-1].wasm.swam.txt,[8-1][67-1].wasm.swam.txt,516442
[49-2][58-1][67-1][73-1].wasm.swam.txt,[8-1][49-1][73-1].wasm.swam.txt,
[49-2][58-1][67-1][73-1].wasm.swam.txt,[8-1][58-1][67-1].wasm.swam.txt,
[0-1][1-1][2-1][60-1].wasm.swam.txt,[8-1][49-1][58-1][73-1].wasm.swam.txt,176195
[49-2][58-1][67-1][73-1].wasm.swam.txt,[8-1][49-1][67-1][73-1].wasm.swam.txt,11225
[49-2][58-1][67-1][73-1].wasm.swam.txt,[8-1][49-1][67-1].wasm.swam.txt,179572
[49-2][58-1][67-1][73-1].wasm.swam.txt,[8-1][58-1].wasm.swam.txt,750806
[49-2][58-1][67-1][73-1].wasm.swam.txt,[8-1][58-1][67-1][73-1].wasm.swam.txt,153244
[0-1][1-1][2-1][60-1].wasm.swam.txt,[49-2][58-1][67-1][73-1].wasm.swam.txt,340014
[0-1][1-1][2-1][60-1].wasm.swam.txt,[8-1][73-1].wasm.swam.txt,417077
[49-2][58-1][67-1][73-1].wasm.swam.txt,[8-1][67-1][73-1].wasm.swam.txt,420041
[49-2][67-1].wasm.swam.txt,[8-1][49-1][58-1][73-1].wasm.swam.txt,0
[49-2][58-1][73-1].wasm.swam.txt,[8-1][49-1][58-1][67-1].wasm.swam.txt,387059
[49-2][58-1][73-1].wasm.swam.txt,[8-1].wasm.swam.txt,385623
[49-2][58-1][73-1].wasm.swam.txt,[8-1][49-1][58-1][67-1][73-1].wasm.swam.txt,904282
[0-1][1-1][2-1][60-1].wasm.swam.txt,[49-2][58-1][67-1].wasm.swam.txt,349398
[49-2][67-1].wasm.swam.txt,[8-1].wasm.swam.txt,418732
[49-2][58-1][73-1].wasm.swam.txt,[8-1][49-1][58-1].wasm.swam.txt,698301
[0-1][1-1][2-1][60-1].wasm.swam.txt,[8-1][49-1][67-1].wasm.swam.txt,89706
[49-2][67-1].wasm.swam.txt,[8-1][49-1][58-1][67-1].wasm.swam.txt,105640
[73-1].wasm.swam.txt,[8-1][49-1][58-1][67-1][73-1].wasm.swam.txt,
[0-1][1-1][2-1][60-1].wasm.swam.txt,[8-1][49-1][58-1][67-1].wasm.swam.txt,
[49-2][67-1].wasm.swam.txt,[8-1][49-1][58-1][67-1][73-1].wasm.swam.txt,109973
[49-2][67-1].wasm.swam.txt,[8-1][73-1].wasm.swam.txt,
[49-2][67-1].wasm.swam.txt,[8-1][58-1][67-1].wasm.swam.txt,321061
[73-1].wasm.swam.txt,[8-1][49-1][58-1][67-1].wasm.swam.txt,
[49-2][58-1][73-1].wasm.swam.txt,[8-1][73-1].wasm.swam.txt,70898
[73-1].wasm.swam.txt,[8-1][67-1][73-1].wasm.swam.txt,
[49-2][67-1].wasm.swam.txt,[8-1][49-1][67-1][73-1].wasm.swam.txt,
[73-1].wasm.swam.txt,[8-1][49-1][67-1][73-1].wasm.swam.txt,
[49-2][67-1].wasm.swam.txt,[8-1][58-1].wasm.swam.txt,8846
[49-2][67-1].wasm.swam.txt,[8-1][49-1][67-1].wasm.swam.txt,
[49-2][67-1].wasm.swam.txt,[8-1][58-1][67-1][73-1].wasm.swam.txt,319425
[73-1].wasm.swam.txt,[8-1].wasm.swam.txt,316787
[49-2][67-1].wasm.swam.txt,[8-1][67-1][73-1].wasm.swam.txt,456281
[73-1].wasm.swam.txt,[8-1][49-1][58-1].wasm.swam.txt,305902
[8-1].wasm.swam.txt,[8-1][49-1][58-1].wasm.swam.txt,439077
[0-1][1-1][2-1][60-1].wasm.swam.txt,[8-1][67-1][73-1].wasm.swam.txt,346752
[0-1][1-1][2-1][60-1].wasm.swam.txt,[73-1].wasm.swam.txt,456460
[73-1].wasm.swam.txt,[8-1][49-1][58-1][73-1].wasm.swam.txt,456129
[73-1].wasm.swam.txt,[8-1][49-1][73-1].wasm.swam.txt,
[0-1][1-1][2-1][60-1].wasm.swam.txt,[8-1][58-1].wasm.swam.txt,456187
[73-1].wasm.swam.txt,[8-1][58-1][67-1].wasm.swam.txt,458780
[49-2][67-1].wasm.swam.txt,[8-1][49-1][73-1].wasm.swam.txt,519632
[49-2][67-1].wasm.swam.txt,[8-1][67-1].wasm.swam.txt,448333
[73-1].wasm.swam.txt,[8-1][49-1][67-1].wasm.swam.txt,456720
[73-1].wasm.swam.txt,[8-1][58-1][67-1][73-1].wasm.swam.txt,448805
[49-1][73-1].wasm.swam.txt,[49-2][58-1][67-1][73-1].wasm.swam.txt,456308
[73-1].wasm.swam.txt,[8-1][73-1].wasm.swam.txt,
[0-1][1-1][2-1][60-1].wasm.swam.txt,[8-1][49-1][58-1][67-1][73-1].wasm.swam.txt,1628642
[49-1].wasm.swam.txt,[49-1][67-1].wasm.swam.txt,1607072
[0-1][1-1][2-1][60-1].wasm.swam.txt,[8-1].wasm.swam.txt,1278205
[8-1].wasm.swam.txt,[8-1][49-1][58-1][67-1].wasm.swam.txt,1375307
[73-1].wasm.swam.txt,[8-1][58-1].wasm.swam.txt,1516397
[49-2][58-1].wasm.swam.txt,[8-1][49-1][58-1][73-1].wasm.swam.txt,1419221
[73-1].wasm.swam.txt,[8-1][67-1].wasm.swam.txt,1390294
[8-1][49-1][58-1].wasm.swam.txt,[8-1][49-1][73-1].wasm.swam.txt,156071
[8-1].wasm.swam.txt,[8-1][58-1][67-1].wasm.swam.txt,150322
[8-1].wasm.swam.txt,[8-1][49-1][58-1][73-1].wasm.swam.txt,1030732
[8-1].wasm.swam.txt,[8-1][49-1][67-1][73-1].wasm.swam.txt,148745
[49-2][58-1][73-1].wasm.swam.txt,[8-1][58-1].wasm.swam.txt,148745
[8-1].wasm.swam.txt,[8-1][67-1][73-1].wasm.swam.txt,150628
[8-1].wasm.swam.txt,[8-1][49-1][73-1].wasm.swam.txt,148745
[8-1][49-1][58-1].wasm.swam.txt,[8-1][49-1][67-1].wasm.swam.txt,150628
[8-1][49-1][58-1].wasm.swam.txt,[8-1][49-1][67-1][73-1].wasm.swam.txt,150482
[8-1].wasm.swam.txt,[8-1][58-1].wasm.swam.txt,145606
[0-1][1-1][2-1][60-1].wasm.swam.txt,[8-1][58-1][67-1].wasm.swam.txt,150322
[8-1].wasm.swam.txt,[8-1][67-1].wasm.swam.txt,168270
[49-2][58-1][67-1][73-1].wasm.swam.txt,[8-1][67-1].wasm.swam.txt,150628
[49-2][58-1].wasm.swam.txt,[8-1][67-1].wasm.swam.txt,148745
[49-2][58-1][73-1].wasm.swam.txt,[8-1][49-1][73-1].wasm.swam.txt,1066702
[8-1].wasm.swam.txt,[8-1][73-1].wasm.swam.txt,150628
[0-1][1-1][2-1][60-1].wasm.swam.txt,[8-1][49-1][73-1].wasm.swam.txt,150628
[0-1][1-1][2-1][60-1].wasm.swam.txt,[8-1][49-1][67-1][73-1].wasm.swam.txt,150628
[8-1].wasm.swam.txt,[8-1][58-1][67-1][73-1].wasm.swam.txt,
[8-1][49-1][58-1].wasm.swam.txt,[8-1][49-1][58-1][73-1].wasm.swam.txt,82535
[8-1][49-1][58-1].wasm.swam.txt,[8-1][49-1][58-1][67-1][73-1].wasm.swam.txt,173933
[8-1][49-1][58-1].wasm.swam.txt,[8-1][49-1][58-1][67-1].wasm.swam.txt,
[49-1][73-1].wasm.swam.txt,[49-2][67-1].wasm.swam.txt,
[49-1][58-1].wasm.swam.txt,[8-1][49-1][58-1][73-1].wasm.swam.txt,
[0-1][1-1][2-1][60-1].wasm.swam.txt,[49-2][67-1].wasm.swam.txt,0
[49-2][58-1][73-1].wasm.swam.txt,[8-1][58-1][67-1][73-1].wasm.swam.txt,
[8-1][49-1][58-1][67-1].wasm.swam.txt,[8-1][49-1][58-1][73-1].wasm.swam.txt,192887
[8-1][49-1][58-1][67-1].wasm.swam.txt,[8-1][49-1][67-1][73-1].wasm.swam.txt,83751
[49-2][58-1][73-1].wasm.swam.txt,[8-1][67-1][73-1].wasm.swam.txt,181712
[8-1][49-1][58-1][67-1].wasm.swam.txt,[8-1][58-1][67-1][73-1].wasm.swam.txt,543548
[8-1][49-1][58-1][67-1].wasm.swam.txt,[8-1][49-1][67-1].wasm.swam.txt,
[8-1][49-1][58-1].wasm.swam.txt,[8-1][58-1].wasm.swam.txt,164568
[8-1][49-1][58-1].wasm.swam.txt,[8-1][58-1][67-1].wasm.swam.txt,223193
[8-1][49-1][58-1].wasm.swam.txt,[8-1][58-1][67-1][73-1].wasm.swam.txt,
[8-1].wasm.swam.txt,[8-1][49-1][58-1][67-1][73-1].wasm.swam.txt,769332
[8-1][49-1][58-1].wasm.swam.txt,[8-1][67-1].wasm.swam.txt,
[8-1][49-1][58-1][67-1].wasm.swam.txt,[8-1][49-1][73-1].wasm.swam.txt,158997
[8-1][49-1][58-1].wasm.swam.txt,[8-1][67-1][73-1].wasm.swam.txt,1209200
[8-1][49-1][58-1][67-1].wasm.swam.txt,[8-1][67-1].wasm.swam.txt,931184
[8-1][49-1][58-1][67-1].wasm.swam.txt,[8-1][58-1][67-1].wasm.swam.txt,1309294
[49-1][58-1].wasm.swam.txt,[8-1][58-1].wasm.swam.txt,1302027
[8-1][49-1][58-1].wasm.swam.txt,[8-1][73-1].wasm.swam.txt,
[8-1][49-1][58-1][67-1].wasm.swam.txt,[8-1][49-1][58-1][67-1][73-1].wasm.swam.txt,985274
[8-1][49-1][58-1][67-1].wasm.swam.txt,[8-1][58-1].wasm.swam.txt,
[8-1][49-1][58-1][67-1][73-1].wasm.swam.txt,[8-1][58-1][67-1][73-1].wasm.swam.txt,1343009
[8-1][49-1][58-1][67-1][73-1].wasm.swam.txt,[8-1][67-1][73-1].wasm.swam.txt,
[8-1][49-1][67-1].wasm.swam.txt,[8-1][67-1][73-1].wasm.swam.txt,118755
[8-1][49-1][58-1][67-1][73-1].wasm.swam.txt,[8-1][49-1][73-1].wasm.swam.txt,
[8-1][49-1][67-1].wasm.swam.txt,[8-1][49-1][67-1][73-1].wasm.swam.txt,1264406
[8-1][49-1][73-1].wasm.swam.txt,[8-1][58-1].wasm.swam.txt,1233227
[8-1][49-1][58-1][73-1].wasm.swam.txt,[8-1][67-1].wasm.swam.txt,1838855
[8-1][49-1][67-1].wasm.swam.txt,[8-1][73-1].wasm.swam.txt,1051580
[8-1][49-1][58-1][73-1].wasm.swam.txt,[8-1][49-1][67-1].wasm.swam.txt,962224
[8-1][58-1].wasm.swam.txt,[8-1][67-1][73-1].wasm.swam.txt,970474
[49-1][73-1].wasm.swam.txt,[49-2][58-1][73-1].wasm.swam.txt,
[8-1][49-1][67-1].wasm.swam.txt,[8-1][58-1].wasm.swam.txt,
[8-1][49-1][67-1][73-1].wasm.swam.txt,[8-1][58-1][67-1].wasm.swam.txt,
[8-1][49-1][67-1][73-1].wasm.swam.txt,[8-1][49-1][73-1].wasm.swam.txt,1075348
[8-1][49-1][58-1][67-1][73-1].wasm.swam.txt,[8-1][73-1].wasm.swam.txt,
[8-1][49-1][73-1].wasm.swam.txt,[8-1][58-1][67-1][73-1].wasm.swam.txt,911565
[8-1][49-1][58-1][67-1][73-1].wasm.swam.txt,[8-1][49-1][67-1][73-1].wasm.swam.txt,
[8-1][49-1][58-1][73-1].wasm.swam.txt,[8-1][58-1][67-1][73-1].wasm.swam.txt,
[8-1][49-1][58-1][73-1].wasm.swam.txt,[8-1][49-1][67-1][73-1].wasm.swam.txt,
[8-1][49-1][73-1].wasm.swam.txt,[8-1][73-1].wasm.swam.txt,1215398
[8-1][49-1][58-1][73-1].wasm.swam.txt,[8-1][58-1].wasm.swam.txt,1223133
[8-1][49-1][67-1][73-1].wasm.swam.txt,[8-1][58-1][67-1][73-1].wasm.swam.txt,1053582
[8-1][49-1][58-1][67-1][73-1].wasm.swam.txt,[8-1][58-1][67-1].wasm.swam.txt,999562
[49-1][73-1].wasm.swam.txt,[49-2][58-1].wasm.swam.txt,
[8-1][49-1][58-1][67-1][73-1].wasm.swam.txt,[8-1][49-1][58-1][73-1].wasm.swam.txt,1070111
[49-1][73-1].wasm.swam.txt,[8-1].wasm.swam.txt,
[49-1][58-1][73-1].wasm.swam.txt,[49-2][67-1].wasm.swam.txt,
[8-1][58-1].wasm.swam.txt,[8-1][67-1].wasm.swam.txt,2009350
[49-2][58-1][73-1].wasm.swam.txt,[8-1][49-1][58-1][73-1].wasm.swam.txt,2174397
[8-1][58-1].wasm.swam.txt,[8-1][58-1][67-1].wasm.swam.txt,2158406
[8-1][58-1].wasm.swam.txt,[8-1][58-1][67-1][73-1].wasm.swam.txt,2183212
[8-1][49-1][73-1].wasm.swam.txt,[8-1][67-1][73-1].wasm.swam.txt,2352179
[8-1][49-1][67-1][73-1].wasm.swam.txt,[8-1][67-1].wasm.swam.txt,2174612
[49-2][58-1][73-1].wasm.swam.txt,[8-1][67-1].wasm.swam.txt,2272418
[8-1][49-1][67-1][73-1].wasm.swam.txt,[8-1][58-1].wasm.swam.txt,1979754
[49-1][58-1][73-1].wasm.swam.txt,[49-2][58-1][67-1].wasm.swam.txt,1763311
[49-1][58-1].wasm.swam.txt,[8-1][49-1][73-1].wasm.swam.txt,1876417
[0-1][1-1][2-1][60-1].wasm.swam.txt,[49-1][58-1].wasm.swam.txt,2820448
[0-1][1-1][2-1][60-1].wasm.swam.txt,[49-1][67-1].wasm.swam.txt,1823573
[8-1][58-1][67-1][73-1].wasm.swam.txt,[8-1][67-1].wasm.swam.txt,2899247
[8-1][67-1][73-1].wasm.swam.txt,[8-1][73-1].wasm.swam.txt,2954258
[8-1].wasm.swam.txt,[8-1][49-1][67-1].wasm.swam.txt,2885103
[49-1][58-1][73-1].wasm.swam.txt,[49-1][73-1].wasm.swam.txt,2252777
[49-1][58-1].wasm.swam.txt,[8-1][58-1][67-1].wasm.swam.txt,2577195
[49-2][58-1][73-1].wasm.swam.txt,[8-1][49-1][67-1][73-1].wasm.swam.txt,2600062
[49-2][58-1][67-1][73-1].wasm.swam.txt,[8-1][73-1].wasm.swam.txt,2576161
[8-1][67-1].wasm.swam.txt,[8-1][73-1].wasm.swam.txt,2585736
[8-1][58-1][67-1][73-1].wasm.swam.txt,[8-1][73-1].wasm.swam.txt,2593071
[49-2][58-1][73-1].wasm.swam.txt,[73-1].wasm.swam.txt,2593835
[8-1][58-1][67-1].wasm.swam.txt,[8-1][67-1][73-1].wasm.swam.txt,2575502
[8-1][58-1][67-1].wasm.swam.txt,[8-1][58-1][67-1][73-1].wasm.swam.txt,2597894
[8-1][67-1].wasm.swam.txt,[8-1][67-1][73-1].wasm.swam.txt,2574797
[49-2][67-1].wasm.swam.txt,[8-1][49-1][58-1].wasm.swam.txt,2279182
[8-1][58-1][67-1][73-1].wasm.swam.txt,[8-1][67-1][73-1].wasm.swam.txt,2558556
[49-1][73-1].wasm.swam.txt,[8-1][49-1][58-1].wasm.swam.txt,2321234
[49-2][58-1].wasm.swam.txt,[8-1][49-1][58-1][67-1][73-1].wasm.swam.txt,2317780
[8-1][49-1][58-1][67-1][73-1].wasm.swam.txt,[8-1][58-1].wasm.swam.txt,2903142
[8-1][49-1][67-1].wasm.swam.txt,[8-1][49-1][73-1].wasm.swam.txt,2817778
[49-1][58-1][73-1].wasm.swam.txt,[8-1][49-1][58-1].wasm.swam.txt,3050914
[8-1][49-1][58-1][67-1].wasm.swam.txt,[8-1][67-1][73-1].wasm.swam.txt,2897961
[8-1][49-1][67-1].wasm.swam.txt,[8-1][58-1][67-1][73-1].wasm.swam.txt,2868861
[49-2][58-1][73-1].wasm.swam.txt,[8-1][49-1][67-1].wasm.swam.txt,2863036
[49-1][58-1].wasm.swam.txt,[49-1][67-1].wasm.swam.txt,2234139
[8-1][49-1][58-1][73-1].wasm.swam.txt,[8-1][49-1][73-1].wasm.swam.txt,2162030
[49-2][67-1].wasm.swam.txt,[73-1].wasm.swam.txt,2284616
[49-2][58-1][73-1].wasm.swam.txt,[8-1][58-1][67-1].wasm.swam.txt,2094789
[49-1].wasm.swam.txt,[49-1][58-1].wasm.swam.txt,2087335
[49-2][58-1].wasm.swam.txt,[8-1][73-1].wasm.swam.txt,2039541
[49-1][58-1].wasm.swam.txt,[8-1][73-1].wasm.swam.txt,2105999
[49-1][73-1].wasm.swam.txt,[73-1].wasm.swam.txt,2107064
[0-1][1-1][2-1][60-1].wasm.swam.txt,[49-1][58-1][73-1].wasm.swam.txt,2180151
[49-1].wasm.swam.txt,[49-1][58-1][73-1].wasm.swam.txt,2625617
[8-1][49-1][58-1][73-1].wasm.swam.txt,[8-1][67-1][73-1].wasm.swam.txt,2241713
[8-1][49-1][73-1].wasm.swam.txt,[8-1][58-1][67-1].wasm.swam.txt,2574740
[8-1][49-1][67-1].wasm.swam.txt,[8-1][58-1][67-1].wasm.swam.txt,2734816
[49-2][58-1][73-1].wasm.swam.txt,[49-2][67-1].wasm.swam.txt,2225475
[8-1][49-1][58-1][67-1][73-1].wasm.swam.txt,[8-1][67-1].wasm.swam.txt,2032108
[8-1][49-1][73-1].wasm.swam.txt,[8-1][67-1].wasm.swam.txt,2222252
[8-1][49-1][58-1][67-1].wasm.swam.txt,[8-1][73-1].wasm.swam.txt,2070402
[0-1][1-1][2-1][60-1].wasm.swam.txt,[49-2][58-1][73-1].wasm.swam.txt,3760648
[8-1][58-1][67-1].wasm.swam.txt,[8-1][73-1].wasm.swam.txt,2641507
[8-1][49-1][67-1].wasm.swam.txt,[8-1][67-1].wasm.swam.txt,3314597
[8-1][49-1][58-1][73-1].wasm.swam.txt,[8-1][58-1][67-1].wasm.swam.txt,2663526
[8-1][58-1][67-1].wasm.swam.txt,[8-1][67-1].wasm.swam.txt,2308805
[8-1][49-1][58-1][73-1].wasm.swam.txt,[8-1][73-1].wasm.swam.txt,2515947
[8-1][49-1][58-1][67-1][73-1].wasm.swam.txt,[8-1][49-1][67-1].wasm.swam.txt,3060296
[0-1][1-1][2-1][60-1].wasm.swam.txt,[8-1][58-1][67-1][73-1].wasm.swam.txt,4317943
[8-1][49-1][67-1][73-1].wasm.swam.txt,[8-1][73-1].wasm.swam.txt,2562107
[8-1][49-1][67-1][73-1].wasm.swam.txt,[8-1][67-1][73-1].wasm.swam.txt,2709423
[8-1][58-1].wasm.swam.txt,[8-1][73-1].wasm.swam.txt,2709423
