t1,t2,diff
[0-1][14-1][15-1].wasm.swam.txt,[0-1][8-1][14-1][15-1].wasm.swam.txt,589
[0-1][14-1][15-1].wasm.swam.txt,[0-1][4-1][8-1].wasm.swam.txt,0
[0-1][14-1][15-1].wasm.swam.txt,[1-1][12-2].wasm.swam.txt,15448
[0-1][14-1][15-1].wasm.swam.txt,[1-3].wasm.swam.txt,570
[0-1][14-1][15-1].wasm.swam.txt,[3-5].wasm.swam.txt,1008
[0-1][14-1][15-1].wasm.swam.txt,[1-1][12-1].wasm.swam.txt,0
[0-1][14-1][15-1].wasm.swam.txt,[1-1][3-1][4-1][6-1][7-5][12-1].wasm.swam.txt,11685
[0-1][14-1][15-1].wasm.swam.txt,[1-1][3-1][4-1][6-1][7-5].wasm.swam.txt,7917
[0-1][14-1][15-1].wasm.swam.txt,[1-1][3-1][4-1][6-1][7-5][12-2].wasm.swam.txt,7541
[0-1][4-1][8-1].wasm.swam.txt,[0-1][8-1][14-1][15-1].wasm.swam.txt,5160
[0-1][4-1][8-1].wasm.swam.txt,[1-1][3-1][4-1][6-1][7-5].wasm.swam.txt,15691
[0-1][4-1][8-1].wasm.swam.txt,[1-1][12-1].wasm.swam.txt,13039
[0-1][4-1][8-1].wasm.swam.txt,[1-3].wasm.swam.txt,2296
[0-1][4-1][8-1].wasm.swam.txt,[3-5].wasm.swam.txt,13567
[0-1][4-1][8-1].wasm.swam.txt,[1-1][12-2].wasm.swam.txt,13567
[0-1][4-1][8-1].wasm.swam.txt,[1-1][3-1][4-1][6-1][7-5][12-1].wasm.swam.txt,13391
[0-1][4-1][8-1].wasm.swam.txt,[1-1][3-1][4-1][6-1][7-5][12-2].wasm.swam.txt,13573
[0-1][8-1][14-1][15-1].wasm.swam.txt,[1-1][12-2].wasm.swam.txt,15589
[0-1][8-1][14-1][15-1].wasm.swam.txt,[1-1][3-1][4-1][6-1][7-5].wasm.swam.txt,11371
[0-1][8-1][14-1][15-1].wasm.swam.txt,[1-3].wasm.swam.txt,13485
[0-1][8-1][14-1][15-1].wasm.swam.txt,[1-1][12-1].wasm.swam.txt,13485
[0-1][8-1][14-1][15-1].wasm.swam.txt,[3-5].wasm.swam.txt,982
[1-1][12-1].wasm.swam.txt,[1-1][12-2].wasm.swam.txt,1002
[0-1][8-1][14-1][15-1].wasm.swam.txt,[1-1][3-1][4-1][6-1][7-5][12-1].wasm.swam.txt,1002
[1-1][12-1].wasm.swam.txt,[1-1][3-1][4-1][6-1][7-5].wasm.swam.txt,346
[1-1][12-1].wasm.swam.txt,[1-1][3-1][4-1][6-1][7-5][12-1].wasm.swam.txt,13596
[0-1][8-1][14-1][15-1].wasm.swam.txt,[1-1][3-1][4-1][6-1][7-5][12-2].wasm.swam.txt,4039
[1-1][12-1].wasm.swam.txt,[1-1][3-1][4-1][6-1][7-5][12-2].wasm.swam.txt,1506
[1-1][12-2].wasm.swam.txt,[1-1][3-1][4-1][6-1][7-5].wasm.swam.txt,10774
[1-1][12-1].wasm.swam.txt,[1-3].wasm.swam.txt,10946
[1-1][12-1].wasm.swam.txt,[3-5].wasm.swam.txt,2919
[1-1][12-2].wasm.swam.txt,[1-1][3-1][4-1][6-1][7-5][12-1].wasm.swam.txt,167
[1-1][12-2].wasm.swam.txt,[1-1][3-1][4-1][6-1][7-5][12-2].wasm.swam.txt,36
[1-1][3-1][4-1][6-1][7-5].wasm.swam.txt,[1-1][3-1][4-1][6-1][7-5][12-1].wasm.swam.txt,2710
[1-1][3-1][4-1][6-1][7-5].wasm.swam.txt,[1-1][3-1][4-1][6-1][7-5][12-2].wasm.swam.txt,12718
[1-1][12-2].wasm.swam.txt,[1-3].wasm.swam.txt,4322
[1-1][12-2].wasm.swam.txt,[3-5].wasm.swam.txt,1262
[1-1][3-1][4-1][6-1][7-5][12-1].wasm.swam.txt,[1-1][3-1][4-1][6-1][7-5][12-2].wasm.swam.txt,3122
[1-1][3-1][4-1][6-1][7-5].wasm.swam.txt,[1-3].wasm.swam.txt,2458
[1-1][3-1][4-1][6-1][7-5].wasm.swam.txt,[3-5].wasm.swam.txt,11361
[1-1][3-1][4-1][6-1][7-5][12-1].wasm.swam.txt,[1-3].wasm.swam.txt,11657
[1-1][3-1][4-1][6-1][7-5][12-1].wasm.swam.txt,[3-5].wasm.swam.txt,11657
[1-3].wasm.swam.txt,[3-5].wasm.swam.txt,1092
[1-1][3-1][4-1][6-1][7-5][12-2].wasm.swam.txt,[3-5].wasm.swam.txt,12506
[1-1][3-1][4-1][6-1][7-5][12-2].wasm.swam.txt,[1-3].wasm.swam.txt,13038
