t1,t2,diff
[0-1].wasm.swam.txt,[0-2].wasm.swam.txt,1662
[0-1].wasm.swam.txt,[10-0].wasm.swam.txt,761
[0-1].wasm.swam.txt,[1-5].wasm.swam.txt,0
[0-1].wasm.swam.txt,[10-1][11-1][12-1][25-1].wasm.swam.txt,761
[0-1].wasm.swam.txt,[10-2][11-1][12-5][25-1].wasm.swam.txt,0
[0-1].wasm.swam.txt,[10-2][11-1][12-5].wasm.swam.txt,0
[0-1].wasm.swam.txt,[10-2][11-6].wasm.swam.txt,0
[0-1].wasm.swam.txt,[10-2][11-6][12-1][25-1].wasm.swam.txt,0
[0-1].wasm.swam.txt,[2-8].wasm.swam.txt,0
[0-1].wasm.swam.txt,[4-8].wasm.swam.txt,0
[0-1].wasm.swam.txt,[5-0].wasm.swam.txt,13736
[0-1].wasm.swam.txt,[23-1][28-1].wasm.swam.txt,14742
[0-1].wasm.swam.txt,[6-3].wasm.swam.txt,0
[0-2].wasm.swam.txt,[1-5].wasm.swam.txt,0
[0-2].wasm.swam.txt,[10-0].wasm.swam.txt,0
[0-2].wasm.swam.txt,[10-1][11-1][12-1][25-1].wasm.swam.txt,0
[0-2].wasm.swam.txt,[10-2][11-1][12-5].wasm.swam.txt,0
[0-2].wasm.swam.txt,[10-2][11-1][12-5][25-1].wasm.swam.txt,0
[0-2].wasm.swam.txt,[10-2][11-6].wasm.swam.txt,0
[0-2].wasm.swam.txt,[10-2][11-6][12-1][25-1].wasm.swam.txt,0
[0-2].wasm.swam.txt,[2-8].wasm.swam.txt,0
[0-2].wasm.swam.txt,[4-8].wasm.swam.txt,0
[0-2].wasm.swam.txt,[5-0].wasm.swam.txt,14742
[0-2].wasm.swam.txt,[23-1][28-1].wasm.swam.txt,14742
[0-2].wasm.swam.txt,[6-3].wasm.swam.txt,0
[1-5].wasm.swam.txt,[10-0].wasm.swam.txt,0
[1-5].wasm.swam.txt,[10-1][11-1][12-1][25-1].wasm.swam.txt,0
[1-5].wasm.swam.txt,[10-2][11-1][12-5].wasm.swam.txt,0
[1-5].wasm.swam.txt,[10-2][11-1][12-5][25-1].wasm.swam.txt,0
[1-5].wasm.swam.txt,[10-2][11-6].wasm.swam.txt,0
[1-5].wasm.swam.txt,[10-2][11-6][12-1][25-1].wasm.swam.txt,0
[1-5].wasm.swam.txt,[2-8].wasm.swam.txt,0
[1-5].wasm.swam.txt,[4-8].wasm.swam.txt,0
[1-5].wasm.swam.txt,[5-0].wasm.swam.txt,0
[1-5].wasm.swam.txt,[23-1][28-1].wasm.swam.txt,1212
[1-5].wasm.swam.txt,[6-3].wasm.swam.txt,0
[10-0].wasm.swam.txt,[10-1][11-1][12-1][25-1].wasm.swam.txt,0
[10-0].wasm.swam.txt,[10-2][11-1][12-5].wasm.swam.txt,0
[10-0].wasm.swam.txt,[10-2][11-1][12-5][25-1].wasm.swam.txt,0
[10-0].wasm.swam.txt,[10-2][11-6].wasm.swam.txt,0
[10-0].wasm.swam.txt,[10-2][11-6][12-1][25-1].wasm.swam.txt,0
[10-0].wasm.swam.txt,[2-8].wasm.swam.txt,0
[10-0].wasm.swam.txt,[4-8].wasm.swam.txt,0
[10-0].wasm.swam.txt,[5-0].wasm.swam.txt,0
[10-0].wasm.swam.txt,[23-1][28-1].wasm.swam.txt,7592
[10-0].wasm.swam.txt,[6-3].wasm.swam.txt,0
[10-1][11-1][12-1][25-1].wasm.swam.txt,[10-2][11-1][12-5].wasm.swam.txt,0
[10-1][11-1][12-1][25-1].wasm.swam.txt,[10-2][11-1][12-5][25-1].wasm.swam.txt,0
[10-1][11-1][12-1][25-1].wasm.swam.txt,[10-2][11-6].wasm.swam.txt,0
[10-1][11-1][12-1][25-1].wasm.swam.txt,[10-2][11-6][12-1][25-1].wasm.swam.txt,0
[10-1][11-1][12-1][25-1].wasm.swam.txt,[2-8].wasm.swam.txt,0
[10-1][11-1][12-1][25-1].wasm.swam.txt,[4-8].wasm.swam.txt,0
[10-1][11-1][12-1][25-1].wasm.swam.txt,[5-0].wasm.swam.txt,13530
[10-1][11-1][12-1][25-1].wasm.swam.txt,[23-1][28-1].wasm.swam.txt,8582
[10-1][11-1][12-1][25-1].wasm.swam.txt,[6-3].wasm.swam.txt,0
[10-2][11-1][12-5].wasm.swam.txt,[10-2][11-1][12-5][25-1].wasm.swam.txt,0
[10-2][11-1][12-5].wasm.swam.txt,[10-2][11-6].wasm.swam.txt,0
[10-2][11-1][12-5].wasm.swam.txt,[10-2][11-6][12-1][25-1].wasm.swam.txt,0
[10-2][11-1][12-5].wasm.swam.txt,[2-8].wasm.swam.txt,0
[10-2][11-1][12-5].wasm.swam.txt,[4-8].wasm.swam.txt,0
[10-2][11-1][12-5].wasm.swam.txt,[5-0].wasm.swam.txt,13736
[10-2][11-1][12-5].wasm.swam.txt,[23-1][28-1].wasm.swam.txt,14742
[10-2][11-1][12-5].wasm.swam.txt,[6-3].wasm.swam.txt,0
[10-2][11-1][12-5][25-1].wasm.swam.txt,[10-2][11-6].wasm.swam.txt,0
[10-2][11-1][12-5][25-1].wasm.swam.txt,[10-2][11-6][12-1][25-1].wasm.swam.txt,0
[10-2][11-1][12-5][25-1].wasm.swam.txt,[2-8].wasm.swam.txt,0
[10-2][11-1][12-5][25-1].wasm.swam.txt,[4-8].wasm.swam.txt,0
[10-2][11-1][12-5][25-1].wasm.swam.txt,[5-0].wasm.swam.txt,13736
[10-2][11-1][12-5][25-1].wasm.swam.txt,[23-1][28-1].wasm.swam.txt,14742
[10-2][11-1][12-5][25-1].wasm.swam.txt,[6-3].wasm.swam.txt,0
[10-2][11-6].wasm.swam.txt,[10-2][11-6][12-1][25-1].wasm.swam.txt,0
[10-2][11-6].wasm.swam.txt,[2-8].wasm.swam.txt,0
[10-2][11-6].wasm.swam.txt,[4-8].wasm.swam.txt,0
[10-2][11-6].wasm.swam.txt,[5-0].wasm.swam.txt,14655
[10-2][11-6].wasm.swam.txt,[23-1][28-1].wasm.swam.txt,14742
[10-2][11-6].wasm.swam.txt,[6-3].wasm.swam.txt,0
[10-2][11-6][12-1][25-1].wasm.swam.txt,[2-8].wasm.swam.txt,0
[10-2][11-6][12-1][25-1].wasm.swam.txt,[4-8].wasm.swam.txt,0
[10-2][11-6][12-1][25-1].wasm.swam.txt,[5-0].wasm.swam.txt,14335
[10-2][11-6][12-1][25-1].wasm.swam.txt,[23-1][28-1].wasm.swam.txt,14742
[10-2][11-6][12-1][25-1].wasm.swam.txt,[6-3].wasm.swam.txt,0
[2-8].wasm.swam.txt,[4-8].wasm.swam.txt,0
[2-8].wasm.swam.txt,[5-0].wasm.swam.txt,13736
[2-8].wasm.swam.txt,[23-1][28-1].wasm.swam.txt,14742
[2-8].wasm.swam.txt,[6-3].wasm.swam.txt,0
[23-1][28-1].wasm.swam.txt,[4-8].wasm.swam.txt,14745
[23-1][28-1].wasm.swam.txt,[5-0].wasm.swam.txt,0
[4-8].wasm.swam.txt,[5-0].wasm.swam.txt,0
[23-1][28-1].wasm.swam.txt,[6-3].wasm.swam.txt,2320
[4-8].wasm.swam.txt,[6-3].wasm.swam.txt,2030
[5-0].wasm.swam.txt,[6-3].wasm.swam.txt,0
