t1,t2,diff
[0-1][1-1][17-1].wasm.swam.txt,[7-0].wasm.swam.txt,0
[0-1][1-1][17-1].wasm.swam.txt,[0-1][1-1][17-1][20-1].wasm.swam.txt,151943
[0-1][1-1][17-1].wasm.swam.txt,[0-1][1-1][20-1].wasm.swam.txt,5894
[0-1][1-1][17-1].wasm.swam.txt,[15-10][18-5][19-10].wasm.swam.txt,92077
[0-1][1-1][17-1].wasm.swam.txt,[15-3][18-5].wasm.swam.txt,75877
[0-1][1-1][17-1].wasm.swam.txt,[15-10][18-5].wasm.swam.txt,147377
[0-1][1-1][17-1][20-1].wasm.swam.txt,[15-3][18-5].wasm.swam.txt,64576
[0-1][1-1][17-1][20-1].wasm.swam.txt,[0-1][1-1][20-1].wasm.swam.txt,141576
[0-1][1-1][17-1].wasm.swam.txt,[15-2].wasm.swam.txt,183113
[0-1][1-1][17-1].wasm.swam.txt,[15-10][18-1][19-8].wasm.swam.txt,150773
[0-1][1-1][17-1].wasm.swam.txt,[15-10][18-5][19-8].wasm.swam.txt,35117
[0-1][1-1][17-1].wasm.swam.txt,[15-2][18-5].wasm.swam.txt,186770
[0-1][1-1][17-1][20-1].wasm.swam.txt,[5-0].wasm.swam.txt,91719
[0-1][1-1][17-1][20-1].wasm.swam.txt,[7-1][15-10][18-1][19-10].wasm.swam.txt,142249
[0-1][1-1][17-1].wasm.swam.txt,[15-10][18-1][19-10].wasm.swam.txt,231128
[0-1][1-1][17-1][20-1].wasm.swam.txt,[15-2].wasm.swam.txt,282540
[0-1][1-1][20-1].wasm.swam.txt,[15-10][18-1][19-10].wasm.swam.txt,51462
[0-1][1-1][17-1].wasm.swam.txt,[5-0].wasm.swam.txt,52003
[0-1][1-1][17-1].wasm.swam.txt,[7-1][15-3].wasm.swam.txt,200536
[0-1][1-1][17-1][20-1].wasm.swam.txt,[15-10][18-5][19-8].wasm.swam.txt,205855
[0-1][1-1][17-1][20-1].wasm.swam.txt,[15-10][18-1][19-10].wasm.swam.txt,228200
[0-1][1-1][17-1].wasm.swam.txt,[7-1][15-10][18-1][19-10].wasm.swam.txt,32160
[0-1][1-1][17-1][20-1].wasm.swam.txt,[15-3].wasm.swam.txt,7691
[15-10][18-1][19-10].wasm.swam.txt,[15-10][18-5].wasm.swam.txt,24988
[0-1][1-1][20-1].wasm.swam.txt,[15-10][18-5].wasm.swam.txt,85015
[0-1][1-1][17-1][20-1].wasm.swam.txt,[15-10][18-5][19-10].wasm.swam.txt,74113
[0-1][1-1][17-1][20-1].wasm.swam.txt,[15-2][18-5].wasm.swam.txt,5227
[0-1][1-1][20-1].wasm.swam.txt,[15-3].wasm.swam.txt,4874
[0-1][1-1][17-1].wasm.swam.txt,[7-1][15-2].wasm.swam.txt,50516
[15-10][18-1][19-10].wasm.swam.txt,[15-2].wasm.swam.txt,0
[0-1][1-1][17-1].wasm.swam.txt,[15-3].wasm.swam.txt,100511
[15-10][18-1][19-10].wasm.swam.txt,[15-10][18-5][19-10].wasm.swam.txt,88877
[0-1][1-1][17-1][20-1].wasm.swam.txt,[15-10][18-5].wasm.swam.txt,41051
[0-1][1-1][17-1][20-1].wasm.swam.txt,[15-10][18-1][19-8].wasm.swam.txt,22941
[15-10][18-1][19-10].wasm.swam.txt,[15-10][18-1][19-8].wasm.swam.txt,70655
[15-10][18-1][19-10].wasm.swam.txt,[15-3].wasm.swam.txt,155579
[15-10][18-1][19-10].wasm.swam.txt,[7-1][15-2].wasm.swam.txt,124133
[15-10][18-1][19-10].wasm.swam.txt,[7-1][15-10][18-1][19-8].wasm.swam.txt,161724
[15-10][18-1][19-10].wasm.swam.txt,[15-2][18-5].wasm.swam.txt,120968
[15-10][18-1][19-10].wasm.swam.txt,[7-1][15-10][18-1][19-10].wasm.swam.txt,21523
[15-10][18-1][19-10].wasm.swam.txt,[7-1][15-3].wasm.swam.txt,269484
[0-1][1-1][17-1][20-1].wasm.swam.txt,[7-1][15-10][18-1][19-8].wasm.swam.txt,8281
[0-1][1-1][20-1].wasm.swam.txt,[15-2].wasm.swam.txt,205764
[15-10][18-1][19-10].wasm.swam.txt,[15-10][18-5][19-8].wasm.swam.txt,260262
[15-10][18-1][19-8].wasm.swam.txt,[15-10][18-5].wasm.swam.txt,265952
[15-10][18-1][19-10].wasm.swam.txt,[15-3][18-5].wasm.swam.txt,309080
[15-10][18-1][19-8].wasm.swam.txt,[15-2].wasm.swam.txt,143572
[15-10][18-1][19-10].wasm.swam.txt,[7-0].wasm.swam.txt,156685
[0-1][1-1][20-1].wasm.swam.txt,[7-1][15-10][18-1][19-10].wasm.swam.txt,221256
[0-1][1-1][17-1][20-1].wasm.swam.txt,[7-1][15-3].wasm.swam.txt,115153
[0-1][1-1][17-1].wasm.swam.txt,[7-1][15-10][18-1][19-8].wasm.swam.txt,154359
[15-10][18-1][19-8].wasm.swam.txt,[15-10][18-5][19-10].wasm.swam.txt,167283
[0-1][1-1][20-1].wasm.swam.txt,[15-2][18-5].wasm.swam.txt,274858
[15-10][18-1][19-8].wasm.swam.txt,[15-2][18-5].wasm.swam.txt,181696
[15-10][18-1][19-10].wasm.swam.txt,[5-0].wasm.swam.txt,188269
[15-10][18-1][19-8].wasm.swam.txt,[15-10][18-5][19-8].wasm.swam.txt,49017
[15-10][18-1][19-8].wasm.swam.txt,[15-3].wasm.swam.txt,109456
[15-10][18-1][19-8].wasm.swam.txt,[15-3][18-5].wasm.swam.txt,5303
[0-1][1-1][17-1][20-1].wasm.swam.txt,[7-1][15-2].wasm.swam.txt,9145
[0-1][1-1][20-1].wasm.swam.txt,[7-0].wasm.swam.txt,9614
[0-1][1-1][20-1].wasm.swam.txt,[15-3][18-5].wasm.swam.txt,8150
[0-1][1-1][20-1].wasm.swam.txt,[15-10][18-1][19-8].wasm.swam.txt,8150
[15-10][18-1][19-8].wasm.swam.txt,[5-0].wasm.swam.txt,98470
[0-1][1-1][17-1][20-1].wasm.swam.txt,[7-0].wasm.swam.txt,97727
[15-10][18-1][19-8].wasm.swam.txt,[7-0].wasm.swam.txt,83016
[15-10][18-1][19-8].wasm.swam.txt,[7-1][15-10][18-1][19-8].wasm.swam.txt,83016
[0-1][1-1][20-1].wasm.swam.txt,[5-0].wasm.swam.txt,48112
[15-10][18-1][19-8].wasm.swam.txt,[7-1][15-2].wasm.swam.txt,48112
[15-10][18-1][19-8].wasm.swam.txt,[7-1][15-3].wasm.swam.txt,272
[0-1][1-1][20-1].wasm.swam.txt,[7-1][15-2].wasm.swam.txt,13371
[15-10][18-5].wasm.swam.txt,[15-10][18-5][19-8].wasm.swam.txt,0
[15-10][18-5].wasm.swam.txt,[15-2][18-5].wasm.swam.txt,116353
[0-1][1-1][20-1].wasm.swam.txt,[7-1][15-3].wasm.swam.txt,146460
[0-1][1-1][20-1].wasm.swam.txt,[15-10][18-5][19-8].wasm.swam.txt,36199
[0-1][1-1][20-1].wasm.swam.txt,[15-10][18-5][19-10].wasm.swam.txt,4087
[15-10][18-5].wasm.swam.txt,[15-3].wasm.swam.txt,36455
[15-10][18-5].wasm.swam.txt,[15-3][18-5].wasm.swam.txt,66463
[15-10][18-5].wasm.swam.txt,[5-0].wasm.swam.txt,18330
[15-10][18-5].wasm.swam.txt,[7-1][15-10][18-1][19-8].wasm.swam.txt,5498
[15-10][18-5].wasm.swam.txt,[15-2].wasm.swam.txt,6313
[15-10][18-1][19-8].wasm.swam.txt,[7-1][15-10][18-1][19-10].wasm.swam.txt,5927
[15-10][18-5].wasm.swam.txt,[7-1][15-2].wasm.swam.txt,5929
[15-10][18-5].wasm.swam.txt,[7-1][15-3].wasm.swam.txt,5839
[15-10][18-5].wasm.swam.txt,[7-1][15-10][18-1][19-10].wasm.swam.txt,22962
[15-10][18-5].wasm.swam.txt,[15-10][18-5][19-10].wasm.swam.txt,0
[15-10][18-5][19-10].wasm.swam.txt,[15-10][18-5][19-8].wasm.swam.txt,550
[15-10][18-5][19-10].wasm.swam.txt,[15-2][18-5].wasm.swam.txt,97215
[15-10][18-5].wasm.swam.txt,[7-0].wasm.swam.txt,0
[15-10][18-5][19-10].wasm.swam.txt,[15-3].wasm.swam.txt,10
[15-10][18-5][19-10].wasm.swam.txt,[7-0].wasm.swam.txt,58469
[15-10][18-5][19-10].wasm.swam.txt,[15-2].wasm.swam.txt,119010
[0-1][1-1][20-1].wasm.swam.txt,[7-1][15-10][18-1][19-8].wasm.swam.txt,818
[15-10][18-5][19-10].wasm.swam.txt,[7-1][15-10][18-1][19-10].wasm.swam.txt,19610
[15-10][18-5][19-10].wasm.swam.txt,[5-0].wasm.swam.txt,19610
[15-10][18-5][19-10].wasm.swam.txt,[7-1][15-2].wasm.swam.txt,19620
[15-10][18-5][19-10].wasm.swam.txt,[7-1][15-10][18-1][19-8].wasm.swam.txt,136765
[15-10][18-5][19-10].wasm.swam.txt,[7-1][15-3].wasm.swam.txt,191134
[15-10][18-5][19-10].wasm.swam.txt,[15-3][18-5].wasm.swam.txt,191194
[15-10][18-5][19-8].wasm.swam.txt,[15-2][18-5].wasm.swam.txt,128391
[15-10][18-5][19-8].wasm.swam.txt,[15-2].wasm.swam.txt,128412
[15-10][18-5][19-8].wasm.swam.txt,[15-3].wasm.swam.txt,128412
[15-10][18-5][19-8].wasm.swam.txt,[15-3][18-5].wasm.swam.txt,0
[15-10][18-5][19-8].wasm.swam.txt,[7-1][15-10][18-1][19-8].wasm.swam.txt,189631
[15-10][18-5][19-8].wasm.swam.txt,[7-0].wasm.swam.txt,42210
[15-10][18-5][19-8].wasm.swam.txt,[7-1][15-10][18-1][19-10].wasm.swam.txt,5702
[15-10][18-5][19-8].wasm.swam.txt,[7-1][15-2].wasm.swam.txt,13935
[15-10][18-5][19-8].wasm.swam.txt,[7-1][15-3].wasm.swam.txt,88566
[15-2].wasm.swam.txt,[15-2][18-5].wasm.swam.txt,48283
[15-2].wasm.swam.txt,[7-1][15-3].wasm.swam.txt,36381
[15-2].wasm.swam.txt,[7-1][15-2].wasm.swam.txt,12963
[15-10][18-5][19-8].wasm.swam.txt,[5-0].wasm.swam.txt,23271
[15-2].wasm.swam.txt,[15-3][18-5].wasm.swam.txt,111003
[15-2].wasm.swam.txt,[7-1][15-10][18-1][19-8].wasm.swam.txt,136254
[15-2].wasm.swam.txt,[7-0].wasm.swam.txt,153982
[15-2].wasm.swam.txt,[7-1][15-10][18-1][19-10].wasm.swam.txt,144415
[15-2].wasm.swam.txt,[15-3].wasm.swam.txt,100
[15-2].wasm.swam.txt,[5-0].wasm.swam.txt,158
[15-2][18-5].wasm.swam.txt,[15-3][18-5].wasm.swam.txt,101585
[15-2][18-5].wasm.swam.txt,[7-0].wasm.swam.txt,101585
[15-2][18-5].wasm.swam.txt,[15-3].wasm.swam.txt,0
[15-2][18-5].wasm.swam.txt,[7-1][15-2].wasm.swam.txt,131093
[15-2][18-5].wasm.swam.txt,[7-1][15-10][18-1][19-8].wasm.swam.txt,131093
[15-2][18-5].wasm.swam.txt,[7-1][15-10][18-1][19-10].wasm.swam.txt,30780
[15-2][18-5].wasm.swam.txt,[7-1][15-3].wasm.swam.txt,0
[15-3].wasm.swam.txt,[5-0].wasm.swam.txt,0
[15-3].wasm.swam.txt,[7-0].wasm.swam.txt,34461
[15-3].wasm.swam.txt,[15-3][18-5].wasm.swam.txt,10
[15-3].wasm.swam.txt,[7-1][15-2].wasm.swam.txt,100
[15-3].wasm.swam.txt,[7-1][15-10][18-1][19-8].wasm.swam.txt,15
[15-3].wasm.swam.txt,[7-1][15-3].wasm.swam.txt,32476
[15-3].wasm.swam.txt,[7-1][15-10][18-1][19-10].wasm.swam.txt,99948
[15-3][18-5].wasm.swam.txt,[7-1][15-10][18-1][19-10].wasm.swam.txt,0
[15-3][18-5].wasm.swam.txt,[7-0].wasm.swam.txt,56097
[15-3][18-5].wasm.swam.txt,[7-1][15-10][18-1][19-8].wasm.swam.txt,56087
[15-3][18-5].wasm.swam.txt,[7-1][15-3].wasm.swam.txt,0
[15-3][18-5].wasm.swam.txt,[7-1][15-2].wasm.swam.txt,0
[15-3][18-5].wasm.swam.txt,[5-0].wasm.swam.txt,9153
[5-0].wasm.swam.txt,[7-1][15-10][18-1][19-8].wasm.swam.txt,210
[5-0].wasm.swam.txt,[7-1][15-3].wasm.swam.txt,0
[5-0].wasm.swam.txt,[7-1][15-2].wasm.swam.txt,0
[7-0].wasm.swam.txt,[7-1][15-10][18-1][19-10].wasm.swam.txt,644
[7-0].wasm.swam.txt,[7-1][15-10][18-1][19-8].wasm.swam.txt,17879
[5-0].wasm.swam.txt,[7-1][15-10][18-1][19-10].wasm.swam.txt,80
[7-0].wasm.swam.txt,[7-1][15-2].wasm.swam.txt,80
[7-0].wasm.swam.txt,[7-1][15-3].wasm.swam.txt,0
[7-1][15-10][18-1][19-10].wasm.swam.txt,[7-1][15-10][18-1][19-8].wasm.swam.txt,80
[7-1][15-10][18-1][19-10].wasm.swam.txt,[7-1][15-2].wasm.swam.txt,20
[7-1][15-10][18-1][19-10].wasm.swam.txt,[7-1][15-3].wasm.swam.txt,80
[7-1][15-10][18-1][19-8].wasm.swam.txt,[7-1][15-2].wasm.swam.txt,20
[7-1][15-10][18-1][19-8].wasm.swam.txt,[7-1][15-3].wasm.swam.txt,0
[15-2][18-5].wasm.swam.txt,[5-0].wasm.swam.txt,100
[7-1][15-2].wasm.swam.txt,[7-1][15-3].wasm.swam.txt,100
[5-0].wasm.swam.txt,[7-0].wasm.swam.txt,96268
