t1,t2,diff
[0-1][1-1][13-1].wasm.swam.txt,[0-1][1-1][13-1][16-1][17-4].wasm.swam.txt,0
[0-1][1-1][13-1].wasm.swam.txt,[11-1][14-1][16-8].wasm.swam.txt,0
[0-1][1-1][13-1].wasm.swam.txt,[6-1][12-1][16-1][21-1].wasm.swam.txt,2276
[0-1][1-1][13-1].wasm.swam.txt,[6-1].wasm.swam.txt,2289
[0-1][1-1][13-1].wasm.swam.txt,[2-1][11-1][14-1][16-8].wasm.swam.txt,2276
[0-1][1-1][13-1][16-1][17-4].wasm.swam.txt,[11-1][14-1][16-8].wasm.swam.txt,0
[0-1][1-1][13-1].wasm.swam.txt,[12-1][16-1][21-1].wasm.swam.txt,2289
[0-1][1-1][13-1][16-1][17-4].wasm.swam.txt,[6-1].wasm.swam.txt,8461
[0-1][1-1][13-1][16-1][17-4].wasm.swam.txt,[6-1][12-1][16-1][21-1].wasm.swam.txt,8461
[12-1][16-1][21-1].wasm.swam.txt,[6-1].wasm.swam.txt,2265
[11-1][14-1][16-8].wasm.swam.txt,[2-1][11-1][14-1][16-8].wasm.swam.txt,2290
[12-1][16-1][21-1].wasm.swam.txt,[2-1][11-1][14-1][16-8].wasm.swam.txt,2303
[2-1][11-1][14-1][16-8].wasm.swam.txt,[6-1].wasm.swam.txt,2289
[0-1][1-1][13-1][16-1][17-4].wasm.swam.txt,[12-1][16-1][21-1].wasm.swam.txt,2283
[11-1][14-1][16-8].wasm.swam.txt,[12-1][16-1][21-1].wasm.swam.txt,2255
[0-1][1-1][13-1][16-1][17-4].wasm.swam.txt,[2-1][11-1][14-1][16-8].wasm.swam.txt,0
[12-1][16-1][21-1].wasm.swam.txt,[6-1][12-1][16-1][21-1].wasm.swam.txt,2289
[2-1][11-1][14-1][16-8].wasm.swam.txt,[6-1][12-1][16-1][21-1].wasm.swam.txt,2215
[11-1][14-1][16-8].wasm.swam.txt,[6-1][12-1][16-1][21-1].wasm.swam.txt,2289
[6-1].wasm.swam.txt,[6-1][12-1][16-1][21-1].wasm.swam.txt,2289
[11-1][14-1][16-8].wasm.swam.txt,[6-1].wasm.swam.txt,2289
