t1,t2,diff
[0-1].wasm.swam.txt,[0-1][1-1][2-2].wasm.swam.txt,0
[0-1].wasm.swam.txt,[0-1][1-1][2-4].wasm.swam.txt,2969
[0-1][1-1][2-2].wasm.swam.txt,[0-1][1-1][2-4].wasm.swam.txt,10
[0-1][1-1][2-7].wasm.swam.txt,[0-1][1-7].wasm.swam.txt,14
[0-1][1-1][2-7].wasm.swam.txt,[0-1][1-7][2-2].wasm.swam.txt,28
[0-1][1-7].wasm.swam.txt,[0-1][1-7][2-2].wasm.swam.txt,24
[0-1][1-7].wasm.swam.txt,[1-1][2-2].wasm.swam.txt,156
[0-1][1-1][2-2].wasm.swam.txt,[1-1][2-2].wasm.swam.txt,0
[0-1][1-7].wasm.swam.txt,[0-1][1-7][2-7].wasm.swam.txt,1006
[0-1][1-7].wasm.swam.txt,[0-1][1-7][2-4].wasm.swam.txt,310
[0-1][1-1][2-7].wasm.swam.txt,[1-1][2-7].wasm.swam.txt,28
[0-1][1-1][2-2].wasm.swam.txt,[1-1][2-4].wasm.swam.txt,26
[0-1][1-1][2-4].wasm.swam.txt,[1-1][2-7].wasm.swam.txt,0
[0-1][1-1][2-4].wasm.swam.txt,[0-1][1-1][2-7].wasm.swam.txt,439
[0-1].wasm.swam.txt,[0-1][1-7][2-2].wasm.swam.txt,2
[0-1].wasm.swam.txt,[0-1][1-7][2-4].wasm.swam.txt,28
[0-1][1-1][2-2].wasm.swam.txt,[1-1][2-7].wasm.swam.txt,26
[0-1][1-1][2-7].wasm.swam.txt,[1-1][2-4].wasm.swam.txt,2
[0-1][1-1][2-4].wasm.swam.txt,[0-1][1-7][2-2].wasm.swam.txt,4
[0-1].wasm.swam.txt,[0-1][1-7][2-7].wasm.swam.txt,2
[0-1][1-1][2-4].wasm.swam.txt,[1-1][2-2].wasm.swam.txt,26
[0-1][1-1][2-7].wasm.swam.txt,[0-1][1-7][2-7].wasm.swam.txt,38
[0-1].wasm.swam.txt,[1-1][2-4].wasm.swam.txt,2
[0-1].wasm.swam.txt,[0-1][1-1][2-7].wasm.swam.txt,26
[0-1][1-1][2-4].wasm.swam.txt,[0-1][1-7][2-4].wasm.swam.txt,28
[0-1][1-1][2-2].wasm.swam.txt,[0-1][1-7][2-4].wasm.swam.txt,1440
[0-1][1-1][2-4].wasm.swam.txt,[1-1][2-4].wasm.swam.txt,26
[0-1][1-1][2-2].wasm.swam.txt,[0-1][1-7][2-2].wasm.swam.txt,28
[0-1].wasm.swam.txt,[1-1][2-7].wasm.swam.txt,28
[0-1][1-1][2-2].wasm.swam.txt,[0-1][1-7].wasm.swam.txt,12
[0-1][1-1][2-2].wasm.swam.txt,[0-1][1-7][2-7].wasm.swam.txt,12
[0-1][1-1][2-4].wasm.swam.txt,[0-1][1-7][2-7].wasm.swam.txt,12
[0-1].wasm.swam.txt,[1-1][2-2].wasm.swam.txt,12
[0-1][1-1][2-7].wasm.swam.txt,[1-1][2-2].wasm.swam.txt,12
[0-1][1-1][2-7].wasm.swam.txt,[0-1][1-7][2-4].wasm.swam.txt,12
[0-1].wasm.swam.txt,[0-1][1-7].wasm.swam.txt,36
[0-1][1-1][2-2].wasm.swam.txt,[0-1][1-1][2-7].wasm.swam.txt,2
[0-1][1-7].wasm.swam.txt,[1-1][2-4].wasm.swam.txt,14
[0-1][1-1][2-4].wasm.swam.txt,[0-1][1-7].wasm.swam.txt,12
[0-1][1-7].wasm.swam.txt,[1-1][2-7].wasm.swam.txt,14
[0-1][1-7][2-2].wasm.swam.txt,[0-1][1-7][2-4].wasm.swam.txt,10
[0-1][1-7][2-2].wasm.swam.txt,[0-1][1-7][2-7].wasm.swam.txt,24
[0-1][1-7][2-2].wasm.swam.txt,[1-1][2-4].wasm.swam.txt,4
[0-1][1-7][2-2].wasm.swam.txt,[1-1][2-2].wasm.swam.txt,4
[0-1][1-7][2-2].wasm.swam.txt,[1-1][2-7].wasm.swam.txt,28
[0-1][1-7][2-4].wasm.swam.txt,[0-1][1-7][2-7].wasm.swam.txt,34
[0-1][1-7][2-4].wasm.swam.txt,[1-1][2-2].wasm.swam.txt,14
[0-1][1-7][2-4].wasm.swam.txt,[1-1][2-4].wasm.swam.txt,4
[0-1][1-7][2-4].wasm.swam.txt,[1-1][2-7].wasm.swam.txt,38
[0-1][1-7][2-7].wasm.swam.txt,[1-1][2-2].wasm.swam.txt,28
[0-1][1-7][2-7].wasm.swam.txt,[1-1][2-4].wasm.swam.txt,38
[0-1][1-7][2-7].wasm.swam.txt,[1-1][2-7].wasm.swam.txt,4
[1-1][2-2].wasm.swam.txt,[1-1][2-4].wasm.swam.txt,10
[1-1][2-2].wasm.swam.txt,[1-1][2-7].wasm.swam.txt,24
[1-1][2-4].wasm.swam.txt,[1-1][2-7].wasm.swam.txt,34
