t1,t2,diff
[0-1][1-1].wasm.~1~.swam.txt,[1-1][2-1][3-12][4-1][5-1].wasm.swam.txt,0
[1-1][2-1][3-10][4-1][5-1].wasm.swam.txt,[1-1][2-1][3-4][4-1][5-1].wasm.swam.txt,157244
[1-1][2-1][3-10][4-1][5-1].wasm.swam.txt,[2-1][3-15].wasm.swam.txt,
[1-1][2-1][3-10][4-1][5-1].wasm.swam.txt,[2-1][3-11].wasm.swam.txt,
[1-1][2-1][3-10][4-1][5-1].wasm.swam.txt,[2-5].wasm.swam.txt,213510
[1-1][2-1][3-10][4-1][5-1].wasm.swam.txt,[2-1][3-25].wasm.swam.txt,101163
[1-1][2-1][3-10][4-1][5-1].wasm.swam.txt,[2-1][3-20].wasm.swam.txt,164697
[1-1][2-1][3-10][4-1][5-1].wasm.swam.txt,[2-1][3-14].wasm.swam.txt,
[1-1][2-1][3-10][4-1][5-1].wasm.swam.txt,[2-1][3-23].wasm.swam.txt,48666
[1-1][2-1][3-10][4-1][5-1].wasm.swam.txt,[2-10].wasm.swam.txt,12729
[1-1][2-1][3-10][4-1][5-1].wasm.swam.txt,[2-11].wasm.swam.txt,11641
[1-1][2-1][3-10][4-1][5-1].wasm.swam.txt,[2-1][3-22].wasm.swam.txt,16739
[1-1][2-1][3-10][4-1][5-1].wasm.swam.txt,[2-1][3-27].wasm.swam.txt,18377
[1-1][2-1][3-10][4-1][5-1].wasm.swam.txt,[1-1][2-1][3-12].wasm.swam.txt,0
[1-1][2-1][3-10][4-1][5-1].wasm.swam.txt,[1-1][2-1][3-12][4-1][5-1].wasm.swam.txt,351575
[1-1][2-1][3-12][4-1][5-1].wasm.swam.txt,[1-1][2-1][3-4].wasm.swam.txt,879927
[1-1][2-1][3-12][4-1][5-1].wasm.swam.txt,[1-1][2-1][3-4][4-1][5-1].wasm.swam.txt,273817
[1-1][2-1][3-12].wasm.swam.txt,[2-1][3-14].wasm.swam.txt,0
[1-1][2-1][3-12].wasm.swam.txt,[2-1][3-23].wasm.swam.txt,7695
[1-1][2-1][3-12].wasm.swam.txt,[2-1][3-25].wasm.swam.txt,307609
[1-1][2-1][3-12].wasm.swam.txt,[2-1][3-20].wasm.swam.txt,303867
[1-1][2-1][3-4].wasm.swam.txt,[2-10].wasm.swam.txt,9680
[1-1][2-1][3-12].wasm.swam.txt,[2-1][3-15].wasm.swam.txt,12864
[1-1][2-1][3-12].wasm.swam.txt,[2-1][3-11].wasm.swam.txt,68294
[1-1][2-1][3-12].wasm.swam.txt,[2-1][3-22].wasm.swam.txt,198778
[1-1][2-1][3-4].wasm.swam.txt,[1-1][2-1][3-8].wasm.swam.txt,10879
[1-1][2-1][3-12].wasm.swam.txt,[2-1][3-27].wasm.swam.txt,11478
[1-1][2-1][3-12][4-1][5-1].wasm.swam.txt,[1-1][2-1][3-8][4-1][5-1].wasm.swam.txt,6846
[1-1][2-1][3-12][4-1][5-1].wasm.swam.txt,[1-1][2-1][3-8].wasm.swam.txt,6085
[1-1][2-1][3-12].wasm.swam.txt,[2-5].wasm.swam.txt,2648
[1-1][2-1][3-12][4-1][5-1].wasm.swam.txt,[2-1][3-15].wasm.swam.txt,106702
[1-1][2-1][3-4][4-1][5-1].wasm.swam.txt,[1-1][2-1][3-8].wasm.swam.txt,88281
[1-1][2-1][3-4][4-1][5-1].wasm.swam.txt,[1-1][2-1][3-8][4-1][5-1].wasm.swam.txt,90699
[1-1][2-1][3-12][4-1][5-1].wasm.swam.txt,[2-1][3-22].wasm.swam.txt,
[1-1][2-1][3-12][4-1][5-1].wasm.swam.txt,[2-11].wasm.swam.txt,
[1-1][2-1][3-12][4-1][5-1].wasm.swam.txt,[2-5].wasm.swam.txt,
[1-1][2-1][3-4].wasm.swam.txt,[1-1][2-1][3-8][4-1][5-1].wasm.swam.txt,23033
[1-1][2-1][3-12][4-1][5-1].wasm.swam.txt,[2-10].wasm.swam.txt,85612
[1-1][2-1][3-12][4-1][5-1].wasm.swam.txt,[2-1][3-25].wasm.swam.txt,102843
[1-1][2-1][3-12].wasm.swam.txt,[1-1][2-1][3-4].wasm.swam.txt,255663
[1-1][2-1][3-12][4-1][5-1].wasm.swam.txt,[2-1][3-14].wasm.swam.txt,214593
[1-1][2-1][3-12][4-1][5-1].wasm.swam.txt,[2-1][3-27].wasm.swam.txt,130416
[1-1][2-1][3-12][4-1][5-1].wasm.swam.txt,[2-1][3-11].wasm.swam.txt,28486
[1-1][2-1][3-12][4-1][5-1].wasm.swam.txt,[2-1][3-20].wasm.swam.txt,217821
[1-1][2-1][3-12][4-1][5-1].wasm.swam.txt,[2-1][3-23].wasm.swam.txt,236457
[1-1][2-1][3-12].wasm.swam.txt,[1-1][2-1][3-4][4-1][5-1].wasm.swam.txt,85890
[1-1][2-1][3-4].wasm.swam.txt,[2-1][3-11].wasm.swam.txt,66847
[1-1][2-1][3-10][4-1][5-1].wasm.swam.txt,[1-1][2-1][3-8].wasm.swam.txt,68696
[1-1][2-1][3-4].wasm.swam.txt,[2-1][3-20].wasm.swam.txt,164723
[1-1][2-1][3-4].wasm.swam.txt,[2-1][3-14].wasm.swam.txt,122574
[1-1][2-1][3-4].wasm.swam.txt,[2-1][3-22].wasm.swam.txt,172186
[1-1][2-1][3-4].wasm.swam.txt,[2-1][3-25].wasm.swam.txt,224245
[1-1][2-1][3-4].wasm.swam.txt,[2-11].wasm.swam.txt,134528
[1-1][2-1][3-4].wasm.swam.txt,[2-5].wasm.swam.txt,65572
[0-1][1-1].wasm.~1~.swam.txt,[1-1][2-1][3-10][4-1][5-1].wasm.swam.txt,29125
[1-1][2-1][3-4].wasm.swam.txt,[2-1][3-23].wasm.swam.txt,
[1-1][2-1][3-4].wasm.swam.txt,[2-1][3-27].wasm.swam.txt,178918
[1-1][2-1][3-4].wasm.swam.txt,[2-1][3-15].wasm.swam.txt,
[0-1][1-1].wasm.~1~.swam.txt,[2-10].wasm.swam.txt,19883
[1-1][2-1][3-8].wasm.swam.txt,[1-1][2-1][3-8][4-1][5-1].wasm.swam.txt,66138
[1-1][2-1][3-4][4-1][5-1].wasm.swam.txt,[2-1][3-20].wasm.swam.txt,290198
[1-1][2-1][3-4][4-1][5-1].wasm.swam.txt,[2-1][3-11].wasm.swam.txt,0
[1-1][2-1][3-4][4-1][5-1].wasm.swam.txt,[2-1][3-14].wasm.swam.txt,0
[0-1][1-1].wasm.~1~.swam.txt,[2-1][3-14].wasm.swam.txt,148600
[1-1][2-1][3-4][4-1][5-1].wasm.swam.txt,[2-1][3-15].wasm.swam.txt,79795
[0-1][1-1].wasm.~1~.swam.txt,[2-1][3-22].wasm.swam.txt,53864
[1-1][2-1][3-4][4-1][5-1].wasm.swam.txt,[2-1][3-25].wasm.swam.txt,38105
[1-1][2-1][3-4][4-1][5-1].wasm.swam.txt,[2-11].wasm.swam.txt,36254
[1-1][2-1][3-4][4-1][5-1].wasm.swam.txt,[2-10].wasm.swam.txt,
[1-1][2-1][3-4][4-1][5-1].wasm.swam.txt,[2-1][3-27].wasm.swam.txt,27857
[0-1][1-1].wasm.~1~.swam.txt,[2-11].wasm.swam.txt,18510
[0-1][1-1].wasm.~1~.swam.txt,[2-1][3-27].wasm.swam.txt,
[1-1][2-1][3-4][4-1][5-1].wasm.swam.txt,[2-5].wasm.swam.txt,5860
[1-1][2-1][3-4].wasm.swam.txt,[1-1][2-1][3-4][4-1][5-1].wasm.swam.txt,71455
[0-1][1-1].wasm.~1~.swam.txt,[2-1][3-15].wasm.swam.txt,
[0-1][1-1].wasm.~1~.swam.txt,[2-5].wasm.swam.txt,
[0-1][1-1].wasm.~1~.swam.txt,[1-1][2-1][3-4][4-1][5-1].wasm.swam.txt,7848
[1-1][2-1][3-8].wasm.swam.txt,[2-1][3-15].wasm.swam.txt,65765
[0-1][1-1].wasm.~1~.swam.txt,[2-1][3-23].wasm.swam.txt,11310
[0-1][1-1].wasm.~1~.swam.txt,[2-1][3-25].wasm.swam.txt,31149
[2-10].wasm.swam.txt,[2-1][3-22].wasm.swam.txt,35055
[1-1][2-1][3-8].wasm.swam.txt,[2-11].wasm.swam.txt,32044
[1-1][2-1][3-8][4-1][5-1].wasm.swam.txt,[2-10].wasm.swam.txt,
[2-10].wasm.swam.txt,[2-11].wasm.swam.txt,44274
[0-1][1-1].wasm.~1~.swam.txt,[2-1][3-11].wasm.swam.txt,103837
[2-10].wasm.swam.txt,[2-1][3-14].wasm.swam.txt,97412
[1-1][2-1][3-4][4-1][5-1].wasm.swam.txt,[2-1][3-23].wasm.swam.txt,
[0-1][1-1].wasm.~1~.swam.txt,[1-1][2-1][3-8].wasm.swam.txt,
[1-1][2-1][3-8].wasm.swam.txt,[2-1][3-20].wasm.swam.txt,76511
[1-1][2-1][3-8].wasm.swam.txt,[2-1][3-11].wasm.swam.txt,71071
[1-1][2-1][3-8][4-1][5-1].wasm.swam.txt,[2-1][3-20].wasm.swam.txt,110161
[2-1][3-11].wasm.swam.txt,[2-1][3-20].wasm.swam.txt,113679
[2-11].wasm.swam.txt,[2-1][3-15].wasm.swam.txt,
[2-1][3-11].wasm.swam.txt,[2-5].wasm.swam.txt,163619
[2-10].wasm.swam.txt,[2-1][3-20].wasm.swam.txt,229856
[1-1][2-1][3-8][4-1][5-1].wasm.swam.txt,[2-1][3-27].wasm.swam.txt,
[1-1][2-1][3-8][4-1][5-1].wasm.swam.txt,[2-1][3-15].wasm.swam.txt,72422
[1-1][2-1][3-8].wasm.swam.txt,[2-1][3-22].wasm.swam.txt,88766
[2-10].wasm.swam.txt,[2-1][3-23].wasm.swam.txt,
[2-11].wasm.swam.txt,[2-5].wasm.swam.txt,73450
[1-1][2-1][3-8].wasm.swam.txt,[2-10].wasm.swam.txt,5320
[1-1][2-1][3-8][4-1][5-1].wasm.swam.txt,[2-1][3-11].wasm.swam.txt,5006
[2-10].wasm.swam.txt,[2-1][3-25].wasm.swam.txt,
[1-1][2-1][3-8].wasm.swam.txt,[2-1][3-25].wasm.swam.txt,
[2-10].wasm.swam.txt,[2-1][3-27].wasm.swam.txt,
[2-1][3-15].wasm.swam.txt,[2-1][3-20].wasm.swam.txt,
[1-1][2-1][3-8].wasm.swam.txt,[2-1][3-27].wasm.swam.txt,65477
[1-1][2-1][3-4][4-1][5-1].wasm.swam.txt,[2-1][3-22].wasm.swam.txt,
[1-1][2-1][3-10][4-1][5-1].wasm.swam.txt,[1-1][2-1][3-4].wasm.swam.txt,210940
[1-1][2-1][3-8][4-1][5-1].wasm.swam.txt,[2-5].wasm.swam.txt,43508
[2-1][3-14].wasm.swam.txt,[2-1][3-22].wasm.swam.txt,
[1-1][2-1][3-12].wasm.swam.txt,[1-1][2-1][3-12][4-1][5-1].wasm.swam.txt,208064
[2-11].wasm.swam.txt,[2-1][3-20].wasm.swam.txt,96723
[1-1][2-1][3-8].wasm.swam.txt,[2-1][3-14].wasm.swam.txt,
[2-1][3-11].wasm.swam.txt,[2-1][3-15].wasm.swam.txt,56958
[1-1][2-1][3-8][4-1][5-1].wasm.swam.txt,[2-1][3-25].wasm.swam.txt,97730
[0-1][1-1].wasm.~1~.swam.txt,[2-1][3-20].wasm.swam.txt,210695
[2-11].wasm.swam.txt,[2-1][3-14].wasm.swam.txt,
[1-1][2-1][3-8][4-1][5-1].wasm.swam.txt,[2-1][3-14].wasm.swam.txt,
[2-11].wasm.swam.txt,[2-1][3-27].wasm.swam.txt,93719
[1-1][2-1][3-8][4-1][5-1].wasm.swam.txt,[2-1][3-22].wasm.swam.txt,
[2-1][3-11].wasm.swam.txt,[2-1][3-14].wasm.swam.txt,95983
[2-1][3-14].wasm.swam.txt,[2-1][3-23].wasm.swam.txt,404233
[2-1][3-11].wasm.swam.txt,[2-1][3-27].wasm.swam.txt,
[1-1][2-1][3-8].wasm.swam.txt,[2-5].wasm.swam.txt,
[1-1][2-1][3-8][4-1][5-1].wasm.swam.txt,[2-1][3-23].wasm.swam.txt,70132
[2-10].wasm.swam.txt,[2-5].wasm.swam.txt,
[2-10].wasm.swam.txt,[2-1][3-15].wasm.swam.txt,
[0-1][1-1].wasm.~1~.swam.txt,[1-1][2-1][3-4].wasm.swam.txt,518401
[2-11].wasm.swam.txt,[2-1][3-22].wasm.swam.txt,
[2-1][3-14].wasm.swam.txt,[2-1][3-25].wasm.swam.txt,
[2-11].wasm.swam.txt,[2-1][3-23].wasm.swam.txt,341798
[1-1][2-1][3-8].wasm.swam.txt,[2-1][3-23].wasm.swam.txt,
[2-1][3-11].wasm.swam.txt,[2-1][3-22].wasm.swam.txt,635710
[2-1][3-11].wasm.swam.txt,[2-1][3-25].wasm.swam.txt,709319
[2-1][3-15].wasm.swam.txt,[2-1][3-22].wasm.swam.txt,502608
[0-1][1-1].wasm.~1~.swam.txt,[1-1][2-1][3-12].wasm.swam.txt,479360
[2-1][3-11].wasm.swam.txt,[2-1][3-23].wasm.swam.txt,582476
[2-1][3-14].wasm.swam.txt,[2-1][3-20].wasm.swam.txt,441250
[2-1][3-15].wasm.swam.txt,[2-1][3-25].wasm.swam.txt,511520
[2-1][3-15].wasm.swam.txt,[2-1][3-27].wasm.swam.txt,839142
[2-1][3-22].wasm.swam.txt,[2-1][3-27].wasm.swam.txt,842615
[2-11].wasm.swam.txt,[2-1][3-25].wasm.swam.txt,839524
[1-1][2-1][3-10][4-1][5-1].wasm.swam.txt,[1-1][2-1][3-8][4-1][5-1].wasm.swam.txt,837804
[2-1][3-20].wasm.swam.txt,[2-5].wasm.swam.txt,891619
[2-1][3-20].wasm.swam.txt,[2-1][3-22].wasm.swam.txt,552576
[2-1][3-15].wasm.swam.txt,[2-1][3-23].wasm.swam.txt,605634
[2-1][3-20].wasm.swam.txt,[2-1][3-23].wasm.swam.txt,551750
[2-1][3-22].wasm.swam.txt,[2-1][3-25].wasm.swam.txt,548432
[2-1][3-14].wasm.swam.txt,[2-1][3-15].wasm.swam.txt,553871
[2-1][3-14].wasm.swam.txt,[2-1][3-27].wasm.swam.txt,553654
[2-1][3-14].wasm.swam.txt,[2-5].wasm.swam.txt,556121
[2-1][3-15].wasm.swam.txt,[2-5].wasm.swam.txt,553849
[1-1][2-1][3-8][4-1][5-1].wasm.swam.txt,[2-11].wasm.swam.txt,593927
[2-1][3-25].wasm.swam.txt,[2-1][3-27].wasm.swam.txt,567419
[2-1][3-23].wasm.swam.txt,[2-1][3-25].wasm.swam.txt,591668
[2-1][3-23].wasm.swam.txt,[2-1][3-27].wasm.swam.txt,692666
[1-1][2-1][3-12].wasm.swam.txt,[1-1][2-1][3-8].wasm.swam.txt,687202
[2-11].wasm.swam.txt,[2-1][3-11].wasm.swam.txt,737213
[2-1][3-22].wasm.swam.txt,[2-1][3-23].wasm.swam.txt,693367
[2-1][3-22].wasm.swam.txt,[2-5].wasm.swam.txt,694917
[1-1][2-1][3-12].wasm.swam.txt,[1-1][2-1][3-8][4-1][5-1].wasm.swam.txt,694046
[2-1][3-20].wasm.swam.txt,[2-1][3-25].wasm.swam.txt,967695
[0-1][1-1].wasm.~1~.swam.txt,[1-1][2-1][3-8][4-1][5-1].wasm.swam.txt,861033
[2-1][3-27].wasm.swam.txt,[2-5].wasm.swam.txt,1026364
[2-1][3-23].wasm.swam.txt,[2-5].wasm.swam.txt,855448
[2-1][3-25].wasm.swam.txt,[2-5].wasm.swam.txt,856486
[1-1][2-1][3-12].wasm.swam.txt,[2-11].wasm.swam.txt,851543
[2-10].wasm.swam.txt,[2-1][3-11].wasm.swam.txt,851543
[2-1][3-20].wasm.swam.txt,[2-1][3-27].wasm.swam.txt,851543
[1-1][2-1][3-12].wasm.swam.txt,[2-10].wasm.swam.txt,838642
