t1,t2,diff
Quickselect_algorithm.wasm.~1~.swam.txt,[0-1][1-1][3-1].wasm.swam.txt,0
Quickselect_algorithm.wasm.~1~.swam.txt,[0-1][1-1][3-2].wasm.swam.txt,48363
Quickselect_algorithm.wasm.~1~.swam.txt,[0-1][1-1].wasm.swam.txt,3606
Quickselect_algorithm.wasm.~1~.swam.txt,[0-2].wasm.swam.txt,20356
[0-1][1-1].wasm.swam.txt,[0-1][1-1][3-1].wasm.swam.txt,20356
Quickselect_algorithm.wasm.~1~.swam.txt,[0-1][1-1][3-5].wasm.swam.txt,0
[0-1][1-1].wasm.swam.txt,[0-1][1-1][3-2].wasm.swam.txt,865
[0-1][1-1].wasm.swam.txt,[0-1][1-1][3-5].wasm.swam.txt,865
[0-1][1-1].wasm.swam.txt,[0-2].wasm.swam.txt,39632
Quickselect_algorithm.wasm.~1~.swam.txt,[0-6][1-1].wasm.swam.txt,3972
Quickselect_algorithm.wasm.~1~.swam.txt,[0-5].wasm.swam.txt,3972
[0-1][1-1].wasm.swam.txt,[0-6][1-1].wasm.swam.txt,622
[0-1][1-1].wasm.swam.txt,[0-5].wasm.swam.txt,622
[0-1][1-1][3-1].wasm.swam.txt,[0-1][1-1][3-2].wasm.swam.txt,578
[0-1][1-1][3-1].wasm.swam.txt,[0-1][1-1][3-5].wasm.swam.txt,585
[0-1][1-1][3-1].wasm.swam.txt,[0-2].wasm.swam.txt,0
[0-1][1-1][3-1].wasm.swam.txt,[0-5].wasm.swam.txt,1040
[0-1][1-1][3-1].wasm.swam.txt,[0-6][1-1].wasm.swam.txt,1040
[0-1][1-1][3-2].wasm.swam.txt,[0-2].wasm.swam.txt,1190
[0-1][1-1][3-2].wasm.swam.txt,[0-1][1-1][3-5].wasm.swam.txt,1190
[0-1][1-1][3-2].wasm.swam.txt,[0-5].wasm.swam.txt,1020
[0-1][1-1][3-2].wasm.swam.txt,[0-6][1-1].wasm.swam.txt,1020
[0-1][1-1][3-5].wasm.swam.txt,[0-2].wasm.swam.txt,885
[0-1][1-1][3-5].wasm.swam.txt,[0-5].wasm.swam.txt,720
[0-1][1-1][3-5].wasm.swam.txt,[0-6][1-1].wasm.swam.txt,1010
[0-2].wasm.swam.txt,[0-5].wasm.swam.txt,638
[0-2].wasm.swam.txt,[0-6][1-1].wasm.swam.txt,638
[0-5].wasm.swam.txt,[0-6][1-1].wasm.swam.txt,1044
