t1,t2,diff
[13-1].wasm.swam.txt,[3-1][6-3].wasm.swam.txt,0
[13-1].wasm.swam.txt,[9-9].wasm.swam.txt,20
[13-4].wasm.swam.txt,[13-9].wasm.swam.txt,20
[13-1].wasm.swam.txt,[13-9].wasm.swam.txt,17168
[13-4].wasm.swam.txt,[3-1][6-3].wasm.swam.txt,23834
[13-1].wasm.swam.txt,[13-4].wasm.swam.txt,0
[13-4].wasm.swam.txt,[9-9].wasm.swam.txt,60
[13-1].wasm.swam.txt,[3-1][6-6].wasm.swam.txt,17939
[13-1].wasm.swam.txt,[3-1][6-4].wasm.swam.txt,19843
[13-4].wasm.swam.txt,[3-1][6-4].wasm.swam.txt,11610
[13-9].wasm.swam.txt,[3-1][6-3].wasm.swam.txt,12119
[13-4].wasm.swam.txt,[3-1][6-6].wasm.swam.txt,7679
[13-9].wasm.swam.txt,[3-1][6-6].wasm.swam.txt,7424
[13-9].wasm.swam.txt,[3-1][6-4].wasm.swam.txt,5900
[13-9].wasm.swam.txt,[9-9].wasm.swam.txt,550
[3-1][6-3].wasm.swam.txt,[3-1][6-4].wasm.swam.txt,248
[3-1][6-3].wasm.swam.txt,[3-1][6-6].wasm.swam.txt,18788
[3-1][6-3].wasm.swam.txt,[9-9].wasm.swam.txt,12907
[3-1][6-4].wasm.swam.txt,[3-1][6-6].wasm.swam.txt,21825
[3-1][6-4].wasm.swam.txt,[9-9].wasm.swam.txt,8296
[3-1][6-6].wasm.swam.txt,[9-9].wasm.swam.txt,8312
