t1,t2,diff
[0-1][14-1][18-1].wasm.swam.txt,[0-1][4-1].wasm.swam.txt,21764
[0-1][14-1][18-1].wasm.swam.txt,[0-1][6-1].wasm.swam.txt,20
[0-1][14-1][18-1].wasm.swam.txt,[0-1][6-1][14-1][18-1].wasm.swam.txt,0
[0-1][14-1][18-1].wasm.swam.txt,[4-1][6-1].wasm.swam.txt,1566
[0-1][14-1][18-1].wasm.swam.txt,[4-1][6-1][14-1][18-1].wasm.swam.txt,1566
[0-1][4-1].wasm.swam.txt,[0-1][4-1][18-1].wasm.swam.txt,324
[0-1][14-1][18-1].wasm.swam.txt,[0-1][4-1][18-1].wasm.swam.txt,269
[0-1][4-1].wasm.swam.txt,[0-1][6-1].wasm.swam.txt,1724
[0-1][14-1][18-1].wasm.swam.txt,[10-1][12-2].wasm.swam.txt,21068
[0-1][4-1].wasm.swam.txt,[4-1][6-1].wasm.swam.txt,23377
[0-1][4-1].wasm.swam.txt,[4-1][6-1][14-1][18-1].wasm.swam.txt,647
[0-1][4-1][18-1].wasm.swam.txt,[0-1][6-1].wasm.swam.txt,23661
[0-1][4-1].wasm.swam.txt,[10-1][12-2].wasm.swam.txt,17650
[0-1][4-1].wasm.swam.txt,[0-1][6-1][14-1][18-1].wasm.swam.txt,21562
[0-1][4-1][18-1].wasm.swam.txt,[4-1][6-1].wasm.swam.txt,4159
[0-1][4-1][18-1].wasm.swam.txt,[4-1][6-1][14-1][18-1].wasm.swam.txt,1516
[0-1][4-1][18-1].wasm.swam.txt,[0-1][6-1][14-1][18-1].wasm.swam.txt,1476
[0-1][6-1].wasm.swam.txt,[4-1][6-1][14-1][18-1].wasm.swam.txt,1566
[0-1][6-1].wasm.swam.txt,[0-1][6-1][14-1][18-1].wasm.swam.txt,1491
[0-1][6-1][14-1][18-1].wasm.swam.txt,[4-1][6-1].wasm.swam.txt,1267
[0-1][6-1].wasm.swam.txt,[4-1][6-1].wasm.swam.txt,1304
[0-1][6-1][14-1][18-1].wasm.swam.txt,[4-1][6-1][14-1][18-1].wasm.swam.txt,1242
[0-1][4-1][18-1].wasm.swam.txt,[10-1][12-2].wasm.swam.txt,17575
[0-1][6-1].wasm.swam.txt,[10-1][12-2].wasm.swam.txt,14821
[4-1][6-1].wasm.swam.txt,[4-1][6-1][14-1][18-1].wasm.swam.txt,324
[10-1][12-2].wasm.swam.txt,[4-1][6-1].wasm.swam.txt,23574
[0-1][6-1][14-1][18-1].wasm.swam.txt,[10-1][12-2].wasm.swam.txt,17932
[10-1][12-2].wasm.swam.txt,[4-1][6-1][14-1][18-1].wasm.swam.txt,17423
