t1,t2,diff
[0-1][1-10].wasm.swam.txt,[0-1][1-11].wasm.swam.txt,0
[0-1][1-10].wasm.swam.txt,[0-1][1-1][3-1].wasm.swam.txt,0
[0-1][1-10].wasm.swam.txt,[0-1][1-2][2-1][8-15].wasm.swam.txt,0
[0-1][1-10].wasm.swam.txt,[0-1][1-2][2-1][8-17].wasm.swam.txt,3438
[0-1][1-10].wasm.swam.txt,[1-1][2-2][4-1][8-10].wasm.swam.txt,30317
[0-1][1-10].wasm.swam.txt,[1-1][2-2][4-1][8-5].wasm.swam.txt,945
[0-1][1-10].wasm.swam.txt,[1-1][2-2][4-1][8-8].wasm.swam.txt,44729
[0-1][1-10].wasm.swam.txt,[0-1][1-2][2-1][8-3].wasm.swam.txt,44729
[0-1][1-10].wasm.swam.txt,[1-1][2-2][4-1][8-12].wasm.swam.txt,5684
[0-1][1-10].wasm.swam.txt,[1-1][2-11].wasm.swam.txt,0
[0-1][1-11].wasm.swam.txt,[0-1][1-2][2-1][8-3].wasm.swam.txt,323
[0-1][1-11].wasm.swam.txt,[1-1][2-2][4-1][8-10].wasm.swam.txt,37559
[0-1][1-11].wasm.swam.txt,[0-1][1-2][2-1][8-15].wasm.swam.txt,10743
[0-1][1-11].wasm.swam.txt,[0-1][1-1][3-1].wasm.swam.txt,0
[0-1][1-11].wasm.swam.txt,[0-1][1-2][2-1][8-17].wasm.swam.txt,18236
[0-1][1-10].wasm.swam.txt,[1-1][2-2][4-1][8-11].wasm.swam.txt,37295
[0-1][1-11].wasm.swam.txt,[1-1][2-2][4-1][8-5].wasm.swam.txt,0
[0-1][1-11].wasm.swam.txt,[1-1][2-2][4-1][8-8].wasm.swam.txt,355
[0-1][1-11].wasm.swam.txt,[1-1][2-2][4-1][8-12].wasm.swam.txt,5395
[0-1][1-1][3-1].wasm.swam.txt,[0-1][1-2][2-1][8-17].wasm.swam.txt,26453
[0-1][1-10].wasm.swam.txt,[1-1][2-4].wasm.swam.txt,52543
[0-1][1-10].wasm.swam.txt,[1-1][2-2][4-1][8-13].wasm.swam.txt,49021
[0-1][1-10].wasm.swam.txt,[1-1][2-2][4-1][8-6].wasm.swam.txt,46220
[0-1][1-1][3-1].wasm.swam.txt,[0-1][1-2][2-1][8-3].wasm.swam.txt,47313
[0-1][1-10].wasm.swam.txt,[1-1][2-1].wasm.swam.txt,7745
[0-1][1-11].wasm.swam.txt,[1-1][2-2][4-1][8-9].wasm.swam.txt,19958
[0-1][1-10].wasm.swam.txt,[1-1][2-10].wasm.swam.txt,18965
[0-1][1-1][3-1].wasm.swam.txt,[0-1][1-2][2-1][8-15].wasm.swam.txt,36195
[0-1][1-10].wasm.swam.txt,[1-1][2-2][4-1][8-9].wasm.swam.txt,34450
[0-1][1-11].wasm.swam.txt,[1-1][2-11].wasm.swam.txt,39371
[0-1][1-1][3-1].wasm.swam.txt,[1-1][2-2][4-1][8-10].wasm.swam.txt,12018
[0-1][1-11].wasm.swam.txt,[1-1][2-2][4-1][8-6].wasm.swam.txt,0
[0-1][1-1][3-1].wasm.swam.txt,[1-1][2-2][4-1][8-8].wasm.swam.txt,42873
[0-1][1-11].wasm.swam.txt,[1-1][2-1].wasm.swam.txt,45030
[0-1][1-11].wasm.swam.txt,[1-1][2-10].wasm.swam.txt,2703
[0-1][1-1][3-1].wasm.swam.txt,[1-1][2-2][4-1][8-11].wasm.swam.txt,58488
[0-1][1-11].wasm.swam.txt,[1-1][2-2][4-1][8-13].wasm.swam.txt,9332
[0-1][1-11].wasm.swam.txt,[1-1][2-2][4-1][8-11].wasm.swam.txt,16546
[0-1][1-1][3-1].wasm.swam.txt,[1-1][2-2][4-1][8-13].wasm.swam.txt,30383
[0-1][1-2][2-1][8-15].wasm.swam.txt,[0-1][1-2][2-1][8-3].wasm.swam.txt,16046
[0-1][1-2][2-1][8-15].wasm.swam.txt,[1-1][2-10].wasm.swam.txt,16046
[0-1][1-1][3-1].wasm.swam.txt,[1-1][2-2][4-1][8-6].wasm.swam.txt,0
[0-1][1-2][2-1][8-15].wasm.swam.txt,[1-1][2-2][4-1][8-10].wasm.swam.txt,16796
[0-1][1-2][2-1][8-15].wasm.swam.txt,[1-1][2-11].wasm.swam.txt,14287
[0-1][1-1][3-1].wasm.swam.txt,[1-1][2-10].wasm.swam.txt,12145
[0-1][1-11].wasm.swam.txt,[1-1][2-4].wasm.swam.txt,1350
[0-1][1-2][2-1][8-15].wasm.swam.txt,[1-1][2-2][4-1][8-8].wasm.swam.txt,25019
[0-1][1-2][2-1][8-15].wasm.swam.txt,[0-1][1-2][2-1][8-17].wasm.swam.txt,25019
[0-1][1-1][3-1].wasm.swam.txt,[1-1][2-2][4-1][8-5].wasm.swam.txt,47620
[0-1][1-2][2-1][8-17].wasm.swam.txt,[0-1][1-2][2-1][8-3].wasm.swam.txt,4679
[0-1][1-2][2-1][8-17].wasm.swam.txt,[1-1][2-2][4-1][8-10].wasm.swam.txt,79397
[0-1][1-1][3-1].wasm.swam.txt,[1-1][2-1].wasm.swam.txt,52271
[0-1][1-2][2-1][8-15].wasm.swam.txt,[1-1][2-2][4-1][8-6].wasm.swam.txt,51337
[0-1][1-1][3-1].wasm.swam.txt,[1-1][2-2][4-1][8-12].wasm.swam.txt,52163
[0-1][1-2][2-1][8-15].wasm.swam.txt,[1-1][2-2][4-1][8-12].wasm.swam.txt,43042
[0-1][1-2][2-1][8-17].wasm.swam.txt,[1-1][2-2][4-1][8-8].wasm.swam.txt,0
[0-1][1-2][2-1][8-17].wasm.swam.txt,[1-1][2-2][4-1][8-6].wasm.swam.txt,41360
[0-1][1-1][3-1].wasm.swam.txt,[1-1][2-11].wasm.swam.txt,15480
[0-1][1-1][3-1].wasm.swam.txt,[1-1][2-2][4-1][8-9].wasm.swam.txt,2080
[0-1][1-1][3-1].wasm.swam.txt,[1-1][2-4].wasm.swam.txt,14984
[0-1][1-2][2-1][8-15].wasm.swam.txt,[1-1][2-2][4-1][8-11].wasm.swam.txt,47435
[0-1][1-2][2-1][8-15].wasm.swam.txt,[1-1][2-1].wasm.swam.txt,73333
[0-1][1-2][2-1][8-15].wasm.swam.txt,[1-1][2-2][4-1][8-13].wasm.swam.txt,58456
[0-1][1-2][2-1][8-3].wasm.swam.txt,[1-1][2-10].wasm.swam.txt,0
[0-1][1-2][2-1][8-17].wasm.swam.txt,[1-1][2-10].wasm.swam.txt,3529
[0-1][1-2][2-1][8-3].wasm.swam.txt,[1-1][2-11].wasm.swam.txt,5358
[0-1][1-2][2-1][8-3].wasm.swam.txt,[1-1][2-2][4-1][8-10].wasm.swam.txt,36991
[0-1][1-2][2-1][8-15].wasm.swam.txt,[1-1][2-2][4-1][8-5].wasm.swam.txt,20727
[0-1][1-2][2-1][8-15].wasm.swam.txt,[1-1][2-4].wasm.swam.txt,2039
[0-1][1-2][2-1][8-3].wasm.swam.txt,[1-1][2-2][4-1][8-12].wasm.swam.txt,53084
[0-1][1-2][2-1][8-3].wasm.swam.txt,[1-1][2-2][4-1][8-13].wasm.swam.txt,36880
[0-1][1-2][2-1][8-17].wasm.swam.txt,[1-1][2-2][4-1][8-13].wasm.swam.txt,36880
[0-1][1-2][2-1][8-17].wasm.swam.txt,[1-1][2-2][4-1][8-5].wasm.swam.txt,1401
[0-1][1-2][2-1][8-3].wasm.swam.txt,[1-1][2-2][4-1][8-8].wasm.swam.txt,27681
[0-1][1-2][2-1][8-3].wasm.swam.txt,[1-1][2-2][4-1][8-5].wasm.swam.txt,62548
[0-1][1-2][2-1][8-3].wasm.swam.txt,[1-1][2-2][4-1][8-11].wasm.swam.txt,90482
[0-1][1-2][2-1][8-17].wasm.swam.txt,[1-1][2-2][4-1][8-12].wasm.swam.txt,51056
[0-1][1-2][2-1][8-15].wasm.swam.txt,[1-1][2-2][4-1][8-9].wasm.swam.txt,51427
[0-1][1-2][2-1][8-17].wasm.swam.txt,[1-1][2-11].wasm.swam.txt,51509
[0-1][1-2][2-1][8-17].wasm.swam.txt,[1-1][2-1].wasm.swam.txt,51549
[0-1][1-2][2-1][8-17].wasm.swam.txt,[1-1][2-2][4-1][8-11].wasm.swam.txt,51638
[1-1][2-10].wasm.swam.txt,[1-1][2-11].wasm.swam.txt,63350
[0-1][1-2][2-1][8-17].wasm.swam.txt,[1-1][2-4].wasm.swam.txt,48813
[0-1][1-2][2-1][8-17].wasm.swam.txt,[1-1][2-2][4-1][8-9].wasm.swam.txt,48813
[0-1][1-2][2-1][8-3].wasm.swam.txt,[1-1][2-4].wasm.swam.txt,52820
[0-1][1-2][2-1][8-3].wasm.swam.txt,[1-1][2-2][4-1][8-9].wasm.swam.txt,52754
[0-1][1-2][2-1][8-3].wasm.swam.txt,[1-1][2-2][4-1][8-6].wasm.swam.txt,52909
[0-1][1-2][2-1][8-3].wasm.swam.txt,[1-1][2-1].wasm.swam.txt,51580
[1-1][2-11].wasm.swam.txt,[1-1][2-2][4-1][8-10].wasm.swam.txt,63350
[1-1][2-11].wasm.swam.txt,[1-1][2-2][4-1][8-8].wasm.swam.txt,63350
[1-1][2-1].wasm.swam.txt,[1-1][2-2][4-1][8-10].wasm.swam.txt,0
[1-1][2-2][4-1][8-10].wasm.swam.txt,[1-1][2-2][4-1][8-8].wasm.swam.txt,0
[1-1][2-11].wasm.swam.txt,[1-1][2-4].wasm.swam.txt,62930
[1-1][2-11].wasm.swam.txt,[1-1][2-2][4-1][8-5].wasm.swam.txt,63349
[1-1][2-11].wasm.swam.txt,[1-1][2-2][4-1][8-12].wasm.swam.txt,63360
[1-1][2-11].wasm.swam.txt,[1-1][2-2][4-1][8-6].wasm.swam.txt,63449
[1-1][2-11].wasm.swam.txt,[1-1][2-2][4-1][8-9].wasm.swam.txt,63472
[1-1][2-10].wasm.swam.txt,[1-1][2-2][4-1][8-8].wasm.swam.txt,63472
[1-1][2-10].wasm.swam.txt,[1-1][2-2][4-1][8-10].wasm.swam.txt,63472
[1-1][2-11].wasm.swam.txt,[1-1][2-2][4-1][8-13].wasm.swam.txt,63472
[1-1][2-11].wasm.swam.txt,[1-1][2-2][4-1][8-11].wasm.swam.txt,63472
[1-1][2-10].wasm.swam.txt,[1-1][2-2][4-1][8-12].wasm.swam.txt,26216
[1-1][2-2][4-1][8-10].wasm.swam.txt,[1-1][2-4].wasm.swam.txt,26216
[1-1][2-10].wasm.swam.txt,[1-1][2-2][4-1][8-5].wasm.swam.txt,705
[1-1][2-1].wasm.swam.txt,[1-1][2-2][4-1][8-8].wasm.swam.txt,63620
[1-1][2-11].wasm.swam.txt,[1-1][2-1].wasm.swam.txt,37196
[1-1][2-2][4-1][8-11].wasm.swam.txt,[1-1][2-2][4-1][8-8].wasm.swam.txt,36112
[1-1][2-10].wasm.swam.txt,[1-1][2-2][4-1][8-6].wasm.swam.txt,40517
[1-1][2-2][4-1][8-10].wasm.swam.txt,[1-1][2-2][4-1][8-11].wasm.swam.txt,28122
[1-1][2-10].wasm.swam.txt,[1-1][2-2][4-1][8-11].wasm.swam.txt,28122
[1-1][2-2][4-1][8-10].wasm.swam.txt,[1-1][2-2][4-1][8-5].wasm.swam.txt,0
[1-1][2-10].wasm.swam.txt,[1-1][2-4].wasm.swam.txt,9775
[1-1][2-2][4-1][8-10].wasm.swam.txt,[1-1][2-2][4-1][8-13].wasm.swam.txt,0
[1-1][2-2][4-1][8-10].wasm.swam.txt,[1-1][2-2][4-1][8-12].wasm.swam.txt,0
[1-1][2-2][4-1][8-10].wasm.swam.txt,[1-1][2-2][4-1][8-9].wasm.swam.txt,0
[1-1][2-2][4-1][8-10].wasm.swam.txt,[1-1][2-2][4-1][8-6].wasm.swam.txt,0
[1-1][2-1].wasm.swam.txt,[1-1][2-2][4-1][8-11].wasm.swam.txt,0
[1-1][2-10].wasm.swam.txt,[1-1][2-1].wasm.swam.txt,527
[1-1][2-1].wasm.swam.txt,[1-1][2-2][4-1][8-5].wasm.swam.txt,4318
[1-1][2-1].wasm.swam.txt,[1-1][2-4].wasm.swam.txt,5494
[1-1][2-1].wasm.swam.txt,[1-1][2-2][4-1][8-12].wasm.swam.txt,38463
[1-1][2-2][4-1][8-5].wasm.swam.txt,[1-1][2-2][4-1][8-8].wasm.swam.txt,34742
[1-1][2-2][4-1][8-12].wasm.swam.txt,[1-1][2-2][4-1][8-8].wasm.swam.txt,4780
[1-1][2-2][4-1][8-13].wasm.swam.txt,[1-1][2-2][4-1][8-8].wasm.swam.txt,0
[1-1][2-1].wasm.swam.txt,[1-1][2-2][4-1][8-6].wasm.swam.txt,132
[1-1][2-1].wasm.swam.txt,[1-1][2-2][4-1][8-13].wasm.swam.txt,512
[1-1][2-2][4-1][8-11].wasm.swam.txt,[1-1][2-4].wasm.swam.txt,439
[1-1][2-2][4-1][8-11].wasm.swam.txt,[1-1][2-2][4-1][8-13].wasm.swam.txt,363
[1-1][2-2][4-1][8-11].wasm.swam.txt,[1-1][2-2][4-1][8-5].wasm.swam.txt,363
[1-1][2-2][4-1][8-11].wasm.swam.txt,[1-1][2-2][4-1][8-12].wasm.swam.txt,0
[1-1][2-2][4-1][8-13].wasm.swam.txt,[1-1][2-2][4-1][8-9].wasm.swam.txt,401
[1-1][2-2][4-1][8-11].wasm.swam.txt,[1-1][2-2][4-1][8-9].wasm.swam.txt,629
[1-1][2-2][4-1][8-5].wasm.swam.txt,[1-1][2-2][4-1][8-9].wasm.swam.txt,632
[1-1][2-10].wasm.swam.txt,[1-1][2-2][4-1][8-9].wasm.swam.txt,632
[1-1][2-1].wasm.swam.txt,[1-1][2-2][4-1][8-9].wasm.swam.txt,721
[1-1][2-10].wasm.swam.txt,[1-1][2-2][4-1][8-13].wasm.swam.txt,705
[1-1][2-2][4-1][8-8].wasm.swam.txt,[1-1][2-2][4-1][8-9].wasm.swam.txt,20226
[1-1][2-2][4-1][8-12].wasm.swam.txt,[1-1][2-2][4-1][8-9].wasm.swam.txt,363
[1-1][2-2][4-1][8-13].wasm.swam.txt,[1-1][2-4].wasm.swam.txt,22414
[1-1][2-2][4-1][8-8].wasm.swam.txt,[1-1][2-4].wasm.swam.txt,37510
[1-1][2-2][4-1][8-12].wasm.swam.txt,[1-1][2-4].wasm.swam.txt,53298
[1-1][2-2][4-1][8-12].wasm.swam.txt,[1-1][2-2][4-1][8-5].wasm.swam.txt,53270
[1-1][2-2][4-1][8-5].wasm.swam.txt,[1-1][2-4].wasm.swam.txt,53298
[1-1][2-2][4-1][8-13].wasm.swam.txt,[1-1][2-2][4-1][8-5].wasm.swam.txt,53270
[1-1][2-2][4-1][8-9].wasm.swam.txt,[1-1][2-4].wasm.swam.txt,53298
[1-1][2-2][4-1][8-11].wasm.swam.txt,[1-1][2-2][4-1][8-6].wasm.swam.txt,21330
[1-1][2-2][4-1][8-6].wasm.swam.txt,[1-1][2-2][4-1][8-8].wasm.swam.txt,20161
[1-1][2-2][4-1][8-12].wasm.swam.txt,[1-1][2-2][4-1][8-13].wasm.swam.txt,110
[1-1][2-2][4-1][8-13].wasm.swam.txt,[1-1][2-2][4-1][8-6].wasm.swam.txt,114
[1-1][2-2][4-1][8-12].wasm.swam.txt,[1-1][2-2][4-1][8-6].wasm.swam.txt,110
[1-1][2-2][4-1][8-5].wasm.swam.txt,[1-1][2-2][4-1][8-6].wasm.swam.txt,110
[1-1][2-2][4-1][8-6].wasm.swam.txt,[1-1][2-2][4-1][8-9].wasm.swam.txt,164
[1-1][2-2][4-1][8-6].wasm.swam.txt,[1-1][2-4].wasm.swam.txt,464
