t1,t2,diff
Roots_of_unity.wasm.~2~.swam.txt,[1-1][2-1][7-1].wasm.swam.txt,38603
[0-1].wasm.swam.txt,[0-1][1-1][2-1][5-1].wasm.swam.txt,38891
[0-1].wasm.swam.txt,[0-1][1-1][2-1][7-1].wasm.swam.txt,39141
[0-1].wasm.swam.txt,[1-1][2-1][5-1].wasm.swam.txt,1904
[0-1][1-1][2-1][7-1].wasm.swam.txt,[1-1][2-1][7-1].wasm.swam.txt,1918
[0-1][1-1][2-1][5-1].wasm.swam.txt,[1-1][2-1][5-1].wasm.swam.txt,1948
[0-1][1-1][2-1][5-1].wasm.swam.txt,[0-1][1-1][2-1][7-1].wasm.swam.txt,2007
[0-1].wasm.swam.txt,[1-1][2-1][7-1].wasm.swam.txt,2139
[0-1][1-1][2-1][5-1].wasm.swam.txt,[1-1][2-1][7-1].wasm.swam.txt,2126
[1-1][2-1][5-1].wasm.swam.txt,[1-1][2-1][7-1].wasm.swam.txt,2126
[0-1][1-1][2-1][7-1].wasm.swam.txt,[1-1][2-1][5-1].wasm.swam.txt,2121
Roots_of_unity.wasm.~2~.swam.txt,[0-1][1-1][2-1][5-1].wasm.swam.txt,330165
Roots_of_unity.wasm.~2~.swam.txt,[0-1][1-1][2-1][7-1].wasm.swam.txt,428980
Roots_of_unity.wasm.~2~.swam.txt,[0-1].wasm.swam.txt,364495
Roots_of_unity.wasm.~2~.swam.txt,[1-1][2-1][5-1].wasm.swam.txt,472674
