t1,t2,diff
[0-0].wasm.swam.txt,[0-2].wasm.swam.txt,0
[0-0].wasm.swam.txt,[0-5].wasm.swam.txt,0
[0-0].wasm.swam.txt,[0-4].wasm.swam.txt,41264
[0-0].wasm.swam.txt,[0-6].wasm.swam.txt,41405
[0-0].wasm.swam.txt,[2-1][4-3].wasm.swam.txt,0
[0-0].wasm.swam.txt,[0-7].wasm.swam.txt,0
[0-0].wasm.swam.txt,[0-3].wasm.swam.txt,0
[0-2].wasm.swam.txt,[0-3].wasm.swam.txt,97004
[0-1][1-1][2-1][7-1].wasm.swam.txt,[0-2].wasm.swam.txt,97004
[0-2].wasm.swam.txt,[0-4].wasm.swam.txt,27665
[0-2].wasm.swam.txt,[0-7].wasm.swam.txt,6965
[0-2].wasm.swam.txt,[2-1][4-3].wasm.swam.txt,151
[0-1][1-1][2-1][7-1].wasm.swam.txt,[0-4].wasm.swam.txt,33
[0-3].wasm.swam.txt,[0-5].wasm.swam.txt,62173
[0-3].wasm.swam.txt,[0-7].wasm.swam.txt,23522
[0-3].wasm.swam.txt,[0-6].wasm.swam.txt,45925
[0-2].wasm.swam.txt,[0-6].wasm.swam.txt,30977
[0-3].wasm.swam.txt,[2-1][4-3].wasm.swam.txt,42389
[0-1][1-1][2-1][7-1].wasm.swam.txt,[0-7].wasm.swam.txt,22870
[0-2].wasm.swam.txt,[0-5].wasm.swam.txt,11769
[0-4].wasm.swam.txt,[0-6].wasm.swam.txt,7330
[0-0].wasm.swam.txt,[0-1][1-1][2-1][7-1].wasm.swam.txt,1337
[0-4].wasm.swam.txt,[0-7].wasm.swam.txt,1341
[0-4].wasm.swam.txt,[2-1][4-3].wasm.swam.txt,383
[0-1][1-1][2-1][7-1].wasm.swam.txt,[0-3].wasm.swam.txt,82683
[0-1][1-1][2-1][7-1].wasm.swam.txt,[0-6].wasm.swam.txt,82696
[0-5].wasm.swam.txt,[0-6].wasm.swam.txt,33067
[0-5].wasm.swam.txt,[0-7].wasm.swam.txt,15818
[0-5].wasm.swam.txt,[2-1][4-3].wasm.swam.txt,28464
[0-1][1-1][2-1][7-1].wasm.swam.txt,[0-5].wasm.swam.txt,27164
[0-4].wasm.swam.txt,[0-5].wasm.swam.txt,19973
[0-1][1-1][2-1][7-1].wasm.swam.txt,[2-1][4-3].wasm.swam.txt,15889
[0-6].wasm.swam.txt,[0-7].wasm.swam.txt,764
[0-7].wasm.swam.txt,[2-1][4-3].wasm.swam.txt,764
[0-6].wasm.swam.txt,[2-1][4-3].wasm.swam.txt,59315
[0-3].wasm.swam.txt,[0-4].wasm.swam.txt,74494
