t1,t2,diff
[12-1][20-12].wasm.swam.txt,[12-1][20-4].wasm.swam.txt,20
[12-1][20-12].wasm.swam.txt,[18-1][25-4].wasm.swam.txt,50990
[12-1][20-12].wasm.swam.txt,[18-1][25-11].wasm.swam.txt,44124
[12-1][20-12].wasm.swam.txt,[18-1][25-9].wasm.swam.txt,44126
[12-1][20-12].wasm.swam.txt,[18-1][25-6].wasm.swam.txt,44157
[12-1][20-12].wasm.swam.txt,[18-1][25-5].wasm.swam.txt,44157
[12-1][20-4].wasm.swam.txt,[18-1][25-11].wasm.swam.txt,44138
[12-1][20-4].wasm.swam.txt,[18-1][25-5].wasm.swam.txt,44135
[12-1][20-4].wasm.swam.txt,[18-1][25-4].wasm.swam.txt,44138
[12-1][20-4].wasm.swam.txt,[18-1][25-6].wasm.swam.txt,44131
[12-1][20-4].wasm.swam.txt,[18-1][25-9].wasm.swam.txt,44132
[18-1][25-11].wasm.swam.txt,[18-1][25-4].wasm.swam.txt,10
[18-1][25-11].wasm.swam.txt,[18-1][25-6].wasm.swam.txt,10
[18-1][25-11].wasm.swam.txt,[18-1][25-9].wasm.swam.txt,21
[18-1][25-4].wasm.swam.txt,[18-1][25-5].wasm.swam.txt,9
[18-1][25-11].wasm.swam.txt,[18-1][25-5].wasm.swam.txt,9
[18-1][25-4].wasm.swam.txt,[18-1][25-6].wasm.swam.txt,12
[18-1][25-4].wasm.swam.txt,[18-1][25-9].wasm.swam.txt,14
[18-1][25-5].wasm.swam.txt,[18-1][25-6].wasm.swam.txt,10
[18-1][25-5].wasm.swam.txt,[18-1][25-9].wasm.swam.txt,10
[18-1][25-6].wasm.swam.txt,[18-1][25-9].wasm.swam.txt,20
