t1,t2,diff
[35-10].wasm.swam.txt,[37-1][38-10][45-1].wasm.swam.txt,1625720
[17-0].wasm.swam.txt,[37-1][38-10][47-1].wasm.swam.txt,1767691
[17-0].wasm.swam.txt,[37-1][38-10][45-1].wasm.swam.txt,130019
[17-0].wasm.swam.txt,[3-0].wasm.swam.txt,1704894
[3-0].wasm.swam.txt,[37-1][38-10][45-1].wasm.swam.txt,1270718
[3-0].wasm.swam.txt,[37-1][38-10][47-1].wasm.swam.txt,1197819
[17-0].wasm.swam.txt,[35-10].wasm.swam.txt,210498
[26-2].wasm.swam.txt,[35-10].wasm.swam.txt,1506617
Sexy_primes.wasm.swam.txt,[37-1][38-10][45-1].wasm.swam.txt,295985
[17-0].wasm.swam.txt,[26-2].wasm.swam.txt,1315559
[17-0].wasm.swam.txt,[35-1].wasm.swam.txt,1179278
[3-0].wasm.swam.txt,[35-10].wasm.swam.txt,786632
[26-2].wasm.swam.txt,[35-1].wasm.swam.txt,768508
[17-0].wasm.swam.txt,[37-1][38-10][45-1][47-1].wasm.swam.txt,838677
[35-10].wasm.swam.txt,[35-1].wasm.swam.txt,779900
[26-2].wasm.swam.txt,[3-0].wasm.swam.txt,600000
[26-2].wasm.swam.txt,[37-1][38-10][45-1][47-1].wasm.swam.txt,775108
Sexy_primes.wasm.swam.txt,[37-1][38-10][45-1][47-1].wasm.swam.txt,633916
[26-2].wasm.swam.txt,[35-3].wasm.swam.txt,358591
[35-10].wasm.swam.txt,[35-3].wasm.swam.txt,358591
[17-0].wasm.swam.txt,[35-3].wasm.swam.txt,358591
[26-2].wasm.swam.txt,[37-1][38-10][45-1].wasm.swam.txt,358591
[3-0].wasm.swam.txt,[35-1].wasm.swam.txt,358591
[35-10].wasm.swam.txt,[37-1][38-10][47-1].wasm.swam.txt,0
[3-0].wasm.swam.txt,[35-3].wasm.swam.txt,0
[35-1].wasm.swam.txt,[35-3].wasm.swam.txt,87720
[35-1].wasm.swam.txt,[37-1][38-10][45-1].wasm.swam.txt,227772
[37-1][38-10][45-1].wasm.swam.txt,[37-1][38-10][45-1][47-1].wasm.swam.txt,329660
[35-3].wasm.swam.txt,[37-1][38-10][45-1].wasm.swam.txt,329660
[35-3].wasm.swam.txt,[37-1][38-10][45-1][47-1].wasm.swam.txt,227732
[35-1].wasm.swam.txt,[37-1][38-10][45-1][47-1].wasm.swam.txt,227732
[37-1][38-10][45-1][47-1].wasm.swam.txt,[37-1][38-10][47-1].wasm.swam.txt,139594
[37-1][38-10][45-1].wasm.swam.txt,[37-1][38-10][47-1].wasm.swam.txt,139628
[35-3].wasm.swam.txt,[37-1][38-10][47-1].wasm.swam.txt,315492
Sexy_primes.wasm.swam.txt,[35-10].wasm.swam.txt,2146810
Sexy_primes.wasm.swam.txt,[35-3].wasm.swam.txt,940688
Sexy_primes.wasm.swam.txt,[17-0].wasm.swam.txt,939486
Sexy_primes.wasm.swam.txt,[35-1].wasm.swam.txt,1010117
Sexy_primes.wasm.swam.txt,[26-2].wasm.swam.txt,1119372
Sexy_primes.wasm.swam.txt,[3-0].wasm.swam.txt,1688168
[26-2].wasm.swam.txt,[37-1][38-10][47-1].wasm.swam.txt,1688168
[35-1].wasm.swam.txt,[37-1][38-10][47-1].wasm.swam.txt,3576049
Sexy_primes.wasm.swam.txt,[37-1][38-10][47-1].wasm.swam.txt,6043520
[3-0].wasm.swam.txt,[37-1][38-10][45-1][47-1].wasm.swam.txt,5619049
[35-10].wasm.swam.txt,[37-1][38-10][45-1][47-1].wasm.swam.txt,5643590
