t1,t2,diff
[0-1][1-11].wasm.swam.txt,[0-1][1-8].wasm.swam.txt,160
[0-1][1-11].wasm.swam.txt,[0-1][1-14].wasm.swam.txt,230
[0-1][1-14].wasm.swam.txt,[0-1][1-8].wasm.swam.txt,190
[0-1][1-4].wasm.swam.txt,[0-1][1-8].wasm.swam.txt,200
[0-1][1-11].wasm.swam.txt,[0-1][1-4].wasm.swam.txt,200
[0-1][1-14].wasm.swam.txt,[0-1][1-4].wasm.swam.txt,30210
Show_Ascii_table.wasm.~2~.swam.txt,[0-1][1-14].wasm.swam.txt,847052
Show_Ascii_table.wasm.~2~.swam.txt,[0-1][1-4].wasm.swam.txt,847052
Show_Ascii_table.wasm.~2~.swam.txt,[0-1][1-11].wasm.swam.txt,846935
Show_Ascii_table.wasm.~2~.swam.txt,[0-1][1-8].wasm.swam.txt,846935
