t1,t2,diff
[0-4].wasm.swam.txt,[0-7].wasm.swam.txt,134130
[0-7].wasm.swam.txt,[1-1][2-1].wasm.swam.txt,69816
[0-4].wasm.swam.txt,[10-4][11-10][12-3].wasm.swam.txt,425
[0-4].wasm.swam.txt,[10-10][11-10][12-3].wasm.swam.txt,611
[0-4].wasm.swam.txt,[5-3].wasm.swam.txt,0
[0-4].wasm.swam.txt,[10-4].wasm.swam.txt,1190
[0-4].wasm.swam.txt,[6-7].wasm.swam.txt,1190
[0-4].wasm.swam.txt,[10-6].wasm.swam.txt,85820
[0-4].wasm.swam.txt,[10-6][11-10][12-3].wasm.swam.txt,75536
[0-4].wasm.swam.txt,[10-4][11-12][12-3].wasm.swam.txt,
[0-4].wasm.swam.txt,[7-8].wasm.swam.txt,
[0-4].wasm.swam.txt,[10-4][11-12][12-5].wasm.swam.txt,
[0-4].wasm.swam.txt,[6-1][7-1][8-2].wasm.swam.txt,75541
[0-4].wasm.swam.txt,[5-25].wasm.swam.txt,
[0-4].wasm.swam.txt,[10-6][11-12][12-3].wasm.swam.txt,56687
[0-4].wasm.swam.txt,[10-6][11-12][12-5].wasm.swam.txt,85694
[0-4].wasm.swam.txt,[10-8][11-12][12-3].wasm.swam.txt,77769
[0-4].wasm.swam.txt,[6-1][7-1][8-5].wasm.swam.txt,
[0-4].wasm.swam.txt,[10-10][11-12][12-3].wasm.swam.txt,60663
[0-4].wasm.swam.txt,[5-10].wasm.swam.txt,71984
[0-4].wasm.swam.txt,[5-5].wasm.swam.txt,87830
[0-4].wasm.swam.txt,[6-3].wasm.swam.txt,67039
[0-4].wasm.swam.txt,[5-20].wasm.swam.txt,75881
[0-4].wasm.swam.txt,[10-8][11-12][12-5].wasm.swam.txt,79642
[0-4].wasm.swam.txt,[10-10][11-10][12-5].wasm.swam.txt,87832
[0-4].wasm.swam.txt,[10-6][11-12].wasm.swam.txt,80126
[0-4].wasm.swam.txt,[10-8].wasm.swam.txt,78648
[0-4].wasm.swam.txt,[10-10][11-12].wasm.swam.txt,59049
[0-4].wasm.swam.txt,[5-0].wasm.swam.txt,87832
[0-4].wasm.swam.txt,[10-10][11-12][12-5].wasm.swam.txt,57473
[0-4].wasm.swam.txt,[7-2].wasm.swam.txt,79627
[0-4].wasm.swam.txt,[5-15].wasm.swam.txt,83538
[0-7].wasm.swam.txt,[10-4][11-12].wasm.swam.txt,101178
[0-4].wasm.swam.txt,[10-8][11-10][12-3].wasm.swam.txt,70520
[0-4].wasm.swam.txt,[10-4][11-12].wasm.swam.txt,101176
[0-4].wasm.swam.txt,[6-2].wasm.swam.txt,109461
[0-7].wasm.swam.txt,[5-10].wasm.swam.txt,109484
[0-4].wasm.swam.txt,[5-19].wasm.swam.txt,109456
[0-4].wasm.swam.txt,[10-8][11-10][12-5].wasm.swam.txt,50908
[0-4].wasm.swam.txt,[7-1].wasm.swam.txt,109454
[0-4].wasm.swam.txt,[10-4][11-10][12-5].wasm.swam.txt,109461
[0-4].wasm.swam.txt,[10-8][11-12].wasm.swam.txt,109479
[0-7].wasm.swam.txt,[5-0].wasm.swam.txt,109479
[0-7].wasm.swam.txt,[5-5].wasm.swam.txt,109456
[0-7].wasm.swam.txt,[10-6][11-12][12-3].wasm.swam.txt,109479
[0-4].wasm.swam.txt,[10-6][11-10][12-5].wasm.swam.txt,109479
[1-1][2-1].wasm.swam.txt,[10-10][11-10][12-3].wasm.swam.txt,133972
[0-7].wasm.swam.txt,[10-8][11-10][12-5].wasm.swam.txt,136473
[0-7].wasm.swam.txt,[10-10][11-10][12-5].wasm.swam.txt,136473
[0-7].wasm.swam.txt,[6-1][7-1][8-2].wasm.swam.txt,136473
[0-7].wasm.swam.txt,[10-10][11-10][12-3].wasm.swam.txt,65491
[0-7].wasm.swam.txt,[5-19].wasm.swam.txt,36105
[1-1][2-1].wasm.swam.txt,[10-8].wasm.swam.txt,45299
[0-7].wasm.swam.txt,[5-25].wasm.swam.txt,48270
[0-7].wasm.swam.txt,[7-8].wasm.swam.txt,43559
[0-7].wasm.swam.txt,[5-15].wasm.swam.txt,54793
[0-7].wasm.swam.txt,[10-4][11-12][12-5].wasm.swam.txt,40444
[0-7].wasm.swam.txt,[10-4].wasm.swam.txt,40240
[0-7].wasm.swam.txt,[10-8][11-10][12-3].wasm.swam.txt,40444
[0-7].wasm.swam.txt,[10-6].wasm.swam.txt,40274
[0-7].wasm.swam.txt,[7-2].wasm.swam.txt,42445
[0-7].wasm.swam.txt,[10-6][11-10][12-5].wasm.swam.txt,43123
[0-7].wasm.swam.txt,[6-1][7-1][8-5].wasm.swam.txt,42465
[0-7].wasm.swam.txt,[5-20].wasm.swam.txt,24587
[0-7].wasm.swam.txt,[10-10][11-12][12-3].wasm.swam.txt,26180
[0-7].wasm.swam.txt,[6-2].wasm.swam.txt,43014
[0-7].wasm.swam.txt,[10-10][11-12].wasm.swam.txt,21852
[0-7].wasm.swam.txt,[10-8][11-12][12-3].wasm.swam.txt,25418
[0-7].wasm.swam.txt,[10-4][11-12][12-3].wasm.swam.txt,29029
[0-7].wasm.swam.txt,[10-4][11-10][12-3].wasm.swam.txt,31168
[0-7].wasm.swam.txt,[10-4][11-10][12-5].wasm.swam.txt,22282
[0-7].wasm.swam.txt,[6-3].wasm.swam.txt,22282
[0-7].wasm.swam.txt,[10-8][11-12][12-5].wasm.swam.txt,151294
[0-7].wasm.swam.txt,[10-10][11-12][12-5].wasm.swam.txt,27310
[0-7].wasm.swam.txt,[10-6][11-12][12-5].wasm.swam.txt,97484
[0-7].wasm.swam.txt,[10-6][11-12].wasm.swam.txt,21469
[1-1][2-1].wasm.swam.txt,[10-4][11-12][12-5].wasm.swam.txt,89339
[0-7].wasm.swam.txt,[7-1].wasm.swam.txt,127479
[0-4].wasm.swam.txt,[7-4].wasm.~1~.swam.txt,151576
[1-1][2-1].wasm.swam.txt,[5-15].wasm.swam.txt,151582
[0-7].wasm.swam.txt,[6-7].wasm.swam.txt,128718
[0-7].wasm.swam.txt,[10-6][11-10][12-3].wasm.swam.txt,151339
[0-7].wasm.swam.txt,[10-8].wasm.swam.txt,151289
[0-7].wasm.swam.txt,[10-8][11-12].wasm.swam.txt,782
[1-1][2-1].wasm.swam.txt,[10-10][11-10][12-5].wasm.swam.txt,136239
[0-7].wasm.swam.txt,[5-3].wasm.swam.txt,782
[0-4].wasm.swam.txt,[1-1][2-1].wasm.swam.txt,201
[0-4].wasm.swam.txt,[7-7].wasm.~1~.swam.txt,0
[10-10][11-10][12-3].wasm.swam.txt,[10-10][11-10][12-5].wasm.swam.txt,97499
[10-10][11-10][12-3].wasm.swam.txt,[10-10][11-12].wasm.swam.txt,5434
[1-1][2-1].wasm.swam.txt,[7-4].wasm.~1~.swam.txt,36591
[1-1][2-1].wasm.swam.txt,[7-7].wasm.~1~.swam.txt,62
[10-10][11-10][12-3].wasm.swam.txt,[10-10][11-12][12-5].wasm.swam.txt,0
[10-10][11-10][12-3].wasm.swam.txt,[10-4].wasm.swam.txt,140797
[10-10][11-10][12-3].wasm.swam.txt,[10-10][11-12][12-3].wasm.swam.txt,140800
[10-10][11-10][12-3].wasm.swam.txt,[10-4][11-10][12-3].wasm.swam.txt,140745
[10-10][11-10][12-3].wasm.swam.txt,[10-4][11-10][12-5].wasm.swam.txt,46686
[10-10][11-10][12-3].wasm.swam.txt,[10-4][11-12][12-3].wasm.swam.txt,3790
[10-10][11-10][12-3].wasm.swam.txt,[10-4][11-12].wasm.swam.txt,2610
[10-10][11-10][12-3].wasm.swam.txt,[10-6].wasm.swam.txt,1345
[10-10][11-10][12-3].wasm.swam.txt,[10-4][11-12][12-5].wasm.swam.txt,2965
[10-10][11-10][12-3].wasm.swam.txt,[10-6][11-10][12-5].wasm.swam.txt,580
[1-1][2-1].wasm.swam.txt,[5-10].wasm.swam.txt,168964
[0-7].wasm.swam.txt,[7-7].wasm.~1~.swam.txt,124748
[10-10][11-10][12-3].wasm.swam.txt,[10-6][11-12].wasm.swam.txt,193752
[10-10][11-10][12-3].wasm.swam.txt,[10-6][11-10][12-3].wasm.swam.txt,199849
[0-7].wasm.swam.txt,[7-4].wasm.~1~.swam.txt,3175
[1-1][2-1].wasm.swam.txt,[10-6][11-10][12-3].wasm.swam.txt,3410
[10-10][11-10][12-3].wasm.swam.txt,[10-8][11-10][12-3].wasm.swam.txt,149333
[10-10][11-10][12-3].wasm.swam.txt,[10-6][11-12][12-5].wasm.swam.txt,72402
[10-10][11-10][12-3].wasm.swam.txt,[10-6][11-12][12-3].wasm.swam.txt,193613
[1-1][2-1].wasm.swam.txt,[6-7].wasm.swam.txt,140487
[1-1][2-1].wasm.swam.txt,[10-4][11-12].wasm.swam.txt,193809
[10-10][11-10][12-3].wasm.swam.txt,[10-8].wasm.swam.txt,139158
[1-1][2-1].wasm.swam.txt,[10-4][11-10][12-5].wasm.swam.txt,180883
[1-1][2-1].wasm.swam.txt,[10-8][11-10][12-3].wasm.swam.txt,180883
[10-10][11-10][12-3].wasm.swam.txt,[10-8][11-12].wasm.swam.txt,159555
[10-10][11-10][12-3].wasm.swam.txt,[10-8][11-10][12-5].wasm.swam.txt,145910
[1-1][2-1].wasm.swam.txt,[10-4].wasm.swam.txt,76341
[1-1][2-1].wasm.swam.txt,[10-8][11-12][12-3].wasm.swam.txt,120986
[1-1][2-1].wasm.swam.txt,[10-6][11-12].wasm.swam.txt,187538
[1-1][2-1].wasm.swam.txt,[10-8][11-10][12-5].wasm.swam.txt,12257
[1-1][2-1].wasm.swam.txt,[10-6][11-12][12-3].wasm.swam.txt,78451
[1-1][2-1].wasm.swam.txt,[7-1].wasm.swam.txt,68443
[1-1][2-1].wasm.swam.txt,[6-1][7-1][8-5].wasm.swam.txt,78581
[1-1][2-1].wasm.swam.txt,[5-0].wasm.swam.txt,0
[10-10][11-10][12-3].wasm.swam.txt,[10-8][11-12][12-5].wasm.swam.txt,134437
[10-10][11-10][12-3].wasm.swam.txt,[10-8][11-12][12-3].wasm.swam.txt,141264
[1-1][2-1].wasm.swam.txt,[5-5].wasm.swam.txt,4677
[10-10][11-10][12-3].wasm.swam.txt,[5-15].wasm.swam.txt,19554
[10-10][11-10][12-3].wasm.swam.txt,[5-10].wasm.swam.txt,55872
[1-1][2-1].wasm.swam.txt,[10-10][11-12][12-3].wasm.swam.txt,72477
[1-1][2-1].wasm.swam.txt,[10-6][11-10][12-5].wasm.swam.txt,73695
[10-10][11-10][12-3].wasm.swam.txt,[5-0].wasm.swam.txt,25485
[10-10][11-10][12-3].wasm.swam.txt,[5-19].wasm.swam.txt,21824
[10-10][11-10][12-3].wasm.swam.txt,[5-20].wasm.swam.txt,31614
[1-1][2-1].wasm.swam.txt,[10-4][11-10][12-3].wasm.swam.txt,113679
[10-10][11-10][12-3].wasm.swam.txt,[5-25].wasm.swam.txt,195466
[1-1][2-1].wasm.swam.txt,[5-19].wasm.swam.txt,74798
[1-1][2-1].wasm.swam.txt,[10-8][11-12][12-5].wasm.swam.txt,61978
[10-10][11-10][12-3].wasm.swam.txt,[5-3].wasm.swam.txt,1645
[1-1][2-1].wasm.swam.txt,[5-20].wasm.swam.txt,16745
[1-1][2-1].wasm.swam.txt,[10-8][11-12].wasm.swam.txt,56537
[1-1][2-1].wasm.swam.txt,[6-1][7-1][8-2].wasm.swam.txt,33501
[1-1][2-1].wasm.swam.txt,[10-10][11-12].wasm.swam.txt,44132
[1-1][2-1].wasm.swam.txt,[10-6][11-12][12-5].wasm.swam.txt,46132
[10-10][11-10][12-3].wasm.swam.txt,[6-7].wasm.swam.txt,20808
[1-1][2-1].wasm.swam.txt,[7-8].wasm.swam.txt,119954
[1-1][2-1].wasm.swam.txt,[6-3].wasm.swam.txt,135594
[1-1][2-1].wasm.swam.txt,[10-6].wasm.swam.txt,0
[1-1][2-1].wasm.swam.txt,[10-4][11-12][12-3].wasm.swam.txt,115012
[1-1][2-1].wasm.swam.txt,[5-25].wasm.swam.txt,164312
[1-1][2-1].wasm.swam.txt,[5-3].wasm.swam.txt,165936
[1-1][2-1].wasm.swam.txt,[10-10][11-12][12-5].wasm.swam.txt,155957
[10-10][11-10][12-3].wasm.swam.txt,[7-8].wasm.swam.txt,12436
[10-10][11-10][12-3].wasm.swam.txt,[7-2].wasm.swam.txt,50827
[1-1][2-1].wasm.swam.txt,[6-2].wasm.swam.txt,15485
[1-1][2-1].wasm.swam.txt,[7-2].wasm.swam.txt,40385
[10-10][11-10][12-3].wasm.swam.txt,[5-5].wasm.swam.txt,5408
[10-10][11-10][12-3].wasm.swam.txt,[6-2].wasm.swam.txt,6345
[10-10][11-10][12-3].wasm.swam.txt,[6-1][7-1][8-2].wasm.swam.txt,5744
[10-10][11-10][12-3].wasm.swam.txt,[6-1][7-1][8-5].wasm.swam.txt,31358
[10-10][11-10][12-5].wasm.swam.txt,[10-10][11-12].wasm.swam.txt,31472
[10-10][11-10][12-3].wasm.swam.txt,[7-1].wasm.swam.txt,4
[10-10][11-10][12-3].wasm.swam.txt,[6-3].wasm.swam.txt,80229
[10-10][11-10][12-5].wasm.swam.txt,[10-6][11-12][12-3].wasm.swam.txt,52363
[10-10][11-10][12-5].wasm.swam.txt,[10-6][11-10][12-5].wasm.swam.txt,36089
[10-10][11-10][12-5].wasm.swam.txt,[10-6].wasm.swam.txt,19698
[10-10][11-10][12-5].wasm.swam.txt,[10-10][11-12][12-3].wasm.swam.txt,0
[10-10][11-10][12-5].wasm.swam.txt,[10-8][11-12][12-5].wasm.swam.txt,2631
[10-10][11-10][12-5].wasm.swam.txt,[10-4].wasm.swam.txt,13753
[10-10][11-10][12-5].wasm.swam.txt,[10-8][11-10][12-3].wasm.swam.txt,23830
[10-10][11-10][12-5].wasm.swam.txt,[10-4][11-10][12-5].wasm.swam.txt,14574
[10-10][11-10][12-5].wasm.swam.txt,[10-6][11-12][12-5].wasm.swam.txt,356
[10-10][11-10][12-5].wasm.swam.txt,[10-4][11-10][12-3].wasm.swam.txt,49705
[10-10][11-10][12-5].wasm.swam.txt,[5-0].wasm.swam.txt,96182
[10-10][11-10][12-5].wasm.swam.txt,[10-4][11-12][12-3].wasm.swam.txt,15959
[10-10][11-10][12-5].wasm.swam.txt,[10-4][11-12].wasm.swam.txt,27633
[10-10][11-10][12-5].wasm.swam.txt,[10-6][11-10][12-3].wasm.swam.txt,62285
[10-10][11-10][12-5].wasm.swam.txt,[10-6][11-12].wasm.swam.txt,28526
[10-10][11-10][12-5].wasm.swam.txt,[10-4][11-12][12-5].wasm.swam.txt,10286
[10-10][11-10][12-5].wasm.swam.txt,[10-8][11-12][12-3].wasm.swam.txt,72898
[10-10][11-10][12-5].wasm.swam.txt,[10-8].wasm.swam.txt,72584
[10-10][11-10][12-5].wasm.swam.txt,[10-8][11-12].wasm.swam.txt,34232
[10-10][11-10][12-5].wasm.swam.txt,[5-20].wasm.swam.txt,46587
[10-10][11-10][12-5].wasm.swam.txt,[10-8][11-10][12-5].wasm.swam.txt,24040
[10-10][11-10][12-5].wasm.swam.txt,[6-2].wasm.swam.txt,2890
[10-10][11-10][12-5].wasm.swam.txt,[10-10][11-12][12-5].wasm.swam.txt,84479
[10-10][11-10][12-5].wasm.swam.txt,[5-10].wasm.swam.txt,49058
[10-10][11-10][12-5].wasm.swam.txt,[5-15].wasm.swam.txt,89928
[10-10][11-10][12-5].wasm.swam.txt,[5-19].wasm.swam.txt,40803
[10-10][11-10][12-5].wasm.swam.txt,[5-5].wasm.swam.txt,0
[10-10][11-10][12-5].wasm.swam.txt,[6-3].wasm.swam.txt,10
[10-10][11-12].wasm.swam.txt,[10-4].wasm.swam.txt,28032
[10-10][11-10][12-5].wasm.swam.txt,[7-2].wasm.swam.txt,5525
[10-10][11-10][12-5].wasm.swam.txt,[5-25].wasm.swam.txt,5378
[10-10][11-10][12-5].wasm.swam.txt,[7-1].wasm.swam.txt,14255
[10-10][11-10][12-5].wasm.swam.txt,[7-8].wasm.swam.txt,48104
[10-10][11-10][12-5].wasm.swam.txt,[7-4].wasm.~1~.swam.txt,0
[10-10][11-12].wasm.swam.txt,[10-4][11-10][12-5].wasm.swam.txt,0
[10-10][11-10][12-5].wasm.swam.txt,[6-1][7-1][8-5].wasm.swam.txt,24746
[10-10][11-10][12-5].wasm.swam.txt,[6-1][7-1][8-2].wasm.swam.txt,21832
[10-10][11-10][12-5].wasm.swam.txt,[6-7].wasm.swam.txt,0
[10-10][11-12].wasm.swam.txt,[10-6].wasm.swam.txt,372
[10-10][11-12].wasm.swam.txt,[10-4][11-12].wasm.swam.txt,0
[10-10][11-12].wasm.swam.txt,[10-10][11-12][12-3].wasm.swam.txt,25915
[10-10][11-12].wasm.swam.txt,[10-8][11-12].wasm.swam.txt,6592
[10-10][11-12].wasm.swam.txt,[10-10][11-12][12-5].wasm.swam.txt,45371
[10-10][11-12].wasm.swam.txt,[5-0].wasm.swam.txt,901
[10-10][11-10][12-5].wasm.swam.txt,[5-3].wasm.swam.txt,901
[10-10][11-12].wasm.swam.txt,[10-4][11-12][12-3].wasm.swam.txt,895
[10-10][11-12].wasm.swam.txt,[5-19].wasm.swam.txt,34617
[10-10][11-12].wasm.swam.txt,[10-4][11-10][12-3].wasm.swam.txt,13624
[10-10][11-12].wasm.swam.txt,[10-6][11-10][12-5].wasm.swam.txt,40722
[10-10][11-12].wasm.swam.txt,[5-20].wasm.swam.txt,89562
[10-10][11-12].wasm.swam.txt,[10-4][11-12][12-5].wasm.swam.txt,95078
[10-10][11-12].wasm.swam.txt,[5-5].wasm.swam.txt,89732
[10-10][11-12].wasm.swam.txt,[5-15].wasm.swam.txt,73953
[10-10][11-12].wasm.swam.txt,[10-8][11-10][12-5].wasm.swam.txt,47538
[10-10][11-12].wasm.swam.txt,[10-8][11-12][12-3].wasm.swam.txt,35864
[10-10][11-12].wasm.swam.txt,[10-6][11-12][12-5].wasm.swam.txt,37099
[10-10][11-12].wasm.swam.txt,[10-8][11-12][12-5].wasm.swam.txt,2882
[10-10][11-12].wasm.swam.txt,[5-25].wasm.swam.txt,72480
[10-10][11-12].wasm.swam.txt,[10-6][11-12].wasm.swam.txt,89064
[10-10][11-12].wasm.swam.txt,[10-8][11-10][12-3].wasm.swam.txt,112979
[10-10][11-12].wasm.swam.txt,[6-1][7-1][8-5].wasm.swam.txt,89895
[10-10][11-12].wasm.swam.txt,[6-3].wasm.swam.txt,227
[10-10][11-12].wasm.swam.txt,[6-1][7-1][8-2].wasm.swam.txt,844
[10-10][11-12].wasm.swam.txt,[10-6][11-10][12-3].wasm.swam.txt,5939
[10-10][11-10][12-3].wasm.swam.txt,[7-7].wasm.~1~.swam.txt,68515
[10-10][11-12].wasm.swam.txt,[6-2].wasm.swam.txt,47970
[10-10][11-12].wasm.swam.txt,[5-3].wasm.swam.txt,20621
[10-10][11-12].wasm.swam.txt,[5-10].wasm.swam.txt,58703
[10-10][11-12].wasm.swam.txt,[7-1].wasm.swam.txt,79885
[10-10][11-12].wasm.swam.txt,[10-8].wasm.swam.txt,35799
[10-10][11-10][12-3].wasm.swam.txt,[7-4].wasm.~1~.swam.txt,129
[10-10][11-12].wasm.swam.txt,[10-6][11-12][12-3].wasm.swam.txt,129
[10-10][11-12].wasm.swam.txt,[7-8].wasm.swam.txt,129
[10-10][11-12][12-3].wasm.swam.txt,[10-4][11-12][12-5].wasm.swam.txt,0
[10-10][11-12][12-3].wasm.swam.txt,[10-4][11-10][12-5].wasm.swam.txt,35
[10-10][11-12][12-3].wasm.swam.txt,[10-10][11-12][12-5].wasm.swam.txt,93663
[10-10][11-12].wasm.swam.txt,[7-2].wasm.swam.txt,48310
[10-10][11-12][12-3].wasm.swam.txt,[10-4][11-12].wasm.swam.txt,6221
[10-10][11-12][12-3].wasm.swam.txt,[10-8][11-10][12-5].wasm.swam.txt,16957
[10-10][11-12][12-3].wasm.swam.txt,[10-4][11-12][12-3].wasm.swam.txt,37710
[10-10][11-12][12-3].wasm.swam.txt,[10-8][11-12].wasm.swam.txt,88927
[10-10][11-12].wasm.swam.txt,[6-7].wasm.swam.txt,67867
[10-10][11-12][12-3].wasm.swam.txt,[10-4].wasm.swam.txt,69485
[10-10][11-12][12-3].wasm.swam.txt,[10-8][11-12][12-5].wasm.swam.txt,70052
[10-10][11-12][12-3].wasm.swam.txt,[10-6][11-10][12-5].wasm.swam.txt,48583
[10-10][11-12][12-3].wasm.swam.txt,[5-15].wasm.swam.txt,44576
[10-10][11-12][12-3].wasm.swam.txt,[10-8][11-12][12-3].wasm.swam.txt,6657
[10-10][11-12][12-3].wasm.swam.txt,[10-8].wasm.swam.txt,14290
[10-10][11-12][12-3].wasm.swam.txt,[10-6][11-12][12-5].wasm.swam.txt,4765
[10-10][11-12][12-3].wasm.swam.txt,[10-6].wasm.swam.txt,89399
[10-10][11-12][12-3].wasm.swam.txt,[10-8][11-10][12-3].wasm.swam.txt,3386
[10-10][11-12][12-3].wasm.swam.txt,[10-4][11-10][12-3].wasm.swam.txt,97586
[10-10][11-12][12-3].wasm.swam.txt,[5-19].wasm.swam.txt,13950
[10-10][11-12][12-3].wasm.swam.txt,[5-0].wasm.swam.txt,1270
[10-10][11-12][12-3].wasm.swam.txt,[10-6][11-10][12-3].wasm.swam.txt,4161
[10-10][11-10][12-5].wasm.swam.txt,[7-7].wasm.~1~.swam.txt,3749
[10-10][11-12][12-3].wasm.swam.txt,[10-6][11-12].wasm.swam.txt,6278
[10-10][11-12][12-3].wasm.swam.txt,[10-6][11-12][12-3].wasm.swam.txt,6292
[10-10][11-12][12-3].wasm.swam.txt,[5-5].wasm.swam.txt,6681
[10-10][11-12][12-3].wasm.swam.txt,[5-3].wasm.swam.txt,378
[10-10][11-12][12-3].wasm.swam.txt,[6-7].wasm.swam.txt,527
[10-10][11-12][12-3].wasm.swam.txt,[6-2].wasm.swam.txt,68
[10-10][11-12][12-3].wasm.swam.txt,[6-1][7-1][8-2].wasm.swam.txt,5777
[10-10][11-12][12-3].wasm.swam.txt,[5-20].wasm.swam.txt,14
[10-10][11-12][12-3].wasm.swam.txt,[7-1].wasm.swam.txt,0
[10-10][11-12][12-3].wasm.swam.txt,[7-8].wasm.swam.txt,89
[10-10][11-12][12-3].wasm.swam.txt,[7-2].wasm.swam.txt,94
[10-10][11-12][12-3].wasm.swam.txt,[5-10].wasm.swam.txt,4691
[10-10][11-12][12-3].wasm.swam.txt,[6-3].wasm.swam.txt,696
[10-10][11-12][12-3].wasm.swam.txt,[6-1][7-1][8-5].wasm.swam.txt,65600
[10-10][11-12][12-3].wasm.swam.txt,[5-25].wasm.swam.txt,6497
[10-10][11-12][12-5].wasm.swam.txt,[10-6][11-10][12-5].wasm.swam.txt,0
[10-10][11-12][12-5].wasm.swam.txt,[10-4][11-10][12-3].wasm.swam.txt,17
[10-10][11-12][12-5].wasm.swam.txt,[10-6].wasm.swam.txt,772
[10-10][11-12][12-5].wasm.swam.txt,[10-8][11-10][12-5].wasm.swam.txt,6756
[10-10][11-12][12-5].wasm.swam.txt,[10-4].wasm.swam.txt,3606
[10-10][11-12][12-5].wasm.swam.txt,[10-8][11-12].wasm.swam.txt,0
[10-10][11-12].wasm.swam.txt,[7-4].wasm.~1~.swam.txt,72431
[10-10][11-12][12-5].wasm.swam.txt,[5-10].wasm.swam.txt,77063
[10-10][11-12][12-5].wasm.swam.txt,[10-6][11-12][12-3].wasm.swam.txt,5856
[10-10][11-12][12-5].wasm.swam.txt,[10-8][11-10][12-3].wasm.swam.txt,58087
[10-10][11-12][12-5].wasm.swam.txt,[5-15].wasm.swam.txt,31876
[10-10][11-12][12-5].wasm.swam.txt,[10-4][11-12][12-5].wasm.swam.txt,8761
[10-10][11-12][12-5].wasm.swam.txt,[10-4][11-12].wasm.swam.txt,52276
[10-10][11-12][12-5].wasm.swam.txt,[10-6][11-10][12-3].wasm.swam.txt,21231
[10-10][11-12][12-5].wasm.swam.txt,[10-4][11-10][12-5].wasm.swam.txt,68976
[10-10][11-12][12-5].wasm.swam.txt,[10-6][11-12].wasm.swam.txt,141355
[10-10][11-12][12-5].wasm.swam.txt,[5-5].wasm.swam.txt,143417
[10-10][11-12][12-5].wasm.swam.txt,[6-1][7-1][8-2].wasm.swam.txt,108621
[10-10][11-12][12-5].wasm.swam.txt,[5-20].wasm.swam.txt,127216
[10-10][11-12].wasm.swam.txt,[7-7].wasm.~1~.swam.txt,98864
[10-10][11-12][12-5].wasm.swam.txt,[10-8].wasm.swam.txt,93712
[10-10][11-12][12-5].wasm.swam.txt,[5-0].wasm.swam.txt,71925
[10-10][11-12][12-5].wasm.swam.txt,[10-6][11-12][12-5].wasm.swam.txt,85043
[10-10][11-12][12-5].wasm.swam.txt,[10-8][11-12][12-5].wasm.swam.txt,78678
[10-10][11-12][12-5].wasm.swam.txt,[10-4][11-12][12-3].wasm.swam.txt,78526
[10-4].wasm.swam.txt,[10-4][11-10][12-3].wasm.swam.txt,112292
[10-10][11-12][12-5].wasm.swam.txt,[5-25].wasm.swam.txt,128142
[10-10][11-12][12-5].wasm.swam.txt,[10-8][11-12][12-3].wasm.swam.txt,114022
[10-10][11-12][12-5].wasm.swam.txt,[5-19].wasm.swam.txt,120625
[10-10][11-12][12-5].wasm.swam.txt,[5-3].wasm.swam.txt,74349
[10-4].wasm.swam.txt,[10-4][11-10][12-5].wasm.swam.txt,136460
[10-4].wasm.swam.txt,[10-4][11-12][12-3].wasm.swam.txt,136803
[10-4].wasm.swam.txt,[10-8][11-12][12-5].wasm.swam.txt,136793
[10-4].wasm.swam.txt,[10-6][11-10][12-5].wasm.swam.txt,113059
[10-10][11-12][12-5].wasm.swam.txt,[6-1][7-1][8-5].wasm.swam.txt,99292
[10-10][11-12][12-5].wasm.swam.txt,[7-8].wasm.swam.txt,1485
[10-10][11-12][12-5].wasm.swam.txt,[6-7].wasm.swam.txt,45651
[10-10][11-12][12-5].wasm.swam.txt,[7-2].wasm.swam.txt,104267
[10-10][11-12][12-5].wasm.swam.txt,[6-2].wasm.swam.txt,134830
[10-4].wasm.swam.txt,[10-4][11-12].wasm.swam.txt,134774
[10-4].wasm.swam.txt,[10-8][11-10][12-5].wasm.swam.txt,136856
[10-4].wasm.swam.txt,[5-15].wasm.swam.txt,136859
[10-10][11-12][12-5].wasm.swam.txt,[7-1].wasm.swam.txt,137182
[10-10][11-12][12-5].wasm.swam.txt,[6-3].wasm.swam.txt,137144
[10-4].wasm.swam.txt,[10-8].wasm.swam.txt,21525
[10-4].wasm.swam.txt,[5-10].wasm.swam.txt,14329
[10-4].wasm.swam.txt,[10-6][11-12].wasm.swam.txt,3858
[10-4].wasm.swam.txt,[10-4][11-12][12-5].wasm.swam.txt,2599
[10-4].wasm.swam.txt,[5-25].wasm.swam.txt,4117
[10-4].wasm.swam.txt,[5-19].wasm.swam.txt,4161
[10-4].wasm.swam.txt,[6-1][7-1][8-5].wasm.swam.txt,4155
[10-4].wasm.swam.txt,[5-20].wasm.swam.txt,4284
[10-4].wasm.swam.txt,[10-8][11-12].wasm.swam.txt,5152
[10-4].wasm.swam.txt,[5-3].wasm.swam.txt,6415
[10-4].wasm.swam.txt,[5-5].wasm.swam.txt,6344
[10-4].wasm.swam.txt,[6-1][7-1][8-2].wasm.swam.txt,6980
[10-4].wasm.swam.txt,[6-2].wasm.swam.txt,6684
[10-4].wasm.swam.txt,[6-3].wasm.swam.txt,141
[10-4].wasm.swam.txt,[6-7].wasm.swam.txt,493
[10-10][11-12][12-3].wasm.swam.txt,[7-4].wasm.~1~.swam.txt,9304
[10-4].wasm.swam.txt,[7-1].wasm.swam.txt,67177
[10-10][11-12][12-3].wasm.swam.txt,[7-7].wasm.~1~.swam.txt,18546
[10-4].wasm.swam.txt,[10-6][11-10][12-3].wasm.swam.txt,19451
[10-4].wasm.swam.txt,[5-0].wasm.swam.txt,21088
[10-4].wasm.swam.txt,[7-8].wasm.swam.txt,22905
[10-4].wasm.swam.txt,[10-6].wasm.swam.txt,1711
[10-4].wasm.swam.txt,[10-8][11-10][12-3].wasm.swam.txt,12442
[10-4].wasm.swam.txt,[10-8][11-12][12-3].wasm.swam.txt,16279
[10-4].wasm.swam.txt,[7-2].wasm.swam.txt,7915
[10-4].wasm.swam.txt,[10-6][11-12][12-3].wasm.swam.txt,1500
[10-4].wasm.swam.txt,[10-6][11-12][12-5].wasm.swam.txt,20
[10-4][11-10][12-3].wasm.swam.txt,[10-4][11-12].wasm.swam.txt,164
[10-4][11-10][12-3].wasm.swam.txt,[10-8][11-10][12-3].wasm.swam.txt,2427
[10-4][11-10][12-3].wasm.swam.txt,[10-8].wasm.swam.txt,2427
[10-4][11-10][12-3].wasm.swam.txt,[10-6].wasm.swam.txt,22882
[10-4][11-10][12-3].wasm.swam.txt,[10-8][11-12].wasm.swam.txt,0
[10-4][11-10][12-3].wasm.swam.txt,[10-4][11-10][12-5].wasm.swam.txt,0
[10-4][11-10][12-3].wasm.swam.txt,[10-6][11-12][12-3].wasm.swam.txt,4505
[10-4][11-10][12-3].wasm.swam.txt,[10-8][11-10][12-5].wasm.swam.txt,2998
[10-4][11-10][12-3].wasm.swam.txt,[10-4][11-12][12-5].wasm.swam.txt,23151
[10-4][11-10][12-3].wasm.swam.txt,[5-0].wasm.swam.txt,75572
[10-4][11-10][12-3].wasm.swam.txt,[5-25].wasm.swam.txt,77327
[10-4][11-10][12-3].wasm.swam.txt,[10-6][11-10][12-3].wasm.swam.txt,50211
[10-4][11-10][12-3].wasm.swam.txt,[10-8][11-12][12-3].wasm.swam.txt,33194
[10-4][11-10][12-3].wasm.swam.txt,[10-6][11-10][12-5].wasm.swam.txt,1142
[10-4][11-10][12-3].wasm.swam.txt,[5-19].wasm.swam.txt,10741
[10-4][11-10][12-3].wasm.swam.txt,[10-6][11-12][12-5].wasm.swam.txt,35112
[10-4][11-10][12-3].wasm.swam.txt,[10-4][11-12][12-3].wasm.swam.txt,73
[10-4][11-10][12-3].wasm.swam.txt,[6-1][7-1][8-5].wasm.swam.txt,2528
[10-4][11-10][12-3].wasm.swam.txt,[10-6][11-12].wasm.swam.txt,1505
[10-4][11-10][12-3].wasm.swam.txt,[5-20].wasm.swam.txt,15573
[10-4][11-10][12-3].wasm.swam.txt,[10-8][11-12][12-5].wasm.swam.txt,37646
[10-4][11-10][12-3].wasm.swam.txt,[5-10].wasm.swam.txt,5
[10-4][11-10][12-3].wasm.swam.txt,[5-15].wasm.swam.txt,0
[10-4][11-10][12-3].wasm.swam.txt,[5-3].wasm.swam.txt,1680
[10-4][11-10][12-3].wasm.swam.txt,[7-8].wasm.swam.txt,1090
[10-4][11-10][12-3].wasm.swam.txt,[5-5].wasm.swam.txt,2028
[10-4][11-10][12-3].wasm.swam.txt,[6-1][7-1][8-2].wasm.swam.txt,52585
[10-4][11-10][12-3].wasm.swam.txt,[6-7].wasm.swam.txt,25063
[10-4][11-10][12-3].wasm.swam.txt,[6-2].wasm.swam.txt,1240
[10-4][11-10][12-3].wasm.swam.txt,[6-3].wasm.swam.txt,1240
[10-4][11-10][12-3].wasm.swam.txt,[7-2].wasm.swam.txt,52607
[10-4][11-10][12-5].wasm.swam.txt,[10-6][11-12][12-3].wasm.swam.txt,54600
[10-4].wasm.swam.txt,[7-4].wasm.~1~.swam.txt,21119
[10-4][11-10][12-3].wasm.swam.txt,[7-1].wasm.swam.txt,2170
[10-4][11-10][12-5].wasm.swam.txt,[10-6][11-10][12-5].wasm.swam.txt,2445
[10-4][11-10][12-5].wasm.swam.txt,[10-4][11-12][12-5].wasm.swam.txt,6381
[10-4][11-10][12-5].wasm.swam.txt,[10-6][11-12].wasm.swam.txt,71228
[10-10][11-12][12-5].wasm.swam.txt,[7-4].wasm.~1~.swam.txt,2751
[10-4][11-10][12-5].wasm.swam.txt,[10-6][11-12][12-5].wasm.swam.txt,26691
[10-4][11-10][12-5].wasm.swam.txt,[10-4][11-12].wasm.swam.txt,9203
[10-4][11-10][12-5].wasm.swam.txt,[10-4][11-12][12-3].wasm.swam.txt,0
[10-4][11-10][12-5].wasm.swam.txt,[10-6][11-10][12-3].wasm.swam.txt,8181
[10-4][11-10][12-5].wasm.swam.txt,[5-10].wasm.swam.txt,10688
[10-10][11-12][12-5].wasm.swam.txt,[7-7].wasm.~1~.swam.txt,2209
[10-4][11-10][12-5].wasm.swam.txt,[5-3].wasm.swam.txt,3256
[10-4][11-10][12-5].wasm.swam.txt,[10-6].wasm.swam.txt,2172
[10-4][11-10][12-5].wasm.swam.txt,[10-8].wasm.swam.txt,76280
[10-4][11-10][12-5].wasm.swam.txt,[6-1][7-1][8-5].wasm.swam.txt,4811
[10-4][11-10][12-5].wasm.swam.txt,[5-15].wasm.swam.txt,13293
[10-4][11-10][12-5].wasm.swam.txt,[6-2].wasm.swam.txt,88898
[10-4][11-10][12-5].wasm.swam.txt,[5-19].wasm.swam.txt,15932
[10-4][11-10][12-5].wasm.swam.txt,[5-20].wasm.swam.txt,14347
[10-4][11-10][12-5].wasm.swam.txt,[10-8][11-10][12-5].wasm.swam.txt,31324
[10-4].wasm.swam.txt,[7-7].wasm.~1~.swam.txt,15991
[10-4][11-10][12-5].wasm.swam.txt,[6-3].wasm.swam.txt,18664
[10-4][11-10][12-5].wasm.swam.txt,[6-1][7-1][8-2].wasm.swam.txt,20416
[10-4][11-10][12-5].wasm.swam.txt,[6-7].wasm.swam.txt,78793
[10-4][11-10][12-5].wasm.swam.txt,[10-8][11-12][12-3].wasm.swam.txt,73110
[10-4][11-10][12-5].wasm.swam.txt,[10-8][11-12][12-5].wasm.swam.txt,20014
[10-4][11-10][12-5].wasm.swam.txt,[5-0].wasm.swam.txt,5992
[10-4][11-10][12-5].wasm.swam.txt,[7-8].wasm.swam.txt,3764
[10-4][11-10][12-5].wasm.swam.txt,[10-8][11-12].wasm.swam.txt,2694
[10-4][11-12].wasm.swam.txt,[10-4][11-12][12-5].wasm.swam.txt,1581
[10-4][11-10][12-5].wasm.swam.txt,[5-25].wasm.swam.txt,0
[10-4][11-10][12-5].wasm.swam.txt,[10-8][11-10][12-3].wasm.swam.txt,47507
[10-4][11-10][12-5].wasm.swam.txt,[5-5].wasm.swam.txt,6582
[10-4][11-10][12-5].wasm.swam.txt,[7-1].wasm.swam.txt,268
[10-4][11-10][12-5].wasm.swam.txt,[7-2].wasm.swam.txt,0
[10-4][11-12].wasm.swam.txt,[10-6][11-12].wasm.swam.txt,8933
[10-4][11-12].wasm.swam.txt,[10-4][11-12][12-3].wasm.swam.txt,7640
[10-4][11-12].wasm.swam.txt,[5-19].wasm.swam.txt,36649
[10-4][11-12].wasm.swam.txt,[10-6].wasm.swam.txt,29617
[10-4][11-12].wasm.swam.txt,[10-8].wasm.swam.txt,91258
[10-4][11-12].wasm.swam.txt,[10-6][11-10][12-5].wasm.swam.txt,2016
[10-4][11-12].wasm.swam.txt,[5-10].wasm.swam.txt,74629
[10-4][11-12].wasm.swam.txt,[10-6][11-12][12-5].wasm.swam.txt,72631
[10-4][11-12].wasm.swam.txt,[10-6][11-12][12-3].wasm.swam.txt,72282
[10-4][11-12].wasm.swam.txt,[5-20].wasm.swam.txt,702
[10-4][11-12].wasm.swam.txt,[5-15].wasm.swam.txt,3359
[10-4][11-12].wasm.swam.txt,[10-8][11-10][12-3].wasm.swam.txt,824
[10-4][11-12].wasm.swam.txt,[5-25].wasm.swam.txt,18194
[10-4][11-12].wasm.swam.txt,[10-8][11-10][12-5].wasm.swam.txt,13316
[10-4][11-12].wasm.swam.txt,[10-6][11-10][12-3].wasm.swam.txt,27539
[10-4][11-12].wasm.swam.txt,[5-0].wasm.swam.txt,56324
[10-4][11-12].wasm.swam.txt,[10-8][11-12][12-3].wasm.swam.txt,31608
[10-4][11-12].wasm.swam.txt,[6-1][7-1][8-5].wasm.swam.txt,74
[10-4][11-12].wasm.swam.txt,[10-8][11-12][12-5].wasm.swam.txt,68890
[10-4][11-12].wasm.swam.txt,[5-3].wasm.swam.txt,68240
[10-4][11-12].wasm.swam.txt,[10-8][11-12].wasm.swam.txt,8839
[10-4][11-12][12-3].wasm.swam.txt,[10-6].wasm.swam.txt,43962
[10-4][11-10][12-3].wasm.swam.txt,[7-4].wasm.~1~.swam.txt,70279
[10-4][11-12].wasm.swam.txt,[7-8].wasm.swam.txt,693
[10-4][11-12].wasm.swam.txt,[5-5].wasm.swam.txt,11835
[10-4][11-10][12-3].wasm.swam.txt,[7-7].wasm.~1~.swam.txt,8155
[10-4][11-12][12-3].wasm.swam.txt,[10-8][11-10][12-3].wasm.swam.txt,35438
[10-4][11-12].wasm.swam.txt,[7-2].wasm.swam.txt,20597
[10-4][11-12].wasm.swam.txt,[6-7].wasm.swam.txt,26432
[10-4][11-12].wasm.swam.txt,[6-2].wasm.swam.txt,20004
[10-4][11-12].wasm.swam.txt,[6-3].wasm.swam.txt,7223
[10-4][11-12][12-3].wasm.swam.txt,[10-6][11-12][12-5].wasm.swam.txt,1443
[10-4][11-12].wasm.swam.txt,[6-1][7-1][8-2].wasm.swam.txt,7585
[10-4][11-12][12-3].wasm.swam.txt,[10-4][11-12][12-5].wasm.swam.txt,10451
[10-4][11-12][12-3].wasm.swam.txt,[10-8][11-12][12-3].wasm.swam.txt,4036
[10-4][11-12][12-3].wasm.swam.txt,[10-6][11-12].wasm.swam.txt,86197
[10-4][11-12][12-3].wasm.swam.txt,[5-3].wasm.swam.txt,37968
[10-4][11-12][12-3].wasm.swam.txt,[5-19].wasm.swam.txt,43337
[10-4][11-12][12-3].wasm.swam.txt,[10-6][11-12][12-3].wasm.swam.txt,2254
[10-4][11-12][12-3].wasm.swam.txt,[10-8].wasm.swam.txt,68819
[10-4][11-12].wasm.swam.txt,[7-1].wasm.swam.txt,20883
[10-4][11-12][12-3].wasm.swam.txt,[10-6][11-10][12-5].wasm.swam.txt,10473
[10-4][11-12][12-3].wasm.swam.txt,[5-20].wasm.swam.txt,4376
[10-4][11-12][12-3].wasm.swam.txt,[10-6][11-10][12-3].wasm.swam.txt,29176
[10-4][11-12][12-3].wasm.swam.txt,[10-8][11-12].wasm.swam.txt,52986
[10-4][11-12][12-3].wasm.swam.txt,[5-25].wasm.swam.txt,82740
[10-4][11-12][12-3].wasm.swam.txt,[10-8][11-10][12-5].wasm.swam.txt,5361
[10-4][11-12][12-3].wasm.swam.txt,[5-0].wasm.swam.txt,81165
[10-4][11-12][12-3].wasm.swam.txt,[5-5].wasm.swam.txt,20212
[10-4][11-12][12-3].wasm.swam.txt,[6-7].wasm.swam.txt,129
[10-4][11-10][12-5].wasm.swam.txt,[7-4].wasm.~1~.swam.txt,0
[10-4][11-12][12-3].wasm.swam.txt,[10-8][11-12][12-5].wasm.swam.txt,38310
[10-4][11-12][12-3].wasm.swam.txt,[7-8].wasm.swam.txt,738
[10-4][11-12][12-3].wasm.swam.txt,[7-2].wasm.swam.txt,3578
[10-4][11-12][12-3].wasm.swam.txt,[5-10].wasm.swam.txt,3334
[10-4][11-12][12-5].wasm.swam.txt,[10-6][11-10][12-3].wasm.swam.txt,303
[10-4][11-12][12-5].wasm.swam.txt,[10-6].wasm.swam.txt,0
[10-4][11-12][12-3].wasm.swam.txt,[6-1][7-1][8-2].wasm.swam.txt,134152
[10-4][11-12][12-3].wasm.swam.txt,[5-15].wasm.swam.txt,2880
[10-4][11-10][12-5].wasm.swam.txt,[7-7].wasm.~1~.swam.txt,575
[10-4][11-12][12-3].wasm.swam.txt,[6-1][7-1][8-5].wasm.swam.txt,73791
[10-4][11-12][12-3].wasm.swam.txt,[6-2].wasm.swam.txt,11669
[10-4][11-12][12-5].wasm.swam.txt,[10-6][11-12][12-5].wasm.swam.txt,20755
[10-4][11-12][12-5].wasm.swam.txt,[10-8][11-12][12-5].wasm.swam.txt,118295
[10-4][11-12][12-5].wasm.swam.txt,[10-8].wasm.swam.txt,34976
[10-4][11-12][12-5].wasm.swam.txt,[10-8][11-12][12-3].wasm.swam.txt,56377
[10-4][11-12][12-5].wasm.swam.txt,[5-15].wasm.swam.txt,1159
[10-4][11-12][12-5].wasm.swam.txt,[10-8][11-10][12-5].wasm.swam.txt,69115
[10-4][11-12][12-3].wasm.swam.txt,[6-3].wasm.swam.txt,55269
[10-4][11-12][12-5].wasm.swam.txt,[10-6][11-10][12-5].wasm.swam.txt,80654
[10-4][11-12][12-5].wasm.swam.txt,[10-6][11-12][12-3].wasm.swam.txt,80764
[10-4][11-12][12-3].wasm.swam.txt,[7-1].wasm.swam.txt,80653
[10-4][11-12][12-5].wasm.swam.txt,[10-6][11-12].wasm.swam.txt,4514
[10-4][11-12][12-5].wasm.swam.txt,[5-20].wasm.swam.txt,0
[10-4][11-12][12-5].wasm.swam.txt,[5-0].wasm.swam.txt,321
[10-4][11-12][12-5].wasm.swam.txt,[10-8][11-10][12-3].wasm.swam.txt,418
[10-4][11-12][12-5].wasm.swam.txt,[10-8][11-12].wasm.swam.txt,2949
[10-4][11-12][12-5].wasm.swam.txt,[6-1][7-1][8-5].wasm.swam.txt,4444
[10-4][11-12][12-5].wasm.swam.txt,[5-3].wasm.swam.txt,0
[10-4][11-12][12-5].wasm.swam.txt,[5-19].wasm.swam.txt,42516
[10-4][11-12].wasm.swam.txt,[7-4].wasm.~1~.swam.txt,1885
[10-4][11-12][12-5].wasm.swam.txt,[6-1][7-1][8-2].wasm.swam.txt,1934
[10-4][11-12][12-5].wasm.swam.txt,[5-5].wasm.swam.txt,4748
[10-4][11-12][12-5].wasm.swam.txt,[6-3].wasm.swam.txt,65461
[10-4][11-12][12-5].wasm.swam.txt,[6-7].wasm.swam.txt,66695
[10-4][11-12][12-5].wasm.swam.txt,[5-25].wasm.swam.txt,47489
[10-4][11-12][12-5].wasm.swam.txt,[7-8].wasm.swam.txt,0
[10-4][11-12][12-5].wasm.swam.txt,[6-2].wasm.swam.txt,28960
[10-6].wasm.swam.txt,[10-6][11-12][12-5].wasm.swam.txt,67193
[10-6].wasm.swam.txt,[10-8][11-10][12-5].wasm.swam.txt,8288
[10-6].wasm.swam.txt,[10-8][11-12].wasm.swam.txt,19643
[10-6].wasm.swam.txt,[10-8][11-12][12-5].wasm.swam.txt,689
[10-6].wasm.swam.txt,[10-8][11-12][12-3].wasm.swam.txt,58652
[10-4][11-12].wasm.swam.txt,[7-7].wasm.~1~.swam.txt,2985
[10-6].wasm.swam.txt,[10-8].wasm.swam.txt,5959
[10-6].wasm.swam.txt,[5-10].wasm.swam.txt,6940
[10-4][11-12][12-5].wasm.swam.txt,[7-1].wasm.swam.txt,88693
[10-6].wasm.swam.txt,[5-3].wasm.swam.txt,1958
[10-6].wasm.swam.txt,[10-6][11-12].wasm.swam.txt,41108
[10-6].wasm.swam.txt,[5-25].wasm.swam.txt,27532
[10-6].wasm.swam.txt,[6-1][7-1][8-2].wasm.swam.txt,66229
[10-4][11-12][12-5].wasm.swam.txt,[5-10].wasm.swam.txt,70365
[10-6].wasm.swam.txt,[10-6][11-10][12-3].wasm.swam.txt,94369
[10-6].wasm.swam.txt,[6-2].wasm.swam.txt,1969
[10-4][11-12][12-5].wasm.swam.txt,[7-2].wasm.swam.txt,1265
[10-6].wasm.swam.txt,[5-20].wasm.swam.txt,34999
[10-6].wasm.swam.txt,[10-6][11-12][12-3].wasm.swam.txt,0
[10-6].wasm.swam.txt,[5-5].wasm.swam.txt,161
[10-6].wasm.swam.txt,[5-15].wasm.swam.txt,8422
[10-6].wasm.swam.txt,[10-6][11-10][12-5].wasm.swam.txt,15845
[10-6].wasm.swam.txt,[5-19].wasm.swam.txt,29027
[10-6].wasm.swam.txt,[10-8][11-10][12-3].wasm.swam.txt,37203
[10-6].wasm.swam.txt,[5-0].wasm.swam.txt,74920
[10-6][11-10][12-3].wasm.swam.txt,[10-6][11-12].wasm.swam.txt,1741
[10-6].wasm.swam.txt,[7-8].wasm.swam.txt,59358
[10-6][11-10][12-3].wasm.swam.txt,[10-6][11-12][12-5].wasm.swam.txt,61720
[10-6].wasm.swam.txt,[7-2].wasm.swam.txt,54737
[10-6][11-10][12-3].wasm.swam.txt,[10-8].wasm.swam.txt,8646
[10-6].wasm.swam.txt,[6-1][7-1][8-5].wasm.swam.txt,41
[10-6][11-10][12-3].wasm.swam.txt,[10-8][11-10][12-5].wasm.swam.txt,0
[10-6][11-10][12-3].wasm.swam.txt,[5-10].wasm.swam.txt,150079
[10-4][11-12][12-3].wasm.swam.txt,[7-4].wasm.~1~.swam.txt,16298
[10-6][11-10][12-3].wasm.swam.txt,[10-8][11-10][12-3].wasm.swam.txt,5931
[10-4][11-12][12-3].wasm.swam.txt,[7-7].wasm.~1~.swam.txt,30573
[10-6].wasm.swam.txt,[6-7].wasm.swam.txt,73485
[10-6][11-10][12-3].wasm.swam.txt,[5-3].wasm.swam.txt,71488
[10-6][11-10][12-3].wasm.swam.txt,[5-19].wasm.swam.txt,78833
[10-6][11-10][12-3].wasm.swam.txt,[6-1][7-1][8-5].wasm.swam.txt,77982
[10-6][11-10][12-3].wasm.swam.txt,[6-1][7-1][8-2].wasm.swam.txt,78737
[10-6][11-10][12-3].wasm.swam.txt,[10-8][11-12].wasm.swam.txt,52620
[10-6][11-10][12-3].wasm.swam.txt,[5-20].wasm.swam.txt,94331
[10-6][11-10][12-3].wasm.swam.txt,[10-6][11-10][12-5].wasm.swam.txt,11234
[10-6].wasm.swam.txt,[6-3].wasm.swam.txt,4407
[10-6].wasm.swam.txt,[7-1].wasm.swam.txt,4730
[10-6][11-10][12-3].wasm.swam.txt,[5-5].wasm.swam.txt,95438
[10-6][11-10][12-3].wasm.swam.txt,[10-6][11-12][12-3].wasm.swam.txt,96469
[10-6][11-10][12-3].wasm.swam.txt,[10-8][11-12][12-5].wasm.swam.txt,97371
[10-6][11-10][12-3].wasm.swam.txt,[10-8][11-12][12-3].wasm.swam.txt,32899
[10-4][11-12][12-5].wasm.swam.txt,[7-7].wasm.~1~.swam.txt,17821
[10-6][11-10][12-3].wasm.swam.txt,[6-7].wasm.swam.txt,23513
[10-6][11-10][12-5].wasm.swam.txt,[10-6][11-12][12-5].wasm.swam.txt,19118
[10-6][11-10][12-3].wasm.swam.txt,[7-8].wasm.swam.txt,2625
[10-6][11-10][12-3].wasm.swam.txt,[5-15].wasm.swam.txt,27630
[10-6][11-10][12-3].wasm.swam.txt,[5-0].wasm.swam.txt,2681
[10-6][11-10][12-3].wasm.swam.txt,[6-2].wasm.swam.txt,14120
[10-6][11-10][12-3].wasm.swam.txt,[5-25].wasm.swam.txt,7148
[10-6][11-10][12-5].wasm.swam.txt,[10-8].wasm.swam.txt,7400
[10-6][11-10][12-3].wasm.swam.txt,[7-2].wasm.swam.txt,143975
[10-4][11-12][12-5].wasm.swam.txt,[7-4].wasm.~1~.swam.txt,30848
[10-6][11-10][12-5].wasm.swam.txt,[5-15].wasm.swam.txt,35
[10-6][11-10][12-3].wasm.swam.txt,[6-3].wasm.swam.txt,0
[10-6][11-10][12-5].wasm.swam.txt,[10-8][11-10][12-5].wasm.swam.txt,12001
[10-6][11-10][12-5].wasm.swam.txt,[10-8][11-12][12-5].wasm.swam.txt,6107
[10-6][11-10][12-5].wasm.swam.txt,[5-5].wasm.swam.txt,13752
[10-6][11-10][12-3].wasm.swam.txt,[7-1].wasm.swam.txt,17104
[10-6][11-10][12-5].wasm.swam.txt,[10-6][11-12][12-3].wasm.swam.txt,24890
[10-6][11-10][12-5].wasm.swam.txt,[6-1][7-1][8-5].wasm.swam.txt,2575
[10-6][11-10][12-5].wasm.swam.txt,[10-8][11-10][12-3].wasm.swam.txt,48
[10-6][11-10][12-5].wasm.swam.txt,[10-8][11-12].wasm.swam.txt,24
[10-6][11-10][12-5].wasm.swam.txt,[6-2].wasm.swam.txt,53948
[10-6][11-10][12-5].wasm.swam.txt,[7-1].wasm.swam.txt,41366
[10-6][11-10][12-5].wasm.swam.txt,[10-8][11-12][12-3].wasm.swam.txt,93637
[10-6][11-10][12-5].wasm.swam.txt,[6-7].wasm.swam.txt,9697
[10-6][11-10][12-5].wasm.swam.txt,[5-0].wasm.swam.txt,7324
[10-6][11-10][12-5].wasm.swam.txt,[5-25].wasm.swam.txt,43962
[10-6][11-10][12-5].wasm.swam.txt,[6-3].wasm.swam.txt,24078
[10-6][11-10][12-5].wasm.swam.txt,[6-1][7-1][8-2].wasm.swam.txt,56219
[10-6][11-10][12-5].wasm.swam.txt,[7-8].wasm.swam.txt,66505
[10-6][11-10][12-5].wasm.swam.txt,[5-3].wasm.swam.txt,2936
[10-6][11-10][12-5].wasm.swam.txt,[7-2].wasm.swam.txt,33000
[10-6][11-10][12-5].wasm.swam.txt,[5-19].wasm.swam.txt,1687
[10-6][11-12].wasm.swam.txt,[10-8].wasm.swam.txt,14
[10-6][11-12].wasm.swam.txt,[10-8][11-10][12-5].wasm.swam.txt,112749
[10-6][11-10][12-5].wasm.swam.txt,[10-6][11-12].wasm.swam.txt,163954
[10-6][11-12].wasm.swam.txt,[10-6][11-12][12-3].wasm.swam.txt,266997
[10-6][11-10][12-5].wasm.swam.txt,[5-10].wasm.swam.txt,202400
[10-6][11-12].wasm.swam.txt,[10-8][11-10][12-3].wasm.swam.txt,202523
[10-6].wasm.swam.txt,[7-4].wasm.~1~.swam.txt,202068
[10-6].wasm.swam.txt,[7-7].wasm.~1~.swam.txt,203874
[10-6][11-12].wasm.swam.txt,[10-6][11-12][12-5].wasm.swam.txt,79563
[10-6][11-12].wasm.swam.txt,[10-8][11-12].wasm.swam.txt,130623
[10-6][11-10][12-5].wasm.swam.txt,[5-20].wasm.swam.txt,144937
[10-6][11-12][12-3].wasm.swam.txt,[10-6][11-12][12-5].wasm.swam.txt,144937
[10-6][11-10][12-3].wasm.swam.txt,[7-4].wasm.~1~.swam.txt,198594
[10-6][11-10][12-3].wasm.swam.txt,[7-7].wasm.~1~.swam.txt,198822
[10-6][11-10][12-5].wasm.swam.txt,[7-7].wasm.~1~.swam.txt,198828
[10-6][11-10][12-5].wasm.swam.txt,[7-4].wasm.~1~.swam.txt,198615
[10-6][11-12].wasm.swam.txt,[10-8][11-12][12-3].wasm.swam.txt,3951
[10-6][11-12].wasm.swam.txt,[6-1][7-1][8-5].wasm.swam.txt,718
[10-6][11-12][12-3].wasm.swam.txt,[10-8][11-10][12-3].wasm.swam.txt,803
[10-6][11-12].wasm.swam.txt,[10-8][11-12][12-5].wasm.swam.txt,4545
[10-6][11-12].wasm.swam.txt,[5-25].wasm.swam.txt,17883
[10-6][11-12][12-5].wasm.swam.txt,[10-8].wasm.swam.txt,313
[10-6][11-12].wasm.swam.txt,[5-15].wasm.swam.txt,217
[10-6][11-12].wasm.swam.txt,[7-8].wasm.swam.txt,13233
[10-6][11-12].wasm.swam.txt,[6-2].wasm.swam.txt,2226
[10-6][11-12].wasm.swam.txt,[5-20].wasm.swam.txt,
[10-6][11-12].wasm.swam.txt,[7-2].wasm.swam.txt,1635
[10-6][11-12][12-5].wasm.swam.txt,[10-8][11-12].wasm.swam.txt,11215
[10-6][11-12].wasm.swam.txt,[5-5].wasm.swam.txt,13348
[10-6][11-12].wasm.swam.txt,[5-19].wasm.swam.txt,11009
[10-6][11-12].wasm.swam.txt,[5-3].wasm.swam.txt,3245
[10-6][11-12].wasm.swam.txt,[5-0].wasm.swam.txt,
[10-6][11-12].wasm.swam.txt,[6-1][7-1][8-2].wasm.swam.txt,15270
[10-6][11-12].wasm.swam.txt,[5-10].wasm.swam.txt,1620
[10-6][11-12].wasm.swam.txt,[7-1].wasm.swam.txt,2244
[10-6][11-12].wasm.swam.txt,[6-7].wasm.swam.txt,2651
[10-6][11-12][12-5].wasm.swam.txt,[10-8][11-10][12-3].wasm.swam.txt,10173
[10-6][11-12].wasm.swam.txt,[6-3].wasm.swam.txt,3383
[10-6][11-12][12-3].wasm.swam.txt,[6-1][7-1][8-5].wasm.swam.txt,3529
[10-6][11-12][12-3].wasm.swam.txt,[10-8][11-10][12-5].wasm.swam.txt,554
[10-6][11-12][12-3].wasm.swam.txt,[10-8].wasm.swam.txt,1930
[10-6][11-12][12-3].wasm.swam.txt,[5-25].wasm.swam.txt,2206
[10-6][11-12][12-3].wasm.swam.txt,[10-8][11-12].wasm.swam.txt,2282
[10-6][11-12][12-3].wasm.swam.txt,[5-20].wasm.swam.txt,2190
[10-6][11-12][12-3].wasm.swam.txt,[10-8][11-12][12-3].wasm.swam.txt,1638
[10-6][11-12][12-3].wasm.swam.txt,[5-10].wasm.swam.txt,1246
[10-6][11-12][12-3].wasm.swam.txt,[6-1][7-1][8-2].wasm.swam.txt,6692
[10-6][11-12][12-3].wasm.swam.txt,[6-2].wasm.swam.txt,43861
[10-6][11-12][12-3].wasm.swam.txt,[5-15].wasm.swam.txt,58428
[10-6][11-12][12-3].wasm.swam.txt,[5-0].wasm.swam.txt,45206
[10-6][11-12][12-5].wasm.swam.txt,[10-8][11-10][12-5].wasm.swam.txt,50881
[10-6][11-12][12-3].wasm.swam.txt,[5-3].wasm.swam.txt,61296
[10-6][11-12][12-3].wasm.swam.txt,[10-8][11-12][12-5].wasm.swam.txt,36555
[10-6][11-12][12-5].wasm.swam.txt,[5-0].wasm.swam.txt,18454
[10-6][11-12][12-3].wasm.swam.txt,[5-19].wasm.swam.txt,17952
[10-6][11-12][12-5].wasm.swam.txt,[10-8][11-12][12-3].wasm.swam.txt,9724
[10-6][11-12][12-3].wasm.swam.txt,[7-8].wasm.swam.txt,9432
[10-6][11-12][12-3].wasm.swam.txt,[5-5].wasm.swam.txt,8726
[10-6][11-12][12-3].wasm.swam.txt,[7-2].wasm.swam.txt,8723
[10-6][11-12][12-3].wasm.swam.txt,[7-1].wasm.swam.txt,3090
[10-6][11-12][12-3].wasm.swam.txt,[6-7].wasm.swam.txt,2519
[10-6][11-12][12-3].wasm.swam.txt,[6-3].wasm.swam.txt,735
[10-6][11-12][12-5].wasm.swam.txt,[10-8][11-12][12-5].wasm.swam.txt,105120
[10-6][11-12][12-5].wasm.swam.txt,[5-10].wasm.swam.txt,8494
[10-6][11-12][12-5].wasm.swam.txt,[5-15].wasm.swam.txt,7335
[10-6][11-12][12-5].wasm.swam.txt,[5-20].wasm.swam.txt,0
[10-6][11-12][12-5].wasm.swam.txt,[7-8].wasm.swam.txt,2900
[10-6][11-12][12-5].wasm.swam.txt,[6-1][7-1][8-5].wasm.swam.txt,11508
[10-6][11-12][12-5].wasm.swam.txt,[7-2].wasm.swam.txt,9350
[10-6][11-12][12-5].wasm.swam.txt,[6-1][7-1][8-2].wasm.swam.txt,9352
[10-8].wasm.swam.txt,[5-25].wasm.swam.txt,1296
[10-8].wasm.swam.txt,[5-10].wasm.swam.txt,11031
[10-8].wasm.swam.txt,[5-15].wasm.swam.txt,76330
[10-6][11-12][12-5].wasm.swam.txt,[6-2].wasm.swam.txt,56956
[10-6][11-12][12-5].wasm.swam.txt,[5-3].wasm.swam.txt,84059
[10-8].wasm.swam.txt,[5-20].wasm.swam.txt,75690
[10-6][11-12][12-5].wasm.swam.txt,[5-25].wasm.swam.txt,94945
[10-8].wasm.swam.txt,[10-8][11-10][12-3].wasm.swam.txt,1142
[10-8].wasm.swam.txt,[5-5].wasm.swam.txt,2935
[10-6][11-12][12-5].wasm.swam.txt,[5-19].wasm.swam.txt,2566
[10-6][11-12][12-5].wasm.swam.txt,[5-5].wasm.swam.txt,6513
[10-8].wasm.swam.txt,[6-2].wasm.swam.txt,1063
[10-8].wasm.swam.txt,[6-1][7-1][8-2].wasm.swam.txt,90754
[10-8].wasm.swam.txt,[6-1][7-1][8-5].wasm.swam.txt,1063
[10-8].wasm.swam.txt,[5-0].wasm.swam.txt,2104
[10-6][11-12][12-5].wasm.swam.txt,[6-7].wasm.swam.txt,4563
[10-8].wasm.swam.txt,[7-8].wasm.swam.txt,1193
[10-6][11-12][12-5].wasm.swam.txt,[6-3].wasm.swam.txt,4656
[10-8].wasm.swam.txt,[10-8][11-12][12-5].wasm.swam.txt,4735
[10-8].wasm.swam.txt,[7-2].wasm.swam.txt,39557
[10-8].wasm.swam.txt,[5-3].wasm.swam.txt,59078
[10-6][11-12][12-5].wasm.swam.txt,[7-1].wasm.swam.txt,60938
[10-8].wasm.swam.txt,[5-19].wasm.swam.txt,72897
[10-8].wasm.swam.txt,[10-8][11-10][12-5].wasm.swam.txt,90477
[10-8].wasm.swam.txt,[6-3].wasm.swam.txt,35801
[10-8][11-10][12-3].wasm.swam.txt,[5-19].wasm.swam.txt,34799
[10-8][11-10][12-3].wasm.swam.txt,[5-15].wasm.swam.txt,33042
[10-8].wasm.swam.txt,[10-8][11-12].wasm.swam.txt,31308
[10-8].wasm.swam.txt,[6-7].wasm.swam.txt,10661
[10-8].wasm.swam.txt,[10-8][11-12][12-3].wasm.swam.txt,5712
[10-8][11-10][12-3].wasm.swam.txt,[5-20].wasm.swam.txt,42569
[10-8][11-10][12-3].wasm.swam.txt,[10-8][11-10][12-5].wasm.swam.txt,42617
[10-8][11-10][12-3].wasm.swam.txt,[10-8][11-12].wasm.swam.txt,24189
[10-8][11-10][12-3].wasm.swam.txt,[5-10].wasm.swam.txt,18837
[10-8][11-10][12-3].wasm.swam.txt,[5-5].wasm.swam.txt,29833
[10-8][11-10][12-3].wasm.swam.txt,[10-8][11-12][12-5].wasm.swam.txt,8478
[10-8].wasm.swam.txt,[7-1].wasm.swam.txt,80790
[10-8][11-10][12-3].wasm.swam.txt,[6-1][7-1][8-5].wasm.swam.txt,7658
[10-6][11-12].wasm.swam.txt,[7-4].wasm.~1~.swam.txt,2581
[10-8][11-10][12-3].wasm.swam.txt,[10-8][11-12][12-3].wasm.swam.txt,8068
[10-8][11-10][12-3].wasm.swam.txt,[7-8].wasm.swam.txt,9221
[10-8][11-10][12-3].wasm.swam.txt,[7-2].wasm.swam.txt,409
[10-8][11-10][12-5].wasm.swam.txt,[5-19].wasm.swam.txt,0
[10-8][11-10][12-5].wasm.swam.txt,[5-20].wasm.swam.txt,83540
[10-6][11-12][12-3].wasm.swam.txt,[7-7].wasm.~1~.swam.txt,0
[10-8][11-10][12-3].wasm.swam.txt,[5-3].wasm.swam.txt,4141
[10-8][11-10][12-3].wasm.swam.txt,[7-1].wasm.swam.txt,40871
[10-6][11-12].wasm.swam.txt,[7-7].wasm.~1~.swam.txt,27101
[10-8][11-10][12-5].wasm.swam.txt,[5-15].wasm.swam.txt,23633
[10-8][11-10][12-3].wasm.swam.txt,[5-25].wasm.swam.txt,44311
[10-8][11-10][12-5].wasm.swam.txt,[5-5].wasm.swam.txt,43487
[10-8][11-10][12-3].wasm.swam.txt,[6-1][7-1][8-2].wasm.swam.txt,9250
[10-8][11-10][12-5].wasm.swam.txt,[5-3].wasm.swam.txt,44711
[10-8][11-10][12-5].wasm.swam.txt,[5-25].wasm.swam.txt,34668
[10-8][11-10][12-3].wasm.swam.txt,[5-0].wasm.swam.txt,64982
[10-8][11-10][12-3].wasm.swam.txt,[6-2].wasm.swam.txt,1046
[10-8][11-10][12-5].wasm.swam.txt,[7-1].wasm.swam.txt,57231
[10-8][11-10][12-5].wasm.swam.txt,[7-2].wasm.swam.txt,57084
[10-8][11-10][12-3].wasm.swam.txt,[6-3].wasm.swam.txt,10381
[10-8][11-10][12-5].wasm.swam.txt,[10-8][11-12].wasm.swam.txt,10381
[10-8][11-10][12-5].wasm.swam.txt,[5-0].wasm.swam.txt,40699
[10-8][11-10][12-5].wasm.swam.txt,[10-8][11-12][12-3].wasm.swam.txt,63168
[10-8][11-10][12-5].wasm.swam.txt,[6-1][7-1][8-5].wasm.swam.txt,17432
[10-6][11-12][12-3].wasm.swam.txt,[7-4].wasm.~1~.swam.txt,44167
[10-8][11-10][12-5].wasm.swam.txt,[10-8][11-12][12-5].wasm.swam.txt,58123
[10-8][11-10][12-3].wasm.swam.txt,[6-7].wasm.swam.txt,91385
[10-8][11-10][12-5].wasm.swam.txt,[6-1][7-1][8-2].wasm.swam.txt,98285
[10-8][11-10][12-5].wasm.swam.txt,[5-10].wasm.swam.txt,6267
[10-8][11-10][12-5].wasm.swam.txt,[7-8].wasm.swam.txt,16569
[10-6][11-12][12-5].wasm.swam.txt,[7-7].wasm.~1~.swam.txt,16579
[10-8][11-12].wasm.swam.txt,[10-8][11-12][12-5].wasm.swam.txt,0
[10-8][11-12].wasm.swam.txt,[6-1][7-1][8-2].wasm.swam.txt,240
[10-8][11-10][12-5].wasm.swam.txt,[6-2].wasm.swam.txt,0
[10-8][11-12].wasm.swam.txt,[5-5].wasm.swam.txt,2305
[10-6][11-12][12-5].wasm.swam.txt,[7-4].wasm.~1~.swam.txt,0
[10-8][11-10][12-5].wasm.swam.txt,[6-7].wasm.swam.txt,0
[10-8][11-10][12-5].wasm.swam.txt,[6-3].wasm.swam.txt,13384
[10-8][11-12].wasm.swam.txt,[10-8][11-12][12-3].wasm.swam.txt,16504
[10-8][11-12].wasm.swam.txt,[7-8].wasm.swam.txt,16236
[10-8][11-12].wasm.swam.txt,[7-1].wasm.swam.txt,4625
[10-8][11-12].wasm.swam.txt,[5-25].wasm.swam.txt,0
[10-8][11-12][12-3].wasm.swam.txt,[5-19].wasm.swam.txt,15623
[10-8][11-12].wasm.swam.txt,[5-15].wasm.swam.txt,86256
[10-8][11-12].wasm.swam.txt,[5-0].wasm.swam.txt,27069
[10-8][11-12].wasm.swam.txt,[5-10].wasm.swam.txt,0
[10-8][11-12][12-3].wasm.swam.txt,[5-0].wasm.swam.txt,0
[10-8][11-12].wasm.swam.txt,[6-7].wasm.swam.txt,2180
[10-8][11-12].wasm.swam.txt,[5-19].wasm.swam.txt,48175
[10-8][11-12].wasm.swam.txt,[7-2].wasm.swam.txt,7622
[10-8][11-12][12-3].wasm.swam.txt,[6-1][7-1][8-2].wasm.swam.txt,82521
[10-8][11-12][12-3].wasm.swam.txt,[10-8][11-12][12-5].wasm.swam.txt,17996
[10-8][11-12].wasm.swam.txt,[5-3].wasm.swam.txt,47870
[10-8][11-12].wasm.swam.txt,[6-1][7-1][8-5].wasm.swam.txt,155876
[10-8].wasm.swam.txt,[7-4].wasm.~1~.swam.txt,8314
[10-8][11-12][12-3].wasm.swam.txt,[6-2].wasm.swam.txt,3657
[10-8][11-12].wasm.swam.txt,[6-3].wasm.swam.txt,66443
[10-8][11-12][12-3].wasm.swam.txt,[5-15].wasm.swam.txt,143884
[10-8].wasm.swam.txt,[7-7].wasm.~1~.swam.txt,12909
[10-8][11-12].wasm.swam.txt,[5-20].wasm.swam.txt,59330
[10-8][11-12][12-3].wasm.swam.txt,[5-20].wasm.swam.txt,60775
[10-8][11-12].wasm.swam.txt,[6-2].wasm.swam.txt,60794
[10-8][11-12][12-3].wasm.swam.txt,[5-10].wasm.swam.txt,5991
[10-8][11-12][12-3].wasm.swam.txt,[7-2].wasm.swam.txt,13723
[10-8][11-12][12-5].wasm.swam.txt,[5-20].wasm.swam.txt,3916
[10-8][11-12][12-3].wasm.swam.txt,[7-8].wasm.swam.txt,1040
[10-8][11-12][12-3].wasm.swam.txt,[5-5].wasm.swam.txt,1658
[10-8][11-12][12-3].wasm.swam.txt,[5-3].wasm.swam.txt,795
[10-8][11-12][12-5].wasm.swam.txt,[6-1][7-1][8-5].wasm.swam.txt,1513
[10-8][11-12][12-3].wasm.swam.txt,[6-3].wasm.swam.txt,11296
[10-8][11-10][12-3].wasm.swam.txt,[7-7].wasm.~1~.swam.txt,2499
[10-8][11-12][12-3].wasm.swam.txt,[6-7].wasm.swam.txt,0
[10-8][11-12][12-5].wasm.swam.txt,[6-3].wasm.swam.txt,0
[10-8][11-10][12-3].wasm.swam.txt,[7-4].wasm.~1~.swam.txt,3062
[10-8][11-12][12-3].wasm.swam.txt,[7-1].wasm.swam.txt,71521
[10-8][11-12][12-3].wasm.swam.txt,[5-25].wasm.swam.txt,65576
[10-8][11-12][12-5].wasm.swam.txt,[7-8].wasm.swam.txt,236
[10-8][11-12][12-5].wasm.swam.txt,[7-1].wasm.swam.txt,3514
[10-8][11-12][12-5].wasm.swam.txt,[5-25].wasm.swam.txt,42956
[5-0].wasm.swam.txt,[5-25].wasm.swam.txt,73488
[10-8][11-12][12-3].wasm.swam.txt,[6-1][7-1][8-5].wasm.swam.txt,58481
[10-8][11-12][12-5].wasm.swam.txt,[5-0].wasm.swam.txt,128933
[5-0].wasm.swam.txt,[5-3].wasm.swam.txt,126092
[10-8][11-12][12-5].wasm.swam.txt,[6-2].wasm.swam.txt,115978
[10-8][11-12][12-5].wasm.swam.txt,[5-10].wasm.swam.txt,22566
[5-0].wasm.swam.txt,[5-19].wasm.swam.txt,4446
[5-0].wasm.swam.txt,[6-1][7-1][8-2].wasm.swam.txt,5030
[10-8][11-12][12-5].wasm.swam.txt,[5-19].wasm.swam.txt,4908
[10-8][11-12][12-5].wasm.swam.txt,[6-7].wasm.swam.txt,527
[10-8][11-12][12-5].wasm.swam.txt,[7-2].wasm.swam.txt,15338
[5-0].wasm.swam.txt,[5-5].wasm.swam.txt,10591
[10-8][11-10][12-5].wasm.swam.txt,[7-4].wasm.~1~.swam.txt,9326
[10-8][11-12][12-5].wasm.swam.txt,[5-15].wasm.swam.txt,49209
[5-0].wasm.swam.txt,[5-10].wasm.swam.txt,3746
[5-0].wasm.swam.txt,[6-3].wasm.swam.txt,76916
[10-8][11-12][12-5].wasm.swam.txt,[6-1][7-1][8-2].wasm.swam.txt,69135
[5-0].wasm.swam.txt,[7-2].wasm.swam.txt,85446
[10-8][11-10][12-5].wasm.swam.txt,[7-7].wasm.~1~.swam.txt,18309
[5-0].wasm.swam.txt,[7-8].wasm.swam.txt,8604
[10-8][11-12][12-5].wasm.swam.txt,[5-3].wasm.swam.txt,53936
[5-0].wasm.swam.txt,[5-20].wasm.swam.txt,6946
[10-8][11-12][12-5].wasm.swam.txt,[5-5].wasm.swam.txt,8589
[5-0].wasm.swam.txt,[5-15].wasm.swam.txt,8589
[5-10].wasm.swam.txt,[5-5].wasm.swam.txt,0
[5-0].wasm.swam.txt,[6-1][7-1][8-5].wasm.swam.txt,0
[5-10].wasm.swam.txt,[6-1][7-1][8-5].wasm.swam.txt,0
[5-10].wasm.swam.txt,[6-2].wasm.swam.txt,0
[5-0].wasm.swam.txt,[6-2].wasm.swam.txt,10876
[5-10].wasm.swam.txt,[5-19].wasm.swam.txt,0
[10-8][11-12].wasm.swam.txt,[7-7].wasm.~1~.swam.txt,35701
[5-10].wasm.swam.txt,[6-1][7-1][8-2].wasm.swam.txt,87002
[5-10].wasm.swam.txt,[5-15].wasm.swam.txt,90148
[5-10].wasm.swam.txt,[7-8].wasm.swam.txt,4934
[5-0].wasm.swam.txt,[6-7].wasm.swam.txt,114553
[5-10].wasm.swam.txt,[5-25].wasm.swam.txt,8693
[5-15].wasm.swam.txt,[5-3].wasm.swam.txt,60124
[5-10].wasm.swam.txt,[7-2].wasm.swam.txt,145685
[5-10].wasm.swam.txt,[7-1].wasm.swam.txt,135363
[5-10].wasm.swam.txt,[5-3].wasm.swam.txt,43451
[10-8][11-12].wasm.swam.txt,[7-4].wasm.~1~.swam.txt,156
[5-15].wasm.swam.txt,[6-1][7-1][8-2].wasm.swam.txt,1176
[5-10].wasm.swam.txt,[6-7].wasm.swam.txt,50018
[5-0].wasm.swam.txt,[7-1].wasm.swam.txt,36538
[5-15].wasm.swam.txt,[5-5].wasm.swam.txt,0
[5-10].wasm.swam.txt,[6-3].wasm.swam.txt,5856
[5-15].wasm.swam.txt,[7-2].wasm.swam.txt,25436
[5-10].wasm.swam.txt,[5-20].wasm.swam.txt,23023
[10-8][11-12][12-3].wasm.swam.txt,[7-7].wasm.~1~.swam.txt,2116
[5-15].wasm.swam.txt,[7-8].wasm.swam.txt,167
[5-15].wasm.swam.txt,[5-19].wasm.swam.txt,1110
[5-15].wasm.swam.txt,[5-20].wasm.swam.txt,0
[5-15].wasm.swam.txt,[6-7].wasm.swam.txt,1071
[5-19].wasm.swam.txt,[6-7].wasm.swam.txt,0
[5-15].wasm.swam.txt,[6-2].wasm.swam.txt,0
[5-19].wasm.swam.txt,[5-3].wasm.swam.txt,46551
[5-15].wasm.swam.txt,[5-25].wasm.swam.txt,70040
[5-19].wasm.swam.txt,[6-1][7-1][8-5].wasm.swam.txt,94845
[5-15].wasm.swam.txt,[6-1][7-1][8-5].wasm.swam.txt,7096
[5-19].wasm.swam.txt,[7-8].wasm.swam.txt,42143
[5-15].wasm.swam.txt,[6-3].wasm.swam.txt,78363
[5-19].wasm.swam.txt,[5-20].wasm.swam.txt,89381
[5-19].wasm.swam.txt,[6-2].wasm.swam.txt,11005
[10-8][11-12][12-3].wasm.swam.txt,[7-4].wasm.~1~.swam.txt,11811
[5-19].wasm.swam.txt,[5-25].wasm.swam.txt,9313
[5-19].wasm.swam.txt,[6-3].wasm.swam.txt,8756
[5-19].wasm.swam.txt,[5-5].wasm.swam.txt,1
[5-19].wasm.swam.txt,[6-1][7-1][8-2].wasm.swam.txt,0
[10-8][11-12][12-5].wasm.swam.txt,[7-7].wasm.~1~.swam.txt,415
[5-19].wasm.swam.txt,[7-2].wasm.swam.txt,7856
[5-20].wasm.swam.txt,[7-8].wasm.swam.txt,5347
[5-19].wasm.swam.txt,[7-1].wasm.swam.txt,8020
[5-20].wasm.swam.txt,[5-25].wasm.swam.txt,435
[5-20].wasm.swam.txt,[6-7].wasm.swam.txt,17368
[5-15].wasm.swam.txt,[7-1].wasm.swam.txt,90832
[5-20].wasm.swam.txt,[5-3].wasm.swam.txt,88277
[5-20].wasm.swam.txt,[6-1][7-1][8-2].wasm.swam.txt,63922
[10-8][11-12][12-5].wasm.swam.txt,[7-4].wasm.~1~.swam.txt,58280
[5-20].wasm.swam.txt,[6-1][7-1][8-5].wasm.swam.txt,50048
[5-25].wasm.swam.txt,[6-1][7-1][8-5].wasm.swam.txt,45801
[5-20].wasm.swam.txt,[7-2].wasm.swam.txt,490
[5-20].wasm.swam.txt,[6-3].wasm.swam.txt,2590
[5-20].wasm.swam.txt,[5-5].wasm.swam.txt,115170
[5-25].wasm.swam.txt,[5-5].wasm.swam.txt,2700
[5-25].wasm.swam.txt,[6-1][7-1][8-2].wasm.swam.txt,59807
[5-0].wasm.swam.txt,[7-7].wasm.~1~.swam.txt,53429
[5-25].wasm.swam.txt,[5-3].wasm.swam.txt,79040
[5-25].wasm.swam.txt,[7-2].wasm.swam.txt,21755
[5-25].wasm.swam.txt,[7-8].wasm.swam.txt,15722
[5-20].wasm.swam.txt,[7-1].wasm.swam.txt,27216
[5-20].wasm.swam.txt,[6-2].wasm.swam.txt,65919
[5-0].wasm.swam.txt,[7-4].wasm.~1~.swam.txt,0
[5-3].wasm.swam.txt,[5-5].wasm.swam.txt,10
[5-25].wasm.swam.txt,[6-2].wasm.swam.txt,4183
[5-3].wasm.swam.txt,[7-1].wasm.swam.txt,2394
[5-3].wasm.swam.txt,[7-2].wasm.swam.txt,23503
[5-3].wasm.swam.txt,[7-8].wasm.swam.txt,49482
[5-3].wasm.swam.txt,[6-1][7-1][8-2].wasm.swam.txt,1041
[5-10].wasm.swam.txt,[7-4].wasm.~1~.swam.txt,37295
[5-25].wasm.swam.txt,[6-7].wasm.swam.txt,961
[5-5].wasm.swam.txt,[6-1][7-1][8-5].wasm.swam.txt,61648
[5-25].wasm.swam.txt,[7-1].wasm.swam.txt,44014
[5-3].wasm.swam.txt,[6-2].wasm.swam.txt,164853
[5-5].wasm.swam.txt,[6-3].wasm.swam.txt,14487
[5-5].wasm.swam.txt,[7-1].wasm.swam.txt,42763
[5-10].wasm.swam.txt,[7-7].wasm.~1~.swam.txt,1617
[5-3].wasm.swam.txt,[6-1][7-1][8-5].wasm.swam.txt,8155
[5-3].wasm.swam.txt,[6-3].wasm.swam.txt,5887
[5-5].wasm.swam.txt,[6-7].wasm.swam.txt,41349
[5-25].wasm.swam.txt,[6-3].wasm.swam.txt,
[5-15].wasm.swam.txt,[7-4].wasm.~1~.swam.txt,11028
[5-5].wasm.swam.txt,[7-2].wasm.swam.txt,1644
[5-5].wasm.swam.txt,[7-8].wasm.swam.txt,50223
[6-1][7-1][8-2].wasm.swam.txt,[6-1][7-1][8-5].wasm.swam.txt,50227
[5-5].wasm.swam.txt,[6-1][7-1][8-2].wasm.swam.txt,21778
[6-1][7-1][8-2].wasm.swam.txt,[6-3].wasm.swam.txt,158028
[5-15].wasm.swam.txt,[7-7].wasm.~1~.swam.txt,70240
[5-5].wasm.swam.txt,[6-2].wasm.swam.txt,60347
[6-1][7-1][8-2].wasm.swam.txt,[6-7].wasm.swam.txt,124505
[6-1][7-1][8-2].wasm.swam.txt,[7-1].wasm.swam.txt,146158
[6-1][7-1][8-2].wasm.swam.txt,[7-8].wasm.swam.txt,146158
[6-1][7-1][8-2].wasm.swam.txt,[6-2].wasm.swam.txt,146164
[6-1][7-1][8-2].wasm.swam.txt,[7-2].wasm.swam.txt,146164
[6-1][7-1][8-5].wasm.swam.txt,[6-2].wasm.swam.txt,126812
[5-3].wasm.swam.txt,[6-7].wasm.swam.txt,212
[6-1][7-1][8-5].wasm.swam.txt,[7-8].wasm.swam.txt,24289
[6-2].wasm.swam.txt,[6-3].wasm.swam.txt,6328
[6-1][7-1][8-5].wasm.swam.txt,[7-2].wasm.swam.txt,6389
[5-20].wasm.swam.txt,[7-4].wasm.~1~.swam.txt,4490
[6-1][7-1][8-5].wasm.swam.txt,[6-7].wasm.swam.txt,81921
[6-2].wasm.swam.txt,[6-7].wasm.swam.txt,14437
[6-2].wasm.swam.txt,[7-8].wasm.swam.txt,30375
[6-2].wasm.swam.txt,[7-1].wasm.swam.txt,63619
[6-2].wasm.swam.txt,[7-2].wasm.swam.txt,172839
[5-19].wasm.swam.txt,[7-4].wasm.~1~.swam.txt,196856
[5-19].wasm.swam.txt,[7-7].wasm.~1~.swam.txt,141136
[6-1][7-1][8-5].wasm.swam.txt,[6-3].wasm.swam.txt,130826
[6-1][7-1][8-5].wasm.swam.txt,[7-1].wasm.swam.txt,88642
[5-20].wasm.swam.txt,[7-7].wasm.~1~.swam.txt,198584
[5-3].wasm.swam.txt,[7-7].wasm.~1~.swam.txt,198354
[5-3].wasm.swam.txt,[7-4].wasm.~1~.swam.txt,198406
[5-5].wasm.swam.txt,[7-4].wasm.~1~.swam.txt,196568
[5-25].wasm.swam.txt,[7-7].wasm.~1~.swam.txt,198351
[5-25].wasm.swam.txt,[7-4].wasm.~1~.swam.txt,198341
[6-1][7-1][8-5].wasm.swam.txt,[7-7].wasm.~1~.swam.txt,198685
[6-2].wasm.swam.txt,[7-7].wasm.~1~.swam.txt,198134
[6-2].wasm.swam.txt,[7-4].wasm.~1~.swam.txt,198895
[5-5].wasm.swam.txt,[7-7].wasm.~1~.swam.txt,199310
[6-1][7-1][8-5].wasm.swam.txt,[7-4].wasm.~1~.swam.txt,198897
[6-1][7-1][8-2].wasm.swam.txt,[7-4].wasm.~1~.swam.txt,198897
[6-1][7-1][8-2].wasm.swam.txt,[7-7].wasm.~1~.swam.txt,199083
[6-3].wasm.swam.txt,[6-7].wasm.swam.txt,72853
[7-4].wasm.~1~.swam.txt,[7-7].wasm.~1~.swam.txt,72542
[7-4].wasm.~1~.swam.txt,[7-8].wasm.swam.txt,14477
[6-7].wasm.swam.txt,[7-2].wasm.swam.txt,14793
[6-3].wasm.swam.txt,[7-2].wasm.swam.txt,9292
[7-1].wasm.swam.txt,[7-2].wasm.swam.txt,48818
[6-7].wasm.swam.txt,[7-1].wasm.swam.txt,71084
[6-3].wasm.swam.txt,[7-1].wasm.swam.txt,2604
[7-2].wasm.swam.txt,[7-8].wasm.swam.txt,41157
[7-1].wasm.swam.txt,[7-8].wasm.swam.txt,6817
[6-7].wasm.swam.txt,[7-8].wasm.swam.txt,41434
[6-3].wasm.swam.txt,[7-8].wasm.swam.txt,76763
[7-2].wasm.swam.txt,[7-4].wasm.~1~.swam.txt,178512
[7-1].wasm.swam.txt,[7-4].wasm.~1~.swam.txt,198718
[6-7].wasm.swam.txt,[7-4].wasm.~1~.swam.txt,199183
[6-3].wasm.swam.txt,[7-7].wasm.~1~.swam.txt,201423
[6-3].wasm.swam.txt,[7-4].wasm.~1~.swam.txt,200419
[7-2].wasm.swam.txt,[7-7].wasm.~1~.swam.txt,201736
[7-7].wasm.~1~.swam.txt,[7-8].wasm.swam.txt,201311
[7-1].wasm.swam.txt,[7-7].wasm.~1~.swam.txt,203775
[6-7].wasm.swam.txt,[7-7].wasm.~1~.swam.txt,200797
