t1,t2,diff
Sort_an_array_of_composite_structures.wasm.swam.txt,[0-1][49-1].wasm.swam.txt,2031
Sort_an_array_of_composite_structures.wasm.swam.txt,[10-1][18-1][49-1].wasm.swam.txt,202439
Sort_an_array_of_composite_structures.wasm.swam.txt,[0-1][18-1][49-1].wasm.swam.txt,202439
Sort_an_array_of_composite_structures.wasm.swam.txt,[0-1][18-1][34-1][49-1].wasm.swam.txt,8489
Sort_an_array_of_composite_structures.wasm.swam.txt,[0-1][34-1][49-1].wasm.swam.txt,53249
Sort_an_array_of_composite_structures.wasm.swam.txt,[16-1][38-1].wasm.swam.txt,78833
Sort_an_array_of_composite_structures.wasm.swam.txt,[16-1].wasm.swam.txt,91148
Sort_an_array_of_composite_structures.wasm.swam.txt,[10-1][24-1][34-1][49-1].wasm.swam.txt,71070
Sort_an_array_of_composite_structures.wasm.swam.txt,[0-1][10-1][18-1][34-1][49-1].wasm.swam.txt,76668
Sort_an_array_of_composite_structures.wasm.swam.txt,[0-1][10-1].wasm.swam.txt,76208
Sort_an_array_of_composite_structures.wasm.swam.txt,[10-1][24-1].wasm.swam.txt,166247
[0-1].wasm.swam.txt,[0-1][10-1].wasm.swam.txt,143647
[0-1].wasm.swam.txt,[0-1][10-1][18-1].wasm.swam.txt,
Sort_an_array_of_composite_structures.wasm.swam.txt,[0-1][18-1].wasm.swam.txt,141947
Sort_an_array_of_composite_structures.wasm.swam.txt,[0-1][10-1][18-1].wasm.swam.txt,219299
[0-1].wasm.swam.txt,[0-1][10-1][18-1][34-1].wasm.swam.txt,222535
Sort_an_array_of_composite_structures.wasm.swam.txt,[0-1].wasm.swam.txt,217867
Sort_an_array_of_composite_structures.wasm.swam.txt,[0-1][10-1][24-1].wasm.swam.txt,204028
Sort_an_array_of_composite_structures.wasm.swam.txt,[0-1][10-1][24-1][34-1][49-1].wasm.swam.txt,113082
Sort_an_array_of_composite_structures.wasm.swam.txt,[0-1][10-1][18-1][49-1].wasm.swam.txt,101956
[0-1].wasm.swam.txt,[0-1][10-1][49-1].wasm.swam.txt,206708
[0-1].wasm.swam.txt,[0-1][18-1].wasm.swam.txt,39610
Sort_an_array_of_composite_structures.wasm.swam.txt,[0-1][10-1][49-1].wasm.swam.txt,67317
[0-1].wasm.swam.txt,[0-1][10-1][18-1][34-1][49-1].wasm.swam.txt,30948
Sort_an_array_of_composite_structures.wasm.swam.txt,[0-1][10-1][18-1][34-1].wasm.swam.txt,7137
[0-1].wasm.swam.txt,[0-1][10-1][18-1][49-1].wasm.swam.txt,213012
Sort_an_array_of_composite_structures.wasm.swam.txt,[0-1][18-1][34-1].wasm.swam.txt,189975
[0-1].wasm.swam.txt,[0-1][10-1][24-1].wasm.swam.txt,189780
[0-1].wasm.swam.txt,[0-1][10-1][24-1][34-1][49-1].wasm.swam.txt,189780
[0-1].wasm.swam.txt,[0-1][18-1][34-1].wasm.swam.txt,189780
[0-1].wasm.swam.txt,[0-1][18-1][34-1][49-1].wasm.swam.txt,211652
[0-1].wasm.swam.txt,[0-1][34-1].wasm.swam.txt,244343
[0-1].wasm.swam.txt,[0-1][18-1][49-1].wasm.swam.txt,235544
Sort_an_array_of_composite_structures.wasm.swam.txt,[10-1][18-1].wasm.swam.txt,242935
[0-1].wasm.swam.txt,[0-1][34-1][49-1].wasm.swam.txt,239462
Sort_an_array_of_composite_structures.wasm.swam.txt,[0-1][34-1].wasm.swam.txt,241719
Sort_an_array_of_composite_structures.wasm.swam.txt,[10-1][18-1][24-1][34-1][49-1].wasm.swam.txt,252403
[0-1][10-1].wasm.swam.txt,[0-1][10-1][18-1].wasm.swam.txt,250332
Sort_an_array_of_composite_structures.wasm.swam.txt,[10-1][18-1][24-1].wasm.swam.txt,250204
[0-1][10-1].wasm.swam.txt,[0-1][10-1][18-1][34-1].wasm.swam.txt,72538
[0-1].wasm.swam.txt,[0-1][49-1].wasm.swam.txt,63369
[0-1].wasm.swam.txt,[10-1][18-1].wasm.swam.txt,6113
[0-1].wasm.swam.txt,[18-1][34-1].wasm.swam.txt,7386
[0-1].wasm.swam.txt,[9-1].wasm.swam.txt,7004
[0-1].wasm.swam.txt,[10-1][18-1][24-1][34-1][49-1].wasm.swam.txt,24325
[0-1].wasm.swam.txt,[10-1][18-1][49-1].wasm.swam.txt,52542
[0-1].wasm.swam.txt,[10-1][18-1][24-1].wasm.swam.txt,87732
[0-1].wasm.swam.txt,[10-1][24-1][34-1][49-1].wasm.swam.txt,78709
[0-1].wasm.swam.txt,[16-1][19-1].wasm.swam.txt,106612
[0-1].wasm.swam.txt,[10-1][24-1].wasm.swam.txt,152761
[0-1].wasm.swam.txt,[16-1].wasm.swam.txt,170228
[0-1].wasm.swam.txt,[16-1][38-1].wasm.swam.txt,173356
[0-1].wasm.swam.txt,[9-1][16-1].wasm.swam.txt,131715
Sort_an_array_of_composite_structures.wasm.swam.txt,[9-1][16-1].wasm.swam.txt,190947
[0-1].wasm.swam.txt,[9-1][16-1][19-1].wasm.swam.txt,227743
Sort_an_array_of_composite_structures.wasm.swam.txt,[9-1][16-1][19-1].wasm.swam.txt,228104
Sort_an_array_of_composite_structures.wasm.swam.txt,[9-1].wasm.swam.txt,34781
Sort_an_array_of_composite_structures.wasm.swam.txt,[18-1][34-1].wasm.swam.txt,216463
Sort_an_array_of_composite_structures.wasm.swam.txt,[16-1][19-1].wasm.swam.txt,237900
[0-1][10-1].wasm.swam.txt,[0-1][18-1][34-1][49-1].wasm.swam.txt,235098
[0-1][10-1][18-1].wasm.swam.txt,[0-1][10-1][18-1][34-1].wasm.swam.txt,187005
[0-1][10-1].wasm.swam.txt,[0-1][18-1][34-1].wasm.swam.txt,2005
[0-1][10-1].wasm.swam.txt,[18-1][34-1].wasm.swam.txt,1492
[0-1][10-1].wasm.swam.txt,[0-1][10-1][18-1][49-1].wasm.swam.txt,1492
[0-1][10-1].wasm.swam.txt,[0-1][10-1][24-1].wasm.swam.txt,1498
[0-1][10-1].wasm.swam.txt,[0-1][10-1][18-1][34-1][49-1].wasm.swam.txt,2240
[0-1][10-1].wasm.swam.txt,[10-1][18-1][24-1].wasm.swam.txt,1492
[0-1][10-1].wasm.swam.txt,[0-1][18-1][49-1].wasm.swam.txt,1652
[0-1][10-1].wasm.swam.txt,[10-1][18-1][49-1].wasm.swam.txt,1652
[0-1][10-1].wasm.swam.txt,[10-1][24-1][34-1][49-1].wasm.swam.txt,1652
[0-1][10-1].wasm.swam.txt,[0-1][34-1].wasm.swam.txt,1282
[0-1][10-1].wasm.swam.txt,[9-1].wasm.swam.txt,1652
[0-1][10-1].wasm.swam.txt,[10-1][18-1][24-1][34-1][49-1].wasm.swam.txt,1652
[0-1][10-1].wasm.swam.txt,[9-1][16-1].wasm.swam.txt,1652
[0-1][10-1].wasm.swam.txt,[0-1][34-1][49-1].wasm.swam.txt,1652
[0-1][10-1].wasm.swam.txt,[10-1][24-1].wasm.swam.txt,1652
[0-1][10-1].wasm.swam.txt,[0-1][49-1].wasm.swam.txt,1652
[0-1][10-1].wasm.swam.txt,[0-1][10-1][24-1][34-1][49-1].wasm.swam.txt,1652
[0-1][10-1].wasm.swam.txt,[9-1][16-1][19-1].wasm.swam.txt,1652
[0-1][10-1].wasm.swam.txt,[16-1][19-1].wasm.swam.txt,1652
[0-1][10-1].wasm.swam.txt,[0-1][18-1].wasm.swam.txt,1652
[0-1][10-1].wasm.swam.txt,[10-1][18-1].wasm.swam.txt,1652
[0-1][10-1].wasm.swam.txt,[16-1][38-1].wasm.swam.txt,1652
[0-1][10-1].wasm.swam.txt,[0-1][10-1][49-1].wasm.swam.txt,1652
[0-1][10-1].wasm.swam.txt,[16-1].wasm.swam.txt,1652
[0-1][10-1][18-1].wasm.swam.txt,[0-1][18-1][34-1][49-1].wasm.swam.txt,1198
[0-1][10-1][18-1].wasm.swam.txt,[16-1][19-1].wasm.swam.txt,3490
[0-1][10-1][18-1].wasm.swam.txt,[10-1][24-1][34-1][49-1].wasm.swam.txt,3490
[0-1][10-1][18-1].wasm.swam.txt,[10-1][18-1][24-1].wasm.swam.txt,2480
[0-1][10-1][18-1].wasm.swam.txt,[18-1][34-1].wasm.swam.txt,2480
[0-1][10-1][18-1].wasm.swam.txt,[10-1][18-1][49-1].wasm.swam.txt,3406
[0-1][10-1][18-1].wasm.swam.txt,[0-1][10-1][18-1][49-1].wasm.swam.txt,73518
[0-1][10-1][18-1].wasm.swam.txt,[0-1][34-1][49-1].wasm.swam.txt,81375
[0-1][10-1][18-1][34-1].wasm.swam.txt,[0-1][10-1][18-1][34-1][49-1].wasm.swam.txt,12599
[0-1][10-1][18-1].wasm.swam.txt,[16-1][38-1].wasm.swam.txt,3498
[0-1][10-1][18-1].wasm.swam.txt,[16-1].wasm.swam.txt,3498
[0-1][10-1][18-1].wasm.swam.txt,[10-1][24-1].wasm.swam.txt,1154
[0-1][10-1][18-1].wasm.swam.txt,[0-1][49-1].wasm.swam.txt,3458
[0-1][10-1][18-1].wasm.swam.txt,[9-1][16-1].wasm.swam.txt,15513
[0-1][10-1][18-1].wasm.swam.txt,[10-1][18-1][24-1][34-1][49-1].wasm.swam.txt,86795
[0-1][10-1][18-1].wasm.swam.txt,[0-1][10-1][18-1][34-1][49-1].wasm.swam.txt,77394
[0-1][10-1][18-1].wasm.swam.txt,[0-1][10-1][24-1].wasm.swam.txt,60
[0-1][10-1][18-1].wasm.swam.txt,[0-1][34-1].wasm.swam.txt,60
[0-1][10-1][18-1].wasm.swam.txt,[0-1][18-1].wasm.swam.txt,1837
[0-1][10-1][18-1].wasm.swam.txt,[10-1][18-1].wasm.swam.txt,2224
[0-1][10-1][18-1].wasm.swam.txt,[0-1][18-1][49-1].wasm.swam.txt,0
[0-1][10-1][18-1].wasm.swam.txt,[0-1][18-1][34-1].wasm.swam.txt,1616
[0-1][10-1][18-1].wasm.swam.txt,[9-1].wasm.swam.txt,458
[0-1][10-1][18-1].wasm.swam.txt,[0-1][10-1][49-1].wasm.swam.txt,0
[0-1][10-1][18-1][34-1].wasm.swam.txt,[9-1][16-1][19-1].wasm.swam.txt,3414
[0-1][10-1][18-1][34-1][49-1].wasm.swam.txt,[0-1][10-1][18-1][49-1].wasm.swam.txt,3428
[0-1][10-1][18-1][34-1].wasm.swam.txt,[0-1][34-1][49-1].wasm.swam.txt,3414
[0-1][10-1][18-1][34-1].wasm.swam.txt,[0-1][10-1][18-1][49-1].wasm.swam.txt,0
[0-1][10-1][18-1][34-1].wasm.swam.txt,[0-1][18-1][34-1][49-1].wasm.swam.txt,0
[0-1][10-1][18-1][34-1].wasm.swam.txt,[16-1][19-1].wasm.swam.txt,0
[0-1][10-1][18-1][34-1].wasm.swam.txt,[10-1][24-1][34-1][49-1].wasm.swam.txt,354
[0-1][10-1][18-1].wasm.swam.txt,[0-1][10-1][24-1][34-1][49-1].wasm.swam.txt,80532
[0-1][10-1][18-1][34-1].wasm.swam.txt,[10-1][18-1][24-1].wasm.swam.txt,14668
[0-1][10-1][18-1][34-1].wasm.swam.txt,[18-1][34-1].wasm.swam.txt,36426
[0-1][10-1][18-1].wasm.swam.txt,[9-1][16-1][19-1].wasm.swam.txt,0
[0-1][10-1][18-1][34-1].wasm.swam.txt,[10-1][18-1][49-1].wasm.swam.txt,0
[0-1][10-1][18-1][34-1].wasm.swam.txt,[16-1][38-1].wasm.swam.txt,16
[0-1][10-1][18-1][34-1].wasm.swam.txt,[10-1][24-1].wasm.swam.txt,342
[0-1][10-1][18-1][34-1].wasm.swam.txt,[0-1][49-1].wasm.swam.txt,892
[0-1][10-1][18-1][34-1].wasm.swam.txt,[16-1].wasm.swam.txt,0
[0-1][10-1][18-1][34-1].wasm.swam.txt,[0-1][34-1].wasm.swam.txt,0
[0-1][10-1][18-1][34-1][49-1].wasm.swam.txt,[0-1][10-1][24-1].wasm.swam.txt,1877
[0-1][10-1][18-1][34-1][49-1].wasm.swam.txt,[0-1][34-1].wasm.swam.txt,3886
[0-1][10-1][18-1][34-1].wasm.swam.txt,[0-1][10-1][24-1].wasm.swam.txt,11525
[0-1][10-1][18-1][34-1].wasm.swam.txt,[0-1][18-1].wasm.swam.txt,776
[0-1][10-1][18-1][34-1][49-1].wasm.swam.txt,[0-1][18-1].wasm.swam.txt,4104
[0-1][10-1][18-1][34-1][49-1].wasm.swam.txt,[9-1][16-1].wasm.swam.txt,0
[0-1][10-1][18-1][49-1].wasm.swam.txt,[0-1][18-1].wasm.swam.txt,2622
[0-1][10-1][18-1][34-1].wasm.swam.txt,[9-1][16-1].wasm.swam.txt,0
[0-1][10-1][18-1][34-1][49-1].wasm.swam.txt,[10-1][18-1][24-1][34-1][49-1].wasm.swam.txt,0
[0-1][10-1][18-1][34-1].wasm.swam.txt,[10-1][18-1][24-1][34-1][49-1].wasm.swam.txt,0
[0-1][10-1][18-1][34-1].wasm.swam.txt,[10-1][18-1].wasm.swam.txt,20
[0-1][10-1][18-1][34-1][49-1].wasm.swam.txt,[10-1][18-1].wasm.swam.txt,0
[0-1][10-1][18-1][34-1].wasm.swam.txt,[0-1][18-1][34-1].wasm.swam.txt,57208
[0-1][10-1][18-1][34-1][49-1].wasm.swam.txt,[0-1][18-1][34-1].wasm.swam.txt,47842
[0-1][10-1][18-1][49-1].wasm.swam.txt,[0-1][18-1][34-1].wasm.swam.txt,43818
[0-1][10-1][18-1][34-1][49-1].wasm.swam.txt,[0-1][10-1][49-1].wasm.swam.txt,26051
[0-1][10-1][18-1][49-1].wasm.swam.txt,[0-1][10-1][49-1].wasm.swam.txt,1122
[0-1][10-1][18-1][49-1].wasm.swam.txt,[0-1][18-1][49-1].wasm.swam.txt,3116
[0-1][10-1][18-1][34-1][49-1].wasm.swam.txt,[0-1][18-1][49-1].wasm.swam.txt,1122
[0-1][10-1][18-1][34-1].wasm.swam.txt,[9-1].wasm.swam.txt,1122
[0-1][10-1][18-1][34-1].wasm.swam.txt,[0-1][18-1][49-1].wasm.swam.txt,1122
[0-1][10-1][18-1][34-1][49-1].wasm.swam.txt,[9-1].wasm.swam.txt,1122
[0-1][10-1][18-1][34-1].wasm.swam.txt,[0-1][10-1][49-1].wasm.swam.txt,1122
[0-1][10-1][18-1][49-1].wasm.swam.txt,[0-1][10-1][24-1][34-1][49-1].wasm.swam.txt,2352
[0-1][10-1][18-1][34-1][49-1].wasm.swam.txt,[16-1][19-1].wasm.swam.txt,2352
[0-1][10-1][18-1][34-1][49-1].wasm.swam.txt,[0-1][10-1][24-1][34-1][49-1].wasm.swam.txt,2352
[0-1][10-1][18-1][34-1].wasm.swam.txt,[0-1][10-1][24-1][34-1][49-1].wasm.swam.txt,2352
[0-1][10-1][18-1][34-1][49-1].wasm.swam.txt,[10-1][24-1][34-1][49-1].wasm.swam.txt,2352
[0-1][10-1][18-1][34-1][49-1].wasm.swam.txt,[9-1][16-1][19-1].wasm.swam.txt,2352
[0-1][10-1][18-1][34-1][49-1].wasm.swam.txt,[0-1][18-1][34-1][49-1].wasm.swam.txt,45578
[0-1][10-1][18-1][49-1].wasm.swam.txt,[0-1][18-1][34-1][49-1].wasm.swam.txt,1560
[0-1][10-1][18-1][34-1][49-1].wasm.swam.txt,[0-1][34-1][49-1].wasm.swam.txt,3128
[0-1][10-1][18-1][34-1][49-1].wasm.swam.txt,[18-1][34-1].wasm.swam.txt,2411
[0-1][10-1][18-1][34-1][49-1].wasm.swam.txt,[10-1][18-1][24-1].wasm.swam.txt,4
[0-1][10-1][18-1][34-1][49-1].wasm.swam.txt,[16-1][38-1].wasm.swam.txt,0
[0-1][10-1][18-1][34-1][49-1].wasm.swam.txt,[0-1][49-1].wasm.swam.txt,0
[0-1][10-1][18-1][34-1][49-1].wasm.swam.txt,[16-1].wasm.swam.txt,162664
[0-1][10-1][18-1][49-1].wasm.swam.txt,[0-1][34-1].wasm.swam.txt,63494
[0-1][10-1][18-1][34-1][49-1].wasm.swam.txt,[10-1][18-1][49-1].wasm.swam.txt,22939
[0-1][10-1][18-1][34-1][49-1].wasm.swam.txt,[10-1][24-1].wasm.swam.txt,3414
[0-1][10-1][24-1].wasm.swam.txt,[0-1][18-1][49-1].wasm.swam.txt,0
[0-1][10-1][24-1].wasm.swam.txt,[10-1][18-1][24-1][34-1][49-1].wasm.swam.txt,0
[0-1][10-1][18-1][49-1].wasm.swam.txt,[18-1][34-1].wasm.swam.txt,3128
[0-1][10-1][18-1][49-1].wasm.swam.txt,[9-1][16-1][19-1].wasm.swam.txt,16601
[0-1][10-1][18-1][49-1].wasm.swam.txt,[10-1][24-1][34-1][49-1].wasm.swam.txt,80098
[0-1][10-1][18-1][49-1].wasm.swam.txt,[10-1][18-1].wasm.swam.txt,0
[0-1][10-1][24-1].wasm.swam.txt,[0-1][18-1][34-1][49-1].wasm.swam.txt,230
[0-1][10-1][24-1].wasm.swam.txt,[16-1][19-1].wasm.swam.txt,460
[0-1][10-1][24-1].wasm.swam.txt,[0-1][10-1][24-1][34-1][49-1].wasm.swam.txt,0
[0-1][10-1][18-1][49-1].wasm.swam.txt,[0-1][34-1][49-1].wasm.swam.txt,0
[0-1][10-1][18-1][49-1].wasm.swam.txt,[9-1][16-1].wasm.swam.txt,774
[0-1][10-1][24-1].wasm.swam.txt,[0-1][34-1][49-1].wasm.swam.txt,1800
[0-1][10-1][18-1][49-1].wasm.swam.txt,[9-1].wasm.swam.txt,1534
[0-1][10-1][24-1][34-1][49-1].wasm.swam.txt,[0-1][18-1].wasm.swam.txt,1542
[0-1][10-1][24-1][34-1][49-1].wasm.swam.txt,[10-1][18-1][24-1].wasm.swam.txt,56
[0-1][10-1][24-1][34-1][49-1].wasm.swam.txt,[0-1][18-1][34-1].wasm.swam.txt,94
[0-1][10-1][18-1][49-1].wasm.swam.txt,[0-1][49-1].wasm.swam.txt,3240
[0-1][10-1][18-1][49-1].wasm.swam.txt,[10-1][18-1][49-1].wasm.swam.txt,438
[0-1][10-1][24-1][34-1][49-1].wasm.swam.txt,[10-1][18-1][49-1].wasm.swam.txt,2208
[0-1][10-1][24-1][34-1][49-1].wasm.swam.txt,[0-1][34-1].wasm.swam.txt,3463
[0-1][10-1][24-1].wasm.swam.txt,[10-1][24-1].wasm.swam.txt,2501
[0-1][10-1][24-1][34-1][49-1].wasm.swam.txt,[0-1][49-1].wasm.swam.txt,2476
[0-1][10-1][24-1].wasm.swam.txt,[10-1][18-1][49-1].wasm.swam.txt,14309
[0-1][10-1][18-1][49-1].wasm.swam.txt,[10-1][24-1].wasm.swam.txt,22604
[0-1][10-1][24-1][34-1][49-1].wasm.swam.txt,[10-1][24-1].wasm.swam.txt,35763
[0-1][10-1][18-1][49-1].wasm.swam.txt,[10-1][18-1][24-1].wasm.swam.txt,0
[0-1][10-1][18-1][49-1].wasm.swam.txt,[16-1].wasm.swam.txt,0
[0-1][10-1][24-1][34-1][49-1].wasm.swam.txt,[16-1].wasm.swam.txt,0
[0-1][10-1][24-1].wasm.swam.txt,[10-1][18-1][24-1].wasm.swam.txt,778
[0-1][10-1][18-1][49-1].wasm.swam.txt,[0-1][10-1][24-1].wasm.swam.txt,62913
[0-1][10-1][24-1].wasm.swam.txt,[0-1][18-1].wasm.swam.txt,11093
[0-1][10-1][24-1].wasm.swam.txt,[0-1][10-1][49-1].wasm.swam.txt,11093
[0-1][10-1][24-1].wasm.swam.txt,[0-1][49-1].wasm.swam.txt,11097
[0-1][10-1][18-1][49-1].wasm.swam.txt,[16-1][38-1].wasm.swam.txt,772
[0-1][10-1][24-1][34-1][49-1].wasm.swam.txt,[0-1][18-1][49-1].wasm.swam.txt,0
[0-1][10-1][24-1][34-1][49-1].wasm.swam.txt,[0-1][18-1][34-1][49-1].wasm.swam.txt,1916
[0-1][10-1][24-1][34-1][49-1].wasm.swam.txt,[10-1][18-1][24-1][34-1][49-1].wasm.swam.txt,1828
[0-1][10-1][18-1][49-1].wasm.swam.txt,[10-1][18-1][24-1][34-1][49-1].wasm.swam.txt,849
[0-1][10-1][24-1][34-1][49-1].wasm.swam.txt,[0-1][10-1][49-1].wasm.swam.txt,0
[0-1][10-1][18-1][49-1].wasm.swam.txt,[16-1][19-1].wasm.swam.txt,2942
[0-1][10-1][24-1][34-1][49-1].wasm.swam.txt,[16-1][19-1].wasm.swam.txt,3430
[0-1][10-1][24-1].wasm.swam.txt,[18-1][34-1].wasm.swam.txt,268
[0-1][10-1][24-1][34-1][49-1].wasm.swam.txt,[9-1][16-1][19-1].wasm.swam.txt,3384
[0-1][10-1][24-1][34-1][49-1].wasm.swam.txt,[18-1][34-1].wasm.swam.txt,496
[0-1][10-1][24-1].wasm.swam.txt,[9-1][16-1][19-1].wasm.swam.txt,1496
[0-1][10-1][24-1].wasm.swam.txt,[10-1][18-1].wasm.swam.txt,1172
[0-1][10-1][49-1].wasm.swam.txt,[10-1][18-1].wasm.swam.txt,3322
[0-1][10-1][24-1][34-1][49-1].wasm.swam.txt,[10-1][18-1].wasm.swam.txt,2712
[0-1][10-1][24-1][34-1][49-1].wasm.swam.txt,[9-1][16-1].wasm.swam.txt,2408
[0-1][10-1][49-1].wasm.swam.txt,[9-1][16-1].wasm.swam.txt,2436
[0-1][10-1][24-1].wasm.swam.txt,[9-1][16-1].wasm.swam.txt,658
[0-1][10-1][49-1].wasm.swam.txt,[10-1][24-1][34-1][49-1].wasm.swam.txt,3143
[0-1][10-1][24-1][34-1][49-1].wasm.swam.txt,[10-1][24-1][34-1][49-1].wasm.swam.txt,3254
[0-1][10-1][24-1].wasm.swam.txt,[10-1][24-1][34-1][49-1].wasm.swam.txt,3162
[0-1][10-1][24-1].wasm.swam.txt,[9-1].wasm.swam.txt,1008
[0-1][10-1][49-1].wasm.swam.txt,[9-1].wasm.swam.txt,12
[0-1][10-1][24-1][34-1][49-1].wasm.swam.txt,[9-1].wasm.swam.txt,422
[0-1][10-1][49-1].wasm.swam.txt,[0-1][18-1][34-1].wasm.swam.txt,844
[0-1][10-1][24-1][34-1][49-1].wasm.swam.txt,[0-1][34-1][49-1].wasm.swam.txt,1070
[0-1][10-1][24-1].wasm.swam.txt,[0-1][18-1][34-1].wasm.swam.txt,1198
[0-1][10-1][49-1].wasm.swam.txt,[10-1][18-1][49-1].wasm.swam.txt,1198
[0-1][10-1][49-1].wasm.swam.txt,[0-1][34-1][49-1].wasm.swam.txt,1190
[0-1][10-1][24-1].wasm.swam.txt,[0-1][34-1].wasm.swam.txt,2850
[0-1][10-1][49-1].wasm.swam.txt,[0-1][34-1].wasm.swam.txt,3458
[0-1][10-1][49-1].wasm.swam.txt,[10-1][24-1].wasm.swam.txt,0
[0-1][10-1][49-1].wasm.swam.txt,[16-1][38-1].wasm.swam.txt,812
[0-1][10-1][49-1].wasm.swam.txt,[16-1].wasm.swam.txt,1082
[0-1][10-1][49-1].wasm.swam.txt,[10-1][18-1][24-1].wasm.swam.txt,0
[0-1][10-1][24-1].wasm.swam.txt,[16-1][38-1].wasm.swam.txt,92
[0-1][10-1][24-1].wasm.swam.txt,[16-1].wasm.swam.txt,92
[0-1][10-1][49-1].wasm.swam.txt,[0-1][18-1].wasm.swam.txt,822
[0-1][10-1][49-1].wasm.swam.txt,[0-1][49-1].wasm.swam.txt,640
[0-1][10-1][49-1].wasm.swam.txt,[18-1][34-1].wasm.swam.txt,60
[0-1][18-1].wasm.swam.txt,[0-1][18-1][49-1].wasm.swam.txt,0
[0-1][18-1].wasm.swam.txt,[0-1][18-1][34-1][49-1].wasm.swam.txt,0
[0-1][18-1].wasm.swam.txt,[0-1][49-1].wasm.swam.txt,0
[0-1][10-1][49-1].wasm.swam.txt,[10-1][18-1][24-1][34-1][49-1].wasm.swam.txt,8633
[0-1][18-1].wasm.swam.txt,[18-1][34-1].wasm.swam.txt,11462
[0-1][10-1][49-1].wasm.swam.txt,[0-1][18-1][34-1][49-1].wasm.swam.txt,111103
[0-1][18-1].wasm.swam.txt,[16-1][19-1].wasm.swam.txt,16214
[0-1][18-1].wasm.swam.txt,[9-1][16-1].wasm.swam.txt,1416
[0-1][18-1].wasm.swam.txt,[9-1].wasm.swam.txt,512
[0-1][10-1][49-1].wasm.swam.txt,[16-1][19-1].wasm.swam.txt,16218
[0-1][18-1].wasm.swam.txt,[0-1][34-1][49-1].wasm.swam.txt,16402
[0-1][18-1].wasm.swam.txt,[10-1][18-1][49-1].wasm.swam.txt,103342
[0-1][18-1].wasm.swam.txt,[10-1][18-1][24-1][34-1][49-1].wasm.swam.txt,101834
[0-1][10-1][49-1].wasm.swam.txt,[0-1][18-1][49-1].wasm.swam.txt,73145
[0-1][10-1][24-1][34-1][49-1].wasm.swam.txt,[16-1][38-1].wasm.swam.txt,65807
[0-1][18-1].wasm.swam.txt,[10-1][24-1][34-1][49-1].wasm.swam.txt,73516
[0-1][18-1].wasm.swam.txt,[0-1][34-1].wasm.swam.txt,28661
[0-1][18-1].wasm.swam.txt,[0-1][18-1][34-1].wasm.swam.txt,25280
[0-1][18-1].wasm.swam.txt,[9-1][16-1][19-1].wasm.swam.txt,73097
[0-1][10-1][49-1].wasm.swam.txt,[9-1][16-1][19-1].wasm.swam.txt,43787
[0-1][18-1].wasm.swam.txt,[10-1][24-1].wasm.swam.txt,50367
[0-1][18-1].wasm.swam.txt,[10-1][18-1].wasm.swam.txt,12418
[0-1][18-1].wasm.swam.txt,[10-1][18-1][24-1].wasm.swam.txt,3338
[0-1][18-1][34-1].wasm.swam.txt,[10-1][18-1][24-1].wasm.swam.txt,0
[0-1][18-1][34-1].wasm.swam.txt,[0-1][18-1][49-1].wasm.swam.txt,0
[0-1][18-1].wasm.swam.txt,[16-1].wasm.swam.txt,180
[0-1][18-1][34-1].wasm.swam.txt,[16-1].wasm.swam.txt,384
[0-1][18-1][34-1].wasm.swam.txt,[16-1][38-1].wasm.swam.txt,3077
[0-1][18-1].wasm.swam.txt,[16-1][38-1].wasm.swam.txt,79015
[0-1][18-1][34-1].wasm.swam.txt,[0-1][49-1].wasm.swam.txt,78723
[0-1][18-1][34-1].wasm.swam.txt,[10-1][18-1][24-1][34-1][49-1].wasm.swam.txt,3458
[0-1][18-1][34-1].wasm.swam.txt,[18-1][34-1].wasm.swam.txt,3458
[0-1][18-1][34-1].wasm.swam.txt,[16-1][19-1].wasm.swam.txt,2722
[0-1][18-1][34-1].wasm.swam.txt,[10-1][18-1].wasm.swam.txt,3588
[0-1][18-1][34-1].wasm.swam.txt,[0-1][18-1][34-1][49-1].wasm.swam.txt,3414
[0-1][18-1][34-1].wasm.swam.txt,[9-1][16-1].wasm.swam.txt,3414
[0-1][18-1][34-1][49-1].wasm.swam.txt,[9-1].wasm.swam.txt,2352
[0-1][18-1][34-1].wasm.swam.txt,[9-1][16-1][19-1].wasm.swam.txt,1564
[0-1][18-1][34-1].wasm.swam.txt,[9-1].wasm.swam.txt,0
[0-1][18-1][34-1][49-1].wasm.swam.txt,[0-1][34-1].wasm.swam.txt,288
[0-1][18-1][34-1].wasm.swam.txt,[0-1][34-1].wasm.swam.txt,2666
[0-1][18-1][34-1].wasm.swam.txt,[10-1][24-1].wasm.swam.txt,0
[0-1][18-1][34-1].wasm.swam.txt,[0-1][34-1][49-1].wasm.swam.txt,0
[0-1][18-1][34-1][49-1].wasm.swam.txt,[0-1][34-1][49-1].wasm.swam.txt,0
[0-1][18-1][34-1][49-1].wasm.swam.txt,[10-1][18-1][49-1].wasm.swam.txt,16
[0-1][18-1][34-1][49-1].wasm.swam.txt,[10-1][24-1].wasm.swam.txt,48
[0-1][18-1][34-1].wasm.swam.txt,[10-1][18-1][49-1].wasm.swam.txt,52
[0-1][18-1][34-1][49-1].wasm.swam.txt,[10-1][24-1][34-1][49-1].wasm.swam.txt,52
[0-1][18-1][34-1][49-1].wasm.swam.txt,[0-1][18-1][49-1].wasm.swam.txt,52
[0-1][18-1][49-1].wasm.swam.txt,[0-1][49-1].wasm.swam.txt,2428
[0-1][18-1][34-1][49-1].wasm.swam.txt,[0-1][49-1].wasm.swam.txt,3066
[0-1][18-1][49-1].wasm.swam.txt,[10-1][18-1][24-1][34-1][49-1].wasm.swam.txt,3422
[0-1][18-1][34-1].wasm.swam.txt,[10-1][24-1][34-1][49-1].wasm.swam.txt,2786
[0-1][18-1][34-1][49-1].wasm.swam.txt,[10-1][18-1][24-1][34-1][49-1].wasm.swam.txt,1560
[0-1][18-1][34-1][49-1].wasm.swam.txt,[18-1][34-1].wasm.swam.txt,1018
[0-1][18-1][49-1].wasm.swam.txt,[18-1][34-1].wasm.swam.txt,348
[0-1][18-1][34-1][49-1].wasm.swam.txt,[16-1][38-1].wasm.swam.txt,2432
[0-1][18-1][49-1].wasm.swam.txt,[16-1].wasm.swam.txt,2570
[0-1][18-1][49-1].wasm.swam.txt,[9-1][16-1][19-1].wasm.swam.txt,2932
[0-1][18-1][34-1][49-1].wasm.swam.txt,[16-1].wasm.swam.txt,3451
[0-1][18-1][49-1].wasm.swam.txt,[10-1][18-1][24-1].wasm.swam.txt,3499
[0-1][18-1][49-1].wasm.swam.txt,[16-1][19-1].wasm.swam.txt,3515
[0-1][18-1][34-1][49-1].wasm.swam.txt,[10-1][18-1][24-1].wasm.swam.txt,3515
[0-1][18-1][49-1].wasm.swam.txt,[9-1][16-1].wasm.swam.txt,3515
[0-1][18-1][34-1][49-1].wasm.swam.txt,[10-1][18-1].wasm.swam.txt,3515
[0-1][18-1][49-1].wasm.swam.txt,[16-1][38-1].wasm.swam.txt,3515
[0-1][18-1][34-1][49-1].wasm.swam.txt,[9-1][16-1].wasm.swam.txt,3515
[0-1][18-1][34-1][49-1].wasm.swam.txt,[16-1][19-1].wasm.swam.txt,3515
[0-1][18-1][34-1][49-1].wasm.swam.txt,[9-1][16-1][19-1].wasm.swam.txt,3515
[0-1][18-1][49-1].wasm.swam.txt,[10-1][18-1].wasm.swam.txt,3515
[0-1][18-1][49-1].wasm.swam.txt,[10-1][24-1][34-1][49-1].wasm.swam.txt,0
[0-1][18-1][49-1].wasm.swam.txt,[10-1][24-1].wasm.swam.txt,36
[0-1][18-1][49-1].wasm.swam.txt,[0-1][34-1].wasm.swam.txt,110031
[0-1][34-1][49-1].wasm.swam.txt,[10-1][18-1][24-1][34-1][49-1].wasm.swam.txt,110148
[0-1][34-1][49-1].wasm.swam.txt,[10-1][18-1][49-1].wasm.swam.txt,133507
[0-1][34-1].wasm.swam.txt,[10-1][18-1][49-1].wasm.swam.txt,60204
[0-1][34-1].wasm.swam.txt,[0-1][49-1].wasm.swam.txt,2436
[0-1][34-1][49-1].wasm.swam.txt,[10-1][18-1][24-1].wasm.swam.txt,2436
[0-1][34-1].wasm.swam.txt,[16-1].wasm.swam.txt,2436
[0-1][34-1].wasm.swam.txt,[9-1].wasm.swam.txt,2436
[0-1][34-1].wasm.swam.txt,[18-1][34-1].wasm.swam.txt,2436
[0-1][34-1].wasm.swam.txt,[10-1][18-1][24-1][34-1][49-1].wasm.swam.txt,2436
[0-1][34-1].wasm.swam.txt,[10-1][18-1][24-1].wasm.swam.txt,2436
[0-1][18-1][49-1].wasm.swam.txt,[9-1].wasm.swam.txt,112021
[0-1][18-1][49-1].wasm.swam.txt,[10-1][18-1][49-1].wasm.swam.txt,112021
[0-1][34-1].wasm.swam.txt,[16-1][38-1].wasm.swam.txt,0
[0-1][34-1].wasm.swam.txt,[16-1][19-1].wasm.swam.txt,171804
[0-1][34-1].wasm.swam.txt,[9-1][16-1].wasm.swam.txt,8716
[0-1][34-1].wasm.swam.txt,[10-1][18-1].wasm.swam.txt,0
[10-1][18-1].wasm.swam.txt,[9-1].wasm.swam.txt,0
[10-1][24-1].wasm.swam.txt,[9-1].wasm.swam.txt,0
[10-1][24-1].wasm.swam.txt,[16-1].wasm.swam.txt,0
[10-1][24-1][34-1][49-1].wasm.swam.txt,[16-1][19-1].wasm.swam.txt,0
[10-1][18-1][49-1].wasm.swam.txt,[9-1].wasm.swam.txt,0
[10-1][18-1].wasm.swam.txt,[9-1][16-1][19-1].wasm.swam.txt,0
[10-1][18-1][24-1][34-1][49-1].wasm.swam.txt,[9-1].wasm.swam.txt,462
[10-1][18-1].wasm.swam.txt,[16-1][19-1].wasm.swam.txt,162
[0-1][34-1].wasm.swam.txt,[9-1][16-1][19-1].wasm.swam.txt,0
[0-1][34-1][49-1].wasm.swam.txt,[9-1].wasm.swam.txt,1093
[0-1][34-1].wasm.swam.txt,[0-1][34-1][49-1].wasm.swam.txt,162
[10-1][18-1].wasm.swam.txt,[10-1][18-1][24-1].wasm.swam.txt,4
[10-1][18-1].wasm.swam.txt,[16-1][38-1].wasm.swam.txt,167
[10-1][18-1].wasm.swam.txt,[10-1][18-1][24-1][34-1][49-1].wasm.swam.txt,488
[10-1][18-1][49-1].wasm.swam.txt,[18-1][34-1].wasm.swam.txt,36
[10-1][18-1][24-1][34-1][49-1].wasm.swam.txt,[16-1][19-1].wasm.swam.txt,260
[10-1][18-1].wasm.swam.txt,[16-1].wasm.swam.txt,276
[0-1][34-1][49-1].wasm.swam.txt,[16-1].wasm.swam.txt,4125
[10-1][18-1][24-1].wasm.swam.txt,[16-1][38-1].wasm.swam.txt,64932
[10-1][18-1][24-1].wasm.swam.txt,[9-1][16-1].wasm.swam.txt,71355
[10-1][18-1][24-1].wasm.swam.txt,[10-1][24-1].wasm.swam.txt,45425
[0-1][34-1][49-1].wasm.swam.txt,[16-1][38-1].wasm.swam.txt,38907
[10-1][18-1][24-1].wasm.swam.txt,[10-1][18-1][49-1].wasm.swam.txt,15695
[0-1][49-1].wasm.swam.txt,[10-1][18-1][24-1].wasm.swam.txt,43459
[0-1][49-1].wasm.swam.txt,[10-1][18-1][24-1][34-1][49-1].wasm.swam.txt,
[10-1][18-1].wasm.swam.txt,[10-1][18-1][49-1].wasm.swam.txt,23921
[10-1][18-1][24-1].wasm.swam.txt,[9-1][16-1][19-1].wasm.swam.txt,135904
[10-1][24-1].wasm.swam.txt,[16-1][38-1].wasm.swam.txt,23783
[0-1][34-1][49-1].wasm.swam.txt,[10-1][24-1].wasm.swam.txt,80336
[10-1][18-1][24-1].wasm.swam.txt,[10-1][18-1][24-1][34-1][49-1].wasm.swam.txt,79184
[0-1][49-1].wasm.swam.txt,[9-1][16-1][19-1].wasm.swam.txt,74417
[10-1][18-1][24-1].wasm.swam.txt,[16-1][19-1].wasm.swam.txt,44015
[10-1][18-1][24-1][34-1][49-1].wasm.swam.txt,[10-1][24-1].wasm.swam.txt,77326
[0-1][49-1].wasm.swam.txt,[10-1][18-1].wasm.swam.txt,76666
[0-1][34-1].wasm.swam.txt,[10-1][24-1][34-1][49-1].wasm.swam.txt,36744
[10-1][18-1][24-1][34-1][49-1].wasm.swam.txt,[9-1][16-1].wasm.swam.txt,118957
[10-1][18-1][24-1].wasm.swam.txt,[16-1].wasm.swam.txt,49530
[0-1][49-1].wasm.swam.txt,[18-1][34-1].wasm.swam.txt,74729
[0-1][49-1].wasm.swam.txt,[16-1][38-1].wasm.swam.txt,80784
[10-1][18-1][24-1][34-1][49-1].wasm.swam.txt,[10-1][18-1][49-1].wasm.swam.txt,74260
[0-1][49-1].wasm.swam.txt,[9-1][16-1].wasm.swam.txt,24699
[0-1][34-1][49-1].wasm.swam.txt,[10-1][24-1][34-1][49-1].wasm.swam.txt,27857
[10-1][24-1][34-1][49-1].wasm.swam.txt,[9-1][16-1].wasm.swam.txt,47732
[0-1][34-1].wasm.swam.txt,[10-1][24-1].wasm.swam.txt,53861
[10-1][18-1][24-1].wasm.swam.txt,[10-1][24-1][34-1][49-1].wasm.swam.txt,44715
[10-1][18-1][49-1].wasm.swam.txt,[9-1][16-1][19-1].wasm.swam.txt,8690
[10-1][18-1][24-1].wasm.swam.txt,[18-1][34-1].wasm.swam.txt,28490
[0-1][49-1].wasm.swam.txt,[10-1][24-1].wasm.swam.txt,57459
[0-1][34-1][49-1].wasm.swam.txt,[0-1][49-1].wasm.swam.txt,31064
[16-1].wasm.swam.txt,[16-1][19-1].wasm.swam.txt,49774
[0-1][49-1].wasm.swam.txt,[10-1][24-1][34-1][49-1].wasm.swam.txt,48345
[0-1][49-1].wasm.swam.txt,[16-1][19-1].wasm.swam.txt,52861
[10-1][24-1][34-1][49-1].wasm.swam.txt,[9-1][16-1][19-1].wasm.swam.txt,41863
[10-1][24-1].wasm.swam.txt,[16-1][19-1].wasm.swam.txt,48650
[0-1][34-1][49-1].wasm.swam.txt,[10-1][18-1].wasm.swam.txt,45515
[16-1].wasm.swam.txt,[16-1][38-1].wasm.swam.txt,25542
[0-1][49-1].wasm.swam.txt,[9-1].wasm.swam.txt,28855
[0-1][34-1][49-1].wasm.swam.txt,[16-1][19-1].wasm.swam.txt,11630
[0-1][49-1].wasm.swam.txt,[10-1][18-1][49-1].wasm.swam.txt,40338
[10-1][24-1][34-1][49-1].wasm.swam.txt,[18-1][34-1].wasm.swam.txt,53673
[10-1][24-1].wasm.swam.txt,[10-1][24-1][34-1][49-1].wasm.swam.txt,31640
[16-1].wasm.swam.txt,[9-1][16-1].wasm.swam.txt,46520
[10-1][18-1][24-1].wasm.swam.txt,[9-1].wasm.swam.txt,91749
[10-1][18-1][24-1][34-1][49-1].wasm.swam.txt,[10-1][24-1][34-1][49-1].wasm.swam.txt,53588
[10-1][24-1][34-1][49-1].wasm.swam.txt,[16-1][38-1].wasm.swam.txt,46189
[10-1][18-1][24-1][34-1][49-1].wasm.swam.txt,[18-1][34-1].wasm.swam.txt,0
[16-1][19-1].wasm.swam.txt,[9-1].wasm.swam.txt,0
[10-1][18-1].wasm.swam.txt,[10-1][24-1][34-1][49-1].wasm.swam.txt,
[10-1][24-1][34-1][49-1].wasm.swam.txt,[9-1].wasm.swam.txt,12728
[0-1][34-1][49-1].wasm.swam.txt,[9-1][16-1][19-1].wasm.swam.txt,33752
[0-1][18-1][49-1].wasm.swam.txt,[0-1][34-1][49-1].wasm.swam.txt,24212
[16-1].wasm.swam.txt,[9-1].wasm.swam.txt,22249
[10-1][24-1].wasm.swam.txt,[9-1][16-1][19-1].wasm.swam.txt,76721
[16-1].wasm.swam.txt,[9-1][16-1][19-1].wasm.swam.txt,
[10-1][24-1][34-1][49-1].wasm.swam.txt,[16-1].wasm.swam.txt,52168
[0-1][34-1][49-1].wasm.swam.txt,[9-1][16-1].wasm.swam.txt,11687
[10-1][18-1][24-1][34-1][49-1].wasm.swam.txt,[16-1][38-1].wasm.swam.txt,4582
[10-1][18-1][24-1][34-1][49-1].wasm.swam.txt,[16-1].wasm.swam.txt,6485
[16-1].wasm.swam.txt,[18-1][34-1].wasm.swam.txt,10321
[10-1][18-1].wasm.swam.txt,[10-1][24-1].wasm.swam.txt,18738
[16-1][19-1].wasm.swam.txt,[16-1][38-1].wasm.swam.txt,11387
[10-1][18-1][24-1][34-1][49-1].wasm.swam.txt,[9-1][16-1][19-1].wasm.swam.txt,17296
[10-1][24-1].wasm.swam.txt,[18-1][34-1].wasm.swam.txt,10411
[10-1][18-1].wasm.swam.txt,[18-1][34-1].wasm.swam.txt,9569
[0-1][49-1].wasm.swam.txt,[16-1].wasm.swam.txt,9004
[10-1][18-1][49-1].wasm.swam.txt,[16-1][38-1].wasm.swam.txt,19488
[10-1][18-1][49-1].wasm.swam.txt,[16-1][19-1].wasm.swam.txt,21513
[16-1][19-1].wasm.swam.txt,[9-1][16-1].wasm.swam.txt,4114
[10-1][18-1].wasm.swam.txt,[9-1][16-1].wasm.swam.txt,21195
[10-1][18-1][49-1].wasm.swam.txt,[16-1].wasm.swam.txt,19883
[16-1][19-1].wasm.swam.txt,[9-1][16-1][19-1].wasm.swam.txt,26522
[16-1][38-1].wasm.swam.txt,[9-1][16-1].wasm.swam.txt,57268
[16-1][38-1].wasm.swam.txt,[9-1].wasm.swam.txt,45125
[0-1][34-1][49-1].wasm.swam.txt,[18-1][34-1].wasm.swam.txt,7157
[10-1][18-1][49-1].wasm.swam.txt,[9-1][16-1].wasm.swam.txt,2056
[10-1][24-1].wasm.swam.txt,[9-1][16-1].wasm.swam.txt,3511
[16-1][38-1].wasm.swam.txt,[9-1][16-1][19-1].wasm.swam.txt,4
[16-1][38-1].wasm.swam.txt,[18-1][34-1].wasm.swam.txt,1070
[18-1][34-1].wasm.swam.txt,[9-1][16-1][19-1].wasm.swam.txt,1062
[18-1][34-1].wasm.swam.txt,[9-1].wasm.swam.txt,1106
[9-1].wasm.swam.txt,[9-1][16-1][19-1].wasm.swam.txt,57793
[9-1][16-1].wasm.swam.txt,[9-1][16-1][19-1].wasm.swam.txt,147217
[16-1][19-1].wasm.swam.txt,[18-1][34-1].wasm.swam.txt,167175
[9-1].wasm.swam.txt,[9-1][16-1].wasm.swam.txt,177811
[10-1][18-1][49-1].wasm.swam.txt,[10-1][24-1].wasm.swam.txt,99293
[18-1][34-1].wasm.swam.txt,[9-1][16-1].wasm.swam.txt,177605
[10-1][18-1][49-1].wasm.swam.txt,[10-1][24-1][34-1][49-1].wasm.swam.txt,164590
