t1,t2,diff
Sparkline_in_unicode.wasm.swam.txt,[0-1].wasm.swam.txt,26
Sparkline_in_unicode.wasm.swam.txt,[0-1][11-1].wasm.swam.txt,1739
Sparkline_in_unicode.wasm.swam.txt,[0-1][9-1].wasm.swam.txt,0
Sparkline_in_unicode.wasm.swam.txt,[0-1][9-1][11-1].wasm.swam.txt,0
Sparkline_in_unicode.wasm.swam.txt,[0-1][9-2].wasm.swam.txt,2274
Sparkline_in_unicode.wasm.swam.txt,[0-1][9-2][11-1].wasm.swam.txt,2274
Sparkline_in_unicode.wasm.swam.txt,[0-1][9-4].wasm.swam.txt,2274
Sparkline_in_unicode.wasm.swam.txt,[0-1][9-4][11-1].wasm.swam.txt,2274
Sparkline_in_unicode.wasm.swam.txt,[11-1].wasm.swam.txt,2274
Sparkline_in_unicode.wasm.swam.txt,[9-1].wasm.swam.txt,2274
Sparkline_in_unicode.wasm.swam.txt,[9-1][11-1].wasm.swam.txt,2274
Sparkline_in_unicode.wasm.swam.txt,[9-2].wasm.swam.txt,2274
Sparkline_in_unicode.wasm.swam.txt,[9-2][11-1].wasm.swam.txt,2274
Sparkline_in_unicode.wasm.swam.txt,[9-4].wasm.swam.txt,2274
Sparkline_in_unicode.wasm.swam.txt,[9-4][11-1].wasm.swam.txt,2274
[0-1].wasm.swam.txt,[0-1][11-1].wasm.swam.txt,0
[0-1].wasm.swam.txt,[0-1][9-1].wasm.swam.txt,0
[0-1].wasm.swam.txt,[0-1][9-1][11-1].wasm.swam.txt,0
[0-1].wasm.swam.txt,[0-1][9-2].wasm.swam.txt,0
[0-1].wasm.swam.txt,[0-1][9-2][11-1].wasm.swam.txt,0
[0-1].wasm.swam.txt,[0-1][9-4].wasm.swam.txt,0
[0-1].wasm.swam.txt,[0-1][9-4][11-1].wasm.swam.txt,0
[0-1].wasm.swam.txt,[11-1].wasm.swam.txt,0
[0-1].wasm.swam.txt,[9-1].wasm.swam.txt,0
[0-1].wasm.swam.txt,[9-1][11-1].wasm.swam.txt,0
[0-1].wasm.swam.txt,[9-2].wasm.swam.txt,0
[0-1].wasm.swam.txt,[9-2][11-1].wasm.swam.txt,0
[0-1].wasm.swam.txt,[9-4].wasm.swam.txt,0
[0-1].wasm.swam.txt,[9-4][11-1].wasm.swam.txt,0
[0-1][11-1].wasm.swam.txt,[0-1][9-1].wasm.swam.txt,0
[0-1][11-1].wasm.swam.txt,[0-1][9-1][11-1].wasm.swam.txt,0
[0-1][11-1].wasm.swam.txt,[0-1][9-2].wasm.swam.txt,0
[0-1][11-1].wasm.swam.txt,[0-1][9-2][11-1].wasm.swam.txt,0
[0-1][11-1].wasm.swam.txt,[0-1][9-4].wasm.swam.txt,0
[0-1][11-1].wasm.swam.txt,[0-1][9-4][11-1].wasm.swam.txt,0
[0-1][11-1].wasm.swam.txt,[11-1].wasm.swam.txt,0
[0-1][11-1].wasm.swam.txt,[9-1].wasm.swam.txt,0
[0-1][11-1].wasm.swam.txt,[9-1][11-1].wasm.swam.txt,0
[0-1][11-1].wasm.swam.txt,[9-2].wasm.swam.txt,0
[0-1][11-1].wasm.swam.txt,[9-2][11-1].wasm.swam.txt,0
[0-1][11-1].wasm.swam.txt,[9-4].wasm.swam.txt,0
[0-1][11-1].wasm.swam.txt,[9-4][11-1].wasm.swam.txt,0
[0-1][9-1].wasm.swam.txt,[0-1][9-1][11-1].wasm.swam.txt,0
[0-1][9-1].wasm.swam.txt,[0-1][9-2].wasm.swam.txt,0
[0-1][9-1].wasm.swam.txt,[0-1][9-2][11-1].wasm.swam.txt,0
[0-1][9-1].wasm.swam.txt,[0-1][9-4].wasm.swam.txt,0
[0-1][9-1].wasm.swam.txt,[0-1][9-4][11-1].wasm.swam.txt,0
[0-1][9-1].wasm.swam.txt,[11-1].wasm.swam.txt,0
[0-1][9-1].wasm.swam.txt,[9-1].wasm.swam.txt,0
[0-1][9-1].wasm.swam.txt,[9-1][11-1].wasm.swam.txt,0
[0-1][9-1].wasm.swam.txt,[9-2].wasm.swam.txt,0
[0-1][9-1].wasm.swam.txt,[9-2][11-1].wasm.swam.txt,0
[0-1][9-1].wasm.swam.txt,[9-4].wasm.swam.txt,0
[0-1][9-1].wasm.swam.txt,[9-4][11-1].wasm.swam.txt,0
[0-1][9-1][11-1].wasm.swam.txt,[0-1][9-2].wasm.swam.txt,0
[0-1][9-1][11-1].wasm.swam.txt,[0-1][9-2][11-1].wasm.swam.txt,0
[0-1][9-1][11-1].wasm.swam.txt,[0-1][9-4].wasm.swam.txt,0
[0-1][9-1][11-1].wasm.swam.txt,[0-1][9-4][11-1].wasm.swam.txt,0
[0-1][9-1][11-1].wasm.swam.txt,[11-1].wasm.swam.txt,0
[0-1][9-1][11-1].wasm.swam.txt,[9-1].wasm.swam.txt,0
[0-1][9-1][11-1].wasm.swam.txt,[9-1][11-1].wasm.swam.txt,0
[0-1][9-1][11-1].wasm.swam.txt,[9-2].wasm.swam.txt,0
[0-1][9-1][11-1].wasm.swam.txt,[9-2][11-1].wasm.swam.txt,0
[0-1][9-1][11-1].wasm.swam.txt,[9-4].wasm.swam.txt,0
[0-1][9-1][11-1].wasm.swam.txt,[9-4][11-1].wasm.swam.txt,0
[0-1][9-2].wasm.swam.txt,[0-1][9-2][11-1].wasm.swam.txt,0
[0-1][9-2].wasm.swam.txt,[0-1][9-4].wasm.swam.txt,0
[0-1][9-2].wasm.swam.txt,[0-1][9-4][11-1].wasm.swam.txt,0
[0-1][9-2].wasm.swam.txt,[11-1].wasm.swam.txt,0
[0-1][9-2].wasm.swam.txt,[9-1].wasm.swam.txt,0
[0-1][9-2].wasm.swam.txt,[9-1][11-1].wasm.swam.txt,0
[0-1][9-2].wasm.swam.txt,[9-2].wasm.swam.txt,0
[0-1][9-2].wasm.swam.txt,[9-2][11-1].wasm.swam.txt,0
[0-1][9-2].wasm.swam.txt,[9-4].wasm.swam.txt,0
[0-1][9-2].wasm.swam.txt,[9-4][11-1].wasm.swam.txt,0
[0-1][9-2][11-1].wasm.swam.txt,[0-1][9-4].wasm.swam.txt,0
[0-1][9-2][11-1].wasm.swam.txt,[0-1][9-4][11-1].wasm.swam.txt,0
[0-1][9-2][11-1].wasm.swam.txt,[11-1].wasm.swam.txt,0
[0-1][9-2][11-1].wasm.swam.txt,[9-1].wasm.swam.txt,0
[0-1][9-2][11-1].wasm.swam.txt,[9-1][11-1].wasm.swam.txt,0
[0-1][9-2][11-1].wasm.swam.txt,[9-2].wasm.swam.txt,0
[0-1][9-2][11-1].wasm.swam.txt,[9-2][11-1].wasm.swam.txt,0
[0-1][9-2][11-1].wasm.swam.txt,[9-4].wasm.swam.txt,0
[0-1][9-2][11-1].wasm.swam.txt,[9-4][11-1].wasm.swam.txt,0
[0-1][9-4].wasm.swam.txt,[0-1][9-4][11-1].wasm.swam.txt,0
[0-1][9-4].wasm.swam.txt,[11-1].wasm.swam.txt,0
[0-1][9-4].wasm.swam.txt,[9-1].wasm.swam.txt,0
[0-1][9-4].wasm.swam.txt,[9-1][11-1].wasm.swam.txt,0
[0-1][9-4].wasm.swam.txt,[9-2].wasm.swam.txt,0
[0-1][9-4].wasm.swam.txt,[9-2][11-1].wasm.swam.txt,0
[0-1][9-4].wasm.swam.txt,[9-4].wasm.swam.txt,0
[0-1][9-4].wasm.swam.txt,[9-4][11-1].wasm.swam.txt,0
[0-1][9-4][11-1].wasm.swam.txt,[11-1].wasm.swam.txt,0
[0-1][9-4][11-1].wasm.swam.txt,[9-1].wasm.swam.txt,0
[0-1][9-4][11-1].wasm.swam.txt,[9-1][11-1].wasm.swam.txt,0
[0-1][9-4][11-1].wasm.swam.txt,[9-2].wasm.swam.txt,0
[0-1][9-4][11-1].wasm.swam.txt,[9-2][11-1].wasm.swam.txt,0
[0-1][9-4][11-1].wasm.swam.txt,[9-4].wasm.swam.txt,0
[0-1][9-4][11-1].wasm.swam.txt,[9-4][11-1].wasm.swam.txt,0
[11-1].wasm.swam.txt,[9-1].wasm.swam.txt,0
[11-1].wasm.swam.txt,[9-1][11-1].wasm.swam.txt,0
[11-1].wasm.swam.txt,[9-2].wasm.swam.txt,0
[11-1].wasm.swam.txt,[9-2][11-1].wasm.swam.txt,0
[11-1].wasm.swam.txt,[9-4].wasm.swam.txt,0
[11-1].wasm.swam.txt,[9-4][11-1].wasm.swam.txt,0
[9-1].wasm.swam.txt,[9-1][11-1].wasm.swam.txt,0
[9-1].wasm.swam.txt,[9-2].wasm.swam.txt,0
[9-1].wasm.swam.txt,[9-2][11-1].wasm.swam.txt,0
[9-1].wasm.swam.txt,[9-4].wasm.swam.txt,0
[9-1].wasm.swam.txt,[9-4][11-1].wasm.swam.txt,0
[9-1][11-1].wasm.swam.txt,[9-2].wasm.swam.txt,0
[9-1][11-1].wasm.swam.txt,[9-2][11-1].wasm.swam.txt,0
[9-1][11-1].wasm.swam.txt,[9-4].wasm.swam.txt,0
[9-1][11-1].wasm.swam.txt,[9-4][11-1].wasm.swam.txt,0
[9-2].wasm.swam.txt,[9-2][11-1].wasm.swam.txt,0
[9-2].wasm.swam.txt,[9-4].wasm.swam.txt,0
[9-2].wasm.swam.txt,[9-4][11-1].wasm.swam.txt,0
[9-2][11-1].wasm.swam.txt,[9-4].wasm.swam.txt,0
[9-2][11-1].wasm.swam.txt,[9-4][11-1].wasm.swam.txt,0
[9-4].wasm.swam.txt,[9-4][11-1].wasm.swam.txt,0
