t1,t2,diff
[0-11].wasm.swam.txt,[0-1][1-1][13-1].wasm.swam.txt,828
[0-11].wasm.swam.txt,[0-1][1-1][3-1].wasm.swam.txt,4825
[0-11].wasm.swam.txt,[0-1][1-1][3-1][13-1].wasm.swam.txt,801
[0-11].wasm.swam.txt,[0-2].wasm.swam.txt,36
[0-11].wasm.swam.txt,[0-5].wasm.swam.txt,76
[0-11].wasm.swam.txt,[0-7].wasm.swam.txt,50
[0-11].wasm.swam.txt,[0-8].wasm.swam.txt,20
[0-11].wasm.swam.txt,[1-1].wasm.swam.txt,156
[0-11].wasm.swam.txt,[1-1][4-1][6-1][7-1].wasm.swam.txt,86
[0-11].wasm.swam.txt,[1-3].wasm.swam.txt,196
[0-11].wasm.swam.txt,[10-4].wasm.swam.txt,66
[0-1][1-1][13-1].wasm.swam.txt,[0-1][1-1][3-1].wasm.swam.txt,64
[0-1][1-1][13-1].wasm.swam.txt,[0-1][1-1][3-1][13-1].wasm.swam.txt,4812
[0-1][1-1][13-1].wasm.swam.txt,[0-2].wasm.swam.txt,5648
[0-1][1-1][13-1].wasm.swam.txt,[0-5].wasm.swam.txt,3083
[0-1][1-1][13-1].wasm.swam.txt,[0-7].wasm.swam.txt,852
[0-1][1-1][13-1].wasm.swam.txt,[0-8].wasm.swam.txt,4865
[0-1][1-1][13-1].wasm.swam.txt,[1-1].wasm.swam.txt,5702
[0-1][1-1][13-1].wasm.swam.txt,[1-1][4-1][6-1][7-1].wasm.swam.txt,0
[0-1][1-1][13-1].wasm.swam.txt,[1-3].wasm.swam.txt,15581
[0-1][1-1][13-1].wasm.swam.txt,[10-4].wasm.swam.txt,5616
[0-1][1-1][3-1].wasm.swam.txt,[0-1][1-1][3-1][13-1].wasm.swam.txt,52
[0-1][1-1][3-1].wasm.swam.txt,[0-2].wasm.swam.txt,3920
[0-1][1-1][3-1].wasm.swam.txt,[0-5].wasm.swam.txt,81
[0-1][1-1][3-1].wasm.swam.txt,[0-7].wasm.swam.txt,5549
[0-1][1-1][3-1].wasm.swam.txt,[0-8].wasm.swam.txt,5632
[0-1][1-1][3-1].wasm.swam.txt,[1-1].wasm.swam.txt,3863
[0-1][1-1][3-1].wasm.swam.txt,[1-1][4-1][6-1][7-1].wasm.swam.txt,5642
[0-1][1-1][3-1].wasm.swam.txt,[1-3].wasm.swam.txt,4583
[0-1][1-1][3-1].wasm.swam.txt,[10-4].wasm.swam.txt,5622
[0-1][1-1][3-1][13-1].wasm.swam.txt,[0-2].wasm.swam.txt,852
[0-1][1-1][3-1][13-1].wasm.swam.txt,[0-5].wasm.swam.txt,3069
[0-1][1-1][3-1][13-1].wasm.swam.txt,[0-7].wasm.swam.txt,856
[0-1][1-1][3-1][13-1].wasm.swam.txt,[0-8].wasm.swam.txt,5600
[0-1][1-1][3-1][13-1].wasm.swam.txt,[1-1].wasm.swam.txt,5504
[0-1][1-1][3-1][13-1].wasm.swam.txt,[1-1][4-1][6-1][7-1].wasm.swam.txt,820
[0-1][1-1][3-1][13-1].wasm.swam.txt,[1-3].wasm.swam.txt,5666
[0-1][1-1][3-1][13-1].wasm.swam.txt,[10-4].wasm.swam.txt,5600
[0-2].wasm.swam.txt,[0-5].wasm.swam.txt,32
[0-2].wasm.swam.txt,[0-7].wasm.swam.txt,24
[0-2].wasm.swam.txt,[0-8].wasm.swam.txt,36
[0-2].wasm.swam.txt,[1-1].wasm.swam.txt,170
[0-2].wasm.swam.txt,[1-1][4-1][6-1][7-1].wasm.swam.txt,72
[0-2].wasm.swam.txt,[1-3].wasm.swam.txt,140
[0-2].wasm.swam.txt,[10-4].wasm.swam.txt,72
[0-5].wasm.swam.txt,[0-7].wasm.swam.txt,36
[0-5].wasm.swam.txt,[0-8].wasm.swam.txt,46
[0-5].wasm.swam.txt,[1-1].wasm.swam.txt,96
[0-5].wasm.swam.txt,[1-1][4-1][6-1][7-1].wasm.swam.txt,0
[0-5].wasm.swam.txt,[1-3].wasm.swam.txt,136
[0-5].wasm.swam.txt,[10-4].wasm.swam.txt,40
[0-7].wasm.swam.txt,[0-8].wasm.swam.txt,50
[0-7].wasm.swam.txt,[1-1].wasm.swam.txt,150
[0-7].wasm.swam.txt,[1-1][4-1][6-1][7-1].wasm.swam.txt,166
[0-7].wasm.swam.txt,[1-3].wasm.swam.txt,230
[0-7].wasm.swam.txt,[10-4].wasm.swam.txt,86
[0-8].wasm.swam.txt,[1-1].wasm.swam.txt,116
[0-8].wasm.swam.txt,[1-1][4-1][6-1][7-1].wasm.swam.txt,86
[0-8].wasm.swam.txt,[1-3].wasm.swam.txt,206
[0-8].wasm.swam.txt,[10-4].wasm.swam.txt,66
[1-1].wasm.swam.txt,[1-1][4-1][6-1][7-1].wasm.swam.txt,136
[1-1].wasm.swam.txt,[1-3].wasm.swam.txt,0
[1-1].wasm.swam.txt,[10-4].wasm.swam.txt,136
[1-1][4-1][6-1][7-1].wasm.swam.txt,[1-3].wasm.swam.txt,96
[1-1][4-1][6-1][7-1].wasm.swam.txt,[10-4].wasm.swam.txt,80
[1-3].wasm.swam.txt,[10-4].wasm.swam.txt,176
