t1,t2,diff
Sudoku.wasm.~2~.swam.txt,[0-1][8-1][23-1].wasm.swam.txt,42
[0-1][23-1].wasm.swam.txt,[0-1][24-1].wasm.swam.txt,56340
[0-1][23-1].wasm.swam.txt,[0-1][23-1][24-1].wasm.swam.txt,22375
[0-1][24-1].wasm.swam.txt,[0-2][8-1][24-1].wasm.swam.txt,347969
[0-1][23-1][24-1].wasm.swam.txt,[0-1][24-1].wasm.swam.txt,347970
[0-1][23-1].wasm.swam.txt,[0-1][8-1][23-1][24-1].wasm.swam.txt,347970
[0-1][23-1][24-1].wasm.swam.txt,[0-1][8-1].wasm.swam.txt,389969
[0-1][8-1].wasm.swam.txt,[0-2][8-1][24-1].wasm.swam.txt,347847
[0-1][24-1].wasm.swam.txt,[0-1][8-1].wasm.swam.txt,619284
[0-1][23-1].wasm.swam.txt,[0-1][8-1].wasm.swam.txt,457751
[0-1][8-1].wasm.swam.txt,[0-1][8-1][23-1].wasm.swam.txt,199693
[0-1][8-1][23-1][24-1].wasm.swam.txt,[0-2][8-1][24-1].wasm.swam.txt,153623
[0-1][24-1].wasm.swam.txt,[0-1][8-1][23-1][24-1].wasm.swam.txt,153758
[0-1][23-1][24-1].wasm.swam.txt,[0-1][8-1][23-1].wasm.swam.txt,153758
[0-1][24-1].wasm.swam.txt,[0-1][8-1][23-1].wasm.swam.txt,210342
[0-1][8-1].wasm.swam.txt,[0-1][8-1][23-1][24-1].wasm.swam.txt,188520
[0-1][8-1][23-1].wasm.swam.txt,[0-2][8-1][24-1].wasm.swam.txt,290423
[0-1][8-1][23-1].wasm.swam.txt,[0-1][8-1][23-1][24-1].wasm.swam.txt,290423
[0-1][23-1][24-1].wasm.swam.txt,[0-1][8-1][23-1][24-1].wasm.swam.txt,4425374
Sudoku.wasm.~2~.swam.txt,[0-2][8-1][24-1].wasm.swam.txt,4783956
[0-1][23-1].wasm.swam.txt,[0-1][8-1][23-1].wasm.swam.txt,2622765
[0-1][23-1].wasm.swam.txt,[0-2][8-1][24-1].wasm.swam.txt,4642473
[0-1][23-1][24-1].wasm.swam.txt,[0-2][8-1][24-1].wasm.swam.txt,4528598
Sudoku.wasm.~2~.swam.txt,[0-1][8-1][23-1][24-1].wasm.swam.txt,6489394
Sudoku.wasm.~2~.swam.txt,[0-1][23-1][24-1].wasm.swam.txt,6452556
Sudoku.wasm.~2~.swam.txt,[0-1][8-1].wasm.swam.txt,6451966
Sudoku.wasm.~2~.swam.txt,[0-1][24-1].wasm.swam.txt,6452363
Sudoku.wasm.~2~.swam.txt,[0-1][23-1].wasm.swam.txt,6452122
