t1,t2,diff
Sum_of_a_series.wasm.~2~.swam.txt,[0-10].wasm.swam.txt,6
[0-10].wasm.swam.txt,[0-10][1-1].wasm.swam.txt,0
[0-10].wasm.swam.txt,[0-11].wasm.swam.txt,0
Sum_of_a_series.wasm.~2~.swam.txt,[0-11].wasm.swam.txt,23778
Sum_of_a_series.wasm.~2~.swam.txt,[0-12].wasm.swam.txt,28496
[0-10].wasm.swam.txt,[0-10][1-3].wasm.swam.txt,714
Sum_of_a_series.wasm.~2~.swam.txt,[0-15].wasm.swam.txt,1128
[0-10].wasm.swam.txt,[0-12].wasm.swam.txt,742
[0-10].wasm.swam.txt,[0-15].wasm.swam.txt,28547
[0-10].wasm.swam.txt,[0-10][1-2].wasm.swam.txt,12028
Sum_of_a_series.wasm.~2~.swam.txt,[0-10][1-3].wasm.swam.txt,11655
[0-10][1-1].wasm.swam.txt,[0-10][1-2].wasm.swam.txt,12028
[0-10][1-1].wasm.swam.txt,[0-12].wasm.swam.txt,0
[0-10][1-1].wasm.swam.txt,[0-10][1-3].wasm.swam.txt,22000
Sum_of_a_series.wasm.~2~.swam.txt,[0-10][1-2].wasm.swam.txt,0
Sum_of_a_series.wasm.~2~.swam.txt,[0-10][1-1].wasm.swam.txt,16957
[0-10][1-3].wasm.swam.txt,[0-11].wasm.swam.txt,41022
[0-10][1-2].wasm.swam.txt,[0-10][1-3].wasm.swam.txt,28522
[0-10][1-1].wasm.swam.txt,[0-11].wasm.swam.txt,41022
[0-10][1-2].wasm.swam.txt,[0-11].wasm.swam.txt,0
[0-11].wasm.swam.txt,[0-12].wasm.swam.txt,1350
[0-12].wasm.swam.txt,[0-15].wasm.swam.txt,0
[0-11].wasm.swam.txt,[0-15].wasm.swam.txt,29206
[0-10][1-1].wasm.swam.txt,[0-15].wasm.swam.txt,44468
[0-10][1-3].wasm.swam.txt,[0-12].wasm.swam.txt,34176
[0-10][1-3].wasm.swam.txt,[0-15].wasm.swam.txt,34301
[0-10][1-2].wasm.swam.txt,[0-15].wasm.swam.txt,41989
[0-10][1-2].wasm.swam.txt,[0-12].wasm.swam.txt,41989
