t1,t2,diff
[0-10][1-15].wasm.swam.txt,[0-10][1-1][2-10].wasm.swam.txt,27687
[0-10][1-11].wasm.swam.txt,[0-10][1-12].wasm.swam.txt,20
[0-10][1-12].wasm.swam.txt,[0-7].wasm.swam.txt,50
[0-10][1-12].wasm.swam.txt,[0-3].wasm.swam.txt,54
[0-10][1-12].wasm.swam.txt,[0-1][1-1].wasm.~1~.swam.txt,32
[0-10][1-12].wasm.swam.txt,[0-10][1-1][2-12].wasm.swam.txt,345
[0-10][1-12].wasm.swam.txt,[0-10][1-1][2-5].wasm.swam.txt,50
[0-10][1-12].wasm.swam.txt,[0-10][1-1][2-10].wasm.swam.txt,54
[0-10][1-12].wasm.swam.txt,[0-10][1-1][2-2].wasm.swam.txt,20
[0-10][1-15].wasm.swam.txt,[0-10][1-1][2-12].wasm.swam.txt,50
[0-10][1-12].wasm.swam.txt,[0-10][1-15].wasm.swam.txt,921
[0-10][1-15].wasm.swam.txt,[0-10][1-1][2-2].wasm.swam.txt,28
[0-10][1-12].wasm.swam.txt,[0-1][1-16].wasm.swam.txt,2400
[0-10][1-11].wasm.swam.txt,[0-10][1-15].wasm.swam.txt,
[0-10][1-12].wasm.swam.txt,[0-1][1-2].wasm.~1~.swam.txt,29490
[0-10][1-15].wasm.swam.txt,[0-10][1-1][2-5].wasm.swam.txt,2987
[0-10][1-12].wasm.swam.txt,[0-1][1-10].wasm.~1~.swam.txt,28031
[0-10][1-12].wasm.swam.txt,[0-1][1-10][2-9].wasm.swam.txt,662
[0-10][1-10].wasm.swam.txt,[0-10][1-1][2-5].wasm.swam.txt,620
[0-10][1-10].wasm.swam.txt,[0-1][1-10][2-9].wasm.swam.txt,6979
[0-10][1-11].wasm.swam.txt,[0-1][1-1].wasm.~1~.swam.txt,2479
[0-10][1-11].wasm.swam.txt,[0-1][1-16].wasm.swam.txt,4615
[0-10][1-12].wasm.swam.txt,[0-1][1-10][2-11].wasm.swam.txt,512
[0-10][1-10].wasm.swam.txt,[0-10][1-11].wasm.swam.txt,358
[0-10][1-10].wasm.swam.txt,[0-7].wasm.swam.txt,9732
[0-10][1-11].wasm.swam.txt,[0-10][1-1][2-2].wasm.swam.txt,1271
[0-10][1-12].wasm.swam.txt,[0-1][1-11].wasm.~1~.swam.txt,1455
[0-10][1-10].wasm.swam.txt,[0-10][1-1][2-12].wasm.swam.txt,502
[0-10][1-15].wasm.swam.txt,[0-1][1-11].wasm.~1~.swam.txt,2630
[0-10][1-15].wasm.swam.txt,[0-1].wasm.~2~.swam.txt,411
[0-10][1-10].wasm.swam.txt,[0-3].wasm.swam.txt,28013
[0-10][1-12].wasm.swam.txt,[0-1][1-10][2-2].wasm.~1~.swam.txt,515
[0-10][1-11].wasm.swam.txt,[0-10][1-1][2-5].wasm.swam.txt,17139
[0-10][1-12].wasm.swam.txt,[0-1].wasm.~2~.swam.txt,390
[0-10][1-10].wasm.swam.txt,[0-10][1-1][2-10].wasm.swam.txt,1257
[0-10][1-10].wasm.swam.txt,[0-10][1-15].wasm.swam.txt,521
[0-10][1-11].wasm.swam.txt,[0-3].wasm.swam.txt,380
[0-10][1-11].wasm.swam.txt,[0-10][1-1][2-12].wasm.swam.txt,16767
[0-10][1-10].wasm.swam.txt,[0-1][1-1].wasm.~1~.swam.txt,28013
[0-10][1-10].wasm.swam.txt,[0-10][1-1][2-2].wasm.swam.txt,789
[0-10][1-10].wasm.swam.txt,[0-10][1-12].wasm.swam.txt,29052
[0-10][1-15].wasm.swam.txt,[0-1][1-1].wasm.~1~.swam.txt,28013
[0-10][1-11].wasm.swam.txt,[0-7].wasm.swam.txt,28013
[0-10][1-11].wasm.swam.txt,[0-10][1-1][2-10].wasm.swam.txt,60613
[0-10][1-15].wasm.swam.txt,[0-1][1-2].wasm.~1~.swam.txt,5255
[0-10][1-11].wasm.swam.txt,[0-1][1-10][2-2].wasm.~1~.swam.txt,3345
[0-10][1-15].wasm.swam.txt,[0-1][1-10][2-2].wasm.~1~.swam.txt,31683
[0-10][1-11].wasm.swam.txt,[0-1][1-10][2-9].wasm.swam.txt,32310
[0-10][1-15].wasm.swam.txt,[0-1][1-10][2-11].wasm.swam.txt,33316
[0-10][1-15].wasm.swam.txt,[0-3].wasm.swam.txt,33348
[0-10][1-15].wasm.swam.txt,[0-1][1-10].wasm.~1~.swam.txt,33316
[0-10][1-10].wasm.swam.txt,[0-1][1-16].wasm.swam.txt,33346
[0-10][1-15].wasm.swam.txt,[0-7].wasm.swam.txt,33246
[0-10][1-15].wasm.swam.txt,[0-1][1-10][2-9].wasm.swam.txt,3243
[0-10][1-15].wasm.swam.txt,[0-1][1-16].wasm.swam.txt,33354
[0-10][1-11].wasm.swam.txt,[0-1][1-10][2-11].wasm.swam.txt,8328
[0-10][1-11].wasm.swam.txt,[0-1][1-2].wasm.~1~.swam.txt,7994
[0-10][1-11].wasm.swam.txt,[0-1][1-11].wasm.~1~.swam.txt,31069
[0-10][1-10].wasm.swam.txt,[0-1][1-10][2-2].wasm.~1~.swam.txt,20793
[0-10][1-1][2-10].wasm.swam.txt,[0-10][1-1][2-2].wasm.swam.txt,32625
[0-10][1-10].wasm.swam.txt,[0-1][1-2].wasm.~1~.swam.txt,21373
[0-10][1-10].wasm.swam.txt,[0-1][1-10][2-11].wasm.swam.txt,20117
[0-10][1-11].wasm.swam.txt,[0-1].wasm.~2~.swam.txt,33319
[0-10][1-11].wasm.swam.txt,[0-1][1-10].wasm.~1~.swam.txt,37519
[0-10][1-10].wasm.swam.txt,[0-1][1-10].wasm.~1~.swam.txt,33434
[0-10][1-10].wasm.swam.txt,[0-1][1-11].wasm.~1~.swam.txt,33339
[0-10][1-1][2-10].wasm.swam.txt,[0-10][1-1][2-12].wasm.swam.txt,33434
[0-10][1-1][2-10].wasm.swam.txt,[0-10][1-1][2-5].wasm.swam.txt,0
[0-10][1-10].wasm.swam.txt,[0-1].wasm.~2~.swam.txt,0
[0-10][1-1][2-10].wasm.swam.txt,[0-1][1-10][2-9].wasm.swam.txt,26299
[0-10][1-1][2-10].wasm.swam.txt,[0-1].wasm.~2~.swam.txt,33201
[0-10][1-1][2-10].wasm.swam.txt,[0-1][1-10].wasm.~1~.swam.txt,105
[0-10][1-1][2-10].wasm.swam.txt,[0-1][1-1].wasm.~1~.swam.txt,115
[0-10][1-1][2-10].wasm.swam.txt,[0-1][1-10][2-11].wasm.swam.txt,33273
[0-10][1-1][2-10].wasm.swam.txt,[0-3].wasm.swam.txt,100
[0-10][1-1][2-10].wasm.swam.txt,[0-7].wasm.swam.txt,173
[0-10][1-1][2-10].wasm.swam.txt,[0-1][1-10][2-2].wasm.~1~.swam.txt,19289
[0-10][1-1][2-12].wasm.swam.txt,[0-10][1-1][2-2].wasm.swam.txt,32952
[0-10][1-1][2-10].wasm.swam.txt,[0-1][1-11].wasm.~1~.swam.txt,3230
[0-10][1-1][2-12].wasm.swam.txt,[0-10][1-1][2-5].wasm.swam.txt,66
[0-10][1-1][2-12].wasm.swam.txt,[0-1][1-10][2-11].wasm.swam.txt,26399
[0-10][1-1][2-10].wasm.swam.txt,[0-1][1-2].wasm.~1~.swam.txt,10033
[0-10][1-1][2-10].wasm.swam.txt,[0-1][1-16].wasm.swam.txt,8066
[0-10][1-1][2-12].wasm.swam.txt,[0-1][1-1].wasm.~1~.swam.txt,0
[0-10][1-1][2-12].wasm.swam.txt,[0-1][1-11].wasm.~1~.swam.txt,22596
[0-10][1-1][2-2].wasm.swam.txt,[0-10][1-1][2-5].wasm.swam.txt,108
[0-10][1-1][2-12].wasm.swam.txt,[0-7].wasm.swam.txt,108
[0-10][1-1][2-12].wasm.swam.txt,[0-3].wasm.swam.txt,2615
[0-10][1-1][2-12].wasm.swam.txt,[0-1][1-10][2-2].wasm.~1~.swam.txt,529
[0-10][1-1][2-12].wasm.swam.txt,[0-1].wasm.~2~.swam.txt,2826
[0-10][1-1][2-12].wasm.swam.txt,[0-1][1-10][2-9].wasm.swam.txt,535
[0-10][1-1][2-12].wasm.swam.txt,[0-1][1-10].wasm.~1~.swam.txt,32277
[0-10][1-1][2-2].wasm.swam.txt,[0-1][1-10].wasm.~1~.swam.txt,19883
[0-10][1-1][2-2].wasm.swam.txt,[0-1][1-1].wasm.~1~.swam.txt,27413
[0-10][1-1][2-2].wasm.swam.txt,[0-1][1-2].wasm.~1~.swam.txt,32704
[0-10][1-1][2-12].wasm.swam.txt,[0-1][1-16].wasm.swam.txt,33159
[0-10][1-1][2-2].wasm.swam.txt,[0-3].wasm.swam.txt,193
[0-10][1-1][2-2].wasm.swam.txt,[0-7].wasm.swam.txt,221
[0-10][1-1][2-12].wasm.swam.txt,[0-1][1-2].wasm.~1~.swam.txt,0
[0-10][1-1][2-5].wasm.swam.txt,[0-1].wasm.~2~.swam.txt,0
[0-10][1-1][2-2].wasm.swam.txt,[0-1][1-10][2-9].wasm.swam.txt,18626
[0-10][1-1][2-5].wasm.swam.txt,[0-1][1-1].wasm.~1~.swam.txt,15337
[0-10][1-1][2-2].wasm.swam.txt,[0-1][1-10][2-11].wasm.swam.txt,13652
[0-10][1-1][2-2].wasm.swam.txt,[0-1].wasm.~2~.swam.txt,2165
[0-10][1-1][2-2].wasm.swam.txt,[0-1][1-16].wasm.swam.txt,2165
[0-10][1-1][2-2].wasm.swam.txt,[0-1][1-10][2-2].wasm.~1~.swam.txt,33219
[0-10][1-1][2-5].wasm.swam.txt,[0-3].wasm.swam.txt,32962
[0-10][1-1][2-5].wasm.swam.txt,[0-7].wasm.swam.txt,181
[0-10][1-1][2-5].wasm.swam.txt,[0-1][1-11].wasm.~1~.swam.txt,274
[0-10][1-1][2-2].wasm.swam.txt,[0-1][1-11].wasm.~1~.swam.txt,19120
[0-1].wasm.~2~.swam.txt,[0-1][1-10].wasm.~1~.swam.txt,9893
[0-10][1-1][2-5].wasm.swam.txt,[0-1][1-10][2-9].wasm.swam.txt,20206
[0-1].wasm.~2~.swam.txt,[0-1][1-16].wasm.swam.txt,17446
[0-10][1-1][2-5].wasm.swam.txt,[0-1][1-10][2-2].wasm.~1~.swam.txt,7519
[0-1].wasm.~2~.swam.txt,[0-1][1-2].wasm.~1~.swam.txt,18135
[0-10][1-1][2-5].wasm.swam.txt,[0-1][1-10].wasm.~1~.swam.txt,33264
[0-10][1-1][2-5].wasm.swam.txt,[0-1][1-10][2-11].wasm.swam.txt,26650
[0-1].wasm.~2~.swam.txt,[0-1][1-10][2-11].wasm.swam.txt,13642
[0-10][1-1][2-5].wasm.swam.txt,[0-1][1-16].wasm.swam.txt,27764
[0-1].wasm.~2~.swam.txt,[0-1][1-10][2-9].wasm.swam.txt,27756
[0-1].wasm.~2~.swam.txt,[0-1][1-11].wasm.~1~.swam.txt,27756
[0-1].wasm.~2~.swam.txt,[0-1][1-10][2-2].wasm.~1~.swam.txt,27756
[0-1][1-10].wasm.~1~.swam.txt,[0-1][1-10][2-11].wasm.swam.txt,3881
[0-10][1-1][2-5].wasm.swam.txt,[0-1][1-2].wasm.~1~.swam.txt,0
[0-1][1-10].wasm.~1~.swam.txt,[0-1][1-10][2-2].wasm.~1~.swam.txt,20112
[0-1][1-10].wasm.~1~.swam.txt,[0-1][1-10][2-9].wasm.swam.txt,18835
[0-1][1-10].wasm.~1~.swam.txt,[0-1][1-16].wasm.swam.txt,23261
[0-1][1-10].wasm.~1~.swam.txt,[0-1][1-11].wasm.~1~.swam.txt,18294
[0-1][1-10][2-11].wasm.swam.txt,[0-1][1-10][2-2].wasm.~1~.swam.txt,54
[0-1][1-10][2-11].wasm.swam.txt,[0-1][1-11].wasm.~1~.swam.txt,26319
[0-1].wasm.~2~.swam.txt,[0-3].wasm.swam.txt,6393
[0-1][1-10].wasm.~1~.swam.txt,[0-1][1-2].wasm.~1~.swam.txt,35382
[0-1].wasm.~2~.swam.txt,[0-1][1-1].wasm.~1~.swam.txt,33030
[0-1].wasm.~2~.swam.txt,[0-7].wasm.swam.txt,1021
[0-1][1-10][2-11].wasm.swam.txt,[0-1][1-10][2-9].wasm.swam.txt,17651
[0-1][1-10][2-2].wasm.~1~.swam.txt,[0-1][1-10][2-9].wasm.swam.txt,595
[0-1][1-10][2-2].wasm.~1~.swam.txt,[0-1][1-11].wasm.~1~.swam.txt,90
[0-1][1-10][2-11].wasm.swam.txt,[0-1][1-16].wasm.swam.txt,149
[0-1][1-10][2-2].wasm.~1~.swam.txt,[0-1][1-16].wasm.swam.txt,90
[0-1][1-10].wasm.~1~.swam.txt,[0-7].wasm.swam.txt,33055
[0-1][1-10][2-11].wasm.swam.txt,[0-1][1-2].wasm.~1~.swam.txt,0
[0-1][1-10][2-2].wasm.~1~.swam.txt,[0-1][1-2].wasm.~1~.swam.txt,31136
[0-1][1-10].wasm.~1~.swam.txt,[0-1][1-1].wasm.~1~.swam.txt,31136
[0-1][1-10][2-11].wasm.swam.txt,[0-3].wasm.swam.txt,30244
[0-1][1-10][2-9].wasm.swam.txt,[0-1][1-11].wasm.~1~.swam.txt,90
[0-1][1-10][2-9].wasm.swam.txt,[0-1][1-16].wasm.swam.txt,29354
[0-1][1-10].wasm.~1~.swam.txt,[0-3].wasm.swam.txt,31433
[0-1][1-10][2-11].wasm.swam.txt,[0-1][1-1].wasm.~1~.swam.txt,35390
[0-1][1-10][2-11].wasm.swam.txt,[0-7].wasm.swam.txt,4294
[0-1][1-10][2-9].wasm.swam.txt,[0-1][1-2].wasm.~1~.swam.txt,197
[0-1][1-10][2-2].wasm.~1~.swam.txt,[0-3].wasm.swam.txt,6961
[0-1][1-11].wasm.~1~.swam.txt,[0-1][1-16].wasm.swam.txt,6961
[0-1][1-11].wasm.~1~.swam.txt,[0-1][1-2].wasm.~1~.swam.txt,29
[0-1][1-10][2-2].wasm.~1~.swam.txt,[0-1][1-1].wasm.~1~.swam.txt,28688
[0-1][1-10][2-2].wasm.~1~.swam.txt,[0-7].wasm.swam.txt,22328
[0-1][1-11].wasm.~1~.swam.txt,[0-3].wasm.swam.txt,34185
[0-1][1-16].wasm.swam.txt,[0-1][1-1].wasm.~1~.swam.txt,108
[0-1][1-10][2-9].wasm.swam.txt,[0-3].wasm.swam.txt,19833
[0-1][1-10][2-9].wasm.swam.txt,[0-1][1-1].wasm.~1~.swam.txt,7292
[0-1][1-1].wasm.~1~.swam.txt,[0-3].wasm.swam.txt,20
[0-1][1-16].wasm.swam.txt,[0-1][1-2].wasm.~1~.swam.txt,0
[0-1][1-1].wasm.~1~.swam.txt,[0-7].wasm.swam.txt,33064
[0-1][1-10][2-9].wasm.swam.txt,[0-7].wasm.swam.txt,33064
[0-1][1-11].wasm.~1~.swam.txt,[0-1][1-1].wasm.~1~.swam.txt,14796
[0-1][1-1].wasm.~1~.swam.txt,[0-1][1-2].wasm.~1~.swam.txt,6859
[0-3].wasm.swam.txt,[0-7].wasm.swam.txt,2463
[0-1][1-11].wasm.~1~.swam.txt,[0-7].wasm.swam.txt,33101
[0-1][1-16].wasm.swam.txt,[0-3].wasm.swam.txt,33092
[0-1][1-16].wasm.swam.txt,[0-7].wasm.swam.txt,33101
[0-1][1-2].wasm.~1~.swam.txt,[0-7].wasm.swam.txt,33068
[0-1][1-2].wasm.~1~.swam.txt,[0-3].wasm.swam.txt,33518
