t1,t2,diff
[0-10].wasm.swam.txt,[0-10][1-10].wasm.swam.txt,954
[0-10].wasm.swam.txt,[0-10][1-2].wasm.swam.txt,66122
[0-10].wasm.swam.txt,[0-14].wasm.swam.txt,66584
[0-10].wasm.swam.txt,[0-7].wasm.swam.txt,308
[0-10].wasm.swam.txt,[0-15].wasm.swam.txt,642
[0-10].wasm.swam.txt,[0-12].wasm.swam.txt,229
[0-10][1-10].wasm.swam.txt,[0-14].wasm.swam.txt,2198
[0-10][1-10].wasm.swam.txt,[0-15].wasm.swam.txt,659
[0-10][1-10].wasm.swam.txt,[0-7].wasm.swam.txt,146
[0-10][1-10].wasm.swam.txt,[0-12].wasm.swam.txt,170
[0-10][1-10].wasm.swam.txt,[0-10][1-2].wasm.swam.txt,790
[0-10][1-2].wasm.swam.txt,[0-14].wasm.swam.txt,56877
[0-10][1-2].wasm.swam.txt,[0-15].wasm.swam.txt,141717
[0-10][1-2].wasm.swam.txt,[0-12].wasm.swam.txt,626
[0-10][1-2].wasm.swam.txt,[0-7].wasm.swam.txt,1202
[0-12].wasm.swam.txt,[0-15].wasm.swam.txt,396
[0-12].wasm.swam.txt,[0-7].wasm.swam.txt,396
[0-12].wasm.swam.txt,[0-14].wasm.swam.txt,1248
[0-14].wasm.swam.txt,[0-15].wasm.swam.txt,622
[0-14].wasm.swam.txt,[0-7].wasm.swam.txt,356
[0-15].wasm.swam.txt,[0-7].wasm.swam.txt,1198
Ternary_logic.wasm.swam.txt,[0-10][1-10].wasm.swam.txt,265553
Ternary_logic.wasm.swam.txt,[0-10][1-2].wasm.swam.txt,245150
Ternary_logic.wasm.swam.txt,[0-7].wasm.swam.txt,286979
Ternary_logic.wasm.swam.txt,[0-15].wasm.swam.txt,288097
Ternary_logic.wasm.swam.txt,[0-10].wasm.swam.txt,288204
Ternary_logic.wasm.swam.txt,[0-12].wasm.swam.txt,254602
Ternary_logic.wasm.swam.txt,[0-14].wasm.swam.txt,256567
