t1,t2,diff
[0-0].wasm.swam.txt,[0-10].wasm.~1~.swam.txt,164
[0-0].wasm.swam.txt,[0-10][1-1][2-10].wasm.~1~.swam.txt,2
[0-0].wasm.swam.txt,[0-10][1-1][2-14].wasm.swam.txt,30905
[0-0].wasm.swam.txt,[0-10][1-1][2-2].wasm.~2~.swam.txt,254
[0-0].wasm.swam.txt,[0-10][1-1][2-10].wasm.swam.txt,254
[0-0].wasm.swam.txt,[0-10][1-1][2-13].wasm.swam.txt,254
[0-0].wasm.swam.txt,[0-10][1-1][2-3].wasm.~1~.swam.txt,254
[0-0].wasm.swam.txt,[0-11].wasm.~1~.swam.txt,64
[0-0].wasm.swam.txt,[0-15].wasm.swam.txt,6
[0-0].wasm.swam.txt,[0-10][1-1][2-16].wasm.swam.txt,6
[0-0].wasm.swam.txt,[0-1][1-10].wasm.swam.txt,6629
[0-0].wasm.swam.txt,[0-3][1-10].wasm.swam.txt,6629
[0-0].wasm.swam.txt,[0-4].wasm.~1~.swam.txt,80
[0-0].wasm.swam.txt,[0-10][1-1][2-2].wasm.~1~.swam.txt,80
[0-0].wasm.swam.txt,[0-7].wasm.~1~.swam.txt,80
[0-10].wasm.~1~.swam.txt,[0-10][1-1][2-10].wasm.~1~.swam.txt,35915
[0-0].wasm.swam.txt,[0-10][1-1][2-5].wasm.~1~.swam.txt,342
[0-10].wasm.~1~.swam.txt,[0-10][1-1][2-10].wasm.swam.txt,35893
[0-10].wasm.~1~.swam.txt,[0-10][1-1][2-2].wasm.~2~.swam.txt,245
[0-10].wasm.~1~.swam.txt,[0-10][1-1][2-3].wasm.~1~.swam.txt,191
[0-10].wasm.~1~.swam.txt,[0-10][1-1][2-13].wasm.swam.txt,31065
[0-10].wasm.~1~.swam.txt,[0-10][1-1][2-5].wasm.~1~.swam.txt,80
[0-10].wasm.~1~.swam.txt,[0-11].wasm.~1~.swam.txt,35859
[0-10].wasm.~1~.swam.txt,[0-10][1-1][2-14].wasm.swam.txt,205
[0-10].wasm.~1~.swam.txt,[0-15].wasm.swam.txt,60
[0-10].wasm.~1~.swam.txt,[0-10][1-1][2-16].wasm.swam.txt,36063
[0-10].wasm.~1~.swam.txt,[0-10][1-1][2-2].wasm.~1~.swam.txt,117
[0-10].wasm.~1~.swam.txt,[0-1][1-10].wasm.swam.txt,286
[0-10].wasm.~1~.swam.txt,[0-3][1-10].wasm.swam.txt,30941
[0-10].wasm.~1~.swam.txt,[0-4].wasm.~1~.swam.txt,80
[0-10].wasm.~1~.swam.txt,[0-7].wasm.~1~.swam.txt,110
[0-10][1-1][2-10].wasm.swam.txt,[0-10][1-1][2-13].wasm.swam.txt,0
[0-10][1-1][2-10].wasm.swam.txt,[0-10][1-1][2-16].wasm.swam.txt,30905
[0-10][1-1][2-10].wasm.swam.txt,[0-10][1-1][2-14].wasm.swam.txt,30905
[0-10][1-1][2-10].wasm.swam.txt,[0-10][1-1][2-2].wasm.~1~.swam.txt,136
[0-10][1-1][2-10].wasm.swam.txt,[0-10][1-1][2-5].wasm.~1~.swam.txt,36034
[0-10][1-1][2-10].wasm.swam.txt,[0-10][1-1][2-10].wasm.~1~.swam.txt,36178
[0-10][1-1][2-10].wasm.swam.txt,[0-10][1-1][2-2].wasm.~2~.swam.txt,5
[0-10][1-1][2-10].wasm.swam.txt,[0-15].wasm.swam.txt,5
[0-10][1-1][2-10].wasm.swam.txt,[0-10][1-1][2-3].wasm.~1~.swam.txt,35987
[0-10][1-1][2-10].wasm.swam.txt,[0-11].wasm.~1~.swam.txt,35987
[0-10][1-1][2-10].wasm.swam.txt,[0-3][1-10].wasm.swam.txt,12922
[0-10][1-1][2-10].wasm.swam.txt,[0-1][1-10].wasm.swam.txt,11276
[0-10][1-1][2-10].wasm.swam.txt,[0-4].wasm.~1~.swam.txt,26731
[0-10][1-1][2-10].wasm.~1~.swam.txt,[0-10][1-1][2-14].wasm.swam.txt,26773
[0-10][1-1][2-10].wasm.~1~.swam.txt,[0-10][1-1][2-2].wasm.~2~.swam.txt,70
[0-10][1-1][2-10].wasm.~1~.swam.txt,[0-10][1-1][2-13].wasm.swam.txt,36091
[0-10][1-1][2-10].wasm.swam.txt,[0-7].wasm.~1~.swam.txt,36039
[0-10][1-1][2-10].wasm.~1~.swam.txt,[0-10][1-1][2-3].wasm.~1~.swam.txt,36091
[0-10][1-1][2-10].wasm.~1~.swam.txt,[0-11].wasm.~1~.swam.txt,839
[0-10][1-1][2-10].wasm.~1~.swam.txt,[0-10][1-1][2-16].wasm.swam.txt,240
[0-10][1-1][2-10].wasm.~1~.swam.txt,[0-15].wasm.swam.txt,35727
[0-10][1-1][2-10].wasm.~1~.swam.txt,[0-1][1-10].wasm.swam.txt,35967
[0-10][1-1][2-10].wasm.~1~.swam.txt,[0-10][1-1][2-2].wasm.~1~.swam.txt,52380
[0-10][1-1][2-10].wasm.~1~.swam.txt,[0-3][1-10].wasm.swam.txt,1987
[0-10][1-1][2-10].wasm.~1~.swam.txt,[0-10][1-1][2-5].wasm.~1~.swam.txt,2057
[0-10][1-1][2-10].wasm.~1~.swam.txt,[0-4].wasm.~1~.swam.txt,234
[0-10][1-1][2-10].wasm.~1~.swam.txt,[0-7].wasm.~1~.swam.txt,234
[0-10][1-1][2-13].wasm.swam.txt,[0-10][1-1][2-14].wasm.swam.txt,64
[0-10][1-1][2-13].wasm.swam.txt,[0-10][1-1][2-16].wasm.swam.txt,64
[0-10][1-1][2-13].wasm.swam.txt,[0-10][1-1][2-2].wasm.~1~.swam.txt,136
[0-10][1-1][2-13].wasm.swam.txt,[0-10][1-1][2-5].wasm.~1~.swam.txt,204
[0-10][1-1][2-13].wasm.swam.txt,[0-10][1-1][2-2].wasm.~2~.swam.txt,74
[0-10][1-1][2-13].wasm.swam.txt,[0-10][1-1][2-3].wasm.~1~.swam.txt,36097
[0-10][1-1][2-13].wasm.swam.txt,[0-11].wasm.~1~.swam.txt,35897
[0-10][1-1][2-13].wasm.swam.txt,[0-15].wasm.swam.txt,164
[0-10][1-1][2-14].wasm.swam.txt,[0-10][1-1][2-16].wasm.swam.txt,0
[0-10][1-1][2-14].wasm.swam.txt,[0-10][1-1][2-2].wasm.~1~.swam.txt,35830
[0-10][1-1][2-13].wasm.swam.txt,[0-3][1-10].wasm.swam.txt,81
[0-10][1-1][2-13].wasm.swam.txt,[0-1][1-10].wasm.swam.txt,198
[0-10][1-1][2-13].wasm.swam.txt,[0-7].wasm.~1~.swam.txt,0
[0-10][1-1][2-13].wasm.swam.txt,[0-4].wasm.~1~.swam.txt,1844
[0-10][1-1][2-14].wasm.swam.txt,[0-10][1-1][2-5].wasm.~1~.swam.txt,174
[0-10][1-1][2-14].wasm.swam.txt,[0-15].wasm.swam.txt,30941
[0-10][1-1][2-14].wasm.swam.txt,[0-10][1-1][2-3].wasm.~1~.swam.txt,32614
[0-10][1-1][2-14].wasm.swam.txt,[0-10][1-1][2-2].wasm.~2~.swam.txt,32658
[0-10][1-1][2-14].wasm.swam.txt,[0-11].wasm.~1~.swam.txt,36061
[0-10][1-1][2-14].wasm.swam.txt,[0-3][1-10].wasm.swam.txt,35897
[0-10][1-1][2-16].wasm.swam.txt,[0-10][1-1][2-2].wasm.~1~.swam.txt,36047
[0-10][1-1][2-14].wasm.swam.txt,[0-1][1-10].wasm.swam.txt,36061
[0-10][1-1][2-14].wasm.swam.txt,[0-4].wasm.~1~.swam.txt,65
[0-10][1-1][2-14].wasm.swam.txt,[0-7].wasm.~1~.swam.txt,162
[0-10][1-1][2-16].wasm.swam.txt,[0-10][1-1][2-5].wasm.~1~.swam.txt,164
[0-10][1-1][2-16].wasm.swam.txt,[0-10][1-1][2-3].wasm.~1~.swam.txt,53
[0-10][1-1][2-16].wasm.swam.txt,[0-3][1-10].wasm.swam.txt,0
[0-10][1-1][2-16].wasm.swam.txt,[0-10][1-1][2-2].wasm.~2~.swam.txt,0
[0-10][1-1][2-16].wasm.swam.txt,[0-11].wasm.~1~.swam.txt,36061
[0-10][1-1][2-16].wasm.swam.txt,[0-1][1-10].wasm.swam.txt,35983
[0-10][1-1][2-16].wasm.swam.txt,[0-15].wasm.swam.txt,144
[0-10][1-1][2-2].wasm.~1~.swam.txt,[0-10][1-1][2-5].wasm.~1~.swam.txt,84
[0-10][1-1][2-16].wasm.swam.txt,[0-4].wasm.~1~.swam.txt,166
[0-10][1-1][2-16].wasm.swam.txt,[0-7].wasm.~1~.swam.txt,54
[0-10][1-1][2-2].wasm.~1~.swam.txt,[0-10][1-1][2-2].wasm.~2~.swam.txt,29811
[0-10][1-1][2-2].wasm.~1~.swam.txt,[0-15].wasm.swam.txt,29755
[0-10][1-1][2-2].wasm.~1~.swam.txt,[0-10][1-1][2-3].wasm.~1~.swam.txt,142
[0-10][1-1][2-2].wasm.~1~.swam.txt,[0-1][1-10].wasm.swam.txt,22899
[0-10][1-1][2-2].wasm.~1~.swam.txt,[0-11].wasm.~1~.swam.txt,44791
[0-10][1-1][2-2].wasm.~2~.swam.txt,[0-10][1-1][2-3].wasm.~1~.swam.txt,38281
[0-10][1-1][2-2].wasm.~1~.swam.txt,[0-3][1-10].wasm.swam.txt,361
[0-10][1-1][2-2].wasm.~2~.swam.txt,[0-11].wasm.~1~.swam.txt,286
[0-10][1-1][2-2].wasm.~1~.swam.txt,[0-4].wasm.~1~.swam.txt,286
[0-10][1-1][2-2].wasm.~2~.swam.txt,[0-15].wasm.swam.txt,36002
[0-10][1-1][2-2].wasm.~2~.swam.txt,[0-1][1-10].wasm.swam.txt,2118
[0-10][1-1][2-2].wasm.~1~.swam.txt,[0-7].wasm.~1~.swam.txt,178
[0-10][1-1][2-2].wasm.~2~.swam.txt,[0-3][1-10].wasm.swam.txt,394
[0-10][1-1][2-2].wasm.~2~.swam.txt,[0-4].wasm.~1~.swam.txt,168
[0-10][1-1][2-2].wasm.~2~.swam.txt,[0-7].wasm.~1~.swam.txt,309
[0-10][1-1][2-2].wasm.~2~.swam.txt,[0-10][1-1][2-5].wasm.~1~.swam.txt,35893
[0-10][1-1][2-3].wasm.~1~.swam.txt,[0-15].wasm.swam.txt,14419
[0-10][1-1][2-3].wasm.~1~.swam.txt,[0-11].wasm.~1~.swam.txt,14419
[0-10][1-1][2-5].wasm.~1~.swam.txt,[0-11].wasm.~1~.swam.txt,14419
[0-10][1-1][2-3].wasm.~1~.swam.txt,[0-1][1-10].wasm.swam.txt,14419
[0-10][1-1][2-3].wasm.~1~.swam.txt,[0-4].wasm.~1~.swam.txt,14419
[0-10][1-1][2-3].wasm.~1~.swam.txt,[0-7].wasm.~1~.swam.txt,14419
[0-10][1-1][2-3].wasm.~1~.swam.txt,[0-10][1-1][2-5].wasm.~1~.swam.txt,35993
[0-10][1-1][2-3].wasm.~1~.swam.txt,[0-3][1-10].wasm.swam.txt,14419
[0-10][1-1][2-5].wasm.~1~.swam.txt,[0-1][1-10].wasm.swam.txt,30941
[0-11].wasm.~1~.swam.txt,[0-15].wasm.swam.txt,0
[0-10][1-1][2-5].wasm.~1~.swam.txt,[0-15].wasm.swam.txt,201
[0-11].wasm.~1~.swam.txt,[0-1][1-10].wasm.swam.txt,30941
[0-11].wasm.~1~.swam.txt,[0-4].wasm.~1~.swam.txt,34675
[0-15].wasm.swam.txt,[0-1][1-10].wasm.swam.txt,118
[0-10][1-1][2-5].wasm.~1~.swam.txt,[0-4].wasm.~1~.swam.txt,1868
[0-11].wasm.~1~.swam.txt,[0-3][1-10].wasm.swam.txt,118
[0-11].wasm.~1~.swam.txt,[0-7].wasm.~1~.swam.txt,146
[0-10][1-1][2-5].wasm.~1~.swam.txt,[0-7].wasm.~1~.swam.txt,188
[0-10][1-1][2-5].wasm.~1~.swam.txt,[0-3][1-10].wasm.swam.txt,289
[0-15].wasm.swam.txt,[0-3][1-10].wasm.swam.txt,80
[0-15].wasm.swam.txt,[0-4].wasm.~1~.swam.txt,164
[0-15].wasm.swam.txt,[0-7].wasm.~1~.swam.txt,0
[0-1][1-10].wasm.swam.txt,[0-4].wasm.~1~.swam.txt,30941
[0-1][1-10].wasm.swam.txt,[0-3][1-10].wasm.swam.txt,8451
[0-1][1-10].wasm.swam.txt,[0-7].wasm.~1~.swam.txt,1626
[0-3][1-10].wasm.swam.txt,[0-4].wasm.~1~.swam.txt,109
[0-3][1-10].wasm.swam.txt,[0-7].wasm.~1~.swam.txt,155
[0-4].wasm.~1~.swam.txt,[0-7].wasm.~1~.swam.txt,155
