t1,t2,diff
Topological_sort.wasm.swam.txt,Topological_sort.wasm.~1~.swam.txt,0
Topological_sort.wasm.swam.txt,[0-10][1-1][2-1][26-1].wasm.swam.txt,15
Topological_sort.wasm.~1~.swam.txt,[0-10][1-1][2-1][26-1].wasm.swam.txt,5
Topological_sort.wasm.swam.txt,[0-2].wasm.swam.txt,0
Topological_sort.wasm.~1~.swam.txt,[0-2].wasm.swam.txt,0
[0-10][1-1][2-1][26-1].wasm.swam.txt,[0-2].wasm.swam.txt,6
Topological_sort.wasm.~2~.swam.txt,[0-10][1-1][2-1][26-1].wasm.swam.txt,150129
Topological_sort.wasm.swam.txt,Topological_sort.wasm.~2~.swam.txt,147822
Topological_sort.wasm.~1~.swam.txt,Topological_sort.wasm.~2~.swam.txt,148227
Topological_sort.wasm.~2~.swam.txt,[0-2].wasm.swam.txt,148002
