t1,t2,diff
Truncatable_primes.wasm.~1~.swam.txt,[17-14].wasm.swam.txt,692925
Truncatable_primes.wasm.~1~.swam.txt,[9-7].wasm.swam.txt,2825488
[17-0].wasm.swam.txt,[9-7].wasm.swam.txt,3025275
[17-0].wasm.swam.txt,[17-14].wasm.swam.txt,1290748
[17-0].wasm.swam.txt,[17-7].wasm.swam.txt,1407829
[17-10][22-1].wasm.swam.txt,[17-7].wasm.swam.txt,805
[17-0].wasm.swam.txt,[17-5].wasm.swam.txt,43120
[17-12].wasm.swam.txt,[17-12][22-1][26-1].wasm.swam.txt,366431
[17-10][22-1].wasm.swam.txt,[17-5].wasm.swam.txt,326866
[17-10][22-1].wasm.swam.txt,[17-15].wasm.swam.txt,366431
[17-12].wasm.swam.txt,[17-1][22-1].wasm.swam.txt,9020
[17-0].wasm.swam.txt,[17-7][22-1].wasm.swam.txt,763809
[17-14].wasm.swam.txt,[17-7][22-1].wasm.swam.txt,840501
[17-15].wasm.swam.txt,[17-5].wasm.swam.txt,175323
[17-5].wasm.swam.txt,[17-5][22-1].wasm.swam.txt,72813
[17-12][22-1][26-1].wasm.swam.txt,[9-7].wasm.swam.txt,432550
[17-15].wasm.swam.txt,[17-5][22-1].wasm.swam.txt,356898
[17-12].wasm.swam.txt,[9-7].wasm.swam.txt,356898
[17-5].wasm.swam.txt,[17-7][22-1].wasm.swam.txt,455956
[17-7].wasm.swam.txt,[17-7][22-1].wasm.swam.txt,496623
[17-1][22-1].wasm.swam.txt,[17-7][22-1].wasm.swam.txt,1453944
[17-14].wasm.swam.txt,[17-15].wasm.swam.txt,1392338
[17-1][22-1].wasm.swam.txt,[17-5].wasm.swam.txt,1392338
[17-14].wasm.swam.txt,[17-5][22-1].wasm.swam.txt,929061
[17-14].wasm.swam.txt,[17-1][22-1].wasm.swam.txt,2650630
[17-14].wasm.swam.txt,[17-5].wasm.swam.txt,1365481
[17-0].wasm.swam.txt,[17-1][22-1].wasm.swam.txt,1449704
[17-1][22-1].wasm.swam.txt,[17-5][22-1].wasm.swam.txt,1449704
[17-15].wasm.swam.txt,[17-1][22-1].wasm.swam.txt,1849181
[17-14].wasm.swam.txt,[17-7].wasm.swam.txt,1457697
[17-15].wasm.swam.txt,[17-7].wasm.swam.txt,1604087
[17-5][22-1].wasm.swam.txt,[17-7][22-1].wasm.swam.txt,1258855
[17-0].wasm.swam.txt,[17-15].wasm.swam.txt,2222252
[17-10][22-1].wasm.swam.txt,[17-7][22-1].wasm.swam.txt,2580151
[17-5][22-1].wasm.swam.txt,[17-7].wasm.swam.txt,2220078
[17-15].wasm.swam.txt,[17-7][22-1].wasm.swam.txt,2164874
[17-10][22-1].wasm.swam.txt,[9-7].wasm.swam.txt,3662123
[17-12].wasm.swam.txt,[17-5][22-1].wasm.swam.txt,3662123
[17-12][22-1][26-1].wasm.swam.txt,[17-5][22-1].wasm.swam.txt,4748523
[17-10][22-1].wasm.swam.txt,[17-14].wasm.swam.txt,4426329
[17-12][22-1][26-1].wasm.swam.txt,[17-7].wasm.swam.txt,4071238
[17-12].wasm.swam.txt,[17-15].wasm.swam.txt,4435559
[17-1][22-1].wasm.swam.txt,[17-7].wasm.swam.txt,5145037
[17-12][22-1][26-1].wasm.swam.txt,[17-5].wasm.swam.txt,3837112
[17-12].wasm.swam.txt,[17-5].wasm.swam.txt,4202933
[17-10][22-1].wasm.swam.txt,[17-12].wasm.swam.txt,4326561
[17-10][22-1].wasm.swam.txt,[17-12][22-1][26-1].wasm.swam.txt,4326561
[17-5].wasm.swam.txt,[17-7].wasm.swam.txt,3709569
[17-0].wasm.swam.txt,[17-5][22-1].wasm.swam.txt,4080693
Truncatable_primes.wasm.~1~.swam.txt,[17-10][22-1].wasm.swam.txt,3448314
[17-10][22-1].wasm.swam.txt,[17-1][22-1].wasm.swam.txt,3342972
[17-10][22-1].wasm.swam.txt,[17-5][22-1].wasm.swam.txt,3491540
[17-0].wasm.swam.txt,[17-12].wasm.swam.txt,4581057
[17-12][22-1][26-1].wasm.swam.txt,[17-1][22-1].wasm.swam.txt,4273894
[17-0].wasm.swam.txt,[17-12][22-1][26-1].wasm.swam.txt,4315904
[17-0].wasm.swam.txt,[17-10][22-1].wasm.swam.txt,4539022
Truncatable_primes.wasm.~1~.swam.txt,[17-1][22-1].wasm.swam.txt,5110101
[17-12][22-1][26-1].wasm.swam.txt,[17-14].wasm.swam.txt,3632465
[17-15].wasm.swam.txt,[9-7].wasm.swam.txt,3511989
[17-12].wasm.swam.txt,[17-14].wasm.swam.txt,4096768
[17-5][22-1].wasm.swam.txt,[9-7].wasm.swam.txt,3576655
[17-7].wasm.swam.txt,[9-7].wasm.swam.txt,3916007
[17-12].wasm.swam.txt,[17-7][22-1].wasm.swam.txt,3888198
[17-7][22-1].wasm.swam.txt,[9-7].wasm.swam.txt,3640701
[17-12].wasm.swam.txt,[17-7].wasm.swam.txt,4763317
[17-1][22-1].wasm.swam.txt,[9-7].wasm.swam.txt,5414168
[17-5].wasm.swam.txt,[9-7].wasm.swam.txt,5268479
[17-12][22-1][26-1].wasm.swam.txt,[17-15].wasm.swam.txt,5268479
[17-12][22-1][26-1].wasm.swam.txt,[17-7][22-1].wasm.swam.txt,5212592
[17-14].wasm.swam.txt,[9-7].wasm.swam.txt,4999916
Truncatable_primes.wasm.~1~.swam.txt,[17-0].wasm.swam.txt,5160966
Truncatable_primes.wasm.~1~.swam.txt,[17-12][22-1][26-1].wasm.swam.txt,4718895
Truncatable_primes.wasm.~1~.swam.txt,[17-7].wasm.swam.txt,5244484
Truncatable_primes.wasm.~1~.swam.txt,[17-5][22-1].wasm.swam.txt,5432557
Truncatable_primes.wasm.~1~.swam.txt,[17-7][22-1].wasm.swam.txt,5286732
Truncatable_primes.wasm.~1~.swam.txt,[17-12].wasm.swam.txt,5094475
Truncatable_primes.wasm.~1~.swam.txt,[17-5].wasm.swam.txt,5375261
Truncatable_primes.wasm.~1~.swam.txt,[17-15].wasm.swam.txt,6373007
