t1,t2,diff
Two_Sum.wasm.~2~.swam.txt,[1-1].wasm.swam.txt,4934
[1-1].wasm.swam.txt,[1-1][3-1][4-1][7-11].wasm.swam.txt,166
[1-1][3-1][4-1][7-11].wasm.swam.txt,[1-1][3-1][4-1][7-3].wasm.swam.txt,80
[1-1].wasm.swam.txt,[2-1][3-1][4-1][7-11].wasm.swam.txt,203
Two_Sum.wasm.~2~.swam.txt,[1-1][3-1][4-1][7-11].wasm.swam.txt,1701
[1-1].wasm.swam.txt,[2-1][3-1][4-1][7-3].wasm.swam.txt,1381
Two_Sum.wasm.~2~.swam.txt,[2-1][3-1][4-1][7-3].wasm.swam.txt,1619
[1-1].wasm.swam.txt,[2-1].wasm.swam.txt,2862
[1-1][3-1][4-1][7-11].wasm.swam.txt,[2-1][3-1][4-1][7-11].wasm.swam.txt,3548
[1-1].wasm.swam.txt,[1-1][3-1][4-1][7-3].wasm.swam.txt,3548
Two_Sum.wasm.~2~.swam.txt,[2-1][3-1][4-1][7-11].wasm.swam.txt,3595
Two_Sum.wasm.~2~.swam.txt,[1-1][3-1][4-1][7-3].wasm.swam.txt,3646
[1-1][3-1][4-1][7-11].wasm.swam.txt,[2-1].wasm.swam.txt,3646
Two_Sum.wasm.~2~.swam.txt,[2-1].wasm.swam.txt,5581
[1-1][3-1][4-1][7-11].wasm.swam.txt,[2-1][3-1][4-1][7-3].wasm.swam.txt,143
[1-1][3-1][4-1][7-3].wasm.swam.txt,[2-1].wasm.swam.txt,235
[1-1][3-1][4-1][7-3].wasm.swam.txt,[2-1][3-1][4-1][7-11].wasm.swam.txt,143
[1-1][3-1][4-1][7-3].wasm.swam.txt,[2-1][3-1][4-1][7-3].wasm.swam.txt,63
[2-1].wasm.swam.txt,[2-1][3-1][4-1][7-11].wasm.swam.txt,132
[2-1].wasm.swam.txt,[2-1][3-1][4-1][7-3].wasm.swam.txt,172
[2-1][3-1][4-1][7-11].wasm.swam.txt,[2-1][3-1][4-1][7-3].wasm.swam.txt,80
