t1,t2,diff
Vigenère_cipher-Cryptanalysis.wasm.~2~.swam.txt,[3-1][4-11][6-14].wasm.swam.txt,0
Vigenère_cipher-Cryptanalysis.wasm.~2~.swam.txt,[3-1][4-11][6-10][7-1][8-1].wasm.swam.txt,0
Vigenère_cipher-Cryptanalysis.wasm.~2~.swam.txt,[3-1][4-3].wasm.swam.txt,0
[3-1][4-10].wasm.swam.txt,[3-1][4-11][6-16].wasm.swam.txt,769590
Vigenère_cipher-Cryptanalysis.wasm.~2~.swam.txt,[3-1][4-11][6-18].wasm.swam.txt,0
[3-1][4-10].wasm.swam.txt,[3-1][4-11][6-18].wasm.swam.txt,154927
Vigenère_cipher-Cryptanalysis.wasm.~2~.swam.txt,[3-1][4-11][6-16].wasm.swam.txt,0
Vigenère_cipher-Cryptanalysis.wasm.~2~.swam.txt,[3-1][4-6].wasm.swam.txt,632998
[3-1][4-10].wasm.swam.txt,[3-1][4-11][6-18][7-1][8-1].wasm.swam.txt,162439
Vigenère_cipher-Cryptanalysis.wasm.~2~.swam.txt,[3-1][4-11][6-18][7-1][8-1].wasm.swam.txt,162029
Vigenère_cipher-Cryptanalysis.wasm.~2~.swam.txt,[3-1][4-6][6-10][7-1][8-1].wasm.swam.txt,2159480
[3-1][4-10].wasm.swam.txt,[3-1][4-6][6-10][7-1][8-1].wasm.swam.txt,2164506
[3-1][4-10].wasm.swam.txt,[3-1][4-11][6-12].wasm.swam.txt,0
[3-1][4-10].wasm.swam.txt,[3-1][4-11][6-13].wasm.swam.txt,826024
[3-1][4-10][6-10][7-1][8-1].wasm.swam.txt,[3-1][4-11][6-14].wasm.swam.txt,
[3-1][4-10][6-10][7-1][8-1].wasm.swam.txt,[3-1][4-11][6-13].wasm.swam.txt,
Vigenère_cipher-Cryptanalysis.wasm.~2~.swam.txt,[3-1][4-11][6-13].wasm.swam.txt,
[3-1][4-10].wasm.swam.txt,[3-1][4-11][6-13][7-1][8-1].wasm.swam.txt,766226
[3-1][4-10].wasm.swam.txt,[3-1][4-3].wasm.swam.txt,
[3-1][4-10].wasm.swam.txt,[3-1][4-11][6-14].wasm.swam.txt,725070
Vigenère_cipher-Cryptanalysis.wasm.~2~.swam.txt,[3-1][4-11][6-12][7-1][8-1].wasm.swam.txt,366259
[3-1][4-10].wasm.swam.txt,[3-1][4-11][6-14][7-1][8-1].wasm.swam.txt,1140767
[3-1][4-10][6-10][7-1][8-1].wasm.swam.txt,[3-1][4-11][6-12][7-1][8-1].wasm.swam.txt,437367
[3-1][4-10].wasm.swam.txt,[3-1][4-11][6-12][7-1][8-1].wasm.swam.txt,1148631
[3-1][4-10][6-10][7-1][8-1].wasm.swam.txt,[3-1][4-6].wasm.swam.txt,1019008
[3-1][4-10][6-10][7-1][8-1].wasm.swam.txt,[3-1][4-3].wasm.swam.txt,275302
[3-1][4-10].wasm.swam.txt,[3-1][4-6].wasm.swam.txt,959711
[3-1][4-10][6-10][7-1][8-1].wasm.swam.txt,[3-1][4-11][6-13][7-1][8-1].wasm.swam.txt,525051
[3-1][4-10][6-10][7-1][8-1].wasm.swam.txt,[3-1][4-11][6-18].wasm.swam.txt,450617
[3-1][4-10][6-10][7-1][8-1].wasm.swam.txt,[3-1][4-11][6-16].wasm.swam.txt,443873
[3-1][4-10][6-10][7-1][8-1].wasm.swam.txt,[3-1][4-11][6-14][7-1][8-1].wasm.swam.txt,453400
[3-1][4-10][6-10][7-1][8-1].wasm.swam.txt,[3-1][4-11][6-18][7-1][8-1].wasm.swam.txt,0
[3-1][4-10][6-10][7-1][8-1].wasm.swam.txt,[3-1][4-6][6-10][7-1][8-1].wasm.swam.txt,905178
[3-1][4-10].wasm.swam.txt,[3-1][4-10][6-10][7-1][8-1].wasm.swam.txt,58291
[3-1][4-11][6-10][7-1][8-1].wasm.swam.txt,[3-1][4-11][6-16].wasm.swam.txt,0
[3-1][4-11][6-10][7-1][8-1].wasm.swam.txt,[3-1][4-11][6-13].wasm.swam.txt,0
[3-1][4-11][6-13].wasm.swam.txt,[3-1][4-11][6-16].wasm.swam.txt,779688
[3-1][4-11][6-13][7-1][8-1].wasm.swam.txt,[3-1][4-11][6-16].wasm.swam.txt,93637
[3-1][4-11][6-14].wasm.swam.txt,[3-1][4-11][6-16].wasm.swam.txt,184558
[3-1][4-11][6-12].wasm.swam.txt,[3-1][4-11][6-16].wasm.swam.txt,302625
[3-1][4-11][6-12][7-1][8-1].wasm.swam.txt,[3-1][4-11][6-16].wasm.swam.txt,14554
[3-1][4-11][6-10][7-1][8-1].wasm.swam.txt,[3-1][4-11][6-12][7-1][8-1].wasm.swam.txt,0
[3-1][4-11][6-10][7-1][8-1].wasm.swam.txt,[3-1][4-11][6-14].wasm.swam.txt,0
[3-1][4-11][6-10][7-1][8-1].wasm.swam.txt,[3-1][4-6].wasm.swam.txt,0
[3-1][4-11][6-13].wasm.swam.txt,[3-1][4-11][6-18].wasm.swam.txt,0
[3-1][4-11][6-12][7-1][8-1].wasm.swam.txt,[3-1][4-11][6-18].wasm.swam.txt,0
[3-1][4-11][6-14].wasm.swam.txt,[3-1][4-11][6-18].wasm.swam.txt,0
[3-1][4-11][6-10][7-1][8-1].wasm.swam.txt,[3-1][4-11][6-14][7-1][8-1].wasm.swam.txt,14522
[3-1][4-11][6-12][7-1][8-1].wasm.swam.txt,[3-1][4-11][6-18][7-1][8-1].wasm.swam.txt,46728
[3-1][4-11][6-12].wasm.swam.txt,[3-1][4-11][6-14].wasm.swam.txt,46735
[3-1][4-11][6-14][7-1][8-1].wasm.swam.txt,[3-1][4-11][6-16].wasm.swam.txt,941531
[3-1][4-11][6-12][7-1][8-1].wasm.swam.txt,[3-1][4-11][6-14][7-1][8-1].wasm.swam.txt,941531
[3-1][4-11][6-16].wasm.swam.txt,[3-1][4-3].wasm.swam.txt,178483
[3-1][4-11][6-13].wasm.swam.txt,[3-1][4-11][6-18][7-1][8-1].wasm.swam.txt,727533
[3-1][4-11][6-13].wasm.swam.txt,[3-1][4-11][6-13][7-1][8-1].wasm.swam.txt,571470
[3-1][4-11][6-12].wasm.swam.txt,[3-1][4-11][6-18].wasm.swam.txt,639935
[3-1][4-6].wasm.swam.txt,[3-1][4-6][6-10][7-1][8-1].wasm.swam.txt,465392
[3-1][4-11][6-12].wasm.swam.txt,[3-1][4-11][6-13].wasm.swam.txt,720011
[3-1][4-11][6-12][7-1][8-1].wasm.swam.txt,[3-1][4-11][6-13][7-1][8-1].wasm.swam.txt,628830
[3-1][4-11][6-13][7-1][8-1].wasm.swam.txt,[3-1][4-11][6-14][7-1][8-1].wasm.swam.txt,738263
[3-1][4-11][6-12].wasm.swam.txt,[3-1][4-11][6-12][7-1][8-1].wasm.swam.txt,738263
[3-1][4-11][6-14].wasm.swam.txt,[3-1][4-11][6-14][7-1][8-1].wasm.swam.txt,694418
[3-1][4-11][6-12][7-1][8-1].wasm.swam.txt,[3-1][4-11][6-14].wasm.swam.txt,746801
[3-1][4-11][6-13].wasm.swam.txt,[3-1][4-11][6-14].wasm.swam.txt,760327
[3-1][4-11][6-18].wasm.swam.txt,[3-1][4-11][6-18][7-1][8-1].wasm.swam.txt,756597
[3-1][4-11][6-13][7-1][8-1].wasm.swam.txt,[3-1][4-11][6-18].wasm.swam.txt,754027
[3-1][4-11][6-12].wasm.swam.txt,[3-1][4-11][6-14][7-1][8-1].wasm.swam.txt,623932
[3-1][4-11][6-10][7-1][8-1].wasm.swam.txt,[3-1][4-3].wasm.swam.txt,1036185
[3-1][4-11][6-18].wasm.swam.txt,[3-1][4-3].wasm.swam.txt,1482960
[3-1][4-11][6-14].wasm.swam.txt,[3-1][4-11][6-18][7-1][8-1].wasm.swam.txt,1020479
[3-1][4-11][6-10][7-1][8-1].wasm.swam.txt,[3-1][4-11][6-12].wasm.swam.txt,2552293
[3-1][4-11][6-10][7-1][8-1].wasm.swam.txt,[3-1][4-11][6-18].wasm.swam.txt,2500177
[3-1][4-11][6-12][7-1][8-1].wasm.swam.txt,[3-1][4-6][6-10][7-1][8-1].wasm.swam.txt,2201705
[3-1][4-11][6-12].wasm.swam.txt,[3-1][4-11][6-13][7-1][8-1].wasm.swam.txt,941406
[3-1][4-11][6-12].wasm.swam.txt,[3-1][4-11][6-18][7-1][8-1].wasm.swam.txt,879929
[3-1][4-11][6-13][7-1][8-1].wasm.swam.txt,[3-1][4-11][6-18][7-1][8-1].wasm.swam.txt,3093799
[3-1][4-11][6-13][7-1][8-1].wasm.swam.txt,[3-1][4-11][6-14].wasm.swam.txt,1685295
[3-1][4-11][6-12][7-1][8-1].wasm.swam.txt,[3-1][4-11][6-13].wasm.swam.txt,1683397
[3-1][4-11][6-10][7-1][8-1].wasm.swam.txt,[3-1][4-11][6-18][7-1][8-1].wasm.swam.txt,1972857
[3-1][4-11][6-13].wasm.swam.txt,[3-1][4-11][6-14][7-1][8-1].wasm.swam.txt,1658794
[3-1][4-11][6-14][7-1][8-1].wasm.swam.txt,[3-1][4-11][6-18].wasm.swam.txt,1648209
[3-1][4-11][6-13].wasm.swam.txt,[3-1][4-3].wasm.swam.txt,2580365
[3-1][4-11][6-14].wasm.swam.txt,[3-1][4-3].wasm.swam.txt,2829125
[3-1][4-11][6-12].wasm.swam.txt,[3-1][4-3].wasm.swam.txt,2823071
Vigenère_cipher-Cryptanalysis.wasm.~2~.swam.txt,[3-1][4-10][6-10][7-1][8-1].wasm.swam.txt,2749647
[3-1][4-11][6-13][7-1][8-1].wasm.swam.txt,[3-1][4-6][6-10][7-1][8-1].wasm.swam.txt,4622871
[3-1][4-11][6-13][7-1][8-1].wasm.swam.txt,[3-1][4-3].wasm.swam.txt,2838755
[3-1][4-11][6-14][7-1][8-1].wasm.swam.txt,[3-1][4-6][6-10][7-1][8-1].wasm.swam.txt,2803179
[3-1][4-11][6-18][7-1][8-1].wasm.swam.txt,[3-1][4-3].wasm.swam.txt,2910577
[3-1][4-11][6-16].wasm.swam.txt,[3-1][4-11][6-18].wasm.swam.txt,2951033
Vigenère_cipher-Cryptanalysis.wasm.~2~.swam.txt,[3-1][4-11][6-13][7-1][8-1].wasm.swam.txt,2600714
[3-1][4-11][6-16].wasm.swam.txt,[3-1][4-11][6-18][7-1][8-1].wasm.swam.txt,3090330
[3-1][4-11][6-12][7-1][8-1].wasm.swam.txt,[3-1][4-3].wasm.swam.txt,3228695
[3-1][4-11][6-14][7-1][8-1].wasm.swam.txt,[3-1][4-6].wasm.swam.txt,3287378
[3-1][4-11][6-14][7-1][8-1].wasm.swam.txt,[3-1][4-3].wasm.swam.txt,3275432
[3-1][4-11][6-14][7-1][8-1].wasm.swam.txt,[3-1][4-11][6-18][7-1][8-1].wasm.swam.txt,3364653
[3-1][4-11][6-13].wasm.swam.txt,[3-1][4-6][6-10][7-1][8-1].wasm.swam.txt,3661200
Vigenère_cipher-Cryptanalysis.wasm.~2~.swam.txt,[3-1][4-10].wasm.swam.txt,3663374
[3-1][4-11][6-18].wasm.swam.txt,[3-1][4-6].wasm.swam.txt,3863668
[3-1][4-11][6-10][7-1][8-1].wasm.swam.txt,[3-1][4-11][6-13][7-1][8-1].wasm.swam.txt,3883805
[3-1][4-10][6-10][7-1][8-1].wasm.swam.txt,[3-1][4-11][6-10][7-1][8-1].wasm.swam.txt,4481322
Vigenère_cipher-Cryptanalysis.wasm.~2~.swam.txt,[3-1][4-11][6-12].wasm.swam.txt,4063724
[3-1][4-10][6-10][7-1][8-1].wasm.swam.txt,[3-1][4-11][6-12].wasm.swam.txt,3765553
[3-1][4-11][6-10][7-1][8-1].wasm.swam.txt,[3-1][4-6][6-10][7-1][8-1].wasm.swam.txt,3723099
[3-1][4-10].wasm.swam.txt,[3-1][4-11][6-10][7-1][8-1].wasm.swam.txt,3281367
[3-1][4-11][6-13].wasm.swam.txt,[3-1][4-6].wasm.swam.txt,3271725
[3-1][4-11][6-13][7-1][8-1].wasm.swam.txt,[3-1][4-6].wasm.swam.txt,3271725
Vigenère_cipher-Cryptanalysis.wasm.~2~.swam.txt,[3-1][4-11][6-14][7-1][8-1].wasm.swam.txt,4815369
[3-1][4-3].wasm.swam.txt,[3-1][4-6].wasm.swam.txt,4860784
[3-1][4-11][6-18][7-1][8-1].wasm.swam.txt,[3-1][4-6].wasm.swam.txt,3281022
[3-1][4-11][6-14].wasm.swam.txt,[3-1][4-6][6-10][7-1][8-1].wasm.swam.txt,3484502
[3-1][4-11][6-18].wasm.swam.txt,[3-1][4-6][6-10][7-1][8-1].wasm.swam.txt,3473740
[3-1][4-11][6-12].wasm.swam.txt,[3-1][4-6][6-10][7-1][8-1].wasm.swam.txt,3473740
[3-1][4-3].wasm.swam.txt,[3-1][4-6][6-10][7-1][8-1].wasm.swam.txt,4066292
[3-1][4-11][6-16].wasm.swam.txt,[3-1][4-6][6-10][7-1][8-1].wasm.swam.txt,4058559
[3-1][4-11][6-16].wasm.swam.txt,[3-1][4-6].wasm.swam.txt,4058559
[3-1][4-11][6-12].wasm.swam.txt,[3-1][4-6].wasm.swam.txt,3145791
[3-1][4-11][6-18][7-1][8-1].wasm.swam.txt,[3-1][4-6][6-10][7-1][8-1].wasm.swam.txt,3190625
[3-1][4-11][6-14].wasm.swam.txt,[3-1][4-6].wasm.swam.txt,3380289
[3-1][4-11][6-12][7-1][8-1].wasm.swam.txt,[3-1][4-6].wasm.swam.txt,3452941
