t1,t2,diff
[1-10].wasm.swam.txt,[1-4].wasm.swam.txt,0
[1-10].wasm.swam.txt,[10-1][11-2].wasm.swam.txt,
[1-2].wasm.swam.txt,[1-9].wasm.swam.txt,378619
[1-10].wasm.swam.txt,[1-9].wasm.swam.txt,485334
[1-10].wasm.swam.txt,[1-2].wasm.swam.txt,424752
[1-10].wasm.swam.txt,[11-2].wasm.swam.txt,619246
[1-10].wasm.swam.txt,[12-10].wasm.swam.txt,491951
[1-2].wasm.swam.txt,[12-10].wasm.swam.txt,149688
[1-10].wasm.swam.txt,[34-19].wasm.swam.txt,0
[1-10].wasm.swam.txt,[12-2].wasm.swam.txt,3906
[1-10].wasm.swam.txt,[34-5].wasm.swam.txt,2722
[1-10].wasm.swam.txt,[34-9].wasm.swam.txt,0
[1-10].wasm.swam.txt,[34-3].wasm.swam.txt,0
[1-2].wasm.swam.txt,[7-1][8-1].wasm.swam.txt,1451277
[1-2].wasm.swam.txt,[34-5].wasm.swam.txt,1505297
[1-2].wasm.swam.txt,[7-1][8-1][9-1][10-1][11-5].wasm.swam.txt,1895612
[1-2].wasm.swam.txt,[34-9].wasm.swam.txt,2229248
[1-2].wasm.swam.txt,[34-3].wasm.swam.txt,2351030
[1-10].wasm.swam.txt,[34-10].wasm.swam.txt,2332130
[1-2].wasm.swam.txt,[7-1][8-1][10-1][11-5].wasm.swam.txt,0
[1-2].wasm.swam.txt,[7-1][8-1][9-1][10-1][11-2].wasm.swam.txt,398973
[1-2].wasm.swam.txt,[1-4].wasm.swam.txt,370571
[1-10].wasm.swam.txt,[34-11].wasm.swam.txt,0
[1-10].wasm.swam.txt,[34-13].wasm.swam.txt,0
[1-10].wasm.swam.txt,[12-6].wasm.swam.txt,5445
[1-10].wasm.swam.txt,[34-17].wasm.swam.txt,0
[1-10].wasm.swam.txt,[10-1][11-5].wasm.swam.txt,477006
[1-2].wasm.swam.txt,[34-19].wasm.swam.txt,0
[1-2].wasm.swam.txt,[12-2].wasm.swam.txt,0
[1-4].wasm.swam.txt,[7-1][8-1][10-1][11-2].wasm.swam.txt,2141903
[1-4].wasm.swam.txt,[12-10].wasm.swam.txt,2385258
[1-4].wasm.swam.txt,[11-2].wasm.swam.txt,2244939
[1-2].wasm.swam.txt,[11-2].wasm.swam.txt,2219070
[1-4].wasm.swam.txt,[12-2].wasm.swam.txt,2077379
[1-4].wasm.swam.txt,[1-9].wasm.swam.txt,61862
[1-2].wasm.swam.txt,[34-11].wasm.swam.txt,0
[1-9].wasm.swam.txt,[34-11].wasm.swam.txt,53570
[1-4].wasm.swam.txt,[34-11].wasm.swam.txt,80435
[1-2].wasm.swam.txt,[34-13].wasm.swam.txt,0
[1-2].wasm.swam.txt,[7-1][8-1][9-1][10-1][11-4].wasm.swam.txt,0
[1-2].wasm.swam.txt,[10-1][11-4].wasm.swam.txt,0
[1-2].wasm.swam.txt,[34-17].wasm.swam.txt,0
[1-2].wasm.swam.txt,[12-6].wasm.swam.txt,0
[1-2].wasm.swam.txt,[34-10].wasm.swam.txt,939
[1-4].wasm.swam.txt,[10-1][11-5].wasm.swam.txt,168197
[1-4].wasm.swam.txt,[34-9].wasm.swam.txt,108513
[1-9].wasm.swam.txt,[34-9].wasm.swam.txt,115378
[10-1][11-2].wasm.swam.txt,[34-11].wasm.swam.txt,306256
[1-9].wasm.swam.txt,[34-13].wasm.swam.txt,99799
[1-4].wasm.swam.txt,[34-13].wasm.swam.txt,99792
[1-4].wasm.swam.txt,[34-17].wasm.swam.txt,
[1-9].wasm.swam.txt,[34-17].wasm.swam.txt,139757
[1-9].wasm.swam.txt,[34-19].wasm.swam.txt,30985
[10-1][11-2].wasm.swam.txt,[10-1][11-4].wasm.swam.txt,172831
[1-4].wasm.swam.txt,[34-19].wasm.swam.txt,4090
[1-4].wasm.swam.txt,[34-3].wasm.swam.txt,3429
[1-9].wasm.swam.txt,[34-3].wasm.swam.txt,9053
[1-4].wasm.swam.txt,[12-6].wasm.swam.txt,34083
[1-4].wasm.swam.txt,[34-5].wasm.swam.txt,46677
[1-9].wasm.swam.txt,[34-5].wasm.swam.txt,53290
[1-4].wasm.swam.txt,[34-10].wasm.swam.txt,54369
[1-9].wasm.swam.txt,[34-10].wasm.swam.txt,55186
[10-1][11-2].wasm.swam.txt,[10-1][11-5].wasm.swam.txt,37
[1-9].wasm.swam.txt,[12-6].wasm.swam.txt,42693
[1-9].wasm.swam.txt,[12-10].wasm.swam.txt,0
[1-9].wasm.swam.txt,[12-2].wasm.swam.txt,129699
[10-1][11-4].wasm.swam.txt,[10-1][11-5].wasm.swam.txt,109358
[10-1][11-2].wasm.swam.txt,[7-1][8-1][9-1][10-1][11-2].wasm.swam.txt,299056
[1-9].wasm.swam.txt,[11-2].wasm.swam.txt,240366
[10-1][11-2].wasm.swam.txt,[7-1][8-1].wasm.swam.txt,363970
[10-1][11-2].wasm.swam.txt,[7-1][8-1][9-1].wasm.swam.txt,363724
[10-1][11-2].wasm.swam.txt,[7-1][8-1][10-1][11-2].wasm.swam.txt,363725
[10-1][11-2].wasm.swam.txt,[7-1][8-1][9-1][10-1][11-4].wasm.swam.txt,364018
[10-1][11-2].wasm.swam.txt,[7-1][8-1][10-1][11-5].wasm.swam.txt,300216
[10-1][11-2].wasm.swam.txt,[7-1][8-1][9-1][10-1][11-5].wasm.swam.txt,272104
[10-1][11-2].wasm.swam.txt,[7-1][8-1][10-1][11-4].wasm.swam.txt,374558
[10-1][11-4].wasm.swam.txt,[7-1][8-1].wasm.swam.txt,411482
[10-1][11-5].wasm.swam.txt,[7-1][8-1][9-1][10-1][11-4].wasm.swam.txt,411163
[10-1][11-4].wasm.swam.txt,[7-1][8-1][9-1][10-1][11-2].wasm.swam.txt,412422
[10-1][11-4].wasm.swam.txt,[7-1][8-1][9-1][10-1][11-5].wasm.swam.txt,218718
[10-1][11-4].wasm.swam.txt,[7-1][8-1][9-1].wasm.swam.txt,400654
[10-1][11-5].wasm.swam.txt,[7-1][8-1][9-1].wasm.swam.txt,129054
[10-1][11-5].wasm.swam.txt,[7-1][8-1][10-1][11-4].wasm.swam.txt,2249
[10-1][11-5].wasm.swam.txt,[7-1][8-1][9-1][10-1][11-2].wasm.swam.txt,39860
[10-1][11-5].wasm.swam.txt,[7-1][8-1][10-1][11-5].wasm.swam.txt,151348
[10-1][11-5].wasm.swam.txt,[7-1][8-1][9-1][10-1][11-5].wasm.swam.txt,1616
[10-1][11-4].wasm.swam.txt,[7-1][8-1][10-1][11-4].wasm.swam.txt,268266
[10-1][11-5].wasm.swam.txt,[7-1][8-1].wasm.swam.txt,492731
[10-1][11-4].wasm.swam.txt,[7-1][8-1][10-1][11-5].wasm.swam.txt,323909
[10-1][11-5].wasm.swam.txt,[7-1][8-1][10-1][11-2].wasm.swam.txt,385720
[10-1][11-4].wasm.swam.txt,[12-2].wasm.swam.txt,2
[12-10].wasm.swam.txt,[12-6].wasm.swam.txt,468042
[10-1][11-2].wasm.swam.txt,[34-9].wasm.swam.txt,469391
[11-2].wasm.swam.txt,[34-11].wasm.swam.txt,469731
[11-2].wasm.swam.txt,[12-10].wasm.swam.txt,531185
[11-2].wasm.swam.txt,[34-13].wasm.swam.txt,503062
[11-2].wasm.swam.txt,[34-10].wasm.swam.txt,584546
[11-2].wasm.swam.txt,[12-6].wasm.swam.txt,589489
[12-10].wasm.swam.txt,[34-17].wasm.swam.txt,300150
[12-10].wasm.swam.txt,[12-2].wasm.swam.txt,252038
[12-10].wasm.swam.txt,[34-11].wasm.swam.txt,370485
[11-2].wasm.swam.txt,[12-2].wasm.swam.txt,74284
[12-10].wasm.swam.txt,[34-3].wasm.swam.txt,67887
[11-2].wasm.swam.txt,[34-17].wasm.swam.txt,206644
[12-10].wasm.swam.txt,[34-10].wasm.swam.txt,340919
[12-10].wasm.swam.txt,[34-5].wasm.swam.txt,342992
[12-10].wasm.swam.txt,[34-19].wasm.swam.txt,546612
[11-2].wasm.swam.txt,[34-3].wasm.swam.txt,418691
[12-10].wasm.swam.txt,[34-9].wasm.swam.txt,528835
[11-2].wasm.swam.txt,[34-5].wasm.swam.txt,634960
[11-2].wasm.swam.txt,[34-9].wasm.swam.txt,765567
[12-10].wasm.swam.txt,[34-13].wasm.swam.txt,1622310
[10-1][11-4].wasm.swam.txt,[7-1][8-1][9-1][10-1][11-4].wasm.swam.txt,940286
[11-2].wasm.swam.txt,[34-19].wasm.swam.txt,583122
[10-1][11-2].wasm.swam.txt,[34-17].wasm.swam.txt,2968988
[12-2].wasm.swam.txt,[12-6].wasm.swam.txt,164076
[12-2].wasm.swam.txt,[34-10].wasm.swam.txt,246627
[12-2].wasm.swam.txt,[34-11].wasm.swam.txt,250735
[12-2].wasm.swam.txt,[34-3].wasm.swam.txt,293694
[12-2].wasm.swam.txt,[34-19].wasm.swam.txt,322825
[12-2].wasm.swam.txt,[34-13].wasm.swam.txt,284001
[12-2].wasm.swam.txt,[34-5].wasm.swam.txt,87473
[12-2].wasm.swam.txt,[34-9].wasm.swam.txt,344632
[12-2].wasm.swam.txt,[34-17].wasm.swam.txt,633307
[10-1][11-4].wasm.swam.txt,[7-1][8-1][10-1][11-2].wasm.swam.txt,1698743
[12-6].wasm.swam.txt,[34-11].wasm.swam.txt,662854
[12-6].wasm.swam.txt,[34-13].wasm.swam.txt,218484
[12-6].wasm.swam.txt,[34-10].wasm.swam.txt,275969
[12-6].wasm.swam.txt,[34-5].wasm.swam.txt,318910
[12-6].wasm.swam.txt,[34-17].wasm.swam.txt,351775
[12-6].wasm.swam.txt,[34-3].wasm.swam.txt,351308
[12-6].wasm.swam.txt,[34-9].wasm.swam.txt,566281
[12-6].wasm.swam.txt,[34-19].wasm.swam.txt,301813
[10-1][11-4].wasm.swam.txt,[34-10].wasm.swam.txt,800814
[10-1][11-2].wasm.swam.txt,[34-13].wasm.swam.txt,970799
[34-10].wasm.swam.txt,[34-13].wasm.swam.txt,162305
[34-10].wasm.swam.txt,[34-11].wasm.swam.txt,173864
[34-10].wasm.swam.txt,[34-17].wasm.swam.txt,138868
[34-10].wasm.swam.txt,[34-3].wasm.swam.txt,30515
[34-10].wasm.swam.txt,[34-5].wasm.swam.txt,88648
[34-10].wasm.swam.txt,[34-19].wasm.swam.txt,204882
[34-10].wasm.swam.txt,[34-9].wasm.swam.txt,180695
[10-1][11-2].wasm.swam.txt,[34-3].wasm.swam.txt,2704132
[10-1][11-2].wasm.swam.txt,[34-5].wasm.swam.txt,1682548
[1-2].wasm.swam.txt,[10-1][11-2].wasm.swam.txt,1682548
[1-2].wasm.swam.txt,[10-1][11-5].wasm.swam.txt,3336534
[10-1][11-4].wasm.swam.txt,[12-6].wasm.swam.txt,3212667
[1-10].wasm.swam.txt,[7-1][8-1].wasm.swam.txt,3280669
[1-2].wasm.swam.txt,[7-1][8-1][10-1][11-2].wasm.swam.txt,3361274
[10-1][11-4].wasm.swam.txt,[34-13].wasm.swam.txt,3359217
[1-2].wasm.swam.txt,[7-1][8-1][10-1][11-4].wasm.swam.txt,3360036
[1-2].wasm.swam.txt,[7-1][8-1][9-1].wasm.swam.txt,3395528
[1-10].wasm.swam.txt,[7-1][8-1][10-1][11-5].wasm.swam.txt,1364219
[1-10].wasm.swam.txt,[10-1][11-4].wasm.swam.txt,3341329
[1-4].wasm.swam.txt,[7-1][8-1][9-1].wasm.swam.txt,1724757
[34-11].wasm.swam.txt,[34-17].wasm.swam.txt,1184024
[34-11].wasm.swam.txt,[34-13].wasm.swam.txt,1184296
[1-10].wasm.swam.txt,[7-1][8-1][10-1][11-2].wasm.swam.txt,86064
[1-10].wasm.swam.txt,[7-1][8-1][9-1].wasm.swam.txt,146262
[1-10].wasm.swam.txt,[7-1][8-1][9-1][10-1][11-4].wasm.swam.txt,2331004
[34-11].wasm.swam.txt,[34-5].wasm.swam.txt,2352969
[34-11].wasm.swam.txt,[34-3].wasm.swam.txt,2486990
[1-10].wasm.swam.txt,[7-1][8-1][9-1][10-1][11-2].wasm.swam.txt,1839621
[34-11].wasm.swam.txt,[34-9].wasm.swam.txt,2326583
[34-11].wasm.swam.txt,[34-19].wasm.swam.txt,2891603
[1-10].wasm.swam.txt,[7-1][8-1][9-1][10-1][11-5].wasm.swam.txt,3580514
[1-10].wasm.swam.txt,[7-1][8-1][10-1][11-4].wasm.swam.txt,3580514
[34-13].wasm.swam.txt,[34-19].wasm.swam.txt,77399
[34-13].wasm.swam.txt,[34-3].wasm.swam.txt,112657
[34-13].wasm.swam.txt,[34-9].wasm.swam.txt,2116349
[34-13].wasm.swam.txt,[34-17].wasm.swam.txt,2321637
[34-13].wasm.swam.txt,[34-5].wasm.swam.txt,2632834
[10-1][11-5].wasm.swam.txt,[34-5].wasm.swam.txt,3100872
[10-1][11-2].wasm.swam.txt,[12-6].wasm.swam.txt,937743
[1-9].wasm.swam.txt,[7-1][8-1][9-1][10-1][11-4].wasm.swam.txt,3162051
[10-1][11-4].wasm.swam.txt,[11-2].wasm.swam.txt,3704172
[1-4].wasm.swam.txt,[7-1][8-1][10-1][11-4].wasm.swam.txt,1410818
[1-9].wasm.swam.txt,[7-1][8-1][9-1].wasm.swam.txt,640311
[10-1][11-2].wasm.swam.txt,[34-19].wasm.swam.txt,688064
[1-9].wasm.swam.txt,[7-1][8-1].wasm.swam.txt,290476
[10-1][11-2].wasm.swam.txt,[12-2].wasm.swam.txt,2611537
[1-4].wasm.swam.txt,[7-1][8-1][9-1][10-1][11-4].wasm.swam.txt,2567332
[34-17].wasm.swam.txt,[34-19].wasm.swam.txt,3113809
[1-9].wasm.swam.txt,[10-1][11-5].wasm.swam.txt,3423287
[1-9].wasm.swam.txt,[10-1][11-2].wasm.swam.txt,3458029
[10-1][11-5].wasm.swam.txt,[12-6].wasm.swam.txt,3618339
[10-1][11-4].wasm.swam.txt,[34-19].wasm.swam.txt,3679778
[1-4].wasm.swam.txt,[10-1][11-4].wasm.swam.txt,3497938
[10-1][11-2].wasm.swam.txt,[11-2].wasm.swam.txt,
[1-9].wasm.swam.txt,[7-1][8-1][10-1][11-2].wasm.swam.txt,
[1-9].wasm.swam.txt,[7-1][8-1][9-1][10-1][11-2].wasm.swam.txt,2552500
[1-9].wasm.swam.txt,[7-1][8-1][10-1][11-5].wasm.swam.txt,2569439
[1-4].wasm.swam.txt,[7-1][8-1][9-1][10-1][11-5].wasm.swam.txt,3020341
[1-4].wasm.swam.txt,[7-1][8-1].wasm.swam.txt,3198539
[10-1][11-5].wasm.swam.txt,[34-9].wasm.swam.txt,3631360
[10-1][11-5].wasm.swam.txt,[12-2].wasm.swam.txt,3458524
[34-17].wasm.swam.txt,[34-5].wasm.swam.txt,3863874
[34-17].wasm.swam.txt,[34-9].wasm.swam.txt,3679210
[10-1][11-2].wasm.swam.txt,[34-10].wasm.swam.txt,3224369
[10-1][11-2].wasm.swam.txt,[12-10].wasm.swam.txt,3376024
[1-9].wasm.swam.txt,[7-1][8-1][10-1][11-4].wasm.swam.txt,3340044
[34-17].wasm.swam.txt,[34-3].wasm.swam.txt,3443497
[1-9].wasm.swam.txt,[10-1][11-4].wasm.swam.txt,3401768
[10-1][11-5].wasm.swam.txt,[34-11].wasm.swam.txt,3566623
[10-1][11-4].wasm.swam.txt,[34-5].wasm.swam.txt,3471180
[1-4].wasm.swam.txt,[7-1][8-1][10-1][11-5].wasm.swam.txt,3459318
[10-1][11-5].wasm.swam.txt,[34-19].wasm.swam.txt,3443260
[1-4].wasm.swam.txt,[7-1][8-1][9-1][10-1][11-2].wasm.swam.txt,3444369
[1-4].wasm.swam.txt,[10-1][11-2].wasm.swam.txt,389530
[10-1][11-4].wasm.swam.txt,[34-9].wasm.swam.txt,403220
[34-17].wasm.swam.txt,[7-1][8-1][9-1][10-1][11-5].wasm.swam.txt,383872
[10-1][11-5].wasm.swam.txt,[34-17].wasm.swam.txt,148939
[10-1][11-5].wasm.swam.txt,[34-10].wasm.swam.txt,522686
[34-19].wasm.swam.txt,[7-1][8-1].wasm.swam.txt,1048605
[34-19].wasm.swam.txt,[7-1][8-1][9-1][10-1][11-5].wasm.swam.txt,208635
[1-9].wasm.swam.txt,[7-1][8-1][9-1][10-1][11-5].wasm.swam.txt,403635
[34-3].wasm.swam.txt,[7-1][8-1].wasm.swam.txt,1237531
[10-1][11-4].wasm.swam.txt,[34-11].wasm.swam.txt,1082057
[34-19].wasm.swam.txt,[34-9].wasm.swam.txt,1532070
[34-19].wasm.swam.txt,[34-3].wasm.swam.txt,1472480
[34-3].wasm.swam.txt,[34-5].wasm.swam.txt,2981181
[10-1][11-5].wasm.swam.txt,[11-2].wasm.swam.txt,2530228
[34-5].wasm.swam.txt,[34-9].wasm.swam.txt,2787582
[10-1][11-4].wasm.swam.txt,[34-17].wasm.swam.txt,3138984
[10-1][11-5].wasm.swam.txt,[12-10].wasm.swam.txt,2221034
[10-1][11-5].wasm.swam.txt,[34-13].wasm.swam.txt,2955469
[34-3].wasm.swam.txt,[34-9].wasm.swam.txt,2941262
[34-19].wasm.swam.txt,[34-5].wasm.swam.txt,0
[10-1][11-4].wasm.swam.txt,[34-3].wasm.swam.txt,2263463
[7-1][8-1].wasm.swam.txt,[7-1][8-1][10-1][11-4].wasm.swam.txt,2706628
[10-1][11-5].wasm.swam.txt,[34-3].wasm.swam.txt,3253351
[10-1][11-4].wasm.swam.txt,[12-10].wasm.swam.txt,3549741
[11-2].wasm.swam.txt,[7-1][8-1][9-1][10-1][11-5].wasm.swam.txt,3549112
[11-2].wasm.swam.txt,[7-1][8-1][9-1][10-1][11-4].wasm.swam.txt,759630
[12-10].wasm.swam.txt,[7-1][8-1][10-1][11-4].wasm.swam.txt,3201537
[11-2].wasm.swam.txt,[7-1][8-1][10-1][11-4].wasm.swam.txt,2785181
[7-1][8-1].wasm.swam.txt,[7-1][8-1][9-1].wasm.swam.txt,2362306
[7-1][8-1].wasm.swam.txt,[7-1][8-1][9-1][10-1][11-2].wasm.swam.txt,2380013
[7-1][8-1].wasm.swam.txt,[7-1][8-1][9-1][10-1][11-4].wasm.swam.txt,1796642
[12-2].wasm.swam.txt,[7-1][8-1][9-1][10-1][11-2].wasm.swam.txt,1798390
[7-1][8-1].wasm.swam.txt,[7-1][8-1][10-1][11-5].wasm.swam.txt,2317855
[11-2].wasm.swam.txt,[7-1][8-1].wasm.swam.txt,2684280
[12-2].wasm.swam.txt,[7-1][8-1][9-1].wasm.swam.txt,1
[11-2].wasm.swam.txt,[7-1][8-1][9-1].wasm.swam.txt,1482064
[7-1][8-1][10-1][11-2].wasm.swam.txt,[7-1][8-1][9-1][10-1][11-2].wasm.swam.txt,934563
[12-10].wasm.swam.txt,[7-1][8-1][10-1][11-2].wasm.swam.txt,1120177
[7-1][8-1][10-1][11-2].wasm.swam.txt,[7-1][8-1][10-1][11-4].wasm.swam.txt,1309507
[7-1][8-1].wasm.swam.txt,[7-1][8-1][9-1][10-1][11-5].wasm.swam.txt,1106491
[11-2].wasm.swam.txt,[7-1][8-1][9-1][10-1][11-2].wasm.swam.txt,1106048
[7-1][8-1][10-1][11-4].wasm.swam.txt,[7-1][8-1][10-1][11-5].wasm.swam.txt,1009147
[7-1][8-1][10-1][11-2].wasm.swam.txt,[7-1][8-1][9-1][10-1][11-5].wasm.swam.txt,999576
[7-1][8-1][10-1][11-2].wasm.swam.txt,[7-1][8-1][9-1][10-1][11-4].wasm.swam.txt,995014
[7-1][8-1][10-1][11-4].wasm.swam.txt,[7-1][8-1][9-1].wasm.swam.txt,1016644
[12-2].wasm.swam.txt,[7-1][8-1][10-1][11-4].wasm.swam.txt,2640212
[12-10].wasm.swam.txt,[7-1][8-1][9-1][10-1][11-2].wasm.swam.txt,3100600
[12-2].wasm.swam.txt,[7-1][8-1][9-1][10-1][11-5].wasm.swam.txt,3086954
[7-1][8-1][10-1][11-5].wasm.swam.txt,[7-1][8-1][9-1][10-1][11-5].wasm.swam.txt,1420227
[12-2].wasm.swam.txt,[7-1][8-1][10-1][11-5].wasm.swam.txt,1642392
[7-1][8-1][9-1].wasm.swam.txt,[7-1][8-1][9-1][10-1][11-2].wasm.swam.txt,1613165
[7-1][8-1][9-1].wasm.swam.txt,[7-1][8-1][9-1][10-1][11-5].wasm.swam.txt,2110647
[7-1][8-1][9-1].wasm.swam.txt,[7-1][8-1][9-1][10-1][11-4].wasm.swam.txt,2012576
[7-1][8-1][10-1][11-4].wasm.swam.txt,[7-1][8-1][9-1][10-1][11-4].wasm.swam.txt,2048148
[7-1][8-1][9-1][10-1][11-2].wasm.swam.txt,[7-1][8-1][9-1][10-1][11-4].wasm.swam.txt,2524294
[7-1][8-1][10-1][11-2].wasm.swam.txt,[7-1][8-1][9-1].wasm.swam.txt,1045141
[12-10].wasm.swam.txt,[7-1][8-1][10-1][11-5].wasm.swam.txt,2340439
[7-1][8-1][10-1][11-4].wasm.swam.txt,[7-1][8-1][9-1][10-1][11-5].wasm.swam.txt,875303
[12-6].wasm.swam.txt,[7-1][8-1][10-1][11-5].wasm.swam.txt,1160370
[7-1][8-1][10-1][11-5].wasm.swam.txt,[7-1][8-1][9-1][10-1][11-2].wasm.swam.txt,894989
[7-1][8-1][10-1][11-5].wasm.swam.txt,[7-1][8-1][9-1][10-1][11-4].wasm.swam.txt,742179
[7-1][8-1][10-1][11-5].wasm.swam.txt,[7-1][8-1][9-1].wasm.swam.txt,985725
[12-2].wasm.swam.txt,[7-1][8-1][10-1][11-2].wasm.swam.txt,592997
[12-2].wasm.swam.txt,[7-1][8-1][9-1][10-1][11-4].wasm.swam.txt,1017301
[12-10].wasm.swam.txt,[7-1][8-1].wasm.swam.txt,2870461
[11-2].wasm.swam.txt,[7-1][8-1][10-1][11-5].wasm.swam.txt,2906343
[12-2].wasm.swam.txt,[7-1][8-1].wasm.swam.txt,2925567
[12-6].wasm.swam.txt,[7-1][8-1][10-1][11-2].wasm.swam.txt,3066662
[12-10].wasm.swam.txt,[7-1][8-1][9-1].wasm.swam.txt,3066662
[7-1][8-1][9-1][10-1][11-2].wasm.swam.txt,[7-1][8-1][9-1][10-1][11-5].wasm.swam.txt,2986810
[7-1][8-1][9-1][10-1][11-4].wasm.swam.txt,[7-1][8-1][9-1][10-1][11-5].wasm.swam.txt,3483228
[12-10].wasm.swam.txt,[7-1][8-1][9-1][10-1][11-5].wasm.swam.txt,3483228
[12-10].wasm.swam.txt,[7-1][8-1][9-1][10-1][11-4].wasm.swam.txt,4033263
[11-2].wasm.swam.txt,[7-1][8-1][10-1][11-2].wasm.swam.txt,4033263
[12-6].wasm.swam.txt,[7-1][8-1][9-1][10-1][11-4].wasm.swam.txt,3408553
[12-6].wasm.swam.txt,[7-1][8-1].wasm.swam.txt,3081140
[12-6].wasm.swam.txt,[7-1][8-1][10-1][11-4].wasm.swam.txt,2213556
[7-1][8-1][10-1][11-4].wasm.swam.txt,[7-1][8-1][9-1][10-1][11-2].wasm.swam.txt,2878377
[34-5].wasm.swam.txt,[7-1][8-1][9-1].wasm.swam.txt,2883964
[12-6].wasm.swam.txt,[7-1][8-1][9-1][10-1][11-5].wasm.swam.txt,2050582
[7-1][8-1][10-1][11-2].wasm.swam.txt,[7-1][8-1][10-1][11-5].wasm.swam.txt,2734054
[34-5].wasm.swam.txt,[7-1][8-1][9-1][10-1][11-5].wasm.swam.txt,2738591
[34-5].wasm.swam.txt,[7-1][8-1][10-1][11-4].wasm.swam.txt,3575247
[7-1][8-1].wasm.swam.txt,[7-1][8-1][10-1][11-2].wasm.swam.txt,3510347
[12-6].wasm.swam.txt,[7-1][8-1][9-1][10-1][11-2].wasm.swam.txt,3453085
[12-6].wasm.swam.txt,[7-1][8-1][9-1].wasm.swam.txt,3457088
[34-10].wasm.swam.txt,[7-1][8-1][10-1][11-5].wasm.swam.txt,3526478
[34-10].wasm.swam.txt,[7-1][8-1][10-1][11-2].wasm.swam.txt,3533352
[34-10].wasm.swam.txt,[7-1][8-1].wasm.swam.txt,3505962
[34-10].wasm.swam.txt,[7-1][8-1][10-1][11-4].wasm.swam.txt,3519395
[34-10].wasm.swam.txt,[7-1][8-1][9-1][10-1][11-5].wasm.swam.txt,3508796
[34-10].wasm.swam.txt,[7-1][8-1][9-1].wasm.swam.txt,3515811
[34-10].wasm.swam.txt,[7-1][8-1][9-1][10-1][11-2].wasm.swam.txt,3513280
[34-11].wasm.swam.txt,[7-1][8-1][10-1][11-4].wasm.swam.txt,3497645
[34-10].wasm.swam.txt,[7-1][8-1][9-1][10-1][11-4].wasm.swam.txt,3497645
[34-11].wasm.swam.txt,[7-1][8-1].wasm.swam.txt,3513492
[34-11].wasm.swam.txt,[7-1][8-1][9-1][10-1][11-4].wasm.swam.txt,3510361
[34-13].wasm.swam.txt,[7-1][8-1][9-1][10-1][11-2].wasm.swam.txt,3506599
[34-11].wasm.swam.txt,[7-1][8-1][9-1].wasm.swam.txt,3523441
[34-11].wasm.swam.txt,[7-1][8-1][10-1][11-2].wasm.swam.txt,3513590
[34-11].wasm.swam.txt,[7-1][8-1][9-1][10-1][11-5].wasm.swam.txt,3515443
[34-11].wasm.swam.txt,[7-1][8-1][9-1][10-1][11-2].wasm.swam.txt,3524267
[34-13].wasm.swam.txt,[7-1][8-1].wasm.swam.txt,3482846
[34-9].wasm.swam.txt,[7-1][8-1][10-1][11-5].wasm.swam.txt,3482846
[34-11].wasm.swam.txt,[7-1][8-1][10-1][11-5].wasm.swam.txt,3511241
[34-13].wasm.swam.txt,[7-1][8-1][9-1].wasm.swam.txt,3502336
[34-13].wasm.swam.txt,[7-1][8-1][10-1][11-2].wasm.swam.txt,3518088
[34-13].wasm.swam.txt,[7-1][8-1][9-1][10-1][11-5].wasm.swam.txt,3498920
[34-13].wasm.swam.txt,[7-1][8-1][10-1][11-4].wasm.swam.txt,3508954
[34-17].wasm.swam.txt,[7-1][8-1][9-1][10-1][11-4].wasm.swam.txt,3514061
[34-13].wasm.swam.txt,[7-1][8-1][9-1][10-1][11-4].wasm.swam.txt,3502267
[34-13].wasm.swam.txt,[7-1][8-1][10-1][11-5].wasm.swam.txt,3502267
[34-19].wasm.swam.txt,[7-1][8-1][10-1][11-5].wasm.swam.txt,3506821
[34-19].wasm.swam.txt,[7-1][8-1][10-1][11-4].wasm.swam.txt,3576448
[34-17].wasm.swam.txt,[7-1][8-1][10-1][11-2].wasm.swam.txt,3503531
[34-17].wasm.swam.txt,[7-1][8-1][9-1].wasm.swam.txt,3569443
[34-19].wasm.swam.txt,[7-1][8-1][9-1][10-1][11-4].wasm.swam.txt,3542277
[34-17].wasm.swam.txt,[7-1][8-1][9-1][10-1][11-2].wasm.swam.txt,3514588
[34-9].wasm.swam.txt,[7-1][8-1][10-1][11-4].wasm.swam.txt,3512141
[34-19].wasm.swam.txt,[7-1][8-1][10-1][11-2].wasm.swam.txt,3588860
[34-9].wasm.swam.txt,[7-1][8-1].wasm.swam.txt,3482721
[34-3].wasm.swam.txt,[7-1][8-1][9-1].wasm.swam.txt,3484791
[34-19].wasm.swam.txt,[7-1][8-1][9-1][10-1][11-2].wasm.swam.txt,3453999
[34-3].wasm.swam.txt,[7-1][8-1][10-1][11-4].wasm.swam.txt,3536842
[34-17].wasm.swam.txt,[7-1][8-1].wasm.swam.txt,3517460
[34-17].wasm.swam.txt,[7-1][8-1][10-1][11-5].wasm.swam.txt,3526747
[34-17].wasm.swam.txt,[7-1][8-1][10-1][11-4].wasm.swam.txt,3526747
[34-9].wasm.swam.txt,[7-1][8-1][9-1].wasm.swam.txt,3526747
[34-3].wasm.swam.txt,[7-1][8-1][9-1][10-1][11-4].wasm.swam.txt,3526747
[34-5].wasm.swam.txt,[7-1][8-1][10-1][11-2].wasm.swam.txt,3526747
[34-19].wasm.swam.txt,[7-1][8-1][9-1].wasm.swam.txt,3509675
[34-5].wasm.swam.txt,[7-1][8-1][10-1][11-5].wasm.swam.txt,3509675
[34-9].wasm.swam.txt,[7-1][8-1][9-1][10-1][11-5].wasm.swam.txt,3541660
[34-9].wasm.swam.txt,[7-1][8-1][10-1][11-2].wasm.swam.txt,3566251
[34-3].wasm.swam.txt,[7-1][8-1][10-1][11-5].wasm.swam.txt,3514580
[34-5].wasm.swam.txt,[7-1][8-1].wasm.swam.txt,3515036
[34-3].wasm.swam.txt,[7-1][8-1][9-1][10-1][11-5].wasm.swam.txt,3470918
[34-5].wasm.swam.txt,[7-1][8-1][9-1][10-1][11-4].wasm.swam.txt,3511527
[34-9].wasm.swam.txt,[7-1][8-1][9-1][10-1][11-4].wasm.swam.txt,3516063
[34-9].wasm.swam.txt,[7-1][8-1][9-1][10-1][11-2].wasm.swam.txt,3529494
[34-3].wasm.swam.txt,[7-1][8-1][10-1][11-2].wasm.swam.txt,3567401
[34-5].wasm.swam.txt,[7-1][8-1][9-1][10-1][11-2].wasm.swam.txt,3565357
[34-3].wasm.swam.txt,[7-1][8-1][9-1][10-1][11-2].wasm.swam.txt,3510363
