name, hash
all5/100_doors/100_doors.wasm,0339c23fd4d7f8dbfa933d3d7f3657fb
all5/100_doors/100_doors.wasm.~1~,0339c23fd4d7f8dbfa933d3d7f3657fb
all5/100_doors/100_doors.wasm.~2~,dbfbcfbbd746bb11f904ff8d4ad82232
all5/100_doors/[0-1].wasm,dbfbcfbbd746bb11f904ff8d4ad82232
all5/100_doors/[0-1].wasm.~1~,251d6bf1bbfc8db5c8014f836ebe04a1
all5/100_doors/[0-1][1-1][3-1].wasm,1addefb13e99dc5fadfb3aa2cb5338a5
all5/100_doors/[0-1][3-1].wasm,683752040e7ee8f55b98b19a361206d9
all5/100_doors/[0-1][3-1][6-1].wasm,683752040e7ee8f55b98b19a361206d9
all5/100_doors/[0-1][6-1].wasm,30a2fd2a5984e95fabd519ca8a35741d
all5/100_doors/[1-1].wasm,dd8203dd5d11475baf9e5f820971f6be
all5/100_doors/[1-1][2-1].wasm,dd8203dd5d11475baf9e5f820971f6be
all5/100_doors/[1-1][2-1][3-1].wasm,4317cb67af2be305314eefc53be78721
all5/100_doors/[1-1][2-1][3-1][6-1].wasm,4317cb67af2be305314eefc53be78721
all5/100_doors/[1-1][2-1][6-1].wasm,5799dad3f8b4597bbad3dbd133ea043e
all5/100_doors/[1-1][3-1].wasm,4317cb67af2be305314eefc53be78721
all5/100_doors/[1-1][3-1][6-1].wasm,4317cb67af2be305314eefc53be78721
all5/100_doors/[1-1][6-1].wasm,5799dad3f8b4597bbad3dbd133ea043e
all5/100_doors/[2-1].wasm,dbfbcfbbd746bb11f904ff8d4ad82232
all5/100_doors/[2-1][3-1].wasm,683752040e7ee8f55b98b19a361206d9
all5/100_doors/[2-1][3-1][6-1].wasm,683752040e7ee8f55b98b19a361206d9
all5/100_doors/[2-1][6-1].wasm,30a2fd2a5984e95fabd519ca8a35741d
all5/100_doors/[3-1].wasm,683752040e7ee8f55b98b19a361206d9
all5/100_doors/[3-1][6-1].wasm,683752040e7ee8f55b98b19a361206d9
all5/100_doors/[6-1].wasm,30a2fd2a5984e95fabd519ca8a35741d
