name, hash
all5/A*_search_algorithm/A*_search_algorithm.wasm,d406dc0282e179cb4ee2d9c94eacef45
all5/A*_search_algorithm/A*_search_algorithm.wasm.~1~,d406dc0282e179cb4ee2d9c94eacef45
all5/A*_search_algorithm/A*_search_algorithm.wasm.~2~,0bb5924eb1881d1b7fe80062841a750b
all5/A*_search_algorithm/[17-1].wasm,77b4775c612533158763109f361b49b5
all5/A*_search_algorithm/[17-1][19-1][44-1].wasm,37b24156a3843902cd81da6c66bfa252
all5/A*_search_algorithm/[17-1][19-1][44-1][51-1].wasm,2e29b395d18f881d6a90bcab1f9b24cc
all5/A*_search_algorithm/[17-1][19-1][44-1][51-2].wasm,b6160235822fd5651b9603a5a5fed2cc
all5/A*_search_algorithm/[17-1][19-1][44-2].wasm,e26826d0518c0f33716954fb67ea70ae
all5/A*_search_algorithm/[17-1][19-1][44-2][51-1].wasm,4920268e9cb9e685e2353c5006d42710
all5/A*_search_algorithm/[17-1][19-1][44-2][51-2].wasm,bbb5343eea69964ca633cdf41de466e3
all5/A*_search_algorithm/[17-1][19-1][51-1].wasm,1a37cfe63049c3db907fb377b00e82f9
all5/A*_search_algorithm/[17-1][19-1][51-2].wasm,db4165491a60ea5a149ff06ad951d816
all5/A*_search_algorithm/[19-2].wasm,1079d9b7d0c588672633e84b3cbe45ae
all5/A*_search_algorithm/[19-2][44-1].wasm,933de0b6ebaea5d5aeceddb78c4aac39
all5/A*_search_algorithm/[19-2][44-1][51-1].wasm,29c5778dc09207a3ba698b1b750c10cd
all5/A*_search_algorithm/[19-2][44-1][51-2].wasm,7c62f7deff289b3386e29c25a11ea187
all5/A*_search_algorithm/[19-2][44-2].wasm,ad630e3be0b8b095025ec38458904599
all5/A*_search_algorithm/[19-2][44-2][51-1].wasm,1deef9ac303a6fb47c960f97c3cbf865
all5/A*_search_algorithm/[19-2][44-2][51-2].wasm,0f9289f9be4ecd2ea64e24c73e36fe7d
all5/A*_search_algorithm/[19-2][51-1].wasm,2bf54dd2b67b99d0a6b3bd7ba66438b8
all5/A*_search_algorithm/[19-2][51-2].wasm,c9ae5cf1974d752a4f34a96f3c39e0ca
all5/A*_search_algorithm/[44-1].wasm,0f9954592b68c70de3d60f705aabf58b
all5/A*_search_algorithm/[44-1][51-1].wasm,ac2810ee667a939fc02823e3a1df8439
all5/A*_search_algorithm/[44-1][51-2].wasm,8637e7628aaaff0b5d193ccf1e9a9ae7
all5/A*_search_algorithm/[44-2].wasm,4c0af08953d85ad321543d476d21fd3e
all5/A*_search_algorithm/[44-2][51-1].wasm,0fd77ee3680f6c679f54d660026002d3
all5/A*_search_algorithm/[44-2][51-2].wasm,b1f693fe9d4abfabe065eb953e4acf92
all5/A*_search_algorithm/[5-1].wasm,ab57fb07285b621ff5e7571aad72e2e4
all5/A*_search_algorithm/[5-1][6-1][7-1][8-1][51-2].wasm,cdb829febc8f6b196fe5a9582d53d827
