name, hash
all5/ABC_Problem/ABC_Problem.wasm,543578c634879a4e0b38f02cdd524a7c
all5/ABC_Problem/ABC_Problem.wasm.~1~,543578c634879a4e0b38f02cdd524a7c
all5/ABC_Problem/ABC_Problem.wasm.~2~,ee013b0e3101ee7a479e82c1ebf1e276
all5/ABC_Problem/[0-1].wasm,3db8e44938ff683d1a8917aa7c03f04b
all5/ABC_Problem/[3-1].wasm,ee013b0e3101ee7a479e82c1ebf1e276
all5/ABC_Problem/[3-1][4-1].wasm,ee013b0e3101ee7a479e82c1ebf1e276
all5/ABC_Problem/[3-1][4-1][5-1].wasm,ee013b0e3101ee7a479e82c1ebf1e276
all5/ABC_Problem/[3-1][5-1].wasm,ee013b0e3101ee7a479e82c1ebf1e276
all5/ABC_Problem/[4-1].wasm,ee013b0e3101ee7a479e82c1ebf1e276
all5/ABC_Problem/[4-1][5-1].wasm,ee013b0e3101ee7a479e82c1ebf1e276
all5/ABC_Problem/[5-1].wasm,ee013b0e3101ee7a479e82c1ebf1e276
