name, hash
all5/Anti-primes/Anti-primes.wasm,859e29daee7fd94d1c2e7e739e053d46
all5/Anti-primes/Anti-primes.wasm.~1~,b77f9fc317bad9e98644318dc005156b
all5/Anti-primes/Anti-primes.wasm.~2~,859e29daee7fd94d1c2e7e739e053d46
all5/Anti-primes/Anti-primes.wasm.~3~,b77f9fc317bad9e98644318dc005156b
all5/Anti-primes/[1-1].wasm,59b02277a7ce0a0510db51aecd64415b
all5/Anti-primes/[1-1][11-1].wasm,59b02277a7ce0a0510db51aecd64415b
all5/Anti-primes/[1-1][11-2].wasm,59b02277a7ce0a0510db51aecd64415b
all5/Anti-primes/[1-1][11-3].wasm,59b02277a7ce0a0510db51aecd64415b
all5/Anti-primes/[1-1][11-4].wasm,59b02277a7ce0a0510db51aecd64415b
all5/Anti-primes/[1-1][11-5].wasm,59b02277a7ce0a0510db51aecd64415b
all5/Anti-primes/[1-1][11-6].wasm,59b02277a7ce0a0510db51aecd64415b
all5/Anti-primes/[1-1][11-7].wasm,59b02277a7ce0a0510db51aecd64415b
all5/Anti-primes/[1-1][11-8].wasm,59b02277a7ce0a0510db51aecd64415b
all5/Anti-primes/[1-1][11-9].wasm,59b02277a7ce0a0510db51aecd64415b
all5/Anti-primes/[1-1][2-1].wasm,59b02277a7ce0a0510db51aecd64415b
all5/Anti-primes/[1-1][2-1][11-1].wasm,59b02277a7ce0a0510db51aecd64415b
all5/Anti-primes/[1-1][2-1][11-2].wasm,59b02277a7ce0a0510db51aecd64415b
all5/Anti-primes/[1-1][2-1][11-3].wasm,59b02277a7ce0a0510db51aecd64415b
all5/Anti-primes/[1-1][2-1][11-4].wasm,59b02277a7ce0a0510db51aecd64415b
all5/Anti-primes/[1-1][2-1][11-5].wasm,59b02277a7ce0a0510db51aecd64415b
all5/Anti-primes/[1-1][2-1][11-6].wasm,59b02277a7ce0a0510db51aecd64415b
all5/Anti-primes/[1-1][2-1][11-7].wasm,59b02277a7ce0a0510db51aecd64415b
all5/Anti-primes/[1-1][2-1][11-8].wasm,59b02277a7ce0a0510db51aecd64415b
all5/Anti-primes/[1-1][2-1][11-9].wasm,59b02277a7ce0a0510db51aecd64415b
all5/Anti-primes/[1-1][2-2].wasm,59b02277a7ce0a0510db51aecd64415b
all5/Anti-primes/[1-1][2-2][11-1].wasm,59b02277a7ce0a0510db51aecd64415b
all5/Anti-primes/[1-1][2-2][11-2].wasm,59b02277a7ce0a0510db51aecd64415b
all5/Anti-primes/[1-1][2-2][11-3].wasm,59b02277a7ce0a0510db51aecd64415b
all5/Anti-primes/[1-1][2-2][11-4].wasm,59b02277a7ce0a0510db51aecd64415b
all5/Anti-primes/[1-1][2-2][11-5].wasm,59b02277a7ce0a0510db51aecd64415b
all5/Anti-primes/[1-1][2-2][11-6].wasm,59b02277a7ce0a0510db51aecd64415b
all5/Anti-primes/[1-1][2-2][11-7].wasm,59b02277a7ce0a0510db51aecd64415b
all5/Anti-primes/[1-1][2-2][11-8].wasm,59b02277a7ce0a0510db51aecd64415b
all5/Anti-primes/[1-1][2-2][11-9].wasm,59b02277a7ce0a0510db51aecd64415b
all5/Anti-primes/[1-1][2-3].wasm,59b02277a7ce0a0510db51aecd64415b
all5/Anti-primes/[1-1][2-3][11-1].wasm,59b02277a7ce0a0510db51aecd64415b
all5/Anti-primes/[1-1][2-3][11-2].wasm,59b02277a7ce0a0510db51aecd64415b
all5/Anti-primes/[1-1][2-3][11-3].wasm,59b02277a7ce0a0510db51aecd64415b
all5/Anti-primes/[1-1][2-3][11-4].wasm,59b02277a7ce0a0510db51aecd64415b
all5/Anti-primes/[1-1][2-3][11-5].wasm,59b02277a7ce0a0510db51aecd64415b
all5/Anti-primes/[1-1][2-3][11-6].wasm,59b02277a7ce0a0510db51aecd64415b
all5/Anti-primes/[1-1][2-3][11-7].wasm,59b02277a7ce0a0510db51aecd64415b
all5/Anti-primes/[1-1][2-3][11-8].wasm,59b02277a7ce0a0510db51aecd64415b
all5/Anti-primes/[1-1][2-3][11-9].wasm,59b02277a7ce0a0510db51aecd64415b
all5/Anti-primes/[1-1][2-4].wasm,59b02277a7ce0a0510db51aecd64415b
all5/Anti-primes/[1-1][2-4][11-1].wasm,59b02277a7ce0a0510db51aecd64415b
all5/Anti-primes/[1-1][2-4][11-2].wasm,59b02277a7ce0a0510db51aecd64415b
all5/Anti-primes/[1-1][2-4][11-3].wasm,59b02277a7ce0a0510db51aecd64415b
all5/Anti-primes/[1-1][2-4][11-4].wasm,59b02277a7ce0a0510db51aecd64415b
all5/Anti-primes/[1-1][2-4][11-5].wasm,59b02277a7ce0a0510db51aecd64415b
all5/Anti-primes/[1-1][2-4][11-6].wasm,59b02277a7ce0a0510db51aecd64415b
all5/Anti-primes/[1-1][2-4][11-7].wasm,59b02277a7ce0a0510db51aecd64415b
all5/Anti-primes/[1-1][2-4][11-8].wasm,59b02277a7ce0a0510db51aecd64415b
all5/Anti-primes/[1-1][2-4][11-9].wasm,59b02277a7ce0a0510db51aecd64415b
all5/Anti-primes/[1-1][2-5].wasm,59b02277a7ce0a0510db51aecd64415b
all5/Anti-primes/[1-1][2-5][11-1].wasm,59b02277a7ce0a0510db51aecd64415b
all5/Anti-primes/[1-1][2-5][11-2].wasm,59b02277a7ce0a0510db51aecd64415b
all5/Anti-primes/[1-1][2-5][11-3].wasm,59b02277a7ce0a0510db51aecd64415b
all5/Anti-primes/[1-1][2-5][11-4].wasm,59b02277a7ce0a0510db51aecd64415b
all5/Anti-primes/[1-1][2-5][11-5].wasm,59b02277a7ce0a0510db51aecd64415b
all5/Anti-primes/[1-1][2-5][11-6].wasm,59b02277a7ce0a0510db51aecd64415b
all5/Anti-primes/[1-1][2-5][11-7].wasm,59b02277a7ce0a0510db51aecd64415b
all5/Anti-primes/[1-1][2-5][11-8].wasm,59b02277a7ce0a0510db51aecd64415b
all5/Anti-primes/[1-1][2-5][11-9].wasm,59b02277a7ce0a0510db51aecd64415b
all5/Anti-primes/[1-1][2-6].wasm,59b02277a7ce0a0510db51aecd64415b
all5/Anti-primes/[1-1][2-6][11-1].wasm,59b02277a7ce0a0510db51aecd64415b
all5/Anti-primes/[1-1][2-6][11-2].wasm,59b02277a7ce0a0510db51aecd64415b
all5/Anti-primes/[1-1][2-6][11-3].wasm,59b02277a7ce0a0510db51aecd64415b
all5/Anti-primes/[1-1][2-6][11-4].wasm,59b02277a7ce0a0510db51aecd64415b
all5/Anti-primes/[1-1][2-6][11-5].wasm,59b02277a7ce0a0510db51aecd64415b
all5/Anti-primes/[1-1][2-6][11-6].wasm,59b02277a7ce0a0510db51aecd64415b
all5/Anti-primes/[1-1][2-6][11-7].wasm,59b02277a7ce0a0510db51aecd64415b
all5/Anti-primes/[1-1][2-6][11-8].wasm,59b02277a7ce0a0510db51aecd64415b
all5/Anti-primes/[1-1][2-6][11-9].wasm,59b02277a7ce0a0510db51aecd64415b
all5/Anti-primes/[1-1][2-7].wasm,2b8ba5314ee1c48a99a233afbed54a63
all5/Anti-primes/[1-1][2-7][11-1].wasm,2b8ba5314ee1c48a99a233afbed54a63
all5/Anti-primes/[1-1][2-7][11-2].wasm,2b8ba5314ee1c48a99a233afbed54a63
all5/Anti-primes/[1-1][2-7][11-3].wasm,2b8ba5314ee1c48a99a233afbed54a63
all5/Anti-primes/[1-1][2-7][11-4].wasm,2b8ba5314ee1c48a99a233afbed54a63
all5/Anti-primes/[1-1][2-7][11-5].wasm,2b8ba5314ee1c48a99a233afbed54a63
all5/Anti-primes/[1-1][2-7][11-6].wasm,2b8ba5314ee1c48a99a233afbed54a63
all5/Anti-primes/[1-1][2-7][11-7].wasm,2b8ba5314ee1c48a99a233afbed54a63
all5/Anti-primes/[1-1][2-7][11-8].wasm,2b8ba5314ee1c48a99a233afbed54a63
all5/Anti-primes/[1-1][2-7][11-9].wasm,2b8ba5314ee1c48a99a233afbed54a63
all5/Anti-primes/[1-1][2-8].wasm,59b02277a7ce0a0510db51aecd64415b
all5/Anti-primes/[1-1][2-8][11-1].wasm,59b02277a7ce0a0510db51aecd64415b
all5/Anti-primes/[1-1][2-8][11-2].wasm,59b02277a7ce0a0510db51aecd64415b
all5/Anti-primes/[1-1][2-8][11-3].wasm,59b02277a7ce0a0510db51aecd64415b
all5/Anti-primes/[1-1][2-8][11-4].wasm,59b02277a7ce0a0510db51aecd64415b
all5/Anti-primes/[1-1][2-8][11-5].wasm,59b02277a7ce0a0510db51aecd64415b
all5/Anti-primes/[1-1][2-8][11-6].wasm,59b02277a7ce0a0510db51aecd64415b
all5/Anti-primes/[1-1][2-8][11-7].wasm,59b02277a7ce0a0510db51aecd64415b
all5/Anti-primes/[1-1][2-8][11-8].wasm,59b02277a7ce0a0510db51aecd64415b
all5/Anti-primes/[1-1][2-8][11-9].wasm,59b02277a7ce0a0510db51aecd64415b
all5/Anti-primes/[1-1][2-9].wasm,59b02277a7ce0a0510db51aecd64415b
all5/Anti-primes/[1-1][2-9][11-1].wasm,59b02277a7ce0a0510db51aecd64415b
all5/Anti-primes/[1-1][2-9][11-2].wasm,59b02277a7ce0a0510db51aecd64415b
all5/Anti-primes/[1-1][2-9][11-3].wasm,59b02277a7ce0a0510db51aecd64415b
all5/Anti-primes/[1-1][2-9][11-4].wasm,59b02277a7ce0a0510db51aecd64415b
all5/Anti-primes/[1-1][2-9][11-5].wasm,59b02277a7ce0a0510db51aecd64415b
all5/Anti-primes/[1-1][2-9][11-6].wasm,59b02277a7ce0a0510db51aecd64415b
all5/Anti-primes/[1-1][2-9][11-7].wasm,59b02277a7ce0a0510db51aecd64415b
all5/Anti-primes/[1-1][2-9][11-8].wasm,59b02277a7ce0a0510db51aecd64415b
all5/Anti-primes/[1-1][2-9][11-9].wasm,59b02277a7ce0a0510db51aecd64415b
all5/Anti-primes/[1-2].wasm,221abae2ee369a86ca653448d285797f
all5/Anti-primes/[1-2][11-1].wasm,221abae2ee369a86ca653448d285797f
all5/Anti-primes/[1-2][11-2].wasm,221abae2ee369a86ca653448d285797f
all5/Anti-primes/[1-2][11-3].wasm,221abae2ee369a86ca653448d285797f
all5/Anti-primes/[1-2][11-4].wasm,221abae2ee369a86ca653448d285797f
all5/Anti-primes/[1-2][11-5].wasm,221abae2ee369a86ca653448d285797f
all5/Anti-primes/[1-2][11-6].wasm,221abae2ee369a86ca653448d285797f
all5/Anti-primes/[1-2][11-7].wasm,221abae2ee369a86ca653448d285797f
all5/Anti-primes/[1-2][11-8].wasm,221abae2ee369a86ca653448d285797f
all5/Anti-primes/[1-2][11-9].wasm,221abae2ee369a86ca653448d285797f
all5/Anti-primes/[1-2][2-1].wasm,221abae2ee369a86ca653448d285797f
all5/Anti-primes/[1-2][2-1][11-1].wasm,221abae2ee369a86ca653448d285797f
all5/Anti-primes/[1-2][2-1][11-2].wasm,221abae2ee369a86ca653448d285797f
all5/Anti-primes/[1-2][2-1][11-3].wasm,221abae2ee369a86ca653448d285797f
all5/Anti-primes/[1-2][2-1][11-4].wasm,221abae2ee369a86ca653448d285797f
all5/Anti-primes/[1-2][2-1][11-5].wasm,221abae2ee369a86ca653448d285797f
all5/Anti-primes/[1-2][2-1][11-6].wasm,221abae2ee369a86ca653448d285797f
all5/Anti-primes/[1-2][2-1][11-7].wasm,221abae2ee369a86ca653448d285797f
all5/Anti-primes/[1-2][2-1][11-8].wasm,221abae2ee369a86ca653448d285797f
all5/Anti-primes/[1-2][2-1][11-9].wasm,221abae2ee369a86ca653448d285797f
all5/Anti-primes/[1-2][2-2].wasm,221abae2ee369a86ca653448d285797f
all5/Anti-primes/[1-2][2-2][11-1].wasm,221abae2ee369a86ca653448d285797f
all5/Anti-primes/[1-2][2-2][11-2].wasm,221abae2ee369a86ca653448d285797f
all5/Anti-primes/[1-2][2-2][11-3].wasm,221abae2ee369a86ca653448d285797f
all5/Anti-primes/[1-2][2-2][11-4].wasm,221abae2ee369a86ca653448d285797f
all5/Anti-primes/[1-2][2-2][11-5].wasm,221abae2ee369a86ca653448d285797f
all5/Anti-primes/[1-2][2-2][11-6].wasm,221abae2ee369a86ca653448d285797f
all5/Anti-primes/[1-2][2-2][11-7].wasm,221abae2ee369a86ca653448d285797f
all5/Anti-primes/[1-2][2-2][11-8].wasm,221abae2ee369a86ca653448d285797f
all5/Anti-primes/[1-2][2-2][11-9].wasm,221abae2ee369a86ca653448d285797f
all5/Anti-primes/[1-2][2-3].wasm,221abae2ee369a86ca653448d285797f
all5/Anti-primes/[1-2][2-3][11-1].wasm,221abae2ee369a86ca653448d285797f
all5/Anti-primes/[1-2][2-3][11-2].wasm,221abae2ee369a86ca653448d285797f
all5/Anti-primes/[1-2][2-3][11-3].wasm,221abae2ee369a86ca653448d285797f
all5/Anti-primes/[1-2][2-3][11-4].wasm,221abae2ee369a86ca653448d285797f
all5/Anti-primes/[1-2][2-3][11-5].wasm,221abae2ee369a86ca653448d285797f
all5/Anti-primes/[1-2][2-3][11-6].wasm,221abae2ee369a86ca653448d285797f
all5/Anti-primes/[1-2][2-3][11-7].wasm,221abae2ee369a86ca653448d285797f
all5/Anti-primes/[1-2][2-3][11-8].wasm,221abae2ee369a86ca653448d285797f
all5/Anti-primes/[1-2][2-3][11-9].wasm,221abae2ee369a86ca653448d285797f
all5/Anti-primes/[1-2][2-4].wasm,221abae2ee369a86ca653448d285797f
all5/Anti-primes/[1-2][2-4][11-1].wasm,221abae2ee369a86ca653448d285797f
all5/Anti-primes/[1-2][2-4][11-2].wasm,221abae2ee369a86ca653448d285797f
all5/Anti-primes/[1-2][2-4][11-3].wasm,221abae2ee369a86ca653448d285797f
all5/Anti-primes/[1-2][2-4][11-4].wasm,221abae2ee369a86ca653448d285797f
all5/Anti-primes/[1-2][2-4][11-5].wasm,221abae2ee369a86ca653448d285797f
all5/Anti-primes/[1-2][2-4][11-6].wasm,221abae2ee369a86ca653448d285797f
all5/Anti-primes/[1-2][2-4][11-7].wasm,221abae2ee369a86ca653448d285797f
all5/Anti-primes/[1-2][2-4][11-8].wasm,221abae2ee369a86ca653448d285797f
all5/Anti-primes/[1-2][2-4][11-9].wasm,221abae2ee369a86ca653448d285797f
all5/Anti-primes/[1-2][2-5].wasm,221abae2ee369a86ca653448d285797f
all5/Anti-primes/[1-2][2-5][11-1].wasm,221abae2ee369a86ca653448d285797f
all5/Anti-primes/[1-2][2-5][11-2].wasm,221abae2ee369a86ca653448d285797f
all5/Anti-primes/[1-2][2-5][11-3].wasm,221abae2ee369a86ca653448d285797f
all5/Anti-primes/[1-2][2-5][11-4].wasm,221abae2ee369a86ca653448d285797f
all5/Anti-primes/[1-2][2-5][11-5].wasm,221abae2ee369a86ca653448d285797f
all5/Anti-primes/[1-2][2-5][11-6].wasm,221abae2ee369a86ca653448d285797f
all5/Anti-primes/[1-2][2-5][11-7].wasm,221abae2ee369a86ca653448d285797f
all5/Anti-primes/[1-2][2-5][11-8].wasm,221abae2ee369a86ca653448d285797f
all5/Anti-primes/[1-2][2-5][11-9].wasm,221abae2ee369a86ca653448d285797f
all5/Anti-primes/[1-2][2-6].wasm,221abae2ee369a86ca653448d285797f
all5/Anti-primes/[1-2][2-6][11-1].wasm,221abae2ee369a86ca653448d285797f
all5/Anti-primes/[1-2][2-6][11-2].wasm,221abae2ee369a86ca653448d285797f
all5/Anti-primes/[1-2][2-6][11-3].wasm,221abae2ee369a86ca653448d285797f
all5/Anti-primes/[1-2][2-6][11-4].wasm,221abae2ee369a86ca653448d285797f
all5/Anti-primes/[1-2][2-6][11-5].wasm,221abae2ee369a86ca653448d285797f
all5/Anti-primes/[1-2][2-6][11-6].wasm,221abae2ee369a86ca653448d285797f
all5/Anti-primes/[1-2][2-6][11-7].wasm,221abae2ee369a86ca653448d285797f
all5/Anti-primes/[1-2][2-6][11-8].wasm,221abae2ee369a86ca653448d285797f
all5/Anti-primes/[1-2][2-6][11-9].wasm,221abae2ee369a86ca653448d285797f
all5/Anti-primes/[1-2][2-7].wasm,2b8ba5314ee1c48a99a233afbed54a63
all5/Anti-primes/[1-2][2-7][11-1].wasm,2b8ba5314ee1c48a99a233afbed54a63
all5/Anti-primes/[1-2][2-7][11-2].wasm,2b8ba5314ee1c48a99a233afbed54a63
all5/Anti-primes/[1-2][2-7][11-3].wasm,2b8ba5314ee1c48a99a233afbed54a63
all5/Anti-primes/[1-2][2-7][11-4].wasm,2b8ba5314ee1c48a99a233afbed54a63
all5/Anti-primes/[1-2][2-7][11-5].wasm,2b8ba5314ee1c48a99a233afbed54a63
all5/Anti-primes/[1-2][2-7][11-6].wasm,2b8ba5314ee1c48a99a233afbed54a63
all5/Anti-primes/[1-2][2-7][11-7].wasm,2b8ba5314ee1c48a99a233afbed54a63
all5/Anti-primes/[1-2][2-7][11-8].wasm,2b8ba5314ee1c48a99a233afbed54a63
all5/Anti-primes/[1-2][2-7][11-9].wasm,2b8ba5314ee1c48a99a233afbed54a63
all5/Anti-primes/[1-2][2-8].wasm,221abae2ee369a86ca653448d285797f
all5/Anti-primes/[1-2][2-8][11-1].wasm,221abae2ee369a86ca653448d285797f
all5/Anti-primes/[1-2][2-8][11-2].wasm,221abae2ee369a86ca653448d285797f
all5/Anti-primes/[1-2][2-8][11-3].wasm,221abae2ee369a86ca653448d285797f
all5/Anti-primes/[1-2][2-8][11-4].wasm,221abae2ee369a86ca653448d285797f
all5/Anti-primes/[1-2][2-8][11-5].wasm,221abae2ee369a86ca653448d285797f
all5/Anti-primes/[1-2][2-8][11-6].wasm,221abae2ee369a86ca653448d285797f
all5/Anti-primes/[1-2][2-8][11-7].wasm,221abae2ee369a86ca653448d285797f
all5/Anti-primes/[1-2][2-8][11-8].wasm,221abae2ee369a86ca653448d285797f
all5/Anti-primes/[1-2][2-8][11-9].wasm,221abae2ee369a86ca653448d285797f
all5/Anti-primes/[1-2][2-9].wasm,221abae2ee369a86ca653448d285797f
all5/Anti-primes/[1-2][2-9][11-1].wasm,221abae2ee369a86ca653448d285797f
all5/Anti-primes/[1-2][2-9][11-2].wasm,221abae2ee369a86ca653448d285797f
all5/Anti-primes/[1-2][2-9][11-3].wasm,221abae2ee369a86ca653448d285797f
all5/Anti-primes/[1-2][2-9][11-4].wasm,221abae2ee369a86ca653448d285797f
all5/Anti-primes/[1-2][2-9][11-5].wasm,221abae2ee369a86ca653448d285797f
all5/Anti-primes/[1-2][2-9][11-6].wasm,221abae2ee369a86ca653448d285797f
all5/Anti-primes/[1-2][2-9][11-7].wasm,221abae2ee369a86ca653448d285797f
all5/Anti-primes/[1-2][2-9][11-8].wasm,221abae2ee369a86ca653448d285797f
all5/Anti-primes/[1-2][2-9][11-9].wasm,221abae2ee369a86ca653448d285797f
all5/Anti-primes/[1-3].wasm,59b02277a7ce0a0510db51aecd64415b
all5/Anti-primes/[1-3][11-1].wasm,59b02277a7ce0a0510db51aecd64415b
all5/Anti-primes/[1-3][11-2].wasm,59b02277a7ce0a0510db51aecd64415b
all5/Anti-primes/[1-3][11-3].wasm,59b02277a7ce0a0510db51aecd64415b
all5/Anti-primes/[1-3][11-4].wasm,59b02277a7ce0a0510db51aecd64415b
all5/Anti-primes/[1-3][11-5].wasm,59b02277a7ce0a0510db51aecd64415b
all5/Anti-primes/[1-3][11-6].wasm,59b02277a7ce0a0510db51aecd64415b
all5/Anti-primes/[1-3][11-7].wasm,59b02277a7ce0a0510db51aecd64415b
all5/Anti-primes/[1-3][11-8].wasm,59b02277a7ce0a0510db51aecd64415b
all5/Anti-primes/[1-3][11-9].wasm,59b02277a7ce0a0510db51aecd64415b
all5/Anti-primes/[1-3][2-1].wasm,59b02277a7ce0a0510db51aecd64415b
all5/Anti-primes/[1-3][2-1][11-1].wasm,59b02277a7ce0a0510db51aecd64415b
all5/Anti-primes/[1-3][2-1][11-2].wasm,59b02277a7ce0a0510db51aecd64415b
all5/Anti-primes/[1-3][2-1][11-3].wasm,59b02277a7ce0a0510db51aecd64415b
all5/Anti-primes/[1-3][2-1][11-4].wasm,59b02277a7ce0a0510db51aecd64415b
all5/Anti-primes/[1-3][2-1][11-5].wasm,59b02277a7ce0a0510db51aecd64415b
all5/Anti-primes/[1-3][2-1][11-6].wasm,59b02277a7ce0a0510db51aecd64415b
all5/Anti-primes/[1-3][2-1][11-7].wasm,59b02277a7ce0a0510db51aecd64415b
all5/Anti-primes/[1-3][2-1][11-8].wasm,59b02277a7ce0a0510db51aecd64415b
all5/Anti-primes/[1-3][2-1][11-9].wasm,59b02277a7ce0a0510db51aecd64415b
all5/Anti-primes/[1-3][2-2].wasm,59b02277a7ce0a0510db51aecd64415b
all5/Anti-primes/[1-3][2-2][11-1].wasm,59b02277a7ce0a0510db51aecd64415b
all5/Anti-primes/[1-3][2-2][11-2].wasm,59b02277a7ce0a0510db51aecd64415b
all5/Anti-primes/[1-3][2-2][11-3].wasm,59b02277a7ce0a0510db51aecd64415b
all5/Anti-primes/[1-3][2-2][11-4].wasm,59b02277a7ce0a0510db51aecd64415b
all5/Anti-primes/[1-3][2-2][11-5].wasm,59b02277a7ce0a0510db51aecd64415b
all5/Anti-primes/[1-3][2-2][11-6].wasm,59b02277a7ce0a0510db51aecd64415b
all5/Anti-primes/[1-3][2-2][11-7].wasm,59b02277a7ce0a0510db51aecd64415b
all5/Anti-primes/[1-3][2-2][11-8].wasm,59b02277a7ce0a0510db51aecd64415b
all5/Anti-primes/[1-3][2-2][11-9].wasm,59b02277a7ce0a0510db51aecd64415b
all5/Anti-primes/[1-3][2-3].wasm,59b02277a7ce0a0510db51aecd64415b
all5/Anti-primes/[1-3][2-3][11-1].wasm,59b02277a7ce0a0510db51aecd64415b
all5/Anti-primes/[1-3][2-3][11-2].wasm,59b02277a7ce0a0510db51aecd64415b
all5/Anti-primes/[1-3][2-3][11-3].wasm,59b02277a7ce0a0510db51aecd64415b
all5/Anti-primes/[1-3][2-3][11-4].wasm,59b02277a7ce0a0510db51aecd64415b
all5/Anti-primes/[1-3][2-3][11-5].wasm,59b02277a7ce0a0510db51aecd64415b
all5/Anti-primes/[1-3][2-3][11-6].wasm,59b02277a7ce0a0510db51aecd64415b
all5/Anti-primes/[1-3][2-3][11-7].wasm,59b02277a7ce0a0510db51aecd64415b
all5/Anti-primes/[1-3][2-3][11-8].wasm,59b02277a7ce0a0510db51aecd64415b
all5/Anti-primes/[1-3][2-3][11-9].wasm,59b02277a7ce0a0510db51aecd64415b
all5/Anti-primes/[1-3][2-4].wasm,59b02277a7ce0a0510db51aecd64415b
all5/Anti-primes/[1-3][2-4][11-1].wasm,59b02277a7ce0a0510db51aecd64415b
all5/Anti-primes/[1-3][2-4][11-2].wasm,59b02277a7ce0a0510db51aecd64415b
all5/Anti-primes/[1-3][2-4][11-3].wasm,59b02277a7ce0a0510db51aecd64415b
all5/Anti-primes/[1-3][2-4][11-4].wasm,59b02277a7ce0a0510db51aecd64415b
all5/Anti-primes/[1-3][2-4][11-5].wasm,59b02277a7ce0a0510db51aecd64415b
all5/Anti-primes/[1-3][2-4][11-6].wasm,59b02277a7ce0a0510db51aecd64415b
all5/Anti-primes/[1-3][2-4][11-7].wasm,59b02277a7ce0a0510db51aecd64415b
all5/Anti-primes/[1-3][2-4][11-8].wasm,59b02277a7ce0a0510db51aecd64415b
all5/Anti-primes/[1-3][2-4][11-9].wasm,59b02277a7ce0a0510db51aecd64415b
all5/Anti-primes/[1-3][2-5].wasm,59b02277a7ce0a0510db51aecd64415b
all5/Anti-primes/[1-3][2-5][11-1].wasm,59b02277a7ce0a0510db51aecd64415b
all5/Anti-primes/[1-3][2-5][11-2].wasm,59b02277a7ce0a0510db51aecd64415b
all5/Anti-primes/[1-3][2-5][11-3].wasm,59b02277a7ce0a0510db51aecd64415b
all5/Anti-primes/[1-3][2-5][11-4].wasm,59b02277a7ce0a0510db51aecd64415b
all5/Anti-primes/[1-3][2-5][11-5].wasm,59b02277a7ce0a0510db51aecd64415b
all5/Anti-primes/[1-3][2-5][11-6].wasm,59b02277a7ce0a0510db51aecd64415b
all5/Anti-primes/[1-3][2-5][11-7].wasm,59b02277a7ce0a0510db51aecd64415b
all5/Anti-primes/[1-3][2-5][11-8].wasm,59b02277a7ce0a0510db51aecd64415b
all5/Anti-primes/[1-3][2-5][11-9].wasm,59b02277a7ce0a0510db51aecd64415b
all5/Anti-primes/[1-3][2-6].wasm,59b02277a7ce0a0510db51aecd64415b
all5/Anti-primes/[1-3][2-6][11-1].wasm,59b02277a7ce0a0510db51aecd64415b
all5/Anti-primes/[1-3][2-6][11-2].wasm,59b02277a7ce0a0510db51aecd64415b
all5/Anti-primes/[1-3][2-6][11-3].wasm,59b02277a7ce0a0510db51aecd64415b
all5/Anti-primes/[1-3][2-6][11-4].wasm,59b02277a7ce0a0510db51aecd64415b
all5/Anti-primes/[1-3][2-6][11-5].wasm,59b02277a7ce0a0510db51aecd64415b
all5/Anti-primes/[1-3][2-6][11-6].wasm,59b02277a7ce0a0510db51aecd64415b
all5/Anti-primes/[1-3][2-6][11-7].wasm,59b02277a7ce0a0510db51aecd64415b
all5/Anti-primes/[1-3][2-6][11-8].wasm,59b02277a7ce0a0510db51aecd64415b
all5/Anti-primes/[1-3][2-6][11-9].wasm,59b02277a7ce0a0510db51aecd64415b
all5/Anti-primes/[1-3][2-7].wasm,2b8ba5314ee1c48a99a233afbed54a63
all5/Anti-primes/[1-3][2-7][11-1].wasm,2b8ba5314ee1c48a99a233afbed54a63
all5/Anti-primes/[1-3][2-7][11-2].wasm,2b8ba5314ee1c48a99a233afbed54a63
all5/Anti-primes/[1-3][2-7][11-3].wasm,2b8ba5314ee1c48a99a233afbed54a63
all5/Anti-primes/[1-3][2-7][11-4].wasm,2b8ba5314ee1c48a99a233afbed54a63
all5/Anti-primes/[1-3][2-7][11-5].wasm,2b8ba5314ee1c48a99a233afbed54a63
all5/Anti-primes/[1-3][2-7][11-6].wasm,2b8ba5314ee1c48a99a233afbed54a63
all5/Anti-primes/[1-3][2-7][11-7].wasm,2b8ba5314ee1c48a99a233afbed54a63
all5/Anti-primes/[1-3][2-7][11-8].wasm,2b8ba5314ee1c48a99a233afbed54a63
all5/Anti-primes/[1-3][2-7][11-9].wasm,2b8ba5314ee1c48a99a233afbed54a63
all5/Anti-primes/[1-3][2-8].wasm,59b02277a7ce0a0510db51aecd64415b
all5/Anti-primes/[1-3][2-8][11-1].wasm,59b02277a7ce0a0510db51aecd64415b
all5/Anti-primes/[1-3][2-8][11-2].wasm,59b02277a7ce0a0510db51aecd64415b
all5/Anti-primes/[1-3][2-8][11-3].wasm,59b02277a7ce0a0510db51aecd64415b
all5/Anti-primes/[1-3][2-8][11-4].wasm,59b02277a7ce0a0510db51aecd64415b
all5/Anti-primes/[1-3][2-8][11-5].wasm,59b02277a7ce0a0510db51aecd64415b
all5/Anti-primes/[1-3][2-8][11-6].wasm,59b02277a7ce0a0510db51aecd64415b
all5/Anti-primes/[1-3][2-8][11-7].wasm,59b02277a7ce0a0510db51aecd64415b
all5/Anti-primes/[1-3][2-8][11-8].wasm,59b02277a7ce0a0510db51aecd64415b
all5/Anti-primes/[1-3][2-8][11-9].wasm,59b02277a7ce0a0510db51aecd64415b
all5/Anti-primes/[1-3][2-9].wasm,59b02277a7ce0a0510db51aecd64415b
all5/Anti-primes/[1-3][2-9][11-1].wasm,59b02277a7ce0a0510db51aecd64415b
all5/Anti-primes/[1-3][2-9][11-2].wasm,59b02277a7ce0a0510db51aecd64415b
all5/Anti-primes/[1-3][2-9][11-3].wasm,59b02277a7ce0a0510db51aecd64415b
all5/Anti-primes/[1-3][2-9][11-4].wasm,59b02277a7ce0a0510db51aecd64415b
all5/Anti-primes/[1-3][2-9][11-5].wasm,59b02277a7ce0a0510db51aecd64415b
all5/Anti-primes/[1-3][2-9][11-6].wasm,59b02277a7ce0a0510db51aecd64415b
all5/Anti-primes/[1-3][2-9][11-7].wasm,59b02277a7ce0a0510db51aecd64415b
all5/Anti-primes/[1-3][2-9][11-8].wasm,59b02277a7ce0a0510db51aecd64415b
all5/Anti-primes/[1-3][2-9][11-9].wasm,59b02277a7ce0a0510db51aecd64415b
all5/Anti-primes/[1-4].wasm,59b02277a7ce0a0510db51aecd64415b
all5/Anti-primes/[1-4][11-1].wasm,59b02277a7ce0a0510db51aecd64415b
all5/Anti-primes/[1-4][11-2].wasm,59b02277a7ce0a0510db51aecd64415b
all5/Anti-primes/[1-4][11-3].wasm,59b02277a7ce0a0510db51aecd64415b
all5/Anti-primes/[1-4][11-4].wasm,59b02277a7ce0a0510db51aecd64415b
all5/Anti-primes/[1-4][11-5].wasm,59b02277a7ce0a0510db51aecd64415b
all5/Anti-primes/[1-4][11-6].wasm,59b02277a7ce0a0510db51aecd64415b
all5/Anti-primes/[1-4][11-7].wasm,59b02277a7ce0a0510db51aecd64415b
all5/Anti-primes/[1-4][11-8].wasm,59b02277a7ce0a0510db51aecd64415b
all5/Anti-primes/[1-4][11-9].wasm,59b02277a7ce0a0510db51aecd64415b
all5/Anti-primes/[1-4][2-1].wasm,59b02277a7ce0a0510db51aecd64415b
all5/Anti-primes/[1-4][2-1][11-1].wasm,59b02277a7ce0a0510db51aecd64415b
all5/Anti-primes/[1-4][2-1][11-2].wasm,59b02277a7ce0a0510db51aecd64415b
all5/Anti-primes/[1-4][2-1][11-3].wasm,59b02277a7ce0a0510db51aecd64415b
all5/Anti-primes/[1-4][2-1][11-4].wasm,59b02277a7ce0a0510db51aecd64415b
all5/Anti-primes/[1-4][2-1][11-5].wasm,59b02277a7ce0a0510db51aecd64415b
all5/Anti-primes/[1-4][2-1][11-6].wasm,59b02277a7ce0a0510db51aecd64415b
all5/Anti-primes/[1-4][2-1][11-7].wasm,59b02277a7ce0a0510db51aecd64415b
all5/Anti-primes/[1-4][2-1][11-8].wasm,59b02277a7ce0a0510db51aecd64415b
all5/Anti-primes/[1-4][2-1][11-9].wasm,59b02277a7ce0a0510db51aecd64415b
all5/Anti-primes/[1-4][2-2].wasm,59b02277a7ce0a0510db51aecd64415b
all5/Anti-primes/[1-4][2-2][11-1].wasm,59b02277a7ce0a0510db51aecd64415b
all5/Anti-primes/[1-4][2-2][11-2].wasm,59b02277a7ce0a0510db51aecd64415b
all5/Anti-primes/[1-4][2-2][11-3].wasm,59b02277a7ce0a0510db51aecd64415b
all5/Anti-primes/[1-4][2-2][11-4].wasm,59b02277a7ce0a0510db51aecd64415b
all5/Anti-primes/[1-4][2-2][11-5].wasm,59b02277a7ce0a0510db51aecd64415b
all5/Anti-primes/[1-4][2-2][11-6].wasm,59b02277a7ce0a0510db51aecd64415b
all5/Anti-primes/[1-4][2-2][11-7].wasm,59b02277a7ce0a0510db51aecd64415b
all5/Anti-primes/[1-4][2-2][11-8].wasm,59b02277a7ce0a0510db51aecd64415b
all5/Anti-primes/[1-4][2-2][11-9].wasm,59b02277a7ce0a0510db51aecd64415b
all5/Anti-primes/[1-4][2-3].wasm,59b02277a7ce0a0510db51aecd64415b
all5/Anti-primes/[1-4][2-3][11-1].wasm,59b02277a7ce0a0510db51aecd64415b
all5/Anti-primes/[1-4][2-3][11-2].wasm,59b02277a7ce0a0510db51aecd64415b
all5/Anti-primes/[1-4][2-3][11-3].wasm,59b02277a7ce0a0510db51aecd64415b
all5/Anti-primes/[1-4][2-3][11-4].wasm,59b02277a7ce0a0510db51aecd64415b
all5/Anti-primes/[1-4][2-3][11-5].wasm,59b02277a7ce0a0510db51aecd64415b
all5/Anti-primes/[1-4][2-3][11-6].wasm,59b02277a7ce0a0510db51aecd64415b
all5/Anti-primes/[1-4][2-3][11-7].wasm,59b02277a7ce0a0510db51aecd64415b
all5/Anti-primes/[1-4][2-3][11-8].wasm,59b02277a7ce0a0510db51aecd64415b
all5/Anti-primes/[1-4][2-3][11-9].wasm,59b02277a7ce0a0510db51aecd64415b
all5/Anti-primes/[1-4][2-4].wasm,59b02277a7ce0a0510db51aecd64415b
all5/Anti-primes/[1-4][2-4][11-1].wasm,59b02277a7ce0a0510db51aecd64415b
all5/Anti-primes/[1-4][2-4][11-2].wasm,59b02277a7ce0a0510db51aecd64415b
all5/Anti-primes/[1-4][2-4][11-3].wasm,59b02277a7ce0a0510db51aecd64415b
all5/Anti-primes/[1-4][2-4][11-4].wasm,59b02277a7ce0a0510db51aecd64415b
all5/Anti-primes/[1-4][2-4][11-5].wasm,59b02277a7ce0a0510db51aecd64415b
all5/Anti-primes/[1-4][2-4][11-6].wasm,59b02277a7ce0a0510db51aecd64415b
all5/Anti-primes/[1-4][2-4][11-7].wasm,59b02277a7ce0a0510db51aecd64415b
all5/Anti-primes/[1-4][2-4][11-8].wasm,59b02277a7ce0a0510db51aecd64415b
all5/Anti-primes/[1-4][2-4][11-9].wasm,59b02277a7ce0a0510db51aecd64415b
all5/Anti-primes/[1-4][2-5].wasm,59b02277a7ce0a0510db51aecd64415b
all5/Anti-primes/[1-4][2-5][11-1].wasm,59b02277a7ce0a0510db51aecd64415b
all5/Anti-primes/[1-4][2-5][11-2].wasm,59b02277a7ce0a0510db51aecd64415b
all5/Anti-primes/[1-4][2-5][11-3].wasm,59b02277a7ce0a0510db51aecd64415b
all5/Anti-primes/[1-4][2-5][11-4].wasm,59b02277a7ce0a0510db51aecd64415b
all5/Anti-primes/[1-4][2-5][11-5].wasm,59b02277a7ce0a0510db51aecd64415b
all5/Anti-primes/[1-4][2-5][11-6].wasm,59b02277a7ce0a0510db51aecd64415b
all5/Anti-primes/[1-4][2-5][11-7].wasm,59b02277a7ce0a0510db51aecd64415b
all5/Anti-primes/[1-4][2-5][11-8].wasm,59b02277a7ce0a0510db51aecd64415b
all5/Anti-primes/[1-4][2-5][11-9].wasm,59b02277a7ce0a0510db51aecd64415b
all5/Anti-primes/[1-4][2-6].wasm,59b02277a7ce0a0510db51aecd64415b
all5/Anti-primes/[1-4][2-6][11-1].wasm,59b02277a7ce0a0510db51aecd64415b
all5/Anti-primes/[1-4][2-6][11-2].wasm,59b02277a7ce0a0510db51aecd64415b
all5/Anti-primes/[1-4][2-6][11-3].wasm,59b02277a7ce0a0510db51aecd64415b
all5/Anti-primes/[1-4][2-6][11-4].wasm,59b02277a7ce0a0510db51aecd64415b
all5/Anti-primes/[1-4][2-6][11-5].wasm,59b02277a7ce0a0510db51aecd64415b
all5/Anti-primes/[1-4][2-6][11-6].wasm,59b02277a7ce0a0510db51aecd64415b
all5/Anti-primes/[1-4][2-6][11-7].wasm,59b02277a7ce0a0510db51aecd64415b
all5/Anti-primes/[1-4][2-6][11-8].wasm,59b02277a7ce0a0510db51aecd64415b
all5/Anti-primes/[1-4][2-6][11-9].wasm,59b02277a7ce0a0510db51aecd64415b
all5/Anti-primes/[1-4][2-7].wasm,2b8ba5314ee1c48a99a233afbed54a63
all5/Anti-primes/[1-4][2-7][11-1].wasm,2b8ba5314ee1c48a99a233afbed54a63
all5/Anti-primes/[1-4][2-7][11-2].wasm,2b8ba5314ee1c48a99a233afbed54a63
all5/Anti-primes/[1-4][2-7][11-3].wasm,2b8ba5314ee1c48a99a233afbed54a63
all5/Anti-primes/[1-4][2-7][11-4].wasm,2b8ba5314ee1c48a99a233afbed54a63
all5/Anti-primes/[1-4][2-7][11-5].wasm,2b8ba5314ee1c48a99a233afbed54a63
all5/Anti-primes/[1-4][2-7][11-6].wasm,2b8ba5314ee1c48a99a233afbed54a63
all5/Anti-primes/[1-4][2-7][11-7].wasm,2b8ba5314ee1c48a99a233afbed54a63
all5/Anti-primes/[1-4][2-7][11-8].wasm,2b8ba5314ee1c48a99a233afbed54a63
all5/Anti-primes/[1-4][2-7][11-9].wasm,2b8ba5314ee1c48a99a233afbed54a63
all5/Anti-primes/[1-4][2-8].wasm,59b02277a7ce0a0510db51aecd64415b
all5/Anti-primes/[1-4][2-8][11-1].wasm,59b02277a7ce0a0510db51aecd64415b
all5/Anti-primes/[1-4][2-8][11-2].wasm,59b02277a7ce0a0510db51aecd64415b
all5/Anti-primes/[1-4][2-8][11-3].wasm,59b02277a7ce0a0510db51aecd64415b
all5/Anti-primes/[1-4][2-8][11-4].wasm,59b02277a7ce0a0510db51aecd64415b
all5/Anti-primes/[1-4][2-8][11-5].wasm,59b02277a7ce0a0510db51aecd64415b
all5/Anti-primes/[1-4][2-8][11-6].wasm,59b02277a7ce0a0510db51aecd64415b
all5/Anti-primes/[1-4][2-8][11-7].wasm,59b02277a7ce0a0510db51aecd64415b
all5/Anti-primes/[1-4][2-8][11-8].wasm,59b02277a7ce0a0510db51aecd64415b
all5/Anti-primes/[1-4][2-8][11-9].wasm,59b02277a7ce0a0510db51aecd64415b
all5/Anti-primes/[1-4][2-9].wasm,59b02277a7ce0a0510db51aecd64415b
all5/Anti-primes/[1-4][2-9][11-1].wasm,59b02277a7ce0a0510db51aecd64415b
all5/Anti-primes/[1-4][2-9][11-2].wasm,59b02277a7ce0a0510db51aecd64415b
all5/Anti-primes/[1-4][2-9][11-3].wasm,59b02277a7ce0a0510db51aecd64415b
all5/Anti-primes/[1-4][2-9][11-4].wasm,59b02277a7ce0a0510db51aecd64415b
all5/Anti-primes/[1-4][2-9][11-5].wasm,59b02277a7ce0a0510db51aecd64415b
all5/Anti-primes/[1-4][2-9][11-6].wasm,59b02277a7ce0a0510db51aecd64415b
all5/Anti-primes/[1-4][2-9][11-7].wasm,59b02277a7ce0a0510db51aecd64415b
all5/Anti-primes/[1-4][2-9][11-8].wasm,59b02277a7ce0a0510db51aecd64415b
all5/Anti-primes/[1-4][2-9][11-9].wasm,59b02277a7ce0a0510db51aecd64415b
all5/Anti-primes/[1-5].wasm,59b02277a7ce0a0510db51aecd64415b
all5/Anti-primes/[1-5][11-1].wasm,59b02277a7ce0a0510db51aecd64415b
all5/Anti-primes/[1-5][11-2].wasm,59b02277a7ce0a0510db51aecd64415b
all5/Anti-primes/[1-5][11-3].wasm,59b02277a7ce0a0510db51aecd64415b
all5/Anti-primes/[1-5][11-4].wasm,59b02277a7ce0a0510db51aecd64415b
all5/Anti-primes/[1-5][11-5].wasm,59b02277a7ce0a0510db51aecd64415b
all5/Anti-primes/[1-5][11-6].wasm,59b02277a7ce0a0510db51aecd64415b
all5/Anti-primes/[1-5][11-7].wasm,59b02277a7ce0a0510db51aecd64415b
all5/Anti-primes/[1-5][11-8].wasm,59b02277a7ce0a0510db51aecd64415b
all5/Anti-primes/[1-5][11-9].wasm,59b02277a7ce0a0510db51aecd64415b
all5/Anti-primes/[1-5][2-1].wasm,59b02277a7ce0a0510db51aecd64415b
all5/Anti-primes/[1-5][2-1][11-1].wasm,59b02277a7ce0a0510db51aecd64415b
all5/Anti-primes/[1-5][2-1][11-2].wasm,59b02277a7ce0a0510db51aecd64415b
all5/Anti-primes/[1-5][2-1][11-3].wasm,59b02277a7ce0a0510db51aecd64415b
all5/Anti-primes/[1-5][2-1][11-4].wasm,59b02277a7ce0a0510db51aecd64415b
all5/Anti-primes/[1-5][2-1][11-5].wasm,59b02277a7ce0a0510db51aecd64415b
all5/Anti-primes/[1-5][2-1][11-6].wasm,59b02277a7ce0a0510db51aecd64415b
all5/Anti-primes/[1-5][2-1][11-7].wasm,59b02277a7ce0a0510db51aecd64415b
all5/Anti-primes/[1-5][2-1][11-8].wasm,59b02277a7ce0a0510db51aecd64415b
all5/Anti-primes/[1-5][2-1][11-9].wasm,59b02277a7ce0a0510db51aecd64415b
all5/Anti-primes/[1-5][2-2].wasm,59b02277a7ce0a0510db51aecd64415b
all5/Anti-primes/[1-5][2-2][11-1].wasm,59b02277a7ce0a0510db51aecd64415b
all5/Anti-primes/[1-5][2-2][11-2].wasm,59b02277a7ce0a0510db51aecd64415b
all5/Anti-primes/[1-5][2-2][11-3].wasm,59b02277a7ce0a0510db51aecd64415b
all5/Anti-primes/[1-5][2-2][11-4].wasm,59b02277a7ce0a0510db51aecd64415b
all5/Anti-primes/[1-5][2-2][11-5].wasm,59b02277a7ce0a0510db51aecd64415b
all5/Anti-primes/[1-5][2-2][11-6].wasm,59b02277a7ce0a0510db51aecd64415b
all5/Anti-primes/[1-5][2-2][11-7].wasm,59b02277a7ce0a0510db51aecd64415b
all5/Anti-primes/[1-5][2-2][11-8].wasm,59b02277a7ce0a0510db51aecd64415b
all5/Anti-primes/[1-5][2-2][11-9].wasm,59b02277a7ce0a0510db51aecd64415b
all5/Anti-primes/[1-5][2-3].wasm,59b02277a7ce0a0510db51aecd64415b
all5/Anti-primes/[1-5][2-3][11-1].wasm,59b02277a7ce0a0510db51aecd64415b
all5/Anti-primes/[1-5][2-3][11-2].wasm,59b02277a7ce0a0510db51aecd64415b
all5/Anti-primes/[1-5][2-3][11-3].wasm,59b02277a7ce0a0510db51aecd64415b
all5/Anti-primes/[1-5][2-3][11-4].wasm,59b02277a7ce0a0510db51aecd64415b
all5/Anti-primes/[1-5][2-3][11-5].wasm,59b02277a7ce0a0510db51aecd64415b
all5/Anti-primes/[1-5][2-3][11-6].wasm,59b02277a7ce0a0510db51aecd64415b
all5/Anti-primes/[1-5][2-3][11-7].wasm,59b02277a7ce0a0510db51aecd64415b
all5/Anti-primes/[1-5][2-3][11-8].wasm,59b02277a7ce0a0510db51aecd64415b
all5/Anti-primes/[1-5][2-3][11-9].wasm,59b02277a7ce0a0510db51aecd64415b
all5/Anti-primes/[1-5][2-4].wasm,59b02277a7ce0a0510db51aecd64415b
all5/Anti-primes/[1-5][2-4][11-1].wasm,59b02277a7ce0a0510db51aecd64415b
all5/Anti-primes/[1-5][2-4][11-2].wasm,59b02277a7ce0a0510db51aecd64415b
all5/Anti-primes/[1-5][2-4][11-3].wasm,59b02277a7ce0a0510db51aecd64415b
all5/Anti-primes/[1-5][2-4][11-4].wasm,59b02277a7ce0a0510db51aecd64415b
all5/Anti-primes/[1-5][2-4][11-5].wasm,59b02277a7ce0a0510db51aecd64415b
all5/Anti-primes/[1-5][2-4][11-6].wasm,59b02277a7ce0a0510db51aecd64415b
all5/Anti-primes/[1-5][2-4][11-7].wasm,59b02277a7ce0a0510db51aecd64415b
all5/Anti-primes/[1-5][2-4][11-8].wasm,59b02277a7ce0a0510db51aecd64415b
all5/Anti-primes/[1-5][2-4][11-9].wasm,59b02277a7ce0a0510db51aecd64415b
all5/Anti-primes/[1-5][2-5].wasm,59b02277a7ce0a0510db51aecd64415b
all5/Anti-primes/[1-5][2-5][11-1].wasm,59b02277a7ce0a0510db51aecd64415b
all5/Anti-primes/[1-5][2-5][11-2].wasm,59b02277a7ce0a0510db51aecd64415b
all5/Anti-primes/[1-5][2-5][11-3].wasm,59b02277a7ce0a0510db51aecd64415b
all5/Anti-primes/[1-5][2-5][11-4].wasm,59b02277a7ce0a0510db51aecd64415b
all5/Anti-primes/[1-5][2-5][11-5].wasm,59b02277a7ce0a0510db51aecd64415b
all5/Anti-primes/[1-5][2-5][11-6].wasm,59b02277a7ce0a0510db51aecd64415b
all5/Anti-primes/[1-5][2-5][11-7].wasm,59b02277a7ce0a0510db51aecd64415b
all5/Anti-primes/[1-5][2-5][11-8].wasm,59b02277a7ce0a0510db51aecd64415b
all5/Anti-primes/[1-5][2-5][11-9].wasm,59b02277a7ce0a0510db51aecd64415b
all5/Anti-primes/[1-5][2-6].wasm,59b02277a7ce0a0510db51aecd64415b
all5/Anti-primes/[1-5][2-6][11-1].wasm,59b02277a7ce0a0510db51aecd64415b
all5/Anti-primes/[1-5][2-6][11-2].wasm,59b02277a7ce0a0510db51aecd64415b
all5/Anti-primes/[1-5][2-6][11-3].wasm,59b02277a7ce0a0510db51aecd64415b
all5/Anti-primes/[1-5][2-6][11-4].wasm,59b02277a7ce0a0510db51aecd64415b
all5/Anti-primes/[1-5][2-6][11-5].wasm,59b02277a7ce0a0510db51aecd64415b
all5/Anti-primes/[1-5][2-6][11-6].wasm,59b02277a7ce0a0510db51aecd64415b
all5/Anti-primes/[1-5][2-6][11-7].wasm,59b02277a7ce0a0510db51aecd64415b
all5/Anti-primes/[1-5][2-6][11-8].wasm,59b02277a7ce0a0510db51aecd64415b
all5/Anti-primes/[1-5][2-6][11-9].wasm,59b02277a7ce0a0510db51aecd64415b
all5/Anti-primes/[1-5][2-7].wasm,2b8ba5314ee1c48a99a233afbed54a63
all5/Anti-primes/[1-5][2-7][11-1].wasm,2b8ba5314ee1c48a99a233afbed54a63
all5/Anti-primes/[1-5][2-7][11-2].wasm,2b8ba5314ee1c48a99a233afbed54a63
all5/Anti-primes/[1-5][2-7][11-3].wasm,2b8ba5314ee1c48a99a233afbed54a63
all5/Anti-primes/[1-5][2-7][11-4].wasm,2b8ba5314ee1c48a99a233afbed54a63
all5/Anti-primes/[1-5][2-7][11-5].wasm,2b8ba5314ee1c48a99a233afbed54a63
all5/Anti-primes/[1-5][2-7][11-6].wasm,2b8ba5314ee1c48a99a233afbed54a63
all5/Anti-primes/[1-5][2-7][11-7].wasm,2b8ba5314ee1c48a99a233afbed54a63
all5/Anti-primes/[1-5][2-7][11-8].wasm,2b8ba5314ee1c48a99a233afbed54a63
all5/Anti-primes/[1-5][2-7][11-9].wasm,2b8ba5314ee1c48a99a233afbed54a63
all5/Anti-primes/[1-5][2-8].wasm,59b02277a7ce0a0510db51aecd64415b
all5/Anti-primes/[1-5][2-8][11-1].wasm,59b02277a7ce0a0510db51aecd64415b
all5/Anti-primes/[1-5][2-8][11-2].wasm,59b02277a7ce0a0510db51aecd64415b
all5/Anti-primes/[1-5][2-8][11-3].wasm,59b02277a7ce0a0510db51aecd64415b
all5/Anti-primes/[1-5][2-8][11-4].wasm,59b02277a7ce0a0510db51aecd64415b
all5/Anti-primes/[1-5][2-8][11-5].wasm,59b02277a7ce0a0510db51aecd64415b
all5/Anti-primes/[1-5][2-8][11-6].wasm,59b02277a7ce0a0510db51aecd64415b
all5/Anti-primes/[1-5][2-8][11-7].wasm,59b02277a7ce0a0510db51aecd64415b
all5/Anti-primes/[1-5][2-8][11-8].wasm,59b02277a7ce0a0510db51aecd64415b
all5/Anti-primes/[1-5][2-8][11-9].wasm,59b02277a7ce0a0510db51aecd64415b
all5/Anti-primes/[1-5][2-9].wasm,59b02277a7ce0a0510db51aecd64415b
all5/Anti-primes/[1-5][2-9][11-1].wasm,59b02277a7ce0a0510db51aecd64415b
all5/Anti-primes/[1-5][2-9][11-2].wasm,59b02277a7ce0a0510db51aecd64415b
all5/Anti-primes/[1-5][2-9][11-3].wasm,59b02277a7ce0a0510db51aecd64415b
all5/Anti-primes/[1-5][2-9][11-4].wasm,59b02277a7ce0a0510db51aecd64415b
all5/Anti-primes/[1-5][2-9][11-5].wasm,59b02277a7ce0a0510db51aecd64415b
all5/Anti-primes/[1-5][2-9][11-6].wasm,59b02277a7ce0a0510db51aecd64415b
all5/Anti-primes/[1-5][2-9][11-7].wasm,59b02277a7ce0a0510db51aecd64415b
all5/Anti-primes/[1-5][2-9][11-8].wasm,59b02277a7ce0a0510db51aecd64415b
all5/Anti-primes/[1-5][2-9][11-9].wasm,59b02277a7ce0a0510db51aecd64415b
all5/Anti-primes/[11-1].wasm,59b02277a7ce0a0510db51aecd64415b
all5/Anti-primes/[11-2].wasm,2b8ba5314ee1c48a99a233afbed54a63
all5/Anti-primes/[11-3].wasm,2b8ba5314ee1c48a99a233afbed54a63
all5/Anti-primes/[11-4].wasm,59b02277a7ce0a0510db51aecd64415b
all5/Anti-primes/[11-5].wasm,2b8ba5314ee1c48a99a233afbed54a63
all5/Anti-primes/[11-6].wasm,2b8ba5314ee1c48a99a233afbed54a63
all5/Anti-primes/[11-7].wasm,221abae2ee369a86ca653448d285797f
all5/Anti-primes/[11-8].wasm,2b8ba5314ee1c48a99a233afbed54a63
all5/Anti-primes/[11-9].wasm,59b02277a7ce0a0510db51aecd64415b
all5/Anti-primes/[2-1].wasm,b77f9fc317bad9e98644318dc005156b
all5/Anti-primes/[2-1][11-1].wasm,59b02277a7ce0a0510db51aecd64415b
all5/Anti-primes/[2-1][11-2].wasm,2b8ba5314ee1c48a99a233afbed54a63
all5/Anti-primes/[2-1][11-3].wasm,2b8ba5314ee1c48a99a233afbed54a63
all5/Anti-primes/[2-1][11-4].wasm,59b02277a7ce0a0510db51aecd64415b
all5/Anti-primes/[2-1][11-5].wasm,2b8ba5314ee1c48a99a233afbed54a63
all5/Anti-primes/[2-1][11-6].wasm,2b8ba5314ee1c48a99a233afbed54a63
all5/Anti-primes/[2-1][11-7].wasm,221abae2ee369a86ca653448d285797f
all5/Anti-primes/[2-1][11-8].wasm,2b8ba5314ee1c48a99a233afbed54a63
all5/Anti-primes/[2-1][11-9].wasm,59b02277a7ce0a0510db51aecd64415b
all5/Anti-primes/[2-2].wasm,b77f9fc317bad9e98644318dc005156b
all5/Anti-primes/[2-2][11-1].wasm,59b02277a7ce0a0510db51aecd64415b
all5/Anti-primes/[2-2][11-2].wasm,2b8ba5314ee1c48a99a233afbed54a63
all5/Anti-primes/[2-2][11-3].wasm,2b8ba5314ee1c48a99a233afbed54a63
all5/Anti-primes/[2-2][11-4].wasm,59b02277a7ce0a0510db51aecd64415b
all5/Anti-primes/[2-2][11-5].wasm,2b8ba5314ee1c48a99a233afbed54a63
all5/Anti-primes/[2-2][11-6].wasm,2b8ba5314ee1c48a99a233afbed54a63
all5/Anti-primes/[2-2][11-7].wasm,221abae2ee369a86ca653448d285797f
all5/Anti-primes/[2-2][11-8].wasm,2b8ba5314ee1c48a99a233afbed54a63
all5/Anti-primes/[2-2][11-9].wasm,59b02277a7ce0a0510db51aecd64415b
all5/Anti-primes/[2-3].wasm,b77f9fc317bad9e98644318dc005156b
all5/Anti-primes/[2-3][11-1].wasm,59b02277a7ce0a0510db51aecd64415b
all5/Anti-primes/[2-3][11-2].wasm,2b8ba5314ee1c48a99a233afbed54a63
all5/Anti-primes/[2-3][11-3].wasm,2b8ba5314ee1c48a99a233afbed54a63
all5/Anti-primes/[2-3][11-4].wasm,59b02277a7ce0a0510db51aecd64415b
all5/Anti-primes/[2-3][11-5].wasm,2b8ba5314ee1c48a99a233afbed54a63
all5/Anti-primes/[2-3][11-6].wasm,2b8ba5314ee1c48a99a233afbed54a63
all5/Anti-primes/[2-3][11-7].wasm,221abae2ee369a86ca653448d285797f
all5/Anti-primes/[2-3][11-8].wasm,2b8ba5314ee1c48a99a233afbed54a63
all5/Anti-primes/[2-3][11-9].wasm,59b02277a7ce0a0510db51aecd64415b
all5/Anti-primes/[2-4].wasm,b77f9fc317bad9e98644318dc005156b
all5/Anti-primes/[2-4][11-1].wasm,59b02277a7ce0a0510db51aecd64415b
all5/Anti-primes/[2-4][11-2].wasm,2b8ba5314ee1c48a99a233afbed54a63
all5/Anti-primes/[2-4][11-3].wasm,2b8ba5314ee1c48a99a233afbed54a63
all5/Anti-primes/[2-4][11-4].wasm,59b02277a7ce0a0510db51aecd64415b
all5/Anti-primes/[2-4][11-5].wasm,2b8ba5314ee1c48a99a233afbed54a63
all5/Anti-primes/[2-4][11-6].wasm,2b8ba5314ee1c48a99a233afbed54a63
all5/Anti-primes/[2-4][11-7].wasm,221abae2ee369a86ca653448d285797f
all5/Anti-primes/[2-4][11-8].wasm,2b8ba5314ee1c48a99a233afbed54a63
all5/Anti-primes/[2-4][11-9].wasm,59b02277a7ce0a0510db51aecd64415b
all5/Anti-primes/[2-5].wasm,b77f9fc317bad9e98644318dc005156b
all5/Anti-primes/[2-5][11-1].wasm,59b02277a7ce0a0510db51aecd64415b
all5/Anti-primes/[2-5][11-2].wasm,2b8ba5314ee1c48a99a233afbed54a63
all5/Anti-primes/[2-5][11-3].wasm,2b8ba5314ee1c48a99a233afbed54a63
all5/Anti-primes/[2-5][11-4].wasm,59b02277a7ce0a0510db51aecd64415b
all5/Anti-primes/[2-5][11-5].wasm,2b8ba5314ee1c48a99a233afbed54a63
all5/Anti-primes/[2-5][11-6].wasm,2b8ba5314ee1c48a99a233afbed54a63
all5/Anti-primes/[2-5][11-7].wasm,221abae2ee369a86ca653448d285797f
all5/Anti-primes/[2-5][11-8].wasm,2b8ba5314ee1c48a99a233afbed54a63
all5/Anti-primes/[2-5][11-9].wasm,59b02277a7ce0a0510db51aecd64415b
all5/Anti-primes/[2-6].wasm,b77f9fc317bad9e98644318dc005156b
all5/Anti-primes/[2-6][11-1].wasm,59b02277a7ce0a0510db51aecd64415b
all5/Anti-primes/[2-6][11-2].wasm,2b8ba5314ee1c48a99a233afbed54a63
all5/Anti-primes/[2-6][11-3].wasm,2b8ba5314ee1c48a99a233afbed54a63
all5/Anti-primes/[2-6][11-4].wasm,59b02277a7ce0a0510db51aecd64415b
all5/Anti-primes/[2-6][11-5].wasm,2b8ba5314ee1c48a99a233afbed54a63
all5/Anti-primes/[2-6][11-6].wasm,2b8ba5314ee1c48a99a233afbed54a63
all5/Anti-primes/[2-6][11-7].wasm,221abae2ee369a86ca653448d285797f
all5/Anti-primes/[2-6][11-8].wasm,2b8ba5314ee1c48a99a233afbed54a63
all5/Anti-primes/[2-6][11-9].wasm,59b02277a7ce0a0510db51aecd64415b
all5/Anti-primes/[2-7].wasm,2b8ba5314ee1c48a99a233afbed54a63
all5/Anti-primes/[2-7][11-1].wasm,2b8ba5314ee1c48a99a233afbed54a63
all5/Anti-primes/[2-7][11-2].wasm,2b8ba5314ee1c48a99a233afbed54a63
all5/Anti-primes/[2-7][11-3].wasm,2b8ba5314ee1c48a99a233afbed54a63
all5/Anti-primes/[2-7][11-4].wasm,2b8ba5314ee1c48a99a233afbed54a63
all5/Anti-primes/[2-7][11-5].wasm,2b8ba5314ee1c48a99a233afbed54a63
all5/Anti-primes/[2-7][11-6].wasm,2b8ba5314ee1c48a99a233afbed54a63
all5/Anti-primes/[2-7][11-7].wasm,2b8ba5314ee1c48a99a233afbed54a63
all5/Anti-primes/[2-7][11-8].wasm,2b8ba5314ee1c48a99a233afbed54a63
all5/Anti-primes/[2-7][11-9].wasm,2b8ba5314ee1c48a99a233afbed54a63
all5/Anti-primes/[2-8].wasm,b77f9fc317bad9e98644318dc005156b
all5/Anti-primes/[2-8][11-1].wasm,59b02277a7ce0a0510db51aecd64415b
all5/Anti-primes/[2-8][11-2].wasm,2b8ba5314ee1c48a99a233afbed54a63
all5/Anti-primes/[2-8][11-3].wasm,2b8ba5314ee1c48a99a233afbed54a63
all5/Anti-primes/[2-8][11-4].wasm,59b02277a7ce0a0510db51aecd64415b
all5/Anti-primes/[2-8][11-5].wasm,2b8ba5314ee1c48a99a233afbed54a63
all5/Anti-primes/[2-8][11-6].wasm,2b8ba5314ee1c48a99a233afbed54a63
all5/Anti-primes/[2-8][11-7].wasm,221abae2ee369a86ca653448d285797f
all5/Anti-primes/[2-8][11-8].wasm,2b8ba5314ee1c48a99a233afbed54a63
all5/Anti-primes/[2-8][11-9].wasm,59b02277a7ce0a0510db51aecd64415b
all5/Anti-primes/[2-9].wasm,b77f9fc317bad9e98644318dc005156b
all5/Anti-primes/[2-9][11-1].wasm,59b02277a7ce0a0510db51aecd64415b
all5/Anti-primes/[2-9][11-2].wasm,2b8ba5314ee1c48a99a233afbed54a63
all5/Anti-primes/[2-9][11-3].wasm,2b8ba5314ee1c48a99a233afbed54a63
all5/Anti-primes/[2-9][11-4].wasm,59b02277a7ce0a0510db51aecd64415b
all5/Anti-primes/[2-9][11-5].wasm,2b8ba5314ee1c48a99a233afbed54a63
all5/Anti-primes/[2-9][11-6].wasm,2b8ba5314ee1c48a99a233afbed54a63
all5/Anti-primes/[2-9][11-7].wasm,221abae2ee369a86ca653448d285797f
all5/Anti-primes/[2-9][11-8].wasm,2b8ba5314ee1c48a99a233afbed54a63
all5/Anti-primes/[2-9][11-9].wasm,59b02277a7ce0a0510db51aecd64415b
all5/Anti-primes/[3-1].wasm,859e29daee7fd94d1c2e7e739e053d46
