name, hash
all5/Approximate_Equality/Approximate_Equality.wasm,af5c55675c464b386479c621a04f97c5
all5/Approximate_Equality/Approximate_Equality.wasm.~1~,af5c55675c464b386479c621a04f97c5
all5/Approximate_Equality/Approximate_Equality.wasm.~2~,8d82e47cb072fe19dc61b9bac0112dba
all5/Approximate_Equality/[0-10].wasm,af5c55675c464b386479c621a04f97c5
all5/Approximate_Equality/[0-10].wasm.~1~,8d82e47cb072fe19dc61b9bac0112dba
all5/Approximate_Equality/[0-10][1-102].wasm,af5c55675c464b386479c621a04f97c5
all5/Approximate_Equality/[0-10][1-106].wasm,af5c55675c464b386479c621a04f97c5
all5/Approximate_Equality/[0-10][1-108].wasm,af5c55675c464b386479c621a04f97c5
all5/Approximate_Equality/[0-10][1-10].wasm,af5c55675c464b386479c621a04f97c5
all5/Approximate_Equality/[0-10][1-123].wasm,af5c55675c464b386479c621a04f97c5
all5/Approximate_Equality/[0-10][1-124].wasm,af5c55675c464b386479c621a04f97c5
all5/Approximate_Equality/[0-10][1-132].wasm,af5c55675c464b386479c621a04f97c5
all5/Approximate_Equality/[0-10][1-134].wasm,af5c55675c464b386479c621a04f97c5
all5/Approximate_Equality/[0-10][1-144].wasm,af5c55675c464b386479c621a04f97c5
all5/Approximate_Equality/[0-10][1-146].wasm,af5c55675c464b386479c621a04f97c5
all5/Approximate_Equality/[0-10][1-14].wasm,af5c55675c464b386479c621a04f97c5
all5/Approximate_Equality/[0-10][1-17].wasm,af5c55675c464b386479c621a04f97c5
all5/Approximate_Equality/[0-10][1-1].wasm,8d82e47cb072fe19dc61b9bac0112dba
all5/Approximate_Equality/[0-10][1-24].wasm,af5c55675c464b386479c621a04f97c5
all5/Approximate_Equality/[0-10][1-26].wasm,af5c55675c464b386479c621a04f97c5
all5/Approximate_Equality/[0-10][1-29].wasm,af5c55675c464b386479c621a04f97c5
all5/Approximate_Equality/[0-10][1-2].wasm,8d82e47cb072fe19dc61b9bac0112dba
all5/Approximate_Equality/[0-10][1-3].wasm,8d82e47cb072fe19dc61b9bac0112dba
all5/Approximate_Equality/[0-10][1-43].wasm,af5c55675c464b386479c621a04f97c5
all5/Approximate_Equality/[0-10][1-46].wasm,af5c55675c464b386479c621a04f97c5
all5/Approximate_Equality/[0-10][1-4].wasm,8d82e47cb072fe19dc61b9bac0112dba
all5/Approximate_Equality/[0-10][1-5].wasm,8d82e47cb072fe19dc61b9bac0112dba
all5/Approximate_Equality/[0-10][1-60].wasm,af5c55675c464b386479c621a04f97c5
all5/Approximate_Equality/[0-10][1-68].wasm,af5c55675c464b386479c621a04f97c5
all5/Approximate_Equality/[0-10][1-6].wasm,8d82e47cb072fe19dc61b9bac0112dba
all5/Approximate_Equality/[0-10][1-73].wasm,af5c55675c464b386479c621a04f97c5
all5/Approximate_Equality/[0-10][1-75].wasm,af5c55675c464b386479c621a04f97c5
all5/Approximate_Equality/[0-10][1-78].wasm,af5c55675c464b386479c621a04f97c5
all5/Approximate_Equality/[0-10][1-7].wasm,af5c55675c464b386479c621a04f97c5
all5/Approximate_Equality/[0-10][1-7].wasm.~1~,8d82e47cb072fe19dc61b9bac0112dba
all5/Approximate_Equality/[0-10][1-81].wasm,af5c55675c464b386479c621a04f97c5
all5/Approximate_Equality/[0-10][1-83].wasm,af5c55675c464b386479c621a04f97c5
all5/Approximate_Equality/[0-10][1-85].wasm,af5c55675c464b386479c621a04f97c5
all5/Approximate_Equality/[0-10][1-8].wasm,8d82e47cb072fe19dc61b9bac0112dba
all5/Approximate_Equality/[0-10][1-91].wasm,af5c55675c464b386479c621a04f97c5
all5/Approximate_Equality/[0-10][1-96].wasm,af5c55675c464b386479c621a04f97c5
all5/Approximate_Equality/[0-11].wasm,af5c55675c464b386479c621a04f97c5
all5/Approximate_Equality/[0-11].wasm.~1~,8d82e47cb072fe19dc61b9bac0112dba
all5/Approximate_Equality/[0-11][1-102].wasm,af5c55675c464b386479c621a04f97c5
all5/Approximate_Equality/[0-11][1-106].wasm,af5c55675c464b386479c621a04f97c5
all5/Approximate_Equality/[0-11][1-108].wasm,af5c55675c464b386479c621a04f97c5
all5/Approximate_Equality/[0-11][1-10].wasm,af5c55675c464b386479c621a04f97c5
all5/Approximate_Equality/[0-11][1-123].wasm,af5c55675c464b386479c621a04f97c5
all5/Approximate_Equality/[0-11][1-124].wasm,af5c55675c464b386479c621a04f97c5
all5/Approximate_Equality/[0-11][1-132].wasm,af5c55675c464b386479c621a04f97c5
all5/Approximate_Equality/[0-11][1-134].wasm,af5c55675c464b386479c621a04f97c5
all5/Approximate_Equality/[0-11][1-144].wasm,af5c55675c464b386479c621a04f97c5
all5/Approximate_Equality/[0-11][1-146].wasm,af5c55675c464b386479c621a04f97c5
all5/Approximate_Equality/[0-11][1-14].wasm,af5c55675c464b386479c621a04f97c5
all5/Approximate_Equality/[0-11][1-17].wasm,af5c55675c464b386479c621a04f97c5
all5/Approximate_Equality/[0-11][1-1].wasm,8d82e47cb072fe19dc61b9bac0112dba
all5/Approximate_Equality/[0-11][1-24].wasm,af5c55675c464b386479c621a04f97c5
all5/Approximate_Equality/[0-11][1-26].wasm,af5c55675c464b386479c621a04f97c5
all5/Approximate_Equality/[0-11][1-29].wasm,af5c55675c464b386479c621a04f97c5
all5/Approximate_Equality/[0-11][1-2].wasm,8d82e47cb072fe19dc61b9bac0112dba
all5/Approximate_Equality/[0-11][1-3].wasm,8d82e47cb072fe19dc61b9bac0112dba
all5/Approximate_Equality/[0-11][1-43].wasm,af5c55675c464b386479c621a04f97c5
all5/Approximate_Equality/[0-11][1-46].wasm,af5c55675c464b386479c621a04f97c5
all5/Approximate_Equality/[0-11][1-4].wasm,8d82e47cb072fe19dc61b9bac0112dba
all5/Approximate_Equality/[0-11][1-5].wasm,8d82e47cb072fe19dc61b9bac0112dba
all5/Approximate_Equality/[0-11][1-60].wasm,af5c55675c464b386479c621a04f97c5
all5/Approximate_Equality/[0-11][1-68].wasm,af5c55675c464b386479c621a04f97c5
all5/Approximate_Equality/[0-11][1-6].wasm,8d82e47cb072fe19dc61b9bac0112dba
all5/Approximate_Equality/[0-11][1-73].wasm,af5c55675c464b386479c621a04f97c5
all5/Approximate_Equality/[0-11][1-75].wasm,af5c55675c464b386479c621a04f97c5
all5/Approximate_Equality/[0-11][1-78].wasm,af5c55675c464b386479c621a04f97c5
all5/Approximate_Equality/[0-11][1-7].wasm,af5c55675c464b386479c621a04f97c5
all5/Approximate_Equality/[0-11][1-7].wasm.~1~,8d82e47cb072fe19dc61b9bac0112dba
all5/Approximate_Equality/[0-11][1-81].wasm,af5c55675c464b386479c621a04f97c5
all5/Approximate_Equality/[0-11][1-83].wasm,af5c55675c464b386479c621a04f97c5
all5/Approximate_Equality/[0-11][1-85].wasm,af5c55675c464b386479c621a04f97c5
all5/Approximate_Equality/[0-11][1-8].wasm,8d82e47cb072fe19dc61b9bac0112dba
all5/Approximate_Equality/[0-11][1-91].wasm,af5c55675c464b386479c621a04f97c5
all5/Approximate_Equality/[0-11][1-96].wasm,af5c55675c464b386479c621a04f97c5
all5/Approximate_Equality/[0-12].wasm,af5c55675c464b386479c621a04f97c5
all5/Approximate_Equality/[0-12].wasm.~1~,8d82e47cb072fe19dc61b9bac0112dba
all5/Approximate_Equality/[0-12][1-102].wasm,af5c55675c464b386479c621a04f97c5
all5/Approximate_Equality/[0-12][1-106].wasm,af5c55675c464b386479c621a04f97c5
all5/Approximate_Equality/[0-12][1-108].wasm,af5c55675c464b386479c621a04f97c5
all5/Approximate_Equality/[0-12][1-10].wasm,af5c55675c464b386479c621a04f97c5
all5/Approximate_Equality/[0-12][1-123].wasm,af5c55675c464b386479c621a04f97c5
all5/Approximate_Equality/[0-12][1-124].wasm,af5c55675c464b386479c621a04f97c5
all5/Approximate_Equality/[0-12][1-132].wasm,af5c55675c464b386479c621a04f97c5
all5/Approximate_Equality/[0-12][1-134].wasm,af5c55675c464b386479c621a04f97c5
all5/Approximate_Equality/[0-12][1-144].wasm,af5c55675c464b386479c621a04f97c5
all5/Approximate_Equality/[0-12][1-146].wasm,af5c55675c464b386479c621a04f97c5
all5/Approximate_Equality/[0-12][1-14].wasm,af5c55675c464b386479c621a04f97c5
all5/Approximate_Equality/[0-12][1-17].wasm,af5c55675c464b386479c621a04f97c5
all5/Approximate_Equality/[0-12][1-1].wasm,8d82e47cb072fe19dc61b9bac0112dba
all5/Approximate_Equality/[0-12][1-24].wasm,af5c55675c464b386479c621a04f97c5
all5/Approximate_Equality/[0-12][1-26].wasm,af5c55675c464b386479c621a04f97c5
all5/Approximate_Equality/[0-12][1-29].wasm,af5c55675c464b386479c621a04f97c5
all5/Approximate_Equality/[0-12][1-2].wasm,8d82e47cb072fe19dc61b9bac0112dba
all5/Approximate_Equality/[0-12][1-3].wasm,8d82e47cb072fe19dc61b9bac0112dba
all5/Approximate_Equality/[0-12][1-43].wasm,af5c55675c464b386479c621a04f97c5
all5/Approximate_Equality/[0-12][1-46].wasm,af5c55675c464b386479c621a04f97c5
all5/Approximate_Equality/[0-12][1-4].wasm,8d82e47cb072fe19dc61b9bac0112dba
all5/Approximate_Equality/[0-12][1-5].wasm,8d82e47cb072fe19dc61b9bac0112dba
all5/Approximate_Equality/[0-12][1-60].wasm,af5c55675c464b386479c621a04f97c5
all5/Approximate_Equality/[0-12][1-68].wasm,af5c55675c464b386479c621a04f97c5
all5/Approximate_Equality/[0-12][1-6].wasm,8d82e47cb072fe19dc61b9bac0112dba
all5/Approximate_Equality/[0-12][1-73].wasm,af5c55675c464b386479c621a04f97c5
all5/Approximate_Equality/[0-12][1-75].wasm,af5c55675c464b386479c621a04f97c5
all5/Approximate_Equality/[0-12][1-78].wasm,af5c55675c464b386479c621a04f97c5
all5/Approximate_Equality/[0-12][1-7].wasm,af5c55675c464b386479c621a04f97c5
all5/Approximate_Equality/[0-12][1-7].wasm.~1~,8d82e47cb072fe19dc61b9bac0112dba
all5/Approximate_Equality/[0-12][1-81].wasm,af5c55675c464b386479c621a04f97c5
all5/Approximate_Equality/[0-12][1-83].wasm,af5c55675c464b386479c621a04f97c5
all5/Approximate_Equality/[0-12][1-85].wasm,af5c55675c464b386479c621a04f97c5
all5/Approximate_Equality/[0-12][1-8].wasm,8d82e47cb072fe19dc61b9bac0112dba
all5/Approximate_Equality/[0-12][1-91].wasm,af5c55675c464b386479c621a04f97c5
all5/Approximate_Equality/[0-12][1-96].wasm,af5c55675c464b386479c621a04f97c5
all5/Approximate_Equality/[0-13].wasm,af5c55675c464b386479c621a04f97c5
all5/Approximate_Equality/[0-13].wasm.~1~,8d82e47cb072fe19dc61b9bac0112dba
all5/Approximate_Equality/[0-13][1-102].wasm,af5c55675c464b386479c621a04f97c5
all5/Approximate_Equality/[0-13][1-106].wasm,af5c55675c464b386479c621a04f97c5
all5/Approximate_Equality/[0-13][1-108].wasm,af5c55675c464b386479c621a04f97c5
all5/Approximate_Equality/[0-13][1-10].wasm,af5c55675c464b386479c621a04f97c5
all5/Approximate_Equality/[0-13][1-123].wasm,af5c55675c464b386479c621a04f97c5
all5/Approximate_Equality/[0-13][1-124].wasm,af5c55675c464b386479c621a04f97c5
all5/Approximate_Equality/[0-13][1-132].wasm,af5c55675c464b386479c621a04f97c5
all5/Approximate_Equality/[0-13][1-134].wasm,af5c55675c464b386479c621a04f97c5
all5/Approximate_Equality/[0-13][1-144].wasm,af5c55675c464b386479c621a04f97c5
all5/Approximate_Equality/[0-13][1-146].wasm,af5c55675c464b386479c621a04f97c5
all5/Approximate_Equality/[0-13][1-14].wasm,af5c55675c464b386479c621a04f97c5
all5/Approximate_Equality/[0-13][1-17].wasm,af5c55675c464b386479c621a04f97c5
all5/Approximate_Equality/[0-13][1-1].wasm,8d82e47cb072fe19dc61b9bac0112dba
all5/Approximate_Equality/[0-13][1-24].wasm,af5c55675c464b386479c621a04f97c5
all5/Approximate_Equality/[0-13][1-26].wasm,af5c55675c464b386479c621a04f97c5
all5/Approximate_Equality/[0-13][1-29].wasm,af5c55675c464b386479c621a04f97c5
all5/Approximate_Equality/[0-13][1-2].wasm,8d82e47cb072fe19dc61b9bac0112dba
all5/Approximate_Equality/[0-13][1-3].wasm,8d82e47cb072fe19dc61b9bac0112dba
all5/Approximate_Equality/[0-13][1-43].wasm,af5c55675c464b386479c621a04f97c5
all5/Approximate_Equality/[0-13][1-46].wasm,af5c55675c464b386479c621a04f97c5
all5/Approximate_Equality/[0-13][1-5].wasm,8d82e47cb072fe19dc61b9bac0112dba
all5/Approximate_Equality/[0-13][1-60].wasm,af5c55675c464b386479c621a04f97c5
all5/Approximate_Equality/[0-13][1-68].wasm,af5c55675c464b386479c621a04f97c5
all5/Approximate_Equality/[0-13][1-73].wasm,af5c55675c464b386479c621a04f97c5
all5/Approximate_Equality/[0-13][1-75].wasm,af5c55675c464b386479c621a04f97c5
all5/Approximate_Equality/[0-13][1-78].wasm,af5c55675c464b386479c621a04f97c5
all5/Approximate_Equality/[0-13][1-7].wasm,af5c55675c464b386479c621a04f97c5
all5/Approximate_Equality/[0-13][1-81].wasm,af5c55675c464b386479c621a04f97c5
all5/Approximate_Equality/[0-13][1-83].wasm,af5c55675c464b386479c621a04f97c5
all5/Approximate_Equality/[0-13][1-85].wasm,af5c55675c464b386479c621a04f97c5
all5/Approximate_Equality/[0-13][1-91].wasm,af5c55675c464b386479c621a04f97c5
all5/Approximate_Equality/[0-13][1-96].wasm,af5c55675c464b386479c621a04f97c5
all5/Approximate_Equality/[0-1].wasm,af5c55675c464b386479c621a04f97c5
all5/Approximate_Equality/[0-1].wasm.~1~,8d82e47cb072fe19dc61b9bac0112dba
all5/Approximate_Equality/[0-1][1-102].wasm,af5c55675c464b386479c621a04f97c5
all5/Approximate_Equality/[0-1][1-106].wasm,af5c55675c464b386479c621a04f97c5
all5/Approximate_Equality/[0-1][1-108].wasm,af5c55675c464b386479c621a04f97c5
all5/Approximate_Equality/[0-1][1-10].wasm,af5c55675c464b386479c621a04f97c5
all5/Approximate_Equality/[0-1][1-123].wasm,af5c55675c464b386479c621a04f97c5
all5/Approximate_Equality/[0-1][1-124].wasm,af5c55675c464b386479c621a04f97c5
all5/Approximate_Equality/[0-1][1-132].wasm,af5c55675c464b386479c621a04f97c5
all5/Approximate_Equality/[0-1][1-134].wasm,af5c55675c464b386479c621a04f97c5
all5/Approximate_Equality/[0-1][1-144].wasm,af5c55675c464b386479c621a04f97c5
all5/Approximate_Equality/[0-1][1-146].wasm,af5c55675c464b386479c621a04f97c5
all5/Approximate_Equality/[0-1][1-14].wasm,af5c55675c464b386479c621a04f97c5
all5/Approximate_Equality/[0-1][1-17].wasm,af5c55675c464b386479c621a04f97c5
all5/Approximate_Equality/[0-1][1-1].wasm,8d82e47cb072fe19dc61b9bac0112dba
all5/Approximate_Equality/[0-1][1-24].wasm,af5c55675c464b386479c621a04f97c5
all5/Approximate_Equality/[0-1][1-26].wasm,af5c55675c464b386479c621a04f97c5
all5/Approximate_Equality/[0-1][1-29].wasm,af5c55675c464b386479c621a04f97c5
all5/Approximate_Equality/[0-1][1-2].wasm,8d82e47cb072fe19dc61b9bac0112dba
all5/Approximate_Equality/[0-1][1-3].wasm,8d82e47cb072fe19dc61b9bac0112dba
all5/Approximate_Equality/[0-1][1-43].wasm,af5c55675c464b386479c621a04f97c5
all5/Approximate_Equality/[0-1][1-46].wasm,af5c55675c464b386479c621a04f97c5
all5/Approximate_Equality/[0-1][1-4].wasm,8d82e47cb072fe19dc61b9bac0112dba
all5/Approximate_Equality/[0-1][1-5].wasm,8d82e47cb072fe19dc61b9bac0112dba
all5/Approximate_Equality/[0-1][1-60].wasm,af5c55675c464b386479c621a04f97c5
all5/Approximate_Equality/[0-1][1-68].wasm,af5c55675c464b386479c621a04f97c5
all5/Approximate_Equality/[0-1][1-6].wasm,8d82e47cb072fe19dc61b9bac0112dba
all5/Approximate_Equality/[0-1][1-73].wasm,af5c55675c464b386479c621a04f97c5
all5/Approximate_Equality/[0-1][1-75].wasm,af5c55675c464b386479c621a04f97c5
all5/Approximate_Equality/[0-1][1-78].wasm,af5c55675c464b386479c621a04f97c5
all5/Approximate_Equality/[0-1][1-7].wasm,af5c55675c464b386479c621a04f97c5
all5/Approximate_Equality/[0-1][1-7].wasm.~1~,8d82e47cb072fe19dc61b9bac0112dba
all5/Approximate_Equality/[0-1][1-81].wasm,af5c55675c464b386479c621a04f97c5
all5/Approximate_Equality/[0-1][1-83].wasm,af5c55675c464b386479c621a04f97c5
all5/Approximate_Equality/[0-1][1-85].wasm,af5c55675c464b386479c621a04f97c5
all5/Approximate_Equality/[0-1][1-8].wasm,8d82e47cb072fe19dc61b9bac0112dba
all5/Approximate_Equality/[0-1][1-91].wasm,af5c55675c464b386479c621a04f97c5
all5/Approximate_Equality/[0-1][1-96].wasm,af5c55675c464b386479c621a04f97c5
all5/Approximate_Equality/[0-2].wasm,af5c55675c464b386479c621a04f97c5
all5/Approximate_Equality/[0-2].wasm.~1~,8d82e47cb072fe19dc61b9bac0112dba
all5/Approximate_Equality/[0-2][1-102].wasm,af5c55675c464b386479c621a04f97c5
all5/Approximate_Equality/[0-2][1-106].wasm,af5c55675c464b386479c621a04f97c5
all5/Approximate_Equality/[0-2][1-108].wasm,af5c55675c464b386479c621a04f97c5
all5/Approximate_Equality/[0-2][1-10].wasm,af5c55675c464b386479c621a04f97c5
all5/Approximate_Equality/[0-2][1-123].wasm,af5c55675c464b386479c621a04f97c5
all5/Approximate_Equality/[0-2][1-124].wasm,af5c55675c464b386479c621a04f97c5
all5/Approximate_Equality/[0-2][1-132].wasm,af5c55675c464b386479c621a04f97c5
all5/Approximate_Equality/[0-2][1-134].wasm,af5c55675c464b386479c621a04f97c5
all5/Approximate_Equality/[0-2][1-144].wasm,af5c55675c464b386479c621a04f97c5
all5/Approximate_Equality/[0-2][1-146].wasm,af5c55675c464b386479c621a04f97c5
all5/Approximate_Equality/[0-2][1-14].wasm,af5c55675c464b386479c621a04f97c5
all5/Approximate_Equality/[0-2][1-17].wasm,af5c55675c464b386479c621a04f97c5
all5/Approximate_Equality/[0-2][1-1].wasm,8d82e47cb072fe19dc61b9bac0112dba
all5/Approximate_Equality/[0-2][1-24].wasm,af5c55675c464b386479c621a04f97c5
all5/Approximate_Equality/[0-2][1-26].wasm,af5c55675c464b386479c621a04f97c5
all5/Approximate_Equality/[0-2][1-29].wasm,af5c55675c464b386479c621a04f97c5
all5/Approximate_Equality/[0-2][1-2].wasm,8d82e47cb072fe19dc61b9bac0112dba
all5/Approximate_Equality/[0-2][1-3].wasm,8d82e47cb072fe19dc61b9bac0112dba
all5/Approximate_Equality/[0-2][1-43].wasm,af5c55675c464b386479c621a04f97c5
all5/Approximate_Equality/[0-2][1-46].wasm,af5c55675c464b386479c621a04f97c5
all5/Approximate_Equality/[0-2][1-4].wasm,8d82e47cb072fe19dc61b9bac0112dba
all5/Approximate_Equality/[0-2][1-5].wasm,8d82e47cb072fe19dc61b9bac0112dba
all5/Approximate_Equality/[0-2][1-60].wasm,af5c55675c464b386479c621a04f97c5
all5/Approximate_Equality/[0-2][1-68].wasm,af5c55675c464b386479c621a04f97c5
all5/Approximate_Equality/[0-2][1-6].wasm,8d82e47cb072fe19dc61b9bac0112dba
all5/Approximate_Equality/[0-2][1-73].wasm,af5c55675c464b386479c621a04f97c5
all5/Approximate_Equality/[0-2][1-75].wasm,af5c55675c464b386479c621a04f97c5
all5/Approximate_Equality/[0-2][1-78].wasm,af5c55675c464b386479c621a04f97c5
all5/Approximate_Equality/[0-2][1-7].wasm,af5c55675c464b386479c621a04f97c5
all5/Approximate_Equality/[0-2][1-7].wasm.~1~,8d82e47cb072fe19dc61b9bac0112dba
all5/Approximate_Equality/[0-2][1-81].wasm,af5c55675c464b386479c621a04f97c5
all5/Approximate_Equality/[0-2][1-83].wasm,af5c55675c464b386479c621a04f97c5
all5/Approximate_Equality/[0-2][1-85].wasm,af5c55675c464b386479c621a04f97c5
all5/Approximate_Equality/[0-2][1-8].wasm,8d82e47cb072fe19dc61b9bac0112dba
all5/Approximate_Equality/[0-2][1-91].wasm,af5c55675c464b386479c621a04f97c5
all5/Approximate_Equality/[0-2][1-96].wasm,af5c55675c464b386479c621a04f97c5
all5/Approximate_Equality/[0-3].wasm,af5c55675c464b386479c621a04f97c5
all5/Approximate_Equality/[0-3].wasm.~1~,8d82e47cb072fe19dc61b9bac0112dba
all5/Approximate_Equality/[0-3][1-102].wasm,af5c55675c464b386479c621a04f97c5
all5/Approximate_Equality/[0-3][1-106].wasm,af5c55675c464b386479c621a04f97c5
all5/Approximate_Equality/[0-3][1-108].wasm,af5c55675c464b386479c621a04f97c5
all5/Approximate_Equality/[0-3][1-10].wasm,af5c55675c464b386479c621a04f97c5
all5/Approximate_Equality/[0-3][1-123].wasm,af5c55675c464b386479c621a04f97c5
all5/Approximate_Equality/[0-3][1-124].wasm,af5c55675c464b386479c621a04f97c5
all5/Approximate_Equality/[0-3][1-132].wasm,af5c55675c464b386479c621a04f97c5
all5/Approximate_Equality/[0-3][1-134].wasm,af5c55675c464b386479c621a04f97c5
all5/Approximate_Equality/[0-3][1-144].wasm,af5c55675c464b386479c621a04f97c5
all5/Approximate_Equality/[0-3][1-146].wasm,af5c55675c464b386479c621a04f97c5
all5/Approximate_Equality/[0-3][1-14].wasm,af5c55675c464b386479c621a04f97c5
all5/Approximate_Equality/[0-3][1-17].wasm,af5c55675c464b386479c621a04f97c5
all5/Approximate_Equality/[0-3][1-1].wasm,8d82e47cb072fe19dc61b9bac0112dba
all5/Approximate_Equality/[0-3][1-24].wasm,af5c55675c464b386479c621a04f97c5
all5/Approximate_Equality/[0-3][1-26].wasm,af5c55675c464b386479c621a04f97c5
all5/Approximate_Equality/[0-3][1-29].wasm,af5c55675c464b386479c621a04f97c5
all5/Approximate_Equality/[0-3][1-2].wasm,8d82e47cb072fe19dc61b9bac0112dba
all5/Approximate_Equality/[0-3][1-3].wasm,8d82e47cb072fe19dc61b9bac0112dba
all5/Approximate_Equality/[0-3][1-43].wasm,af5c55675c464b386479c621a04f97c5
all5/Approximate_Equality/[0-3][1-46].wasm,af5c55675c464b386479c621a04f97c5
all5/Approximate_Equality/[0-3][1-4].wasm,8d82e47cb072fe19dc61b9bac0112dba
all5/Approximate_Equality/[0-3][1-5].wasm,8d82e47cb072fe19dc61b9bac0112dba
all5/Approximate_Equality/[0-3][1-60].wasm,af5c55675c464b386479c621a04f97c5
all5/Approximate_Equality/[0-3][1-68].wasm,af5c55675c464b386479c621a04f97c5
all5/Approximate_Equality/[0-3][1-6].wasm,8d82e47cb072fe19dc61b9bac0112dba
all5/Approximate_Equality/[0-3][1-73].wasm,af5c55675c464b386479c621a04f97c5
all5/Approximate_Equality/[0-3][1-75].wasm,af5c55675c464b386479c621a04f97c5
all5/Approximate_Equality/[0-3][1-78].wasm,af5c55675c464b386479c621a04f97c5
all5/Approximate_Equality/[0-3][1-7].wasm,af5c55675c464b386479c621a04f97c5
all5/Approximate_Equality/[0-3][1-7].wasm.~1~,8d82e47cb072fe19dc61b9bac0112dba
all5/Approximate_Equality/[0-3][1-81].wasm,af5c55675c464b386479c621a04f97c5
all5/Approximate_Equality/[0-3][1-83].wasm,af5c55675c464b386479c621a04f97c5
all5/Approximate_Equality/[0-3][1-85].wasm,af5c55675c464b386479c621a04f97c5
all5/Approximate_Equality/[0-3][1-8].wasm,8d82e47cb072fe19dc61b9bac0112dba
all5/Approximate_Equality/[0-3][1-91].wasm,af5c55675c464b386479c621a04f97c5
all5/Approximate_Equality/[0-3][1-96].wasm,af5c55675c464b386479c621a04f97c5
all5/Approximate_Equality/[0-4].wasm,af5c55675c464b386479c621a04f97c5
all5/Approximate_Equality/[0-4].wasm.~1~,8d82e47cb072fe19dc61b9bac0112dba
all5/Approximate_Equality/[0-4][1-102].wasm,af5c55675c464b386479c621a04f97c5
all5/Approximate_Equality/[0-4][1-106].wasm,af5c55675c464b386479c621a04f97c5
all5/Approximate_Equality/[0-4][1-108].wasm,af5c55675c464b386479c621a04f97c5
all5/Approximate_Equality/[0-4][1-10].wasm,af5c55675c464b386479c621a04f97c5
all5/Approximate_Equality/[0-4][1-123].wasm,af5c55675c464b386479c621a04f97c5
all5/Approximate_Equality/[0-4][1-124].wasm,af5c55675c464b386479c621a04f97c5
all5/Approximate_Equality/[0-4][1-132].wasm,af5c55675c464b386479c621a04f97c5
all5/Approximate_Equality/[0-4][1-134].wasm,af5c55675c464b386479c621a04f97c5
all5/Approximate_Equality/[0-4][1-144].wasm,af5c55675c464b386479c621a04f97c5
all5/Approximate_Equality/[0-4][1-146].wasm,af5c55675c464b386479c621a04f97c5
all5/Approximate_Equality/[0-4][1-14].wasm,af5c55675c464b386479c621a04f97c5
all5/Approximate_Equality/[0-4][1-17].wasm,af5c55675c464b386479c621a04f97c5
all5/Approximate_Equality/[0-4][1-1].wasm,8d82e47cb072fe19dc61b9bac0112dba
all5/Approximate_Equality/[0-4][1-24].wasm,af5c55675c464b386479c621a04f97c5
all5/Approximate_Equality/[0-4][1-26].wasm,af5c55675c464b386479c621a04f97c5
all5/Approximate_Equality/[0-4][1-29].wasm,af5c55675c464b386479c621a04f97c5
all5/Approximate_Equality/[0-4][1-2].wasm,8d82e47cb072fe19dc61b9bac0112dba
all5/Approximate_Equality/[0-4][1-3].wasm,8d82e47cb072fe19dc61b9bac0112dba
all5/Approximate_Equality/[0-4][1-43].wasm,af5c55675c464b386479c621a04f97c5
all5/Approximate_Equality/[0-4][1-46].wasm,af5c55675c464b386479c621a04f97c5
all5/Approximate_Equality/[0-4][1-4].wasm,8d82e47cb072fe19dc61b9bac0112dba
all5/Approximate_Equality/[0-4][1-5].wasm,8d82e47cb072fe19dc61b9bac0112dba
all5/Approximate_Equality/[0-4][1-60].wasm,af5c55675c464b386479c621a04f97c5
all5/Approximate_Equality/[0-4][1-68].wasm,af5c55675c464b386479c621a04f97c5
all5/Approximate_Equality/[0-4][1-6].wasm,8d82e47cb072fe19dc61b9bac0112dba
all5/Approximate_Equality/[0-4][1-73].wasm,af5c55675c464b386479c621a04f97c5
all5/Approximate_Equality/[0-4][1-75].wasm,af5c55675c464b386479c621a04f97c5
all5/Approximate_Equality/[0-4][1-78].wasm,af5c55675c464b386479c621a04f97c5
all5/Approximate_Equality/[0-4][1-7].wasm,af5c55675c464b386479c621a04f97c5
all5/Approximate_Equality/[0-4][1-7].wasm.~1~,8d82e47cb072fe19dc61b9bac0112dba
all5/Approximate_Equality/[0-4][1-81].wasm,af5c55675c464b386479c621a04f97c5
all5/Approximate_Equality/[0-4][1-83].wasm,af5c55675c464b386479c621a04f97c5
all5/Approximate_Equality/[0-4][1-85].wasm,af5c55675c464b386479c621a04f97c5
all5/Approximate_Equality/[0-4][1-8].wasm,8d82e47cb072fe19dc61b9bac0112dba
all5/Approximate_Equality/[0-4][1-91].wasm,af5c55675c464b386479c621a04f97c5
all5/Approximate_Equality/[0-4][1-96].wasm,af5c55675c464b386479c621a04f97c5
all5/Approximate_Equality/[0-5].wasm,af5c55675c464b386479c621a04f97c5
all5/Approximate_Equality/[0-5].wasm.~1~,8d82e47cb072fe19dc61b9bac0112dba
all5/Approximate_Equality/[0-5][1-102].wasm,af5c55675c464b386479c621a04f97c5
all5/Approximate_Equality/[0-5][1-106].wasm,af5c55675c464b386479c621a04f97c5
all5/Approximate_Equality/[0-5][1-108].wasm,af5c55675c464b386479c621a04f97c5
all5/Approximate_Equality/[0-5][1-10].wasm,af5c55675c464b386479c621a04f97c5
all5/Approximate_Equality/[0-5][1-123].wasm,af5c55675c464b386479c621a04f97c5
all5/Approximate_Equality/[0-5][1-124].wasm,af5c55675c464b386479c621a04f97c5
all5/Approximate_Equality/[0-5][1-132].wasm,af5c55675c464b386479c621a04f97c5
all5/Approximate_Equality/[0-5][1-134].wasm,af5c55675c464b386479c621a04f97c5
all5/Approximate_Equality/[0-5][1-144].wasm,af5c55675c464b386479c621a04f97c5
all5/Approximate_Equality/[0-5][1-146].wasm,af5c55675c464b386479c621a04f97c5
all5/Approximate_Equality/[0-5][1-14].wasm,af5c55675c464b386479c621a04f97c5
all5/Approximate_Equality/[0-5][1-17].wasm,af5c55675c464b386479c621a04f97c5
all5/Approximate_Equality/[0-5][1-1].wasm,8d82e47cb072fe19dc61b9bac0112dba
all5/Approximate_Equality/[0-5][1-24].wasm,af5c55675c464b386479c621a04f97c5
all5/Approximate_Equality/[0-5][1-26].wasm,af5c55675c464b386479c621a04f97c5
all5/Approximate_Equality/[0-5][1-29].wasm,af5c55675c464b386479c621a04f97c5
all5/Approximate_Equality/[0-5][1-2].wasm,8d82e47cb072fe19dc61b9bac0112dba
all5/Approximate_Equality/[0-5][1-3].wasm,8d82e47cb072fe19dc61b9bac0112dba
all5/Approximate_Equality/[0-5][1-43].wasm,af5c55675c464b386479c621a04f97c5
all5/Approximate_Equality/[0-5][1-46].wasm,af5c55675c464b386479c621a04f97c5
all5/Approximate_Equality/[0-5][1-4].wasm,8d82e47cb072fe19dc61b9bac0112dba
all5/Approximate_Equality/[0-5][1-5].wasm,8d82e47cb072fe19dc61b9bac0112dba
all5/Approximate_Equality/[0-5][1-60].wasm,af5c55675c464b386479c621a04f97c5
all5/Approximate_Equality/[0-5][1-68].wasm,af5c55675c464b386479c621a04f97c5
all5/Approximate_Equality/[0-5][1-6].wasm,8d82e47cb072fe19dc61b9bac0112dba
all5/Approximate_Equality/[0-5][1-73].wasm,af5c55675c464b386479c621a04f97c5
all5/Approximate_Equality/[0-5][1-75].wasm,af5c55675c464b386479c621a04f97c5
all5/Approximate_Equality/[0-5][1-78].wasm,af5c55675c464b386479c621a04f97c5
all5/Approximate_Equality/[0-5][1-7].wasm,af5c55675c464b386479c621a04f97c5
all5/Approximate_Equality/[0-5][1-7].wasm.~1~,8d82e47cb072fe19dc61b9bac0112dba
all5/Approximate_Equality/[0-5][1-81].wasm,af5c55675c464b386479c621a04f97c5
all5/Approximate_Equality/[0-5][1-83].wasm,af5c55675c464b386479c621a04f97c5
all5/Approximate_Equality/[0-5][1-85].wasm,af5c55675c464b386479c621a04f97c5
all5/Approximate_Equality/[0-5][1-8].wasm,8d82e47cb072fe19dc61b9bac0112dba
all5/Approximate_Equality/[0-5][1-91].wasm,af5c55675c464b386479c621a04f97c5
all5/Approximate_Equality/[0-5][1-96].wasm,af5c55675c464b386479c621a04f97c5
all5/Approximate_Equality/[0-6].wasm,af5c55675c464b386479c621a04f97c5
all5/Approximate_Equality/[0-6].wasm.~1~,8d82e47cb072fe19dc61b9bac0112dba
all5/Approximate_Equality/[0-6][1-102].wasm,af5c55675c464b386479c621a04f97c5
all5/Approximate_Equality/[0-6][1-106].wasm,af5c55675c464b386479c621a04f97c5
all5/Approximate_Equality/[0-6][1-108].wasm,af5c55675c464b386479c621a04f97c5
all5/Approximate_Equality/[0-6][1-10].wasm,af5c55675c464b386479c621a04f97c5
all5/Approximate_Equality/[0-6][1-123].wasm,af5c55675c464b386479c621a04f97c5
all5/Approximate_Equality/[0-6][1-124].wasm,af5c55675c464b386479c621a04f97c5
all5/Approximate_Equality/[0-6][1-132].wasm,af5c55675c464b386479c621a04f97c5
all5/Approximate_Equality/[0-6][1-134].wasm,af5c55675c464b386479c621a04f97c5
all5/Approximate_Equality/[0-6][1-144].wasm,af5c55675c464b386479c621a04f97c5
all5/Approximate_Equality/[0-6][1-146].wasm,af5c55675c464b386479c621a04f97c5
all5/Approximate_Equality/[0-6][1-14].wasm,af5c55675c464b386479c621a04f97c5
all5/Approximate_Equality/[0-6][1-17].wasm,af5c55675c464b386479c621a04f97c5
all5/Approximate_Equality/[0-6][1-1].wasm,8d82e47cb072fe19dc61b9bac0112dba
all5/Approximate_Equality/[0-6][1-24].wasm,af5c55675c464b386479c621a04f97c5
all5/Approximate_Equality/[0-6][1-26].wasm,af5c55675c464b386479c621a04f97c5
all5/Approximate_Equality/[0-6][1-29].wasm,af5c55675c464b386479c621a04f97c5
all5/Approximate_Equality/[0-6][1-2].wasm,8d82e47cb072fe19dc61b9bac0112dba
all5/Approximate_Equality/[0-6][1-3].wasm,8d82e47cb072fe19dc61b9bac0112dba
all5/Approximate_Equality/[0-6][1-43].wasm,af5c55675c464b386479c621a04f97c5
all5/Approximate_Equality/[0-6][1-46].wasm,af5c55675c464b386479c621a04f97c5
all5/Approximate_Equality/[0-6][1-4].wasm,8d82e47cb072fe19dc61b9bac0112dba
all5/Approximate_Equality/[0-6][1-5].wasm,8d82e47cb072fe19dc61b9bac0112dba
all5/Approximate_Equality/[0-6][1-60].wasm,af5c55675c464b386479c621a04f97c5
all5/Approximate_Equality/[0-6][1-68].wasm,af5c55675c464b386479c621a04f97c5
all5/Approximate_Equality/[0-6][1-6].wasm,8d82e47cb072fe19dc61b9bac0112dba
all5/Approximate_Equality/[0-6][1-73].wasm,af5c55675c464b386479c621a04f97c5
all5/Approximate_Equality/[0-6][1-75].wasm,af5c55675c464b386479c621a04f97c5
all5/Approximate_Equality/[0-6][1-78].wasm,af5c55675c464b386479c621a04f97c5
all5/Approximate_Equality/[0-6][1-7].wasm,af5c55675c464b386479c621a04f97c5
all5/Approximate_Equality/[0-6][1-7].wasm.~1~,8d82e47cb072fe19dc61b9bac0112dba
all5/Approximate_Equality/[0-6][1-81].wasm,af5c55675c464b386479c621a04f97c5
all5/Approximate_Equality/[0-6][1-83].wasm,af5c55675c464b386479c621a04f97c5
all5/Approximate_Equality/[0-6][1-85].wasm,af5c55675c464b386479c621a04f97c5
all5/Approximate_Equality/[0-6][1-8].wasm,8d82e47cb072fe19dc61b9bac0112dba
all5/Approximate_Equality/[0-6][1-91].wasm,af5c55675c464b386479c621a04f97c5
all5/Approximate_Equality/[0-6][1-96].wasm,af5c55675c464b386479c621a04f97c5
all5/Approximate_Equality/[0-7].wasm,af5c55675c464b386479c621a04f97c5
all5/Approximate_Equality/[0-7].wasm.~1~,8d82e47cb072fe19dc61b9bac0112dba
all5/Approximate_Equality/[0-7][1-102].wasm,af5c55675c464b386479c621a04f97c5
all5/Approximate_Equality/[0-7][1-106].wasm,af5c55675c464b386479c621a04f97c5
all5/Approximate_Equality/[0-7][1-108].wasm,af5c55675c464b386479c621a04f97c5
all5/Approximate_Equality/[0-7][1-10].wasm,af5c55675c464b386479c621a04f97c5
all5/Approximate_Equality/[0-7][1-123].wasm,af5c55675c464b386479c621a04f97c5
all5/Approximate_Equality/[0-7][1-124].wasm,af5c55675c464b386479c621a04f97c5
all5/Approximate_Equality/[0-7][1-132].wasm,af5c55675c464b386479c621a04f97c5
all5/Approximate_Equality/[0-7][1-134].wasm,af5c55675c464b386479c621a04f97c5
all5/Approximate_Equality/[0-7][1-144].wasm,af5c55675c464b386479c621a04f97c5
all5/Approximate_Equality/[0-7][1-146].wasm,af5c55675c464b386479c621a04f97c5
all5/Approximate_Equality/[0-7][1-14].wasm,af5c55675c464b386479c621a04f97c5
all5/Approximate_Equality/[0-7][1-17].wasm,af5c55675c464b386479c621a04f97c5
all5/Approximate_Equality/[0-7][1-1].wasm,8d82e47cb072fe19dc61b9bac0112dba
all5/Approximate_Equality/[0-7][1-24].wasm,af5c55675c464b386479c621a04f97c5
all5/Approximate_Equality/[0-7][1-26].wasm,af5c55675c464b386479c621a04f97c5
all5/Approximate_Equality/[0-7][1-29].wasm,af5c55675c464b386479c621a04f97c5
all5/Approximate_Equality/[0-7][1-2].wasm,8d82e47cb072fe19dc61b9bac0112dba
all5/Approximate_Equality/[0-7][1-3].wasm,8d82e47cb072fe19dc61b9bac0112dba
all5/Approximate_Equality/[0-7][1-43].wasm,af5c55675c464b386479c621a04f97c5
all5/Approximate_Equality/[0-7][1-46].wasm,af5c55675c464b386479c621a04f97c5
all5/Approximate_Equality/[0-7][1-4].wasm,8d82e47cb072fe19dc61b9bac0112dba
all5/Approximate_Equality/[0-7][1-5].wasm,8d82e47cb072fe19dc61b9bac0112dba
all5/Approximate_Equality/[0-7][1-60].wasm,af5c55675c464b386479c621a04f97c5
all5/Approximate_Equality/[0-7][1-68].wasm,af5c55675c464b386479c621a04f97c5
all5/Approximate_Equality/[0-7][1-6].wasm,8d82e47cb072fe19dc61b9bac0112dba
all5/Approximate_Equality/[0-7][1-73].wasm,af5c55675c464b386479c621a04f97c5
all5/Approximate_Equality/[0-7][1-75].wasm,af5c55675c464b386479c621a04f97c5
all5/Approximate_Equality/[0-7][1-78].wasm,af5c55675c464b386479c621a04f97c5
all5/Approximate_Equality/[0-7][1-7].wasm,af5c55675c464b386479c621a04f97c5
all5/Approximate_Equality/[0-7][1-7].wasm.~1~,8d82e47cb072fe19dc61b9bac0112dba
all5/Approximate_Equality/[0-7][1-81].wasm,af5c55675c464b386479c621a04f97c5
all5/Approximate_Equality/[0-7][1-83].wasm,af5c55675c464b386479c621a04f97c5
all5/Approximate_Equality/[0-7][1-85].wasm,af5c55675c464b386479c621a04f97c5
all5/Approximate_Equality/[0-7][1-8].wasm,8d82e47cb072fe19dc61b9bac0112dba
all5/Approximate_Equality/[0-7][1-91].wasm,af5c55675c464b386479c621a04f97c5
all5/Approximate_Equality/[0-7][1-96].wasm,af5c55675c464b386479c621a04f97c5
all5/Approximate_Equality/[0-8].wasm,af5c55675c464b386479c621a04f97c5
all5/Approximate_Equality/[0-8].wasm.~1~,f4db05de57c88ff4887b0a914f10e57e
all5/Approximate_Equality/[0-8][1-102].wasm,af5c55675c464b386479c621a04f97c5
all5/Approximate_Equality/[0-8][1-106].wasm,af5c55675c464b386479c621a04f97c5
all5/Approximate_Equality/[0-8][1-108].wasm,af5c55675c464b386479c621a04f97c5
all5/Approximate_Equality/[0-8][1-10].wasm,af5c55675c464b386479c621a04f97c5
all5/Approximate_Equality/[0-8][1-123].wasm,af5c55675c464b386479c621a04f97c5
all5/Approximate_Equality/[0-8][1-124].wasm,af5c55675c464b386479c621a04f97c5
all5/Approximate_Equality/[0-8][1-132].wasm,af5c55675c464b386479c621a04f97c5
all5/Approximate_Equality/[0-8][1-134].wasm,af5c55675c464b386479c621a04f97c5
all5/Approximate_Equality/[0-8][1-144].wasm,af5c55675c464b386479c621a04f97c5
all5/Approximate_Equality/[0-8][1-146].wasm,af5c55675c464b386479c621a04f97c5
all5/Approximate_Equality/[0-8][1-14].wasm,af5c55675c464b386479c621a04f97c5
all5/Approximate_Equality/[0-8][1-17].wasm,af5c55675c464b386479c621a04f97c5
all5/Approximate_Equality/[0-8][1-1].wasm,f4db05de57c88ff4887b0a914f10e57e
all5/Approximate_Equality/[0-8][1-24].wasm,af5c55675c464b386479c621a04f97c5
all5/Approximate_Equality/[0-8][1-26].wasm,af5c55675c464b386479c621a04f97c5
all5/Approximate_Equality/[0-8][1-29].wasm,af5c55675c464b386479c621a04f97c5
all5/Approximate_Equality/[0-8][1-2].wasm,f4db05de57c88ff4887b0a914f10e57e
all5/Approximate_Equality/[0-8][1-3].wasm,f4db05de57c88ff4887b0a914f10e57e
all5/Approximate_Equality/[0-8][1-43].wasm,af5c55675c464b386479c621a04f97c5
all5/Approximate_Equality/[0-8][1-46].wasm,af5c55675c464b386479c621a04f97c5
all5/Approximate_Equality/[0-8][1-4].wasm,f4db05de57c88ff4887b0a914f10e57e
all5/Approximate_Equality/[0-8][1-5].wasm,f4db05de57c88ff4887b0a914f10e57e
all5/Approximate_Equality/[0-8][1-60].wasm,af5c55675c464b386479c621a04f97c5
all5/Approximate_Equality/[0-8][1-68].wasm,af5c55675c464b386479c621a04f97c5
all5/Approximate_Equality/[0-8][1-6].wasm,f4db05de57c88ff4887b0a914f10e57e
all5/Approximate_Equality/[0-8][1-73].wasm,af5c55675c464b386479c621a04f97c5
all5/Approximate_Equality/[0-8][1-75].wasm,af5c55675c464b386479c621a04f97c5
all5/Approximate_Equality/[0-8][1-78].wasm,af5c55675c464b386479c621a04f97c5
all5/Approximate_Equality/[0-8][1-7].wasm,af5c55675c464b386479c621a04f97c5
all5/Approximate_Equality/[0-8][1-7].wasm.~1~,f4db05de57c88ff4887b0a914f10e57e
all5/Approximate_Equality/[0-8][1-81].wasm,af5c55675c464b386479c621a04f97c5
all5/Approximate_Equality/[0-8][1-83].wasm,af5c55675c464b386479c621a04f97c5
all5/Approximate_Equality/[0-8][1-85].wasm,af5c55675c464b386479c621a04f97c5
all5/Approximate_Equality/[0-8][1-8].wasm,f4db05de57c88ff4887b0a914f10e57e
all5/Approximate_Equality/[0-8][1-91].wasm,af5c55675c464b386479c621a04f97c5
all5/Approximate_Equality/[0-8][1-96].wasm,af5c55675c464b386479c621a04f97c5
all5/Approximate_Equality/[0-9].wasm,af5c55675c464b386479c621a04f97c5
all5/Approximate_Equality/[0-9].wasm.~1~,8d82e47cb072fe19dc61b9bac0112dba
all5/Approximate_Equality/[0-9][1-102].wasm,af5c55675c464b386479c621a04f97c5
all5/Approximate_Equality/[0-9][1-106].wasm,af5c55675c464b386479c621a04f97c5
all5/Approximate_Equality/[0-9][1-108].wasm,af5c55675c464b386479c621a04f97c5
all5/Approximate_Equality/[0-9][1-10].wasm,af5c55675c464b386479c621a04f97c5
all5/Approximate_Equality/[0-9][1-123].wasm,af5c55675c464b386479c621a04f97c5
all5/Approximate_Equality/[0-9][1-124].wasm,af5c55675c464b386479c621a04f97c5
all5/Approximate_Equality/[0-9][1-132].wasm,af5c55675c464b386479c621a04f97c5
all5/Approximate_Equality/[0-9][1-134].wasm,af5c55675c464b386479c621a04f97c5
all5/Approximate_Equality/[0-9][1-144].wasm,af5c55675c464b386479c621a04f97c5
all5/Approximate_Equality/[0-9][1-146].wasm,af5c55675c464b386479c621a04f97c5
all5/Approximate_Equality/[0-9][1-14].wasm,af5c55675c464b386479c621a04f97c5
all5/Approximate_Equality/[0-9][1-17].wasm,af5c55675c464b386479c621a04f97c5
all5/Approximate_Equality/[0-9][1-1].wasm,8d82e47cb072fe19dc61b9bac0112dba
all5/Approximate_Equality/[0-9][1-24].wasm,af5c55675c464b386479c621a04f97c5
all5/Approximate_Equality/[0-9][1-26].wasm,af5c55675c464b386479c621a04f97c5
all5/Approximate_Equality/[0-9][1-29].wasm,af5c55675c464b386479c621a04f97c5
all5/Approximate_Equality/[0-9][1-2].wasm,8d82e47cb072fe19dc61b9bac0112dba
all5/Approximate_Equality/[0-9][1-3].wasm,8d82e47cb072fe19dc61b9bac0112dba
all5/Approximate_Equality/[0-9][1-43].wasm,af5c55675c464b386479c621a04f97c5
all5/Approximate_Equality/[0-9][1-46].wasm,af5c55675c464b386479c621a04f97c5
all5/Approximate_Equality/[0-9][1-4].wasm,8d82e47cb072fe19dc61b9bac0112dba
all5/Approximate_Equality/[0-9][1-5].wasm,8d82e47cb072fe19dc61b9bac0112dba
all5/Approximate_Equality/[0-9][1-60].wasm,af5c55675c464b386479c621a04f97c5
all5/Approximate_Equality/[0-9][1-68].wasm,af5c55675c464b386479c621a04f97c5
all5/Approximate_Equality/[0-9][1-6].wasm,8d82e47cb072fe19dc61b9bac0112dba
all5/Approximate_Equality/[0-9][1-73].wasm,af5c55675c464b386479c621a04f97c5
all5/Approximate_Equality/[0-9][1-75].wasm,af5c55675c464b386479c621a04f97c5
all5/Approximate_Equality/[0-9][1-78].wasm,af5c55675c464b386479c621a04f97c5
all5/Approximate_Equality/[0-9][1-7].wasm,af5c55675c464b386479c621a04f97c5
all5/Approximate_Equality/[0-9][1-7].wasm.~1~,8d82e47cb072fe19dc61b9bac0112dba
all5/Approximate_Equality/[0-9][1-81].wasm,af5c55675c464b386479c621a04f97c5
all5/Approximate_Equality/[0-9][1-83].wasm,af5c55675c464b386479c621a04f97c5
all5/Approximate_Equality/[0-9][1-85].wasm,af5c55675c464b386479c621a04f97c5
all5/Approximate_Equality/[0-9][1-8].wasm,8d82e47cb072fe19dc61b9bac0112dba
all5/Approximate_Equality/[0-9][1-91].wasm,af5c55675c464b386479c621a04f97c5
all5/Approximate_Equality/[0-9][1-96].wasm,af5c55675c464b386479c621a04f97c5
all5/Approximate_Equality/[1-102].wasm,af5c55675c464b386479c621a04f97c5
all5/Approximate_Equality/[1-106].wasm,af5c55675c464b386479c621a04f97c5
all5/Approximate_Equality/[1-108].wasm,af5c55675c464b386479c621a04f97c5
all5/Approximate_Equality/[1-10].wasm,af5c55675c464b386479c621a04f97c5
all5/Approximate_Equality/[1-123].wasm,af5c55675c464b386479c621a04f97c5
all5/Approximate_Equality/[1-124].wasm,af5c55675c464b386479c621a04f97c5
all5/Approximate_Equality/[1-132].wasm,af5c55675c464b386479c621a04f97c5
all5/Approximate_Equality/[1-134].wasm,af5c55675c464b386479c621a04f97c5
all5/Approximate_Equality/[1-144].wasm,af5c55675c464b386479c621a04f97c5
all5/Approximate_Equality/[1-146].wasm,af5c55675c464b386479c621a04f97c5
all5/Approximate_Equality/[1-14].wasm,af5c55675c464b386479c621a04f97c5
all5/Approximate_Equality/[1-17].wasm,af5c55675c464b386479c621a04f97c5
all5/Approximate_Equality/[1-1].wasm,8d82e47cb072fe19dc61b9bac0112dba
all5/Approximate_Equality/[1-24].wasm,af5c55675c464b386479c621a04f97c5
all5/Approximate_Equality/[1-26].wasm,af5c55675c464b386479c621a04f97c5
all5/Approximate_Equality/[1-29].wasm,af5c55675c464b386479c621a04f97c5
all5/Approximate_Equality/[1-2].wasm,8d82e47cb072fe19dc61b9bac0112dba
all5/Approximate_Equality/[1-3].wasm,8d82e47cb072fe19dc61b9bac0112dba
all5/Approximate_Equality/[1-43].wasm,af5c55675c464b386479c621a04f97c5
all5/Approximate_Equality/[1-46].wasm,af5c55675c464b386479c621a04f97c5
all5/Approximate_Equality/[1-4].wasm,8d82e47cb072fe19dc61b9bac0112dba
all5/Approximate_Equality/[1-5].wasm,8d82e47cb072fe19dc61b9bac0112dba
all5/Approximate_Equality/[1-60].wasm,af5c55675c464b386479c621a04f97c5
all5/Approximate_Equality/[1-68].wasm,af5c55675c464b386479c621a04f97c5
all5/Approximate_Equality/[1-6].wasm,8d82e47cb072fe19dc61b9bac0112dba
all5/Approximate_Equality/[1-73].wasm,af5c55675c464b386479c621a04f97c5
all5/Approximate_Equality/[1-75].wasm,af5c55675c464b386479c621a04f97c5
all5/Approximate_Equality/[1-78].wasm,af5c55675c464b386479c621a04f97c5
all5/Approximate_Equality/[1-7].wasm,af5c55675c464b386479c621a04f97c5
all5/Approximate_Equality/[1-7].wasm.~1~,8d82e47cb072fe19dc61b9bac0112dba
all5/Approximate_Equality/[1-81].wasm,af5c55675c464b386479c621a04f97c5
all5/Approximate_Equality/[1-83].wasm,af5c55675c464b386479c621a04f97c5
all5/Approximate_Equality/[1-85].wasm,af5c55675c464b386479c621a04f97c5
all5/Approximate_Equality/[1-8].wasm,8d82e47cb072fe19dc61b9bac0112dba
all5/Approximate_Equality/[1-91].wasm,af5c55675c464b386479c621a04f97c5
all5/Approximate_Equality/[1-96].wasm,af5c55675c464b386479c621a04f97c5
