name, hash
all5/Averages-Pythagorean_means/Averages-Pythagorean_means.wasm,b7b5fd30baaf8007e60ec9527789c67c
all5/Averages-Pythagorean_means/Averages-Pythagorean_means.wasm.~1~,b7b5fd30baaf8007e60ec9527789c67c
all5/Averages-Pythagorean_means/Averages-Pythagorean_means.wasm.~2~,4c7883332bac7fca499e15b55628a1fa
all5/Averages-Pythagorean_means/[0-1].wasm,b7b5fd30baaf8007e60ec9527789c67c
all5/Averages-Pythagorean_means/[0-1][3-10].wasm,b7b5fd30baaf8007e60ec9527789c67c
all5/Averages-Pythagorean_means/[0-1][3-10][4-1].wasm,b7b5fd30baaf8007e60ec9527789c67c
all5/Averages-Pythagorean_means/[0-1][3-1].wasm,b7b5fd30baaf8007e60ec9527789c67c
all5/Averages-Pythagorean_means/[0-1][3-1][4-1].wasm,b7b5fd30baaf8007e60ec9527789c67c
all5/Averages-Pythagorean_means/[0-1][3-2].wasm,b7b5fd30baaf8007e60ec9527789c67c
all5/Averages-Pythagorean_means/[0-1][3-2][4-1].wasm,b7b5fd30baaf8007e60ec9527789c67c
all5/Averages-Pythagorean_means/[0-1][3-3].wasm,b7b5fd30baaf8007e60ec9527789c67c
all5/Averages-Pythagorean_means/[0-1][3-3][4-1].wasm,b7b5fd30baaf8007e60ec9527789c67c
all5/Averages-Pythagorean_means/[0-1][3-4].wasm,b7b5fd30baaf8007e60ec9527789c67c
all5/Averages-Pythagorean_means/[0-1][3-4][4-1].wasm,b7b5fd30baaf8007e60ec9527789c67c
all5/Averages-Pythagorean_means/[0-1][3-5].wasm,b7b5fd30baaf8007e60ec9527789c67c
all5/Averages-Pythagorean_means/[0-1][3-5][4-1].wasm,b7b5fd30baaf8007e60ec9527789c67c
all5/Averages-Pythagorean_means/[0-1][3-6].wasm,b7b5fd30baaf8007e60ec9527789c67c
all5/Averages-Pythagorean_means/[0-1][3-6][4-1].wasm,b7b5fd30baaf8007e60ec9527789c67c
all5/Averages-Pythagorean_means/[0-1][3-7].wasm,b7b5fd30baaf8007e60ec9527789c67c
all5/Averages-Pythagorean_means/[0-1][3-7][4-1].wasm,b7b5fd30baaf8007e60ec9527789c67c
all5/Averages-Pythagorean_means/[0-1][3-8].wasm,b7b5fd30baaf8007e60ec9527789c67c
all5/Averages-Pythagorean_means/[0-1][3-8][4-1].wasm,b7b5fd30baaf8007e60ec9527789c67c
all5/Averages-Pythagorean_means/[0-1][3-9].wasm,b7b5fd30baaf8007e60ec9527789c67c
all5/Averages-Pythagorean_means/[0-1][3-9][4-1].wasm,b7b5fd30baaf8007e60ec9527789c67c
all5/Averages-Pythagorean_means/[0-1][4-1].wasm,b7b5fd30baaf8007e60ec9527789c67c
all5/Averages-Pythagorean_means/[0-2].wasm,b7b5fd30baaf8007e60ec9527789c67c
all5/Averages-Pythagorean_means/[0-2][3-10].wasm,b7b5fd30baaf8007e60ec9527789c67c
all5/Averages-Pythagorean_means/[0-2][3-10][4-1].wasm,b7b5fd30baaf8007e60ec9527789c67c
all5/Averages-Pythagorean_means/[0-2][3-1].wasm,b7b5fd30baaf8007e60ec9527789c67c
all5/Averages-Pythagorean_means/[0-2][3-1][4-1].wasm,b7b5fd30baaf8007e60ec9527789c67c
all5/Averages-Pythagorean_means/[0-2][3-2].wasm,b7b5fd30baaf8007e60ec9527789c67c
all5/Averages-Pythagorean_means/[0-2][3-2][4-1].wasm,b7b5fd30baaf8007e60ec9527789c67c
all5/Averages-Pythagorean_means/[0-2][3-3].wasm,b7b5fd30baaf8007e60ec9527789c67c
all5/Averages-Pythagorean_means/[0-2][3-3][4-1].wasm,b7b5fd30baaf8007e60ec9527789c67c
all5/Averages-Pythagorean_means/[0-2][3-4].wasm,b7b5fd30baaf8007e60ec9527789c67c
all5/Averages-Pythagorean_means/[0-2][3-4][4-1].wasm,b7b5fd30baaf8007e60ec9527789c67c
all5/Averages-Pythagorean_means/[0-2][3-5].wasm,b7b5fd30baaf8007e60ec9527789c67c
all5/Averages-Pythagorean_means/[0-2][3-5][4-1].wasm,b7b5fd30baaf8007e60ec9527789c67c
all5/Averages-Pythagorean_means/[0-2][3-6].wasm,b7b5fd30baaf8007e60ec9527789c67c
all5/Averages-Pythagorean_means/[0-2][3-6][4-1].wasm,b7b5fd30baaf8007e60ec9527789c67c
all5/Averages-Pythagorean_means/[0-2][3-7].wasm,b7b5fd30baaf8007e60ec9527789c67c
all5/Averages-Pythagorean_means/[0-2][3-7][4-1].wasm,b7b5fd30baaf8007e60ec9527789c67c
all5/Averages-Pythagorean_means/[0-2][3-8].wasm,b7b5fd30baaf8007e60ec9527789c67c
all5/Averages-Pythagorean_means/[0-2][3-8][4-1].wasm,b7b5fd30baaf8007e60ec9527789c67c
all5/Averages-Pythagorean_means/[0-2][3-9].wasm,b7b5fd30baaf8007e60ec9527789c67c
all5/Averages-Pythagorean_means/[0-2][3-9][4-1].wasm,b7b5fd30baaf8007e60ec9527789c67c
all5/Averages-Pythagorean_means/[0-2][4-1].wasm,b7b5fd30baaf8007e60ec9527789c67c
all5/Averages-Pythagorean_means/[0-3].wasm,b7b5fd30baaf8007e60ec9527789c67c
all5/Averages-Pythagorean_means/[0-3][3-10].wasm,b7b5fd30baaf8007e60ec9527789c67c
all5/Averages-Pythagorean_means/[0-3][3-10][4-1].wasm,b7b5fd30baaf8007e60ec9527789c67c
all5/Averages-Pythagorean_means/[0-3][3-1].wasm,b7b5fd30baaf8007e60ec9527789c67c
all5/Averages-Pythagorean_means/[0-3][3-1][4-1].wasm,b7b5fd30baaf8007e60ec9527789c67c
all5/Averages-Pythagorean_means/[0-3][3-2].wasm,b7b5fd30baaf8007e60ec9527789c67c
all5/Averages-Pythagorean_means/[0-3][3-2][4-1].wasm,b7b5fd30baaf8007e60ec9527789c67c
all5/Averages-Pythagorean_means/[0-3][3-3].wasm,b7b5fd30baaf8007e60ec9527789c67c
all5/Averages-Pythagorean_means/[0-3][3-3][4-1].wasm,b7b5fd30baaf8007e60ec9527789c67c
all5/Averages-Pythagorean_means/[0-3][3-4].wasm,b7b5fd30baaf8007e60ec9527789c67c
all5/Averages-Pythagorean_means/[0-3][3-4][4-1].wasm,b7b5fd30baaf8007e60ec9527789c67c
all5/Averages-Pythagorean_means/[0-3][3-5].wasm,b7b5fd30baaf8007e60ec9527789c67c
all5/Averages-Pythagorean_means/[0-3][3-5][4-1].wasm,b7b5fd30baaf8007e60ec9527789c67c
all5/Averages-Pythagorean_means/[0-3][3-6].wasm,b7b5fd30baaf8007e60ec9527789c67c
all5/Averages-Pythagorean_means/[0-3][3-6][4-1].wasm,b7b5fd30baaf8007e60ec9527789c67c
all5/Averages-Pythagorean_means/[0-3][3-7].wasm,b7b5fd30baaf8007e60ec9527789c67c
all5/Averages-Pythagorean_means/[0-3][3-7][4-1].wasm,b7b5fd30baaf8007e60ec9527789c67c
all5/Averages-Pythagorean_means/[0-3][3-8].wasm,b7b5fd30baaf8007e60ec9527789c67c
all5/Averages-Pythagorean_means/[0-3][3-8][4-1].wasm,b7b5fd30baaf8007e60ec9527789c67c
all5/Averages-Pythagorean_means/[0-3][3-9].wasm,b7b5fd30baaf8007e60ec9527789c67c
all5/Averages-Pythagorean_means/[0-3][3-9][4-1].wasm,b7b5fd30baaf8007e60ec9527789c67c
all5/Averages-Pythagorean_means/[0-3][4-1].wasm,b7b5fd30baaf8007e60ec9527789c67c
all5/Averages-Pythagorean_means/[0-4].wasm,b7b5fd30baaf8007e60ec9527789c67c
all5/Averages-Pythagorean_means/[0-4][3-10].wasm,b7b5fd30baaf8007e60ec9527789c67c
all5/Averages-Pythagorean_means/[0-4][3-10][4-1].wasm,b7b5fd30baaf8007e60ec9527789c67c
all5/Averages-Pythagorean_means/[0-4][3-1].wasm,b7b5fd30baaf8007e60ec9527789c67c
all5/Averages-Pythagorean_means/[0-4][3-1][4-1].wasm,b7b5fd30baaf8007e60ec9527789c67c
all5/Averages-Pythagorean_means/[0-4][3-2].wasm,b7b5fd30baaf8007e60ec9527789c67c
all5/Averages-Pythagorean_means/[0-4][3-2][4-1].wasm,b7b5fd30baaf8007e60ec9527789c67c
all5/Averages-Pythagorean_means/[0-4][3-3].wasm,b7b5fd30baaf8007e60ec9527789c67c
all5/Averages-Pythagorean_means/[0-4][3-3][4-1].wasm,b7b5fd30baaf8007e60ec9527789c67c
all5/Averages-Pythagorean_means/[0-4][3-4].wasm,b7b5fd30baaf8007e60ec9527789c67c
all5/Averages-Pythagorean_means/[0-4][3-4][4-1].wasm,b7b5fd30baaf8007e60ec9527789c67c
all5/Averages-Pythagorean_means/[0-4][3-5].wasm,b7b5fd30baaf8007e60ec9527789c67c
all5/Averages-Pythagorean_means/[0-4][3-5][4-1].wasm,b7b5fd30baaf8007e60ec9527789c67c
all5/Averages-Pythagorean_means/[0-4][3-6].wasm,b7b5fd30baaf8007e60ec9527789c67c
all5/Averages-Pythagorean_means/[0-4][3-6][4-1].wasm,b7b5fd30baaf8007e60ec9527789c67c
all5/Averages-Pythagorean_means/[0-4][3-7].wasm,b7b5fd30baaf8007e60ec9527789c67c
all5/Averages-Pythagorean_means/[0-4][3-7][4-1].wasm,b7b5fd30baaf8007e60ec9527789c67c
all5/Averages-Pythagorean_means/[0-4][3-8].wasm,b7b5fd30baaf8007e60ec9527789c67c
all5/Averages-Pythagorean_means/[0-4][3-8][4-1].wasm,b7b5fd30baaf8007e60ec9527789c67c
all5/Averages-Pythagorean_means/[0-4][3-9].wasm,b7b5fd30baaf8007e60ec9527789c67c
all5/Averages-Pythagorean_means/[0-4][3-9][4-1].wasm,b7b5fd30baaf8007e60ec9527789c67c
all5/Averages-Pythagorean_means/[0-4][4-1].wasm,b7b5fd30baaf8007e60ec9527789c67c
all5/Averages-Pythagorean_means/[0-5].wasm,b7b5fd30baaf8007e60ec9527789c67c
all5/Averages-Pythagorean_means/[0-5][3-10].wasm,b7b5fd30baaf8007e60ec9527789c67c
all5/Averages-Pythagorean_means/[0-5][3-10][4-1].wasm,b7b5fd30baaf8007e60ec9527789c67c
all5/Averages-Pythagorean_means/[0-5][3-1].wasm,b7b5fd30baaf8007e60ec9527789c67c
all5/Averages-Pythagorean_means/[0-5][3-1][4-1].wasm,b7b5fd30baaf8007e60ec9527789c67c
all5/Averages-Pythagorean_means/[0-5][3-2].wasm,b7b5fd30baaf8007e60ec9527789c67c
all5/Averages-Pythagorean_means/[0-5][3-2][4-1].wasm,b7b5fd30baaf8007e60ec9527789c67c
all5/Averages-Pythagorean_means/[0-5][3-3].wasm,b7b5fd30baaf8007e60ec9527789c67c
all5/Averages-Pythagorean_means/[0-5][3-3][4-1].wasm,b7b5fd30baaf8007e60ec9527789c67c
all5/Averages-Pythagorean_means/[0-5][3-4].wasm,b7b5fd30baaf8007e60ec9527789c67c
all5/Averages-Pythagorean_means/[0-5][3-4][4-1].wasm,b7b5fd30baaf8007e60ec9527789c67c
all5/Averages-Pythagorean_means/[0-5][3-5].wasm,b7b5fd30baaf8007e60ec9527789c67c
all5/Averages-Pythagorean_means/[0-5][3-5][4-1].wasm,b7b5fd30baaf8007e60ec9527789c67c
all5/Averages-Pythagorean_means/[0-5][3-6].wasm,b7b5fd30baaf8007e60ec9527789c67c
all5/Averages-Pythagorean_means/[0-5][3-6][4-1].wasm,b7b5fd30baaf8007e60ec9527789c67c
all5/Averages-Pythagorean_means/[0-5][3-7].wasm,b7b5fd30baaf8007e60ec9527789c67c
all5/Averages-Pythagorean_means/[0-5][3-7][4-1].wasm,b7b5fd30baaf8007e60ec9527789c67c
all5/Averages-Pythagorean_means/[0-5][3-8].wasm,b7b5fd30baaf8007e60ec9527789c67c
all5/Averages-Pythagorean_means/[0-5][3-8][4-1].wasm,b7b5fd30baaf8007e60ec9527789c67c
all5/Averages-Pythagorean_means/[0-5][3-9].wasm,b7b5fd30baaf8007e60ec9527789c67c
all5/Averages-Pythagorean_means/[0-5][3-9][4-1].wasm,b7b5fd30baaf8007e60ec9527789c67c
all5/Averages-Pythagorean_means/[0-5][4-1].wasm,b7b5fd30baaf8007e60ec9527789c67c
all5/Averages-Pythagorean_means/[0-6].wasm,b7b5fd30baaf8007e60ec9527789c67c
all5/Averages-Pythagorean_means/[0-6][3-10].wasm,b7b5fd30baaf8007e60ec9527789c67c
all5/Averages-Pythagorean_means/[0-6][3-10][4-1].wasm,b7b5fd30baaf8007e60ec9527789c67c
all5/Averages-Pythagorean_means/[0-6][3-1].wasm,b7b5fd30baaf8007e60ec9527789c67c
all5/Averages-Pythagorean_means/[0-6][3-1][4-1].wasm,b7b5fd30baaf8007e60ec9527789c67c
all5/Averages-Pythagorean_means/[0-6][3-2].wasm,b7b5fd30baaf8007e60ec9527789c67c
all5/Averages-Pythagorean_means/[0-6][3-2][4-1].wasm,b7b5fd30baaf8007e60ec9527789c67c
all5/Averages-Pythagorean_means/[0-6][3-3].wasm,b7b5fd30baaf8007e60ec9527789c67c
all5/Averages-Pythagorean_means/[0-6][3-3][4-1].wasm,b7b5fd30baaf8007e60ec9527789c67c
all5/Averages-Pythagorean_means/[0-6][3-4].wasm,b7b5fd30baaf8007e60ec9527789c67c
all5/Averages-Pythagorean_means/[0-6][3-4][4-1].wasm,b7b5fd30baaf8007e60ec9527789c67c
all5/Averages-Pythagorean_means/[0-6][3-5].wasm,b7b5fd30baaf8007e60ec9527789c67c
all5/Averages-Pythagorean_means/[0-6][3-5][4-1].wasm,b7b5fd30baaf8007e60ec9527789c67c
all5/Averages-Pythagorean_means/[0-6][3-6].wasm,b7b5fd30baaf8007e60ec9527789c67c
all5/Averages-Pythagorean_means/[0-6][3-6][4-1].wasm,b7b5fd30baaf8007e60ec9527789c67c
all5/Averages-Pythagorean_means/[0-6][3-7].wasm,b7b5fd30baaf8007e60ec9527789c67c
all5/Averages-Pythagorean_means/[0-6][3-7][4-1].wasm,b7b5fd30baaf8007e60ec9527789c67c
all5/Averages-Pythagorean_means/[0-6][3-8].wasm,b7b5fd30baaf8007e60ec9527789c67c
all5/Averages-Pythagorean_means/[0-6][3-8][4-1].wasm,b7b5fd30baaf8007e60ec9527789c67c
all5/Averages-Pythagorean_means/[0-6][3-9].wasm,b7b5fd30baaf8007e60ec9527789c67c
all5/Averages-Pythagorean_means/[0-6][3-9][4-1].wasm,b7b5fd30baaf8007e60ec9527789c67c
all5/Averages-Pythagorean_means/[0-6][4-1].wasm,b7b5fd30baaf8007e60ec9527789c67c
all5/Averages-Pythagorean_means/[0-7].wasm,b7b5fd30baaf8007e60ec9527789c67c
all5/Averages-Pythagorean_means/[0-7][3-10].wasm,b7b5fd30baaf8007e60ec9527789c67c
all5/Averages-Pythagorean_means/[0-7][3-1].wasm,b7b5fd30baaf8007e60ec9527789c67c
all5/Averages-Pythagorean_means/[0-7][3-1][4-1].wasm,b7b5fd30baaf8007e60ec9527789c67c
all5/Averages-Pythagorean_means/[0-7][3-2].wasm,b7b5fd30baaf8007e60ec9527789c67c
all5/Averages-Pythagorean_means/[0-7][3-2][4-1].wasm,b7b5fd30baaf8007e60ec9527789c67c
all5/Averages-Pythagorean_means/[0-7][3-3].wasm,b7b5fd30baaf8007e60ec9527789c67c
all5/Averages-Pythagorean_means/[0-7][3-6].wasm,b7b5fd30baaf8007e60ec9527789c67c
all5/Averages-Pythagorean_means/[0-7][3-7].wasm,b7b5fd30baaf8007e60ec9527789c67c
all5/Averages-Pythagorean_means/[0-7][4-1].wasm,b7b5fd30baaf8007e60ec9527789c67c
all5/Averages-Pythagorean_means/[1-1][2-1][3-11].wasm,60407bbbfd4097379dcadb9cb42db905
all5/Averages-Pythagorean_means/[1-1][2-1][3-5].wasm,246c1813c4ce0108b5f8231c84bed553
all5/Averages-Pythagorean_means/[3-10].wasm,b7b5fd30baaf8007e60ec9527789c67c
all5/Averages-Pythagorean_means/[3-10][4-1].wasm,b7b5fd30baaf8007e60ec9527789c67c
all5/Averages-Pythagorean_means/[3-1].wasm,b7b5fd30baaf8007e60ec9527789c67c
all5/Averages-Pythagorean_means/[3-1][4-1].wasm,b7b5fd30baaf8007e60ec9527789c67c
all5/Averages-Pythagorean_means/[3-2].wasm,b7b5fd30baaf8007e60ec9527789c67c
all5/Averages-Pythagorean_means/[3-2][4-1].wasm,b7b5fd30baaf8007e60ec9527789c67c
all5/Averages-Pythagorean_means/[3-3].wasm,b7b5fd30baaf8007e60ec9527789c67c
all5/Averages-Pythagorean_means/[3-3][4-1].wasm,b7b5fd30baaf8007e60ec9527789c67c
all5/Averages-Pythagorean_means/[3-4].wasm,b7b5fd30baaf8007e60ec9527789c67c
all5/Averages-Pythagorean_means/[3-4][4-1].wasm,b7b5fd30baaf8007e60ec9527789c67c
all5/Averages-Pythagorean_means/[3-5].wasm,b7b5fd30baaf8007e60ec9527789c67c
all5/Averages-Pythagorean_means/[3-5][4-1].wasm,b7b5fd30baaf8007e60ec9527789c67c
all5/Averages-Pythagorean_means/[3-6].wasm,b7b5fd30baaf8007e60ec9527789c67c
all5/Averages-Pythagorean_means/[3-6][4-1].wasm,b7b5fd30baaf8007e60ec9527789c67c
all5/Averages-Pythagorean_means/[3-7].wasm,b7b5fd30baaf8007e60ec9527789c67c
all5/Averages-Pythagorean_means/[3-7][4-1].wasm,b7b5fd30baaf8007e60ec9527789c67c
all5/Averages-Pythagorean_means/[3-8].wasm,b7b5fd30baaf8007e60ec9527789c67c
all5/Averages-Pythagorean_means/[3-8][4-1].wasm,b7b5fd30baaf8007e60ec9527789c67c
all5/Averages-Pythagorean_means/[3-9].wasm,b7b5fd30baaf8007e60ec9527789c67c
all5/Averages-Pythagorean_means/[3-9][4-1].wasm,b7b5fd30baaf8007e60ec9527789c67c
all5/Averages-Pythagorean_means/[4-1].wasm,b7b5fd30baaf8007e60ec9527789c67c
