name, hash
all5/Babbage_problem/Babbage_problem.wasm,3c8824935a2154b21fdd4c442055b075
all5/Babbage_problem/Babbage_problem.wasm.~1~,ee3cf0c07175278173fe2b237ca7165c
all5/Babbage_problem/Babbage_problem.wasm.~2~,3c8824935a2154b21fdd4c442055b075
all5/Babbage_problem/Babbage_problem.wasm.~3~,ee3cf0c07175278173fe2b237ca7165c
all5/Babbage_problem/[0-0].wasm,3c8824935a2154b21fdd4c442055b075
all5/Babbage_problem/[0-1].wasm,3c8824935a2154b21fdd4c442055b075
all5/Babbage_problem/[0-1].wasm.~1~,ee3cf0c07175278173fe2b237ca7165c
all5/Babbage_problem/[0-1][1-1].wasm,734c11e07c293a3fb4f3c7964c588fa9
all5/Babbage_problem/[0-1][1-1][6-1].wasm,734c11e07c293a3fb4f3c7964c588fa9
all5/Babbage_problem/[0-1][4-1].wasm,37d48eb1e93c1d13fcd65d0ab87254d4
all5/Babbage_problem/[0-1][4-1][5-1].wasm,1ee5781205ddf5e745ba4ebb82fa540c
all5/Babbage_problem/[0-1][4-1][5-1][7-1].wasm,1ee5781205ddf5e745ba4ebb82fa540c
all5/Babbage_problem/[0-1][4-1][7-1].wasm,1ee5781205ddf5e745ba4ebb82fa540c
all5/Babbage_problem/[0-1][5-1].wasm,fecd9bb7bf32dea403ef9586894c44fb
all5/Babbage_problem/[0-1][5-1][7-1].wasm,fecd9bb7bf32dea403ef9586894c44fb
all5/Babbage_problem/[0-1][6-1].wasm,0fce42fdafa2eb7f8ff2a68a4c8841c4
all5/Babbage_problem/[0-1][7-1].wasm,fecd9bb7bf32dea403ef9586894c44fb
all5/Babbage_problem/[0-2].wasm,ee3cf0c07175278173fe2b237ca7165c
all5/Babbage_problem/[0-2][1-1].wasm,734c11e07c293a3fb4f3c7964c588fa9
all5/Babbage_problem/[0-2][1-1][6-1].wasm,734c11e07c293a3fb4f3c7964c588fa9
all5/Babbage_problem/[0-2][6-1].wasm,0fce42fdafa2eb7f8ff2a68a4c8841c4
all5/Babbage_problem/[0-3].wasm,ee3cf0c07175278173fe2b237ca7165c
all5/Babbage_problem/[0-3][1-1].wasm,734c11e07c293a3fb4f3c7964c588fa9
all5/Babbage_problem/[0-3][1-1][6-1].wasm,734c11e07c293a3fb4f3c7964c588fa9
all5/Babbage_problem/[0-3][6-1].wasm,0fce42fdafa2eb7f8ff2a68a4c8841c4
all5/Babbage_problem/[0-4].wasm,ee3cf0c07175278173fe2b237ca7165c
all5/Babbage_problem/[0-4][1-1].wasm,734c11e07c293a3fb4f3c7964c588fa9
all5/Babbage_problem/[0-4][1-1][6-1].wasm,734c11e07c293a3fb4f3c7964c588fa9
all5/Babbage_problem/[0-4][6-1].wasm,0fce42fdafa2eb7f8ff2a68a4c8841c4
all5/Babbage_problem/[0-5].wasm,ee3cf0c07175278173fe2b237ca7165c
all5/Babbage_problem/[1-1].wasm,734c11e07c293a3fb4f3c7964c588fa9
all5/Babbage_problem/[1-1].wasm.~1~,734c11e07c293a3fb4f3c7964c588fa9
all5/Babbage_problem/[1-1].wasm.~2~,3c8824935a2154b21fdd4c442055b075
all5/Babbage_problem/[1-1][3-1].wasm,fecd9bb7bf32dea403ef9586894c44fb
all5/Babbage_problem/[1-1][3-1][4-1].wasm,1ee5781205ddf5e745ba4ebb82fa540c
all5/Babbage_problem/[1-1][4-1].wasm,37d48eb1e93c1d13fcd65d0ab87254d4
all5/Babbage_problem/[1-1][6-1].wasm,734c11e07c293a3fb4f3c7964c588fa9
all5/Babbage_problem/[1-2].wasm,3c8824935a2154b21fdd4c442055b075
all5/Babbage_problem/[1-2][3-1].wasm,fecd9bb7bf32dea403ef9586894c44fb
all5/Babbage_problem/[1-2][3-1][4-1].wasm,1ee5781205ddf5e745ba4ebb82fa540c
all5/Babbage_problem/[1-2][4-1].wasm,37d48eb1e93c1d13fcd65d0ab87254d4
all5/Babbage_problem/[1-3].wasm,3c8824935a2154b21fdd4c442055b075
all5/Babbage_problem/[1-3][3-1].wasm,fecd9bb7bf32dea403ef9586894c44fb
all5/Babbage_problem/[1-3][3-1][4-1].wasm,1ee5781205ddf5e745ba4ebb82fa540c
all5/Babbage_problem/[1-3][4-1].wasm,37d48eb1e93c1d13fcd65d0ab87254d4
all5/Babbage_problem/[1-4].wasm,3c8824935a2154b21fdd4c442055b075
all5/Babbage_problem/[1-4][3-1].wasm,fecd9bb7bf32dea403ef9586894c44fb
all5/Babbage_problem/[1-4][3-1][4-1].wasm,1ee5781205ddf5e745ba4ebb82fa540c
all5/Babbage_problem/[1-4][4-1].wasm,37d48eb1e93c1d13fcd65d0ab87254d4
all5/Babbage_problem/[3-1].wasm,fecd9bb7bf32dea403ef9586894c44fb
all5/Babbage_problem/[3-1][4-1].wasm,1ee5781205ddf5e745ba4ebb82fa540c
all5/Babbage_problem/[3-1][6-1].wasm,0fce42fdafa2eb7f8ff2a68a4c8841c4
all5/Babbage_problem/[4-0].wasm,37d48eb1e93c1d13fcd65d0ab87254d4
all5/Babbage_problem/[4-1].wasm,37d48eb1e93c1d13fcd65d0ab87254d4
all5/Babbage_problem/[4-1].wasm.~1~,37d48eb1e93c1d13fcd65d0ab87254d4
all5/Babbage_problem/[4-1][5-1].wasm,1ee5781205ddf5e745ba4ebb82fa540c
all5/Babbage_problem/[4-1][5-1][7-1].wasm,1ee5781205ddf5e745ba4ebb82fa540c
all5/Babbage_problem/[4-1][7-1].wasm,1ee5781205ddf5e745ba4ebb82fa540c
all5/Babbage_problem/[5-1].wasm,fecd9bb7bf32dea403ef9586894c44fb
all5/Babbage_problem/[5-1][7-1].wasm,fecd9bb7bf32dea403ef9586894c44fb
all5/Babbage_problem/[6-1].wasm,0fce42fdafa2eb7f8ff2a68a4c8841c4
all5/Babbage_problem/[7-1].wasm,fecd9bb7bf32dea403ef9586894c44fb
