name, hash
all5/Binary_search/Binary_search.wasm,166651f51a0de18727863a5fc3841886
all5/Binary_search/Binary_search.wasm.~1~,f84a235af4e40a7c32170a40e8893bef
all5/Binary_search/Binary_search.wasm.~2~,166651f51a0de18727863a5fc3841886
all5/Binary_search/Binary_search.wasm.~3~,f84a235af4e40a7c32170a40e8893bef
all5/Binary_search/[0-1].wasm,f84a235af4e40a7c32170a40e8893bef
all5/Binary_search/[0-1][3-1].wasm,f84a235af4e40a7c32170a40e8893bef
all5/Binary_search/[0-1][3-1][4-1].wasm,f84a235af4e40a7c32170a40e8893bef
all5/Binary_search/[0-1][4-1].wasm,88dd80c4ac5a8d4ccd5b9de6bedec56f
all5/Binary_search/[1-1].wasm,f84a235af4e40a7c32170a40e8893bef
all5/Binary_search/[1-1][2-1].wasm,f84a235af4e40a7c32170a40e8893bef
all5/Binary_search/[1-1][2-1][3-1].wasm,f84a235af4e40a7c32170a40e8893bef
all5/Binary_search/[1-1][2-1][3-1][4-1].wasm,f84a235af4e40a7c32170a40e8893bef
all5/Binary_search/[1-1][2-1][3-1][4-1].wasm.~1~,88dd80c4ac5a8d4ccd5b9de6bedec56f
all5/Binary_search/[1-1][2-1][4-1].wasm,88dd80c4ac5a8d4ccd5b9de6bedec56f
all5/Binary_search/[1-1][3-1].wasm,f84a235af4e40a7c32170a40e8893bef
all5/Binary_search/[1-1][3-1][4-1].wasm,f84a235af4e40a7c32170a40e8893bef
all5/Binary_search/[1-1][4-1].wasm,88dd80c4ac5a8d4ccd5b9de6bedec56f
all5/Binary_search/[17-0].wasm,166651f51a0de18727863a5fc3841886
all5/Binary_search/[17-10].wasm,166651f51a0de18727863a5fc3841886
all5/Binary_search/[17-10][19-1].wasm,166651f51a0de18727863a5fc3841886
all5/Binary_search/[17-10][19-2].wasm,166651f51a0de18727863a5fc3841886
all5/Binary_search/[17-10][19-3].wasm,166651f51a0de18727863a5fc3841886
all5/Binary_search/[17-10][19-4].wasm,166651f51a0de18727863a5fc3841886
all5/Binary_search/[17-10][19-5].wasm,166651f51a0de18727863a5fc3841886
all5/Binary_search/[17-10][19-6].wasm,166651f51a0de18727863a5fc3841886
all5/Binary_search/[17-10][19-7].wasm,166651f51a0de18727863a5fc3841886
all5/Binary_search/[17-10][19-8].wasm,166651f51a0de18727863a5fc3841886
all5/Binary_search/[17-11].wasm,166651f51a0de18727863a5fc3841886
all5/Binary_search/[17-11][19-1].wasm,166651f51a0de18727863a5fc3841886
all5/Binary_search/[17-11][19-2].wasm,166651f51a0de18727863a5fc3841886
all5/Binary_search/[17-11][19-3].wasm,166651f51a0de18727863a5fc3841886
all5/Binary_search/[17-11][19-4].wasm,166651f51a0de18727863a5fc3841886
all5/Binary_search/[17-11][19-5].wasm,166651f51a0de18727863a5fc3841886
all5/Binary_search/[17-11][19-6].wasm,166651f51a0de18727863a5fc3841886
all5/Binary_search/[17-11][19-7].wasm,166651f51a0de18727863a5fc3841886
all5/Binary_search/[17-11][19-8].wasm,166651f51a0de18727863a5fc3841886
all5/Binary_search/[17-12].wasm,a746e840208dff3583495bd16dd26ae8
all5/Binary_search/[17-12][19-1].wasm,a746e840208dff3583495bd16dd26ae8
all5/Binary_search/[17-12][19-2].wasm,a746e840208dff3583495bd16dd26ae8
all5/Binary_search/[17-12][19-3].wasm,a746e840208dff3583495bd16dd26ae8
all5/Binary_search/[17-12][19-4].wasm,a746e840208dff3583495bd16dd26ae8
all5/Binary_search/[17-12][19-5].wasm,a746e840208dff3583495bd16dd26ae8
all5/Binary_search/[17-12][19-6].wasm,a746e840208dff3583495bd16dd26ae8
all5/Binary_search/[17-12][19-7].wasm,a746e840208dff3583495bd16dd26ae8
all5/Binary_search/[17-12][19-8].wasm,a746e840208dff3583495bd16dd26ae8
all5/Binary_search/[17-13].wasm,5a0ae9b7583dbb3d3c9663a6cebe2468
all5/Binary_search/[17-13][19-1].wasm,5a0ae9b7583dbb3d3c9663a6cebe2468
all5/Binary_search/[17-1].wasm,166651f51a0de18727863a5fc3841886
all5/Binary_search/[17-1][19-1].wasm,166651f51a0de18727863a5fc3841886
all5/Binary_search/[17-1][19-2].wasm,166651f51a0de18727863a5fc3841886
all5/Binary_search/[17-1][19-3].wasm,166651f51a0de18727863a5fc3841886
all5/Binary_search/[17-1][19-4].wasm,166651f51a0de18727863a5fc3841886
all5/Binary_search/[17-1][19-5].wasm,166651f51a0de18727863a5fc3841886
all5/Binary_search/[17-1][19-6].wasm,166651f51a0de18727863a5fc3841886
all5/Binary_search/[17-1][19-7].wasm,166651f51a0de18727863a5fc3841886
all5/Binary_search/[17-1][19-8].wasm,166651f51a0de18727863a5fc3841886
all5/Binary_search/[17-2].wasm,166651f51a0de18727863a5fc3841886
all5/Binary_search/[17-2][19-1].wasm,166651f51a0de18727863a5fc3841886
all5/Binary_search/[17-2][19-2].wasm,166651f51a0de18727863a5fc3841886
all5/Binary_search/[17-2][19-3].wasm,166651f51a0de18727863a5fc3841886
all5/Binary_search/[17-2][19-4].wasm,166651f51a0de18727863a5fc3841886
all5/Binary_search/[17-2][19-5].wasm,166651f51a0de18727863a5fc3841886
all5/Binary_search/[17-2][19-6].wasm,166651f51a0de18727863a5fc3841886
all5/Binary_search/[17-2][19-7].wasm,166651f51a0de18727863a5fc3841886
all5/Binary_search/[17-2][19-8].wasm,166651f51a0de18727863a5fc3841886
all5/Binary_search/[17-3].wasm,166651f51a0de18727863a5fc3841886
all5/Binary_search/[17-3][19-1].wasm,166651f51a0de18727863a5fc3841886
all5/Binary_search/[17-3][19-2].wasm,166651f51a0de18727863a5fc3841886
all5/Binary_search/[17-3][19-3].wasm,166651f51a0de18727863a5fc3841886
all5/Binary_search/[17-3][19-4].wasm,166651f51a0de18727863a5fc3841886
all5/Binary_search/[17-3][19-5].wasm,166651f51a0de18727863a5fc3841886
all5/Binary_search/[17-3][19-6].wasm,166651f51a0de18727863a5fc3841886
all5/Binary_search/[17-3][19-7].wasm,166651f51a0de18727863a5fc3841886
all5/Binary_search/[17-3][19-8].wasm,166651f51a0de18727863a5fc3841886
all5/Binary_search/[17-4].wasm,77bdd2a20396d3090c616073574cbc4a
all5/Binary_search/[17-4][19-1].wasm,77bdd2a20396d3090c616073574cbc4a
all5/Binary_search/[17-4][19-2].wasm,77bdd2a20396d3090c616073574cbc4a
all5/Binary_search/[17-4][19-3].wasm,77bdd2a20396d3090c616073574cbc4a
all5/Binary_search/[17-4][19-4].wasm,77bdd2a20396d3090c616073574cbc4a
all5/Binary_search/[17-4][19-5].wasm,77bdd2a20396d3090c616073574cbc4a
all5/Binary_search/[17-4][19-6].wasm,77bdd2a20396d3090c616073574cbc4a
all5/Binary_search/[17-4][19-7].wasm,77bdd2a20396d3090c616073574cbc4a
all5/Binary_search/[17-4][19-8].wasm,77bdd2a20396d3090c616073574cbc4a
all5/Binary_search/[17-5].wasm,7e448cc148631e73a22c1f7f170ab374
all5/Binary_search/[17-5][19-1].wasm,7e448cc148631e73a22c1f7f170ab374
all5/Binary_search/[17-5][19-2].wasm,7e448cc148631e73a22c1f7f170ab374
all5/Binary_search/[17-5][19-3].wasm,7e448cc148631e73a22c1f7f170ab374
all5/Binary_search/[17-5][19-4].wasm,7e448cc148631e73a22c1f7f170ab374
all5/Binary_search/[17-5][19-5].wasm,7e448cc148631e73a22c1f7f170ab374
all5/Binary_search/[17-5][19-6].wasm,7e448cc148631e73a22c1f7f170ab374
all5/Binary_search/[17-5][19-7].wasm,7e448cc148631e73a22c1f7f170ab374
all5/Binary_search/[17-5][19-8].wasm,7e448cc148631e73a22c1f7f170ab374
all5/Binary_search/[17-6].wasm,5e1aa284f6cc9650f94828e4ee75a56e
all5/Binary_search/[17-6][19-1].wasm,5e1aa284f6cc9650f94828e4ee75a56e
all5/Binary_search/[17-6][19-2].wasm,5e1aa284f6cc9650f94828e4ee75a56e
all5/Binary_search/[17-6][19-3].wasm,5e1aa284f6cc9650f94828e4ee75a56e
all5/Binary_search/[17-6][19-4].wasm,5e1aa284f6cc9650f94828e4ee75a56e
all5/Binary_search/[17-6][19-5].wasm,5e1aa284f6cc9650f94828e4ee75a56e
all5/Binary_search/[17-6][19-6].wasm,5e1aa284f6cc9650f94828e4ee75a56e
all5/Binary_search/[17-6][19-7].wasm,5e1aa284f6cc9650f94828e4ee75a56e
all5/Binary_search/[17-6][19-8].wasm,5e1aa284f6cc9650f94828e4ee75a56e
all5/Binary_search/[17-7].wasm,166651f51a0de18727863a5fc3841886
all5/Binary_search/[17-7][19-1].wasm,166651f51a0de18727863a5fc3841886
all5/Binary_search/[17-7][19-2].wasm,166651f51a0de18727863a5fc3841886
all5/Binary_search/[17-7][19-3].wasm,166651f51a0de18727863a5fc3841886
all5/Binary_search/[17-7][19-4].wasm,166651f51a0de18727863a5fc3841886
all5/Binary_search/[17-7][19-5].wasm,166651f51a0de18727863a5fc3841886
all5/Binary_search/[17-7][19-6].wasm,166651f51a0de18727863a5fc3841886
all5/Binary_search/[17-7][19-7].wasm,166651f51a0de18727863a5fc3841886
all5/Binary_search/[17-7][19-8].wasm,166651f51a0de18727863a5fc3841886
all5/Binary_search/[17-8].wasm,166651f51a0de18727863a5fc3841886
all5/Binary_search/[17-8][19-1].wasm,166651f51a0de18727863a5fc3841886
all5/Binary_search/[17-8][19-2].wasm,166651f51a0de18727863a5fc3841886
all5/Binary_search/[17-8][19-3].wasm,166651f51a0de18727863a5fc3841886
all5/Binary_search/[17-8][19-4].wasm,166651f51a0de18727863a5fc3841886
all5/Binary_search/[17-8][19-5].wasm,166651f51a0de18727863a5fc3841886
all5/Binary_search/[17-8][19-6].wasm,166651f51a0de18727863a5fc3841886
all5/Binary_search/[17-8][19-7].wasm,166651f51a0de18727863a5fc3841886
all5/Binary_search/[17-8][19-8].wasm,166651f51a0de18727863a5fc3841886
all5/Binary_search/[17-9].wasm,166651f51a0de18727863a5fc3841886
all5/Binary_search/[17-9][19-1].wasm,166651f51a0de18727863a5fc3841886
all5/Binary_search/[17-9][19-2].wasm,166651f51a0de18727863a5fc3841886
all5/Binary_search/[17-9][19-3].wasm,166651f51a0de18727863a5fc3841886
all5/Binary_search/[17-9][19-4].wasm,166651f51a0de18727863a5fc3841886
all5/Binary_search/[17-9][19-5].wasm,166651f51a0de18727863a5fc3841886
all5/Binary_search/[17-9][19-6].wasm,166651f51a0de18727863a5fc3841886
all5/Binary_search/[17-9][19-7].wasm,166651f51a0de18727863a5fc3841886
all5/Binary_search/[17-9][19-8].wasm,166651f51a0de18727863a5fc3841886
all5/Binary_search/[19-0].wasm,166651f51a0de18727863a5fc3841886
all5/Binary_search/[19-1].wasm,166651f51a0de18727863a5fc3841886
all5/Binary_search/[19-2].wasm,166651f51a0de18727863a5fc3841886
all5/Binary_search/[19-3].wasm,166651f51a0de18727863a5fc3841886
all5/Binary_search/[19-4].wasm,166651f51a0de18727863a5fc3841886
all5/Binary_search/[19-5].wasm,166651f51a0de18727863a5fc3841886
all5/Binary_search/[19-6].wasm,166651f51a0de18727863a5fc3841886
all5/Binary_search/[19-7].wasm,166651f51a0de18727863a5fc3841886
all5/Binary_search/[19-8].wasm,166651f51a0de18727863a5fc3841886
all5/Binary_search/[2-1].wasm,f84a235af4e40a7c32170a40e8893bef
all5/Binary_search/[2-1][3-1].wasm,f84a235af4e40a7c32170a40e8893bef
all5/Binary_search/[2-1][3-1][4-1].wasm,f84a235af4e40a7c32170a40e8893bef
all5/Binary_search/[2-1][4-1].wasm,88dd80c4ac5a8d4ccd5b9de6bedec56f
all5/Binary_search/[3-1].wasm,f84a235af4e40a7c32170a40e8893bef
all5/Binary_search/[3-1][4-1].wasm,f84a235af4e40a7c32170a40e8893bef
all5/Binary_search/[4-1].wasm,88dd80c4ac5a8d4ccd5b9de6bedec56f
