name, hash
all5/Burrows–Wheeler_transform/Burrows–Wheeler_transform.wasm,44de8f5bf3176a98dd68936da5098a0f
all5/Burrows–Wheeler_transform/Burrows–Wheeler_transform.wasm.~1~,44de8f5bf3176a98dd68936da5098a0f
all5/Burrows–Wheeler_transform/Burrows–Wheeler_transform.wasm.~2~,2a5f5dfe498d87ff712159a9d05c03a3
all5/Burrows–Wheeler_transform/[16-1].wasm,44de8f5bf3176a98dd68936da5098a0f
all5/Burrows–Wheeler_transform/[16-1][17-1].wasm,44de8f5bf3176a98dd68936da5098a0f
all5/Burrows–Wheeler_transform/[16-1][17-1][23-1].wasm,44de8f5bf3176a98dd68936da5098a0f
all5/Burrows–Wheeler_transform/[16-1][23-1].wasm,44de8f5bf3176a98dd68936da5098a0f
all5/Burrows–Wheeler_transform/[16-2].wasm,44de8f5bf3176a98dd68936da5098a0f
all5/Burrows–Wheeler_transform/[16-2][17-1].wasm,44de8f5bf3176a98dd68936da5098a0f
all5/Burrows–Wheeler_transform/[16-2][17-1][23-1].wasm,44de8f5bf3176a98dd68936da5098a0f
all5/Burrows–Wheeler_transform/[16-2][23-1].wasm,44de8f5bf3176a98dd68936da5098a0f
all5/Burrows–Wheeler_transform/[16-3].wasm,44de8f5bf3176a98dd68936da5098a0f
all5/Burrows–Wheeler_transform/[16-3][17-1].wasm,44de8f5bf3176a98dd68936da5098a0f
all5/Burrows–Wheeler_transform/[16-3][17-1][23-1].wasm,44de8f5bf3176a98dd68936da5098a0f
all5/Burrows–Wheeler_transform/[16-3][23-1].wasm,44de8f5bf3176a98dd68936da5098a0f
all5/Burrows–Wheeler_transform/[16-4].wasm,44de8f5bf3176a98dd68936da5098a0f
all5/Burrows–Wheeler_transform/[16-4][17-1].wasm,44de8f5bf3176a98dd68936da5098a0f
all5/Burrows–Wheeler_transform/[16-4][17-1][23-1].wasm,44de8f5bf3176a98dd68936da5098a0f
all5/Burrows–Wheeler_transform/[16-4][23-1].wasm,44de8f5bf3176a98dd68936da5098a0f
all5/Burrows–Wheeler_transform/[17-1].wasm,44de8f5bf3176a98dd68936da5098a0f
all5/Burrows–Wheeler_transform/[17-1][23-1].wasm,44de8f5bf3176a98dd68936da5098a0f
all5/Burrows–Wheeler_transform/[23-1].wasm,44de8f5bf3176a98dd68936da5098a0f
all5/Burrows–Wheeler_transform/[9-1].wasm,44de8f5bf3176a98dd68936da5098a0f
all5/Burrows–Wheeler_transform/[9-1][16-1].wasm,44de8f5bf3176a98dd68936da5098a0f
all5/Burrows–Wheeler_transform/[9-1][16-1][17-1].wasm,44de8f5bf3176a98dd68936da5098a0f
all5/Burrows–Wheeler_transform/[9-1][16-1][17-1][23-1].wasm,44de8f5bf3176a98dd68936da5098a0f
all5/Burrows–Wheeler_transform/[9-1][16-1][23-1].wasm,44de8f5bf3176a98dd68936da5098a0f
all5/Burrows–Wheeler_transform/[9-1][16-2].wasm,44de8f5bf3176a98dd68936da5098a0f
all5/Burrows–Wheeler_transform/[9-1][16-2][17-1].wasm,44de8f5bf3176a98dd68936da5098a0f
all5/Burrows–Wheeler_transform/[9-1][16-2][17-1][23-1].wasm,44de8f5bf3176a98dd68936da5098a0f
all5/Burrows–Wheeler_transform/[9-1][16-2][23-1].wasm,44de8f5bf3176a98dd68936da5098a0f
all5/Burrows–Wheeler_transform/[9-1][16-3].wasm,44de8f5bf3176a98dd68936da5098a0f
all5/Burrows–Wheeler_transform/[9-1][16-3][17-1].wasm,44de8f5bf3176a98dd68936da5098a0f
all5/Burrows–Wheeler_transform/[9-1][16-3][17-1][23-1].wasm,44de8f5bf3176a98dd68936da5098a0f
all5/Burrows–Wheeler_transform/[9-1][16-3][23-1].wasm,44de8f5bf3176a98dd68936da5098a0f
all5/Burrows–Wheeler_transform/[9-1][16-4].wasm,44de8f5bf3176a98dd68936da5098a0f
all5/Burrows–Wheeler_transform/[9-1][16-4][17-1].wasm,44de8f5bf3176a98dd68936da5098a0f
all5/Burrows–Wheeler_transform/[9-1][16-4][17-1][23-1].wasm,44de8f5bf3176a98dd68936da5098a0f
all5/Burrows–Wheeler_transform/[9-1][16-4][23-1].wasm,44de8f5bf3176a98dd68936da5098a0f
all5/Burrows–Wheeler_transform/[9-1][17-1].wasm,44de8f5bf3176a98dd68936da5098a0f
all5/Burrows–Wheeler_transform/[9-1][17-1][23-1].wasm,44de8f5bf3176a98dd68936da5098a0f
all5/Burrows–Wheeler_transform/[9-1][23-1].wasm,44de8f5bf3176a98dd68936da5098a0f
