name, hash
all5/Carmichael_3_strong_pseudoprimes/Carmichael_3_strong_pseudoprimes.wasm,fc5762359a9a9db0f81ae8aaa675b5b0
all5/Carmichael_3_strong_pseudoprimes/Carmichael_3_strong_pseudoprimes.wasm.~1~,9cddb51fd07fd4873dbb5ebea0219dcb
all5/Carmichael_3_strong_pseudoprimes/Carmichael_3_strong_pseudoprimes.wasm.~2~,fc5762359a9a9db0f81ae8aaa675b5b0
all5/Carmichael_3_strong_pseudoprimes/Carmichael_3_strong_pseudoprimes.wasm.~3~,9cddb51fd07fd4873dbb5ebea0219dcb
all5/Carmichael_3_strong_pseudoprimes/[0-0].wasm,fc5762359a9a9db0f81ae8aaa675b5b0
all5/Carmichael_3_strong_pseudoprimes/[0-1].wasm,fc5762359a9a9db0f81ae8aaa675b5b0
all5/Carmichael_3_strong_pseudoprimes/[0-2].wasm,a61d029d2b7dd402dfb8cd5de2ec7267
all5/Carmichael_3_strong_pseudoprimes/[0-3].wasm,fc5762359a9a9db0f81ae8aaa675b5b0
all5/Carmichael_3_strong_pseudoprimes/[0-4].wasm,fc5762359a9a9db0f81ae8aaa675b5b0
all5/Carmichael_3_strong_pseudoprimes/[0-5].wasm,fc5762359a9a9db0f81ae8aaa675b5b0
all5/Carmichael_3_strong_pseudoprimes/[0-6].wasm,fc5762359a9a9db0f81ae8aaa675b5b0
all5/Carmichael_3_strong_pseudoprimes/[0-7].wasm,b292a7d9d8634b86275caa0a063ab6e6
all5/Carmichael_3_strong_pseudoprimes/[0-8].wasm,fc5762359a9a9db0f81ae8aaa675b5b0
all5/Carmichael_3_strong_pseudoprimes/[0-9].wasm,fc5762359a9a9db0f81ae8aaa675b5b0
all5/Carmichael_3_strong_pseudoprimes/[1-0].wasm,fc5762359a9a9db0f81ae8aaa675b5b0
all5/Carmichael_3_strong_pseudoprimes/[1-1].wasm,fc5762359a9a9db0f81ae8aaa675b5b0
all5/Carmichael_3_strong_pseudoprimes/[1-2].wasm,fc5762359a9a9db0f81ae8aaa675b5b0
all5/Carmichael_3_strong_pseudoprimes/[1-3].wasm,fc5762359a9a9db0f81ae8aaa675b5b0
all5/Carmichael_3_strong_pseudoprimes/[1-4].wasm,fc5762359a9a9db0f81ae8aaa675b5b0
all5/Carmichael_3_strong_pseudoprimes/[1-5].wasm,fc5762359a9a9db0f81ae8aaa675b5b0
all5/Carmichael_3_strong_pseudoprimes/[1-6].wasm,21e5e4940f3205ba820fab92e0b1ffc2
all5/Carmichael_3_strong_pseudoprimes/[1-7].wasm,fc5762359a9a9db0f81ae8aaa675b5b0
all5/Carmichael_3_strong_pseudoprimes/[1-8].wasm,fc5762359a9a9db0f81ae8aaa675b5b0
all5/Carmichael_3_strong_pseudoprimes/[10-1].wasm,6eeae43b50fcbe5c4ddc17d862c9fc16
all5/Carmichael_3_strong_pseudoprimes/[10-2].wasm,6eeae43b50fcbe5c4ddc17d862c9fc16
all5/Carmichael_3_strong_pseudoprimes/[10-3].wasm,7a067545fa54f326ac878ffda4252b5e
all5/Carmichael_3_strong_pseudoprimes/[11-1].wasm,3386e273bc6b05417815397d1ad0b9d8
all5/Carmichael_3_strong_pseudoprimes/[12-1].wasm,b1a1be72865894f3a41e46e673b785a7
all5/Carmichael_3_strong_pseudoprimes/[16-1].wasm,fc5762359a9a9db0f81ae8aaa675b5b0
all5/Carmichael_3_strong_pseudoprimes/[17-1].wasm,fc5762359a9a9db0f81ae8aaa675b5b0
all5/Carmichael_3_strong_pseudoprimes/[21-1].wasm,fc5762359a9a9db0f81ae8aaa675b5b0
all5/Carmichael_3_strong_pseudoprimes/[21-1][28-1].wasm,fc5762359a9a9db0f81ae8aaa675b5b0
all5/Carmichael_3_strong_pseudoprimes/[21-1][28-1][29-1].wasm,fc5762359a9a9db0f81ae8aaa675b5b0
all5/Carmichael_3_strong_pseudoprimes/[21-1][29-1].wasm,fc5762359a9a9db0f81ae8aaa675b5b0
all5/Carmichael_3_strong_pseudoprimes/[28-1].wasm,fc5762359a9a9db0f81ae8aaa675b5b0
all5/Carmichael_3_strong_pseudoprimes/[28-1][29-1].wasm,fc5762359a9a9db0f81ae8aaa675b5b0
all5/Carmichael_3_strong_pseudoprimes/[29-1].wasm,fc5762359a9a9db0f81ae8aaa675b5b0
all5/Carmichael_3_strong_pseudoprimes/[9-0].wasm,3680f00d22a06149d6d2aab28a1aeb92
