name, hash
all5/Cartesian_product_of_two_or_more_lists/Cartesian_product_of_two_or_more_lists.wasm,b8b994ab5e99adf7e9f787478379915d
all5/Cartesian_product_of_two_or_more_lists/Cartesian_product_of_two_or_more_lists.wasm.~1~,b8b994ab5e99adf7e9f787478379915d
all5/Cartesian_product_of_two_or_more_lists/Cartesian_product_of_two_or_more_lists.wasm.~2~,2548248010d7283152f0a149a98606a8
all5/Cartesian_product_of_two_or_more_lists/[4-1][6-1][7-1][8-1].wasm,87c21416d775e574bc084eb990f38694
all5/Cartesian_product_of_two_or_more_lists/[4-1][6-1][7-1][8-2].wasm,959b12ff0fa3dbb4eaf991500490164b
all5/Cartesian_product_of_two_or_more_lists/[4-1][6-1][7-1][8-5].wasm,7b7d20ecd0fb26e073164952105e67e9
