name, hash
all5/Check_output_device_is_a_terminal/Check_output_device_is_a_terminal.wasm,e7668b77baa5f48eb9af12686f714836
all5/Check_output_device_is_a_terminal/Check_output_device_is_a_terminal.wasm.~1~,e7668b77baa5f48eb9af12686f714836
all5/Check_output_device_is_a_terminal/Check_output_device_is_a_terminal.wasm.~2~,1351458c09b8c8f01cf8231f2737c4ba
all5/Check_output_device_is_a_terminal/[0-1].wasm,e7668b77baa5f48eb9af12686f714836
all5/Check_output_device_is_a_terminal/[0-1].wasm.~1~,1351458c09b8c8f01cf8231f2737c4ba
all5/Check_output_device_is_a_terminal/[0-1][1-1].wasm,e7668b77baa5f48eb9af12686f714836
all5/Check_output_device_is_a_terminal/[0-1][1-1].wasm.~1~,1351458c09b8c8f01cf8231f2737c4ba
all5/Check_output_device_is_a_terminal/[0-1][1-2].wasm,e7668b77baa5f48eb9af12686f714836
all5/Check_output_device_is_a_terminal/[0-1][1-2].wasm.~1~,1351458c09b8c8f01cf8231f2737c4ba
all5/Check_output_device_is_a_terminal/[0-1][1-3].wasm,e7668b77baa5f48eb9af12686f714836
all5/Check_output_device_is_a_terminal/[0-1][1-3].wasm.~1~,1351458c09b8c8f01cf8231f2737c4ba
all5/Check_output_device_is_a_terminal/[0-1][1-4].wasm,e7668b77baa5f48eb9af12686f714836
all5/Check_output_device_is_a_terminal/[0-1][1-4].wasm.~1~,1351458c09b8c8f01cf8231f2737c4ba
all5/Check_output_device_is_a_terminal/[0-2].wasm,e7668b77baa5f48eb9af12686f714836
all5/Check_output_device_is_a_terminal/[0-2].wasm.~1~,1351458c09b8c8f01cf8231f2737c4ba
all5/Check_output_device_is_a_terminal/[0-2][1-1].wasm,e7668b77baa5f48eb9af12686f714836
all5/Check_output_device_is_a_terminal/[0-2][1-1].wasm.~1~,1351458c09b8c8f01cf8231f2737c4ba
all5/Check_output_device_is_a_terminal/[0-2][1-2].wasm,e7668b77baa5f48eb9af12686f714836
all5/Check_output_device_is_a_terminal/[0-2][1-2].wasm.~1~,1351458c09b8c8f01cf8231f2737c4ba
all5/Check_output_device_is_a_terminal/[0-2][1-3].wasm,e7668b77baa5f48eb9af12686f714836
all5/Check_output_device_is_a_terminal/[0-2][1-3].wasm.~1~,1351458c09b8c8f01cf8231f2737c4ba
all5/Check_output_device_is_a_terminal/[0-2][1-4].wasm,e7668b77baa5f48eb9af12686f714836
all5/Check_output_device_is_a_terminal/[0-2][1-4].wasm.~1~,1351458c09b8c8f01cf8231f2737c4ba
all5/Check_output_device_is_a_terminal/[0-3].wasm,e7668b77baa5f48eb9af12686f714836
all5/Check_output_device_is_a_terminal/[0-3].wasm.~1~,1351458c09b8c8f01cf8231f2737c4ba
all5/Check_output_device_is_a_terminal/[0-3][1-1].wasm,e7668b77baa5f48eb9af12686f714836
all5/Check_output_device_is_a_terminal/[0-3][1-1].wasm.~1~,1351458c09b8c8f01cf8231f2737c4ba
all5/Check_output_device_is_a_terminal/[0-3][1-2].wasm,e7668b77baa5f48eb9af12686f714836
all5/Check_output_device_is_a_terminal/[0-3][1-2].wasm.~1~,1351458c09b8c8f01cf8231f2737c4ba
all5/Check_output_device_is_a_terminal/[0-3][1-3].wasm,e7668b77baa5f48eb9af12686f714836
all5/Check_output_device_is_a_terminal/[0-3][1-3].wasm.~1~,1351458c09b8c8f01cf8231f2737c4ba
all5/Check_output_device_is_a_terminal/[0-3][1-4].wasm,e7668b77baa5f48eb9af12686f714836
all5/Check_output_device_is_a_terminal/[0-3][1-4].wasm.~1~,1351458c09b8c8f01cf8231f2737c4ba
all5/Check_output_device_is_a_terminal/[0-4].wasm,e7668b77baa5f48eb9af12686f714836
all5/Check_output_device_is_a_terminal/[0-4].wasm.~1~,1351458c09b8c8f01cf8231f2737c4ba
all5/Check_output_device_is_a_terminal/[0-4][1-1].wasm,e7668b77baa5f48eb9af12686f714836
all5/Check_output_device_is_a_terminal/[0-4][1-2].wasm,e7668b77baa5f48eb9af12686f714836
all5/Check_output_device_is_a_terminal/[0-4][1-2].wasm.~1~,1351458c09b8c8f01cf8231f2737c4ba
all5/Check_output_device_is_a_terminal/[0-4][1-3].wasm,e7668b77baa5f48eb9af12686f714836
all5/Check_output_device_is_a_terminal/[0-4][1-3].wasm.~1~,1351458c09b8c8f01cf8231f2737c4ba
all5/Check_output_device_is_a_terminal/[0-4][1-4].wasm,e7668b77baa5f48eb9af12686f714836
all5/Check_output_device_is_a_terminal/[0-4][1-4].wasm.~1~,1351458c09b8c8f01cf8231f2737c4ba
all5/Check_output_device_is_a_terminal/[0-5].wasm,e7668b77baa5f48eb9af12686f714836
all5/Check_output_device_is_a_terminal/[0-5][1-1].wasm,e7668b77baa5f48eb9af12686f714836
all5/Check_output_device_is_a_terminal/[0-5][1-2].wasm,e7668b77baa5f48eb9af12686f714836
all5/Check_output_device_is_a_terminal/[0-5][1-3].wasm,e7668b77baa5f48eb9af12686f714836
all5/Check_output_device_is_a_terminal/[0-5][1-4].wasm,e7668b77baa5f48eb9af12686f714836
all5/Check_output_device_is_a_terminal/[0-6].wasm,e7668b77baa5f48eb9af12686f714836
all5/Check_output_device_is_a_terminal/[0-6].wasm.~1~,1351458c09b8c8f01cf8231f2737c4ba
all5/Check_output_device_is_a_terminal/[0-6][1-1].wasm,e7668b77baa5f48eb9af12686f714836
all5/Check_output_device_is_a_terminal/[0-6][1-1].wasm.~1~,1351458c09b8c8f01cf8231f2737c4ba
all5/Check_output_device_is_a_terminal/[0-6][1-2].wasm,e7668b77baa5f48eb9af12686f714836
all5/Check_output_device_is_a_terminal/[0-6][1-3].wasm,e7668b77baa5f48eb9af12686f714836
all5/Check_output_device_is_a_terminal/[0-6][1-3].wasm.~1~,1351458c09b8c8f01cf8231f2737c4ba
all5/Check_output_device_is_a_terminal/[0-6][1-4].wasm,e7668b77baa5f48eb9af12686f714836
all5/Check_output_device_is_a_terminal/[0-6][1-4].wasm.~1~,1351458c09b8c8f01cf8231f2737c4ba
all5/Check_output_device_is_a_terminal/[0-7].wasm,e7668b77baa5f48eb9af12686f714836
all5/Check_output_device_is_a_terminal/[0-7].wasm.~1~,1351458c09b8c8f01cf8231f2737c4ba
all5/Check_output_device_is_a_terminal/[0-7][1-1].wasm,e7668b77baa5f48eb9af12686f714836
all5/Check_output_device_is_a_terminal/[0-7][1-2].wasm,e7668b77baa5f48eb9af12686f714836
all5/Check_output_device_is_a_terminal/[0-7][1-3].wasm,e7668b77baa5f48eb9af12686f714836
all5/Check_output_device_is_a_terminal/[0-7][1-3].wasm.~1~,1351458c09b8c8f01cf8231f2737c4ba
all5/Check_output_device_is_a_terminal/[0-7][1-4].wasm,e7668b77baa5f48eb9af12686f714836
all5/Check_output_device_is_a_terminal/[1-1].wasm,e7668b77baa5f48eb9af12686f714836
all5/Check_output_device_is_a_terminal/[1-1].wasm.~1~,1351458c09b8c8f01cf8231f2737c4ba
all5/Check_output_device_is_a_terminal/[1-2].wasm,e7668b77baa5f48eb9af12686f714836
all5/Check_output_device_is_a_terminal/[1-2].wasm.~1~,1351458c09b8c8f01cf8231f2737c4ba
all5/Check_output_device_is_a_terminal/[1-3].wasm,e7668b77baa5f48eb9af12686f714836
all5/Check_output_device_is_a_terminal/[1-3].wasm.~1~,1351458c09b8c8f01cf8231f2737c4ba
all5/Check_output_device_is_a_terminal/[1-4].wasm,e7668b77baa5f48eb9af12686f714836
all5/Check_output_device_is_a_terminal/[1-4].wasm.~1~,1351458c09b8c8f01cf8231f2737c4ba
