name, hash
all5/Check_input_device_is_a_terminal/Check_input_device_is_a_terminal.wasm,525dd081f7ddacb685c8ab51664821cd
all5/Check_input_device_is_a_terminal/Check_input_device_is_a_terminal.wasm.~1~,525dd081f7ddacb685c8ab51664821cd
all5/Check_input_device_is_a_terminal/Check_input_device_is_a_terminal.wasm.~2~,2fe8c95b4a04ff2b77afc6af526049bd
all5/Check_input_device_is_a_terminal/[0-1].wasm,525dd081f7ddacb685c8ab51664821cd
all5/Check_input_device_is_a_terminal/[0-1].wasm.~1~,2fe8c95b4a04ff2b77afc6af526049bd
all5/Check_input_device_is_a_terminal/[0-1][1-1].wasm,525dd081f7ddacb685c8ab51664821cd
all5/Check_input_device_is_a_terminal/[0-1][1-1].wasm.~1~,2fe8c95b4a04ff2b77afc6af526049bd
all5/Check_input_device_is_a_terminal/[0-1][1-2].wasm,525dd081f7ddacb685c8ab51664821cd
all5/Check_input_device_is_a_terminal/[0-1][1-2].wasm.~1~,2fe8c95b4a04ff2b77afc6af526049bd
all5/Check_input_device_is_a_terminal/[0-1][1-3].wasm,525dd081f7ddacb685c8ab51664821cd
all5/Check_input_device_is_a_terminal/[0-1][1-3].wasm.~1~,2fe8c95b4a04ff2b77afc6af526049bd
all5/Check_input_device_is_a_terminal/[0-1][1-4].wasm,525dd081f7ddacb685c8ab51664821cd
all5/Check_input_device_is_a_terminal/[0-1][1-4].wasm.~1~,2fe8c95b4a04ff2b77afc6af526049bd
all5/Check_input_device_is_a_terminal/[0-1][1-5].wasm,525dd081f7ddacb685c8ab51664821cd
all5/Check_input_device_is_a_terminal/[0-1][1-6].wasm,525dd081f7ddacb685c8ab51664821cd
all5/Check_input_device_is_a_terminal/[0-1][1-7].wasm,525dd081f7ddacb685c8ab51664821cd
all5/Check_input_device_is_a_terminal/[0-1][1-8].wasm,525dd081f7ddacb685c8ab51664821cd
all5/Check_input_device_is_a_terminal/[0-2].wasm,525dd081f7ddacb685c8ab51664821cd
all5/Check_input_device_is_a_terminal/[0-2].wasm.~1~,2fe8c95b4a04ff2b77afc6af526049bd
all5/Check_input_device_is_a_terminal/[0-2][1-1].wasm,525dd081f7ddacb685c8ab51664821cd
all5/Check_input_device_is_a_terminal/[0-2][1-1].wasm.~1~,2fe8c95b4a04ff2b77afc6af526049bd
all5/Check_input_device_is_a_terminal/[0-2][1-2].wasm,525dd081f7ddacb685c8ab51664821cd
all5/Check_input_device_is_a_terminal/[0-2][1-2].wasm.~1~,2fe8c95b4a04ff2b77afc6af526049bd
all5/Check_input_device_is_a_terminal/[0-2][1-3].wasm,525dd081f7ddacb685c8ab51664821cd
all5/Check_input_device_is_a_terminal/[0-2][1-3].wasm.~1~,2fe8c95b4a04ff2b77afc6af526049bd
all5/Check_input_device_is_a_terminal/[0-2][1-4].wasm,525dd081f7ddacb685c8ab51664821cd
all5/Check_input_device_is_a_terminal/[0-2][1-4].wasm.~1~,2fe8c95b4a04ff2b77afc6af526049bd
all5/Check_input_device_is_a_terminal/[0-2][1-5].wasm,525dd081f7ddacb685c8ab51664821cd
all5/Check_input_device_is_a_terminal/[0-2][1-6].wasm,525dd081f7ddacb685c8ab51664821cd
all5/Check_input_device_is_a_terminal/[0-2][1-7].wasm,525dd081f7ddacb685c8ab51664821cd
all5/Check_input_device_is_a_terminal/[0-2][1-8].wasm,525dd081f7ddacb685c8ab51664821cd
all5/Check_input_device_is_a_terminal/[0-3].wasm,525dd081f7ddacb685c8ab51664821cd
all5/Check_input_device_is_a_terminal/[0-3].wasm.~1~,2fe8c95b4a04ff2b77afc6af526049bd
all5/Check_input_device_is_a_terminal/[0-3][1-1].wasm,525dd081f7ddacb685c8ab51664821cd
all5/Check_input_device_is_a_terminal/[0-3][1-1].wasm.~1~,2fe8c95b4a04ff2b77afc6af526049bd
all5/Check_input_device_is_a_terminal/[0-3][1-2].wasm,525dd081f7ddacb685c8ab51664821cd
all5/Check_input_device_is_a_terminal/[0-3][1-2].wasm.~1~,2fe8c95b4a04ff2b77afc6af526049bd
all5/Check_input_device_is_a_terminal/[0-3][1-3].wasm,525dd081f7ddacb685c8ab51664821cd
all5/Check_input_device_is_a_terminal/[0-3][1-3].wasm.~1~,2fe8c95b4a04ff2b77afc6af526049bd
all5/Check_input_device_is_a_terminal/[0-3][1-4].wasm,525dd081f7ddacb685c8ab51664821cd
all5/Check_input_device_is_a_terminal/[0-3][1-4].wasm.~1~,2fe8c95b4a04ff2b77afc6af526049bd
all5/Check_input_device_is_a_terminal/[0-3][1-5].wasm,525dd081f7ddacb685c8ab51664821cd
all5/Check_input_device_is_a_terminal/[0-3][1-6].wasm,525dd081f7ddacb685c8ab51664821cd
all5/Check_input_device_is_a_terminal/[0-3][1-7].wasm,525dd081f7ddacb685c8ab51664821cd
all5/Check_input_device_is_a_terminal/[0-3][1-8].wasm,525dd081f7ddacb685c8ab51664821cd
all5/Check_input_device_is_a_terminal/[0-4].wasm,525dd081f7ddacb685c8ab51664821cd
all5/Check_input_device_is_a_terminal/[0-4].wasm.~1~,2fe8c95b4a04ff2b77afc6af526049bd
all5/Check_input_device_is_a_terminal/[0-4][1-1].wasm,525dd081f7ddacb685c8ab51664821cd
all5/Check_input_device_is_a_terminal/[0-4][1-1].wasm.~1~,2fe8c95b4a04ff2b77afc6af526049bd
all5/Check_input_device_is_a_terminal/[0-4][1-2].wasm,525dd081f7ddacb685c8ab51664821cd
all5/Check_input_device_is_a_terminal/[0-4][1-2].wasm.~1~,2fe8c95b4a04ff2b77afc6af526049bd
all5/Check_input_device_is_a_terminal/[0-4][1-3].wasm,525dd081f7ddacb685c8ab51664821cd
all5/Check_input_device_is_a_terminal/[0-4][1-3].wasm.~1~,2fe8c95b4a04ff2b77afc6af526049bd
all5/Check_input_device_is_a_terminal/[0-4][1-4].wasm,2fe8c95b4a04ff2b77afc6af526049bd
all5/Check_input_device_is_a_terminal/[0-5].wasm,2fe8c95b4a04ff2b77afc6af526049bd
all5/Check_input_device_is_a_terminal/[0-5][1-1].wasm,2fe8c95b4a04ff2b77afc6af526049bd
all5/Check_input_device_is_a_terminal/[0-5][1-2].wasm,2fe8c95b4a04ff2b77afc6af526049bd
all5/Check_input_device_is_a_terminal/[0-5][1-3].wasm,2fe8c95b4a04ff2b77afc6af526049bd
all5/Check_input_device_is_a_terminal/[0-5][1-4].wasm,2fe8c95b4a04ff2b77afc6af526049bd
all5/Check_input_device_is_a_terminal/[0-6].wasm,2fe8c95b4a04ff2b77afc6af526049bd
all5/Check_input_device_is_a_terminal/[0-6][1-1].wasm,2fe8c95b4a04ff2b77afc6af526049bd
all5/Check_input_device_is_a_terminal/[0-6][1-2].wasm,2fe8c95b4a04ff2b77afc6af526049bd
all5/Check_input_device_is_a_terminal/[0-6][1-3].wasm,2fe8c95b4a04ff2b77afc6af526049bd
all5/Check_input_device_is_a_terminal/[0-6][1-4].wasm,2fe8c95b4a04ff2b77afc6af526049bd
all5/Check_input_device_is_a_terminal/[0-7].wasm,2fe8c95b4a04ff2b77afc6af526049bd
all5/Check_input_device_is_a_terminal/[0-7][1-1].wasm,2fe8c95b4a04ff2b77afc6af526049bd
all5/Check_input_device_is_a_terminal/[0-7][1-2].wasm,2fe8c95b4a04ff2b77afc6af526049bd
all5/Check_input_device_is_a_terminal/[0-7][1-3].wasm,2fe8c95b4a04ff2b77afc6af526049bd
all5/Check_input_device_is_a_terminal/[0-7][1-4].wasm,2fe8c95b4a04ff2b77afc6af526049bd
all5/Check_input_device_is_a_terminal/[0-8][1-1].wasm,2fe8c95b4a04ff2b77afc6af526049bd
all5/Check_input_device_is_a_terminal/[0-8][1-4].wasm,2fe8c95b4a04ff2b77afc6af526049bd
all5/Check_input_device_is_a_terminal/[1-1].wasm,525dd081f7ddacb685c8ab51664821cd
all5/Check_input_device_is_a_terminal/[1-1].wasm.~1~,2fe8c95b4a04ff2b77afc6af526049bd
all5/Check_input_device_is_a_terminal/[1-2].wasm,525dd081f7ddacb685c8ab51664821cd
all5/Check_input_device_is_a_terminal/[1-2].wasm.~1~,2fe8c95b4a04ff2b77afc6af526049bd
all5/Check_input_device_is_a_terminal/[1-3].wasm,525dd081f7ddacb685c8ab51664821cd
all5/Check_input_device_is_a_terminal/[1-3].wasm.~1~,2fe8c95b4a04ff2b77afc6af526049bd
all5/Check_input_device_is_a_terminal/[1-4].wasm,525dd081f7ddacb685c8ab51664821cd
all5/Check_input_device_is_a_terminal/[1-4].wasm.~1~,2fe8c95b4a04ff2b77afc6af526049bd
all5/Check_input_device_is_a_terminal/[1-5].wasm,525dd081f7ddacb685c8ab51664821cd
all5/Check_input_device_is_a_terminal/[1-6].wasm,525dd081f7ddacb685c8ab51664821cd
all5/Check_input_device_is_a_terminal/[1-7].wasm,525dd081f7ddacb685c8ab51664821cd
all5/Check_input_device_is_a_terminal/[1-8].wasm,525dd081f7ddacb685c8ab51664821cd
