name, hash
all5/Check_that_file_exists/Check_that_file_exists.wasm,b9de20fc40b1872813f99d2dfcc9039d
all5/Check_that_file_exists/Check_that_file_exists.wasm.~1~,b9de20fc40b1872813f99d2dfcc9039d
all5/Check_that_file_exists/Check_that_file_exists.wasm.~2~,16bf84d127abf868b59d6b08971d4aba
all5/Check_that_file_exists/[0-1].wasm,b9de20fc40b1872813f99d2dfcc9039d
all5/Check_that_file_exists/[0-1][1-1].wasm,b9de20fc40b1872813f99d2dfcc9039d
all5/Check_that_file_exists/[0-1][1-1][2-1].wasm,b9de20fc40b1872813f99d2dfcc9039d
all5/Check_that_file_exists/[0-1][1-1][2-1][4-1].wasm,b9de20fc40b1872813f99d2dfcc9039d
all5/Check_that_file_exists/[0-1][1-1][2-1][4-1][5-1].wasm,b9de20fc40b1872813f99d2dfcc9039d
all5/Check_that_file_exists/[0-1][1-1][2-1][5-1].wasm,b9de20fc40b1872813f99d2dfcc9039d
all5/Check_that_file_exists/[0-1][1-1][4-1].wasm,b9de20fc40b1872813f99d2dfcc9039d
all5/Check_that_file_exists/[0-1][1-1][4-1][5-1].wasm,b9de20fc40b1872813f99d2dfcc9039d
all5/Check_that_file_exists/[0-1][1-1][5-1].wasm,b9de20fc40b1872813f99d2dfcc9039d
all5/Check_that_file_exists/[0-1][1-2].wasm,b9de20fc40b1872813f99d2dfcc9039d
all5/Check_that_file_exists/[0-1][1-2][2-1].wasm,b9de20fc40b1872813f99d2dfcc9039d
all5/Check_that_file_exists/[0-1][1-2][2-1][4-1].wasm,b9de20fc40b1872813f99d2dfcc9039d
all5/Check_that_file_exists/[0-1][1-2][2-1][4-1][5-1].wasm,b9de20fc40b1872813f99d2dfcc9039d
all5/Check_that_file_exists/[0-1][1-2][2-1][5-1].wasm,b9de20fc40b1872813f99d2dfcc9039d
all5/Check_that_file_exists/[0-1][1-2][4-1].wasm,b9de20fc40b1872813f99d2dfcc9039d
all5/Check_that_file_exists/[0-1][1-2][4-1][5-1].wasm,b9de20fc40b1872813f99d2dfcc9039d
all5/Check_that_file_exists/[0-1][1-2][5-1].wasm,b9de20fc40b1872813f99d2dfcc9039d
all5/Check_that_file_exists/[0-1][1-3].wasm,b9de20fc40b1872813f99d2dfcc9039d
all5/Check_that_file_exists/[0-1][1-3][2-1].wasm,b9de20fc40b1872813f99d2dfcc9039d
all5/Check_that_file_exists/[0-1][1-3][2-1][4-1].wasm,b9de20fc40b1872813f99d2dfcc9039d
all5/Check_that_file_exists/[0-1][1-3][2-1][4-1][5-1].wasm,b9de20fc40b1872813f99d2dfcc9039d
all5/Check_that_file_exists/[0-1][1-3][2-1][5-1].wasm,b9de20fc40b1872813f99d2dfcc9039d
all5/Check_that_file_exists/[0-1][1-3][4-1].wasm,b9de20fc40b1872813f99d2dfcc9039d
all5/Check_that_file_exists/[0-1][1-3][4-1][5-1].wasm,b9de20fc40b1872813f99d2dfcc9039d
all5/Check_that_file_exists/[0-1][1-3][5-1].wasm,b9de20fc40b1872813f99d2dfcc9039d
all5/Check_that_file_exists/[0-1][1-4].wasm,b9de20fc40b1872813f99d2dfcc9039d
all5/Check_that_file_exists/[0-1][1-4][2-1].wasm,b9de20fc40b1872813f99d2dfcc9039d
all5/Check_that_file_exists/[0-1][1-4][2-1][4-1].wasm,b9de20fc40b1872813f99d2dfcc9039d
all5/Check_that_file_exists/[0-1][1-4][2-1][4-1][5-1].wasm,b9de20fc40b1872813f99d2dfcc9039d
all5/Check_that_file_exists/[0-1][1-4][2-1][5-1].wasm,b9de20fc40b1872813f99d2dfcc9039d
all5/Check_that_file_exists/[0-1][1-4][4-1].wasm,b9de20fc40b1872813f99d2dfcc9039d
all5/Check_that_file_exists/[0-1][1-4][4-1][5-1].wasm,b9de20fc40b1872813f99d2dfcc9039d
all5/Check_that_file_exists/[0-1][1-4][5-1].wasm,b9de20fc40b1872813f99d2dfcc9039d
all5/Check_that_file_exists/[0-1][1-5].wasm,b9de20fc40b1872813f99d2dfcc9039d
all5/Check_that_file_exists/[0-1][1-5][2-1].wasm,b9de20fc40b1872813f99d2dfcc9039d
all5/Check_that_file_exists/[0-1][1-5][2-1][4-1].wasm,b9de20fc40b1872813f99d2dfcc9039d
all5/Check_that_file_exists/[0-1][1-5][2-1][4-1][5-1].wasm,b9de20fc40b1872813f99d2dfcc9039d
all5/Check_that_file_exists/[0-1][1-5][2-1][5-1].wasm,b9de20fc40b1872813f99d2dfcc9039d
all5/Check_that_file_exists/[0-1][1-5][4-1].wasm,b9de20fc40b1872813f99d2dfcc9039d
all5/Check_that_file_exists/[0-1][1-5][4-1][5-1].wasm,b9de20fc40b1872813f99d2dfcc9039d
all5/Check_that_file_exists/[0-1][1-5][5-1].wasm,b9de20fc40b1872813f99d2dfcc9039d
all5/Check_that_file_exists/[0-1][1-6].wasm,b9de20fc40b1872813f99d2dfcc9039d
all5/Check_that_file_exists/[0-1][1-6][2-1].wasm,b9de20fc40b1872813f99d2dfcc9039d
all5/Check_that_file_exists/[0-1][1-6][2-1][4-1].wasm,b9de20fc40b1872813f99d2dfcc9039d
all5/Check_that_file_exists/[0-1][1-6][2-1][4-1][5-1].wasm,b9de20fc40b1872813f99d2dfcc9039d
all5/Check_that_file_exists/[0-1][1-6][2-1][5-1].wasm,b9de20fc40b1872813f99d2dfcc9039d
all5/Check_that_file_exists/[0-1][1-6][4-1].wasm,b9de20fc40b1872813f99d2dfcc9039d
all5/Check_that_file_exists/[0-1][1-6][4-1][5-1].wasm,b9de20fc40b1872813f99d2dfcc9039d
all5/Check_that_file_exists/[0-1][1-6][5-1].wasm,b9de20fc40b1872813f99d2dfcc9039d
all5/Check_that_file_exists/[0-1][1-7].wasm,b9de20fc40b1872813f99d2dfcc9039d
all5/Check_that_file_exists/[0-1][1-7][2-1].wasm,b9de20fc40b1872813f99d2dfcc9039d
all5/Check_that_file_exists/[0-1][1-7][2-1][4-1].wasm,b9de20fc40b1872813f99d2dfcc9039d
all5/Check_that_file_exists/[0-1][1-7][2-1][4-1][5-1].wasm,b9de20fc40b1872813f99d2dfcc9039d
all5/Check_that_file_exists/[0-1][1-7][2-1][5-1].wasm,b9de20fc40b1872813f99d2dfcc9039d
all5/Check_that_file_exists/[0-1][1-7][4-1].wasm,b9de20fc40b1872813f99d2dfcc9039d
all5/Check_that_file_exists/[0-1][1-7][4-1][5-1].wasm,b9de20fc40b1872813f99d2dfcc9039d
all5/Check_that_file_exists/[0-1][1-7][5-1].wasm,b9de20fc40b1872813f99d2dfcc9039d
all5/Check_that_file_exists/[0-1][1-8].wasm,b9de20fc40b1872813f99d2dfcc9039d
all5/Check_that_file_exists/[0-1][1-8][2-1].wasm,b9de20fc40b1872813f99d2dfcc9039d
all5/Check_that_file_exists/[0-1][1-8][2-1][4-1].wasm,b9de20fc40b1872813f99d2dfcc9039d
all5/Check_that_file_exists/[0-1][1-8][2-1][4-1][5-1].wasm,b9de20fc40b1872813f99d2dfcc9039d
all5/Check_that_file_exists/[0-1][1-8][2-1][5-1].wasm,b9de20fc40b1872813f99d2dfcc9039d
all5/Check_that_file_exists/[0-1][1-8][4-1].wasm,b9de20fc40b1872813f99d2dfcc9039d
all5/Check_that_file_exists/[0-1][1-8][4-1][5-1].wasm,b9de20fc40b1872813f99d2dfcc9039d
all5/Check_that_file_exists/[0-1][1-8][5-1].wasm,b9de20fc40b1872813f99d2dfcc9039d
all5/Check_that_file_exists/[0-1][2-1].wasm,b9de20fc40b1872813f99d2dfcc9039d
all5/Check_that_file_exists/[0-1][2-1][4-1].wasm,b9de20fc40b1872813f99d2dfcc9039d
all5/Check_that_file_exists/[0-1][2-1][4-1][5-1].wasm,b9de20fc40b1872813f99d2dfcc9039d
all5/Check_that_file_exists/[0-1][2-1][5-1].wasm,b9de20fc40b1872813f99d2dfcc9039d
all5/Check_that_file_exists/[0-1][4-1].wasm,b9de20fc40b1872813f99d2dfcc9039d
all5/Check_that_file_exists/[0-1][4-1][5-1].wasm,b9de20fc40b1872813f99d2dfcc9039d
all5/Check_that_file_exists/[0-1][5-1].wasm,b9de20fc40b1872813f99d2dfcc9039d
all5/Check_that_file_exists/[0-2].wasm,b9de20fc40b1872813f99d2dfcc9039d
all5/Check_that_file_exists/[0-2][1-1].wasm,b9de20fc40b1872813f99d2dfcc9039d
all5/Check_that_file_exists/[0-2][1-1][2-1].wasm,b9de20fc40b1872813f99d2dfcc9039d
all5/Check_that_file_exists/[0-2][1-1][2-1][4-1].wasm,b9de20fc40b1872813f99d2dfcc9039d
all5/Check_that_file_exists/[0-2][1-1][2-1][4-1][5-1].wasm,b9de20fc40b1872813f99d2dfcc9039d
all5/Check_that_file_exists/[0-2][1-1][2-1][5-1].wasm,b9de20fc40b1872813f99d2dfcc9039d
all5/Check_that_file_exists/[0-2][1-1][4-1].wasm,b9de20fc40b1872813f99d2dfcc9039d
all5/Check_that_file_exists/[0-2][1-1][4-1][5-1].wasm,b9de20fc40b1872813f99d2dfcc9039d
all5/Check_that_file_exists/[0-2][1-1][5-1].wasm,b9de20fc40b1872813f99d2dfcc9039d
all5/Check_that_file_exists/[0-2][1-2].wasm,b9de20fc40b1872813f99d2dfcc9039d
all5/Check_that_file_exists/[0-2][1-2][2-1].wasm,b9de20fc40b1872813f99d2dfcc9039d
all5/Check_that_file_exists/[0-2][1-2][2-1][4-1].wasm,b9de20fc40b1872813f99d2dfcc9039d
all5/Check_that_file_exists/[0-2][1-2][2-1][4-1][5-1].wasm,b9de20fc40b1872813f99d2dfcc9039d
all5/Check_that_file_exists/[0-2][1-2][2-1][5-1].wasm,b9de20fc40b1872813f99d2dfcc9039d
all5/Check_that_file_exists/[0-2][1-2][4-1].wasm,b9de20fc40b1872813f99d2dfcc9039d
all5/Check_that_file_exists/[0-2][1-2][4-1][5-1].wasm,b9de20fc40b1872813f99d2dfcc9039d
all5/Check_that_file_exists/[0-2][1-2][5-1].wasm,b9de20fc40b1872813f99d2dfcc9039d
all5/Check_that_file_exists/[0-2][1-3].wasm,b9de20fc40b1872813f99d2dfcc9039d
all5/Check_that_file_exists/[0-2][1-3][2-1].wasm,b9de20fc40b1872813f99d2dfcc9039d
all5/Check_that_file_exists/[0-2][1-3][2-1][4-1].wasm,b9de20fc40b1872813f99d2dfcc9039d
all5/Check_that_file_exists/[0-2][1-3][2-1][4-1][5-1].wasm,b9de20fc40b1872813f99d2dfcc9039d
all5/Check_that_file_exists/[0-2][1-3][2-1][5-1].wasm,b9de20fc40b1872813f99d2dfcc9039d
all5/Check_that_file_exists/[0-2][1-3][4-1].wasm,b9de20fc40b1872813f99d2dfcc9039d
all5/Check_that_file_exists/[0-2][1-3][4-1][5-1].wasm,b9de20fc40b1872813f99d2dfcc9039d
all5/Check_that_file_exists/[0-2][1-3][5-1].wasm,b9de20fc40b1872813f99d2dfcc9039d
all5/Check_that_file_exists/[0-2][1-4].wasm,b9de20fc40b1872813f99d2dfcc9039d
all5/Check_that_file_exists/[0-2][1-4][2-1].wasm,b9de20fc40b1872813f99d2dfcc9039d
all5/Check_that_file_exists/[0-2][1-4][2-1][4-1].wasm,b9de20fc40b1872813f99d2dfcc9039d
all5/Check_that_file_exists/[0-2][1-4][2-1][4-1][5-1].wasm,b9de20fc40b1872813f99d2dfcc9039d
all5/Check_that_file_exists/[0-2][1-4][2-1][5-1].wasm,b9de20fc40b1872813f99d2dfcc9039d
all5/Check_that_file_exists/[0-2][1-4][4-1].wasm,b9de20fc40b1872813f99d2dfcc9039d
all5/Check_that_file_exists/[0-2][1-4][4-1][5-1].wasm,b9de20fc40b1872813f99d2dfcc9039d
all5/Check_that_file_exists/[0-2][1-4][5-1].wasm,b9de20fc40b1872813f99d2dfcc9039d
all5/Check_that_file_exists/[0-2][1-5].wasm,b9de20fc40b1872813f99d2dfcc9039d
all5/Check_that_file_exists/[0-2][1-5][2-1].wasm,b9de20fc40b1872813f99d2dfcc9039d
all5/Check_that_file_exists/[0-2][1-5][2-1][4-1].wasm,b9de20fc40b1872813f99d2dfcc9039d
all5/Check_that_file_exists/[0-2][1-5][2-1][4-1][5-1].wasm,b9de20fc40b1872813f99d2dfcc9039d
all5/Check_that_file_exists/[0-2][1-5][2-1][5-1].wasm,b9de20fc40b1872813f99d2dfcc9039d
all5/Check_that_file_exists/[0-2][1-5][4-1].wasm,b9de20fc40b1872813f99d2dfcc9039d
all5/Check_that_file_exists/[0-2][1-5][4-1][5-1].wasm,b9de20fc40b1872813f99d2dfcc9039d
all5/Check_that_file_exists/[0-2][1-5][5-1].wasm,b9de20fc40b1872813f99d2dfcc9039d
all5/Check_that_file_exists/[0-2][1-6].wasm,b9de20fc40b1872813f99d2dfcc9039d
all5/Check_that_file_exists/[0-2][1-6][2-1].wasm,b9de20fc40b1872813f99d2dfcc9039d
all5/Check_that_file_exists/[0-2][1-6][2-1][4-1].wasm,b9de20fc40b1872813f99d2dfcc9039d
all5/Check_that_file_exists/[0-2][1-6][2-1][4-1][5-1].wasm,b9de20fc40b1872813f99d2dfcc9039d
all5/Check_that_file_exists/[0-2][1-6][2-1][5-1].wasm,b9de20fc40b1872813f99d2dfcc9039d
all5/Check_that_file_exists/[0-2][1-6][4-1].wasm,b9de20fc40b1872813f99d2dfcc9039d
all5/Check_that_file_exists/[0-2][1-6][4-1][5-1].wasm,b9de20fc40b1872813f99d2dfcc9039d
all5/Check_that_file_exists/[0-2][1-6][5-1].wasm,b9de20fc40b1872813f99d2dfcc9039d
all5/Check_that_file_exists/[0-2][1-7].wasm,b9de20fc40b1872813f99d2dfcc9039d
all5/Check_that_file_exists/[0-2][1-7][2-1].wasm,b9de20fc40b1872813f99d2dfcc9039d
all5/Check_that_file_exists/[0-2][1-7][2-1][4-1].wasm,b9de20fc40b1872813f99d2dfcc9039d
all5/Check_that_file_exists/[0-2][1-7][2-1][4-1][5-1].wasm,b9de20fc40b1872813f99d2dfcc9039d
all5/Check_that_file_exists/[0-2][1-7][2-1][5-1].wasm,b9de20fc40b1872813f99d2dfcc9039d
all5/Check_that_file_exists/[0-2][1-7][4-1].wasm,b9de20fc40b1872813f99d2dfcc9039d
all5/Check_that_file_exists/[0-2][1-7][4-1][5-1].wasm,b9de20fc40b1872813f99d2dfcc9039d
all5/Check_that_file_exists/[0-2][1-7][5-1].wasm,b9de20fc40b1872813f99d2dfcc9039d
all5/Check_that_file_exists/[0-2][1-8].wasm,b9de20fc40b1872813f99d2dfcc9039d
all5/Check_that_file_exists/[0-2][1-8][2-1].wasm,b9de20fc40b1872813f99d2dfcc9039d
all5/Check_that_file_exists/[0-2][1-8][2-1][4-1].wasm,b9de20fc40b1872813f99d2dfcc9039d
all5/Check_that_file_exists/[0-2][1-8][2-1][4-1][5-1].wasm,b9de20fc40b1872813f99d2dfcc9039d
all5/Check_that_file_exists/[0-2][1-8][2-1][5-1].wasm,b9de20fc40b1872813f99d2dfcc9039d
all5/Check_that_file_exists/[0-2][1-8][4-1].wasm,b9de20fc40b1872813f99d2dfcc9039d
all5/Check_that_file_exists/[0-2][1-8][4-1][5-1].wasm,b9de20fc40b1872813f99d2dfcc9039d
all5/Check_that_file_exists/[0-2][1-8][5-1].wasm,b9de20fc40b1872813f99d2dfcc9039d
all5/Check_that_file_exists/[0-2][2-1].wasm,b9de20fc40b1872813f99d2dfcc9039d
all5/Check_that_file_exists/[0-2][2-1][4-1].wasm,b9de20fc40b1872813f99d2dfcc9039d
all5/Check_that_file_exists/[0-2][2-1][4-1][5-1].wasm,b9de20fc40b1872813f99d2dfcc9039d
all5/Check_that_file_exists/[0-2][2-1][5-1].wasm,b9de20fc40b1872813f99d2dfcc9039d
all5/Check_that_file_exists/[0-2][4-1].wasm,b9de20fc40b1872813f99d2dfcc9039d
all5/Check_that_file_exists/[0-2][4-1][5-1].wasm,b9de20fc40b1872813f99d2dfcc9039d
all5/Check_that_file_exists/[0-2][5-1].wasm,b9de20fc40b1872813f99d2dfcc9039d
all5/Check_that_file_exists/[0-3].wasm,b9de20fc40b1872813f99d2dfcc9039d
all5/Check_that_file_exists/[0-3][1-1].wasm,b9de20fc40b1872813f99d2dfcc9039d
all5/Check_that_file_exists/[0-3][1-1][2-1].wasm,b9de20fc40b1872813f99d2dfcc9039d
all5/Check_that_file_exists/[0-3][1-1][2-1][4-1].wasm,b9de20fc40b1872813f99d2dfcc9039d
all5/Check_that_file_exists/[0-3][1-1][2-1][4-1][5-1].wasm,b9de20fc40b1872813f99d2dfcc9039d
all5/Check_that_file_exists/[0-3][1-1][2-1][5-1].wasm,b9de20fc40b1872813f99d2dfcc9039d
all5/Check_that_file_exists/[0-3][1-1][4-1].wasm,b9de20fc40b1872813f99d2dfcc9039d
all5/Check_that_file_exists/[0-3][1-1][4-1][5-1].wasm,b9de20fc40b1872813f99d2dfcc9039d
all5/Check_that_file_exists/[0-3][1-1][5-1].wasm,b9de20fc40b1872813f99d2dfcc9039d
all5/Check_that_file_exists/[0-3][1-2].wasm,b9de20fc40b1872813f99d2dfcc9039d
all5/Check_that_file_exists/[0-3][1-2][2-1].wasm,b9de20fc40b1872813f99d2dfcc9039d
all5/Check_that_file_exists/[0-3][1-2][2-1][4-1].wasm,b9de20fc40b1872813f99d2dfcc9039d
all5/Check_that_file_exists/[0-3][1-2][2-1][4-1][5-1].wasm,b9de20fc40b1872813f99d2dfcc9039d
all5/Check_that_file_exists/[0-3][1-2][2-1][5-1].wasm,b9de20fc40b1872813f99d2dfcc9039d
all5/Check_that_file_exists/[0-3][1-2][4-1].wasm,b9de20fc40b1872813f99d2dfcc9039d
all5/Check_that_file_exists/[0-3][1-2][4-1][5-1].wasm,b9de20fc40b1872813f99d2dfcc9039d
all5/Check_that_file_exists/[0-3][1-2][5-1].wasm,b9de20fc40b1872813f99d2dfcc9039d
all5/Check_that_file_exists/[0-3][1-3].wasm,b9de20fc40b1872813f99d2dfcc9039d
all5/Check_that_file_exists/[0-3][1-3][2-1].wasm,b9de20fc40b1872813f99d2dfcc9039d
all5/Check_that_file_exists/[0-3][1-3][2-1][4-1].wasm,b9de20fc40b1872813f99d2dfcc9039d
all5/Check_that_file_exists/[0-3][1-3][2-1][4-1][5-1].wasm,b9de20fc40b1872813f99d2dfcc9039d
all5/Check_that_file_exists/[0-3][1-3][2-1][5-1].wasm,b9de20fc40b1872813f99d2dfcc9039d
all5/Check_that_file_exists/[0-3][1-3][4-1].wasm,b9de20fc40b1872813f99d2dfcc9039d
all5/Check_that_file_exists/[0-3][1-3][4-1][5-1].wasm,b9de20fc40b1872813f99d2dfcc9039d
all5/Check_that_file_exists/[0-3][1-3][5-1].wasm,b9de20fc40b1872813f99d2dfcc9039d
all5/Check_that_file_exists/[0-3][1-4].wasm,b9de20fc40b1872813f99d2dfcc9039d
all5/Check_that_file_exists/[0-3][1-4][2-1].wasm,b9de20fc40b1872813f99d2dfcc9039d
all5/Check_that_file_exists/[0-3][1-4][2-1][4-1].wasm,b9de20fc40b1872813f99d2dfcc9039d
all5/Check_that_file_exists/[0-3][1-4][2-1][4-1][5-1].wasm,b9de20fc40b1872813f99d2dfcc9039d
all5/Check_that_file_exists/[0-3][1-4][2-1][5-1].wasm,b9de20fc40b1872813f99d2dfcc9039d
all5/Check_that_file_exists/[0-3][1-4][4-1].wasm,b9de20fc40b1872813f99d2dfcc9039d
all5/Check_that_file_exists/[0-3][1-4][4-1][5-1].wasm,b9de20fc40b1872813f99d2dfcc9039d
all5/Check_that_file_exists/[0-3][1-4][5-1].wasm,b9de20fc40b1872813f99d2dfcc9039d
all5/Check_that_file_exists/[0-3][1-5].wasm,b9de20fc40b1872813f99d2dfcc9039d
all5/Check_that_file_exists/[0-3][1-5][2-1].wasm,b9de20fc40b1872813f99d2dfcc9039d
all5/Check_that_file_exists/[0-3][1-5][2-1][4-1].wasm,b9de20fc40b1872813f99d2dfcc9039d
all5/Check_that_file_exists/[0-3][1-5][2-1][4-1][5-1].wasm,b9de20fc40b1872813f99d2dfcc9039d
all5/Check_that_file_exists/[0-3][1-5][2-1][5-1].wasm,b9de20fc40b1872813f99d2dfcc9039d
all5/Check_that_file_exists/[0-3][1-5][4-1].wasm,b9de20fc40b1872813f99d2dfcc9039d
all5/Check_that_file_exists/[0-3][1-5][4-1][5-1].wasm,b9de20fc40b1872813f99d2dfcc9039d
all5/Check_that_file_exists/[0-3][1-5][5-1].wasm,b9de20fc40b1872813f99d2dfcc9039d
all5/Check_that_file_exists/[0-3][1-6].wasm,b9de20fc40b1872813f99d2dfcc9039d
all5/Check_that_file_exists/[0-3][1-6][2-1].wasm,b9de20fc40b1872813f99d2dfcc9039d
all5/Check_that_file_exists/[0-3][1-6][2-1][4-1].wasm,b9de20fc40b1872813f99d2dfcc9039d
all5/Check_that_file_exists/[0-3][1-6][2-1][4-1][5-1].wasm,b9de20fc40b1872813f99d2dfcc9039d
all5/Check_that_file_exists/[0-3][1-6][2-1][5-1].wasm,b9de20fc40b1872813f99d2dfcc9039d
all5/Check_that_file_exists/[0-3][1-6][4-1].wasm,b9de20fc40b1872813f99d2dfcc9039d
all5/Check_that_file_exists/[0-3][1-6][4-1][5-1].wasm,b9de20fc40b1872813f99d2dfcc9039d
all5/Check_that_file_exists/[0-3][1-6][5-1].wasm,b9de20fc40b1872813f99d2dfcc9039d
all5/Check_that_file_exists/[0-3][1-7].wasm,b9de20fc40b1872813f99d2dfcc9039d
all5/Check_that_file_exists/[0-3][1-7][2-1].wasm,b9de20fc40b1872813f99d2dfcc9039d
all5/Check_that_file_exists/[0-3][1-7][2-1][4-1].wasm,b9de20fc40b1872813f99d2dfcc9039d
all5/Check_that_file_exists/[0-3][1-7][2-1][4-1][5-1].wasm,b9de20fc40b1872813f99d2dfcc9039d
all5/Check_that_file_exists/[0-3][1-7][2-1][5-1].wasm,b9de20fc40b1872813f99d2dfcc9039d
all5/Check_that_file_exists/[0-3][1-7][4-1].wasm,b9de20fc40b1872813f99d2dfcc9039d
all5/Check_that_file_exists/[0-3][1-7][4-1][5-1].wasm,b9de20fc40b1872813f99d2dfcc9039d
all5/Check_that_file_exists/[0-3][1-7][5-1].wasm,b9de20fc40b1872813f99d2dfcc9039d
all5/Check_that_file_exists/[0-3][1-8].wasm,b9de20fc40b1872813f99d2dfcc9039d
all5/Check_that_file_exists/[0-3][1-8][2-1].wasm,b9de20fc40b1872813f99d2dfcc9039d
all5/Check_that_file_exists/[0-3][1-8][2-1][4-1].wasm,b9de20fc40b1872813f99d2dfcc9039d
all5/Check_that_file_exists/[0-3][1-8][2-1][4-1][5-1].wasm,b9de20fc40b1872813f99d2dfcc9039d
all5/Check_that_file_exists/[0-3][1-8][2-1][5-1].wasm,b9de20fc40b1872813f99d2dfcc9039d
all5/Check_that_file_exists/[0-3][1-8][4-1].wasm,b9de20fc40b1872813f99d2dfcc9039d
all5/Check_that_file_exists/[0-3][1-8][4-1][5-1].wasm,b9de20fc40b1872813f99d2dfcc9039d
all5/Check_that_file_exists/[0-3][1-8][5-1].wasm,b9de20fc40b1872813f99d2dfcc9039d
all5/Check_that_file_exists/[0-3][2-1].wasm,b9de20fc40b1872813f99d2dfcc9039d
all5/Check_that_file_exists/[0-3][2-1][4-1].wasm,b9de20fc40b1872813f99d2dfcc9039d
all5/Check_that_file_exists/[0-3][2-1][4-1][5-1].wasm,b9de20fc40b1872813f99d2dfcc9039d
all5/Check_that_file_exists/[0-3][2-1][5-1].wasm,b9de20fc40b1872813f99d2dfcc9039d
all5/Check_that_file_exists/[0-3][4-1].wasm,b9de20fc40b1872813f99d2dfcc9039d
all5/Check_that_file_exists/[0-3][4-1][5-1].wasm,b9de20fc40b1872813f99d2dfcc9039d
all5/Check_that_file_exists/[0-3][5-1].wasm,b9de20fc40b1872813f99d2dfcc9039d
all5/Check_that_file_exists/[0-4].wasm,b9de20fc40b1872813f99d2dfcc9039d
all5/Check_that_file_exists/[0-4][1-1].wasm,b9de20fc40b1872813f99d2dfcc9039d
all5/Check_that_file_exists/[0-4][1-1][2-1].wasm,b9de20fc40b1872813f99d2dfcc9039d
all5/Check_that_file_exists/[0-4][1-1][2-1][4-1].wasm,b9de20fc40b1872813f99d2dfcc9039d
all5/Check_that_file_exists/[0-4][1-1][2-1][4-1][5-1].wasm,b9de20fc40b1872813f99d2dfcc9039d
all5/Check_that_file_exists/[0-4][1-1][2-1][5-1].wasm,b9de20fc40b1872813f99d2dfcc9039d
all5/Check_that_file_exists/[0-4][1-1][4-1].wasm,b9de20fc40b1872813f99d2dfcc9039d
all5/Check_that_file_exists/[0-4][1-1][4-1][5-1].wasm,b9de20fc40b1872813f99d2dfcc9039d
all5/Check_that_file_exists/[0-4][1-1][5-1].wasm,b9de20fc40b1872813f99d2dfcc9039d
all5/Check_that_file_exists/[0-4][1-2].wasm,b9de20fc40b1872813f99d2dfcc9039d
all5/Check_that_file_exists/[0-4][1-2][2-1].wasm,b9de20fc40b1872813f99d2dfcc9039d
all5/Check_that_file_exists/[0-4][1-2][2-1][4-1].wasm,b9de20fc40b1872813f99d2dfcc9039d
all5/Check_that_file_exists/[0-4][1-2][2-1][4-1][5-1].wasm,b9de20fc40b1872813f99d2dfcc9039d
all5/Check_that_file_exists/[0-4][1-2][2-1][5-1].wasm,b9de20fc40b1872813f99d2dfcc9039d
all5/Check_that_file_exists/[0-4][1-2][4-1].wasm,b9de20fc40b1872813f99d2dfcc9039d
all5/Check_that_file_exists/[0-4][1-2][4-1][5-1].wasm,b9de20fc40b1872813f99d2dfcc9039d
all5/Check_that_file_exists/[0-4][1-2][5-1].wasm,b9de20fc40b1872813f99d2dfcc9039d
all5/Check_that_file_exists/[0-4][1-3].wasm,b9de20fc40b1872813f99d2dfcc9039d
all5/Check_that_file_exists/[0-4][1-3][2-1].wasm,b9de20fc40b1872813f99d2dfcc9039d
all5/Check_that_file_exists/[0-4][1-3][2-1][4-1].wasm,b9de20fc40b1872813f99d2dfcc9039d
all5/Check_that_file_exists/[0-4][1-3][2-1][4-1][5-1].wasm,b9de20fc40b1872813f99d2dfcc9039d
all5/Check_that_file_exists/[0-4][1-3][2-1][5-1].wasm,b9de20fc40b1872813f99d2dfcc9039d
all5/Check_that_file_exists/[0-4][1-3][4-1].wasm,b9de20fc40b1872813f99d2dfcc9039d
all5/Check_that_file_exists/[0-4][1-3][4-1][5-1].wasm,b9de20fc40b1872813f99d2dfcc9039d
all5/Check_that_file_exists/[0-4][1-3][5-1].wasm,b9de20fc40b1872813f99d2dfcc9039d
all5/Check_that_file_exists/[0-4][1-4].wasm,b9de20fc40b1872813f99d2dfcc9039d
all5/Check_that_file_exists/[0-4][1-4][2-1].wasm,b9de20fc40b1872813f99d2dfcc9039d
all5/Check_that_file_exists/[0-4][1-4][2-1][4-1].wasm,b9de20fc40b1872813f99d2dfcc9039d
all5/Check_that_file_exists/[0-4][1-4][2-1][4-1][5-1].wasm,b9de20fc40b1872813f99d2dfcc9039d
all5/Check_that_file_exists/[0-4][1-4][2-1][5-1].wasm,b9de20fc40b1872813f99d2dfcc9039d
all5/Check_that_file_exists/[0-4][1-4][4-1].wasm,b9de20fc40b1872813f99d2dfcc9039d
all5/Check_that_file_exists/[0-4][1-4][4-1][5-1].wasm,b9de20fc40b1872813f99d2dfcc9039d
all5/Check_that_file_exists/[0-4][1-4][5-1].wasm,b9de20fc40b1872813f99d2dfcc9039d
all5/Check_that_file_exists/[0-4][1-5].wasm,b9de20fc40b1872813f99d2dfcc9039d
all5/Check_that_file_exists/[0-4][1-5][2-1].wasm,b9de20fc40b1872813f99d2dfcc9039d
all5/Check_that_file_exists/[0-4][1-5][2-1][4-1].wasm,b9de20fc40b1872813f99d2dfcc9039d
all5/Check_that_file_exists/[0-4][1-5][2-1][4-1][5-1].wasm,b9de20fc40b1872813f99d2dfcc9039d
all5/Check_that_file_exists/[0-4][1-5][2-1][5-1].wasm,b9de20fc40b1872813f99d2dfcc9039d
all5/Check_that_file_exists/[0-4][1-5][4-1].wasm,b9de20fc40b1872813f99d2dfcc9039d
all5/Check_that_file_exists/[0-4][1-5][4-1][5-1].wasm,b9de20fc40b1872813f99d2dfcc9039d
all5/Check_that_file_exists/[0-4][1-5][5-1].wasm,b9de20fc40b1872813f99d2dfcc9039d
all5/Check_that_file_exists/[0-4][1-6].wasm,b9de20fc40b1872813f99d2dfcc9039d
all5/Check_that_file_exists/[0-4][1-6][2-1].wasm,b9de20fc40b1872813f99d2dfcc9039d
all5/Check_that_file_exists/[0-4][1-6][2-1][4-1].wasm,b9de20fc40b1872813f99d2dfcc9039d
all5/Check_that_file_exists/[0-4][1-6][2-1][4-1][5-1].wasm,b9de20fc40b1872813f99d2dfcc9039d
all5/Check_that_file_exists/[0-4][1-6][2-1][5-1].wasm,b9de20fc40b1872813f99d2dfcc9039d
all5/Check_that_file_exists/[0-4][1-6][4-1].wasm,b9de20fc40b1872813f99d2dfcc9039d
all5/Check_that_file_exists/[0-4][1-6][4-1][5-1].wasm,b9de20fc40b1872813f99d2dfcc9039d
all5/Check_that_file_exists/[0-4][1-6][5-1].wasm,b9de20fc40b1872813f99d2dfcc9039d
all5/Check_that_file_exists/[0-4][1-7].wasm,b9de20fc40b1872813f99d2dfcc9039d
all5/Check_that_file_exists/[0-4][1-7][2-1].wasm,b9de20fc40b1872813f99d2dfcc9039d
all5/Check_that_file_exists/[0-4][1-7][2-1][4-1].wasm,b9de20fc40b1872813f99d2dfcc9039d
all5/Check_that_file_exists/[0-4][1-7][2-1][4-1][5-1].wasm,b9de20fc40b1872813f99d2dfcc9039d
all5/Check_that_file_exists/[0-4][1-7][2-1][5-1].wasm,b9de20fc40b1872813f99d2dfcc9039d
all5/Check_that_file_exists/[0-4][1-7][4-1].wasm,b9de20fc40b1872813f99d2dfcc9039d
all5/Check_that_file_exists/[0-4][1-7][4-1][5-1].wasm,b9de20fc40b1872813f99d2dfcc9039d
all5/Check_that_file_exists/[0-4][1-7][5-1].wasm,b9de20fc40b1872813f99d2dfcc9039d
all5/Check_that_file_exists/[0-4][1-8].wasm,b9de20fc40b1872813f99d2dfcc9039d
all5/Check_that_file_exists/[0-4][1-8][2-1].wasm,b9de20fc40b1872813f99d2dfcc9039d
all5/Check_that_file_exists/[0-4][1-8][2-1][4-1].wasm,b9de20fc40b1872813f99d2dfcc9039d
all5/Check_that_file_exists/[0-4][1-8][2-1][4-1][5-1].wasm,b9de20fc40b1872813f99d2dfcc9039d
all5/Check_that_file_exists/[0-4][1-8][2-1][5-1].wasm,b9de20fc40b1872813f99d2dfcc9039d
all5/Check_that_file_exists/[0-4][1-8][4-1].wasm,b9de20fc40b1872813f99d2dfcc9039d
all5/Check_that_file_exists/[0-4][1-8][4-1][5-1].wasm,b9de20fc40b1872813f99d2dfcc9039d
all5/Check_that_file_exists/[0-4][1-8][5-1].wasm,b9de20fc40b1872813f99d2dfcc9039d
all5/Check_that_file_exists/[0-4][2-1].wasm,b9de20fc40b1872813f99d2dfcc9039d
all5/Check_that_file_exists/[0-4][2-1][4-1].wasm,b9de20fc40b1872813f99d2dfcc9039d
all5/Check_that_file_exists/[0-4][2-1][4-1][5-1].wasm,b9de20fc40b1872813f99d2dfcc9039d
all5/Check_that_file_exists/[0-4][2-1][5-1].wasm,b9de20fc40b1872813f99d2dfcc9039d
all5/Check_that_file_exists/[0-4][4-1].wasm,b9de20fc40b1872813f99d2dfcc9039d
all5/Check_that_file_exists/[0-4][4-1][5-1].wasm,b9de20fc40b1872813f99d2dfcc9039d
all5/Check_that_file_exists/[0-4][5-1].wasm,b9de20fc40b1872813f99d2dfcc9039d
all5/Check_that_file_exists/[1-1].wasm,b9de20fc40b1872813f99d2dfcc9039d
all5/Check_that_file_exists/[1-1][2-1].wasm,b9de20fc40b1872813f99d2dfcc9039d
all5/Check_that_file_exists/[1-1][2-1][4-1].wasm,b9de20fc40b1872813f99d2dfcc9039d
all5/Check_that_file_exists/[1-1][2-1][4-1][5-1].wasm,b9de20fc40b1872813f99d2dfcc9039d
all5/Check_that_file_exists/[1-1][2-1][5-1].wasm,b9de20fc40b1872813f99d2dfcc9039d
all5/Check_that_file_exists/[1-1][4-1].wasm,b9de20fc40b1872813f99d2dfcc9039d
all5/Check_that_file_exists/[1-1][4-1][5-1].wasm,b9de20fc40b1872813f99d2dfcc9039d
all5/Check_that_file_exists/[1-1][5-1].wasm,b9de20fc40b1872813f99d2dfcc9039d
all5/Check_that_file_exists/[1-2].wasm,b9de20fc40b1872813f99d2dfcc9039d
all5/Check_that_file_exists/[1-2][2-1].wasm,b9de20fc40b1872813f99d2dfcc9039d
all5/Check_that_file_exists/[1-2][2-1][4-1].wasm,b9de20fc40b1872813f99d2dfcc9039d
all5/Check_that_file_exists/[1-2][2-1][4-1][5-1].wasm,b9de20fc40b1872813f99d2dfcc9039d
all5/Check_that_file_exists/[1-2][2-1][5-1].wasm,b9de20fc40b1872813f99d2dfcc9039d
all5/Check_that_file_exists/[1-2][4-1].wasm,b9de20fc40b1872813f99d2dfcc9039d
all5/Check_that_file_exists/[1-2][4-1][5-1].wasm,b9de20fc40b1872813f99d2dfcc9039d
all5/Check_that_file_exists/[1-2][5-1].wasm,b9de20fc40b1872813f99d2dfcc9039d
all5/Check_that_file_exists/[1-3].wasm,b9de20fc40b1872813f99d2dfcc9039d
all5/Check_that_file_exists/[1-3][2-1].wasm,b9de20fc40b1872813f99d2dfcc9039d
all5/Check_that_file_exists/[1-3][2-1][4-1].wasm,b9de20fc40b1872813f99d2dfcc9039d
all5/Check_that_file_exists/[1-3][2-1][4-1][5-1].wasm,b9de20fc40b1872813f99d2dfcc9039d
all5/Check_that_file_exists/[1-3][2-1][5-1].wasm,b9de20fc40b1872813f99d2dfcc9039d
all5/Check_that_file_exists/[1-3][4-1].wasm,b9de20fc40b1872813f99d2dfcc9039d
all5/Check_that_file_exists/[1-3][4-1][5-1].wasm,b9de20fc40b1872813f99d2dfcc9039d
all5/Check_that_file_exists/[1-3][5-1].wasm,b9de20fc40b1872813f99d2dfcc9039d
all5/Check_that_file_exists/[1-4].wasm,b9de20fc40b1872813f99d2dfcc9039d
all5/Check_that_file_exists/[1-4][2-1].wasm,b9de20fc40b1872813f99d2dfcc9039d
all5/Check_that_file_exists/[1-4][2-1][4-1].wasm,b9de20fc40b1872813f99d2dfcc9039d
all5/Check_that_file_exists/[1-4][2-1][4-1][5-1].wasm,b9de20fc40b1872813f99d2dfcc9039d
all5/Check_that_file_exists/[1-4][2-1][5-1].wasm,b9de20fc40b1872813f99d2dfcc9039d
all5/Check_that_file_exists/[1-4][4-1].wasm,b9de20fc40b1872813f99d2dfcc9039d
all5/Check_that_file_exists/[1-4][4-1][5-1].wasm,b9de20fc40b1872813f99d2dfcc9039d
all5/Check_that_file_exists/[1-4][5-1].wasm,b9de20fc40b1872813f99d2dfcc9039d
all5/Check_that_file_exists/[1-5].wasm,b9de20fc40b1872813f99d2dfcc9039d
all5/Check_that_file_exists/[1-5][2-1].wasm,b9de20fc40b1872813f99d2dfcc9039d
all5/Check_that_file_exists/[1-5][2-1][4-1].wasm,b9de20fc40b1872813f99d2dfcc9039d
all5/Check_that_file_exists/[1-5][2-1][4-1][5-1].wasm,b9de20fc40b1872813f99d2dfcc9039d
all5/Check_that_file_exists/[1-5][2-1][5-1].wasm,b9de20fc40b1872813f99d2dfcc9039d
all5/Check_that_file_exists/[1-5][4-1].wasm,b9de20fc40b1872813f99d2dfcc9039d
all5/Check_that_file_exists/[1-5][4-1][5-1].wasm,b9de20fc40b1872813f99d2dfcc9039d
all5/Check_that_file_exists/[1-5][5-1].wasm,b9de20fc40b1872813f99d2dfcc9039d
all5/Check_that_file_exists/[1-6].wasm,b9de20fc40b1872813f99d2dfcc9039d
all5/Check_that_file_exists/[1-6][2-1].wasm,b9de20fc40b1872813f99d2dfcc9039d
all5/Check_that_file_exists/[1-6][2-1][4-1].wasm,b9de20fc40b1872813f99d2dfcc9039d
all5/Check_that_file_exists/[1-6][2-1][4-1][5-1].wasm,b9de20fc40b1872813f99d2dfcc9039d
all5/Check_that_file_exists/[1-6][2-1][5-1].wasm,b9de20fc40b1872813f99d2dfcc9039d
all5/Check_that_file_exists/[1-6][4-1].wasm,b9de20fc40b1872813f99d2dfcc9039d
all5/Check_that_file_exists/[1-6][4-1][5-1].wasm,b9de20fc40b1872813f99d2dfcc9039d
all5/Check_that_file_exists/[1-6][5-1].wasm,b9de20fc40b1872813f99d2dfcc9039d
all5/Check_that_file_exists/[1-7].wasm,b9de20fc40b1872813f99d2dfcc9039d
all5/Check_that_file_exists/[1-7][2-1].wasm,b9de20fc40b1872813f99d2dfcc9039d
all5/Check_that_file_exists/[1-7][2-1][4-1].wasm,b9de20fc40b1872813f99d2dfcc9039d
all5/Check_that_file_exists/[1-7][2-1][4-1][5-1].wasm,b9de20fc40b1872813f99d2dfcc9039d
all5/Check_that_file_exists/[1-7][2-1][5-1].wasm,b9de20fc40b1872813f99d2dfcc9039d
all5/Check_that_file_exists/[1-7][4-1].wasm,b9de20fc40b1872813f99d2dfcc9039d
all5/Check_that_file_exists/[1-7][4-1][5-1].wasm,b9de20fc40b1872813f99d2dfcc9039d
all5/Check_that_file_exists/[1-7][5-1].wasm,b9de20fc40b1872813f99d2dfcc9039d
all5/Check_that_file_exists/[1-8].wasm,b9de20fc40b1872813f99d2dfcc9039d
all5/Check_that_file_exists/[1-8][2-1].wasm,b9de20fc40b1872813f99d2dfcc9039d
all5/Check_that_file_exists/[1-8][2-1][4-1].wasm,b9de20fc40b1872813f99d2dfcc9039d
all5/Check_that_file_exists/[1-8][2-1][4-1][5-1].wasm,b9de20fc40b1872813f99d2dfcc9039d
all5/Check_that_file_exists/[1-8][2-1][5-1].wasm,b9de20fc40b1872813f99d2dfcc9039d
all5/Check_that_file_exists/[1-8][4-1].wasm,b9de20fc40b1872813f99d2dfcc9039d
all5/Check_that_file_exists/[1-8][4-1][5-1].wasm,b9de20fc40b1872813f99d2dfcc9039d
all5/Check_that_file_exists/[1-8][5-1].wasm,b9de20fc40b1872813f99d2dfcc9039d
all5/Check_that_file_exists/[2-1].wasm,b9de20fc40b1872813f99d2dfcc9039d
all5/Check_that_file_exists/[2-1][4-1].wasm,b9de20fc40b1872813f99d2dfcc9039d
all5/Check_that_file_exists/[2-1][4-1][5-1].wasm,b9de20fc40b1872813f99d2dfcc9039d
all5/Check_that_file_exists/[2-1][5-1].wasm,b9de20fc40b1872813f99d2dfcc9039d
all5/Check_that_file_exists/[4-1].wasm,b9de20fc40b1872813f99d2dfcc9039d
all5/Check_that_file_exists/[4-1][5-1].wasm,b9de20fc40b1872813f99d2dfcc9039d
all5/Check_that_file_exists/[5-1].wasm,b9de20fc40b1872813f99d2dfcc9039d
