name, hash
all5/Combinations_with_repetitions/Combinations_with_repetitions.wasm,7e2b122abab1c59a306baf51881c20ec
all5/Combinations_with_repetitions/Combinations_with_repetitions.wasm.~1~,7e2b122abab1c59a306baf51881c20ec
all5/Combinations_with_repetitions/Combinations_with_repetitions.wasm.~2~,b187fcf4b036bfa5335788644ffa8f3f
all5/Combinations_with_repetitions/[4-1].wasm,7e2b122abab1c59a306baf51881c20ec
all5/Combinations_with_repetitions/[4-1][7-1][9-1].wasm,7e2b122abab1c59a306baf51881c20ec
all5/Combinations_with_repetitions/[4-1][7-1][9-2].wasm,7e2b122abab1c59a306baf51881c20ec
all5/Combinations_with_repetitions/[4-1][7-1][9-3].wasm,7e2b122abab1c59a306baf51881c20ec
all5/Combinations_with_repetitions/[4-1][7-1][9-5].wasm,7e2b122abab1c59a306baf51881c20ec
all5/Combinations_with_repetitions/[4-1][9-1].wasm,7e2b122abab1c59a306baf51881c20ec
all5/Combinations_with_repetitions/[4-1][9-2].wasm,7e2b122abab1c59a306baf51881c20ec
all5/Combinations_with_repetitions/[4-1][9-3].wasm,7e2b122abab1c59a306baf51881c20ec
all5/Combinations_with_repetitions/[4-1][9-5].wasm,7e2b122abab1c59a306baf51881c20ec
all5/Combinations_with_repetitions/[4-1][9-7].wasm,7e2b122abab1c59a306baf51881c20ec
all5/Combinations_with_repetitions/[7-1].wasm,7e2b122abab1c59a306baf51881c20ec
all5/Combinations_with_repetitions/[7-1][9-1].wasm,7e2b122abab1c59a306baf51881c20ec
all5/Combinations_with_repetitions/[7-1][9-2].wasm,7e2b122abab1c59a306baf51881c20ec
all5/Combinations_with_repetitions/[7-1][9-3].wasm,7e2b122abab1c59a306baf51881c20ec
all5/Combinations_with_repetitions/[7-1][9-4].wasm,7e2b122abab1c59a306baf51881c20ec
all5/Combinations_with_repetitions/[7-1][9-5].wasm,7e2b122abab1c59a306baf51881c20ec
all5/Combinations_with_repetitions/[7-1][9-6].wasm,7e2b122abab1c59a306baf51881c20ec
all5/Combinations_with_repetitions/[7-1][9-7].wasm,7e2b122abab1c59a306baf51881c20ec
all5/Combinations_with_repetitions/[7-1][9-8].wasm,7e2b122abab1c59a306baf51881c20ec
all5/Combinations_with_repetitions/[9-1].wasm,7e2b122abab1c59a306baf51881c20ec
all5/Combinations_with_repetitions/[9-2].wasm,7e2b122abab1c59a306baf51881c20ec
all5/Combinations_with_repetitions/[9-3].wasm,7e2b122abab1c59a306baf51881c20ec
all5/Combinations_with_repetitions/[9-4].wasm,7e2b122abab1c59a306baf51881c20ec
all5/Combinations_with_repetitions/[9-5].wasm,7e2b122abab1c59a306baf51881c20ec
all5/Combinations_with_repetitions/[9-6].wasm,7e2b122abab1c59a306baf51881c20ec
all5/Combinations_with_repetitions/[9-7].wasm,7e2b122abab1c59a306baf51881c20ec
all5/Combinations_with_repetitions/[9-8].wasm,7e2b122abab1c59a306baf51881c20ec
