name, hash
all5/Combinations/Combinations.wasm,3676a11abe8c16b04e468288468babfe
all5/Combinations/Combinations.wasm.~1~,3676a11abe8c16b04e468288468babfe
all5/Combinations/Combinations.wasm.~2~,7422505c8da4a9a5dbdec55bed19dd0c
all5/Combinations/[2-1].wasm,7422505c8da4a9a5dbdec55bed19dd0c
all5/Combinations/[2-1][7-1].wasm,7422505c8da4a9a5dbdec55bed19dd0c
all5/Combinations/[2-2].wasm,7422505c8da4a9a5dbdec55bed19dd0c
all5/Combinations/[2-2][7-1].wasm,7422505c8da4a9a5dbdec55bed19dd0c
all5/Combinations/[2-3].wasm,7422505c8da4a9a5dbdec55bed19dd0c
all5/Combinations/[2-3][7-1].wasm,7422505c8da4a9a5dbdec55bed19dd0c
all5/Combinations/[2-4].wasm,070a386f34d1638c417bedabc9d33fae
all5/Combinations/[2-4][7-1].wasm,070a386f34d1638c417bedabc9d33fae
all5/Combinations/[2-5].wasm,7422505c8da4a9a5dbdec55bed19dd0c
all5/Combinations/[2-5][7-1].wasm,7422505c8da4a9a5dbdec55bed19dd0c
all5/Combinations/[2-6].wasm,7422505c8da4a9a5dbdec55bed19dd0c
all5/Combinations/[2-6][7-1].wasm,7422505c8da4a9a5dbdec55bed19dd0c
all5/Combinations/[2-7].wasm,7422505c8da4a9a5dbdec55bed19dd0c
all5/Combinations/[2-7][7-1].wasm,7422505c8da4a9a5dbdec55bed19dd0c
all5/Combinations/[2-8].wasm,7422505c8da4a9a5dbdec55bed19dd0c
all5/Combinations/[2-8][7-1].wasm,7422505c8da4a9a5dbdec55bed19dd0c
all5/Combinations/[2-9].wasm,7422505c8da4a9a5dbdec55bed19dd0c
all5/Combinations/[2-9][7-1].wasm,7422505c8da4a9a5dbdec55bed19dd0c
all5/Combinations/[7-1].wasm,7422505c8da4a9a5dbdec55bed19dd0c
