name, hash
all5/Comma_quibbling/Comma_quibbling.wasm,2fc6ab9a0107707e961aa6a99924116b
all5/Comma_quibbling/Comma_quibbling.wasm.~1~,2fc6ab9a0107707e961aa6a99924116b
all5/Comma_quibbling/Comma_quibbling.wasm.~2~,c7bcaf41a9d65f1843a43988ea870e5a
all5/Comma_quibbling/[0-1].wasm,abc05de326499c6a86846523c43943a3
all5/Comma_quibbling/[0-1][11-1].wasm,47b6ee0c59afd464841f1ddcac055dd6
all5/Comma_quibbling/[0-1][11-1][17-1].wasm,abc05de326499c6a86846523c43943a3
all5/Comma_quibbling/[0-1][17-1].wasm,91b84b6dc2e93585c2901c6d78d415fa
all5/Comma_quibbling/[1-1].wasm,e91086d82a3108664f974e3fb551e44c
all5/Comma_quibbling/[1-1][11-1].wasm,f9abb65383e7a7a20d0f6eacaceb9794
all5/Comma_quibbling/[1-1][11-1][17-1].wasm,ec90f38ea858b467091a0d4cb945a343
all5/Comma_quibbling/[1-1][17-1].wasm,5a3dc0008917fef0276c457c86af2bba
all5/Comma_quibbling/[1-1][2-1].wasm,e91086d82a3108664f974e3fb551e44c
all5/Comma_quibbling/[1-1][2-1][11-1].wasm,f9abb65383e7a7a20d0f6eacaceb9794
all5/Comma_quibbling/[1-1][2-1][11-1][17-1].wasm,ec90f38ea858b467091a0d4cb945a343
all5/Comma_quibbling/[1-1][2-1][17-1].wasm,5a3dc0008917fef0276c457c86af2bba
all5/Comma_quibbling/[11-1].wasm,db385b92c6fa0d8e67b14c11d2b78ddc
all5/Comma_quibbling/[11-1][17-1].wasm,abc05de326499c6a86846523c43943a3
all5/Comma_quibbling/[17-1].wasm,91b84b6dc2e93585c2901c6d78d415fa
all5/Comma_quibbling/[2-1].wasm,635b7c2cced0137a88c770c98b1b4b42
all5/Comma_quibbling/[2-1][11-1].wasm,635b7c2cced0137a88c770c98b1b4b42
all5/Comma_quibbling/[2-1][11-1][17-1].wasm,857a04a407d71595a9fab92ddcfac939
all5/Comma_quibbling/[2-1][17-1].wasm,857a04a407d71595a9fab92ddcfac939
