name, hash
all5/Command-line_arguments/Command-line_arguments.wasm,36e24b56f244aae799a196e377c2b0a9
all5/Command-line_arguments/Command-line_arguments.wasm.~1~,36e24b56f244aae799a196e377c2b0a9
all5/Command-line_arguments/Command-line_arguments.wasm.~2~,cc861b4994bb0cacad0db8cfb9aa7d15
all5/Command-line_arguments/[0-1].wasm,36e24b56f244aae799a196e377c2b0a9
all5/Command-line_arguments/[0-1][2-1].wasm,36e24b56f244aae799a196e377c2b0a9
all5/Command-line_arguments/[0-1][2-1][3-1].wasm,36e24b56f244aae799a196e377c2b0a9
all5/Command-line_arguments/[0-1][2-1][3-2].wasm,36e24b56f244aae799a196e377c2b0a9
all5/Command-line_arguments/[0-1][2-1][3-3].wasm,36e24b56f244aae799a196e377c2b0a9
all5/Command-line_arguments/[0-1][2-1][3-4].wasm,36e24b56f244aae799a196e377c2b0a9
all5/Command-line_arguments/[0-1][2-1][3-5].wasm,36e24b56f244aae799a196e377c2b0a9
all5/Command-line_arguments/[0-1][2-1][3-6].wasm,36e24b56f244aae799a196e377c2b0a9
all5/Command-line_arguments/[0-1][2-1][3-7].wasm,36e24b56f244aae799a196e377c2b0a9
all5/Command-line_arguments/[0-1][2-2].wasm,36e24b56f244aae799a196e377c2b0a9
all5/Command-line_arguments/[0-1][2-2][3-1].wasm,36e24b56f244aae799a196e377c2b0a9
all5/Command-line_arguments/[0-1][2-2][3-2].wasm,36e24b56f244aae799a196e377c2b0a9
all5/Command-line_arguments/[0-1][2-2][3-3].wasm,36e24b56f244aae799a196e377c2b0a9
all5/Command-line_arguments/[0-1][2-2][3-4].wasm,36e24b56f244aae799a196e377c2b0a9
all5/Command-line_arguments/[0-1][2-2][3-5].wasm,36e24b56f244aae799a196e377c2b0a9
all5/Command-line_arguments/[0-1][2-2][3-6].wasm,36e24b56f244aae799a196e377c2b0a9
all5/Command-line_arguments/[0-1][2-2][3-7].wasm,36e24b56f244aae799a196e377c2b0a9
all5/Command-line_arguments/[0-1][2-3].wasm,36e24b56f244aae799a196e377c2b0a9
all5/Command-line_arguments/[0-1][2-3][3-1].wasm,36e24b56f244aae799a196e377c2b0a9
all5/Command-line_arguments/[0-1][2-3][3-2].wasm,36e24b56f244aae799a196e377c2b0a9
all5/Command-line_arguments/[0-1][2-3][3-3].wasm,36e24b56f244aae799a196e377c2b0a9
all5/Command-line_arguments/[0-1][2-3][3-4].wasm,36e24b56f244aae799a196e377c2b0a9
all5/Command-line_arguments/[0-1][2-3][3-5].wasm,36e24b56f244aae799a196e377c2b0a9
all5/Command-line_arguments/[0-1][2-3][3-6].wasm,36e24b56f244aae799a196e377c2b0a9
all5/Command-line_arguments/[0-1][2-3][3-7].wasm,36e24b56f244aae799a196e377c2b0a9
all5/Command-line_arguments/[0-1][2-4].wasm,36e24b56f244aae799a196e377c2b0a9
all5/Command-line_arguments/[0-1][2-4][3-1].wasm,36e24b56f244aae799a196e377c2b0a9
all5/Command-line_arguments/[0-1][2-4][3-2].wasm,36e24b56f244aae799a196e377c2b0a9
all5/Command-line_arguments/[0-1][2-4][3-3].wasm,36e24b56f244aae799a196e377c2b0a9
all5/Command-line_arguments/[0-1][2-4][3-4].wasm,36e24b56f244aae799a196e377c2b0a9
all5/Command-line_arguments/[0-1][2-4][3-5].wasm,36e24b56f244aae799a196e377c2b0a9
all5/Command-line_arguments/[0-1][2-4][3-6].wasm,36e24b56f244aae799a196e377c2b0a9
all5/Command-line_arguments/[0-1][2-4][3-7].wasm,36e24b56f244aae799a196e377c2b0a9
all5/Command-line_arguments/[0-1][2-5].wasm,36e24b56f244aae799a196e377c2b0a9
all5/Command-line_arguments/[0-1][2-5][3-1].wasm,36e24b56f244aae799a196e377c2b0a9
all5/Command-line_arguments/[0-1][2-5][3-2].wasm,36e24b56f244aae799a196e377c2b0a9
all5/Command-line_arguments/[0-1][2-5][3-3].wasm,36e24b56f244aae799a196e377c2b0a9
all5/Command-line_arguments/[0-1][2-5][3-4].wasm,36e24b56f244aae799a196e377c2b0a9
all5/Command-line_arguments/[0-1][2-5][3-5].wasm,36e24b56f244aae799a196e377c2b0a9
all5/Command-line_arguments/[0-1][2-5][3-6].wasm,36e24b56f244aae799a196e377c2b0a9
all5/Command-line_arguments/[0-1][2-5][3-7].wasm,36e24b56f244aae799a196e377c2b0a9
all5/Command-line_arguments/[0-1][2-6].wasm,36e24b56f244aae799a196e377c2b0a9
all5/Command-line_arguments/[0-1][2-6][3-1].wasm,36e24b56f244aae799a196e377c2b0a9
all5/Command-line_arguments/[0-1][2-6][3-2].wasm,36e24b56f244aae799a196e377c2b0a9
all5/Command-line_arguments/[0-1][2-6][3-3].wasm,36e24b56f244aae799a196e377c2b0a9
all5/Command-line_arguments/[0-1][2-6][3-4].wasm,36e24b56f244aae799a196e377c2b0a9
all5/Command-line_arguments/[0-1][2-6][3-5].wasm,36e24b56f244aae799a196e377c2b0a9
all5/Command-line_arguments/[0-1][2-6][3-6].wasm,36e24b56f244aae799a196e377c2b0a9
all5/Command-line_arguments/[0-1][2-6][3-7].wasm,36e24b56f244aae799a196e377c2b0a9
all5/Command-line_arguments/[0-1][2-7].wasm,36e24b56f244aae799a196e377c2b0a9
all5/Command-line_arguments/[0-1][2-7][3-1].wasm,36e24b56f244aae799a196e377c2b0a9
all5/Command-line_arguments/[0-1][2-7][3-2].wasm,36e24b56f244aae799a196e377c2b0a9
all5/Command-line_arguments/[0-1][2-7][3-3].wasm,36e24b56f244aae799a196e377c2b0a9
all5/Command-line_arguments/[0-1][2-7][3-4].wasm,36e24b56f244aae799a196e377c2b0a9
all5/Command-line_arguments/[0-1][2-7][3-5].wasm,36e24b56f244aae799a196e377c2b0a9
all5/Command-line_arguments/[0-1][2-7][3-6].wasm,36e24b56f244aae799a196e377c2b0a9
all5/Command-line_arguments/[0-1][2-7][3-7].wasm,36e24b56f244aae799a196e377c2b0a9
all5/Command-line_arguments/[0-1][2-8].wasm,36e24b56f244aae799a196e377c2b0a9
all5/Command-line_arguments/[0-1][2-8][3-1].wasm,36e24b56f244aae799a196e377c2b0a9
all5/Command-line_arguments/[0-1][2-8][3-2].wasm,36e24b56f244aae799a196e377c2b0a9
all5/Command-line_arguments/[0-1][2-8][3-3].wasm,36e24b56f244aae799a196e377c2b0a9
all5/Command-line_arguments/[0-1][2-8][3-4].wasm,36e24b56f244aae799a196e377c2b0a9
all5/Command-line_arguments/[0-1][2-8][3-5].wasm,36e24b56f244aae799a196e377c2b0a9
all5/Command-line_arguments/[0-1][2-8][3-6].wasm,36e24b56f244aae799a196e377c2b0a9
all5/Command-line_arguments/[0-1][2-8][3-7].wasm,36e24b56f244aae799a196e377c2b0a9
all5/Command-line_arguments/[0-1][3-1].wasm,36e24b56f244aae799a196e377c2b0a9
all5/Command-line_arguments/[0-1][3-2].wasm,36e24b56f244aae799a196e377c2b0a9
all5/Command-line_arguments/[0-1][3-3].wasm,36e24b56f244aae799a196e377c2b0a9
all5/Command-line_arguments/[0-1][3-4].wasm,36e24b56f244aae799a196e377c2b0a9
all5/Command-line_arguments/[0-1][3-5].wasm,36e24b56f244aae799a196e377c2b0a9
all5/Command-line_arguments/[0-1][3-6].wasm,36e24b56f244aae799a196e377c2b0a9
all5/Command-line_arguments/[0-1][3-7].wasm,36e24b56f244aae799a196e377c2b0a9
all5/Command-line_arguments/[2-10].wasm,36e24b56f244aae799a196e377c2b0a9
all5/Command-line_arguments/[2-10][3-1].wasm,36e24b56f244aae799a196e377c2b0a9
all5/Command-line_arguments/[2-10][3-2].wasm,36e24b56f244aae799a196e377c2b0a9
all5/Command-line_arguments/[2-10][3-3].wasm,36e24b56f244aae799a196e377c2b0a9
all5/Command-line_arguments/[2-10][3-4].wasm,36e24b56f244aae799a196e377c2b0a9
all5/Command-line_arguments/[2-10][3-5].wasm,36e24b56f244aae799a196e377c2b0a9
all5/Command-line_arguments/[2-10][3-6].wasm,36e24b56f244aae799a196e377c2b0a9
all5/Command-line_arguments/[2-10][3-7].wasm,36e24b56f244aae799a196e377c2b0a9
all5/Command-line_arguments/[2-1].wasm,36e24b56f244aae799a196e377c2b0a9
all5/Command-line_arguments/[2-1][3-1].wasm,36e24b56f244aae799a196e377c2b0a9
all5/Command-line_arguments/[2-1][3-2].wasm,36e24b56f244aae799a196e377c2b0a9
all5/Command-line_arguments/[2-1][3-3].wasm,36e24b56f244aae799a196e377c2b0a9
all5/Command-line_arguments/[2-1][3-4].wasm,36e24b56f244aae799a196e377c2b0a9
all5/Command-line_arguments/[2-1][3-5].wasm,36e24b56f244aae799a196e377c2b0a9
all5/Command-line_arguments/[2-1][3-6].wasm,36e24b56f244aae799a196e377c2b0a9
all5/Command-line_arguments/[2-1][3-7].wasm,36e24b56f244aae799a196e377c2b0a9
all5/Command-line_arguments/[2-2].wasm,36e24b56f244aae799a196e377c2b0a9
all5/Command-line_arguments/[2-2][3-1].wasm,36e24b56f244aae799a196e377c2b0a9
all5/Command-line_arguments/[2-2][3-2].wasm,36e24b56f244aae799a196e377c2b0a9
all5/Command-line_arguments/[2-2][3-3].wasm,36e24b56f244aae799a196e377c2b0a9
all5/Command-line_arguments/[2-2][3-4].wasm,36e24b56f244aae799a196e377c2b0a9
all5/Command-line_arguments/[2-2][3-5].wasm,36e24b56f244aae799a196e377c2b0a9
all5/Command-line_arguments/[2-2][3-6].wasm,36e24b56f244aae799a196e377c2b0a9
all5/Command-line_arguments/[2-2][3-7].wasm,36e24b56f244aae799a196e377c2b0a9
all5/Command-line_arguments/[2-3].wasm,36e24b56f244aae799a196e377c2b0a9
all5/Command-line_arguments/[2-3][3-1].wasm,36e24b56f244aae799a196e377c2b0a9
all5/Command-line_arguments/[2-3][3-2].wasm,36e24b56f244aae799a196e377c2b0a9
all5/Command-line_arguments/[2-3][3-3].wasm,36e24b56f244aae799a196e377c2b0a9
all5/Command-line_arguments/[2-3][3-4].wasm,36e24b56f244aae799a196e377c2b0a9
all5/Command-line_arguments/[2-3][3-5].wasm,36e24b56f244aae799a196e377c2b0a9
all5/Command-line_arguments/[2-3][3-6].wasm,36e24b56f244aae799a196e377c2b0a9
all5/Command-line_arguments/[2-3][3-7].wasm,36e24b56f244aae799a196e377c2b0a9
all5/Command-line_arguments/[2-4].wasm,36e24b56f244aae799a196e377c2b0a9
all5/Command-line_arguments/[2-4][3-1].wasm,36e24b56f244aae799a196e377c2b0a9
all5/Command-line_arguments/[2-4][3-2].wasm,36e24b56f244aae799a196e377c2b0a9
all5/Command-line_arguments/[2-4][3-3].wasm,36e24b56f244aae799a196e377c2b0a9
all5/Command-line_arguments/[2-4][3-4].wasm,36e24b56f244aae799a196e377c2b0a9
all5/Command-line_arguments/[2-4][3-5].wasm,36e24b56f244aae799a196e377c2b0a9
all5/Command-line_arguments/[2-4][3-6].wasm,36e24b56f244aae799a196e377c2b0a9
all5/Command-line_arguments/[2-4][3-7].wasm,36e24b56f244aae799a196e377c2b0a9
all5/Command-line_arguments/[2-5].wasm,36e24b56f244aae799a196e377c2b0a9
all5/Command-line_arguments/[2-5][3-1].wasm,36e24b56f244aae799a196e377c2b0a9
all5/Command-line_arguments/[2-5][3-2].wasm,36e24b56f244aae799a196e377c2b0a9
all5/Command-line_arguments/[2-5][3-3].wasm,36e24b56f244aae799a196e377c2b0a9
all5/Command-line_arguments/[2-5][3-4].wasm,36e24b56f244aae799a196e377c2b0a9
all5/Command-line_arguments/[2-5][3-5].wasm,36e24b56f244aae799a196e377c2b0a9
all5/Command-line_arguments/[2-5][3-6].wasm,36e24b56f244aae799a196e377c2b0a9
all5/Command-line_arguments/[2-5][3-7].wasm,36e24b56f244aae799a196e377c2b0a9
all5/Command-line_arguments/[2-6].wasm,36e24b56f244aae799a196e377c2b0a9
all5/Command-line_arguments/[2-6][3-1].wasm,36e24b56f244aae799a196e377c2b0a9
all5/Command-line_arguments/[2-6][3-2].wasm,36e24b56f244aae799a196e377c2b0a9
all5/Command-line_arguments/[2-6][3-3].wasm,36e24b56f244aae799a196e377c2b0a9
all5/Command-line_arguments/[2-6][3-4].wasm,36e24b56f244aae799a196e377c2b0a9
all5/Command-line_arguments/[2-6][3-5].wasm,36e24b56f244aae799a196e377c2b0a9
all5/Command-line_arguments/[2-6][3-6].wasm,36e24b56f244aae799a196e377c2b0a9
all5/Command-line_arguments/[2-6][3-7].wasm,36e24b56f244aae799a196e377c2b0a9
all5/Command-line_arguments/[2-7].wasm,36e24b56f244aae799a196e377c2b0a9
all5/Command-line_arguments/[2-7][3-1].wasm,36e24b56f244aae799a196e377c2b0a9
all5/Command-line_arguments/[2-7][3-2].wasm,36e24b56f244aae799a196e377c2b0a9
all5/Command-line_arguments/[2-7][3-3].wasm,36e24b56f244aae799a196e377c2b0a9
all5/Command-line_arguments/[2-7][3-4].wasm,36e24b56f244aae799a196e377c2b0a9
all5/Command-line_arguments/[2-7][3-5].wasm,36e24b56f244aae799a196e377c2b0a9
all5/Command-line_arguments/[2-7][3-6].wasm,36e24b56f244aae799a196e377c2b0a9
all5/Command-line_arguments/[2-7][3-7].wasm,36e24b56f244aae799a196e377c2b0a9
all5/Command-line_arguments/[2-8].wasm,36e24b56f244aae799a196e377c2b0a9
all5/Command-line_arguments/[2-8][3-1].wasm,36e24b56f244aae799a196e377c2b0a9
all5/Command-line_arguments/[2-8][3-2].wasm,36e24b56f244aae799a196e377c2b0a9
all5/Command-line_arguments/[2-8][3-3].wasm,36e24b56f244aae799a196e377c2b0a9
all5/Command-line_arguments/[2-8][3-4].wasm,36e24b56f244aae799a196e377c2b0a9
all5/Command-line_arguments/[2-8][3-5].wasm,36e24b56f244aae799a196e377c2b0a9
all5/Command-line_arguments/[2-8][3-6].wasm,36e24b56f244aae799a196e377c2b0a9
all5/Command-line_arguments/[2-8][3-7].wasm,36e24b56f244aae799a196e377c2b0a9
all5/Command-line_arguments/[2-9].wasm,36e24b56f244aae799a196e377c2b0a9
all5/Command-line_arguments/[2-9][3-1].wasm,36e24b56f244aae799a196e377c2b0a9
all5/Command-line_arguments/[2-9][3-2].wasm,36e24b56f244aae799a196e377c2b0a9
all5/Command-line_arguments/[2-9][3-3].wasm,36e24b56f244aae799a196e377c2b0a9
all5/Command-line_arguments/[2-9][3-4].wasm,36e24b56f244aae799a196e377c2b0a9
all5/Command-line_arguments/[2-9][3-5].wasm,36e24b56f244aae799a196e377c2b0a9
all5/Command-line_arguments/[2-9][3-6].wasm,36e24b56f244aae799a196e377c2b0a9
all5/Command-line_arguments/[2-9][3-7].wasm,36e24b56f244aae799a196e377c2b0a9
all5/Command-line_arguments/[3-1].wasm,36e24b56f244aae799a196e377c2b0a9
all5/Command-line_arguments/[3-2].wasm,36e24b56f244aae799a196e377c2b0a9
all5/Command-line_arguments/[3-3].wasm,36e24b56f244aae799a196e377c2b0a9
all5/Command-line_arguments/[3-4].wasm,36e24b56f244aae799a196e377c2b0a9
all5/Command-line_arguments/[3-5].wasm,36e24b56f244aae799a196e377c2b0a9
all5/Command-line_arguments/[3-6].wasm,36e24b56f244aae799a196e377c2b0a9
all5/Command-line_arguments/[3-7].wasm,36e24b56f244aae799a196e377c2b0a9
