name, hash
all5/Continued_fraction-Arithmetic-Construct_from_rational_number/Continued_fraction-Arithmetic-Construct_from_rational_number.wasm,5762bc8db9951af9300083a2e9ef0167
all5/Continued_fraction-Arithmetic-Construct_from_rational_number/Continued_fraction-Arithmetic-Construct_from_rational_number.wasm.~1~,5762bc8db9951af9300083a2e9ef0167
all5/Continued_fraction-Arithmetic-Construct_from_rational_number/Continued_fraction-Arithmetic-Construct_from_rational_number.wasm.~2~,a1eca448338e32dd04817f8d1466e1ad
all5/Continued_fraction-Arithmetic-Construct_from_rational_number/[1-1].wasm,5762bc8db9951af9300083a2e9ef0167
