name, hash
all5/Create_an_HTML_table/Create_an_HTML_table.wasm,82023c808ef814c9aced70c941876055
all5/Create_an_HTML_table/Create_an_HTML_table.wasm.~1~,34ecb4e4979ea9f50e83cfe9f532a914
all5/Create_an_HTML_table/Create_an_HTML_table.wasm.~2~,34ecb4e4979ea9f50e83cfe9f532a914
all5/Create_an_HTML_table/[0-1].wasm,82023c808ef814c9aced70c941876055
all5/Create_an_HTML_table/[0-1].wasm.~1~,3c058d157a728b9076bd35215329b470
all5/Create_an_HTML_table/[0-1][1-1].wasm,82023c808ef814c9aced70c941876055
all5/Create_an_HTML_table/[0-1][1-2].wasm,82023c808ef814c9aced70c941876055
all5/Create_an_HTML_table/[0-1][1-3].wasm,82023c808ef814c9aced70c941876055
all5/Create_an_HTML_table/[0-1][1-4].wasm,82023c808ef814c9aced70c941876055
all5/Create_an_HTML_table/[0-1][1-5].wasm,82023c808ef814c9aced70c941876055
all5/Create_an_HTML_table/[0-1][1-6].wasm,82023c808ef814c9aced70c941876055
all5/Create_an_HTML_table/[0-1][1-7].wasm,82023c808ef814c9aced70c941876055
all5/Create_an_HTML_table/[0-2].wasm,82023c808ef814c9aced70c941876055
all5/Create_an_HTML_table/[0-2][1-1].wasm,82023c808ef814c9aced70c941876055
all5/Create_an_HTML_table/[0-2][1-2].wasm,82023c808ef814c9aced70c941876055
all5/Create_an_HTML_table/[0-2][1-3].wasm,82023c808ef814c9aced70c941876055
all5/Create_an_HTML_table/[0-2][1-4].wasm,82023c808ef814c9aced70c941876055
all5/Create_an_HTML_table/[0-2][1-5].wasm,82023c808ef814c9aced70c941876055
all5/Create_an_HTML_table/[0-2][1-6].wasm,82023c808ef814c9aced70c941876055
all5/Create_an_HTML_table/[0-2][1-7].wasm,82023c808ef814c9aced70c941876055
all5/Create_an_HTML_table/[0-3].wasm,82023c808ef814c9aced70c941876055
all5/Create_an_HTML_table/[0-3][1-1].wasm,82023c808ef814c9aced70c941876055
all5/Create_an_HTML_table/[0-3][1-2].wasm,82023c808ef814c9aced70c941876055
all5/Create_an_HTML_table/[0-3][1-3].wasm,82023c808ef814c9aced70c941876055
all5/Create_an_HTML_table/[0-3][1-4].wasm,82023c808ef814c9aced70c941876055
all5/Create_an_HTML_table/[0-3][1-5].wasm,82023c808ef814c9aced70c941876055
all5/Create_an_HTML_table/[0-3][1-6].wasm,82023c808ef814c9aced70c941876055
all5/Create_an_HTML_table/[0-3][1-7].wasm,82023c808ef814c9aced70c941876055
all5/Create_an_HTML_table/[0-4].wasm,82023c808ef814c9aced70c941876055
all5/Create_an_HTML_table/[0-4][1-1].wasm,82023c808ef814c9aced70c941876055
all5/Create_an_HTML_table/[0-4][1-2].wasm,82023c808ef814c9aced70c941876055
all5/Create_an_HTML_table/[0-4][1-3].wasm,82023c808ef814c9aced70c941876055
all5/Create_an_HTML_table/[0-4][1-4].wasm,82023c808ef814c9aced70c941876055
all5/Create_an_HTML_table/[0-4][1-5].wasm,82023c808ef814c9aced70c941876055
all5/Create_an_HTML_table/[0-4][1-6].wasm,82023c808ef814c9aced70c941876055
all5/Create_an_HTML_table/[0-4][1-7].wasm,82023c808ef814c9aced70c941876055
all5/Create_an_HTML_table/[1-1].wasm,82023c808ef814c9aced70c941876055
all5/Create_an_HTML_table/[1-2].wasm,82023c808ef814c9aced70c941876055
all5/Create_an_HTML_table/[1-3].wasm,82023c808ef814c9aced70c941876055
all5/Create_an_HTML_table/[1-4].wasm,82023c808ef814c9aced70c941876055
all5/Create_an_HTML_table/[1-5].wasm,82023c808ef814c9aced70c941876055
all5/Create_an_HTML_table/[1-6].wasm,82023c808ef814c9aced70c941876055
all5/Create_an_HTML_table/[1-7].wasm,82023c808ef814c9aced70c941876055
