name, hash
all5/Cycle_detection/Cycle_detection.wasm,f8cb88d1eafe9c61b5fbff3753ea90d1
all5/Cycle_detection/Cycle_detection.wasm.~1~,f8cb88d1eafe9c61b5fbff3753ea90d1
all5/Cycle_detection/Cycle_detection.wasm.~2~,c9011b2732625e1bcf1f6cdb69ccc768
all5/Cycle_detection/[0-1].wasm,f8cb88d1eafe9c61b5fbff3753ea90d1
all5/Cycle_detection/[0-1][1-1].wasm,f8cb88d1eafe9c61b5fbff3753ea90d1
all5/Cycle_detection/[0-1][1-2].wasm,f8cb88d1eafe9c61b5fbff3753ea90d1
all5/Cycle_detection/[0-1][1-3].wasm,f8cb88d1eafe9c61b5fbff3753ea90d1
all5/Cycle_detection/[0-1][1-4].wasm,f8cb88d1eafe9c61b5fbff3753ea90d1
all5/Cycle_detection/[0-1][1-5].wasm,f8cb88d1eafe9c61b5fbff3753ea90d1
all5/Cycle_detection/[0-1][1-6].wasm,f8cb88d1eafe9c61b5fbff3753ea90d1
all5/Cycle_detection/[0-1][1-7].wasm,f8cb88d1eafe9c61b5fbff3753ea90d1
all5/Cycle_detection/[0-1][1-8].wasm,f8cb88d1eafe9c61b5fbff3753ea90d1
all5/Cycle_detection/[0-2].wasm,f8cb88d1eafe9c61b5fbff3753ea90d1
all5/Cycle_detection/[0-2][1-1].wasm,f8cb88d1eafe9c61b5fbff3753ea90d1
all5/Cycle_detection/[0-2][1-2].wasm,f8cb88d1eafe9c61b5fbff3753ea90d1
all5/Cycle_detection/[0-2][1-3].wasm,f8cb88d1eafe9c61b5fbff3753ea90d1
all5/Cycle_detection/[0-2][1-4].wasm,f8cb88d1eafe9c61b5fbff3753ea90d1
all5/Cycle_detection/[0-2][1-5].wasm,f8cb88d1eafe9c61b5fbff3753ea90d1
all5/Cycle_detection/[0-2][1-6].wasm,f8cb88d1eafe9c61b5fbff3753ea90d1
all5/Cycle_detection/[0-2][1-7].wasm,f8cb88d1eafe9c61b5fbff3753ea90d1
all5/Cycle_detection/[0-2][1-8].wasm,f8cb88d1eafe9c61b5fbff3753ea90d1
all5/Cycle_detection/[0-3].wasm,f8cb88d1eafe9c61b5fbff3753ea90d1
all5/Cycle_detection/[0-3][1-1].wasm,f8cb88d1eafe9c61b5fbff3753ea90d1
all5/Cycle_detection/[0-3][1-2].wasm,f8cb88d1eafe9c61b5fbff3753ea90d1
all5/Cycle_detection/[0-3][1-3].wasm,f8cb88d1eafe9c61b5fbff3753ea90d1
all5/Cycle_detection/[0-3][1-4].wasm,f8cb88d1eafe9c61b5fbff3753ea90d1
all5/Cycle_detection/[0-3][1-5].wasm,f8cb88d1eafe9c61b5fbff3753ea90d1
all5/Cycle_detection/[0-3][1-6].wasm,f8cb88d1eafe9c61b5fbff3753ea90d1
all5/Cycle_detection/[0-3][1-7].wasm,f8cb88d1eafe9c61b5fbff3753ea90d1
all5/Cycle_detection/[0-3][1-8].wasm,f8cb88d1eafe9c61b5fbff3753ea90d1
all5/Cycle_detection/[0-4].wasm,f8cb88d1eafe9c61b5fbff3753ea90d1
all5/Cycle_detection/[0-4][1-1].wasm,f8cb88d1eafe9c61b5fbff3753ea90d1
all5/Cycle_detection/[0-4][1-2].wasm,f8cb88d1eafe9c61b5fbff3753ea90d1
all5/Cycle_detection/[0-4][1-3].wasm,f8cb88d1eafe9c61b5fbff3753ea90d1
all5/Cycle_detection/[1-1].wasm,f8cb88d1eafe9c61b5fbff3753ea90d1
all5/Cycle_detection/[1-2].wasm,f8cb88d1eafe9c61b5fbff3753ea90d1
all5/Cycle_detection/[1-3].wasm,f8cb88d1eafe9c61b5fbff3753ea90d1
all5/Cycle_detection/[1-4].wasm,f8cb88d1eafe9c61b5fbff3753ea90d1
all5/Cycle_detection/[1-5].wasm,f8cb88d1eafe9c61b5fbff3753ea90d1
all5/Cycle_detection/[1-6].wasm,f8cb88d1eafe9c61b5fbff3753ea90d1
all5/Cycle_detection/[1-7].wasm,f8cb88d1eafe9c61b5fbff3753ea90d1
all5/Cycle_detection/[1-8].wasm,f8cb88d1eafe9c61b5fbff3753ea90d1
