name, hash
all5/Department_Numbers/Department_Numbers.wasm,1ad2c756ba2296b3af5ed336017bd11a
all5/Department_Numbers/Department_Numbers.wasm.~1~,1ad2c756ba2296b3af5ed336017bd11a
all5/Department_Numbers/Department_Numbers.wasm.~2~,357542bcde204654872ba65da0c02cda
all5/Department_Numbers/[0-1][1-1][10-1].wasm,4ded92ca2982d6975d26daee0eb000df
all5/Department_Numbers/[0-1][1-1][3-1].wasm,385d461ecb8032140ff06d578f42bff2
all5/Department_Numbers/[0-1][1-1][3-1][4-1][6-1].wasm,f0998405929e1c1c1cae7d35d2a9cfdf
all5/Department_Numbers/[0-1][1-1][4-1][5-1][6-1].wasm,0eae2764134c2ed7bfad8ee57239ca0d
all5/Department_Numbers/[0-1][1-1][4-1][5-1][6-1][10-1].wasm,7ca567e9c8e9009f66f00997355474bd
all5/Department_Numbers/[0-1][2-1][3-1].wasm,4fc0a9b5cdab757545d2a48f0eb5af36
all5/Department_Numbers/[0-1][2-1][3-1][4-1][5-1][6-1].wasm,3081cb18581fffc72ba14c7b55eac9ef
all5/Department_Numbers/[19-1].wasm,4ded92ca2982d6975d26daee0eb000df
all5/Department_Numbers/[2-1].wasm,7ca567e9c8e9009f66f00997355474bd
all5/Department_Numbers/[2-1][19-1].wasm,7ca567e9c8e9009f66f00997355474bd
all5/Department_Numbers/[2-1][6-1].wasm,7ca567e9c8e9009f66f00997355474bd
all5/Department_Numbers/[2-1][6-1][19-1].wasm,7ca567e9c8e9009f66f00997355474bd
all5/Department_Numbers/[4-1].wasm,7ca567e9c8e9009f66f00997355474bd
all5/Department_Numbers/[4-1][19-1].wasm,7ca567e9c8e9009f66f00997355474bd
all5/Department_Numbers/[4-1][5-1].wasm,f0998405929e1c1c1cae7d35d2a9cfdf
all5/Department_Numbers/[4-1][5-1][19-1].wasm,f0998405929e1c1c1cae7d35d2a9cfdf
all5/Department_Numbers/[4-1][5-1][6-1].wasm,f0998405929e1c1c1cae7d35d2a9cfdf
all5/Department_Numbers/[4-1][5-1][6-1][19-1].wasm,f0998405929e1c1c1cae7d35d2a9cfdf
all5/Department_Numbers/[4-1][6-1].wasm,7ca567e9c8e9009f66f00997355474bd
all5/Department_Numbers/[4-1][6-1][19-1].wasm,7ca567e9c8e9009f66f00997355474bd
all5/Department_Numbers/[5-1].wasm,f0998405929e1c1c1cae7d35d2a9cfdf
all5/Department_Numbers/[5-1][19-1].wasm,f0998405929e1c1c1cae7d35d2a9cfdf
all5/Department_Numbers/[5-1][6-1].wasm,f0998405929e1c1c1cae7d35d2a9cfdf
all5/Department_Numbers/[5-1][6-1][19-1].wasm,f0998405929e1c1c1cae7d35d2a9cfdf
all5/Department_Numbers/[6-1].wasm,0eae2764134c2ed7bfad8ee57239ca0d
all5/Department_Numbers/[6-1][19-1].wasm,7ca567e9c8e9009f66f00997355474bd
