name, hash
all5/Determine_if_a_string_has_all_the_same_characters/Determine_if_a_string_has_all_the_same_characters.wasm,70be01e796acfd08753184db9c2c021a
all5/Determine_if_a_string_has_all_the_same_characters/Determine_if_a_string_has_all_the_same_characters.wasm.~1~,c3e0088e5d748c80d30b25af9740b676
all5/Determine_if_a_string_has_all_the_same_characters/Determine_if_a_string_has_all_the_same_characters.wasm.~2~,c3e0088e5d748c80d30b25af9740b676
all5/Determine_if_a_string_has_all_the_same_characters/[0-1].wasm,70be01e796acfd08753184db9c2c021a
all5/Determine_if_a_string_has_all_the_same_characters/[0-1][1-1].wasm,70be01e796acfd08753184db9c2c021a
all5/Determine_if_a_string_has_all_the_same_characters/[0-1][1-1][6-1].wasm,a79f31beace53a87058d371f6afb9656
all5/Determine_if_a_string_has_all_the_same_characters/[0-1][1-2].wasm,70be01e796acfd08753184db9c2c021a
all5/Determine_if_a_string_has_all_the_same_characters/[0-1][1-2][6-1].wasm,a79f31beace53a87058d371f6afb9656
all5/Determine_if_a_string_has_all_the_same_characters/[0-1][1-3].wasm,70be01e796acfd08753184db9c2c021a
all5/Determine_if_a_string_has_all_the_same_characters/[0-1][1-3][6-1].wasm,a79f31beace53a87058d371f6afb9656
all5/Determine_if_a_string_has_all_the_same_characters/[0-1][1-4].wasm,70be01e796acfd08753184db9c2c021a
all5/Determine_if_a_string_has_all_the_same_characters/[0-1][1-4][6-1].wasm,a79f31beace53a87058d371f6afb9656
all5/Determine_if_a_string_has_all_the_same_characters/[0-1][1-5].wasm,70be01e796acfd08753184db9c2c021a
all5/Determine_if_a_string_has_all_the_same_characters/[0-1][1-5][6-1].wasm,a79f31beace53a87058d371f6afb9656
all5/Determine_if_a_string_has_all_the_same_characters/[0-1][1-6].wasm,70be01e796acfd08753184db9c2c021a
all5/Determine_if_a_string_has_all_the_same_characters/[0-1][1-6][6-1].wasm,a79f31beace53a87058d371f6afb9656
all5/Determine_if_a_string_has_all_the_same_characters/[0-1][1-7].wasm,70be01e796acfd08753184db9c2c021a
all5/Determine_if_a_string_has_all_the_same_characters/[0-1][1-7][6-1].wasm,a79f31beace53a87058d371f6afb9656
all5/Determine_if_a_string_has_all_the_same_characters/[0-1][1-8].wasm,70be01e796acfd08753184db9c2c021a
all5/Determine_if_a_string_has_all_the_same_characters/[0-1][1-8][6-1].wasm,a79f31beace53a87058d371f6afb9656
all5/Determine_if_a_string_has_all_the_same_characters/[0-1][6-1].wasm,a79f31beace53a87058d371f6afb9656
all5/Determine_if_a_string_has_all_the_same_characters/[0-2].wasm,70be01e796acfd08753184db9c2c021a
all5/Determine_if_a_string_has_all_the_same_characters/[0-2][1-1].wasm,70be01e796acfd08753184db9c2c021a
all5/Determine_if_a_string_has_all_the_same_characters/[0-2][1-1][6-1].wasm,a79f31beace53a87058d371f6afb9656
all5/Determine_if_a_string_has_all_the_same_characters/[0-2][1-2].wasm,70be01e796acfd08753184db9c2c021a
all5/Determine_if_a_string_has_all_the_same_characters/[0-2][1-2][6-1].wasm,a79f31beace53a87058d371f6afb9656
all5/Determine_if_a_string_has_all_the_same_characters/[0-2][1-3].wasm,70be01e796acfd08753184db9c2c021a
all5/Determine_if_a_string_has_all_the_same_characters/[0-2][1-3][6-1].wasm,a79f31beace53a87058d371f6afb9656
all5/Determine_if_a_string_has_all_the_same_characters/[0-2][1-4].wasm,70be01e796acfd08753184db9c2c021a
all5/Determine_if_a_string_has_all_the_same_characters/[0-2][1-4][6-1].wasm,a79f31beace53a87058d371f6afb9656
all5/Determine_if_a_string_has_all_the_same_characters/[0-2][1-5].wasm,70be01e796acfd08753184db9c2c021a
all5/Determine_if_a_string_has_all_the_same_characters/[0-2][1-5][6-1].wasm,a79f31beace53a87058d371f6afb9656
all5/Determine_if_a_string_has_all_the_same_characters/[0-2][1-6].wasm,70be01e796acfd08753184db9c2c021a
all5/Determine_if_a_string_has_all_the_same_characters/[0-2][1-6][6-1].wasm,a79f31beace53a87058d371f6afb9656
all5/Determine_if_a_string_has_all_the_same_characters/[0-2][1-7].wasm,70be01e796acfd08753184db9c2c021a
all5/Determine_if_a_string_has_all_the_same_characters/[0-2][1-7][6-1].wasm,a79f31beace53a87058d371f6afb9656
all5/Determine_if_a_string_has_all_the_same_characters/[0-2][1-8].wasm,70be01e796acfd08753184db9c2c021a
all5/Determine_if_a_string_has_all_the_same_characters/[0-2][1-8][6-1].wasm,a79f31beace53a87058d371f6afb9656
all5/Determine_if_a_string_has_all_the_same_characters/[0-2][6-1].wasm,a79f31beace53a87058d371f6afb9656
all5/Determine_if_a_string_has_all_the_same_characters/[0-3].wasm,70be01e796acfd08753184db9c2c021a
all5/Determine_if_a_string_has_all_the_same_characters/[0-3][1-1].wasm,70be01e796acfd08753184db9c2c021a
all5/Determine_if_a_string_has_all_the_same_characters/[0-3][1-1][6-1].wasm,a79f31beace53a87058d371f6afb9656
all5/Determine_if_a_string_has_all_the_same_characters/[0-3][1-2].wasm,70be01e796acfd08753184db9c2c021a
all5/Determine_if_a_string_has_all_the_same_characters/[0-3][1-2][6-1].wasm,a79f31beace53a87058d371f6afb9656
all5/Determine_if_a_string_has_all_the_same_characters/[0-3][1-3].wasm,70be01e796acfd08753184db9c2c021a
all5/Determine_if_a_string_has_all_the_same_characters/[0-3][1-3][6-1].wasm,a79f31beace53a87058d371f6afb9656
all5/Determine_if_a_string_has_all_the_same_characters/[0-3][1-4].wasm,70be01e796acfd08753184db9c2c021a
all5/Determine_if_a_string_has_all_the_same_characters/[0-3][1-4][6-1].wasm,a79f31beace53a87058d371f6afb9656
all5/Determine_if_a_string_has_all_the_same_characters/[0-3][1-5].wasm,70be01e796acfd08753184db9c2c021a
all5/Determine_if_a_string_has_all_the_same_characters/[0-3][1-5][6-1].wasm,a79f31beace53a87058d371f6afb9656
all5/Determine_if_a_string_has_all_the_same_characters/[0-3][1-6].wasm,70be01e796acfd08753184db9c2c021a
all5/Determine_if_a_string_has_all_the_same_characters/[0-3][1-6][6-1].wasm,a79f31beace53a87058d371f6afb9656
all5/Determine_if_a_string_has_all_the_same_characters/[0-3][1-7].wasm,70be01e796acfd08753184db9c2c021a
all5/Determine_if_a_string_has_all_the_same_characters/[0-3][1-7][6-1].wasm,a79f31beace53a87058d371f6afb9656
all5/Determine_if_a_string_has_all_the_same_characters/[0-3][1-8].wasm,70be01e796acfd08753184db9c2c021a
all5/Determine_if_a_string_has_all_the_same_characters/[0-3][1-8][6-1].wasm,a79f31beace53a87058d371f6afb9656
all5/Determine_if_a_string_has_all_the_same_characters/[0-3][6-1].wasm,a79f31beace53a87058d371f6afb9656
all5/Determine_if_a_string_has_all_the_same_characters/[0-4].wasm,70be01e796acfd08753184db9c2c021a
all5/Determine_if_a_string_has_all_the_same_characters/[0-4][1-1].wasm,70be01e796acfd08753184db9c2c021a
all5/Determine_if_a_string_has_all_the_same_characters/[0-4][1-1][6-1].wasm,a79f31beace53a87058d371f6afb9656
all5/Determine_if_a_string_has_all_the_same_characters/[0-4][1-2].wasm,70be01e796acfd08753184db9c2c021a
all5/Determine_if_a_string_has_all_the_same_characters/[0-4][1-2][6-1].wasm,a79f31beace53a87058d371f6afb9656
all5/Determine_if_a_string_has_all_the_same_characters/[0-4][1-3].wasm,70be01e796acfd08753184db9c2c021a
all5/Determine_if_a_string_has_all_the_same_characters/[0-4][1-3][6-1].wasm,a79f31beace53a87058d371f6afb9656
all5/Determine_if_a_string_has_all_the_same_characters/[0-4][1-4].wasm,70be01e796acfd08753184db9c2c021a
all5/Determine_if_a_string_has_all_the_same_characters/[0-4][1-4][6-1].wasm,a79f31beace53a87058d371f6afb9656
all5/Determine_if_a_string_has_all_the_same_characters/[0-4][1-5].wasm,70be01e796acfd08753184db9c2c021a
all5/Determine_if_a_string_has_all_the_same_characters/[0-4][1-5][6-1].wasm,a79f31beace53a87058d371f6afb9656
all5/Determine_if_a_string_has_all_the_same_characters/[0-4][1-6].wasm,70be01e796acfd08753184db9c2c021a
all5/Determine_if_a_string_has_all_the_same_characters/[0-4][1-6][6-1].wasm,a79f31beace53a87058d371f6afb9656
all5/Determine_if_a_string_has_all_the_same_characters/[0-4][1-7].wasm,70be01e796acfd08753184db9c2c021a
all5/Determine_if_a_string_has_all_the_same_characters/[0-4][1-7][6-1].wasm,a79f31beace53a87058d371f6afb9656
all5/Determine_if_a_string_has_all_the_same_characters/[0-4][1-8].wasm,70be01e796acfd08753184db9c2c021a
all5/Determine_if_a_string_has_all_the_same_characters/[0-4][1-8][6-1].wasm,a79f31beace53a87058d371f6afb9656
all5/Determine_if_a_string_has_all_the_same_characters/[0-4][6-1].wasm,a79f31beace53a87058d371f6afb9656
all5/Determine_if_a_string_has_all_the_same_characters/[0-5].wasm,70be01e796acfd08753184db9c2c021a
all5/Determine_if_a_string_has_all_the_same_characters/[0-5][1-1].wasm,70be01e796acfd08753184db9c2c021a
all5/Determine_if_a_string_has_all_the_same_characters/[0-5][1-1][6-1].wasm,a79f31beace53a87058d371f6afb9656
all5/Determine_if_a_string_has_all_the_same_characters/[0-5][1-2].wasm,70be01e796acfd08753184db9c2c021a
all5/Determine_if_a_string_has_all_the_same_characters/[0-5][1-2][6-1].wasm,a79f31beace53a87058d371f6afb9656
all5/Determine_if_a_string_has_all_the_same_characters/[0-5][1-3].wasm,70be01e796acfd08753184db9c2c021a
all5/Determine_if_a_string_has_all_the_same_characters/[0-5][1-3][6-1].wasm,a79f31beace53a87058d371f6afb9656
all5/Determine_if_a_string_has_all_the_same_characters/[0-5][1-4].wasm,70be01e796acfd08753184db9c2c021a
all5/Determine_if_a_string_has_all_the_same_characters/[0-5][1-4][6-1].wasm,a79f31beace53a87058d371f6afb9656
all5/Determine_if_a_string_has_all_the_same_characters/[0-5][1-5].wasm,70be01e796acfd08753184db9c2c021a
all5/Determine_if_a_string_has_all_the_same_characters/[0-5][1-5][6-1].wasm,a79f31beace53a87058d371f6afb9656
all5/Determine_if_a_string_has_all_the_same_characters/[0-5][1-6].wasm,70be01e796acfd08753184db9c2c021a
all5/Determine_if_a_string_has_all_the_same_characters/[0-5][1-6][6-1].wasm,a79f31beace53a87058d371f6afb9656
all5/Determine_if_a_string_has_all_the_same_characters/[0-5][1-7].wasm,70be01e796acfd08753184db9c2c021a
all5/Determine_if_a_string_has_all_the_same_characters/[0-5][1-7][6-1].wasm,a79f31beace53a87058d371f6afb9656
all5/Determine_if_a_string_has_all_the_same_characters/[0-5][1-8].wasm,70be01e796acfd08753184db9c2c021a
all5/Determine_if_a_string_has_all_the_same_characters/[0-5][1-8][6-1].wasm,a79f31beace53a87058d371f6afb9656
all5/Determine_if_a_string_has_all_the_same_characters/[0-5][6-1].wasm,a79f31beace53a87058d371f6afb9656
all5/Determine_if_a_string_has_all_the_same_characters/[0-6].wasm,70be01e796acfd08753184db9c2c021a
all5/Determine_if_a_string_has_all_the_same_characters/[0-6][1-1].wasm,70be01e796acfd08753184db9c2c021a
all5/Determine_if_a_string_has_all_the_same_characters/[0-6][1-1][6-1].wasm,a79f31beace53a87058d371f6afb9656
all5/Determine_if_a_string_has_all_the_same_characters/[0-6][1-2].wasm,70be01e796acfd08753184db9c2c021a
all5/Determine_if_a_string_has_all_the_same_characters/[0-6][1-2][6-1].wasm,a79f31beace53a87058d371f6afb9656
all5/Determine_if_a_string_has_all_the_same_characters/[0-6][1-3].wasm,70be01e796acfd08753184db9c2c021a
all5/Determine_if_a_string_has_all_the_same_characters/[0-6][1-3][6-1].wasm,a79f31beace53a87058d371f6afb9656
all5/Determine_if_a_string_has_all_the_same_characters/[0-6][1-4].wasm,70be01e796acfd08753184db9c2c021a
all5/Determine_if_a_string_has_all_the_same_characters/[0-6][1-4][6-1].wasm,a79f31beace53a87058d371f6afb9656
all5/Determine_if_a_string_has_all_the_same_characters/[0-6][1-5].wasm,70be01e796acfd08753184db9c2c021a
all5/Determine_if_a_string_has_all_the_same_characters/[0-6][1-5][6-1].wasm,a79f31beace53a87058d371f6afb9656
all5/Determine_if_a_string_has_all_the_same_characters/[0-6][1-6].wasm,70be01e796acfd08753184db9c2c021a
all5/Determine_if_a_string_has_all_the_same_characters/[0-6][1-6][6-1].wasm,a79f31beace53a87058d371f6afb9656
all5/Determine_if_a_string_has_all_the_same_characters/[0-6][1-7].wasm,70be01e796acfd08753184db9c2c021a
all5/Determine_if_a_string_has_all_the_same_characters/[0-6][1-7][6-1].wasm,a79f31beace53a87058d371f6afb9656
all5/Determine_if_a_string_has_all_the_same_characters/[0-6][1-8].wasm,70be01e796acfd08753184db9c2c021a
all5/Determine_if_a_string_has_all_the_same_characters/[0-6][1-8][6-1].wasm,a79f31beace53a87058d371f6afb9656
all5/Determine_if_a_string_has_all_the_same_characters/[0-6][6-1].wasm,a79f31beace53a87058d371f6afb9656
all5/Determine_if_a_string_has_all_the_same_characters/[0-7].wasm,10e1f69b1a589c0391c088b34c9005db
all5/Determine_if_a_string_has_all_the_same_characters/[0-7][1-1].wasm,10e1f69b1a589c0391c088b34c9005db
all5/Determine_if_a_string_has_all_the_same_characters/[0-7][1-1][6-1].wasm,bf6d1a63e9ae72c9ca3e0ad4ae7a64ef
all5/Determine_if_a_string_has_all_the_same_characters/[0-7][1-2].wasm,10e1f69b1a589c0391c088b34c9005db
all5/Determine_if_a_string_has_all_the_same_characters/[0-7][1-2][6-1].wasm,bf6d1a63e9ae72c9ca3e0ad4ae7a64ef
all5/Determine_if_a_string_has_all_the_same_characters/[0-7][1-3].wasm,10e1f69b1a589c0391c088b34c9005db
all5/Determine_if_a_string_has_all_the_same_characters/[0-7][1-3][6-1].wasm,bf6d1a63e9ae72c9ca3e0ad4ae7a64ef
all5/Determine_if_a_string_has_all_the_same_characters/[0-7][1-4].wasm,10e1f69b1a589c0391c088b34c9005db
all5/Determine_if_a_string_has_all_the_same_characters/[0-7][1-4][6-1].wasm,bf6d1a63e9ae72c9ca3e0ad4ae7a64ef
all5/Determine_if_a_string_has_all_the_same_characters/[0-7][1-5].wasm,10e1f69b1a589c0391c088b34c9005db
all5/Determine_if_a_string_has_all_the_same_characters/[0-7][1-5][6-1].wasm,bf6d1a63e9ae72c9ca3e0ad4ae7a64ef
all5/Determine_if_a_string_has_all_the_same_characters/[0-7][1-6].wasm,10e1f69b1a589c0391c088b34c9005db
all5/Determine_if_a_string_has_all_the_same_characters/[0-7][1-6][6-1].wasm,bf6d1a63e9ae72c9ca3e0ad4ae7a64ef
all5/Determine_if_a_string_has_all_the_same_characters/[0-7][1-7].wasm,10e1f69b1a589c0391c088b34c9005db
all5/Determine_if_a_string_has_all_the_same_characters/[0-7][1-7][6-1].wasm,bf6d1a63e9ae72c9ca3e0ad4ae7a64ef
all5/Determine_if_a_string_has_all_the_same_characters/[0-7][1-8].wasm,10e1f69b1a589c0391c088b34c9005db
all5/Determine_if_a_string_has_all_the_same_characters/[0-7][1-8][6-1].wasm,bf6d1a63e9ae72c9ca3e0ad4ae7a64ef
all5/Determine_if_a_string_has_all_the_same_characters/[0-7][6-1].wasm,bf6d1a63e9ae72c9ca3e0ad4ae7a64ef
all5/Determine_if_a_string_has_all_the_same_characters/[0-8].wasm,70be01e796acfd08753184db9c2c021a
all5/Determine_if_a_string_has_all_the_same_characters/[0-8][1-1].wasm,70be01e796acfd08753184db9c2c021a
all5/Determine_if_a_string_has_all_the_same_characters/[0-8][1-1][6-1].wasm,a79f31beace53a87058d371f6afb9656
all5/Determine_if_a_string_has_all_the_same_characters/[0-8][1-2].wasm,70be01e796acfd08753184db9c2c021a
all5/Determine_if_a_string_has_all_the_same_characters/[0-8][1-2][6-1].wasm,a79f31beace53a87058d371f6afb9656
all5/Determine_if_a_string_has_all_the_same_characters/[0-8][1-3].wasm,70be01e796acfd08753184db9c2c021a
all5/Determine_if_a_string_has_all_the_same_characters/[0-8][1-3][6-1].wasm,a79f31beace53a87058d371f6afb9656
all5/Determine_if_a_string_has_all_the_same_characters/[0-8][1-4].wasm,70be01e796acfd08753184db9c2c021a
all5/Determine_if_a_string_has_all_the_same_characters/[0-8][1-4][6-1].wasm,a79f31beace53a87058d371f6afb9656
all5/Determine_if_a_string_has_all_the_same_characters/[0-8][1-5].wasm,70be01e796acfd08753184db9c2c021a
all5/Determine_if_a_string_has_all_the_same_characters/[0-8][1-5][6-1].wasm,a79f31beace53a87058d371f6afb9656
all5/Determine_if_a_string_has_all_the_same_characters/[0-8][1-6].wasm,70be01e796acfd08753184db9c2c021a
all5/Determine_if_a_string_has_all_the_same_characters/[0-8][1-6][6-1].wasm,a79f31beace53a87058d371f6afb9656
all5/Determine_if_a_string_has_all_the_same_characters/[0-8][1-7].wasm,70be01e796acfd08753184db9c2c021a
all5/Determine_if_a_string_has_all_the_same_characters/[0-8][1-7][6-1].wasm,a79f31beace53a87058d371f6afb9656
all5/Determine_if_a_string_has_all_the_same_characters/[0-8][1-8].wasm,70be01e796acfd08753184db9c2c021a
all5/Determine_if_a_string_has_all_the_same_characters/[0-8][1-8][6-1].wasm,a79f31beace53a87058d371f6afb9656
all5/Determine_if_a_string_has_all_the_same_characters/[0-8][6-1].wasm,a79f31beace53a87058d371f6afb9656
all5/Determine_if_a_string_has_all_the_same_characters/[0-9].wasm,70be01e796acfd08753184db9c2c021a
all5/Determine_if_a_string_has_all_the_same_characters/[0-9][1-1].wasm,70be01e796acfd08753184db9c2c021a
all5/Determine_if_a_string_has_all_the_same_characters/[0-9][1-1][6-1].wasm,a79f31beace53a87058d371f6afb9656
all5/Determine_if_a_string_has_all_the_same_characters/[0-9][1-2].wasm,70be01e796acfd08753184db9c2c021a
all5/Determine_if_a_string_has_all_the_same_characters/[0-9][1-2][6-1].wasm,a79f31beace53a87058d371f6afb9656
all5/Determine_if_a_string_has_all_the_same_characters/[0-9][1-3].wasm,70be01e796acfd08753184db9c2c021a
all5/Determine_if_a_string_has_all_the_same_characters/[0-9][1-3][6-1].wasm,a79f31beace53a87058d371f6afb9656
all5/Determine_if_a_string_has_all_the_same_characters/[0-9][1-4].wasm,70be01e796acfd08753184db9c2c021a
all5/Determine_if_a_string_has_all_the_same_characters/[0-9][1-4][6-1].wasm,a79f31beace53a87058d371f6afb9656
all5/Determine_if_a_string_has_all_the_same_characters/[0-9][1-5].wasm,70be01e796acfd08753184db9c2c021a
all5/Determine_if_a_string_has_all_the_same_characters/[0-9][1-5][6-1].wasm,a79f31beace53a87058d371f6afb9656
all5/Determine_if_a_string_has_all_the_same_characters/[0-9][1-6].wasm,70be01e796acfd08753184db9c2c021a
all5/Determine_if_a_string_has_all_the_same_characters/[0-9][1-6][6-1].wasm,a79f31beace53a87058d371f6afb9656
all5/Determine_if_a_string_has_all_the_same_characters/[0-9][1-7].wasm,70be01e796acfd08753184db9c2c021a
all5/Determine_if_a_string_has_all_the_same_characters/[0-9][1-7][6-1].wasm,a79f31beace53a87058d371f6afb9656
all5/Determine_if_a_string_has_all_the_same_characters/[0-9][1-8].wasm,70be01e796acfd08753184db9c2c021a
all5/Determine_if_a_string_has_all_the_same_characters/[0-9][1-8][6-1].wasm,a79f31beace53a87058d371f6afb9656
all5/Determine_if_a_string_has_all_the_same_characters/[0-9][6-1].wasm,a79f31beace53a87058d371f6afb9656
all5/Determine_if_a_string_has_all_the_same_characters/[1-1].wasm,70be01e796acfd08753184db9c2c021a
all5/Determine_if_a_string_has_all_the_same_characters/[1-1].wasm.~1~,c3e0088e5d748c80d30b25af9740b676
all5/Determine_if_a_string_has_all_the_same_characters/[1-1][3-10].wasm,c3e0088e5d748c80d30b25af9740b676
all5/Determine_if_a_string_has_all_the_same_characters/[1-1][3-10][4-1].wasm,c3e0088e5d748c80d30b25af9740b676
all5/Determine_if_a_string_has_all_the_same_characters/[1-1][3-10][4-2].wasm,c3e0088e5d748c80d30b25af9740b676
all5/Determine_if_a_string_has_all_the_same_characters/[1-1][3-10][4-3].wasm,c3e0088e5d748c80d30b25af9740b676
all5/Determine_if_a_string_has_all_the_same_characters/[1-1][3-10][4-4].wasm,c3e0088e5d748c80d30b25af9740b676
all5/Determine_if_a_string_has_all_the_same_characters/[1-1][3-10][4-5].wasm,c3e0088e5d748c80d30b25af9740b676
all5/Determine_if_a_string_has_all_the_same_characters/[1-1][3-10][4-6].wasm,c3e0088e5d748c80d30b25af9740b676
all5/Determine_if_a_string_has_all_the_same_characters/[1-1][3-1].wasm,c3e0088e5d748c80d30b25af9740b676
all5/Determine_if_a_string_has_all_the_same_characters/[1-1][3-1][4-1].wasm,c3e0088e5d748c80d30b25af9740b676
all5/Determine_if_a_string_has_all_the_same_characters/[1-1][3-1][4-2].wasm,c3e0088e5d748c80d30b25af9740b676
all5/Determine_if_a_string_has_all_the_same_characters/[1-1][3-1][4-3].wasm,c3e0088e5d748c80d30b25af9740b676
all5/Determine_if_a_string_has_all_the_same_characters/[1-1][3-1][4-4].wasm,c3e0088e5d748c80d30b25af9740b676
all5/Determine_if_a_string_has_all_the_same_characters/[1-1][3-1][4-5].wasm,c3e0088e5d748c80d30b25af9740b676
all5/Determine_if_a_string_has_all_the_same_characters/[1-1][3-1][4-6].wasm,c3e0088e5d748c80d30b25af9740b676
all5/Determine_if_a_string_has_all_the_same_characters/[1-1][3-1][4-7].wasm,c3e0088e5d748c80d30b25af9740b676
all5/Determine_if_a_string_has_all_the_same_characters/[1-1][3-1][4-8].wasm,c3e0088e5d748c80d30b25af9740b676
all5/Determine_if_a_string_has_all_the_same_characters/[1-1][3-2].wasm,c3e0088e5d748c80d30b25af9740b676
all5/Determine_if_a_string_has_all_the_same_characters/[1-1][3-2][4-1].wasm,c3e0088e5d748c80d30b25af9740b676
all5/Determine_if_a_string_has_all_the_same_characters/[1-1][3-2][4-2].wasm,c3e0088e5d748c80d30b25af9740b676
all5/Determine_if_a_string_has_all_the_same_characters/[1-1][3-2][4-3].wasm,c3e0088e5d748c80d30b25af9740b676
all5/Determine_if_a_string_has_all_the_same_characters/[1-1][3-2][4-4].wasm,c3e0088e5d748c80d30b25af9740b676
all5/Determine_if_a_string_has_all_the_same_characters/[1-1][3-2][4-5].wasm,c3e0088e5d748c80d30b25af9740b676
all5/Determine_if_a_string_has_all_the_same_characters/[1-1][3-2][4-6].wasm,c3e0088e5d748c80d30b25af9740b676
all5/Determine_if_a_string_has_all_the_same_characters/[1-1][3-2][4-7].wasm,c3e0088e5d748c80d30b25af9740b676
all5/Determine_if_a_string_has_all_the_same_characters/[1-1][3-2][4-8].wasm,c3e0088e5d748c80d30b25af9740b676
all5/Determine_if_a_string_has_all_the_same_characters/[1-1][3-3].wasm,c3e0088e5d748c80d30b25af9740b676
all5/Determine_if_a_string_has_all_the_same_characters/[1-1][3-3][4-1].wasm,c3e0088e5d748c80d30b25af9740b676
all5/Determine_if_a_string_has_all_the_same_characters/[1-1][3-3][4-2].wasm,c3e0088e5d748c80d30b25af9740b676
all5/Determine_if_a_string_has_all_the_same_characters/[1-1][3-3][4-3].wasm,c3e0088e5d748c80d30b25af9740b676
all5/Determine_if_a_string_has_all_the_same_characters/[1-1][3-3][4-4].wasm,c3e0088e5d748c80d30b25af9740b676
all5/Determine_if_a_string_has_all_the_same_characters/[1-1][3-3][4-5].wasm,c3e0088e5d748c80d30b25af9740b676
all5/Determine_if_a_string_has_all_the_same_characters/[1-1][3-3][4-6].wasm,c3e0088e5d748c80d30b25af9740b676
all5/Determine_if_a_string_has_all_the_same_characters/[1-1][3-3][4-7].wasm,c3e0088e5d748c80d30b25af9740b676
all5/Determine_if_a_string_has_all_the_same_characters/[1-1][3-3][4-8].wasm,c3e0088e5d748c80d30b25af9740b676
all5/Determine_if_a_string_has_all_the_same_characters/[1-1][3-4].wasm,c3e0088e5d748c80d30b25af9740b676
all5/Determine_if_a_string_has_all_the_same_characters/[1-1][3-4][4-1].wasm,c3e0088e5d748c80d30b25af9740b676
all5/Determine_if_a_string_has_all_the_same_characters/[1-1][3-4][4-2].wasm,c3e0088e5d748c80d30b25af9740b676
all5/Determine_if_a_string_has_all_the_same_characters/[1-1][3-4][4-3].wasm,c3e0088e5d748c80d30b25af9740b676
all5/Determine_if_a_string_has_all_the_same_characters/[1-1][3-4][4-4].wasm,c3e0088e5d748c80d30b25af9740b676
all5/Determine_if_a_string_has_all_the_same_characters/[1-1][3-4][4-5].wasm,c3e0088e5d748c80d30b25af9740b676
all5/Determine_if_a_string_has_all_the_same_characters/[1-1][3-4][4-6].wasm,c3e0088e5d748c80d30b25af9740b676
all5/Determine_if_a_string_has_all_the_same_characters/[1-1][3-4][4-7].wasm,c3e0088e5d748c80d30b25af9740b676
all5/Determine_if_a_string_has_all_the_same_characters/[1-1][3-4][4-8].wasm,c3e0088e5d748c80d30b25af9740b676
all5/Determine_if_a_string_has_all_the_same_characters/[1-1][3-5].wasm,c3e0088e5d748c80d30b25af9740b676
all5/Determine_if_a_string_has_all_the_same_characters/[1-1][3-5][4-1].wasm,c3e0088e5d748c80d30b25af9740b676
all5/Determine_if_a_string_has_all_the_same_characters/[1-1][3-5][4-2].wasm,c3e0088e5d748c80d30b25af9740b676
all5/Determine_if_a_string_has_all_the_same_characters/[1-1][3-5][4-3].wasm,c3e0088e5d748c80d30b25af9740b676
all5/Determine_if_a_string_has_all_the_same_characters/[1-1][3-5][4-4].wasm,c3e0088e5d748c80d30b25af9740b676
all5/Determine_if_a_string_has_all_the_same_characters/[1-1][3-5][4-5].wasm,c3e0088e5d748c80d30b25af9740b676
all5/Determine_if_a_string_has_all_the_same_characters/[1-1][3-5][4-6].wasm,c3e0088e5d748c80d30b25af9740b676
all5/Determine_if_a_string_has_all_the_same_characters/[1-1][3-5][4-7].wasm,c3e0088e5d748c80d30b25af9740b676
all5/Determine_if_a_string_has_all_the_same_characters/[1-1][3-5][4-8].wasm,c3e0088e5d748c80d30b25af9740b676
all5/Determine_if_a_string_has_all_the_same_characters/[1-1][3-6].wasm,c3e0088e5d748c80d30b25af9740b676
all5/Determine_if_a_string_has_all_the_same_characters/[1-1][3-6][4-1].wasm,c3e0088e5d748c80d30b25af9740b676
all5/Determine_if_a_string_has_all_the_same_characters/[1-1][3-6][4-2].wasm,c3e0088e5d748c80d30b25af9740b676
all5/Determine_if_a_string_has_all_the_same_characters/[1-1][3-6][4-3].wasm,c3e0088e5d748c80d30b25af9740b676
all5/Determine_if_a_string_has_all_the_same_characters/[1-1][3-6][4-4].wasm,c3e0088e5d748c80d30b25af9740b676
all5/Determine_if_a_string_has_all_the_same_characters/[1-1][3-6][4-5].wasm,c3e0088e5d748c80d30b25af9740b676
all5/Determine_if_a_string_has_all_the_same_characters/[1-1][3-6][4-6].wasm,c3e0088e5d748c80d30b25af9740b676
all5/Determine_if_a_string_has_all_the_same_characters/[1-1][3-6][4-7].wasm,c3e0088e5d748c80d30b25af9740b676
all5/Determine_if_a_string_has_all_the_same_characters/[1-1][3-6][4-8].wasm,c3e0088e5d748c80d30b25af9740b676
all5/Determine_if_a_string_has_all_the_same_characters/[1-1][3-7].wasm,c3e0088e5d748c80d30b25af9740b676
all5/Determine_if_a_string_has_all_the_same_characters/[1-1][3-7][4-1].wasm,c3e0088e5d748c80d30b25af9740b676
all5/Determine_if_a_string_has_all_the_same_characters/[1-1][3-7][4-2].wasm,c3e0088e5d748c80d30b25af9740b676
all5/Determine_if_a_string_has_all_the_same_characters/[1-1][3-7][4-3].wasm,c3e0088e5d748c80d30b25af9740b676
all5/Determine_if_a_string_has_all_the_same_characters/[1-1][3-7][4-4].wasm,c3e0088e5d748c80d30b25af9740b676
all5/Determine_if_a_string_has_all_the_same_characters/[1-1][3-7][4-5].wasm,c3e0088e5d748c80d30b25af9740b676
all5/Determine_if_a_string_has_all_the_same_characters/[1-1][3-7][4-6].wasm,c3e0088e5d748c80d30b25af9740b676
all5/Determine_if_a_string_has_all_the_same_characters/[1-1][3-7][4-7].wasm,c3e0088e5d748c80d30b25af9740b676
all5/Determine_if_a_string_has_all_the_same_characters/[1-1][3-7][4-8].wasm,c3e0088e5d748c80d30b25af9740b676
all5/Determine_if_a_string_has_all_the_same_characters/[1-1][3-8].wasm,c3e0088e5d748c80d30b25af9740b676
all5/Determine_if_a_string_has_all_the_same_characters/[1-1][3-8][4-1].wasm,c3e0088e5d748c80d30b25af9740b676
all5/Determine_if_a_string_has_all_the_same_characters/[1-1][3-8][4-2].wasm,c3e0088e5d748c80d30b25af9740b676
all5/Determine_if_a_string_has_all_the_same_characters/[1-1][3-8][4-3].wasm,c3e0088e5d748c80d30b25af9740b676
all5/Determine_if_a_string_has_all_the_same_characters/[1-1][3-8][4-4].wasm,c3e0088e5d748c80d30b25af9740b676
all5/Determine_if_a_string_has_all_the_same_characters/[1-1][3-8][4-5].wasm,c3e0088e5d748c80d30b25af9740b676
all5/Determine_if_a_string_has_all_the_same_characters/[1-1][3-8][4-6].wasm,c3e0088e5d748c80d30b25af9740b676
all5/Determine_if_a_string_has_all_the_same_characters/[1-1][3-8][4-7].wasm,c3e0088e5d748c80d30b25af9740b676
all5/Determine_if_a_string_has_all_the_same_characters/[1-1][3-8][4-8].wasm,c3e0088e5d748c80d30b25af9740b676
all5/Determine_if_a_string_has_all_the_same_characters/[1-1][3-9].wasm,c3e0088e5d748c80d30b25af9740b676
all5/Determine_if_a_string_has_all_the_same_characters/[1-1][3-9][4-1].wasm,c3e0088e5d748c80d30b25af9740b676
all5/Determine_if_a_string_has_all_the_same_characters/[1-1][3-9][4-2].wasm,c3e0088e5d748c80d30b25af9740b676
all5/Determine_if_a_string_has_all_the_same_characters/[1-1][3-9][4-3].wasm,c3e0088e5d748c80d30b25af9740b676
all5/Determine_if_a_string_has_all_the_same_characters/[1-1][3-9][4-4].wasm,c3e0088e5d748c80d30b25af9740b676
all5/Determine_if_a_string_has_all_the_same_characters/[1-1][3-9][4-5].wasm,c3e0088e5d748c80d30b25af9740b676
all5/Determine_if_a_string_has_all_the_same_characters/[1-1][3-9][4-6].wasm,c3e0088e5d748c80d30b25af9740b676
all5/Determine_if_a_string_has_all_the_same_characters/[1-1][3-9][4-8].wasm,c3e0088e5d748c80d30b25af9740b676
all5/Determine_if_a_string_has_all_the_same_characters/[1-1][4-1].wasm,c3e0088e5d748c80d30b25af9740b676
all5/Determine_if_a_string_has_all_the_same_characters/[1-1][4-2].wasm,c3e0088e5d748c80d30b25af9740b676
all5/Determine_if_a_string_has_all_the_same_characters/[1-1][4-3].wasm,c3e0088e5d748c80d30b25af9740b676
all5/Determine_if_a_string_has_all_the_same_characters/[1-1][4-4].wasm,c3e0088e5d748c80d30b25af9740b676
all5/Determine_if_a_string_has_all_the_same_characters/[1-1][4-5].wasm,c3e0088e5d748c80d30b25af9740b676
all5/Determine_if_a_string_has_all_the_same_characters/[1-1][4-6].wasm,c3e0088e5d748c80d30b25af9740b676
all5/Determine_if_a_string_has_all_the_same_characters/[1-1][4-7].wasm,c3e0088e5d748c80d30b25af9740b676
all5/Determine_if_a_string_has_all_the_same_characters/[1-1][4-8].wasm,c3e0088e5d748c80d30b25af9740b676
all5/Determine_if_a_string_has_all_the_same_characters/[1-1][6-1].wasm,a79f31beace53a87058d371f6afb9656
all5/Determine_if_a_string_has_all_the_same_characters/[1-2].wasm,70be01e796acfd08753184db9c2c021a
all5/Determine_if_a_string_has_all_the_same_characters/[1-2][6-1].wasm,a79f31beace53a87058d371f6afb9656
all5/Determine_if_a_string_has_all_the_same_characters/[1-3].wasm,70be01e796acfd08753184db9c2c021a
all5/Determine_if_a_string_has_all_the_same_characters/[1-3][6-1].wasm,a79f31beace53a87058d371f6afb9656
all5/Determine_if_a_string_has_all_the_same_characters/[1-4].wasm,70be01e796acfd08753184db9c2c021a
all5/Determine_if_a_string_has_all_the_same_characters/[1-4][6-1].wasm,a79f31beace53a87058d371f6afb9656
all5/Determine_if_a_string_has_all_the_same_characters/[1-5].wasm,70be01e796acfd08753184db9c2c021a
all5/Determine_if_a_string_has_all_the_same_characters/[1-5][6-1].wasm,a79f31beace53a87058d371f6afb9656
all5/Determine_if_a_string_has_all_the_same_characters/[1-6].wasm,70be01e796acfd08753184db9c2c021a
all5/Determine_if_a_string_has_all_the_same_characters/[1-6][6-1].wasm,a79f31beace53a87058d371f6afb9656
all5/Determine_if_a_string_has_all_the_same_characters/[1-7].wasm,70be01e796acfd08753184db9c2c021a
all5/Determine_if_a_string_has_all_the_same_characters/[1-7][6-1].wasm,a79f31beace53a87058d371f6afb9656
all5/Determine_if_a_string_has_all_the_same_characters/[1-8].wasm,70be01e796acfd08753184db9c2c021a
all5/Determine_if_a_string_has_all_the_same_characters/[1-8][6-1].wasm,a79f31beace53a87058d371f6afb9656
all5/Determine_if_a_string_has_all_the_same_characters/[3-10].wasm,c3e0088e5d748c80d30b25af9740b676
all5/Determine_if_a_string_has_all_the_same_characters/[3-10][4-1].wasm,c3e0088e5d748c80d30b25af9740b676
all5/Determine_if_a_string_has_all_the_same_characters/[3-10][4-2].wasm,c3e0088e5d748c80d30b25af9740b676
all5/Determine_if_a_string_has_all_the_same_characters/[3-10][4-3].wasm,c3e0088e5d748c80d30b25af9740b676
all5/Determine_if_a_string_has_all_the_same_characters/[3-10][4-4].wasm,c3e0088e5d748c80d30b25af9740b676
all5/Determine_if_a_string_has_all_the_same_characters/[3-10][4-5].wasm,c3e0088e5d748c80d30b25af9740b676
all5/Determine_if_a_string_has_all_the_same_characters/[3-10][4-6].wasm,c3e0088e5d748c80d30b25af9740b676
all5/Determine_if_a_string_has_all_the_same_characters/[3-10][4-7].wasm,c3e0088e5d748c80d30b25af9740b676
all5/Determine_if_a_string_has_all_the_same_characters/[3-10][4-8].wasm,c3e0088e5d748c80d30b25af9740b676
all5/Determine_if_a_string_has_all_the_same_characters/[3-1].wasm,c3e0088e5d748c80d30b25af9740b676
all5/Determine_if_a_string_has_all_the_same_characters/[3-1][4-1].wasm,c3e0088e5d748c80d30b25af9740b676
all5/Determine_if_a_string_has_all_the_same_characters/[3-1][4-2].wasm,c3e0088e5d748c80d30b25af9740b676
all5/Determine_if_a_string_has_all_the_same_characters/[3-1][4-3].wasm,c3e0088e5d748c80d30b25af9740b676
all5/Determine_if_a_string_has_all_the_same_characters/[3-1][4-4].wasm,c3e0088e5d748c80d30b25af9740b676
all5/Determine_if_a_string_has_all_the_same_characters/[3-1][4-5].wasm,c3e0088e5d748c80d30b25af9740b676
all5/Determine_if_a_string_has_all_the_same_characters/[3-1][4-6].wasm,c3e0088e5d748c80d30b25af9740b676
all5/Determine_if_a_string_has_all_the_same_characters/[3-1][4-7].wasm,c3e0088e5d748c80d30b25af9740b676
all5/Determine_if_a_string_has_all_the_same_characters/[3-1][4-8].wasm,c3e0088e5d748c80d30b25af9740b676
all5/Determine_if_a_string_has_all_the_same_characters/[3-2].wasm,c3e0088e5d748c80d30b25af9740b676
all5/Determine_if_a_string_has_all_the_same_characters/[3-2][4-1].wasm,c3e0088e5d748c80d30b25af9740b676
all5/Determine_if_a_string_has_all_the_same_characters/[3-2][4-2].wasm,c3e0088e5d748c80d30b25af9740b676
all5/Determine_if_a_string_has_all_the_same_characters/[3-2][4-3].wasm,c3e0088e5d748c80d30b25af9740b676
all5/Determine_if_a_string_has_all_the_same_characters/[3-2][4-4].wasm,c3e0088e5d748c80d30b25af9740b676
all5/Determine_if_a_string_has_all_the_same_characters/[3-2][4-5].wasm,c3e0088e5d748c80d30b25af9740b676
all5/Determine_if_a_string_has_all_the_same_characters/[3-2][4-6].wasm,c3e0088e5d748c80d30b25af9740b676
all5/Determine_if_a_string_has_all_the_same_characters/[3-2][4-7].wasm,c3e0088e5d748c80d30b25af9740b676
all5/Determine_if_a_string_has_all_the_same_characters/[3-2][4-8].wasm,c3e0088e5d748c80d30b25af9740b676
all5/Determine_if_a_string_has_all_the_same_characters/[3-3].wasm,c3e0088e5d748c80d30b25af9740b676
all5/Determine_if_a_string_has_all_the_same_characters/[3-3][4-1].wasm,c3e0088e5d748c80d30b25af9740b676
all5/Determine_if_a_string_has_all_the_same_characters/[3-3][4-2].wasm,c3e0088e5d748c80d30b25af9740b676
all5/Determine_if_a_string_has_all_the_same_characters/[3-3][4-3].wasm,c3e0088e5d748c80d30b25af9740b676
all5/Determine_if_a_string_has_all_the_same_characters/[3-3][4-4].wasm,c3e0088e5d748c80d30b25af9740b676
all5/Determine_if_a_string_has_all_the_same_characters/[3-3][4-5].wasm,c3e0088e5d748c80d30b25af9740b676
all5/Determine_if_a_string_has_all_the_same_characters/[3-3][4-6].wasm,c3e0088e5d748c80d30b25af9740b676
all5/Determine_if_a_string_has_all_the_same_characters/[3-3][4-7].wasm,c3e0088e5d748c80d30b25af9740b676
all5/Determine_if_a_string_has_all_the_same_characters/[3-3][4-8].wasm,c3e0088e5d748c80d30b25af9740b676
all5/Determine_if_a_string_has_all_the_same_characters/[3-4].wasm,c3e0088e5d748c80d30b25af9740b676
all5/Determine_if_a_string_has_all_the_same_characters/[3-4][4-1].wasm,c3e0088e5d748c80d30b25af9740b676
all5/Determine_if_a_string_has_all_the_same_characters/[3-4][4-2].wasm,c3e0088e5d748c80d30b25af9740b676
all5/Determine_if_a_string_has_all_the_same_characters/[3-4][4-3].wasm,c3e0088e5d748c80d30b25af9740b676
all5/Determine_if_a_string_has_all_the_same_characters/[3-4][4-4].wasm,c3e0088e5d748c80d30b25af9740b676
all5/Determine_if_a_string_has_all_the_same_characters/[3-4][4-5].wasm,c3e0088e5d748c80d30b25af9740b676
all5/Determine_if_a_string_has_all_the_same_characters/[3-4][4-6].wasm,c3e0088e5d748c80d30b25af9740b676
all5/Determine_if_a_string_has_all_the_same_characters/[3-4][4-7].wasm,c3e0088e5d748c80d30b25af9740b676
all5/Determine_if_a_string_has_all_the_same_characters/[3-4][4-8].wasm,c3e0088e5d748c80d30b25af9740b676
all5/Determine_if_a_string_has_all_the_same_characters/[3-5].wasm,c3e0088e5d748c80d30b25af9740b676
all5/Determine_if_a_string_has_all_the_same_characters/[3-5][4-1].wasm,c3e0088e5d748c80d30b25af9740b676
all5/Determine_if_a_string_has_all_the_same_characters/[3-5][4-2].wasm,c3e0088e5d748c80d30b25af9740b676
all5/Determine_if_a_string_has_all_the_same_characters/[3-5][4-3].wasm,c3e0088e5d748c80d30b25af9740b676
all5/Determine_if_a_string_has_all_the_same_characters/[3-5][4-4].wasm,c3e0088e5d748c80d30b25af9740b676
all5/Determine_if_a_string_has_all_the_same_characters/[3-5][4-5].wasm,c3e0088e5d748c80d30b25af9740b676
all5/Determine_if_a_string_has_all_the_same_characters/[3-5][4-6].wasm,c3e0088e5d748c80d30b25af9740b676
all5/Determine_if_a_string_has_all_the_same_characters/[3-5][4-7].wasm,c3e0088e5d748c80d30b25af9740b676
all5/Determine_if_a_string_has_all_the_same_characters/[3-5][4-8].wasm,c3e0088e5d748c80d30b25af9740b676
all5/Determine_if_a_string_has_all_the_same_characters/[3-6].wasm,c3e0088e5d748c80d30b25af9740b676
all5/Determine_if_a_string_has_all_the_same_characters/[3-6][4-1].wasm,c3e0088e5d748c80d30b25af9740b676
all5/Determine_if_a_string_has_all_the_same_characters/[3-6][4-2].wasm,c3e0088e5d748c80d30b25af9740b676
all5/Determine_if_a_string_has_all_the_same_characters/[3-6][4-3].wasm,c3e0088e5d748c80d30b25af9740b676
all5/Determine_if_a_string_has_all_the_same_characters/[3-6][4-4].wasm,c3e0088e5d748c80d30b25af9740b676
all5/Determine_if_a_string_has_all_the_same_characters/[3-6][4-5].wasm,c3e0088e5d748c80d30b25af9740b676
all5/Determine_if_a_string_has_all_the_same_characters/[3-6][4-6].wasm,c3e0088e5d748c80d30b25af9740b676
all5/Determine_if_a_string_has_all_the_same_characters/[3-6][4-7].wasm,c3e0088e5d748c80d30b25af9740b676
all5/Determine_if_a_string_has_all_the_same_characters/[3-6][4-8].wasm,c3e0088e5d748c80d30b25af9740b676
all5/Determine_if_a_string_has_all_the_same_characters/[3-7].wasm,c3e0088e5d748c80d30b25af9740b676
all5/Determine_if_a_string_has_all_the_same_characters/[3-7][4-1].wasm,c3e0088e5d748c80d30b25af9740b676
all5/Determine_if_a_string_has_all_the_same_characters/[3-7][4-2].wasm,c3e0088e5d748c80d30b25af9740b676
all5/Determine_if_a_string_has_all_the_same_characters/[3-7][4-3].wasm,c3e0088e5d748c80d30b25af9740b676
all5/Determine_if_a_string_has_all_the_same_characters/[3-7][4-4].wasm,c3e0088e5d748c80d30b25af9740b676
all5/Determine_if_a_string_has_all_the_same_characters/[3-7][4-5].wasm,c3e0088e5d748c80d30b25af9740b676
all5/Determine_if_a_string_has_all_the_same_characters/[3-7][4-6].wasm,c3e0088e5d748c80d30b25af9740b676
all5/Determine_if_a_string_has_all_the_same_characters/[3-7][4-7].wasm,c3e0088e5d748c80d30b25af9740b676
all5/Determine_if_a_string_has_all_the_same_characters/[3-7][4-8].wasm,c3e0088e5d748c80d30b25af9740b676
all5/Determine_if_a_string_has_all_the_same_characters/[3-8].wasm,c3e0088e5d748c80d30b25af9740b676
all5/Determine_if_a_string_has_all_the_same_characters/[3-8][4-1].wasm,c3e0088e5d748c80d30b25af9740b676
all5/Determine_if_a_string_has_all_the_same_characters/[3-8][4-2].wasm,c3e0088e5d748c80d30b25af9740b676
all5/Determine_if_a_string_has_all_the_same_characters/[3-8][4-3].wasm,c3e0088e5d748c80d30b25af9740b676
all5/Determine_if_a_string_has_all_the_same_characters/[3-8][4-4].wasm,c3e0088e5d748c80d30b25af9740b676
all5/Determine_if_a_string_has_all_the_same_characters/[3-8][4-5].wasm,c3e0088e5d748c80d30b25af9740b676
all5/Determine_if_a_string_has_all_the_same_characters/[3-8][4-6].wasm,c3e0088e5d748c80d30b25af9740b676
all5/Determine_if_a_string_has_all_the_same_characters/[3-8][4-7].wasm,c3e0088e5d748c80d30b25af9740b676
all5/Determine_if_a_string_has_all_the_same_characters/[3-8][4-8].wasm,c3e0088e5d748c80d30b25af9740b676
all5/Determine_if_a_string_has_all_the_same_characters/[3-9].wasm,c3e0088e5d748c80d30b25af9740b676
all5/Determine_if_a_string_has_all_the_same_characters/[3-9][4-1].wasm,c3e0088e5d748c80d30b25af9740b676
all5/Determine_if_a_string_has_all_the_same_characters/[3-9][4-2].wasm,c3e0088e5d748c80d30b25af9740b676
all5/Determine_if_a_string_has_all_the_same_characters/[3-9][4-3].wasm,c3e0088e5d748c80d30b25af9740b676
all5/Determine_if_a_string_has_all_the_same_characters/[3-9][4-4].wasm,c3e0088e5d748c80d30b25af9740b676
all5/Determine_if_a_string_has_all_the_same_characters/[3-9][4-5].wasm,c3e0088e5d748c80d30b25af9740b676
all5/Determine_if_a_string_has_all_the_same_characters/[3-9][4-6].wasm,c3e0088e5d748c80d30b25af9740b676
all5/Determine_if_a_string_has_all_the_same_characters/[3-9][4-7].wasm,c3e0088e5d748c80d30b25af9740b676
all5/Determine_if_a_string_has_all_the_same_characters/[3-9][4-8].wasm,c3e0088e5d748c80d30b25af9740b676
all5/Determine_if_a_string_has_all_the_same_characters/[4-1].wasm,c3e0088e5d748c80d30b25af9740b676
all5/Determine_if_a_string_has_all_the_same_characters/[4-2].wasm,c3e0088e5d748c80d30b25af9740b676
all5/Determine_if_a_string_has_all_the_same_characters/[4-3].wasm,c3e0088e5d748c80d30b25af9740b676
all5/Determine_if_a_string_has_all_the_same_characters/[4-4].wasm,c3e0088e5d748c80d30b25af9740b676
all5/Determine_if_a_string_has_all_the_same_characters/[4-5].wasm,c3e0088e5d748c80d30b25af9740b676
all5/Determine_if_a_string_has_all_the_same_characters/[4-6].wasm,c3e0088e5d748c80d30b25af9740b676
all5/Determine_if_a_string_has_all_the_same_characters/[4-7].wasm,c3e0088e5d748c80d30b25af9740b676
all5/Determine_if_a_string_has_all_the_same_characters/[4-8].wasm,c3e0088e5d748c80d30b25af9740b676
all5/Determine_if_a_string_has_all_the_same_characters/[6-1].wasm,a79f31beace53a87058d371f6afb9656
