name, hash
all5/Digital_root-Multiplicative_digital_root/Digital_root-Multiplicative_digital_root.wasm,ec1074ae7f2da175e7669863859f65ec
all5/Digital_root-Multiplicative_digital_root/Digital_root-Multiplicative_digital_root.wasm.~1~,ec1074ae7f2da175e7669863859f65ec
all5/Digital_root-Multiplicative_digital_root/Digital_root-Multiplicative_digital_root.wasm.~2~,79a570cb1dd8e4110b61ac71bb17d85a
all5/Digital_root-Multiplicative_digital_root/[1-1].wasm,ec1074ae7f2da175e7669863859f65ec
all5/Digital_root-Multiplicative_digital_root/[1-1][4-1].wasm,ec1074ae7f2da175e7669863859f65ec
all5/Digital_root-Multiplicative_digital_root/[1-3].wasm,ec1074ae7f2da175e7669863859f65ec
all5/Digital_root-Multiplicative_digital_root/[1-3][4-1].wasm,ec1074ae7f2da175e7669863859f65ec
all5/Digital_root-Multiplicative_digital_root/[1-4].wasm,ec1074ae7f2da175e7669863859f65ec
all5/Digital_root-Multiplicative_digital_root/[1-4][4-1].wasm,ec1074ae7f2da175e7669863859f65ec
all5/Digital_root-Multiplicative_digital_root/[1-5].wasm,ec1074ae7f2da175e7669863859f65ec
all5/Digital_root-Multiplicative_digital_root/[1-5][4-1].wasm,ec1074ae7f2da175e7669863859f65ec
all5/Digital_root-Multiplicative_digital_root/[1-6].wasm,ec1074ae7f2da175e7669863859f65ec
all5/Digital_root-Multiplicative_digital_root/[1-6][4-1].wasm,ec1074ae7f2da175e7669863859f65ec
all5/Digital_root-Multiplicative_digital_root/[1-7].wasm,ec1074ae7f2da175e7669863859f65ec
all5/Digital_root-Multiplicative_digital_root/[1-7][4-1].wasm,ec1074ae7f2da175e7669863859f65ec
all5/Digital_root-Multiplicative_digital_root/[1-8].wasm,ec1074ae7f2da175e7669863859f65ec
all5/Digital_root-Multiplicative_digital_root/[1-8][4-1].wasm,ec1074ae7f2da175e7669863859f65ec
all5/Digital_root-Multiplicative_digital_root/[1-9].wasm,ec1074ae7f2da175e7669863859f65ec
all5/Digital_root-Multiplicative_digital_root/[1-9][4-1].wasm,ec1074ae7f2da175e7669863859f65ec
all5/Digital_root-Multiplicative_digital_root/[2-1][4-4].wasm,abc99058f8df61eccbf02da635da6bc0
all5/Digital_root-Multiplicative_digital_root/[4-1].wasm,ec1074ae7f2da175e7669863859f65ec
