name, hash
all5/Dijkstras_algorithm/Dijkstras_algorithm.wasm,6ec039b8f56b2bb62001f5f926ab64df
all5/Dijkstras_algorithm/Dijkstras_algorithm.wasm.~1~,6ec039b8f56b2bb62001f5f926ab64df
all5/Dijkstras_algorithm/Dijkstras_algorithm.wasm.~2~,77cf2ebab2bed0639d84657e1f636908
all5/Dijkstras_algorithm/[28-1].wasm,77cf2ebab2bed0639d84657e1f636908
all5/Dijkstras_algorithm/[28-1][53-1].wasm,166ac0178f2dda7ceed92402956e45ca
all5/Dijkstras_algorithm/[28-1][53-1][58-1].wasm,3d4d12fac52893123c84bc69607df5c7
all5/Dijkstras_algorithm/[28-1][58-1].wasm,e422ad26ca3216d8d16c0b040ac4f6c9
all5/Dijkstras_algorithm/[28-2].wasm,77cf2ebab2bed0639d84657e1f636908
all5/Dijkstras_algorithm/[28-2][53-1].wasm,166ac0178f2dda7ceed92402956e45ca
all5/Dijkstras_algorithm/[28-2][53-1][58-1].wasm,3d4d12fac52893123c84bc69607df5c7
all5/Dijkstras_algorithm/[28-2][58-1].wasm,e422ad26ca3216d8d16c0b040ac4f6c9
all5/Dijkstras_algorithm/[28-3].wasm,77cf2ebab2bed0639d84657e1f636908
all5/Dijkstras_algorithm/[28-3][53-1].wasm,166ac0178f2dda7ceed92402956e45ca
all5/Dijkstras_algorithm/[28-3][53-1][58-1].wasm,3d4d12fac52893123c84bc69607df5c7
all5/Dijkstras_algorithm/[28-3][58-1].wasm,e422ad26ca3216d8d16c0b040ac4f6c9
all5/Dijkstras_algorithm/[28-4].wasm,77cf2ebab2bed0639d84657e1f636908
all5/Dijkstras_algorithm/[28-4][53-1].wasm,166ac0178f2dda7ceed92402956e45ca
all5/Dijkstras_algorithm/[28-4][53-1][58-1].wasm,3d4d12fac52893123c84bc69607df5c7
all5/Dijkstras_algorithm/[28-4][58-1].wasm,e422ad26ca3216d8d16c0b040ac4f6c9
all5/Dijkstras_algorithm/[53-1].wasm,3d4d12fac52893123c84bc69607df5c7
all5/Dijkstras_algorithm/[53-1][58-1].wasm,e422ad26ca3216d8d16c0b040ac4f6c9
all5/Dijkstras_algorithm/[58-1].wasm,e422ad26ca3216d8d16c0b040ac4f6c9
