name, hash
all5/Dinesmans_multiple-dwelling_problem/Dinesmans_multiple-dwelling_problem.wasm,61368f3865b87bd6c20c2331f5cc3de2
all5/Dinesmans_multiple-dwelling_problem/Dinesmans_multiple-dwelling_problem.wasm.~1~,61368f3865b87bd6c20c2331f5cc3de2
all5/Dinesmans_multiple-dwelling_problem/Dinesmans_multiple-dwelling_problem.wasm.~2~,5687c3857ef63ec19708b93f637712a2
all5/Dinesmans_multiple-dwelling_problem/[0-1].wasm,61368f3865b87bd6c20c2331f5cc3de2
all5/Dinesmans_multiple-dwelling_problem/[0-1][1-1].wasm,61368f3865b87bd6c20c2331f5cc3de2
all5/Dinesmans_multiple-dwelling_problem/[0-1][1-1][15-1].wasm,2378b99fbc8241c7b594f422cc49423f
all5/Dinesmans_multiple-dwelling_problem/[0-1][1-1][15-2].wasm,2378b99fbc8241c7b594f422cc49423f
all5/Dinesmans_multiple-dwelling_problem/[0-1][1-1][15-3].wasm,34a1d8246b6f93aec0a03e6e45a17a91
all5/Dinesmans_multiple-dwelling_problem/[0-1][1-1][3-1].wasm,61368f3865b87bd6c20c2331f5cc3de2
all5/Dinesmans_multiple-dwelling_problem/[0-1][1-1][3-1][15-1].wasm,2378b99fbc8241c7b594f422cc49423f
all5/Dinesmans_multiple-dwelling_problem/[0-1][1-1][3-1][15-2].wasm,2378b99fbc8241c7b594f422cc49423f
all5/Dinesmans_multiple-dwelling_problem/[0-1][1-1][3-1][15-3].wasm,34a1d8246b6f93aec0a03e6e45a17a91
all5/Dinesmans_multiple-dwelling_problem/[0-1][1-1][3-2].wasm,61368f3865b87bd6c20c2331f5cc3de2
all5/Dinesmans_multiple-dwelling_problem/[0-1][1-1][3-2][15-1].wasm,2378b99fbc8241c7b594f422cc49423f
all5/Dinesmans_multiple-dwelling_problem/[0-1][1-1][3-2][15-2].wasm,2378b99fbc8241c7b594f422cc49423f
all5/Dinesmans_multiple-dwelling_problem/[0-1][1-1][3-2][15-3].wasm,34a1d8246b6f93aec0a03e6e45a17a91
all5/Dinesmans_multiple-dwelling_problem/[0-1][1-1][3-3].wasm,61368f3865b87bd6c20c2331f5cc3de2
all5/Dinesmans_multiple-dwelling_problem/[0-1][1-1][3-3][15-1].wasm,2378b99fbc8241c7b594f422cc49423f
all5/Dinesmans_multiple-dwelling_problem/[0-1][1-1][3-3][15-2].wasm,2378b99fbc8241c7b594f422cc49423f
all5/Dinesmans_multiple-dwelling_problem/[0-1][1-1][3-3][15-3].wasm,34a1d8246b6f93aec0a03e6e45a17a91
all5/Dinesmans_multiple-dwelling_problem/[0-1][1-1][3-4].wasm,61368f3865b87bd6c20c2331f5cc3de2
all5/Dinesmans_multiple-dwelling_problem/[0-1][1-1][3-4][15-1].wasm,2378b99fbc8241c7b594f422cc49423f
all5/Dinesmans_multiple-dwelling_problem/[0-1][1-1][3-4][15-2].wasm,2378b99fbc8241c7b594f422cc49423f
all5/Dinesmans_multiple-dwelling_problem/[0-1][1-1][3-4][15-3].wasm,34a1d8246b6f93aec0a03e6e45a17a91
all5/Dinesmans_multiple-dwelling_problem/[0-1][1-1][3-5].wasm,61368f3865b87bd6c20c2331f5cc3de2
all5/Dinesmans_multiple-dwelling_problem/[0-1][1-1][3-5][15-1].wasm,2378b99fbc8241c7b594f422cc49423f
all5/Dinesmans_multiple-dwelling_problem/[0-1][1-1][3-5][15-2].wasm,2378b99fbc8241c7b594f422cc49423f
all5/Dinesmans_multiple-dwelling_problem/[0-1][1-1][3-5][15-3].wasm,34a1d8246b6f93aec0a03e6e45a17a91
all5/Dinesmans_multiple-dwelling_problem/[0-1][1-1][3-6].wasm,61368f3865b87bd6c20c2331f5cc3de2
all5/Dinesmans_multiple-dwelling_problem/[0-1][1-1][3-6][15-1].wasm,2378b99fbc8241c7b594f422cc49423f
all5/Dinesmans_multiple-dwelling_problem/[0-1][1-1][3-6][15-2].wasm,2378b99fbc8241c7b594f422cc49423f
all5/Dinesmans_multiple-dwelling_problem/[0-1][1-1][3-6][15-3].wasm,34a1d8246b6f93aec0a03e6e45a17a91
all5/Dinesmans_multiple-dwelling_problem/[0-1][1-1][3-7].wasm,61368f3865b87bd6c20c2331f5cc3de2
all5/Dinesmans_multiple-dwelling_problem/[0-1][1-1][3-7][15-1].wasm,2378b99fbc8241c7b594f422cc49423f
all5/Dinesmans_multiple-dwelling_problem/[0-1][1-1][3-7][15-2].wasm,2378b99fbc8241c7b594f422cc49423f
all5/Dinesmans_multiple-dwelling_problem/[0-1][1-1][3-7][15-3].wasm,34a1d8246b6f93aec0a03e6e45a17a91
all5/Dinesmans_multiple-dwelling_problem/[0-1][1-1][3-8].wasm,61368f3865b87bd6c20c2331f5cc3de2
all5/Dinesmans_multiple-dwelling_problem/[0-1][1-1][3-8][15-1].wasm,2378b99fbc8241c7b594f422cc49423f
all5/Dinesmans_multiple-dwelling_problem/[0-1][1-1][3-8][15-2].wasm,2378b99fbc8241c7b594f422cc49423f
all5/Dinesmans_multiple-dwelling_problem/[0-1][1-1][3-8][15-3].wasm,34a1d8246b6f93aec0a03e6e45a17a91
all5/Dinesmans_multiple-dwelling_problem/[0-1][15-1].wasm,2378b99fbc8241c7b594f422cc49423f
all5/Dinesmans_multiple-dwelling_problem/[0-1][15-2].wasm,2378b99fbc8241c7b594f422cc49423f
all5/Dinesmans_multiple-dwelling_problem/[0-1][15-3].wasm,34a1d8246b6f93aec0a03e6e45a17a91
all5/Dinesmans_multiple-dwelling_problem/[0-1][3-1].wasm,61368f3865b87bd6c20c2331f5cc3de2
all5/Dinesmans_multiple-dwelling_problem/[0-1][3-1][15-1].wasm,2378b99fbc8241c7b594f422cc49423f
all5/Dinesmans_multiple-dwelling_problem/[0-1][3-1][15-2].wasm,2378b99fbc8241c7b594f422cc49423f
all5/Dinesmans_multiple-dwelling_problem/[0-1][3-1][15-3].wasm,34a1d8246b6f93aec0a03e6e45a17a91
all5/Dinesmans_multiple-dwelling_problem/[0-1][3-2].wasm,61368f3865b87bd6c20c2331f5cc3de2
all5/Dinesmans_multiple-dwelling_problem/[0-1][3-2][15-1].wasm,2378b99fbc8241c7b594f422cc49423f
all5/Dinesmans_multiple-dwelling_problem/[0-1][3-2][15-2].wasm,2378b99fbc8241c7b594f422cc49423f
all5/Dinesmans_multiple-dwelling_problem/[0-1][3-2][15-3].wasm,34a1d8246b6f93aec0a03e6e45a17a91
all5/Dinesmans_multiple-dwelling_problem/[0-1][3-3].wasm,61368f3865b87bd6c20c2331f5cc3de2
all5/Dinesmans_multiple-dwelling_problem/[0-1][3-3][15-1].wasm,2378b99fbc8241c7b594f422cc49423f
all5/Dinesmans_multiple-dwelling_problem/[0-1][3-3][15-2].wasm,2378b99fbc8241c7b594f422cc49423f
all5/Dinesmans_multiple-dwelling_problem/[0-1][3-3][15-3].wasm,34a1d8246b6f93aec0a03e6e45a17a91
all5/Dinesmans_multiple-dwelling_problem/[0-1][3-4].wasm,61368f3865b87bd6c20c2331f5cc3de2
all5/Dinesmans_multiple-dwelling_problem/[0-1][3-4][15-1].wasm,2378b99fbc8241c7b594f422cc49423f
all5/Dinesmans_multiple-dwelling_problem/[0-1][3-4][15-2].wasm,2378b99fbc8241c7b594f422cc49423f
all5/Dinesmans_multiple-dwelling_problem/[0-1][3-4][15-3].wasm,34a1d8246b6f93aec0a03e6e45a17a91
all5/Dinesmans_multiple-dwelling_problem/[0-1][3-5].wasm,61368f3865b87bd6c20c2331f5cc3de2
all5/Dinesmans_multiple-dwelling_problem/[0-1][3-5][15-1].wasm,2378b99fbc8241c7b594f422cc49423f
all5/Dinesmans_multiple-dwelling_problem/[0-1][3-5][15-2].wasm,2378b99fbc8241c7b594f422cc49423f
all5/Dinesmans_multiple-dwelling_problem/[0-1][3-5][15-3].wasm,34a1d8246b6f93aec0a03e6e45a17a91
all5/Dinesmans_multiple-dwelling_problem/[0-1][3-6].wasm,61368f3865b87bd6c20c2331f5cc3de2
all5/Dinesmans_multiple-dwelling_problem/[0-1][3-6][15-1].wasm,2378b99fbc8241c7b594f422cc49423f
all5/Dinesmans_multiple-dwelling_problem/[0-1][3-6][15-2].wasm,2378b99fbc8241c7b594f422cc49423f
all5/Dinesmans_multiple-dwelling_problem/[0-1][3-6][15-3].wasm,34a1d8246b6f93aec0a03e6e45a17a91
all5/Dinesmans_multiple-dwelling_problem/[0-1][3-7].wasm,61368f3865b87bd6c20c2331f5cc3de2
all5/Dinesmans_multiple-dwelling_problem/[0-1][3-7][15-1].wasm,2378b99fbc8241c7b594f422cc49423f
all5/Dinesmans_multiple-dwelling_problem/[0-1][3-7][15-2].wasm,2378b99fbc8241c7b594f422cc49423f
all5/Dinesmans_multiple-dwelling_problem/[0-1][3-7][15-3].wasm,34a1d8246b6f93aec0a03e6e45a17a91
all5/Dinesmans_multiple-dwelling_problem/[0-1][3-8].wasm,61368f3865b87bd6c20c2331f5cc3de2
all5/Dinesmans_multiple-dwelling_problem/[0-1][3-8][15-1].wasm,2378b99fbc8241c7b594f422cc49423f
all5/Dinesmans_multiple-dwelling_problem/[0-1][3-8][15-2].wasm,2378b99fbc8241c7b594f422cc49423f
all5/Dinesmans_multiple-dwelling_problem/[0-1][3-8][15-3].wasm,34a1d8246b6f93aec0a03e6e45a17a91
all5/Dinesmans_multiple-dwelling_problem/[0-2].wasm,61368f3865b87bd6c20c2331f5cc3de2
all5/Dinesmans_multiple-dwelling_problem/[0-2][1-1].wasm,61368f3865b87bd6c20c2331f5cc3de2
all5/Dinesmans_multiple-dwelling_problem/[0-2][1-1][15-1].wasm,2378b99fbc8241c7b594f422cc49423f
all5/Dinesmans_multiple-dwelling_problem/[0-2][1-1][15-2].wasm,2378b99fbc8241c7b594f422cc49423f
all5/Dinesmans_multiple-dwelling_problem/[0-2][1-1][15-3].wasm,34a1d8246b6f93aec0a03e6e45a17a91
all5/Dinesmans_multiple-dwelling_problem/[0-2][1-1][3-1].wasm,61368f3865b87bd6c20c2331f5cc3de2
all5/Dinesmans_multiple-dwelling_problem/[0-2][1-1][3-1][15-1].wasm,2378b99fbc8241c7b594f422cc49423f
all5/Dinesmans_multiple-dwelling_problem/[0-2][1-1][3-1][15-2].wasm,2378b99fbc8241c7b594f422cc49423f
all5/Dinesmans_multiple-dwelling_problem/[0-2][1-1][3-1][15-3].wasm,34a1d8246b6f93aec0a03e6e45a17a91
all5/Dinesmans_multiple-dwelling_problem/[0-2][1-1][3-2].wasm,61368f3865b87bd6c20c2331f5cc3de2
all5/Dinesmans_multiple-dwelling_problem/[0-2][1-1][3-2][15-1].wasm,2378b99fbc8241c7b594f422cc49423f
all5/Dinesmans_multiple-dwelling_problem/[0-2][1-1][3-2][15-2].wasm,2378b99fbc8241c7b594f422cc49423f
all5/Dinesmans_multiple-dwelling_problem/[0-2][1-1][3-2][15-3].wasm,34a1d8246b6f93aec0a03e6e45a17a91
all5/Dinesmans_multiple-dwelling_problem/[0-2][1-1][3-3].wasm,61368f3865b87bd6c20c2331f5cc3de2
all5/Dinesmans_multiple-dwelling_problem/[0-2][1-1][3-3][15-1].wasm,2378b99fbc8241c7b594f422cc49423f
all5/Dinesmans_multiple-dwelling_problem/[0-2][1-1][3-3][15-2].wasm,2378b99fbc8241c7b594f422cc49423f
all5/Dinesmans_multiple-dwelling_problem/[0-2][1-1][3-3][15-3].wasm,34a1d8246b6f93aec0a03e6e45a17a91
all5/Dinesmans_multiple-dwelling_problem/[0-2][1-1][3-4].wasm,61368f3865b87bd6c20c2331f5cc3de2
all5/Dinesmans_multiple-dwelling_problem/[0-2][1-1][3-4][15-1].wasm,2378b99fbc8241c7b594f422cc49423f
all5/Dinesmans_multiple-dwelling_problem/[0-2][1-1][3-4][15-2].wasm,2378b99fbc8241c7b594f422cc49423f
all5/Dinesmans_multiple-dwelling_problem/[0-2][1-1][3-4][15-3].wasm,34a1d8246b6f93aec0a03e6e45a17a91
all5/Dinesmans_multiple-dwelling_problem/[0-2][1-1][3-5].wasm,61368f3865b87bd6c20c2331f5cc3de2
all5/Dinesmans_multiple-dwelling_problem/[0-2][1-1][3-5][15-1].wasm,2378b99fbc8241c7b594f422cc49423f
all5/Dinesmans_multiple-dwelling_problem/[0-2][1-1][3-5][15-2].wasm,2378b99fbc8241c7b594f422cc49423f
all5/Dinesmans_multiple-dwelling_problem/[0-2][1-1][3-5][15-3].wasm,34a1d8246b6f93aec0a03e6e45a17a91
all5/Dinesmans_multiple-dwelling_problem/[0-2][1-1][3-6].wasm,61368f3865b87bd6c20c2331f5cc3de2
all5/Dinesmans_multiple-dwelling_problem/[0-2][1-1][3-6][15-1].wasm,2378b99fbc8241c7b594f422cc49423f
all5/Dinesmans_multiple-dwelling_problem/[0-2][1-1][3-6][15-2].wasm,2378b99fbc8241c7b594f422cc49423f
all5/Dinesmans_multiple-dwelling_problem/[0-2][1-1][3-6][15-3].wasm,34a1d8246b6f93aec0a03e6e45a17a91
all5/Dinesmans_multiple-dwelling_problem/[0-2][1-1][3-7].wasm,61368f3865b87bd6c20c2331f5cc3de2
all5/Dinesmans_multiple-dwelling_problem/[0-2][1-1][3-7][15-1].wasm,2378b99fbc8241c7b594f422cc49423f
all5/Dinesmans_multiple-dwelling_problem/[0-2][1-1][3-7][15-2].wasm,2378b99fbc8241c7b594f422cc49423f
all5/Dinesmans_multiple-dwelling_problem/[0-2][1-1][3-7][15-3].wasm,34a1d8246b6f93aec0a03e6e45a17a91
all5/Dinesmans_multiple-dwelling_problem/[0-2][1-1][3-8].wasm,61368f3865b87bd6c20c2331f5cc3de2
all5/Dinesmans_multiple-dwelling_problem/[0-2][1-1][3-8][15-1].wasm,2378b99fbc8241c7b594f422cc49423f
all5/Dinesmans_multiple-dwelling_problem/[0-2][1-1][3-8][15-2].wasm,2378b99fbc8241c7b594f422cc49423f
all5/Dinesmans_multiple-dwelling_problem/[0-2][1-1][3-8][15-3].wasm,34a1d8246b6f93aec0a03e6e45a17a91
all5/Dinesmans_multiple-dwelling_problem/[0-2][15-1].wasm,2378b99fbc8241c7b594f422cc49423f
all5/Dinesmans_multiple-dwelling_problem/[0-2][15-2].wasm,2378b99fbc8241c7b594f422cc49423f
all5/Dinesmans_multiple-dwelling_problem/[0-2][15-3].wasm,34a1d8246b6f93aec0a03e6e45a17a91
all5/Dinesmans_multiple-dwelling_problem/[0-2][3-1].wasm,61368f3865b87bd6c20c2331f5cc3de2
all5/Dinesmans_multiple-dwelling_problem/[0-2][3-1][15-1].wasm,2378b99fbc8241c7b594f422cc49423f
all5/Dinesmans_multiple-dwelling_problem/[0-2][3-1][15-2].wasm,2378b99fbc8241c7b594f422cc49423f
all5/Dinesmans_multiple-dwelling_problem/[0-2][3-1][15-3].wasm,34a1d8246b6f93aec0a03e6e45a17a91
all5/Dinesmans_multiple-dwelling_problem/[0-2][3-2].wasm,61368f3865b87bd6c20c2331f5cc3de2
all5/Dinesmans_multiple-dwelling_problem/[0-2][3-2][15-1].wasm,2378b99fbc8241c7b594f422cc49423f
all5/Dinesmans_multiple-dwelling_problem/[0-2][3-2][15-2].wasm,2378b99fbc8241c7b594f422cc49423f
all5/Dinesmans_multiple-dwelling_problem/[0-2][3-2][15-3].wasm,34a1d8246b6f93aec0a03e6e45a17a91
all5/Dinesmans_multiple-dwelling_problem/[0-2][3-3].wasm,61368f3865b87bd6c20c2331f5cc3de2
all5/Dinesmans_multiple-dwelling_problem/[0-2][3-3][15-1].wasm,2378b99fbc8241c7b594f422cc49423f
all5/Dinesmans_multiple-dwelling_problem/[0-2][3-3][15-2].wasm,2378b99fbc8241c7b594f422cc49423f
all5/Dinesmans_multiple-dwelling_problem/[0-2][3-3][15-3].wasm,34a1d8246b6f93aec0a03e6e45a17a91
all5/Dinesmans_multiple-dwelling_problem/[0-2][3-4].wasm,61368f3865b87bd6c20c2331f5cc3de2
all5/Dinesmans_multiple-dwelling_problem/[0-2][3-4][15-1].wasm,2378b99fbc8241c7b594f422cc49423f
all5/Dinesmans_multiple-dwelling_problem/[0-2][3-4][15-2].wasm,2378b99fbc8241c7b594f422cc49423f
all5/Dinesmans_multiple-dwelling_problem/[0-2][3-4][15-3].wasm,34a1d8246b6f93aec0a03e6e45a17a91
all5/Dinesmans_multiple-dwelling_problem/[0-2][3-5].wasm,61368f3865b87bd6c20c2331f5cc3de2
all5/Dinesmans_multiple-dwelling_problem/[0-2][3-5][15-1].wasm,2378b99fbc8241c7b594f422cc49423f
all5/Dinesmans_multiple-dwelling_problem/[0-2][3-5][15-2].wasm,2378b99fbc8241c7b594f422cc49423f
all5/Dinesmans_multiple-dwelling_problem/[0-2][3-5][15-3].wasm,34a1d8246b6f93aec0a03e6e45a17a91
all5/Dinesmans_multiple-dwelling_problem/[0-2][3-6].wasm,61368f3865b87bd6c20c2331f5cc3de2
all5/Dinesmans_multiple-dwelling_problem/[0-2][3-6][15-1].wasm,2378b99fbc8241c7b594f422cc49423f
all5/Dinesmans_multiple-dwelling_problem/[0-2][3-6][15-2].wasm,2378b99fbc8241c7b594f422cc49423f
all5/Dinesmans_multiple-dwelling_problem/[0-2][3-6][15-3].wasm,34a1d8246b6f93aec0a03e6e45a17a91
all5/Dinesmans_multiple-dwelling_problem/[0-2][3-7].wasm,61368f3865b87bd6c20c2331f5cc3de2
all5/Dinesmans_multiple-dwelling_problem/[0-2][3-7][15-1].wasm,2378b99fbc8241c7b594f422cc49423f
all5/Dinesmans_multiple-dwelling_problem/[0-2][3-7][15-2].wasm,2378b99fbc8241c7b594f422cc49423f
all5/Dinesmans_multiple-dwelling_problem/[0-2][3-7][15-3].wasm,34a1d8246b6f93aec0a03e6e45a17a91
all5/Dinesmans_multiple-dwelling_problem/[0-2][3-8].wasm,61368f3865b87bd6c20c2331f5cc3de2
all5/Dinesmans_multiple-dwelling_problem/[0-2][3-8][15-1].wasm,2378b99fbc8241c7b594f422cc49423f
all5/Dinesmans_multiple-dwelling_problem/[0-2][3-8][15-2].wasm,2378b99fbc8241c7b594f422cc49423f
all5/Dinesmans_multiple-dwelling_problem/[0-2][3-8][15-3].wasm,34a1d8246b6f93aec0a03e6e45a17a91
all5/Dinesmans_multiple-dwelling_problem/[0-3].wasm,61368f3865b87bd6c20c2331f5cc3de2
all5/Dinesmans_multiple-dwelling_problem/[0-3][1-1].wasm,61368f3865b87bd6c20c2331f5cc3de2
all5/Dinesmans_multiple-dwelling_problem/[0-3][1-1][15-1].wasm,2378b99fbc8241c7b594f422cc49423f
all5/Dinesmans_multiple-dwelling_problem/[0-3][1-1][15-2].wasm,2378b99fbc8241c7b594f422cc49423f
all5/Dinesmans_multiple-dwelling_problem/[0-3][1-1][15-3].wasm,34a1d8246b6f93aec0a03e6e45a17a91
all5/Dinesmans_multiple-dwelling_problem/[0-3][1-1][3-1].wasm,61368f3865b87bd6c20c2331f5cc3de2
all5/Dinesmans_multiple-dwelling_problem/[0-3][1-1][3-1][15-1].wasm,2378b99fbc8241c7b594f422cc49423f
all5/Dinesmans_multiple-dwelling_problem/[0-3][1-1][3-1][15-2].wasm,2378b99fbc8241c7b594f422cc49423f
all5/Dinesmans_multiple-dwelling_problem/[0-3][1-1][3-1][15-3].wasm,34a1d8246b6f93aec0a03e6e45a17a91
all5/Dinesmans_multiple-dwelling_problem/[0-3][1-1][3-2].wasm,61368f3865b87bd6c20c2331f5cc3de2
all5/Dinesmans_multiple-dwelling_problem/[0-3][1-1][3-2][15-1].wasm,2378b99fbc8241c7b594f422cc49423f
all5/Dinesmans_multiple-dwelling_problem/[0-3][1-1][3-2][15-2].wasm,2378b99fbc8241c7b594f422cc49423f
all5/Dinesmans_multiple-dwelling_problem/[0-3][1-1][3-2][15-3].wasm,34a1d8246b6f93aec0a03e6e45a17a91
all5/Dinesmans_multiple-dwelling_problem/[0-3][1-1][3-3].wasm,61368f3865b87bd6c20c2331f5cc3de2
all5/Dinesmans_multiple-dwelling_problem/[0-3][1-1][3-3][15-1].wasm,2378b99fbc8241c7b594f422cc49423f
all5/Dinesmans_multiple-dwelling_problem/[0-3][1-1][3-3][15-2].wasm,2378b99fbc8241c7b594f422cc49423f
all5/Dinesmans_multiple-dwelling_problem/[0-3][1-1][3-3][15-3].wasm,34a1d8246b6f93aec0a03e6e45a17a91
all5/Dinesmans_multiple-dwelling_problem/[0-3][1-1][3-4].wasm,61368f3865b87bd6c20c2331f5cc3de2
all5/Dinesmans_multiple-dwelling_problem/[0-3][1-1][3-4][15-1].wasm,2378b99fbc8241c7b594f422cc49423f
all5/Dinesmans_multiple-dwelling_problem/[0-3][1-1][3-4][15-2].wasm,2378b99fbc8241c7b594f422cc49423f
all5/Dinesmans_multiple-dwelling_problem/[0-3][1-1][3-4][15-3].wasm,34a1d8246b6f93aec0a03e6e45a17a91
all5/Dinesmans_multiple-dwelling_problem/[0-3][1-1][3-5].wasm,61368f3865b87bd6c20c2331f5cc3de2
all5/Dinesmans_multiple-dwelling_problem/[0-3][1-1][3-5][15-1].wasm,2378b99fbc8241c7b594f422cc49423f
all5/Dinesmans_multiple-dwelling_problem/[0-3][1-1][3-5][15-2].wasm,2378b99fbc8241c7b594f422cc49423f
all5/Dinesmans_multiple-dwelling_problem/[0-3][1-1][3-5][15-3].wasm,34a1d8246b6f93aec0a03e6e45a17a91
all5/Dinesmans_multiple-dwelling_problem/[0-3][1-1][3-6].wasm,61368f3865b87bd6c20c2331f5cc3de2
all5/Dinesmans_multiple-dwelling_problem/[0-3][1-1][3-6][15-1].wasm,2378b99fbc8241c7b594f422cc49423f
all5/Dinesmans_multiple-dwelling_problem/[0-3][1-1][3-6][15-2].wasm,2378b99fbc8241c7b594f422cc49423f
all5/Dinesmans_multiple-dwelling_problem/[0-3][1-1][3-6][15-3].wasm,34a1d8246b6f93aec0a03e6e45a17a91
all5/Dinesmans_multiple-dwelling_problem/[0-3][1-1][3-7].wasm,61368f3865b87bd6c20c2331f5cc3de2
all5/Dinesmans_multiple-dwelling_problem/[0-3][1-1][3-7][15-1].wasm,2378b99fbc8241c7b594f422cc49423f
all5/Dinesmans_multiple-dwelling_problem/[0-3][1-1][3-7][15-2].wasm,2378b99fbc8241c7b594f422cc49423f
all5/Dinesmans_multiple-dwelling_problem/[0-3][1-1][3-7][15-3].wasm,34a1d8246b6f93aec0a03e6e45a17a91
all5/Dinesmans_multiple-dwelling_problem/[0-3][1-1][3-8].wasm,61368f3865b87bd6c20c2331f5cc3de2
all5/Dinesmans_multiple-dwelling_problem/[0-3][1-1][3-8][15-1].wasm,2378b99fbc8241c7b594f422cc49423f
all5/Dinesmans_multiple-dwelling_problem/[0-3][1-1][3-8][15-2].wasm,2378b99fbc8241c7b594f422cc49423f
all5/Dinesmans_multiple-dwelling_problem/[0-3][1-1][3-8][15-3].wasm,34a1d8246b6f93aec0a03e6e45a17a91
all5/Dinesmans_multiple-dwelling_problem/[0-3][15-1].wasm,2378b99fbc8241c7b594f422cc49423f
all5/Dinesmans_multiple-dwelling_problem/[0-3][15-2].wasm,2378b99fbc8241c7b594f422cc49423f
all5/Dinesmans_multiple-dwelling_problem/[0-3][15-3].wasm,34a1d8246b6f93aec0a03e6e45a17a91
all5/Dinesmans_multiple-dwelling_problem/[0-3][3-1].wasm,61368f3865b87bd6c20c2331f5cc3de2
all5/Dinesmans_multiple-dwelling_problem/[0-3][3-1][15-1].wasm,2378b99fbc8241c7b594f422cc49423f
all5/Dinesmans_multiple-dwelling_problem/[0-3][3-1][15-2].wasm,2378b99fbc8241c7b594f422cc49423f
all5/Dinesmans_multiple-dwelling_problem/[0-3][3-1][15-3].wasm,34a1d8246b6f93aec0a03e6e45a17a91
all5/Dinesmans_multiple-dwelling_problem/[0-3][3-2].wasm,61368f3865b87bd6c20c2331f5cc3de2
all5/Dinesmans_multiple-dwelling_problem/[0-3][3-2][15-1].wasm,2378b99fbc8241c7b594f422cc49423f
all5/Dinesmans_multiple-dwelling_problem/[0-3][3-2][15-2].wasm,2378b99fbc8241c7b594f422cc49423f
all5/Dinesmans_multiple-dwelling_problem/[0-3][3-2][15-3].wasm,34a1d8246b6f93aec0a03e6e45a17a91
all5/Dinesmans_multiple-dwelling_problem/[0-3][3-3].wasm,61368f3865b87bd6c20c2331f5cc3de2
all5/Dinesmans_multiple-dwelling_problem/[0-3][3-3][15-1].wasm,2378b99fbc8241c7b594f422cc49423f
all5/Dinesmans_multiple-dwelling_problem/[0-3][3-3][15-2].wasm,2378b99fbc8241c7b594f422cc49423f
all5/Dinesmans_multiple-dwelling_problem/[0-3][3-3][15-3].wasm,34a1d8246b6f93aec0a03e6e45a17a91
all5/Dinesmans_multiple-dwelling_problem/[0-3][3-4].wasm,61368f3865b87bd6c20c2331f5cc3de2
all5/Dinesmans_multiple-dwelling_problem/[0-3][3-4][15-1].wasm,2378b99fbc8241c7b594f422cc49423f
all5/Dinesmans_multiple-dwelling_problem/[0-3][3-4][15-2].wasm,2378b99fbc8241c7b594f422cc49423f
all5/Dinesmans_multiple-dwelling_problem/[0-3][3-4][15-3].wasm,34a1d8246b6f93aec0a03e6e45a17a91
all5/Dinesmans_multiple-dwelling_problem/[0-3][3-5].wasm,61368f3865b87bd6c20c2331f5cc3de2
all5/Dinesmans_multiple-dwelling_problem/[0-3][3-5][15-1].wasm,2378b99fbc8241c7b594f422cc49423f
all5/Dinesmans_multiple-dwelling_problem/[0-3][3-5][15-2].wasm,2378b99fbc8241c7b594f422cc49423f
all5/Dinesmans_multiple-dwelling_problem/[0-3][3-5][15-3].wasm,34a1d8246b6f93aec0a03e6e45a17a91
all5/Dinesmans_multiple-dwelling_problem/[0-3][3-6].wasm,61368f3865b87bd6c20c2331f5cc3de2
all5/Dinesmans_multiple-dwelling_problem/[0-3][3-6][15-1].wasm,2378b99fbc8241c7b594f422cc49423f
all5/Dinesmans_multiple-dwelling_problem/[0-3][3-6][15-2].wasm,2378b99fbc8241c7b594f422cc49423f
all5/Dinesmans_multiple-dwelling_problem/[0-3][3-6][15-3].wasm,34a1d8246b6f93aec0a03e6e45a17a91
all5/Dinesmans_multiple-dwelling_problem/[0-3][3-7].wasm,61368f3865b87bd6c20c2331f5cc3de2
all5/Dinesmans_multiple-dwelling_problem/[0-3][3-7][15-1].wasm,2378b99fbc8241c7b594f422cc49423f
all5/Dinesmans_multiple-dwelling_problem/[0-3][3-7][15-2].wasm,2378b99fbc8241c7b594f422cc49423f
all5/Dinesmans_multiple-dwelling_problem/[0-3][3-7][15-3].wasm,34a1d8246b6f93aec0a03e6e45a17a91
all5/Dinesmans_multiple-dwelling_problem/[0-3][3-8].wasm,61368f3865b87bd6c20c2331f5cc3de2
all5/Dinesmans_multiple-dwelling_problem/[0-3][3-8][15-1].wasm,2378b99fbc8241c7b594f422cc49423f
all5/Dinesmans_multiple-dwelling_problem/[0-3][3-8][15-2].wasm,2378b99fbc8241c7b594f422cc49423f
all5/Dinesmans_multiple-dwelling_problem/[0-3][3-8][15-3].wasm,34a1d8246b6f93aec0a03e6e45a17a91
all5/Dinesmans_multiple-dwelling_problem/[0-4].wasm,61368f3865b87bd6c20c2331f5cc3de2
all5/Dinesmans_multiple-dwelling_problem/[0-4][1-1].wasm,61368f3865b87bd6c20c2331f5cc3de2
all5/Dinesmans_multiple-dwelling_problem/[0-4][1-1][15-1].wasm,2378b99fbc8241c7b594f422cc49423f
all5/Dinesmans_multiple-dwelling_problem/[0-4][1-1][15-2].wasm,2378b99fbc8241c7b594f422cc49423f
all5/Dinesmans_multiple-dwelling_problem/[0-4][1-1][15-3].wasm,34a1d8246b6f93aec0a03e6e45a17a91
all5/Dinesmans_multiple-dwelling_problem/[0-4][1-1][3-1].wasm,61368f3865b87bd6c20c2331f5cc3de2
all5/Dinesmans_multiple-dwelling_problem/[0-4][1-1][3-1][15-1].wasm,2378b99fbc8241c7b594f422cc49423f
all5/Dinesmans_multiple-dwelling_problem/[0-4][1-1][3-1][15-2].wasm,2378b99fbc8241c7b594f422cc49423f
all5/Dinesmans_multiple-dwelling_problem/[0-4][1-1][3-1][15-3].wasm,34a1d8246b6f93aec0a03e6e45a17a91
all5/Dinesmans_multiple-dwelling_problem/[0-4][1-1][3-2].wasm,61368f3865b87bd6c20c2331f5cc3de2
all5/Dinesmans_multiple-dwelling_problem/[0-4][1-1][3-2][15-1].wasm,2378b99fbc8241c7b594f422cc49423f
all5/Dinesmans_multiple-dwelling_problem/[0-4][1-1][3-2][15-2].wasm,2378b99fbc8241c7b594f422cc49423f
all5/Dinesmans_multiple-dwelling_problem/[0-4][1-1][3-2][15-3].wasm,34a1d8246b6f93aec0a03e6e45a17a91
all5/Dinesmans_multiple-dwelling_problem/[0-4][1-1][3-3].wasm,61368f3865b87bd6c20c2331f5cc3de2
all5/Dinesmans_multiple-dwelling_problem/[0-4][1-1][3-3][15-1].wasm,2378b99fbc8241c7b594f422cc49423f
all5/Dinesmans_multiple-dwelling_problem/[0-4][1-1][3-3][15-2].wasm,2378b99fbc8241c7b594f422cc49423f
all5/Dinesmans_multiple-dwelling_problem/[0-4][1-1][3-3][15-3].wasm,34a1d8246b6f93aec0a03e6e45a17a91
all5/Dinesmans_multiple-dwelling_problem/[0-4][1-1][3-4].wasm,61368f3865b87bd6c20c2331f5cc3de2
all5/Dinesmans_multiple-dwelling_problem/[0-4][1-1][3-4][15-1].wasm,2378b99fbc8241c7b594f422cc49423f
all5/Dinesmans_multiple-dwelling_problem/[0-4][1-1][3-4][15-2].wasm,2378b99fbc8241c7b594f422cc49423f
all5/Dinesmans_multiple-dwelling_problem/[0-4][1-1][3-4][15-3].wasm,34a1d8246b6f93aec0a03e6e45a17a91
all5/Dinesmans_multiple-dwelling_problem/[0-4][1-1][3-5].wasm,61368f3865b87bd6c20c2331f5cc3de2
all5/Dinesmans_multiple-dwelling_problem/[0-4][1-1][3-5][15-1].wasm,2378b99fbc8241c7b594f422cc49423f
all5/Dinesmans_multiple-dwelling_problem/[0-4][1-1][3-5][15-2].wasm,2378b99fbc8241c7b594f422cc49423f
all5/Dinesmans_multiple-dwelling_problem/[0-4][1-1][3-5][15-3].wasm,34a1d8246b6f93aec0a03e6e45a17a91
all5/Dinesmans_multiple-dwelling_problem/[0-4][1-1][3-6].wasm,61368f3865b87bd6c20c2331f5cc3de2
all5/Dinesmans_multiple-dwelling_problem/[0-4][1-1][3-6][15-1].wasm,2378b99fbc8241c7b594f422cc49423f
all5/Dinesmans_multiple-dwelling_problem/[0-4][1-1][3-6][15-2].wasm,2378b99fbc8241c7b594f422cc49423f
all5/Dinesmans_multiple-dwelling_problem/[0-4][1-1][3-6][15-3].wasm,34a1d8246b6f93aec0a03e6e45a17a91
all5/Dinesmans_multiple-dwelling_problem/[0-4][1-1][3-7].wasm,61368f3865b87bd6c20c2331f5cc3de2
all5/Dinesmans_multiple-dwelling_problem/[0-4][1-1][3-7][15-1].wasm,2378b99fbc8241c7b594f422cc49423f
all5/Dinesmans_multiple-dwelling_problem/[0-4][1-1][3-7][15-2].wasm,2378b99fbc8241c7b594f422cc49423f
all5/Dinesmans_multiple-dwelling_problem/[0-4][1-1][3-7][15-3].wasm,34a1d8246b6f93aec0a03e6e45a17a91
all5/Dinesmans_multiple-dwelling_problem/[0-4][1-1][3-8].wasm,61368f3865b87bd6c20c2331f5cc3de2
all5/Dinesmans_multiple-dwelling_problem/[0-4][1-1][3-8][15-1].wasm,2378b99fbc8241c7b594f422cc49423f
all5/Dinesmans_multiple-dwelling_problem/[0-4][1-1][3-8][15-2].wasm,2378b99fbc8241c7b594f422cc49423f
all5/Dinesmans_multiple-dwelling_problem/[0-4][1-1][3-8][15-3].wasm,34a1d8246b6f93aec0a03e6e45a17a91
all5/Dinesmans_multiple-dwelling_problem/[0-4][15-1].wasm,2378b99fbc8241c7b594f422cc49423f
all5/Dinesmans_multiple-dwelling_problem/[0-4][15-2].wasm,2378b99fbc8241c7b594f422cc49423f
all5/Dinesmans_multiple-dwelling_problem/[0-4][15-3].wasm,34a1d8246b6f93aec0a03e6e45a17a91
all5/Dinesmans_multiple-dwelling_problem/[0-4][3-1].wasm,61368f3865b87bd6c20c2331f5cc3de2
all5/Dinesmans_multiple-dwelling_problem/[0-4][3-1][15-1].wasm,2378b99fbc8241c7b594f422cc49423f
all5/Dinesmans_multiple-dwelling_problem/[0-4][3-1][15-2].wasm,2378b99fbc8241c7b594f422cc49423f
all5/Dinesmans_multiple-dwelling_problem/[0-4][3-1][15-3].wasm,34a1d8246b6f93aec0a03e6e45a17a91
all5/Dinesmans_multiple-dwelling_problem/[0-4][3-2].wasm,61368f3865b87bd6c20c2331f5cc3de2
all5/Dinesmans_multiple-dwelling_problem/[0-4][3-2][15-1].wasm,2378b99fbc8241c7b594f422cc49423f
all5/Dinesmans_multiple-dwelling_problem/[0-4][3-2][15-2].wasm,2378b99fbc8241c7b594f422cc49423f
all5/Dinesmans_multiple-dwelling_problem/[0-4][3-2][15-3].wasm,34a1d8246b6f93aec0a03e6e45a17a91
all5/Dinesmans_multiple-dwelling_problem/[0-4][3-3].wasm,61368f3865b87bd6c20c2331f5cc3de2
all5/Dinesmans_multiple-dwelling_problem/[0-4][3-3][15-1].wasm,2378b99fbc8241c7b594f422cc49423f
all5/Dinesmans_multiple-dwelling_problem/[0-4][3-3][15-2].wasm,2378b99fbc8241c7b594f422cc49423f
all5/Dinesmans_multiple-dwelling_problem/[0-4][3-3][15-3].wasm,34a1d8246b6f93aec0a03e6e45a17a91
all5/Dinesmans_multiple-dwelling_problem/[0-4][3-4].wasm,61368f3865b87bd6c20c2331f5cc3de2
all5/Dinesmans_multiple-dwelling_problem/[0-4][3-4][15-1].wasm,2378b99fbc8241c7b594f422cc49423f
all5/Dinesmans_multiple-dwelling_problem/[0-4][3-4][15-2].wasm,2378b99fbc8241c7b594f422cc49423f
all5/Dinesmans_multiple-dwelling_problem/[0-4][3-4][15-3].wasm,34a1d8246b6f93aec0a03e6e45a17a91
all5/Dinesmans_multiple-dwelling_problem/[0-4][3-5].wasm,61368f3865b87bd6c20c2331f5cc3de2
all5/Dinesmans_multiple-dwelling_problem/[0-4][3-5][15-1].wasm,2378b99fbc8241c7b594f422cc49423f
all5/Dinesmans_multiple-dwelling_problem/[0-4][3-5][15-2].wasm,2378b99fbc8241c7b594f422cc49423f
all5/Dinesmans_multiple-dwelling_problem/[0-4][3-5][15-3].wasm,34a1d8246b6f93aec0a03e6e45a17a91
all5/Dinesmans_multiple-dwelling_problem/[0-4][3-6].wasm,61368f3865b87bd6c20c2331f5cc3de2
all5/Dinesmans_multiple-dwelling_problem/[0-4][3-6][15-1].wasm,2378b99fbc8241c7b594f422cc49423f
all5/Dinesmans_multiple-dwelling_problem/[0-4][3-6][15-2].wasm,2378b99fbc8241c7b594f422cc49423f
all5/Dinesmans_multiple-dwelling_problem/[0-4][3-6][15-3].wasm,34a1d8246b6f93aec0a03e6e45a17a91
all5/Dinesmans_multiple-dwelling_problem/[0-4][3-7].wasm,61368f3865b87bd6c20c2331f5cc3de2
all5/Dinesmans_multiple-dwelling_problem/[0-4][3-7][15-1].wasm,2378b99fbc8241c7b594f422cc49423f
all5/Dinesmans_multiple-dwelling_problem/[0-4][3-7][15-2].wasm,2378b99fbc8241c7b594f422cc49423f
all5/Dinesmans_multiple-dwelling_problem/[0-4][3-7][15-3].wasm,34a1d8246b6f93aec0a03e6e45a17a91
all5/Dinesmans_multiple-dwelling_problem/[0-4][3-8].wasm,61368f3865b87bd6c20c2331f5cc3de2
all5/Dinesmans_multiple-dwelling_problem/[0-4][3-8][15-1].wasm,2378b99fbc8241c7b594f422cc49423f
all5/Dinesmans_multiple-dwelling_problem/[0-4][3-8][15-2].wasm,2378b99fbc8241c7b594f422cc49423f
all5/Dinesmans_multiple-dwelling_problem/[0-4][3-8][15-3].wasm,34a1d8246b6f93aec0a03e6e45a17a91
all5/Dinesmans_multiple-dwelling_problem/[1-1].wasm,61368f3865b87bd6c20c2331f5cc3de2
all5/Dinesmans_multiple-dwelling_problem/[1-1][15-1].wasm,2378b99fbc8241c7b594f422cc49423f
all5/Dinesmans_multiple-dwelling_problem/[1-1][15-2].wasm,2378b99fbc8241c7b594f422cc49423f
all5/Dinesmans_multiple-dwelling_problem/[1-1][15-3].wasm,34a1d8246b6f93aec0a03e6e45a17a91
all5/Dinesmans_multiple-dwelling_problem/[1-1][3-1].wasm,61368f3865b87bd6c20c2331f5cc3de2
all5/Dinesmans_multiple-dwelling_problem/[1-1][3-1][15-1].wasm,2378b99fbc8241c7b594f422cc49423f
all5/Dinesmans_multiple-dwelling_problem/[1-1][3-1][15-2].wasm,2378b99fbc8241c7b594f422cc49423f
all5/Dinesmans_multiple-dwelling_problem/[1-1][3-1][15-3].wasm,34a1d8246b6f93aec0a03e6e45a17a91
all5/Dinesmans_multiple-dwelling_problem/[1-1][3-2].wasm,61368f3865b87bd6c20c2331f5cc3de2
all5/Dinesmans_multiple-dwelling_problem/[1-1][3-2][15-1].wasm,2378b99fbc8241c7b594f422cc49423f
all5/Dinesmans_multiple-dwelling_problem/[1-1][3-2][15-2].wasm,2378b99fbc8241c7b594f422cc49423f
all5/Dinesmans_multiple-dwelling_problem/[1-1][3-2][15-3].wasm,34a1d8246b6f93aec0a03e6e45a17a91
all5/Dinesmans_multiple-dwelling_problem/[1-1][3-3].wasm,61368f3865b87bd6c20c2331f5cc3de2
all5/Dinesmans_multiple-dwelling_problem/[1-1][3-3][15-1].wasm,2378b99fbc8241c7b594f422cc49423f
all5/Dinesmans_multiple-dwelling_problem/[1-1][3-3][15-2].wasm,2378b99fbc8241c7b594f422cc49423f
all5/Dinesmans_multiple-dwelling_problem/[1-1][3-3][15-3].wasm,34a1d8246b6f93aec0a03e6e45a17a91
all5/Dinesmans_multiple-dwelling_problem/[1-1][3-4].wasm,61368f3865b87bd6c20c2331f5cc3de2
all5/Dinesmans_multiple-dwelling_problem/[1-1][3-4][15-1].wasm,2378b99fbc8241c7b594f422cc49423f
all5/Dinesmans_multiple-dwelling_problem/[1-1][3-4][15-2].wasm,2378b99fbc8241c7b594f422cc49423f
all5/Dinesmans_multiple-dwelling_problem/[1-1][3-4][15-3].wasm,34a1d8246b6f93aec0a03e6e45a17a91
all5/Dinesmans_multiple-dwelling_problem/[1-1][3-5].wasm,61368f3865b87bd6c20c2331f5cc3de2
all5/Dinesmans_multiple-dwelling_problem/[1-1][3-5][15-1].wasm,2378b99fbc8241c7b594f422cc49423f
all5/Dinesmans_multiple-dwelling_problem/[1-1][3-5][15-2].wasm,2378b99fbc8241c7b594f422cc49423f
all5/Dinesmans_multiple-dwelling_problem/[1-1][3-5][15-3].wasm,34a1d8246b6f93aec0a03e6e45a17a91
all5/Dinesmans_multiple-dwelling_problem/[1-1][3-6].wasm,61368f3865b87bd6c20c2331f5cc3de2
all5/Dinesmans_multiple-dwelling_problem/[1-1][3-6][15-1].wasm,2378b99fbc8241c7b594f422cc49423f
all5/Dinesmans_multiple-dwelling_problem/[1-1][3-6][15-2].wasm,2378b99fbc8241c7b594f422cc49423f
all5/Dinesmans_multiple-dwelling_problem/[1-1][3-6][15-3].wasm,34a1d8246b6f93aec0a03e6e45a17a91
all5/Dinesmans_multiple-dwelling_problem/[1-1][3-7].wasm,61368f3865b87bd6c20c2331f5cc3de2
all5/Dinesmans_multiple-dwelling_problem/[1-1][3-7][15-1].wasm,2378b99fbc8241c7b594f422cc49423f
all5/Dinesmans_multiple-dwelling_problem/[1-1][3-7][15-2].wasm,2378b99fbc8241c7b594f422cc49423f
all5/Dinesmans_multiple-dwelling_problem/[1-1][3-7][15-3].wasm,34a1d8246b6f93aec0a03e6e45a17a91
all5/Dinesmans_multiple-dwelling_problem/[1-1][3-8].wasm,61368f3865b87bd6c20c2331f5cc3de2
all5/Dinesmans_multiple-dwelling_problem/[1-1][3-8][15-1].wasm,2378b99fbc8241c7b594f422cc49423f
all5/Dinesmans_multiple-dwelling_problem/[1-1][3-8][15-2].wasm,2378b99fbc8241c7b594f422cc49423f
all5/Dinesmans_multiple-dwelling_problem/[1-1][3-8][15-3].wasm,34a1d8246b6f93aec0a03e6e45a17a91
all5/Dinesmans_multiple-dwelling_problem/[15-1].wasm,2378b99fbc8241c7b594f422cc49423f
all5/Dinesmans_multiple-dwelling_problem/[15-2].wasm,2378b99fbc8241c7b594f422cc49423f
all5/Dinesmans_multiple-dwelling_problem/[15-3].wasm,34a1d8246b6f93aec0a03e6e45a17a91
all5/Dinesmans_multiple-dwelling_problem/[3-1].wasm,61368f3865b87bd6c20c2331f5cc3de2
all5/Dinesmans_multiple-dwelling_problem/[3-1][15-1].wasm,2378b99fbc8241c7b594f422cc49423f
all5/Dinesmans_multiple-dwelling_problem/[3-1][15-2].wasm,2378b99fbc8241c7b594f422cc49423f
all5/Dinesmans_multiple-dwelling_problem/[3-1][15-3].wasm,34a1d8246b6f93aec0a03e6e45a17a91
all5/Dinesmans_multiple-dwelling_problem/[3-2].wasm,61368f3865b87bd6c20c2331f5cc3de2
all5/Dinesmans_multiple-dwelling_problem/[3-2][15-1].wasm,2378b99fbc8241c7b594f422cc49423f
all5/Dinesmans_multiple-dwelling_problem/[3-2][15-2].wasm,2378b99fbc8241c7b594f422cc49423f
all5/Dinesmans_multiple-dwelling_problem/[3-2][15-3].wasm,34a1d8246b6f93aec0a03e6e45a17a91
all5/Dinesmans_multiple-dwelling_problem/[3-3].wasm,61368f3865b87bd6c20c2331f5cc3de2
all5/Dinesmans_multiple-dwelling_problem/[3-3][15-1].wasm,2378b99fbc8241c7b594f422cc49423f
all5/Dinesmans_multiple-dwelling_problem/[3-3][15-2].wasm,2378b99fbc8241c7b594f422cc49423f
all5/Dinesmans_multiple-dwelling_problem/[3-3][15-3].wasm,34a1d8246b6f93aec0a03e6e45a17a91
all5/Dinesmans_multiple-dwelling_problem/[3-4].wasm,61368f3865b87bd6c20c2331f5cc3de2
all5/Dinesmans_multiple-dwelling_problem/[3-4][15-1].wasm,2378b99fbc8241c7b594f422cc49423f
all5/Dinesmans_multiple-dwelling_problem/[3-4][15-2].wasm,2378b99fbc8241c7b594f422cc49423f
all5/Dinesmans_multiple-dwelling_problem/[3-4][15-3].wasm,34a1d8246b6f93aec0a03e6e45a17a91
all5/Dinesmans_multiple-dwelling_problem/[3-5].wasm,61368f3865b87bd6c20c2331f5cc3de2
all5/Dinesmans_multiple-dwelling_problem/[3-5][15-1].wasm,2378b99fbc8241c7b594f422cc49423f
all5/Dinesmans_multiple-dwelling_problem/[3-5][15-2].wasm,2378b99fbc8241c7b594f422cc49423f
all5/Dinesmans_multiple-dwelling_problem/[3-5][15-3].wasm,34a1d8246b6f93aec0a03e6e45a17a91
all5/Dinesmans_multiple-dwelling_problem/[3-6].wasm,61368f3865b87bd6c20c2331f5cc3de2
all5/Dinesmans_multiple-dwelling_problem/[3-6][15-1].wasm,2378b99fbc8241c7b594f422cc49423f
all5/Dinesmans_multiple-dwelling_problem/[3-6][15-2].wasm,2378b99fbc8241c7b594f422cc49423f
all5/Dinesmans_multiple-dwelling_problem/[3-6][15-3].wasm,34a1d8246b6f93aec0a03e6e45a17a91
all5/Dinesmans_multiple-dwelling_problem/[3-7].wasm,61368f3865b87bd6c20c2331f5cc3de2
all5/Dinesmans_multiple-dwelling_problem/[3-7][15-1].wasm,2378b99fbc8241c7b594f422cc49423f
all5/Dinesmans_multiple-dwelling_problem/[3-7][15-2].wasm,2378b99fbc8241c7b594f422cc49423f
all5/Dinesmans_multiple-dwelling_problem/[3-7][15-3].wasm,34a1d8246b6f93aec0a03e6e45a17a91
all5/Dinesmans_multiple-dwelling_problem/[3-8].wasm,61368f3865b87bd6c20c2331f5cc3de2
all5/Dinesmans_multiple-dwelling_problem/[3-8][15-1].wasm,2378b99fbc8241c7b594f422cc49423f
all5/Dinesmans_multiple-dwelling_problem/[3-8][15-2].wasm,2378b99fbc8241c7b594f422cc49423f
all5/Dinesmans_multiple-dwelling_problem/[3-8][15-3].wasm,34a1d8246b6f93aec0a03e6e45a17a91
