name, hash
all5/Doubly-linked_list-Traversal/Doubly-linked_list-Traversal.wasm,54e84358e23a16e24d90c569f75fbcd9
all5/Doubly-linked_list-Traversal/Doubly-linked_list-Traversal.wasm.~1~,54e84358e23a16e24d90c569f75fbcd9
all5/Doubly-linked_list-Traversal/Doubly-linked_list-Traversal.wasm.~2~,6fc60f6de4740a10e67bbc855a078bc0
all5/Doubly-linked_list-Traversal/[0-1].wasm,54e84358e23a16e24d90c569f75fbcd9
all5/Doubly-linked_list-Traversal/[0-1][10-1].wasm,54e84358e23a16e24d90c569f75fbcd9
all5/Doubly-linked_list-Traversal/[0-1][10-2].wasm,54e84358e23a16e24d90c569f75fbcd9
all5/Doubly-linked_list-Traversal/[0-1][10-3].wasm,54e84358e23a16e24d90c569f75fbcd9
all5/Doubly-linked_list-Traversal/[0-1][10-4].wasm,54e84358e23a16e24d90c569f75fbcd9
all5/Doubly-linked_list-Traversal/[0-1][10-5].wasm,54e84358e23a16e24d90c569f75fbcd9
all5/Doubly-linked_list-Traversal/[0-1][10-6].wasm,54e84358e23a16e24d90c569f75fbcd9
all5/Doubly-linked_list-Traversal/[0-1][10-7].wasm,54e84358e23a16e24d90c569f75fbcd9
all5/Doubly-linked_list-Traversal/[0-1][10-8].wasm,54e84358e23a16e24d90c569f75fbcd9
all5/Doubly-linked_list-Traversal/[0-1][5-1].wasm,54e84358e23a16e24d90c569f75fbcd9
all5/Doubly-linked_list-Traversal/[0-1][5-1][10-1].wasm,54e84358e23a16e24d90c569f75fbcd9
all5/Doubly-linked_list-Traversal/[0-1][5-1][10-2].wasm,54e84358e23a16e24d90c569f75fbcd9
all5/Doubly-linked_list-Traversal/[0-1][5-1][10-3].wasm,54e84358e23a16e24d90c569f75fbcd9
all5/Doubly-linked_list-Traversal/[0-1][5-1][10-4].wasm,54e84358e23a16e24d90c569f75fbcd9
all5/Doubly-linked_list-Traversal/[0-1][5-1][10-5].wasm,54e84358e23a16e24d90c569f75fbcd9
all5/Doubly-linked_list-Traversal/[0-1][5-1][10-6].wasm,54e84358e23a16e24d90c569f75fbcd9
all5/Doubly-linked_list-Traversal/[0-1][5-1][10-7].wasm,54e84358e23a16e24d90c569f75fbcd9
all5/Doubly-linked_list-Traversal/[0-1][5-1][10-8].wasm,54e84358e23a16e24d90c569f75fbcd9
all5/Doubly-linked_list-Traversal/[0-1][5-2].wasm,54e84358e23a16e24d90c569f75fbcd9
all5/Doubly-linked_list-Traversal/[0-1][5-2][10-1].wasm,54e84358e23a16e24d90c569f75fbcd9
all5/Doubly-linked_list-Traversal/[0-1][5-2][10-2].wasm,54e84358e23a16e24d90c569f75fbcd9
all5/Doubly-linked_list-Traversal/[0-1][5-2][10-3].wasm,54e84358e23a16e24d90c569f75fbcd9
all5/Doubly-linked_list-Traversal/[0-1][5-2][10-4].wasm,54e84358e23a16e24d90c569f75fbcd9
all5/Doubly-linked_list-Traversal/[0-1][5-2][10-5].wasm,54e84358e23a16e24d90c569f75fbcd9
all5/Doubly-linked_list-Traversal/[0-1][5-2][10-6].wasm,54e84358e23a16e24d90c569f75fbcd9
all5/Doubly-linked_list-Traversal/[0-1][5-2][10-7].wasm,54e84358e23a16e24d90c569f75fbcd9
all5/Doubly-linked_list-Traversal/[0-1][5-2][10-8].wasm,54e84358e23a16e24d90c569f75fbcd9
all5/Doubly-linked_list-Traversal/[0-1][5-3].wasm,54e84358e23a16e24d90c569f75fbcd9
all5/Doubly-linked_list-Traversal/[0-1][5-3][10-1].wasm,54e84358e23a16e24d90c569f75fbcd9
all5/Doubly-linked_list-Traversal/[0-1][5-3][10-2].wasm,54e84358e23a16e24d90c569f75fbcd9
all5/Doubly-linked_list-Traversal/[0-1][5-3][10-3].wasm,54e84358e23a16e24d90c569f75fbcd9
all5/Doubly-linked_list-Traversal/[0-1][5-3][10-4].wasm,54e84358e23a16e24d90c569f75fbcd9
all5/Doubly-linked_list-Traversal/[0-1][5-3][10-5].wasm,54e84358e23a16e24d90c569f75fbcd9
all5/Doubly-linked_list-Traversal/[0-1][5-3][10-6].wasm,54e84358e23a16e24d90c569f75fbcd9
all5/Doubly-linked_list-Traversal/[0-1][5-3][10-7].wasm,54e84358e23a16e24d90c569f75fbcd9
all5/Doubly-linked_list-Traversal/[0-1][5-3][10-8].wasm,54e84358e23a16e24d90c569f75fbcd9
all5/Doubly-linked_list-Traversal/[0-1][5-4].wasm,54e84358e23a16e24d90c569f75fbcd9
all5/Doubly-linked_list-Traversal/[0-1][5-4][10-1].wasm,54e84358e23a16e24d90c569f75fbcd9
all5/Doubly-linked_list-Traversal/[0-1][5-4][10-2].wasm,54e84358e23a16e24d90c569f75fbcd9
all5/Doubly-linked_list-Traversal/[0-1][5-4][10-3].wasm,54e84358e23a16e24d90c569f75fbcd9
all5/Doubly-linked_list-Traversal/[0-1][5-4][10-4].wasm,54e84358e23a16e24d90c569f75fbcd9
all5/Doubly-linked_list-Traversal/[0-1][5-4][10-5].wasm,54e84358e23a16e24d90c569f75fbcd9
all5/Doubly-linked_list-Traversal/[0-1][5-4][10-6].wasm,54e84358e23a16e24d90c569f75fbcd9
all5/Doubly-linked_list-Traversal/[0-1][5-4][10-7].wasm,54e84358e23a16e24d90c569f75fbcd9
all5/Doubly-linked_list-Traversal/[0-1][5-4][10-8].wasm,54e84358e23a16e24d90c569f75fbcd9
all5/Doubly-linked_list-Traversal/[0-1][5-5].wasm,54e84358e23a16e24d90c569f75fbcd9
all5/Doubly-linked_list-Traversal/[0-1][5-5][10-1].wasm,54e84358e23a16e24d90c569f75fbcd9
all5/Doubly-linked_list-Traversal/[0-1][5-5][10-2].wasm,54e84358e23a16e24d90c569f75fbcd9
all5/Doubly-linked_list-Traversal/[0-1][5-5][10-3].wasm,54e84358e23a16e24d90c569f75fbcd9
all5/Doubly-linked_list-Traversal/[0-1][5-5][10-4].wasm,54e84358e23a16e24d90c569f75fbcd9
all5/Doubly-linked_list-Traversal/[0-1][5-5][10-5].wasm,54e84358e23a16e24d90c569f75fbcd9
all5/Doubly-linked_list-Traversal/[0-1][5-5][10-6].wasm,54e84358e23a16e24d90c569f75fbcd9
all5/Doubly-linked_list-Traversal/[0-1][5-5][10-7].wasm,54e84358e23a16e24d90c569f75fbcd9
all5/Doubly-linked_list-Traversal/[0-1][5-5][10-8].wasm,54e84358e23a16e24d90c569f75fbcd9
all5/Doubly-linked_list-Traversal/[0-1][5-6].wasm,54e84358e23a16e24d90c569f75fbcd9
all5/Doubly-linked_list-Traversal/[0-1][5-6][10-1].wasm,54e84358e23a16e24d90c569f75fbcd9
all5/Doubly-linked_list-Traversal/[0-1][5-6][10-2].wasm,54e84358e23a16e24d90c569f75fbcd9
all5/Doubly-linked_list-Traversal/[0-1][5-6][10-3].wasm,54e84358e23a16e24d90c569f75fbcd9
all5/Doubly-linked_list-Traversal/[0-1][5-6][10-4].wasm,54e84358e23a16e24d90c569f75fbcd9
all5/Doubly-linked_list-Traversal/[0-1][5-6][10-5].wasm,54e84358e23a16e24d90c569f75fbcd9
all5/Doubly-linked_list-Traversal/[0-1][5-6][10-6].wasm,54e84358e23a16e24d90c569f75fbcd9
all5/Doubly-linked_list-Traversal/[0-1][5-6][10-7].wasm,54e84358e23a16e24d90c569f75fbcd9
all5/Doubly-linked_list-Traversal/[0-1][5-6][10-8].wasm,54e84358e23a16e24d90c569f75fbcd9
all5/Doubly-linked_list-Traversal/[0-1][5-7].wasm,54e84358e23a16e24d90c569f75fbcd9
all5/Doubly-linked_list-Traversal/[0-1][5-7][10-1].wasm,54e84358e23a16e24d90c569f75fbcd9
all5/Doubly-linked_list-Traversal/[0-1][5-7][10-2].wasm,54e84358e23a16e24d90c569f75fbcd9
all5/Doubly-linked_list-Traversal/[0-1][5-7][10-3].wasm,54e84358e23a16e24d90c569f75fbcd9
all5/Doubly-linked_list-Traversal/[0-1][5-7][10-4].wasm,54e84358e23a16e24d90c569f75fbcd9
all5/Doubly-linked_list-Traversal/[0-1][5-7][10-5].wasm,54e84358e23a16e24d90c569f75fbcd9
all5/Doubly-linked_list-Traversal/[0-1][5-7][10-6].wasm,54e84358e23a16e24d90c569f75fbcd9
all5/Doubly-linked_list-Traversal/[0-1][5-7][10-7].wasm,54e84358e23a16e24d90c569f75fbcd9
all5/Doubly-linked_list-Traversal/[0-1][5-7][10-8].wasm,54e84358e23a16e24d90c569f75fbcd9
all5/Doubly-linked_list-Traversal/[0-1][5-8].wasm,54e84358e23a16e24d90c569f75fbcd9
all5/Doubly-linked_list-Traversal/[0-1][5-8][10-1].wasm,54e84358e23a16e24d90c569f75fbcd9
all5/Doubly-linked_list-Traversal/[0-1][5-8][10-2].wasm,54e84358e23a16e24d90c569f75fbcd9
all5/Doubly-linked_list-Traversal/[0-1][5-8][10-3].wasm,54e84358e23a16e24d90c569f75fbcd9
all5/Doubly-linked_list-Traversal/[0-1][5-8][10-4].wasm,54e84358e23a16e24d90c569f75fbcd9
all5/Doubly-linked_list-Traversal/[0-1][5-8][10-5].wasm,54e84358e23a16e24d90c569f75fbcd9
all5/Doubly-linked_list-Traversal/[0-1][5-8][10-6].wasm,54e84358e23a16e24d90c569f75fbcd9
all5/Doubly-linked_list-Traversal/[0-1][5-8][10-7].wasm,54e84358e23a16e24d90c569f75fbcd9
all5/Doubly-linked_list-Traversal/[0-1][5-8][10-8].wasm,54e84358e23a16e24d90c569f75fbcd9
all5/Doubly-linked_list-Traversal/[0-2].wasm,54e84358e23a16e24d90c569f75fbcd9
all5/Doubly-linked_list-Traversal/[0-2][10-1].wasm,54e84358e23a16e24d90c569f75fbcd9
all5/Doubly-linked_list-Traversal/[0-2][10-2].wasm,54e84358e23a16e24d90c569f75fbcd9
all5/Doubly-linked_list-Traversal/[0-2][10-3].wasm,54e84358e23a16e24d90c569f75fbcd9
all5/Doubly-linked_list-Traversal/[0-2][10-4].wasm,54e84358e23a16e24d90c569f75fbcd9
all5/Doubly-linked_list-Traversal/[0-2][10-5].wasm,54e84358e23a16e24d90c569f75fbcd9
all5/Doubly-linked_list-Traversal/[0-2][10-6].wasm,54e84358e23a16e24d90c569f75fbcd9
all5/Doubly-linked_list-Traversal/[0-2][10-7].wasm,54e84358e23a16e24d90c569f75fbcd9
all5/Doubly-linked_list-Traversal/[0-2][10-8].wasm,54e84358e23a16e24d90c569f75fbcd9
all5/Doubly-linked_list-Traversal/[0-2][5-1].wasm,54e84358e23a16e24d90c569f75fbcd9
all5/Doubly-linked_list-Traversal/[0-2][5-1][10-1].wasm,54e84358e23a16e24d90c569f75fbcd9
all5/Doubly-linked_list-Traversal/[0-2][5-1][10-2].wasm,54e84358e23a16e24d90c569f75fbcd9
all5/Doubly-linked_list-Traversal/[0-2][5-1][10-3].wasm,54e84358e23a16e24d90c569f75fbcd9
all5/Doubly-linked_list-Traversal/[0-2][5-1][10-4].wasm,54e84358e23a16e24d90c569f75fbcd9
all5/Doubly-linked_list-Traversal/[0-2][5-1][10-5].wasm,54e84358e23a16e24d90c569f75fbcd9
all5/Doubly-linked_list-Traversal/[0-2][5-1][10-6].wasm,54e84358e23a16e24d90c569f75fbcd9
all5/Doubly-linked_list-Traversal/[0-2][5-1][10-7].wasm,54e84358e23a16e24d90c569f75fbcd9
all5/Doubly-linked_list-Traversal/[0-2][5-1][10-8].wasm,54e84358e23a16e24d90c569f75fbcd9
all5/Doubly-linked_list-Traversal/[0-2][5-2].wasm,54e84358e23a16e24d90c569f75fbcd9
all5/Doubly-linked_list-Traversal/[0-2][5-2][10-1].wasm,54e84358e23a16e24d90c569f75fbcd9
all5/Doubly-linked_list-Traversal/[0-2][5-2][10-2].wasm,54e84358e23a16e24d90c569f75fbcd9
all5/Doubly-linked_list-Traversal/[0-2][5-2][10-3].wasm,54e84358e23a16e24d90c569f75fbcd9
all5/Doubly-linked_list-Traversal/[0-2][5-2][10-4].wasm,54e84358e23a16e24d90c569f75fbcd9
all5/Doubly-linked_list-Traversal/[0-2][5-2][10-5].wasm,54e84358e23a16e24d90c569f75fbcd9
all5/Doubly-linked_list-Traversal/[0-2][5-2][10-6].wasm,54e84358e23a16e24d90c569f75fbcd9
all5/Doubly-linked_list-Traversal/[0-2][5-2][10-7].wasm,54e84358e23a16e24d90c569f75fbcd9
all5/Doubly-linked_list-Traversal/[0-2][5-2][10-8].wasm,54e84358e23a16e24d90c569f75fbcd9
all5/Doubly-linked_list-Traversal/[0-2][5-3].wasm,54e84358e23a16e24d90c569f75fbcd9
all5/Doubly-linked_list-Traversal/[0-2][5-3][10-1].wasm,54e84358e23a16e24d90c569f75fbcd9
all5/Doubly-linked_list-Traversal/[0-2][5-3][10-2].wasm,54e84358e23a16e24d90c569f75fbcd9
all5/Doubly-linked_list-Traversal/[0-2][5-3][10-3].wasm,54e84358e23a16e24d90c569f75fbcd9
all5/Doubly-linked_list-Traversal/[0-2][5-3][10-4].wasm,54e84358e23a16e24d90c569f75fbcd9
all5/Doubly-linked_list-Traversal/[0-2][5-3][10-5].wasm,54e84358e23a16e24d90c569f75fbcd9
all5/Doubly-linked_list-Traversal/[0-2][5-3][10-6].wasm,54e84358e23a16e24d90c569f75fbcd9
all5/Doubly-linked_list-Traversal/[0-2][5-3][10-7].wasm,54e84358e23a16e24d90c569f75fbcd9
all5/Doubly-linked_list-Traversal/[0-2][5-3][10-8].wasm,54e84358e23a16e24d90c569f75fbcd9
all5/Doubly-linked_list-Traversal/[0-2][5-4].wasm,54e84358e23a16e24d90c569f75fbcd9
all5/Doubly-linked_list-Traversal/[0-2][5-4][10-1].wasm,54e84358e23a16e24d90c569f75fbcd9
all5/Doubly-linked_list-Traversal/[0-2][5-4][10-2].wasm,54e84358e23a16e24d90c569f75fbcd9
all5/Doubly-linked_list-Traversal/[0-2][5-4][10-3].wasm,54e84358e23a16e24d90c569f75fbcd9
all5/Doubly-linked_list-Traversal/[0-2][5-4][10-4].wasm,54e84358e23a16e24d90c569f75fbcd9
all5/Doubly-linked_list-Traversal/[0-2][5-4][10-5].wasm,54e84358e23a16e24d90c569f75fbcd9
all5/Doubly-linked_list-Traversal/[0-2][5-4][10-6].wasm,54e84358e23a16e24d90c569f75fbcd9
all5/Doubly-linked_list-Traversal/[0-2][5-4][10-7].wasm,54e84358e23a16e24d90c569f75fbcd9
all5/Doubly-linked_list-Traversal/[0-2][5-4][10-8].wasm,54e84358e23a16e24d90c569f75fbcd9
all5/Doubly-linked_list-Traversal/[0-2][5-5].wasm,54e84358e23a16e24d90c569f75fbcd9
all5/Doubly-linked_list-Traversal/[0-2][5-5][10-1].wasm,54e84358e23a16e24d90c569f75fbcd9
all5/Doubly-linked_list-Traversal/[0-2][5-5][10-2].wasm,54e84358e23a16e24d90c569f75fbcd9
all5/Doubly-linked_list-Traversal/[0-2][5-5][10-3].wasm,54e84358e23a16e24d90c569f75fbcd9
all5/Doubly-linked_list-Traversal/[0-2][5-5][10-4].wasm,54e84358e23a16e24d90c569f75fbcd9
all5/Doubly-linked_list-Traversal/[0-2][5-5][10-5].wasm,54e84358e23a16e24d90c569f75fbcd9
all5/Doubly-linked_list-Traversal/[0-2][5-5][10-6].wasm,54e84358e23a16e24d90c569f75fbcd9
all5/Doubly-linked_list-Traversal/[0-2][5-5][10-7].wasm,54e84358e23a16e24d90c569f75fbcd9
all5/Doubly-linked_list-Traversal/[0-2][5-5][10-8].wasm,54e84358e23a16e24d90c569f75fbcd9
all5/Doubly-linked_list-Traversal/[0-2][5-6].wasm,54e84358e23a16e24d90c569f75fbcd9
all5/Doubly-linked_list-Traversal/[0-2][5-6][10-1].wasm,54e84358e23a16e24d90c569f75fbcd9
all5/Doubly-linked_list-Traversal/[0-2][5-6][10-2].wasm,54e84358e23a16e24d90c569f75fbcd9
all5/Doubly-linked_list-Traversal/[0-2][5-6][10-3].wasm,54e84358e23a16e24d90c569f75fbcd9
all5/Doubly-linked_list-Traversal/[0-2][5-6][10-4].wasm,54e84358e23a16e24d90c569f75fbcd9
all5/Doubly-linked_list-Traversal/[0-2][5-6][10-5].wasm,54e84358e23a16e24d90c569f75fbcd9
all5/Doubly-linked_list-Traversal/[0-2][5-6][10-6].wasm,54e84358e23a16e24d90c569f75fbcd9
all5/Doubly-linked_list-Traversal/[0-2][5-6][10-7].wasm,54e84358e23a16e24d90c569f75fbcd9
all5/Doubly-linked_list-Traversal/[0-2][5-6][10-8].wasm,54e84358e23a16e24d90c569f75fbcd9
all5/Doubly-linked_list-Traversal/[0-2][5-7].wasm,54e84358e23a16e24d90c569f75fbcd9
all5/Doubly-linked_list-Traversal/[0-2][5-7][10-1].wasm,54e84358e23a16e24d90c569f75fbcd9
all5/Doubly-linked_list-Traversal/[0-2][5-7][10-2].wasm,54e84358e23a16e24d90c569f75fbcd9
all5/Doubly-linked_list-Traversal/[0-2][5-7][10-3].wasm,54e84358e23a16e24d90c569f75fbcd9
all5/Doubly-linked_list-Traversal/[0-2][5-7][10-4].wasm,54e84358e23a16e24d90c569f75fbcd9
all5/Doubly-linked_list-Traversal/[0-2][5-7][10-5].wasm,54e84358e23a16e24d90c569f75fbcd9
all5/Doubly-linked_list-Traversal/[0-2][5-7][10-6].wasm,54e84358e23a16e24d90c569f75fbcd9
all5/Doubly-linked_list-Traversal/[0-2][5-7][10-7].wasm,54e84358e23a16e24d90c569f75fbcd9
all5/Doubly-linked_list-Traversal/[0-2][5-7][10-8].wasm,54e84358e23a16e24d90c569f75fbcd9
all5/Doubly-linked_list-Traversal/[0-2][5-8].wasm,54e84358e23a16e24d90c569f75fbcd9
all5/Doubly-linked_list-Traversal/[0-2][5-8][10-1].wasm,54e84358e23a16e24d90c569f75fbcd9
all5/Doubly-linked_list-Traversal/[0-2][5-8][10-2].wasm,54e84358e23a16e24d90c569f75fbcd9
all5/Doubly-linked_list-Traversal/[0-2][5-8][10-3].wasm,54e84358e23a16e24d90c569f75fbcd9
all5/Doubly-linked_list-Traversal/[0-2][5-8][10-4].wasm,54e84358e23a16e24d90c569f75fbcd9
all5/Doubly-linked_list-Traversal/[0-2][5-8][10-5].wasm,54e84358e23a16e24d90c569f75fbcd9
all5/Doubly-linked_list-Traversal/[0-2][5-8][10-6].wasm,54e84358e23a16e24d90c569f75fbcd9
all5/Doubly-linked_list-Traversal/[0-2][5-8][10-7].wasm,54e84358e23a16e24d90c569f75fbcd9
all5/Doubly-linked_list-Traversal/[0-2][5-8][10-8].wasm,54e84358e23a16e24d90c569f75fbcd9
all5/Doubly-linked_list-Traversal/[0-3].wasm,54e84358e23a16e24d90c569f75fbcd9
all5/Doubly-linked_list-Traversal/[0-3][10-1].wasm,54e84358e23a16e24d90c569f75fbcd9
all5/Doubly-linked_list-Traversal/[0-3][10-2].wasm,54e84358e23a16e24d90c569f75fbcd9
all5/Doubly-linked_list-Traversal/[0-3][10-3].wasm,54e84358e23a16e24d90c569f75fbcd9
all5/Doubly-linked_list-Traversal/[0-3][10-4].wasm,54e84358e23a16e24d90c569f75fbcd9
all5/Doubly-linked_list-Traversal/[0-3][10-5].wasm,54e84358e23a16e24d90c569f75fbcd9
all5/Doubly-linked_list-Traversal/[0-3][10-6].wasm,54e84358e23a16e24d90c569f75fbcd9
all5/Doubly-linked_list-Traversal/[0-3][10-7].wasm,54e84358e23a16e24d90c569f75fbcd9
all5/Doubly-linked_list-Traversal/[0-3][10-8].wasm,54e84358e23a16e24d90c569f75fbcd9
all5/Doubly-linked_list-Traversal/[0-3][5-1].wasm,54e84358e23a16e24d90c569f75fbcd9
all5/Doubly-linked_list-Traversal/[0-3][5-1][10-1].wasm,54e84358e23a16e24d90c569f75fbcd9
all5/Doubly-linked_list-Traversal/[0-3][5-1][10-2].wasm,54e84358e23a16e24d90c569f75fbcd9
all5/Doubly-linked_list-Traversal/[0-3][5-1][10-3].wasm,54e84358e23a16e24d90c569f75fbcd9
all5/Doubly-linked_list-Traversal/[0-3][5-1][10-4].wasm,54e84358e23a16e24d90c569f75fbcd9
all5/Doubly-linked_list-Traversal/[0-3][5-1][10-5].wasm,54e84358e23a16e24d90c569f75fbcd9
all5/Doubly-linked_list-Traversal/[0-3][5-1][10-6].wasm,54e84358e23a16e24d90c569f75fbcd9
all5/Doubly-linked_list-Traversal/[0-3][5-1][10-7].wasm,54e84358e23a16e24d90c569f75fbcd9
all5/Doubly-linked_list-Traversal/[0-3][5-1][10-8].wasm,54e84358e23a16e24d90c569f75fbcd9
all5/Doubly-linked_list-Traversal/[0-3][5-2].wasm,54e84358e23a16e24d90c569f75fbcd9
all5/Doubly-linked_list-Traversal/[0-3][5-2][10-1].wasm,54e84358e23a16e24d90c569f75fbcd9
all5/Doubly-linked_list-Traversal/[0-3][5-2][10-2].wasm,54e84358e23a16e24d90c569f75fbcd9
all5/Doubly-linked_list-Traversal/[0-3][5-2][10-3].wasm,54e84358e23a16e24d90c569f75fbcd9
all5/Doubly-linked_list-Traversal/[0-3][5-2][10-4].wasm,54e84358e23a16e24d90c569f75fbcd9
all5/Doubly-linked_list-Traversal/[0-3][5-2][10-5].wasm,54e84358e23a16e24d90c569f75fbcd9
all5/Doubly-linked_list-Traversal/[0-3][5-2][10-6].wasm,54e84358e23a16e24d90c569f75fbcd9
all5/Doubly-linked_list-Traversal/[0-3][5-2][10-7].wasm,54e84358e23a16e24d90c569f75fbcd9
all5/Doubly-linked_list-Traversal/[0-3][5-2][10-8].wasm,54e84358e23a16e24d90c569f75fbcd9
all5/Doubly-linked_list-Traversal/[0-3][5-3].wasm,54e84358e23a16e24d90c569f75fbcd9
all5/Doubly-linked_list-Traversal/[0-3][5-3][10-1].wasm,54e84358e23a16e24d90c569f75fbcd9
all5/Doubly-linked_list-Traversal/[0-3][5-3][10-2].wasm,54e84358e23a16e24d90c569f75fbcd9
all5/Doubly-linked_list-Traversal/[0-3][5-3][10-3].wasm,54e84358e23a16e24d90c569f75fbcd9
all5/Doubly-linked_list-Traversal/[0-3][5-3][10-4].wasm,54e84358e23a16e24d90c569f75fbcd9
all5/Doubly-linked_list-Traversal/[0-3][5-3][10-5].wasm,54e84358e23a16e24d90c569f75fbcd9
all5/Doubly-linked_list-Traversal/[0-3][5-3][10-6].wasm,54e84358e23a16e24d90c569f75fbcd9
all5/Doubly-linked_list-Traversal/[0-3][5-3][10-7].wasm,54e84358e23a16e24d90c569f75fbcd9
all5/Doubly-linked_list-Traversal/[0-3][5-3][10-8].wasm,54e84358e23a16e24d90c569f75fbcd9
all5/Doubly-linked_list-Traversal/[0-3][5-4].wasm,54e84358e23a16e24d90c569f75fbcd9
all5/Doubly-linked_list-Traversal/[0-3][5-4][10-1].wasm,54e84358e23a16e24d90c569f75fbcd9
all5/Doubly-linked_list-Traversal/[0-3][5-4][10-2].wasm,54e84358e23a16e24d90c569f75fbcd9
all5/Doubly-linked_list-Traversal/[0-3][5-4][10-3].wasm,54e84358e23a16e24d90c569f75fbcd9
all5/Doubly-linked_list-Traversal/[0-3][5-4][10-4].wasm,54e84358e23a16e24d90c569f75fbcd9
all5/Doubly-linked_list-Traversal/[0-3][5-4][10-5].wasm,54e84358e23a16e24d90c569f75fbcd9
all5/Doubly-linked_list-Traversal/[0-3][5-4][10-6].wasm,54e84358e23a16e24d90c569f75fbcd9
all5/Doubly-linked_list-Traversal/[0-3][5-4][10-7].wasm,54e84358e23a16e24d90c569f75fbcd9
all5/Doubly-linked_list-Traversal/[0-3][5-4][10-8].wasm,54e84358e23a16e24d90c569f75fbcd9
all5/Doubly-linked_list-Traversal/[0-3][5-5].wasm,54e84358e23a16e24d90c569f75fbcd9
all5/Doubly-linked_list-Traversal/[0-3][5-5][10-1].wasm,54e84358e23a16e24d90c569f75fbcd9
all5/Doubly-linked_list-Traversal/[0-3][5-5][10-2].wasm,54e84358e23a16e24d90c569f75fbcd9
all5/Doubly-linked_list-Traversal/[0-3][5-5][10-3].wasm,54e84358e23a16e24d90c569f75fbcd9
all5/Doubly-linked_list-Traversal/[0-3][5-5][10-4].wasm,54e84358e23a16e24d90c569f75fbcd9
all5/Doubly-linked_list-Traversal/[0-3][5-5][10-5].wasm,54e84358e23a16e24d90c569f75fbcd9
all5/Doubly-linked_list-Traversal/[0-3][5-5][10-6].wasm,54e84358e23a16e24d90c569f75fbcd9
all5/Doubly-linked_list-Traversal/[0-3][5-5][10-7].wasm,54e84358e23a16e24d90c569f75fbcd9
all5/Doubly-linked_list-Traversal/[0-3][5-5][10-8].wasm,54e84358e23a16e24d90c569f75fbcd9
all5/Doubly-linked_list-Traversal/[0-3][5-6].wasm,54e84358e23a16e24d90c569f75fbcd9
all5/Doubly-linked_list-Traversal/[0-3][5-6][10-1].wasm,54e84358e23a16e24d90c569f75fbcd9
all5/Doubly-linked_list-Traversal/[0-3][5-6][10-2].wasm,54e84358e23a16e24d90c569f75fbcd9
all5/Doubly-linked_list-Traversal/[0-3][5-6][10-3].wasm,54e84358e23a16e24d90c569f75fbcd9
all5/Doubly-linked_list-Traversal/[0-3][5-6][10-4].wasm,54e84358e23a16e24d90c569f75fbcd9
all5/Doubly-linked_list-Traversal/[0-3][5-6][10-5].wasm,54e84358e23a16e24d90c569f75fbcd9
all5/Doubly-linked_list-Traversal/[0-3][5-6][10-6].wasm,54e84358e23a16e24d90c569f75fbcd9
all5/Doubly-linked_list-Traversal/[0-3][5-6][10-7].wasm,54e84358e23a16e24d90c569f75fbcd9
all5/Doubly-linked_list-Traversal/[0-3][5-6][10-8].wasm,54e84358e23a16e24d90c569f75fbcd9
all5/Doubly-linked_list-Traversal/[0-3][5-7].wasm,54e84358e23a16e24d90c569f75fbcd9
all5/Doubly-linked_list-Traversal/[0-3][5-7][10-1].wasm,54e84358e23a16e24d90c569f75fbcd9
all5/Doubly-linked_list-Traversal/[0-3][5-7][10-2].wasm,54e84358e23a16e24d90c569f75fbcd9
all5/Doubly-linked_list-Traversal/[0-3][5-7][10-3].wasm,54e84358e23a16e24d90c569f75fbcd9
all5/Doubly-linked_list-Traversal/[0-3][5-7][10-4].wasm,54e84358e23a16e24d90c569f75fbcd9
all5/Doubly-linked_list-Traversal/[0-3][5-7][10-5].wasm,54e84358e23a16e24d90c569f75fbcd9
all5/Doubly-linked_list-Traversal/[0-3][5-7][10-6].wasm,54e84358e23a16e24d90c569f75fbcd9
all5/Doubly-linked_list-Traversal/[0-3][5-7][10-7].wasm,54e84358e23a16e24d90c569f75fbcd9
all5/Doubly-linked_list-Traversal/[0-3][5-7][10-8].wasm,54e84358e23a16e24d90c569f75fbcd9
all5/Doubly-linked_list-Traversal/[0-3][5-8].wasm,54e84358e23a16e24d90c569f75fbcd9
all5/Doubly-linked_list-Traversal/[0-3][5-8][10-1].wasm,54e84358e23a16e24d90c569f75fbcd9
all5/Doubly-linked_list-Traversal/[0-3][5-8][10-2].wasm,54e84358e23a16e24d90c569f75fbcd9
all5/Doubly-linked_list-Traversal/[0-3][5-8][10-3].wasm,54e84358e23a16e24d90c569f75fbcd9
all5/Doubly-linked_list-Traversal/[0-3][5-8][10-4].wasm,54e84358e23a16e24d90c569f75fbcd9
all5/Doubly-linked_list-Traversal/[0-3][5-8][10-5].wasm,54e84358e23a16e24d90c569f75fbcd9
all5/Doubly-linked_list-Traversal/[0-3][5-8][10-6].wasm,54e84358e23a16e24d90c569f75fbcd9
all5/Doubly-linked_list-Traversal/[0-3][5-8][10-7].wasm,54e84358e23a16e24d90c569f75fbcd9
all5/Doubly-linked_list-Traversal/[0-3][5-8][10-8].wasm,54e84358e23a16e24d90c569f75fbcd9
all5/Doubly-linked_list-Traversal/[0-4].wasm,54e84358e23a16e24d90c569f75fbcd9
all5/Doubly-linked_list-Traversal/[0-4][10-1].wasm,54e84358e23a16e24d90c569f75fbcd9
all5/Doubly-linked_list-Traversal/[0-4][10-2].wasm,54e84358e23a16e24d90c569f75fbcd9
all5/Doubly-linked_list-Traversal/[0-4][10-3].wasm,54e84358e23a16e24d90c569f75fbcd9
all5/Doubly-linked_list-Traversal/[0-4][10-4].wasm,54e84358e23a16e24d90c569f75fbcd9
all5/Doubly-linked_list-Traversal/[0-4][10-5].wasm,54e84358e23a16e24d90c569f75fbcd9
all5/Doubly-linked_list-Traversal/[0-4][10-6].wasm,54e84358e23a16e24d90c569f75fbcd9
all5/Doubly-linked_list-Traversal/[0-4][10-7].wasm,54e84358e23a16e24d90c569f75fbcd9
all5/Doubly-linked_list-Traversal/[0-4][10-8].wasm,54e84358e23a16e24d90c569f75fbcd9
all5/Doubly-linked_list-Traversal/[0-4][5-1].wasm,54e84358e23a16e24d90c569f75fbcd9
all5/Doubly-linked_list-Traversal/[0-4][5-1][10-1].wasm,54e84358e23a16e24d90c569f75fbcd9
all5/Doubly-linked_list-Traversal/[0-4][5-1][10-2].wasm,54e84358e23a16e24d90c569f75fbcd9
all5/Doubly-linked_list-Traversal/[0-4][5-1][10-3].wasm,54e84358e23a16e24d90c569f75fbcd9
all5/Doubly-linked_list-Traversal/[0-4][5-1][10-4].wasm,54e84358e23a16e24d90c569f75fbcd9
all5/Doubly-linked_list-Traversal/[0-4][5-1][10-5].wasm,54e84358e23a16e24d90c569f75fbcd9
all5/Doubly-linked_list-Traversal/[0-4][5-1][10-6].wasm,54e84358e23a16e24d90c569f75fbcd9
all5/Doubly-linked_list-Traversal/[0-4][5-1][10-7].wasm,54e84358e23a16e24d90c569f75fbcd9
all5/Doubly-linked_list-Traversal/[0-4][5-1][10-8].wasm,54e84358e23a16e24d90c569f75fbcd9
all5/Doubly-linked_list-Traversal/[0-4][5-2].wasm,54e84358e23a16e24d90c569f75fbcd9
all5/Doubly-linked_list-Traversal/[0-4][5-2][10-1].wasm,54e84358e23a16e24d90c569f75fbcd9
all5/Doubly-linked_list-Traversal/[0-4][5-2][10-2].wasm,54e84358e23a16e24d90c569f75fbcd9
all5/Doubly-linked_list-Traversal/[0-4][5-2][10-3].wasm,54e84358e23a16e24d90c569f75fbcd9
all5/Doubly-linked_list-Traversal/[0-4][5-2][10-4].wasm,54e84358e23a16e24d90c569f75fbcd9
all5/Doubly-linked_list-Traversal/[0-4][5-2][10-5].wasm,54e84358e23a16e24d90c569f75fbcd9
all5/Doubly-linked_list-Traversal/[0-4][5-2][10-6].wasm,54e84358e23a16e24d90c569f75fbcd9
all5/Doubly-linked_list-Traversal/[0-4][5-2][10-7].wasm,54e84358e23a16e24d90c569f75fbcd9
all5/Doubly-linked_list-Traversal/[0-4][5-2][10-8].wasm,54e84358e23a16e24d90c569f75fbcd9
all5/Doubly-linked_list-Traversal/[0-4][5-3].wasm,54e84358e23a16e24d90c569f75fbcd9
all5/Doubly-linked_list-Traversal/[0-4][5-3][10-1].wasm,54e84358e23a16e24d90c569f75fbcd9
all5/Doubly-linked_list-Traversal/[0-4][5-3][10-2].wasm,54e84358e23a16e24d90c569f75fbcd9
all5/Doubly-linked_list-Traversal/[0-4][5-3][10-3].wasm,54e84358e23a16e24d90c569f75fbcd9
all5/Doubly-linked_list-Traversal/[0-4][5-3][10-4].wasm,54e84358e23a16e24d90c569f75fbcd9
all5/Doubly-linked_list-Traversal/[0-4][5-3][10-5].wasm,54e84358e23a16e24d90c569f75fbcd9
all5/Doubly-linked_list-Traversal/[0-4][5-3][10-6].wasm,54e84358e23a16e24d90c569f75fbcd9
all5/Doubly-linked_list-Traversal/[0-4][5-3][10-7].wasm,54e84358e23a16e24d90c569f75fbcd9
all5/Doubly-linked_list-Traversal/[0-4][5-3][10-8].wasm,54e84358e23a16e24d90c569f75fbcd9
all5/Doubly-linked_list-Traversal/[0-4][5-4].wasm,54e84358e23a16e24d90c569f75fbcd9
all5/Doubly-linked_list-Traversal/[0-4][5-4][10-1].wasm,54e84358e23a16e24d90c569f75fbcd9
all5/Doubly-linked_list-Traversal/[0-4][5-4][10-2].wasm,54e84358e23a16e24d90c569f75fbcd9
all5/Doubly-linked_list-Traversal/[0-4][5-4][10-3].wasm,54e84358e23a16e24d90c569f75fbcd9
all5/Doubly-linked_list-Traversal/[0-4][5-4][10-4].wasm,54e84358e23a16e24d90c569f75fbcd9
all5/Doubly-linked_list-Traversal/[0-4][5-4][10-5].wasm,54e84358e23a16e24d90c569f75fbcd9
all5/Doubly-linked_list-Traversal/[0-4][5-4][10-6].wasm,54e84358e23a16e24d90c569f75fbcd9
all5/Doubly-linked_list-Traversal/[0-4][5-4][10-7].wasm,54e84358e23a16e24d90c569f75fbcd9
all5/Doubly-linked_list-Traversal/[0-4][5-4][10-8].wasm,54e84358e23a16e24d90c569f75fbcd9
all5/Doubly-linked_list-Traversal/[0-4][5-5].wasm,54e84358e23a16e24d90c569f75fbcd9
all5/Doubly-linked_list-Traversal/[0-4][5-5][10-1].wasm,54e84358e23a16e24d90c569f75fbcd9
all5/Doubly-linked_list-Traversal/[0-4][5-5][10-2].wasm,54e84358e23a16e24d90c569f75fbcd9
all5/Doubly-linked_list-Traversal/[0-4][5-5][10-3].wasm,54e84358e23a16e24d90c569f75fbcd9
all5/Doubly-linked_list-Traversal/[0-4][5-5][10-4].wasm,54e84358e23a16e24d90c569f75fbcd9
all5/Doubly-linked_list-Traversal/[0-4][5-5][10-5].wasm,54e84358e23a16e24d90c569f75fbcd9
all5/Doubly-linked_list-Traversal/[0-4][5-5][10-6].wasm,54e84358e23a16e24d90c569f75fbcd9
all5/Doubly-linked_list-Traversal/[0-4][5-5][10-7].wasm,54e84358e23a16e24d90c569f75fbcd9
all5/Doubly-linked_list-Traversal/[0-4][5-5][10-8].wasm,54e84358e23a16e24d90c569f75fbcd9
all5/Doubly-linked_list-Traversal/[0-4][5-6].wasm,54e84358e23a16e24d90c569f75fbcd9
all5/Doubly-linked_list-Traversal/[0-4][5-6][10-1].wasm,54e84358e23a16e24d90c569f75fbcd9
all5/Doubly-linked_list-Traversal/[0-4][5-6][10-2].wasm,54e84358e23a16e24d90c569f75fbcd9
all5/Doubly-linked_list-Traversal/[0-4][5-6][10-3].wasm,54e84358e23a16e24d90c569f75fbcd9
all5/Doubly-linked_list-Traversal/[0-4][5-6][10-4].wasm,54e84358e23a16e24d90c569f75fbcd9
all5/Doubly-linked_list-Traversal/[0-4][5-6][10-5].wasm,54e84358e23a16e24d90c569f75fbcd9
all5/Doubly-linked_list-Traversal/[0-4][5-6][10-6].wasm,54e84358e23a16e24d90c569f75fbcd9
all5/Doubly-linked_list-Traversal/[0-4][5-6][10-7].wasm,54e84358e23a16e24d90c569f75fbcd9
all5/Doubly-linked_list-Traversal/[0-4][5-6][10-8].wasm,54e84358e23a16e24d90c569f75fbcd9
all5/Doubly-linked_list-Traversal/[0-4][5-7].wasm,54e84358e23a16e24d90c569f75fbcd9
all5/Doubly-linked_list-Traversal/[0-4][5-7][10-1].wasm,54e84358e23a16e24d90c569f75fbcd9
all5/Doubly-linked_list-Traversal/[0-4][5-7][10-2].wasm,54e84358e23a16e24d90c569f75fbcd9
all5/Doubly-linked_list-Traversal/[0-4][5-7][10-3].wasm,54e84358e23a16e24d90c569f75fbcd9
all5/Doubly-linked_list-Traversal/[0-4][5-7][10-4].wasm,54e84358e23a16e24d90c569f75fbcd9
all5/Doubly-linked_list-Traversal/[0-4][5-7][10-5].wasm,54e84358e23a16e24d90c569f75fbcd9
all5/Doubly-linked_list-Traversal/[0-4][5-7][10-6].wasm,54e84358e23a16e24d90c569f75fbcd9
all5/Doubly-linked_list-Traversal/[0-4][5-7][10-7].wasm,54e84358e23a16e24d90c569f75fbcd9
all5/Doubly-linked_list-Traversal/[0-4][5-7][10-8].wasm,54e84358e23a16e24d90c569f75fbcd9
all5/Doubly-linked_list-Traversal/[0-4][5-8].wasm,54e84358e23a16e24d90c569f75fbcd9
all5/Doubly-linked_list-Traversal/[0-4][5-8][10-1].wasm,54e84358e23a16e24d90c569f75fbcd9
all5/Doubly-linked_list-Traversal/[0-4][5-8][10-2].wasm,54e84358e23a16e24d90c569f75fbcd9
all5/Doubly-linked_list-Traversal/[0-4][5-8][10-3].wasm,54e84358e23a16e24d90c569f75fbcd9
all5/Doubly-linked_list-Traversal/[0-4][5-8][10-5].wasm,54e84358e23a16e24d90c569f75fbcd9
all5/Doubly-linked_list-Traversal/[0-4][5-8][10-8].wasm,54e84358e23a16e24d90c569f75fbcd9
all5/Doubly-linked_list-Traversal/[10-1].wasm,54e84358e23a16e24d90c569f75fbcd9
all5/Doubly-linked_list-Traversal/[10-2].wasm,54e84358e23a16e24d90c569f75fbcd9
all5/Doubly-linked_list-Traversal/[10-3].wasm,54e84358e23a16e24d90c569f75fbcd9
all5/Doubly-linked_list-Traversal/[10-4].wasm,54e84358e23a16e24d90c569f75fbcd9
all5/Doubly-linked_list-Traversal/[10-5].wasm,54e84358e23a16e24d90c569f75fbcd9
all5/Doubly-linked_list-Traversal/[10-6].wasm,54e84358e23a16e24d90c569f75fbcd9
all5/Doubly-linked_list-Traversal/[10-7].wasm,54e84358e23a16e24d90c569f75fbcd9
all5/Doubly-linked_list-Traversal/[10-8].wasm,54e84358e23a16e24d90c569f75fbcd9
all5/Doubly-linked_list-Traversal/[5-1].wasm,54e84358e23a16e24d90c569f75fbcd9
all5/Doubly-linked_list-Traversal/[5-1][10-1].wasm,54e84358e23a16e24d90c569f75fbcd9
all5/Doubly-linked_list-Traversal/[5-1][10-2].wasm,54e84358e23a16e24d90c569f75fbcd9
all5/Doubly-linked_list-Traversal/[5-1][10-3].wasm,54e84358e23a16e24d90c569f75fbcd9
all5/Doubly-linked_list-Traversal/[5-1][10-4].wasm,54e84358e23a16e24d90c569f75fbcd9
all5/Doubly-linked_list-Traversal/[5-1][10-5].wasm,54e84358e23a16e24d90c569f75fbcd9
all5/Doubly-linked_list-Traversal/[5-1][10-6].wasm,54e84358e23a16e24d90c569f75fbcd9
all5/Doubly-linked_list-Traversal/[5-1][10-7].wasm,54e84358e23a16e24d90c569f75fbcd9
all5/Doubly-linked_list-Traversal/[5-1][10-8].wasm,54e84358e23a16e24d90c569f75fbcd9
all5/Doubly-linked_list-Traversal/[5-2].wasm,54e84358e23a16e24d90c569f75fbcd9
all5/Doubly-linked_list-Traversal/[5-2][10-1].wasm,54e84358e23a16e24d90c569f75fbcd9
all5/Doubly-linked_list-Traversal/[5-2][10-2].wasm,54e84358e23a16e24d90c569f75fbcd9
all5/Doubly-linked_list-Traversal/[5-2][10-3].wasm,54e84358e23a16e24d90c569f75fbcd9
all5/Doubly-linked_list-Traversal/[5-2][10-4].wasm,54e84358e23a16e24d90c569f75fbcd9
all5/Doubly-linked_list-Traversal/[5-2][10-5].wasm,54e84358e23a16e24d90c569f75fbcd9
all5/Doubly-linked_list-Traversal/[5-2][10-6].wasm,54e84358e23a16e24d90c569f75fbcd9
all5/Doubly-linked_list-Traversal/[5-2][10-7].wasm,54e84358e23a16e24d90c569f75fbcd9
all5/Doubly-linked_list-Traversal/[5-2][10-8].wasm,54e84358e23a16e24d90c569f75fbcd9
all5/Doubly-linked_list-Traversal/[5-3].wasm,54e84358e23a16e24d90c569f75fbcd9
all5/Doubly-linked_list-Traversal/[5-3][10-1].wasm,54e84358e23a16e24d90c569f75fbcd9
all5/Doubly-linked_list-Traversal/[5-3][10-2].wasm,54e84358e23a16e24d90c569f75fbcd9
all5/Doubly-linked_list-Traversal/[5-3][10-3].wasm,54e84358e23a16e24d90c569f75fbcd9
all5/Doubly-linked_list-Traversal/[5-3][10-4].wasm,54e84358e23a16e24d90c569f75fbcd9
all5/Doubly-linked_list-Traversal/[5-3][10-5].wasm,54e84358e23a16e24d90c569f75fbcd9
all5/Doubly-linked_list-Traversal/[5-3][10-6].wasm,54e84358e23a16e24d90c569f75fbcd9
all5/Doubly-linked_list-Traversal/[5-3][10-7].wasm,54e84358e23a16e24d90c569f75fbcd9
all5/Doubly-linked_list-Traversal/[5-3][10-8].wasm,54e84358e23a16e24d90c569f75fbcd9
all5/Doubly-linked_list-Traversal/[5-4].wasm,54e84358e23a16e24d90c569f75fbcd9
all5/Doubly-linked_list-Traversal/[5-4][10-1].wasm,54e84358e23a16e24d90c569f75fbcd9
all5/Doubly-linked_list-Traversal/[5-4][10-2].wasm,54e84358e23a16e24d90c569f75fbcd9
all5/Doubly-linked_list-Traversal/[5-4][10-3].wasm,54e84358e23a16e24d90c569f75fbcd9
all5/Doubly-linked_list-Traversal/[5-4][10-4].wasm,54e84358e23a16e24d90c569f75fbcd9
all5/Doubly-linked_list-Traversal/[5-4][10-5].wasm,54e84358e23a16e24d90c569f75fbcd9
all5/Doubly-linked_list-Traversal/[5-4][10-6].wasm,54e84358e23a16e24d90c569f75fbcd9
all5/Doubly-linked_list-Traversal/[5-4][10-7].wasm,54e84358e23a16e24d90c569f75fbcd9
all5/Doubly-linked_list-Traversal/[5-4][10-8].wasm,54e84358e23a16e24d90c569f75fbcd9
all5/Doubly-linked_list-Traversal/[5-5].wasm,54e84358e23a16e24d90c569f75fbcd9
all5/Doubly-linked_list-Traversal/[5-5][10-1].wasm,54e84358e23a16e24d90c569f75fbcd9
all5/Doubly-linked_list-Traversal/[5-5][10-2].wasm,54e84358e23a16e24d90c569f75fbcd9
all5/Doubly-linked_list-Traversal/[5-5][10-3].wasm,54e84358e23a16e24d90c569f75fbcd9
all5/Doubly-linked_list-Traversal/[5-5][10-4].wasm,54e84358e23a16e24d90c569f75fbcd9
all5/Doubly-linked_list-Traversal/[5-5][10-5].wasm,54e84358e23a16e24d90c569f75fbcd9
all5/Doubly-linked_list-Traversal/[5-5][10-6].wasm,54e84358e23a16e24d90c569f75fbcd9
all5/Doubly-linked_list-Traversal/[5-5][10-7].wasm,54e84358e23a16e24d90c569f75fbcd9
all5/Doubly-linked_list-Traversal/[5-5][10-8].wasm,54e84358e23a16e24d90c569f75fbcd9
all5/Doubly-linked_list-Traversal/[5-6].wasm,54e84358e23a16e24d90c569f75fbcd9
all5/Doubly-linked_list-Traversal/[5-6][10-1].wasm,54e84358e23a16e24d90c569f75fbcd9
all5/Doubly-linked_list-Traversal/[5-6][10-2].wasm,54e84358e23a16e24d90c569f75fbcd9
all5/Doubly-linked_list-Traversal/[5-6][10-3].wasm,54e84358e23a16e24d90c569f75fbcd9
all5/Doubly-linked_list-Traversal/[5-6][10-4].wasm,54e84358e23a16e24d90c569f75fbcd9
all5/Doubly-linked_list-Traversal/[5-6][10-5].wasm,54e84358e23a16e24d90c569f75fbcd9
all5/Doubly-linked_list-Traversal/[5-6][10-6].wasm,54e84358e23a16e24d90c569f75fbcd9
all5/Doubly-linked_list-Traversal/[5-6][10-7].wasm,54e84358e23a16e24d90c569f75fbcd9
all5/Doubly-linked_list-Traversal/[5-6][10-8].wasm,54e84358e23a16e24d90c569f75fbcd9
all5/Doubly-linked_list-Traversal/[5-7].wasm,54e84358e23a16e24d90c569f75fbcd9
all5/Doubly-linked_list-Traversal/[5-7][10-1].wasm,54e84358e23a16e24d90c569f75fbcd9
all5/Doubly-linked_list-Traversal/[5-7][10-2].wasm,54e84358e23a16e24d90c569f75fbcd9
all5/Doubly-linked_list-Traversal/[5-7][10-3].wasm,54e84358e23a16e24d90c569f75fbcd9
all5/Doubly-linked_list-Traversal/[5-7][10-4].wasm,54e84358e23a16e24d90c569f75fbcd9
all5/Doubly-linked_list-Traversal/[5-7][10-5].wasm,54e84358e23a16e24d90c569f75fbcd9
all5/Doubly-linked_list-Traversal/[5-7][10-6].wasm,54e84358e23a16e24d90c569f75fbcd9
all5/Doubly-linked_list-Traversal/[5-7][10-7].wasm,54e84358e23a16e24d90c569f75fbcd9
all5/Doubly-linked_list-Traversal/[5-7][10-8].wasm,54e84358e23a16e24d90c569f75fbcd9
all5/Doubly-linked_list-Traversal/[5-8].wasm,54e84358e23a16e24d90c569f75fbcd9
all5/Doubly-linked_list-Traversal/[5-8][10-1].wasm,54e84358e23a16e24d90c569f75fbcd9
all5/Doubly-linked_list-Traversal/[5-8][10-2].wasm,54e84358e23a16e24d90c569f75fbcd9
all5/Doubly-linked_list-Traversal/[5-8][10-3].wasm,54e84358e23a16e24d90c569f75fbcd9
all5/Doubly-linked_list-Traversal/[5-8][10-4].wasm,54e84358e23a16e24d90c569f75fbcd9
all5/Doubly-linked_list-Traversal/[5-8][10-5].wasm,54e84358e23a16e24d90c569f75fbcd9
all5/Doubly-linked_list-Traversal/[5-8][10-6].wasm,54e84358e23a16e24d90c569f75fbcd9
all5/Doubly-linked_list-Traversal/[5-8][10-7].wasm,54e84358e23a16e24d90c569f75fbcd9
all5/Doubly-linked_list-Traversal/[5-8][10-8].wasm,54e84358e23a16e24d90c569f75fbcd9
