name, hash
all5/Draw_a_cuboid/Draw_a_cuboid.wasm,f451a6332a705c77f27d87f87499b2e6
all5/Draw_a_cuboid/Draw_a_cuboid.wasm.~1~,f451a6332a705c77f27d87f87499b2e6
all5/Draw_a_cuboid/Draw_a_cuboid.wasm.~2~,55792813a2b7207d9cdacbc2c4606c4c
all5/Draw_a_cuboid/[0-1].wasm,f451a6332a705c77f27d87f87499b2e6
all5/Draw_a_cuboid/[0-1][1-1].wasm,f451a6332a705c77f27d87f87499b2e6
all5/Draw_a_cuboid/[0-1][1-1][2-10].wasm,f451a6332a705c77f27d87f87499b2e6
all5/Draw_a_cuboid/[0-1][1-1][2-11].wasm,f451a6332a705c77f27d87f87499b2e6
all5/Draw_a_cuboid/[0-1][1-1][2-12].wasm,f451a6332a705c77f27d87f87499b2e6
all5/Draw_a_cuboid/[0-1][1-1][2-13].wasm,f451a6332a705c77f27d87f87499b2e6
all5/Draw_a_cuboid/[0-1][1-1][2-1].wasm,f451a6332a705c77f27d87f87499b2e6
all5/Draw_a_cuboid/[0-1][1-1][2-2].wasm,f451a6332a705c77f27d87f87499b2e6
all5/Draw_a_cuboid/[0-1][1-1][2-3].wasm,f451a6332a705c77f27d87f87499b2e6
all5/Draw_a_cuboid/[0-1][1-1][2-4].wasm,f451a6332a705c77f27d87f87499b2e6
all5/Draw_a_cuboid/[0-1][1-1][2-5].wasm,f451a6332a705c77f27d87f87499b2e6
all5/Draw_a_cuboid/[0-1][1-1][2-6].wasm,f451a6332a705c77f27d87f87499b2e6
all5/Draw_a_cuboid/[0-1][1-1][2-7].wasm,f451a6332a705c77f27d87f87499b2e6
all5/Draw_a_cuboid/[0-1][1-1][2-8].wasm,f451a6332a705c77f27d87f87499b2e6
all5/Draw_a_cuboid/[0-1][1-1][2-9].wasm,f451a6332a705c77f27d87f87499b2e6
all5/Draw_a_cuboid/[0-1][1-2].wasm,f451a6332a705c77f27d87f87499b2e6
all5/Draw_a_cuboid/[0-1][1-2][2-10].wasm,f451a6332a705c77f27d87f87499b2e6
all5/Draw_a_cuboid/[0-1][1-2][2-11].wasm,f451a6332a705c77f27d87f87499b2e6
all5/Draw_a_cuboid/[0-1][1-2][2-12].wasm,f451a6332a705c77f27d87f87499b2e6
all5/Draw_a_cuboid/[0-1][1-2][2-13].wasm,f451a6332a705c77f27d87f87499b2e6
all5/Draw_a_cuboid/[0-1][1-2][2-1].wasm,f451a6332a705c77f27d87f87499b2e6
all5/Draw_a_cuboid/[0-1][1-2][2-2].wasm,f451a6332a705c77f27d87f87499b2e6
all5/Draw_a_cuboid/[0-1][1-2][2-3].wasm,f451a6332a705c77f27d87f87499b2e6
all5/Draw_a_cuboid/[0-1][1-2][2-4].wasm,f451a6332a705c77f27d87f87499b2e6
all5/Draw_a_cuboid/[0-1][1-2][2-5].wasm,f451a6332a705c77f27d87f87499b2e6
all5/Draw_a_cuboid/[0-1][1-2][2-6].wasm,f451a6332a705c77f27d87f87499b2e6
all5/Draw_a_cuboid/[0-1][1-2][2-7].wasm,f451a6332a705c77f27d87f87499b2e6
all5/Draw_a_cuboid/[0-1][1-2][2-8].wasm,f451a6332a705c77f27d87f87499b2e6
all5/Draw_a_cuboid/[0-1][1-2][2-9].wasm,f451a6332a705c77f27d87f87499b2e6
all5/Draw_a_cuboid/[0-1][1-3].wasm,f451a6332a705c77f27d87f87499b2e6
all5/Draw_a_cuboid/[0-1][1-3][2-10].wasm,f451a6332a705c77f27d87f87499b2e6
all5/Draw_a_cuboid/[0-1][1-3][2-11].wasm,f451a6332a705c77f27d87f87499b2e6
all5/Draw_a_cuboid/[0-1][1-3][2-12].wasm,f451a6332a705c77f27d87f87499b2e6
all5/Draw_a_cuboid/[0-1][1-3][2-13].wasm,f451a6332a705c77f27d87f87499b2e6
all5/Draw_a_cuboid/[0-1][1-3][2-1].wasm,f451a6332a705c77f27d87f87499b2e6
all5/Draw_a_cuboid/[0-1][1-3][2-2].wasm,f451a6332a705c77f27d87f87499b2e6
all5/Draw_a_cuboid/[0-1][1-3][2-3].wasm,f451a6332a705c77f27d87f87499b2e6
all5/Draw_a_cuboid/[0-1][1-3][2-4].wasm,f451a6332a705c77f27d87f87499b2e6
all5/Draw_a_cuboid/[0-1][1-3][2-5].wasm,f451a6332a705c77f27d87f87499b2e6
all5/Draw_a_cuboid/[0-1][1-3][2-6].wasm,f451a6332a705c77f27d87f87499b2e6
all5/Draw_a_cuboid/[0-1][1-3][2-7].wasm,f451a6332a705c77f27d87f87499b2e6
all5/Draw_a_cuboid/[0-1][1-3][2-8].wasm,f451a6332a705c77f27d87f87499b2e6
all5/Draw_a_cuboid/[0-1][1-3][2-9].wasm,f451a6332a705c77f27d87f87499b2e6
all5/Draw_a_cuboid/[0-1][1-4].wasm,f451a6332a705c77f27d87f87499b2e6
all5/Draw_a_cuboid/[0-1][1-4][2-10].wasm,f451a6332a705c77f27d87f87499b2e6
all5/Draw_a_cuboid/[0-1][1-4][2-11].wasm,f451a6332a705c77f27d87f87499b2e6
all5/Draw_a_cuboid/[0-1][1-4][2-12].wasm,f451a6332a705c77f27d87f87499b2e6
all5/Draw_a_cuboid/[0-1][1-4][2-13].wasm,f451a6332a705c77f27d87f87499b2e6
all5/Draw_a_cuboid/[0-1][1-4][2-1].wasm,f451a6332a705c77f27d87f87499b2e6
all5/Draw_a_cuboid/[0-1][1-4][2-2].wasm,f451a6332a705c77f27d87f87499b2e6
all5/Draw_a_cuboid/[0-1][1-4][2-3].wasm,f451a6332a705c77f27d87f87499b2e6
all5/Draw_a_cuboid/[0-1][1-4][2-4].wasm,f451a6332a705c77f27d87f87499b2e6
all5/Draw_a_cuboid/[0-1][1-4][2-5].wasm,f451a6332a705c77f27d87f87499b2e6
all5/Draw_a_cuboid/[0-1][1-4][2-6].wasm,f451a6332a705c77f27d87f87499b2e6
all5/Draw_a_cuboid/[0-1][1-4][2-7].wasm,f451a6332a705c77f27d87f87499b2e6
all5/Draw_a_cuboid/[0-1][1-4][2-8].wasm,f451a6332a705c77f27d87f87499b2e6
all5/Draw_a_cuboid/[0-1][1-4][2-9].wasm,f451a6332a705c77f27d87f87499b2e6
all5/Draw_a_cuboid/[0-1][1-5].wasm,f451a6332a705c77f27d87f87499b2e6
all5/Draw_a_cuboid/[0-1][1-5][2-10].wasm,f451a6332a705c77f27d87f87499b2e6
all5/Draw_a_cuboid/[0-1][1-5][2-11].wasm,f451a6332a705c77f27d87f87499b2e6
all5/Draw_a_cuboid/[0-1][1-5][2-12].wasm,f451a6332a705c77f27d87f87499b2e6
all5/Draw_a_cuboid/[0-1][1-5][2-13].wasm,f451a6332a705c77f27d87f87499b2e6
all5/Draw_a_cuboid/[0-1][1-5][2-1].wasm,f451a6332a705c77f27d87f87499b2e6
all5/Draw_a_cuboid/[0-1][1-5][2-2].wasm,f451a6332a705c77f27d87f87499b2e6
all5/Draw_a_cuboid/[0-1][1-5][2-3].wasm,f451a6332a705c77f27d87f87499b2e6
all5/Draw_a_cuboid/[0-1][1-5][2-4].wasm,f451a6332a705c77f27d87f87499b2e6
all5/Draw_a_cuboid/[0-1][1-5][2-5].wasm,f451a6332a705c77f27d87f87499b2e6
all5/Draw_a_cuboid/[0-1][1-5][2-6].wasm,f451a6332a705c77f27d87f87499b2e6
all5/Draw_a_cuboid/[0-1][1-5][2-7].wasm,f451a6332a705c77f27d87f87499b2e6
all5/Draw_a_cuboid/[0-1][1-5][2-8].wasm,f451a6332a705c77f27d87f87499b2e6
all5/Draw_a_cuboid/[0-1][1-5][2-9].wasm,f451a6332a705c77f27d87f87499b2e6
all5/Draw_a_cuboid/[0-1][1-6].wasm,f451a6332a705c77f27d87f87499b2e6
all5/Draw_a_cuboid/[0-1][1-6][2-10].wasm,f451a6332a705c77f27d87f87499b2e6
all5/Draw_a_cuboid/[0-1][1-6][2-11].wasm,f451a6332a705c77f27d87f87499b2e6
all5/Draw_a_cuboid/[0-1][1-6][2-12].wasm,f451a6332a705c77f27d87f87499b2e6
all5/Draw_a_cuboid/[0-1][1-6][2-13].wasm,f451a6332a705c77f27d87f87499b2e6
all5/Draw_a_cuboid/[0-1][1-6][2-1].wasm,f451a6332a705c77f27d87f87499b2e6
all5/Draw_a_cuboid/[0-1][1-6][2-2].wasm,f451a6332a705c77f27d87f87499b2e6
all5/Draw_a_cuboid/[0-1][1-6][2-3].wasm,f451a6332a705c77f27d87f87499b2e6
all5/Draw_a_cuboid/[0-1][1-6][2-4].wasm,f451a6332a705c77f27d87f87499b2e6
all5/Draw_a_cuboid/[0-1][1-6][2-5].wasm,f451a6332a705c77f27d87f87499b2e6
all5/Draw_a_cuboid/[0-1][1-6][2-6].wasm,f451a6332a705c77f27d87f87499b2e6
all5/Draw_a_cuboid/[0-1][1-6][2-7].wasm,f451a6332a705c77f27d87f87499b2e6
all5/Draw_a_cuboid/[0-1][1-6][2-8].wasm,f451a6332a705c77f27d87f87499b2e6
all5/Draw_a_cuboid/[0-1][1-6][2-9].wasm,f451a6332a705c77f27d87f87499b2e6
all5/Draw_a_cuboid/[0-1][1-7].wasm,f451a6332a705c77f27d87f87499b2e6
all5/Draw_a_cuboid/[0-1][1-7][2-10].wasm,f451a6332a705c77f27d87f87499b2e6
all5/Draw_a_cuboid/[0-1][1-7][2-11].wasm,f451a6332a705c77f27d87f87499b2e6
all5/Draw_a_cuboid/[0-1][1-7][2-12].wasm,f451a6332a705c77f27d87f87499b2e6
all5/Draw_a_cuboid/[0-1][1-7][2-13].wasm,f451a6332a705c77f27d87f87499b2e6
all5/Draw_a_cuboid/[0-1][1-7][2-1].wasm,f451a6332a705c77f27d87f87499b2e6
all5/Draw_a_cuboid/[0-1][1-7][2-2].wasm,f451a6332a705c77f27d87f87499b2e6
all5/Draw_a_cuboid/[0-1][1-7][2-3].wasm,f451a6332a705c77f27d87f87499b2e6
all5/Draw_a_cuboid/[0-1][1-7][2-4].wasm,f451a6332a705c77f27d87f87499b2e6
all5/Draw_a_cuboid/[0-1][1-7][2-5].wasm,f451a6332a705c77f27d87f87499b2e6
all5/Draw_a_cuboid/[0-1][1-7][2-6].wasm,f451a6332a705c77f27d87f87499b2e6
all5/Draw_a_cuboid/[0-1][1-7][2-7].wasm,f451a6332a705c77f27d87f87499b2e6
all5/Draw_a_cuboid/[0-1][1-7][2-8].wasm,f451a6332a705c77f27d87f87499b2e6
all5/Draw_a_cuboid/[0-1][1-7][2-9].wasm,f451a6332a705c77f27d87f87499b2e6
all5/Draw_a_cuboid/[0-1][1-8].wasm,f451a6332a705c77f27d87f87499b2e6
all5/Draw_a_cuboid/[0-1][1-8][2-10].wasm,f451a6332a705c77f27d87f87499b2e6
all5/Draw_a_cuboid/[0-1][1-8][2-11].wasm,f451a6332a705c77f27d87f87499b2e6
all5/Draw_a_cuboid/[0-1][1-8][2-12].wasm,f451a6332a705c77f27d87f87499b2e6
all5/Draw_a_cuboid/[0-1][1-8][2-13].wasm,f451a6332a705c77f27d87f87499b2e6
all5/Draw_a_cuboid/[0-1][1-8][2-1].wasm,f451a6332a705c77f27d87f87499b2e6
all5/Draw_a_cuboid/[0-1][1-8][2-2].wasm,f451a6332a705c77f27d87f87499b2e6
all5/Draw_a_cuboid/[0-1][1-8][2-3].wasm,f451a6332a705c77f27d87f87499b2e6
all5/Draw_a_cuboid/[0-1][1-8][2-4].wasm,f451a6332a705c77f27d87f87499b2e6
all5/Draw_a_cuboid/[0-1][1-8][2-5].wasm,f451a6332a705c77f27d87f87499b2e6
all5/Draw_a_cuboid/[0-1][1-8][2-6].wasm,f451a6332a705c77f27d87f87499b2e6
all5/Draw_a_cuboid/[0-1][1-8][2-7].wasm,f451a6332a705c77f27d87f87499b2e6
all5/Draw_a_cuboid/[0-1][1-8][2-8].wasm,f451a6332a705c77f27d87f87499b2e6
all5/Draw_a_cuboid/[0-1][1-8][2-9].wasm,f451a6332a705c77f27d87f87499b2e6
all5/Draw_a_cuboid/[0-1][2-10].wasm,f451a6332a705c77f27d87f87499b2e6
all5/Draw_a_cuboid/[0-1][2-11].wasm,f451a6332a705c77f27d87f87499b2e6
all5/Draw_a_cuboid/[0-1][2-12].wasm,f451a6332a705c77f27d87f87499b2e6
all5/Draw_a_cuboid/[0-1][2-13].wasm,f451a6332a705c77f27d87f87499b2e6
all5/Draw_a_cuboid/[0-1][2-1].wasm,f451a6332a705c77f27d87f87499b2e6
all5/Draw_a_cuboid/[0-1][2-2].wasm,f451a6332a705c77f27d87f87499b2e6
all5/Draw_a_cuboid/[0-1][2-3].wasm,f451a6332a705c77f27d87f87499b2e6
all5/Draw_a_cuboid/[0-1][2-4].wasm,f451a6332a705c77f27d87f87499b2e6
all5/Draw_a_cuboid/[0-1][2-5].wasm,f451a6332a705c77f27d87f87499b2e6
all5/Draw_a_cuboid/[0-1][2-6].wasm,f451a6332a705c77f27d87f87499b2e6
all5/Draw_a_cuboid/[0-1][2-7].wasm,f451a6332a705c77f27d87f87499b2e6
all5/Draw_a_cuboid/[0-1][2-8].wasm,f451a6332a705c77f27d87f87499b2e6
all5/Draw_a_cuboid/[0-1][2-9].wasm,f451a6332a705c77f27d87f87499b2e6
all5/Draw_a_cuboid/[0-2].wasm,f451a6332a705c77f27d87f87499b2e6
all5/Draw_a_cuboid/[0-2][1-1].wasm,f451a6332a705c77f27d87f87499b2e6
all5/Draw_a_cuboid/[0-2][1-1][2-10].wasm,f451a6332a705c77f27d87f87499b2e6
all5/Draw_a_cuboid/[0-2][1-1][2-11].wasm,f451a6332a705c77f27d87f87499b2e6
all5/Draw_a_cuboid/[0-2][1-1][2-12].wasm,f451a6332a705c77f27d87f87499b2e6
all5/Draw_a_cuboid/[0-2][1-1][2-13].wasm,f451a6332a705c77f27d87f87499b2e6
all5/Draw_a_cuboid/[0-2][1-1][2-1].wasm,f451a6332a705c77f27d87f87499b2e6
all5/Draw_a_cuboid/[0-2][1-1][2-2].wasm,f451a6332a705c77f27d87f87499b2e6
all5/Draw_a_cuboid/[0-2][1-1][2-3].wasm,f451a6332a705c77f27d87f87499b2e6
all5/Draw_a_cuboid/[0-2][1-1][2-4].wasm,f451a6332a705c77f27d87f87499b2e6
all5/Draw_a_cuboid/[0-2][1-1][2-5].wasm,f451a6332a705c77f27d87f87499b2e6
all5/Draw_a_cuboid/[0-2][1-1][2-6].wasm,f451a6332a705c77f27d87f87499b2e6
all5/Draw_a_cuboid/[0-2][1-1][2-7].wasm,f451a6332a705c77f27d87f87499b2e6
all5/Draw_a_cuboid/[0-2][1-1][2-8].wasm,f451a6332a705c77f27d87f87499b2e6
all5/Draw_a_cuboid/[0-2][1-1][2-9].wasm,f451a6332a705c77f27d87f87499b2e6
all5/Draw_a_cuboid/[0-2][1-2].wasm,f451a6332a705c77f27d87f87499b2e6
all5/Draw_a_cuboid/[0-2][1-2][2-10].wasm,f451a6332a705c77f27d87f87499b2e6
all5/Draw_a_cuboid/[0-2][1-2][2-11].wasm,f451a6332a705c77f27d87f87499b2e6
all5/Draw_a_cuboid/[0-2][1-2][2-12].wasm,f451a6332a705c77f27d87f87499b2e6
all5/Draw_a_cuboid/[0-2][1-2][2-13].wasm,f451a6332a705c77f27d87f87499b2e6
all5/Draw_a_cuboid/[0-2][1-2][2-1].wasm,f451a6332a705c77f27d87f87499b2e6
all5/Draw_a_cuboid/[0-2][1-2][2-2].wasm,f451a6332a705c77f27d87f87499b2e6
all5/Draw_a_cuboid/[0-2][1-2][2-3].wasm,f451a6332a705c77f27d87f87499b2e6
all5/Draw_a_cuboid/[0-2][1-2][2-4].wasm,f451a6332a705c77f27d87f87499b2e6
all5/Draw_a_cuboid/[0-2][1-2][2-5].wasm,f451a6332a705c77f27d87f87499b2e6
all5/Draw_a_cuboid/[0-2][1-2][2-6].wasm,f451a6332a705c77f27d87f87499b2e6
all5/Draw_a_cuboid/[0-2][1-2][2-7].wasm,f451a6332a705c77f27d87f87499b2e6
all5/Draw_a_cuboid/[0-2][1-2][2-8].wasm,f451a6332a705c77f27d87f87499b2e6
all5/Draw_a_cuboid/[0-2][1-2][2-9].wasm,f451a6332a705c77f27d87f87499b2e6
all5/Draw_a_cuboid/[0-2][1-3].wasm,f451a6332a705c77f27d87f87499b2e6
all5/Draw_a_cuboid/[0-2][1-3][2-10].wasm,f451a6332a705c77f27d87f87499b2e6
all5/Draw_a_cuboid/[0-2][1-3][2-11].wasm,f451a6332a705c77f27d87f87499b2e6
all5/Draw_a_cuboid/[0-2][1-3][2-12].wasm,f451a6332a705c77f27d87f87499b2e6
all5/Draw_a_cuboid/[0-2][1-3][2-13].wasm,f451a6332a705c77f27d87f87499b2e6
all5/Draw_a_cuboid/[0-2][1-3][2-1].wasm,f451a6332a705c77f27d87f87499b2e6
all5/Draw_a_cuboid/[0-2][1-3][2-2].wasm,f451a6332a705c77f27d87f87499b2e6
all5/Draw_a_cuboid/[0-2][1-3][2-3].wasm,f451a6332a705c77f27d87f87499b2e6
all5/Draw_a_cuboid/[0-2][1-3][2-4].wasm,f451a6332a705c77f27d87f87499b2e6
all5/Draw_a_cuboid/[0-2][1-3][2-5].wasm,f451a6332a705c77f27d87f87499b2e6
all5/Draw_a_cuboid/[0-2][1-3][2-6].wasm,f451a6332a705c77f27d87f87499b2e6
all5/Draw_a_cuboid/[0-2][1-3][2-7].wasm,f451a6332a705c77f27d87f87499b2e6
all5/Draw_a_cuboid/[0-2][1-3][2-8].wasm,f451a6332a705c77f27d87f87499b2e6
all5/Draw_a_cuboid/[0-2][1-3][2-9].wasm,f451a6332a705c77f27d87f87499b2e6
all5/Draw_a_cuboid/[0-2][1-4].wasm,f451a6332a705c77f27d87f87499b2e6
all5/Draw_a_cuboid/[0-2][1-4][2-10].wasm,f451a6332a705c77f27d87f87499b2e6
all5/Draw_a_cuboid/[0-2][1-4][2-11].wasm,f451a6332a705c77f27d87f87499b2e6
all5/Draw_a_cuboid/[0-2][1-4][2-12].wasm,f451a6332a705c77f27d87f87499b2e6
all5/Draw_a_cuboid/[0-2][1-4][2-13].wasm,f451a6332a705c77f27d87f87499b2e6
all5/Draw_a_cuboid/[0-2][1-4][2-1].wasm,f451a6332a705c77f27d87f87499b2e6
all5/Draw_a_cuboid/[0-2][1-4][2-2].wasm,f451a6332a705c77f27d87f87499b2e6
all5/Draw_a_cuboid/[0-2][1-4][2-3].wasm,f451a6332a705c77f27d87f87499b2e6
all5/Draw_a_cuboid/[0-2][1-4][2-4].wasm,f451a6332a705c77f27d87f87499b2e6
all5/Draw_a_cuboid/[0-2][1-4][2-5].wasm,f451a6332a705c77f27d87f87499b2e6
all5/Draw_a_cuboid/[0-2][1-4][2-6].wasm,f451a6332a705c77f27d87f87499b2e6
all5/Draw_a_cuboid/[0-2][1-4][2-7].wasm,f451a6332a705c77f27d87f87499b2e6
all5/Draw_a_cuboid/[0-2][1-4][2-8].wasm,f451a6332a705c77f27d87f87499b2e6
all5/Draw_a_cuboid/[0-2][1-4][2-9].wasm,f451a6332a705c77f27d87f87499b2e6
all5/Draw_a_cuboid/[0-2][1-5].wasm,f451a6332a705c77f27d87f87499b2e6
all5/Draw_a_cuboid/[0-2][1-5][2-10].wasm,f451a6332a705c77f27d87f87499b2e6
all5/Draw_a_cuboid/[0-2][1-5][2-11].wasm,f451a6332a705c77f27d87f87499b2e6
all5/Draw_a_cuboid/[0-2][1-5][2-12].wasm,f451a6332a705c77f27d87f87499b2e6
all5/Draw_a_cuboid/[0-2][1-5][2-13].wasm,f451a6332a705c77f27d87f87499b2e6
all5/Draw_a_cuboid/[0-2][1-5][2-1].wasm,f451a6332a705c77f27d87f87499b2e6
all5/Draw_a_cuboid/[0-2][1-5][2-2].wasm,f451a6332a705c77f27d87f87499b2e6
all5/Draw_a_cuboid/[0-2][1-5][2-3].wasm,f451a6332a705c77f27d87f87499b2e6
all5/Draw_a_cuboid/[0-2][1-5][2-4].wasm,f451a6332a705c77f27d87f87499b2e6
all5/Draw_a_cuboid/[0-2][1-5][2-5].wasm,f451a6332a705c77f27d87f87499b2e6
all5/Draw_a_cuboid/[0-2][1-5][2-6].wasm,f451a6332a705c77f27d87f87499b2e6
all5/Draw_a_cuboid/[0-2][1-5][2-7].wasm,f451a6332a705c77f27d87f87499b2e6
all5/Draw_a_cuboid/[0-2][1-5][2-8].wasm,f451a6332a705c77f27d87f87499b2e6
all5/Draw_a_cuboid/[0-2][1-5][2-9].wasm,f451a6332a705c77f27d87f87499b2e6
all5/Draw_a_cuboid/[0-2][1-6].wasm,f451a6332a705c77f27d87f87499b2e6
all5/Draw_a_cuboid/[0-2][1-6][2-10].wasm,f451a6332a705c77f27d87f87499b2e6
all5/Draw_a_cuboid/[0-2][1-6][2-11].wasm,f451a6332a705c77f27d87f87499b2e6
all5/Draw_a_cuboid/[0-2][1-6][2-12].wasm,f451a6332a705c77f27d87f87499b2e6
all5/Draw_a_cuboid/[0-2][1-6][2-13].wasm,f451a6332a705c77f27d87f87499b2e6
all5/Draw_a_cuboid/[0-2][1-6][2-1].wasm,f451a6332a705c77f27d87f87499b2e6
all5/Draw_a_cuboid/[0-2][1-6][2-2].wasm,f451a6332a705c77f27d87f87499b2e6
all5/Draw_a_cuboid/[0-2][1-6][2-3].wasm,f451a6332a705c77f27d87f87499b2e6
all5/Draw_a_cuboid/[0-2][1-6][2-4].wasm,f451a6332a705c77f27d87f87499b2e6
all5/Draw_a_cuboid/[0-2][1-6][2-5].wasm,f451a6332a705c77f27d87f87499b2e6
all5/Draw_a_cuboid/[0-2][1-6][2-6].wasm,f451a6332a705c77f27d87f87499b2e6
all5/Draw_a_cuboid/[0-2][1-6][2-7].wasm,f451a6332a705c77f27d87f87499b2e6
all5/Draw_a_cuboid/[0-2][1-6][2-8].wasm,f451a6332a705c77f27d87f87499b2e6
all5/Draw_a_cuboid/[0-2][1-6][2-9].wasm,f451a6332a705c77f27d87f87499b2e6
all5/Draw_a_cuboid/[0-2][1-7].wasm,f451a6332a705c77f27d87f87499b2e6
all5/Draw_a_cuboid/[0-2][1-7][2-10].wasm,f451a6332a705c77f27d87f87499b2e6
all5/Draw_a_cuboid/[0-2][1-7][2-11].wasm,f451a6332a705c77f27d87f87499b2e6
all5/Draw_a_cuboid/[0-2][1-7][2-12].wasm,f451a6332a705c77f27d87f87499b2e6
all5/Draw_a_cuboid/[0-2][1-7][2-13].wasm,f451a6332a705c77f27d87f87499b2e6
all5/Draw_a_cuboid/[0-2][1-7][2-1].wasm,f451a6332a705c77f27d87f87499b2e6
all5/Draw_a_cuboid/[0-2][1-7][2-2].wasm,f451a6332a705c77f27d87f87499b2e6
all5/Draw_a_cuboid/[0-2][1-7][2-3].wasm,f451a6332a705c77f27d87f87499b2e6
all5/Draw_a_cuboid/[0-2][1-7][2-4].wasm,f451a6332a705c77f27d87f87499b2e6
all5/Draw_a_cuboid/[0-2][1-7][2-5].wasm,f451a6332a705c77f27d87f87499b2e6
all5/Draw_a_cuboid/[0-2][1-7][2-6].wasm,f451a6332a705c77f27d87f87499b2e6
all5/Draw_a_cuboid/[0-2][1-7][2-7].wasm,f451a6332a705c77f27d87f87499b2e6
all5/Draw_a_cuboid/[0-2][1-7][2-8].wasm,f451a6332a705c77f27d87f87499b2e6
all5/Draw_a_cuboid/[0-2][1-7][2-9].wasm,f451a6332a705c77f27d87f87499b2e6
all5/Draw_a_cuboid/[0-2][1-8].wasm,f451a6332a705c77f27d87f87499b2e6
all5/Draw_a_cuboid/[0-2][1-8][2-10].wasm,f451a6332a705c77f27d87f87499b2e6
all5/Draw_a_cuboid/[0-2][1-8][2-11].wasm,f451a6332a705c77f27d87f87499b2e6
all5/Draw_a_cuboid/[0-2][1-8][2-12].wasm,f451a6332a705c77f27d87f87499b2e6
all5/Draw_a_cuboid/[0-2][1-8][2-13].wasm,f451a6332a705c77f27d87f87499b2e6
all5/Draw_a_cuboid/[0-2][1-8][2-1].wasm,f451a6332a705c77f27d87f87499b2e6
all5/Draw_a_cuboid/[0-2][1-8][2-2].wasm,f451a6332a705c77f27d87f87499b2e6
all5/Draw_a_cuboid/[0-2][1-8][2-3].wasm,f451a6332a705c77f27d87f87499b2e6
all5/Draw_a_cuboid/[0-2][1-8][2-4].wasm,f451a6332a705c77f27d87f87499b2e6
all5/Draw_a_cuboid/[0-2][1-8][2-5].wasm,f451a6332a705c77f27d87f87499b2e6
all5/Draw_a_cuboid/[0-2][1-8][2-6].wasm,f451a6332a705c77f27d87f87499b2e6
all5/Draw_a_cuboid/[0-2][1-8][2-7].wasm,f451a6332a705c77f27d87f87499b2e6
all5/Draw_a_cuboid/[0-2][1-8][2-8].wasm,f451a6332a705c77f27d87f87499b2e6
all5/Draw_a_cuboid/[0-2][1-8][2-9].wasm,f451a6332a705c77f27d87f87499b2e6
all5/Draw_a_cuboid/[0-2][2-10].wasm,f451a6332a705c77f27d87f87499b2e6
all5/Draw_a_cuboid/[0-2][2-11].wasm,f451a6332a705c77f27d87f87499b2e6
all5/Draw_a_cuboid/[0-2][2-12].wasm,f451a6332a705c77f27d87f87499b2e6
all5/Draw_a_cuboid/[0-2][2-13].wasm,f451a6332a705c77f27d87f87499b2e6
all5/Draw_a_cuboid/[0-2][2-1].wasm,f451a6332a705c77f27d87f87499b2e6
all5/Draw_a_cuboid/[0-2][2-2].wasm,f451a6332a705c77f27d87f87499b2e6
all5/Draw_a_cuboid/[0-2][2-3].wasm,f451a6332a705c77f27d87f87499b2e6
all5/Draw_a_cuboid/[0-2][2-4].wasm,f451a6332a705c77f27d87f87499b2e6
all5/Draw_a_cuboid/[0-2][2-5].wasm,f451a6332a705c77f27d87f87499b2e6
all5/Draw_a_cuboid/[0-2][2-6].wasm,f451a6332a705c77f27d87f87499b2e6
all5/Draw_a_cuboid/[0-2][2-7].wasm,f451a6332a705c77f27d87f87499b2e6
all5/Draw_a_cuboid/[0-2][2-8].wasm,f451a6332a705c77f27d87f87499b2e6
all5/Draw_a_cuboid/[0-2][2-9].wasm,f451a6332a705c77f27d87f87499b2e6
all5/Draw_a_cuboid/[0-3].wasm,f451a6332a705c77f27d87f87499b2e6
all5/Draw_a_cuboid/[0-3][1-1].wasm,f451a6332a705c77f27d87f87499b2e6
all5/Draw_a_cuboid/[0-3][1-1][2-10].wasm,f451a6332a705c77f27d87f87499b2e6
all5/Draw_a_cuboid/[0-3][1-1][2-11].wasm,f451a6332a705c77f27d87f87499b2e6
all5/Draw_a_cuboid/[0-3][1-1][2-12].wasm,f451a6332a705c77f27d87f87499b2e6
all5/Draw_a_cuboid/[0-3][1-1][2-13].wasm,f451a6332a705c77f27d87f87499b2e6
all5/Draw_a_cuboid/[0-3][1-1][2-1].wasm,f451a6332a705c77f27d87f87499b2e6
all5/Draw_a_cuboid/[0-3][1-1][2-2].wasm,f451a6332a705c77f27d87f87499b2e6
all5/Draw_a_cuboid/[0-3][1-1][2-3].wasm,f451a6332a705c77f27d87f87499b2e6
all5/Draw_a_cuboid/[0-3][1-1][2-4].wasm,f451a6332a705c77f27d87f87499b2e6
all5/Draw_a_cuboid/[0-3][1-1][2-5].wasm,f451a6332a705c77f27d87f87499b2e6
all5/Draw_a_cuboid/[0-3][1-1][2-6].wasm,f451a6332a705c77f27d87f87499b2e6
all5/Draw_a_cuboid/[0-3][1-1][2-7].wasm,f451a6332a705c77f27d87f87499b2e6
all5/Draw_a_cuboid/[0-3][1-1][2-8].wasm,f451a6332a705c77f27d87f87499b2e6
all5/Draw_a_cuboid/[0-3][1-1][2-9].wasm,f451a6332a705c77f27d87f87499b2e6
all5/Draw_a_cuboid/[0-3][1-2].wasm,f451a6332a705c77f27d87f87499b2e6
all5/Draw_a_cuboid/[0-3][1-2][2-10].wasm,f451a6332a705c77f27d87f87499b2e6
all5/Draw_a_cuboid/[0-3][1-2][2-11].wasm,f451a6332a705c77f27d87f87499b2e6
all5/Draw_a_cuboid/[0-3][1-2][2-12].wasm,f451a6332a705c77f27d87f87499b2e6
all5/Draw_a_cuboid/[0-3][1-2][2-13].wasm,f451a6332a705c77f27d87f87499b2e6
all5/Draw_a_cuboid/[0-3][1-2][2-1].wasm,f451a6332a705c77f27d87f87499b2e6
all5/Draw_a_cuboid/[0-3][1-2][2-2].wasm,f451a6332a705c77f27d87f87499b2e6
all5/Draw_a_cuboid/[0-3][1-2][2-3].wasm,f451a6332a705c77f27d87f87499b2e6
all5/Draw_a_cuboid/[0-3][1-2][2-4].wasm,f451a6332a705c77f27d87f87499b2e6
all5/Draw_a_cuboid/[0-3][1-2][2-5].wasm,f451a6332a705c77f27d87f87499b2e6
all5/Draw_a_cuboid/[0-3][1-2][2-6].wasm,f451a6332a705c77f27d87f87499b2e6
all5/Draw_a_cuboid/[0-3][1-2][2-7].wasm,f451a6332a705c77f27d87f87499b2e6
all5/Draw_a_cuboid/[0-3][1-2][2-8].wasm,f451a6332a705c77f27d87f87499b2e6
all5/Draw_a_cuboid/[0-3][1-2][2-9].wasm,f451a6332a705c77f27d87f87499b2e6
all5/Draw_a_cuboid/[0-3][1-3].wasm,f451a6332a705c77f27d87f87499b2e6
all5/Draw_a_cuboid/[0-3][1-3][2-10].wasm,f451a6332a705c77f27d87f87499b2e6
all5/Draw_a_cuboid/[0-3][1-3][2-11].wasm,f451a6332a705c77f27d87f87499b2e6
all5/Draw_a_cuboid/[0-3][1-3][2-12].wasm,f451a6332a705c77f27d87f87499b2e6
all5/Draw_a_cuboid/[0-3][1-3][2-13].wasm,f451a6332a705c77f27d87f87499b2e6
all5/Draw_a_cuboid/[0-3][1-3][2-1].wasm,f451a6332a705c77f27d87f87499b2e6
all5/Draw_a_cuboid/[0-3][1-3][2-2].wasm,f451a6332a705c77f27d87f87499b2e6
all5/Draw_a_cuboid/[0-3][1-3][2-3].wasm,f451a6332a705c77f27d87f87499b2e6
all5/Draw_a_cuboid/[0-3][1-3][2-4].wasm,f451a6332a705c77f27d87f87499b2e6
all5/Draw_a_cuboid/[0-3][1-3][2-5].wasm,f451a6332a705c77f27d87f87499b2e6
all5/Draw_a_cuboid/[0-3][1-3][2-6].wasm,f451a6332a705c77f27d87f87499b2e6
all5/Draw_a_cuboid/[0-3][1-3][2-7].wasm,f451a6332a705c77f27d87f87499b2e6
all5/Draw_a_cuboid/[0-3][1-3][2-8].wasm,f451a6332a705c77f27d87f87499b2e6
all5/Draw_a_cuboid/[0-3][1-3][2-9].wasm,f451a6332a705c77f27d87f87499b2e6
all5/Draw_a_cuboid/[0-3][1-4].wasm,f451a6332a705c77f27d87f87499b2e6
all5/Draw_a_cuboid/[0-3][1-4][2-10].wasm,f451a6332a705c77f27d87f87499b2e6
all5/Draw_a_cuboid/[0-3][1-4][2-11].wasm,f451a6332a705c77f27d87f87499b2e6
all5/Draw_a_cuboid/[0-3][1-4][2-12].wasm,f451a6332a705c77f27d87f87499b2e6
all5/Draw_a_cuboid/[0-3][1-4][2-13].wasm,f451a6332a705c77f27d87f87499b2e6
all5/Draw_a_cuboid/[0-3][1-4][2-1].wasm,f451a6332a705c77f27d87f87499b2e6
all5/Draw_a_cuboid/[0-3][1-4][2-2].wasm,f451a6332a705c77f27d87f87499b2e6
all5/Draw_a_cuboid/[0-3][1-4][2-3].wasm,f451a6332a705c77f27d87f87499b2e6
all5/Draw_a_cuboid/[0-3][1-4][2-4].wasm,f451a6332a705c77f27d87f87499b2e6
all5/Draw_a_cuboid/[0-3][1-4][2-5].wasm,f451a6332a705c77f27d87f87499b2e6
all5/Draw_a_cuboid/[0-3][1-4][2-6].wasm,f451a6332a705c77f27d87f87499b2e6
all5/Draw_a_cuboid/[0-3][1-4][2-7].wasm,f451a6332a705c77f27d87f87499b2e6
all5/Draw_a_cuboid/[0-3][1-4][2-8].wasm,f451a6332a705c77f27d87f87499b2e6
all5/Draw_a_cuboid/[0-3][1-4][2-9].wasm,f451a6332a705c77f27d87f87499b2e6
all5/Draw_a_cuboid/[0-3][1-5].wasm,f451a6332a705c77f27d87f87499b2e6
all5/Draw_a_cuboid/[0-3][1-5][2-10].wasm,f451a6332a705c77f27d87f87499b2e6
all5/Draw_a_cuboid/[0-3][1-5][2-11].wasm,f451a6332a705c77f27d87f87499b2e6
all5/Draw_a_cuboid/[0-3][1-5][2-12].wasm,f451a6332a705c77f27d87f87499b2e6
all5/Draw_a_cuboid/[0-3][1-5][2-13].wasm,f451a6332a705c77f27d87f87499b2e6
all5/Draw_a_cuboid/[0-3][1-5][2-1].wasm,f451a6332a705c77f27d87f87499b2e6
all5/Draw_a_cuboid/[0-3][1-5][2-2].wasm,f451a6332a705c77f27d87f87499b2e6
all5/Draw_a_cuboid/[0-3][1-5][2-3].wasm,f451a6332a705c77f27d87f87499b2e6
all5/Draw_a_cuboid/[0-3][1-5][2-4].wasm,f451a6332a705c77f27d87f87499b2e6
all5/Draw_a_cuboid/[0-3][1-5][2-5].wasm,f451a6332a705c77f27d87f87499b2e6
all5/Draw_a_cuboid/[0-3][1-5][2-6].wasm,f451a6332a705c77f27d87f87499b2e6
all5/Draw_a_cuboid/[0-3][1-5][2-7].wasm,f451a6332a705c77f27d87f87499b2e6
all5/Draw_a_cuboid/[0-3][1-5][2-8].wasm,f451a6332a705c77f27d87f87499b2e6
all5/Draw_a_cuboid/[0-3][1-5][2-9].wasm,f451a6332a705c77f27d87f87499b2e6
all5/Draw_a_cuboid/[0-3][1-6].wasm,f451a6332a705c77f27d87f87499b2e6
all5/Draw_a_cuboid/[0-3][1-6][2-10].wasm,f451a6332a705c77f27d87f87499b2e6
all5/Draw_a_cuboid/[0-3][1-6][2-11].wasm,f451a6332a705c77f27d87f87499b2e6
all5/Draw_a_cuboid/[0-3][1-6][2-12].wasm,f451a6332a705c77f27d87f87499b2e6
all5/Draw_a_cuboid/[0-3][1-6][2-13].wasm,f451a6332a705c77f27d87f87499b2e6
all5/Draw_a_cuboid/[0-3][1-6][2-1].wasm,f451a6332a705c77f27d87f87499b2e6
all5/Draw_a_cuboid/[0-3][1-6][2-2].wasm,f451a6332a705c77f27d87f87499b2e6
all5/Draw_a_cuboid/[0-3][1-6][2-3].wasm,f451a6332a705c77f27d87f87499b2e6
all5/Draw_a_cuboid/[0-3][1-6][2-4].wasm,f451a6332a705c77f27d87f87499b2e6
all5/Draw_a_cuboid/[0-3][1-6][2-5].wasm,f451a6332a705c77f27d87f87499b2e6
all5/Draw_a_cuboid/[0-3][1-6][2-6].wasm,f451a6332a705c77f27d87f87499b2e6
all5/Draw_a_cuboid/[0-3][1-6][2-7].wasm,f451a6332a705c77f27d87f87499b2e6
all5/Draw_a_cuboid/[0-3][1-6][2-8].wasm,f451a6332a705c77f27d87f87499b2e6
all5/Draw_a_cuboid/[0-3][1-6][2-9].wasm,f451a6332a705c77f27d87f87499b2e6
all5/Draw_a_cuboid/[0-3][1-7].wasm,f451a6332a705c77f27d87f87499b2e6
all5/Draw_a_cuboid/[0-3][1-7][2-10].wasm,f451a6332a705c77f27d87f87499b2e6
all5/Draw_a_cuboid/[0-3][1-7][2-11].wasm,f451a6332a705c77f27d87f87499b2e6
all5/Draw_a_cuboid/[0-3][1-7][2-12].wasm,f451a6332a705c77f27d87f87499b2e6
all5/Draw_a_cuboid/[0-3][1-7][2-13].wasm,f451a6332a705c77f27d87f87499b2e6
all5/Draw_a_cuboid/[0-3][1-7][2-1].wasm,f451a6332a705c77f27d87f87499b2e6
all5/Draw_a_cuboid/[0-3][1-7][2-2].wasm,f451a6332a705c77f27d87f87499b2e6
all5/Draw_a_cuboid/[0-3][1-7][2-3].wasm,f451a6332a705c77f27d87f87499b2e6
all5/Draw_a_cuboid/[0-3][1-7][2-4].wasm,f451a6332a705c77f27d87f87499b2e6
all5/Draw_a_cuboid/[0-3][1-7][2-5].wasm,f451a6332a705c77f27d87f87499b2e6
all5/Draw_a_cuboid/[0-3][1-7][2-6].wasm,f451a6332a705c77f27d87f87499b2e6
all5/Draw_a_cuboid/[0-3][1-7][2-7].wasm,f451a6332a705c77f27d87f87499b2e6
all5/Draw_a_cuboid/[0-3][1-7][2-8].wasm,f451a6332a705c77f27d87f87499b2e6
all5/Draw_a_cuboid/[0-3][1-7][2-9].wasm,f451a6332a705c77f27d87f87499b2e6
all5/Draw_a_cuboid/[0-3][1-8].wasm,f451a6332a705c77f27d87f87499b2e6
all5/Draw_a_cuboid/[0-3][1-8][2-10].wasm,f451a6332a705c77f27d87f87499b2e6
all5/Draw_a_cuboid/[0-3][1-8][2-11].wasm,f451a6332a705c77f27d87f87499b2e6
all5/Draw_a_cuboid/[0-3][1-8][2-12].wasm,f451a6332a705c77f27d87f87499b2e6
all5/Draw_a_cuboid/[0-3][1-8][2-13].wasm,f451a6332a705c77f27d87f87499b2e6
all5/Draw_a_cuboid/[0-3][1-8][2-1].wasm,f451a6332a705c77f27d87f87499b2e6
all5/Draw_a_cuboid/[0-3][1-8][2-2].wasm,f451a6332a705c77f27d87f87499b2e6
all5/Draw_a_cuboid/[0-3][1-8][2-3].wasm,f451a6332a705c77f27d87f87499b2e6
all5/Draw_a_cuboid/[0-3][1-8][2-4].wasm,f451a6332a705c77f27d87f87499b2e6
all5/Draw_a_cuboid/[0-3][1-8][2-5].wasm,f451a6332a705c77f27d87f87499b2e6
all5/Draw_a_cuboid/[0-3][1-8][2-6].wasm,f451a6332a705c77f27d87f87499b2e6
all5/Draw_a_cuboid/[0-3][1-8][2-7].wasm,f451a6332a705c77f27d87f87499b2e6
all5/Draw_a_cuboid/[0-3][1-8][2-8].wasm,f451a6332a705c77f27d87f87499b2e6
all5/Draw_a_cuboid/[0-3][1-8][2-9].wasm,f451a6332a705c77f27d87f87499b2e6
all5/Draw_a_cuboid/[0-3][2-10].wasm,f451a6332a705c77f27d87f87499b2e6
all5/Draw_a_cuboid/[0-3][2-11].wasm,f451a6332a705c77f27d87f87499b2e6
all5/Draw_a_cuboid/[0-3][2-12].wasm,f451a6332a705c77f27d87f87499b2e6
all5/Draw_a_cuboid/[0-3][2-13].wasm,f451a6332a705c77f27d87f87499b2e6
all5/Draw_a_cuboid/[0-3][2-1].wasm,f451a6332a705c77f27d87f87499b2e6
all5/Draw_a_cuboid/[0-3][2-2].wasm,f451a6332a705c77f27d87f87499b2e6
all5/Draw_a_cuboid/[0-3][2-3].wasm,f451a6332a705c77f27d87f87499b2e6
all5/Draw_a_cuboid/[0-3][2-4].wasm,f451a6332a705c77f27d87f87499b2e6
all5/Draw_a_cuboid/[0-3][2-5].wasm,f451a6332a705c77f27d87f87499b2e6
all5/Draw_a_cuboid/[0-3][2-6].wasm,f451a6332a705c77f27d87f87499b2e6
all5/Draw_a_cuboid/[0-3][2-7].wasm,f451a6332a705c77f27d87f87499b2e6
all5/Draw_a_cuboid/[0-3][2-8].wasm,f451a6332a705c77f27d87f87499b2e6
all5/Draw_a_cuboid/[0-3][2-9].wasm,f451a6332a705c77f27d87f87499b2e6
all5/Draw_a_cuboid/[0-4].wasm,f451a6332a705c77f27d87f87499b2e6
all5/Draw_a_cuboid/[0-4][1-1].wasm,f451a6332a705c77f27d87f87499b2e6
all5/Draw_a_cuboid/[0-4][1-1][2-10].wasm,f451a6332a705c77f27d87f87499b2e6
all5/Draw_a_cuboid/[0-4][1-1][2-11].wasm,f451a6332a705c77f27d87f87499b2e6
all5/Draw_a_cuboid/[0-4][1-1][2-12].wasm,f451a6332a705c77f27d87f87499b2e6
all5/Draw_a_cuboid/[0-4][1-1][2-13].wasm,f451a6332a705c77f27d87f87499b2e6
all5/Draw_a_cuboid/[0-4][1-1][2-1].wasm,f451a6332a705c77f27d87f87499b2e6
all5/Draw_a_cuboid/[0-4][1-1][2-2].wasm,f451a6332a705c77f27d87f87499b2e6
all5/Draw_a_cuboid/[0-4][1-1][2-3].wasm,f451a6332a705c77f27d87f87499b2e6
all5/Draw_a_cuboid/[0-4][1-1][2-4].wasm,f451a6332a705c77f27d87f87499b2e6
all5/Draw_a_cuboid/[0-4][1-1][2-5].wasm,f451a6332a705c77f27d87f87499b2e6
all5/Draw_a_cuboid/[0-4][1-1][2-6].wasm,f451a6332a705c77f27d87f87499b2e6
all5/Draw_a_cuboid/[0-4][1-1][2-7].wasm,f451a6332a705c77f27d87f87499b2e6
all5/Draw_a_cuboid/[0-4][1-1][2-8].wasm,f451a6332a705c77f27d87f87499b2e6
all5/Draw_a_cuboid/[0-4][1-1][2-9].wasm,f451a6332a705c77f27d87f87499b2e6
all5/Draw_a_cuboid/[0-4][1-2].wasm,f451a6332a705c77f27d87f87499b2e6
all5/Draw_a_cuboid/[0-4][1-2][2-10].wasm,f451a6332a705c77f27d87f87499b2e6
all5/Draw_a_cuboid/[0-4][1-2][2-11].wasm,f451a6332a705c77f27d87f87499b2e6
all5/Draw_a_cuboid/[0-4][1-2][2-12].wasm,f451a6332a705c77f27d87f87499b2e6
all5/Draw_a_cuboid/[0-4][1-2][2-13].wasm,f451a6332a705c77f27d87f87499b2e6
all5/Draw_a_cuboid/[0-4][1-2][2-1].wasm,f451a6332a705c77f27d87f87499b2e6
all5/Draw_a_cuboid/[0-4][1-2][2-2].wasm,f451a6332a705c77f27d87f87499b2e6
all5/Draw_a_cuboid/[0-4][1-2][2-3].wasm,f451a6332a705c77f27d87f87499b2e6
all5/Draw_a_cuboid/[0-4][1-2][2-4].wasm,f451a6332a705c77f27d87f87499b2e6
all5/Draw_a_cuboid/[0-4][1-2][2-5].wasm,f451a6332a705c77f27d87f87499b2e6
all5/Draw_a_cuboid/[0-4][1-2][2-6].wasm,f451a6332a705c77f27d87f87499b2e6
all5/Draw_a_cuboid/[0-4][1-2][2-7].wasm,f451a6332a705c77f27d87f87499b2e6
all5/Draw_a_cuboid/[0-4][1-2][2-8].wasm,f451a6332a705c77f27d87f87499b2e6
all5/Draw_a_cuboid/[0-4][1-2][2-9].wasm,f451a6332a705c77f27d87f87499b2e6
all5/Draw_a_cuboid/[0-4][1-3].wasm,f451a6332a705c77f27d87f87499b2e6
all5/Draw_a_cuboid/[0-4][1-3][2-10].wasm,f451a6332a705c77f27d87f87499b2e6
all5/Draw_a_cuboid/[0-4][1-3][2-11].wasm,f451a6332a705c77f27d87f87499b2e6
all5/Draw_a_cuboid/[0-4][1-3][2-12].wasm,f451a6332a705c77f27d87f87499b2e6
all5/Draw_a_cuboid/[0-4][1-3][2-13].wasm,f451a6332a705c77f27d87f87499b2e6
all5/Draw_a_cuboid/[0-4][1-3][2-1].wasm,f451a6332a705c77f27d87f87499b2e6
all5/Draw_a_cuboid/[0-4][1-3][2-2].wasm,f451a6332a705c77f27d87f87499b2e6
all5/Draw_a_cuboid/[0-4][1-3][2-3].wasm,f451a6332a705c77f27d87f87499b2e6
all5/Draw_a_cuboid/[0-4][1-3][2-4].wasm,f451a6332a705c77f27d87f87499b2e6
all5/Draw_a_cuboid/[0-4][1-3][2-5].wasm,f451a6332a705c77f27d87f87499b2e6
all5/Draw_a_cuboid/[0-4][1-3][2-6].wasm,f451a6332a705c77f27d87f87499b2e6
all5/Draw_a_cuboid/[0-4][1-3][2-7].wasm,f451a6332a705c77f27d87f87499b2e6
all5/Draw_a_cuboid/[0-4][1-3][2-8].wasm,f451a6332a705c77f27d87f87499b2e6
all5/Draw_a_cuboid/[0-4][1-3][2-9].wasm,f451a6332a705c77f27d87f87499b2e6
all5/Draw_a_cuboid/[0-4][1-4].wasm,f451a6332a705c77f27d87f87499b2e6
all5/Draw_a_cuboid/[0-4][1-4][2-10].wasm,f451a6332a705c77f27d87f87499b2e6
all5/Draw_a_cuboid/[0-4][1-4][2-11].wasm,f451a6332a705c77f27d87f87499b2e6
all5/Draw_a_cuboid/[0-4][1-4][2-12].wasm,f451a6332a705c77f27d87f87499b2e6
all5/Draw_a_cuboid/[0-4][1-4][2-13].wasm,f451a6332a705c77f27d87f87499b2e6
all5/Draw_a_cuboid/[0-4][1-4][2-1].wasm,f451a6332a705c77f27d87f87499b2e6
all5/Draw_a_cuboid/[0-4][1-4][2-2].wasm,f451a6332a705c77f27d87f87499b2e6
all5/Draw_a_cuboid/[0-4][1-4][2-3].wasm,f451a6332a705c77f27d87f87499b2e6
all5/Draw_a_cuboid/[0-4][1-4][2-4].wasm,f451a6332a705c77f27d87f87499b2e6
all5/Draw_a_cuboid/[0-4][1-4][2-5].wasm,f451a6332a705c77f27d87f87499b2e6
all5/Draw_a_cuboid/[0-4][1-4][2-6].wasm,f451a6332a705c77f27d87f87499b2e6
all5/Draw_a_cuboid/[0-4][1-4][2-7].wasm,f451a6332a705c77f27d87f87499b2e6
all5/Draw_a_cuboid/[0-4][1-4][2-8].wasm,f451a6332a705c77f27d87f87499b2e6
all5/Draw_a_cuboid/[0-4][1-4][2-9].wasm,f451a6332a705c77f27d87f87499b2e6
all5/Draw_a_cuboid/[0-4][1-5].wasm,f451a6332a705c77f27d87f87499b2e6
all5/Draw_a_cuboid/[0-4][1-5][2-10].wasm,f451a6332a705c77f27d87f87499b2e6
all5/Draw_a_cuboid/[0-4][1-5][2-11].wasm,f451a6332a705c77f27d87f87499b2e6
all5/Draw_a_cuboid/[0-4][1-5][2-12].wasm,f451a6332a705c77f27d87f87499b2e6
all5/Draw_a_cuboid/[0-4][1-5][2-13].wasm,f451a6332a705c77f27d87f87499b2e6
all5/Draw_a_cuboid/[0-4][1-5][2-1].wasm,f451a6332a705c77f27d87f87499b2e6
all5/Draw_a_cuboid/[0-4][1-5][2-2].wasm,f451a6332a705c77f27d87f87499b2e6
all5/Draw_a_cuboid/[0-4][1-5][2-3].wasm,f451a6332a705c77f27d87f87499b2e6
all5/Draw_a_cuboid/[0-4][1-5][2-4].wasm,f451a6332a705c77f27d87f87499b2e6
all5/Draw_a_cuboid/[0-4][1-5][2-5].wasm,f451a6332a705c77f27d87f87499b2e6
all5/Draw_a_cuboid/[0-4][1-5][2-6].wasm,f451a6332a705c77f27d87f87499b2e6
all5/Draw_a_cuboid/[0-4][1-5][2-7].wasm,f451a6332a705c77f27d87f87499b2e6
all5/Draw_a_cuboid/[0-4][1-5][2-8].wasm,f451a6332a705c77f27d87f87499b2e6
all5/Draw_a_cuboid/[0-4][1-5][2-9].wasm,f451a6332a705c77f27d87f87499b2e6
all5/Draw_a_cuboid/[0-4][1-6].wasm,f451a6332a705c77f27d87f87499b2e6
all5/Draw_a_cuboid/[0-4][1-6][2-10].wasm,f451a6332a705c77f27d87f87499b2e6
all5/Draw_a_cuboid/[0-4][1-6][2-11].wasm,f451a6332a705c77f27d87f87499b2e6
all5/Draw_a_cuboid/[0-4][1-6][2-12].wasm,f451a6332a705c77f27d87f87499b2e6
all5/Draw_a_cuboid/[0-4][1-6][2-13].wasm,f451a6332a705c77f27d87f87499b2e6
all5/Draw_a_cuboid/[0-4][1-6][2-1].wasm,f451a6332a705c77f27d87f87499b2e6
all5/Draw_a_cuboid/[0-4][1-6][2-2].wasm,f451a6332a705c77f27d87f87499b2e6
all5/Draw_a_cuboid/[0-4][1-6][2-3].wasm,f451a6332a705c77f27d87f87499b2e6
all5/Draw_a_cuboid/[0-4][1-6][2-4].wasm,f451a6332a705c77f27d87f87499b2e6
all5/Draw_a_cuboid/[0-4][1-6][2-5].wasm,f451a6332a705c77f27d87f87499b2e6
all5/Draw_a_cuboid/[0-4][1-6][2-6].wasm,f451a6332a705c77f27d87f87499b2e6
all5/Draw_a_cuboid/[0-4][1-6][2-7].wasm,f451a6332a705c77f27d87f87499b2e6
all5/Draw_a_cuboid/[0-4][1-6][2-8].wasm,f451a6332a705c77f27d87f87499b2e6
all5/Draw_a_cuboid/[0-4][1-6][2-9].wasm,f451a6332a705c77f27d87f87499b2e6
all5/Draw_a_cuboid/[0-4][1-7].wasm,f451a6332a705c77f27d87f87499b2e6
all5/Draw_a_cuboid/[0-4][1-7][2-10].wasm,f451a6332a705c77f27d87f87499b2e6
all5/Draw_a_cuboid/[0-4][1-7][2-11].wasm,f451a6332a705c77f27d87f87499b2e6
all5/Draw_a_cuboid/[0-4][1-7][2-12].wasm,f451a6332a705c77f27d87f87499b2e6
all5/Draw_a_cuboid/[0-4][1-7][2-13].wasm,f451a6332a705c77f27d87f87499b2e6
all5/Draw_a_cuboid/[0-4][1-7][2-1].wasm,f451a6332a705c77f27d87f87499b2e6
all5/Draw_a_cuboid/[0-4][1-7][2-2].wasm,f451a6332a705c77f27d87f87499b2e6
all5/Draw_a_cuboid/[0-4][1-7][2-3].wasm,f451a6332a705c77f27d87f87499b2e6
all5/Draw_a_cuboid/[0-4][1-7][2-4].wasm,f451a6332a705c77f27d87f87499b2e6
all5/Draw_a_cuboid/[0-4][1-7][2-5].wasm,f451a6332a705c77f27d87f87499b2e6
all5/Draw_a_cuboid/[0-4][1-7][2-6].wasm,f451a6332a705c77f27d87f87499b2e6
all5/Draw_a_cuboid/[0-4][1-7][2-7].wasm,f451a6332a705c77f27d87f87499b2e6
all5/Draw_a_cuboid/[0-4][1-7][2-8].wasm,f451a6332a705c77f27d87f87499b2e6
all5/Draw_a_cuboid/[0-4][1-7][2-9].wasm,f451a6332a705c77f27d87f87499b2e6
all5/Draw_a_cuboid/[0-4][1-8].wasm,f451a6332a705c77f27d87f87499b2e6
all5/Draw_a_cuboid/[0-4][1-8][2-10].wasm,f451a6332a705c77f27d87f87499b2e6
all5/Draw_a_cuboid/[0-4][1-8][2-11].wasm,f451a6332a705c77f27d87f87499b2e6
all5/Draw_a_cuboid/[0-4][1-8][2-12].wasm,f451a6332a705c77f27d87f87499b2e6
all5/Draw_a_cuboid/[0-4][1-8][2-13].wasm,f451a6332a705c77f27d87f87499b2e6
all5/Draw_a_cuboid/[0-4][1-8][2-1].wasm,f451a6332a705c77f27d87f87499b2e6
all5/Draw_a_cuboid/[0-4][1-8][2-2].wasm,f451a6332a705c77f27d87f87499b2e6
all5/Draw_a_cuboid/[0-4][1-8][2-3].wasm,f451a6332a705c77f27d87f87499b2e6
all5/Draw_a_cuboid/[0-4][1-8][2-4].wasm,f451a6332a705c77f27d87f87499b2e6
all5/Draw_a_cuboid/[0-4][1-8][2-5].wasm,f451a6332a705c77f27d87f87499b2e6
all5/Draw_a_cuboid/[0-4][1-8][2-6].wasm,f451a6332a705c77f27d87f87499b2e6
all5/Draw_a_cuboid/[0-4][1-8][2-7].wasm,f451a6332a705c77f27d87f87499b2e6
all5/Draw_a_cuboid/[0-4][1-8][2-8].wasm,f451a6332a705c77f27d87f87499b2e6
all5/Draw_a_cuboid/[0-4][1-8][2-9].wasm,f451a6332a705c77f27d87f87499b2e6
all5/Draw_a_cuboid/[0-4][2-10].wasm,f451a6332a705c77f27d87f87499b2e6
all5/Draw_a_cuboid/[0-4][2-11].wasm,f451a6332a705c77f27d87f87499b2e6
all5/Draw_a_cuboid/[0-4][2-12].wasm,f451a6332a705c77f27d87f87499b2e6
all5/Draw_a_cuboid/[0-4][2-13].wasm,f451a6332a705c77f27d87f87499b2e6
all5/Draw_a_cuboid/[0-4][2-1].wasm,f451a6332a705c77f27d87f87499b2e6
all5/Draw_a_cuboid/[0-4][2-2].wasm,f451a6332a705c77f27d87f87499b2e6
all5/Draw_a_cuboid/[0-4][2-3].wasm,f451a6332a705c77f27d87f87499b2e6
all5/Draw_a_cuboid/[0-4][2-4].wasm,f451a6332a705c77f27d87f87499b2e6
all5/Draw_a_cuboid/[0-4][2-5].wasm,f451a6332a705c77f27d87f87499b2e6
all5/Draw_a_cuboid/[0-4][2-6].wasm,f451a6332a705c77f27d87f87499b2e6
all5/Draw_a_cuboid/[0-4][2-7].wasm,f451a6332a705c77f27d87f87499b2e6
all5/Draw_a_cuboid/[0-4][2-8].wasm,f451a6332a705c77f27d87f87499b2e6
all5/Draw_a_cuboid/[0-4][2-9].wasm,f451a6332a705c77f27d87f87499b2e6
all5/Draw_a_cuboid/[0-5].wasm,f451a6332a705c77f27d87f87499b2e6
all5/Draw_a_cuboid/[0-5][1-1].wasm,f451a6332a705c77f27d87f87499b2e6
all5/Draw_a_cuboid/[0-5][1-1][2-10].wasm,f451a6332a705c77f27d87f87499b2e6
all5/Draw_a_cuboid/[0-5][1-1][2-11].wasm,f451a6332a705c77f27d87f87499b2e6
all5/Draw_a_cuboid/[0-5][1-1][2-12].wasm,f451a6332a705c77f27d87f87499b2e6
all5/Draw_a_cuboid/[0-5][1-1][2-13].wasm,f451a6332a705c77f27d87f87499b2e6
all5/Draw_a_cuboid/[0-5][1-1][2-1].wasm,f451a6332a705c77f27d87f87499b2e6
all5/Draw_a_cuboid/[0-5][1-1][2-2].wasm,f451a6332a705c77f27d87f87499b2e6
all5/Draw_a_cuboid/[0-5][1-1][2-3].wasm,f451a6332a705c77f27d87f87499b2e6
all5/Draw_a_cuboid/[0-5][1-1][2-4].wasm,f451a6332a705c77f27d87f87499b2e6
all5/Draw_a_cuboid/[0-5][1-1][2-5].wasm,f451a6332a705c77f27d87f87499b2e6
all5/Draw_a_cuboid/[0-5][1-1][2-6].wasm,f451a6332a705c77f27d87f87499b2e6
all5/Draw_a_cuboid/[0-5][1-1][2-7].wasm,f451a6332a705c77f27d87f87499b2e6
all5/Draw_a_cuboid/[0-5][1-1][2-8].wasm,f451a6332a705c77f27d87f87499b2e6
all5/Draw_a_cuboid/[0-5][1-1][2-9].wasm,f451a6332a705c77f27d87f87499b2e6
all5/Draw_a_cuboid/[0-5][1-2].wasm,f451a6332a705c77f27d87f87499b2e6
all5/Draw_a_cuboid/[0-5][1-2][2-10].wasm,f451a6332a705c77f27d87f87499b2e6
all5/Draw_a_cuboid/[0-5][1-2][2-11].wasm,f451a6332a705c77f27d87f87499b2e6
all5/Draw_a_cuboid/[0-5][1-2][2-12].wasm,f451a6332a705c77f27d87f87499b2e6
all5/Draw_a_cuboid/[0-5][1-2][2-13].wasm,f451a6332a705c77f27d87f87499b2e6
all5/Draw_a_cuboid/[0-5][1-2][2-1].wasm,f451a6332a705c77f27d87f87499b2e6
all5/Draw_a_cuboid/[0-5][1-2][2-2].wasm,f451a6332a705c77f27d87f87499b2e6
all5/Draw_a_cuboid/[0-5][1-2][2-3].wasm,f451a6332a705c77f27d87f87499b2e6
all5/Draw_a_cuboid/[0-5][1-2][2-4].wasm,f451a6332a705c77f27d87f87499b2e6
all5/Draw_a_cuboid/[0-5][1-2][2-5].wasm,f451a6332a705c77f27d87f87499b2e6
all5/Draw_a_cuboid/[0-5][1-2][2-6].wasm,f451a6332a705c77f27d87f87499b2e6
all5/Draw_a_cuboid/[0-5][1-2][2-7].wasm,f451a6332a705c77f27d87f87499b2e6
all5/Draw_a_cuboid/[0-5][1-2][2-8].wasm,f451a6332a705c77f27d87f87499b2e6
all5/Draw_a_cuboid/[0-5][1-2][2-9].wasm,f451a6332a705c77f27d87f87499b2e6
all5/Draw_a_cuboid/[0-5][1-3].wasm,f451a6332a705c77f27d87f87499b2e6
all5/Draw_a_cuboid/[0-5][1-3][2-10].wasm,f451a6332a705c77f27d87f87499b2e6
all5/Draw_a_cuboid/[0-5][1-3][2-11].wasm,f451a6332a705c77f27d87f87499b2e6
all5/Draw_a_cuboid/[0-5][1-3][2-12].wasm,f451a6332a705c77f27d87f87499b2e6
all5/Draw_a_cuboid/[0-5][1-3][2-13].wasm,f451a6332a705c77f27d87f87499b2e6
all5/Draw_a_cuboid/[0-5][1-3][2-1].wasm,f451a6332a705c77f27d87f87499b2e6
all5/Draw_a_cuboid/[0-5][1-3][2-2].wasm,f451a6332a705c77f27d87f87499b2e6
all5/Draw_a_cuboid/[0-5][1-3][2-3].wasm,f451a6332a705c77f27d87f87499b2e6
all5/Draw_a_cuboid/[0-5][1-3][2-4].wasm,f451a6332a705c77f27d87f87499b2e6
all5/Draw_a_cuboid/[0-5][1-3][2-5].wasm,f451a6332a705c77f27d87f87499b2e6
all5/Draw_a_cuboid/[0-5][1-3][2-6].wasm,f451a6332a705c77f27d87f87499b2e6
all5/Draw_a_cuboid/[0-5][1-3][2-7].wasm,f451a6332a705c77f27d87f87499b2e6
all5/Draw_a_cuboid/[0-5][1-3][2-8].wasm,f451a6332a705c77f27d87f87499b2e6
all5/Draw_a_cuboid/[0-5][1-3][2-9].wasm,f451a6332a705c77f27d87f87499b2e6
all5/Draw_a_cuboid/[0-5][1-4].wasm,f451a6332a705c77f27d87f87499b2e6
all5/Draw_a_cuboid/[0-5][1-4][2-10].wasm,f451a6332a705c77f27d87f87499b2e6
all5/Draw_a_cuboid/[0-5][1-4][2-11].wasm,f451a6332a705c77f27d87f87499b2e6
all5/Draw_a_cuboid/[0-5][1-4][2-12].wasm,f451a6332a705c77f27d87f87499b2e6
all5/Draw_a_cuboid/[0-5][1-4][2-13].wasm,f451a6332a705c77f27d87f87499b2e6
all5/Draw_a_cuboid/[0-5][1-4][2-1].wasm,f451a6332a705c77f27d87f87499b2e6
all5/Draw_a_cuboid/[0-5][1-4][2-2].wasm,f451a6332a705c77f27d87f87499b2e6
all5/Draw_a_cuboid/[0-5][1-4][2-3].wasm,f451a6332a705c77f27d87f87499b2e6
all5/Draw_a_cuboid/[0-5][1-4][2-4].wasm,f451a6332a705c77f27d87f87499b2e6
all5/Draw_a_cuboid/[0-5][1-4][2-5].wasm,f451a6332a705c77f27d87f87499b2e6
all5/Draw_a_cuboid/[0-5][1-4][2-6].wasm,f451a6332a705c77f27d87f87499b2e6
all5/Draw_a_cuboid/[0-5][1-4][2-7].wasm,f451a6332a705c77f27d87f87499b2e6
all5/Draw_a_cuboid/[0-5][1-4][2-8].wasm,f451a6332a705c77f27d87f87499b2e6
all5/Draw_a_cuboid/[0-5][1-4][2-9].wasm,f451a6332a705c77f27d87f87499b2e6
all5/Draw_a_cuboid/[0-5][1-5].wasm,f451a6332a705c77f27d87f87499b2e6
all5/Draw_a_cuboid/[0-5][1-5][2-10].wasm,f451a6332a705c77f27d87f87499b2e6
all5/Draw_a_cuboid/[0-5][1-5][2-11].wasm,f451a6332a705c77f27d87f87499b2e6
all5/Draw_a_cuboid/[0-5][1-5][2-12].wasm,f451a6332a705c77f27d87f87499b2e6
all5/Draw_a_cuboid/[0-5][1-5][2-13].wasm,f451a6332a705c77f27d87f87499b2e6
all5/Draw_a_cuboid/[0-5][1-5][2-1].wasm,f451a6332a705c77f27d87f87499b2e6
all5/Draw_a_cuboid/[0-5][1-5][2-2].wasm,f451a6332a705c77f27d87f87499b2e6
all5/Draw_a_cuboid/[0-5][1-5][2-3].wasm,f451a6332a705c77f27d87f87499b2e6
all5/Draw_a_cuboid/[0-5][1-5][2-4].wasm,f451a6332a705c77f27d87f87499b2e6
all5/Draw_a_cuboid/[0-5][1-5][2-5].wasm,f451a6332a705c77f27d87f87499b2e6
all5/Draw_a_cuboid/[0-5][1-5][2-6].wasm,f451a6332a705c77f27d87f87499b2e6
all5/Draw_a_cuboid/[0-5][1-5][2-7].wasm,f451a6332a705c77f27d87f87499b2e6
all5/Draw_a_cuboid/[0-5][1-5][2-8].wasm,f451a6332a705c77f27d87f87499b2e6
all5/Draw_a_cuboid/[0-5][1-5][2-9].wasm,f451a6332a705c77f27d87f87499b2e6
all5/Draw_a_cuboid/[0-5][1-6].wasm,f451a6332a705c77f27d87f87499b2e6
all5/Draw_a_cuboid/[0-5][1-6][2-10].wasm,f451a6332a705c77f27d87f87499b2e6
all5/Draw_a_cuboid/[0-5][1-6][2-11].wasm,f451a6332a705c77f27d87f87499b2e6
all5/Draw_a_cuboid/[0-5][1-6][2-12].wasm,f451a6332a705c77f27d87f87499b2e6
all5/Draw_a_cuboid/[0-5][1-6][2-13].wasm,f451a6332a705c77f27d87f87499b2e6
all5/Draw_a_cuboid/[0-5][1-6][2-1].wasm,f451a6332a705c77f27d87f87499b2e6
all5/Draw_a_cuboid/[0-5][1-6][2-2].wasm,f451a6332a705c77f27d87f87499b2e6
all5/Draw_a_cuboid/[0-5][1-6][2-3].wasm,f451a6332a705c77f27d87f87499b2e6
all5/Draw_a_cuboid/[0-5][1-6][2-4].wasm,f451a6332a705c77f27d87f87499b2e6
all5/Draw_a_cuboid/[0-5][1-6][2-5].wasm,f451a6332a705c77f27d87f87499b2e6
all5/Draw_a_cuboid/[0-5][1-6][2-6].wasm,f451a6332a705c77f27d87f87499b2e6
all5/Draw_a_cuboid/[0-5][1-6][2-7].wasm,f451a6332a705c77f27d87f87499b2e6
all5/Draw_a_cuboid/[0-5][1-6][2-8].wasm,f451a6332a705c77f27d87f87499b2e6
all5/Draw_a_cuboid/[0-5][1-6][2-9].wasm,f451a6332a705c77f27d87f87499b2e6
all5/Draw_a_cuboid/[0-5][1-7].wasm,f451a6332a705c77f27d87f87499b2e6
all5/Draw_a_cuboid/[0-5][1-7][2-10].wasm,f451a6332a705c77f27d87f87499b2e6
all5/Draw_a_cuboid/[0-5][1-7][2-11].wasm,f451a6332a705c77f27d87f87499b2e6
all5/Draw_a_cuboid/[0-5][1-7][2-12].wasm,f451a6332a705c77f27d87f87499b2e6
all5/Draw_a_cuboid/[0-5][1-7][2-13].wasm,f451a6332a705c77f27d87f87499b2e6
all5/Draw_a_cuboid/[0-5][1-7][2-1].wasm,f451a6332a705c77f27d87f87499b2e6
all5/Draw_a_cuboid/[0-5][1-7][2-2].wasm,f451a6332a705c77f27d87f87499b2e6
all5/Draw_a_cuboid/[0-5][1-7][2-3].wasm,f451a6332a705c77f27d87f87499b2e6
all5/Draw_a_cuboid/[0-5][1-7][2-4].wasm,f451a6332a705c77f27d87f87499b2e6
all5/Draw_a_cuboid/[0-5][1-7][2-5].wasm,f451a6332a705c77f27d87f87499b2e6
all5/Draw_a_cuboid/[0-5][1-7][2-6].wasm,f451a6332a705c77f27d87f87499b2e6
all5/Draw_a_cuboid/[0-5][1-7][2-7].wasm,f451a6332a705c77f27d87f87499b2e6
all5/Draw_a_cuboid/[0-5][1-7][2-8].wasm,f451a6332a705c77f27d87f87499b2e6
all5/Draw_a_cuboid/[0-5][1-7][2-9].wasm,f451a6332a705c77f27d87f87499b2e6
all5/Draw_a_cuboid/[0-5][1-8].wasm,f451a6332a705c77f27d87f87499b2e6
all5/Draw_a_cuboid/[0-5][1-8][2-10].wasm,f451a6332a705c77f27d87f87499b2e6
all5/Draw_a_cuboid/[0-5][1-8][2-11].wasm,f451a6332a705c77f27d87f87499b2e6
all5/Draw_a_cuboid/[0-5][1-8][2-12].wasm,f451a6332a705c77f27d87f87499b2e6
all5/Draw_a_cuboid/[0-5][1-8][2-13].wasm,f451a6332a705c77f27d87f87499b2e6
all5/Draw_a_cuboid/[0-5][1-8][2-1].wasm,f451a6332a705c77f27d87f87499b2e6
all5/Draw_a_cuboid/[0-5][1-8][2-2].wasm,f451a6332a705c77f27d87f87499b2e6
all5/Draw_a_cuboid/[0-5][1-8][2-3].wasm,f451a6332a705c77f27d87f87499b2e6
all5/Draw_a_cuboid/[0-5][1-8][2-4].wasm,f451a6332a705c77f27d87f87499b2e6
all5/Draw_a_cuboid/[0-5][1-8][2-5].wasm,f451a6332a705c77f27d87f87499b2e6
all5/Draw_a_cuboid/[0-5][1-8][2-6].wasm,f451a6332a705c77f27d87f87499b2e6
all5/Draw_a_cuboid/[0-5][1-8][2-7].wasm,f451a6332a705c77f27d87f87499b2e6
all5/Draw_a_cuboid/[0-5][1-8][2-8].wasm,f451a6332a705c77f27d87f87499b2e6
all5/Draw_a_cuboid/[0-5][1-8][2-9].wasm,f451a6332a705c77f27d87f87499b2e6
all5/Draw_a_cuboid/[0-5][2-10].wasm,f451a6332a705c77f27d87f87499b2e6
all5/Draw_a_cuboid/[0-5][2-11].wasm,f451a6332a705c77f27d87f87499b2e6
all5/Draw_a_cuboid/[0-5][2-12].wasm,f451a6332a705c77f27d87f87499b2e6
all5/Draw_a_cuboid/[0-5][2-13].wasm,f451a6332a705c77f27d87f87499b2e6
all5/Draw_a_cuboid/[0-5][2-1].wasm,f451a6332a705c77f27d87f87499b2e6
all5/Draw_a_cuboid/[0-5][2-2].wasm,f451a6332a705c77f27d87f87499b2e6
all5/Draw_a_cuboid/[0-5][2-3].wasm,f451a6332a705c77f27d87f87499b2e6
all5/Draw_a_cuboid/[0-5][2-4].wasm,f451a6332a705c77f27d87f87499b2e6
all5/Draw_a_cuboid/[0-5][2-5].wasm,f451a6332a705c77f27d87f87499b2e6
all5/Draw_a_cuboid/[0-5][2-6].wasm,f451a6332a705c77f27d87f87499b2e6
all5/Draw_a_cuboid/[0-5][2-7].wasm,f451a6332a705c77f27d87f87499b2e6
all5/Draw_a_cuboid/[0-5][2-8].wasm,f451a6332a705c77f27d87f87499b2e6
all5/Draw_a_cuboid/[0-5][2-9].wasm,f451a6332a705c77f27d87f87499b2e6
all5/Draw_a_cuboid/[0-6].wasm,f451a6332a705c77f27d87f87499b2e6
all5/Draw_a_cuboid/[0-6][1-1].wasm,f451a6332a705c77f27d87f87499b2e6
all5/Draw_a_cuboid/[0-6][1-1][2-10].wasm,f451a6332a705c77f27d87f87499b2e6
all5/Draw_a_cuboid/[0-6][1-1][2-11].wasm,f451a6332a705c77f27d87f87499b2e6
all5/Draw_a_cuboid/[0-6][1-1][2-12].wasm,f451a6332a705c77f27d87f87499b2e6
all5/Draw_a_cuboid/[0-6][1-1][2-13].wasm,f451a6332a705c77f27d87f87499b2e6
all5/Draw_a_cuboid/[0-6][1-1][2-1].wasm,f451a6332a705c77f27d87f87499b2e6
all5/Draw_a_cuboid/[0-6][1-1][2-2].wasm,f451a6332a705c77f27d87f87499b2e6
all5/Draw_a_cuboid/[0-6][1-1][2-3].wasm,f451a6332a705c77f27d87f87499b2e6
all5/Draw_a_cuboid/[0-6][1-1][2-4].wasm,f451a6332a705c77f27d87f87499b2e6
all5/Draw_a_cuboid/[0-6][1-1][2-5].wasm,f451a6332a705c77f27d87f87499b2e6
all5/Draw_a_cuboid/[0-6][1-1][2-6].wasm,f451a6332a705c77f27d87f87499b2e6
all5/Draw_a_cuboid/[0-6][1-1][2-7].wasm,f451a6332a705c77f27d87f87499b2e6
all5/Draw_a_cuboid/[0-6][1-1][2-8].wasm,f451a6332a705c77f27d87f87499b2e6
all5/Draw_a_cuboid/[0-6][1-1][2-9].wasm,f451a6332a705c77f27d87f87499b2e6
all5/Draw_a_cuboid/[0-6][1-2].wasm,f451a6332a705c77f27d87f87499b2e6
all5/Draw_a_cuboid/[0-6][1-2][2-10].wasm,f451a6332a705c77f27d87f87499b2e6
all5/Draw_a_cuboid/[0-6][1-2][2-11].wasm,f451a6332a705c77f27d87f87499b2e6
all5/Draw_a_cuboid/[0-6][1-2][2-12].wasm,f451a6332a705c77f27d87f87499b2e6
all5/Draw_a_cuboid/[0-6][1-2][2-13].wasm,f451a6332a705c77f27d87f87499b2e6
all5/Draw_a_cuboid/[0-6][1-2][2-1].wasm,f451a6332a705c77f27d87f87499b2e6
all5/Draw_a_cuboid/[0-6][1-2][2-2].wasm,f451a6332a705c77f27d87f87499b2e6
all5/Draw_a_cuboid/[0-6][1-2][2-3].wasm,f451a6332a705c77f27d87f87499b2e6
all5/Draw_a_cuboid/[0-6][1-2][2-4].wasm,f451a6332a705c77f27d87f87499b2e6
all5/Draw_a_cuboid/[0-6][1-2][2-5].wasm,f451a6332a705c77f27d87f87499b2e6
all5/Draw_a_cuboid/[0-6][1-2][2-6].wasm,f451a6332a705c77f27d87f87499b2e6
all5/Draw_a_cuboid/[0-6][1-2][2-7].wasm,f451a6332a705c77f27d87f87499b2e6
all5/Draw_a_cuboid/[0-6][1-2][2-8].wasm,f451a6332a705c77f27d87f87499b2e6
all5/Draw_a_cuboid/[0-6][1-2][2-9].wasm,f451a6332a705c77f27d87f87499b2e6
all5/Draw_a_cuboid/[0-6][1-3].wasm,f451a6332a705c77f27d87f87499b2e6
all5/Draw_a_cuboid/[0-6][1-3][2-10].wasm,f451a6332a705c77f27d87f87499b2e6
all5/Draw_a_cuboid/[0-6][1-3][2-11].wasm,f451a6332a705c77f27d87f87499b2e6
all5/Draw_a_cuboid/[0-6][1-3][2-12].wasm,f451a6332a705c77f27d87f87499b2e6
all5/Draw_a_cuboid/[0-6][1-3][2-13].wasm,f451a6332a705c77f27d87f87499b2e6
all5/Draw_a_cuboid/[0-6][1-3][2-1].wasm,f451a6332a705c77f27d87f87499b2e6
all5/Draw_a_cuboid/[0-6][1-3][2-2].wasm,f451a6332a705c77f27d87f87499b2e6
all5/Draw_a_cuboid/[0-6][1-3][2-3].wasm,f451a6332a705c77f27d87f87499b2e6
all5/Draw_a_cuboid/[0-6][1-3][2-4].wasm,f451a6332a705c77f27d87f87499b2e6
all5/Draw_a_cuboid/[0-6][1-3][2-5].wasm,f451a6332a705c77f27d87f87499b2e6
all5/Draw_a_cuboid/[0-6][1-3][2-6].wasm,f451a6332a705c77f27d87f87499b2e6
all5/Draw_a_cuboid/[0-6][1-3][2-7].wasm,f451a6332a705c77f27d87f87499b2e6
all5/Draw_a_cuboid/[0-6][1-3][2-8].wasm,f451a6332a705c77f27d87f87499b2e6
all5/Draw_a_cuboid/[0-6][1-3][2-9].wasm,f451a6332a705c77f27d87f87499b2e6
all5/Draw_a_cuboid/[0-6][1-4].wasm,f451a6332a705c77f27d87f87499b2e6
all5/Draw_a_cuboid/[0-6][1-4][2-10].wasm,f451a6332a705c77f27d87f87499b2e6
all5/Draw_a_cuboid/[0-6][1-4][2-11].wasm,f451a6332a705c77f27d87f87499b2e6
all5/Draw_a_cuboid/[0-6][1-4][2-12].wasm,f451a6332a705c77f27d87f87499b2e6
all5/Draw_a_cuboid/[0-6][1-4][2-13].wasm,f451a6332a705c77f27d87f87499b2e6
all5/Draw_a_cuboid/[0-6][1-4][2-1].wasm,f451a6332a705c77f27d87f87499b2e6
all5/Draw_a_cuboid/[0-6][1-4][2-2].wasm,f451a6332a705c77f27d87f87499b2e6
all5/Draw_a_cuboid/[0-6][1-4][2-3].wasm,f451a6332a705c77f27d87f87499b2e6
all5/Draw_a_cuboid/[0-6][1-4][2-4].wasm,f451a6332a705c77f27d87f87499b2e6
all5/Draw_a_cuboid/[0-6][1-4][2-5].wasm,f451a6332a705c77f27d87f87499b2e6
all5/Draw_a_cuboid/[0-6][1-4][2-6].wasm,f451a6332a705c77f27d87f87499b2e6
all5/Draw_a_cuboid/[0-6][1-4][2-7].wasm,f451a6332a705c77f27d87f87499b2e6
all5/Draw_a_cuboid/[0-6][1-4][2-8].wasm,f451a6332a705c77f27d87f87499b2e6
all5/Draw_a_cuboid/[0-6][1-4][2-9].wasm,f451a6332a705c77f27d87f87499b2e6
all5/Draw_a_cuboid/[0-6][1-5].wasm,f451a6332a705c77f27d87f87499b2e6
all5/Draw_a_cuboid/[0-6][1-5][2-10].wasm,f451a6332a705c77f27d87f87499b2e6
all5/Draw_a_cuboid/[0-6][1-5][2-11].wasm,f451a6332a705c77f27d87f87499b2e6
all5/Draw_a_cuboid/[0-6][1-5][2-12].wasm,f451a6332a705c77f27d87f87499b2e6
all5/Draw_a_cuboid/[0-6][1-5][2-13].wasm,f451a6332a705c77f27d87f87499b2e6
all5/Draw_a_cuboid/[0-6][1-5][2-1].wasm,f451a6332a705c77f27d87f87499b2e6
all5/Draw_a_cuboid/[0-6][1-5][2-2].wasm,f451a6332a705c77f27d87f87499b2e6
all5/Draw_a_cuboid/[0-6][1-5][2-3].wasm,f451a6332a705c77f27d87f87499b2e6
all5/Draw_a_cuboid/[0-6][1-5][2-4].wasm,f451a6332a705c77f27d87f87499b2e6
all5/Draw_a_cuboid/[0-6][1-5][2-5].wasm,f451a6332a705c77f27d87f87499b2e6
all5/Draw_a_cuboid/[0-6][1-5][2-6].wasm,f451a6332a705c77f27d87f87499b2e6
all5/Draw_a_cuboid/[0-6][1-5][2-7].wasm,f451a6332a705c77f27d87f87499b2e6
all5/Draw_a_cuboid/[0-6][1-5][2-8].wasm,f451a6332a705c77f27d87f87499b2e6
all5/Draw_a_cuboid/[0-6][1-5][2-9].wasm,f451a6332a705c77f27d87f87499b2e6
all5/Draw_a_cuboid/[0-6][1-6].wasm,f451a6332a705c77f27d87f87499b2e6
all5/Draw_a_cuboid/[0-6][1-6][2-10].wasm,f451a6332a705c77f27d87f87499b2e6
all5/Draw_a_cuboid/[0-6][1-6][2-11].wasm,f451a6332a705c77f27d87f87499b2e6
all5/Draw_a_cuboid/[0-6][1-6][2-12].wasm,f451a6332a705c77f27d87f87499b2e6
all5/Draw_a_cuboid/[0-6][1-6][2-13].wasm,f451a6332a705c77f27d87f87499b2e6
all5/Draw_a_cuboid/[0-6][1-6][2-1].wasm,f451a6332a705c77f27d87f87499b2e6
all5/Draw_a_cuboid/[0-6][1-6][2-2].wasm,f451a6332a705c77f27d87f87499b2e6
all5/Draw_a_cuboid/[0-6][1-6][2-3].wasm,f451a6332a705c77f27d87f87499b2e6
all5/Draw_a_cuboid/[0-6][1-6][2-4].wasm,f451a6332a705c77f27d87f87499b2e6
all5/Draw_a_cuboid/[0-6][1-6][2-5].wasm,f451a6332a705c77f27d87f87499b2e6
all5/Draw_a_cuboid/[0-6][1-6][2-6].wasm,f451a6332a705c77f27d87f87499b2e6
all5/Draw_a_cuboid/[0-6][1-6][2-7].wasm,f451a6332a705c77f27d87f87499b2e6
all5/Draw_a_cuboid/[0-6][1-6][2-8].wasm,f451a6332a705c77f27d87f87499b2e6
all5/Draw_a_cuboid/[0-6][1-6][2-9].wasm,f451a6332a705c77f27d87f87499b2e6
all5/Draw_a_cuboid/[0-6][1-7].wasm,f451a6332a705c77f27d87f87499b2e6
all5/Draw_a_cuboid/[0-6][1-7][2-10].wasm,f451a6332a705c77f27d87f87499b2e6
all5/Draw_a_cuboid/[0-6][1-7][2-11].wasm,f451a6332a705c77f27d87f87499b2e6
all5/Draw_a_cuboid/[0-6][1-7][2-12].wasm,f451a6332a705c77f27d87f87499b2e6
all5/Draw_a_cuboid/[0-6][1-7][2-13].wasm,f451a6332a705c77f27d87f87499b2e6
all5/Draw_a_cuboid/[0-6][1-7][2-1].wasm,f451a6332a705c77f27d87f87499b2e6
all5/Draw_a_cuboid/[0-6][1-7][2-2].wasm,f451a6332a705c77f27d87f87499b2e6
all5/Draw_a_cuboid/[0-6][1-7][2-3].wasm,f451a6332a705c77f27d87f87499b2e6
all5/Draw_a_cuboid/[0-6][1-7][2-4].wasm,f451a6332a705c77f27d87f87499b2e6
all5/Draw_a_cuboid/[0-6][1-7][2-5].wasm,f451a6332a705c77f27d87f87499b2e6
all5/Draw_a_cuboid/[0-6][1-7][2-6].wasm,f451a6332a705c77f27d87f87499b2e6
all5/Draw_a_cuboid/[0-6][1-7][2-7].wasm,f451a6332a705c77f27d87f87499b2e6
all5/Draw_a_cuboid/[0-6][1-7][2-8].wasm,f451a6332a705c77f27d87f87499b2e6
all5/Draw_a_cuboid/[0-6][1-7][2-9].wasm,f451a6332a705c77f27d87f87499b2e6
all5/Draw_a_cuboid/[0-6][1-8].wasm,f451a6332a705c77f27d87f87499b2e6
all5/Draw_a_cuboid/[0-6][1-8][2-10].wasm,f451a6332a705c77f27d87f87499b2e6
all5/Draw_a_cuboid/[0-6][1-8][2-11].wasm,f451a6332a705c77f27d87f87499b2e6
all5/Draw_a_cuboid/[0-6][1-8][2-12].wasm,f451a6332a705c77f27d87f87499b2e6
all5/Draw_a_cuboid/[0-6][1-8][2-13].wasm,f451a6332a705c77f27d87f87499b2e6
all5/Draw_a_cuboid/[0-6][1-8][2-1].wasm,f451a6332a705c77f27d87f87499b2e6
all5/Draw_a_cuboid/[0-6][1-8][2-2].wasm,f451a6332a705c77f27d87f87499b2e6
all5/Draw_a_cuboid/[0-6][1-8][2-3].wasm,f451a6332a705c77f27d87f87499b2e6
all5/Draw_a_cuboid/[0-6][1-8][2-4].wasm,f451a6332a705c77f27d87f87499b2e6
all5/Draw_a_cuboid/[0-6][1-8][2-5].wasm,f451a6332a705c77f27d87f87499b2e6
all5/Draw_a_cuboid/[0-6][1-8][2-6].wasm,f451a6332a705c77f27d87f87499b2e6
all5/Draw_a_cuboid/[0-6][1-8][2-7].wasm,f451a6332a705c77f27d87f87499b2e6
all5/Draw_a_cuboid/[0-6][1-8][2-8].wasm,f451a6332a705c77f27d87f87499b2e6
all5/Draw_a_cuboid/[0-6][1-8][2-9].wasm,f451a6332a705c77f27d87f87499b2e6
all5/Draw_a_cuboid/[0-6][2-10].wasm,f451a6332a705c77f27d87f87499b2e6
all5/Draw_a_cuboid/[0-6][2-11].wasm,f451a6332a705c77f27d87f87499b2e6
all5/Draw_a_cuboid/[0-6][2-12].wasm,f451a6332a705c77f27d87f87499b2e6
all5/Draw_a_cuboid/[0-6][2-13].wasm,f451a6332a705c77f27d87f87499b2e6
all5/Draw_a_cuboid/[0-6][2-1].wasm,f451a6332a705c77f27d87f87499b2e6
all5/Draw_a_cuboid/[0-6][2-2].wasm,f451a6332a705c77f27d87f87499b2e6
all5/Draw_a_cuboid/[0-6][2-3].wasm,f451a6332a705c77f27d87f87499b2e6
all5/Draw_a_cuboid/[0-6][2-4].wasm,f451a6332a705c77f27d87f87499b2e6
all5/Draw_a_cuboid/[0-6][2-5].wasm,f451a6332a705c77f27d87f87499b2e6
all5/Draw_a_cuboid/[0-6][2-6].wasm,f451a6332a705c77f27d87f87499b2e6
all5/Draw_a_cuboid/[0-6][2-7].wasm,f451a6332a705c77f27d87f87499b2e6
all5/Draw_a_cuboid/[0-6][2-8].wasm,f451a6332a705c77f27d87f87499b2e6
all5/Draw_a_cuboid/[0-6][2-9].wasm,f451a6332a705c77f27d87f87499b2e6
all5/Draw_a_cuboid/[0-7].wasm,f451a6332a705c77f27d87f87499b2e6
all5/Draw_a_cuboid/[0-7][1-1].wasm,f451a6332a705c77f27d87f87499b2e6
all5/Draw_a_cuboid/[0-7][1-1][2-10].wasm,f451a6332a705c77f27d87f87499b2e6
all5/Draw_a_cuboid/[0-7][1-1][2-11].wasm,f451a6332a705c77f27d87f87499b2e6
all5/Draw_a_cuboid/[0-7][1-1][2-12].wasm,f451a6332a705c77f27d87f87499b2e6
all5/Draw_a_cuboid/[0-7][1-1][2-13].wasm,f451a6332a705c77f27d87f87499b2e6
all5/Draw_a_cuboid/[0-7][1-1][2-1].wasm,f451a6332a705c77f27d87f87499b2e6
all5/Draw_a_cuboid/[0-7][1-1][2-2].wasm,f451a6332a705c77f27d87f87499b2e6
all5/Draw_a_cuboid/[0-7][1-1][2-3].wasm,f451a6332a705c77f27d87f87499b2e6
all5/Draw_a_cuboid/[0-7][1-1][2-4].wasm,f451a6332a705c77f27d87f87499b2e6
all5/Draw_a_cuboid/[0-7][1-1][2-5].wasm,f451a6332a705c77f27d87f87499b2e6
all5/Draw_a_cuboid/[0-7][1-1][2-6].wasm,f451a6332a705c77f27d87f87499b2e6
all5/Draw_a_cuboid/[0-7][1-1][2-7].wasm,f451a6332a705c77f27d87f87499b2e6
all5/Draw_a_cuboid/[0-7][1-1][2-8].wasm,f451a6332a705c77f27d87f87499b2e6
all5/Draw_a_cuboid/[0-7][1-1][2-9].wasm,f451a6332a705c77f27d87f87499b2e6
all5/Draw_a_cuboid/[0-7][1-2].wasm,f451a6332a705c77f27d87f87499b2e6
all5/Draw_a_cuboid/[0-7][1-2][2-10].wasm,f451a6332a705c77f27d87f87499b2e6
all5/Draw_a_cuboid/[0-7][1-2][2-11].wasm,f451a6332a705c77f27d87f87499b2e6
all5/Draw_a_cuboid/[0-7][1-2][2-12].wasm,f451a6332a705c77f27d87f87499b2e6
all5/Draw_a_cuboid/[0-7][1-2][2-13].wasm,f451a6332a705c77f27d87f87499b2e6
all5/Draw_a_cuboid/[0-7][1-2][2-1].wasm,f451a6332a705c77f27d87f87499b2e6
all5/Draw_a_cuboid/[0-7][1-2][2-2].wasm,f451a6332a705c77f27d87f87499b2e6
all5/Draw_a_cuboid/[0-7][1-2][2-3].wasm,f451a6332a705c77f27d87f87499b2e6
all5/Draw_a_cuboid/[0-7][1-2][2-4].wasm,f451a6332a705c77f27d87f87499b2e6
all5/Draw_a_cuboid/[0-7][1-2][2-5].wasm,f451a6332a705c77f27d87f87499b2e6
all5/Draw_a_cuboid/[0-7][1-2][2-6].wasm,f451a6332a705c77f27d87f87499b2e6
all5/Draw_a_cuboid/[0-7][1-2][2-7].wasm,f451a6332a705c77f27d87f87499b2e6
all5/Draw_a_cuboid/[0-7][1-2][2-8].wasm,f451a6332a705c77f27d87f87499b2e6
all5/Draw_a_cuboid/[0-7][1-2][2-9].wasm,f451a6332a705c77f27d87f87499b2e6
all5/Draw_a_cuboid/[0-7][1-3].wasm,f451a6332a705c77f27d87f87499b2e6
all5/Draw_a_cuboid/[0-7][1-3][2-10].wasm,f451a6332a705c77f27d87f87499b2e6
all5/Draw_a_cuboid/[0-7][1-3][2-11].wasm,f451a6332a705c77f27d87f87499b2e6
all5/Draw_a_cuboid/[0-7][1-3][2-12].wasm,f451a6332a705c77f27d87f87499b2e6
all5/Draw_a_cuboid/[0-7][1-3][2-13].wasm,f451a6332a705c77f27d87f87499b2e6
all5/Draw_a_cuboid/[0-7][1-3][2-1].wasm,f451a6332a705c77f27d87f87499b2e6
all5/Draw_a_cuboid/[0-7][1-3][2-2].wasm,f451a6332a705c77f27d87f87499b2e6
all5/Draw_a_cuboid/[0-7][1-3][2-3].wasm,f451a6332a705c77f27d87f87499b2e6
all5/Draw_a_cuboid/[0-7][1-3][2-4].wasm,f451a6332a705c77f27d87f87499b2e6
all5/Draw_a_cuboid/[0-7][1-3][2-5].wasm,f451a6332a705c77f27d87f87499b2e6
all5/Draw_a_cuboid/[0-7][1-3][2-6].wasm,f451a6332a705c77f27d87f87499b2e6
all5/Draw_a_cuboid/[0-7][1-3][2-7].wasm,f451a6332a705c77f27d87f87499b2e6
all5/Draw_a_cuboid/[0-7][1-3][2-8].wasm,f451a6332a705c77f27d87f87499b2e6
all5/Draw_a_cuboid/[0-7][1-3][2-9].wasm,f451a6332a705c77f27d87f87499b2e6
all5/Draw_a_cuboid/[0-7][1-4].wasm,f451a6332a705c77f27d87f87499b2e6
all5/Draw_a_cuboid/[0-7][1-4][2-10].wasm,f451a6332a705c77f27d87f87499b2e6
all5/Draw_a_cuboid/[0-7][1-4][2-11].wasm,f451a6332a705c77f27d87f87499b2e6
all5/Draw_a_cuboid/[0-7][1-4][2-12].wasm,f451a6332a705c77f27d87f87499b2e6
all5/Draw_a_cuboid/[0-7][1-4][2-13].wasm,f451a6332a705c77f27d87f87499b2e6
all5/Draw_a_cuboid/[0-7][1-4][2-1].wasm,f451a6332a705c77f27d87f87499b2e6
all5/Draw_a_cuboid/[0-7][1-4][2-2].wasm,f451a6332a705c77f27d87f87499b2e6
all5/Draw_a_cuboid/[0-7][1-4][2-3].wasm,f451a6332a705c77f27d87f87499b2e6
all5/Draw_a_cuboid/[0-7][1-4][2-4].wasm,f451a6332a705c77f27d87f87499b2e6
all5/Draw_a_cuboid/[0-7][1-4][2-5].wasm,f451a6332a705c77f27d87f87499b2e6
all5/Draw_a_cuboid/[0-7][1-4][2-6].wasm,f451a6332a705c77f27d87f87499b2e6
all5/Draw_a_cuboid/[0-7][1-4][2-7].wasm,f451a6332a705c77f27d87f87499b2e6
all5/Draw_a_cuboid/[0-7][1-4][2-8].wasm,f451a6332a705c77f27d87f87499b2e6
all5/Draw_a_cuboid/[0-7][1-4][2-9].wasm,f451a6332a705c77f27d87f87499b2e6
all5/Draw_a_cuboid/[0-7][1-5].wasm,f451a6332a705c77f27d87f87499b2e6
all5/Draw_a_cuboid/[0-7][1-5][2-10].wasm,f451a6332a705c77f27d87f87499b2e6
all5/Draw_a_cuboid/[0-7][1-5][2-11].wasm,f451a6332a705c77f27d87f87499b2e6
all5/Draw_a_cuboid/[0-7][1-5][2-12].wasm,f451a6332a705c77f27d87f87499b2e6
all5/Draw_a_cuboid/[0-7][1-5][2-13].wasm,f451a6332a705c77f27d87f87499b2e6
all5/Draw_a_cuboid/[0-7][1-5][2-1].wasm,f451a6332a705c77f27d87f87499b2e6
all5/Draw_a_cuboid/[0-7][1-5][2-2].wasm,f451a6332a705c77f27d87f87499b2e6
all5/Draw_a_cuboid/[0-7][1-5][2-3].wasm,f451a6332a705c77f27d87f87499b2e6
all5/Draw_a_cuboid/[0-7][1-5][2-4].wasm,f451a6332a705c77f27d87f87499b2e6
all5/Draw_a_cuboid/[0-7][1-5][2-5].wasm,f451a6332a705c77f27d87f87499b2e6
all5/Draw_a_cuboid/[0-7][1-5][2-6].wasm,f451a6332a705c77f27d87f87499b2e6
all5/Draw_a_cuboid/[0-7][1-5][2-7].wasm,f451a6332a705c77f27d87f87499b2e6
all5/Draw_a_cuboid/[0-7][1-5][2-8].wasm,f451a6332a705c77f27d87f87499b2e6
all5/Draw_a_cuboid/[0-7][1-5][2-9].wasm,f451a6332a705c77f27d87f87499b2e6
all5/Draw_a_cuboid/[0-7][1-6].wasm,f451a6332a705c77f27d87f87499b2e6
all5/Draw_a_cuboid/[0-7][1-6][2-10].wasm,f451a6332a705c77f27d87f87499b2e6
all5/Draw_a_cuboid/[0-7][1-6][2-11].wasm,f451a6332a705c77f27d87f87499b2e6
all5/Draw_a_cuboid/[0-7][1-6][2-12].wasm,f451a6332a705c77f27d87f87499b2e6
all5/Draw_a_cuboid/[0-7][1-6][2-13].wasm,f451a6332a705c77f27d87f87499b2e6
all5/Draw_a_cuboid/[0-7][1-6][2-1].wasm,f451a6332a705c77f27d87f87499b2e6
all5/Draw_a_cuboid/[0-7][1-6][2-2].wasm,f451a6332a705c77f27d87f87499b2e6
all5/Draw_a_cuboid/[0-7][1-6][2-3].wasm,f451a6332a705c77f27d87f87499b2e6
all5/Draw_a_cuboid/[0-7][1-6][2-4].wasm,f451a6332a705c77f27d87f87499b2e6
all5/Draw_a_cuboid/[0-7][1-6][2-5].wasm,f451a6332a705c77f27d87f87499b2e6
all5/Draw_a_cuboid/[0-7][1-6][2-6].wasm,f451a6332a705c77f27d87f87499b2e6
all5/Draw_a_cuboid/[0-7][1-6][2-7].wasm,f451a6332a705c77f27d87f87499b2e6
all5/Draw_a_cuboid/[0-7][1-6][2-8].wasm,f451a6332a705c77f27d87f87499b2e6
all5/Draw_a_cuboid/[0-7][1-6][2-9].wasm,f451a6332a705c77f27d87f87499b2e6
all5/Draw_a_cuboid/[0-7][1-7].wasm,f451a6332a705c77f27d87f87499b2e6
all5/Draw_a_cuboid/[0-7][1-7][2-10].wasm,f451a6332a705c77f27d87f87499b2e6
all5/Draw_a_cuboid/[0-7][1-7][2-11].wasm,f451a6332a705c77f27d87f87499b2e6
all5/Draw_a_cuboid/[0-7][1-7][2-12].wasm,f451a6332a705c77f27d87f87499b2e6
all5/Draw_a_cuboid/[0-7][1-7][2-13].wasm,f451a6332a705c77f27d87f87499b2e6
all5/Draw_a_cuboid/[0-7][1-7][2-1].wasm,f451a6332a705c77f27d87f87499b2e6
all5/Draw_a_cuboid/[0-7][1-7][2-2].wasm,f451a6332a705c77f27d87f87499b2e6
all5/Draw_a_cuboid/[0-7][1-7][2-3].wasm,f451a6332a705c77f27d87f87499b2e6
all5/Draw_a_cuboid/[0-7][1-7][2-4].wasm,f451a6332a705c77f27d87f87499b2e6
all5/Draw_a_cuboid/[0-7][1-7][2-5].wasm,f451a6332a705c77f27d87f87499b2e6
all5/Draw_a_cuboid/[0-7][1-7][2-6].wasm,f451a6332a705c77f27d87f87499b2e6
all5/Draw_a_cuboid/[0-7][1-7][2-7].wasm,f451a6332a705c77f27d87f87499b2e6
all5/Draw_a_cuboid/[0-7][1-7][2-8].wasm,f451a6332a705c77f27d87f87499b2e6
all5/Draw_a_cuboid/[0-7][1-7][2-9].wasm,f451a6332a705c77f27d87f87499b2e6
all5/Draw_a_cuboid/[0-7][1-8].wasm,f451a6332a705c77f27d87f87499b2e6
all5/Draw_a_cuboid/[0-7][1-8][2-10].wasm,f451a6332a705c77f27d87f87499b2e6
all5/Draw_a_cuboid/[0-7][1-8][2-11].wasm,f451a6332a705c77f27d87f87499b2e6
all5/Draw_a_cuboid/[0-7][1-8][2-12].wasm,f451a6332a705c77f27d87f87499b2e6
all5/Draw_a_cuboid/[0-7][1-8][2-13].wasm,f451a6332a705c77f27d87f87499b2e6
all5/Draw_a_cuboid/[0-7][1-8][2-1].wasm,f451a6332a705c77f27d87f87499b2e6
all5/Draw_a_cuboid/[0-7][1-8][2-2].wasm,f451a6332a705c77f27d87f87499b2e6
all5/Draw_a_cuboid/[0-7][1-8][2-3].wasm,f451a6332a705c77f27d87f87499b2e6
all5/Draw_a_cuboid/[0-7][1-8][2-4].wasm,f451a6332a705c77f27d87f87499b2e6
all5/Draw_a_cuboid/[0-7][1-8][2-5].wasm,f451a6332a705c77f27d87f87499b2e6
all5/Draw_a_cuboid/[0-7][1-8][2-6].wasm,f451a6332a705c77f27d87f87499b2e6
all5/Draw_a_cuboid/[0-7][1-8][2-7].wasm,f451a6332a705c77f27d87f87499b2e6
all5/Draw_a_cuboid/[0-7][1-8][2-8].wasm,f451a6332a705c77f27d87f87499b2e6
all5/Draw_a_cuboid/[0-7][1-8][2-9].wasm,f451a6332a705c77f27d87f87499b2e6
all5/Draw_a_cuboid/[0-7][2-10].wasm,f451a6332a705c77f27d87f87499b2e6
all5/Draw_a_cuboid/[0-7][2-11].wasm,f451a6332a705c77f27d87f87499b2e6
all5/Draw_a_cuboid/[0-7][2-12].wasm,f451a6332a705c77f27d87f87499b2e6
all5/Draw_a_cuboid/[0-7][2-13].wasm,f451a6332a705c77f27d87f87499b2e6
all5/Draw_a_cuboid/[0-7][2-1].wasm,f451a6332a705c77f27d87f87499b2e6
all5/Draw_a_cuboid/[0-7][2-2].wasm,f451a6332a705c77f27d87f87499b2e6
all5/Draw_a_cuboid/[0-7][2-3].wasm,f451a6332a705c77f27d87f87499b2e6
all5/Draw_a_cuboid/[0-7][2-4].wasm,f451a6332a705c77f27d87f87499b2e6
all5/Draw_a_cuboid/[0-7][2-5].wasm,f451a6332a705c77f27d87f87499b2e6
all5/Draw_a_cuboid/[0-7][2-6].wasm,f451a6332a705c77f27d87f87499b2e6
all5/Draw_a_cuboid/[0-7][2-7].wasm,f451a6332a705c77f27d87f87499b2e6
all5/Draw_a_cuboid/[0-7][2-8].wasm,f451a6332a705c77f27d87f87499b2e6
all5/Draw_a_cuboid/[0-7][2-9].wasm,f451a6332a705c77f27d87f87499b2e6
all5/Draw_a_cuboid/[0-8].wasm,f451a6332a705c77f27d87f87499b2e6
all5/Draw_a_cuboid/[0-8][1-1].wasm,f451a6332a705c77f27d87f87499b2e6
all5/Draw_a_cuboid/[0-8][1-1][2-10].wasm,f451a6332a705c77f27d87f87499b2e6
all5/Draw_a_cuboid/[0-8][1-1][2-11].wasm,f451a6332a705c77f27d87f87499b2e6
all5/Draw_a_cuboid/[0-8][1-1][2-12].wasm,f451a6332a705c77f27d87f87499b2e6
all5/Draw_a_cuboid/[0-8][1-1][2-13].wasm,f451a6332a705c77f27d87f87499b2e6
all5/Draw_a_cuboid/[0-8][1-1][2-1].wasm,f451a6332a705c77f27d87f87499b2e6
all5/Draw_a_cuboid/[0-8][1-1][2-2].wasm,f451a6332a705c77f27d87f87499b2e6
all5/Draw_a_cuboid/[0-8][1-1][2-3].wasm,f451a6332a705c77f27d87f87499b2e6
all5/Draw_a_cuboid/[0-8][1-1][2-4].wasm,f451a6332a705c77f27d87f87499b2e6
all5/Draw_a_cuboid/[0-8][1-1][2-5].wasm,f451a6332a705c77f27d87f87499b2e6
all5/Draw_a_cuboid/[0-8][1-1][2-6].wasm,f451a6332a705c77f27d87f87499b2e6
all5/Draw_a_cuboid/[0-8][1-1][2-7].wasm,f451a6332a705c77f27d87f87499b2e6
all5/Draw_a_cuboid/[0-8][1-1][2-8].wasm,f451a6332a705c77f27d87f87499b2e6
all5/Draw_a_cuboid/[0-8][1-1][2-9].wasm,f451a6332a705c77f27d87f87499b2e6
all5/Draw_a_cuboid/[0-8][1-2].wasm,f451a6332a705c77f27d87f87499b2e6
all5/Draw_a_cuboid/[0-8][1-2][2-10].wasm,f451a6332a705c77f27d87f87499b2e6
all5/Draw_a_cuboid/[0-8][1-2][2-11].wasm,f451a6332a705c77f27d87f87499b2e6
all5/Draw_a_cuboid/[0-8][1-2][2-12].wasm,f451a6332a705c77f27d87f87499b2e6
all5/Draw_a_cuboid/[0-8][1-2][2-13].wasm,f451a6332a705c77f27d87f87499b2e6
all5/Draw_a_cuboid/[0-8][1-2][2-1].wasm,f451a6332a705c77f27d87f87499b2e6
all5/Draw_a_cuboid/[0-8][1-2][2-2].wasm,f451a6332a705c77f27d87f87499b2e6
all5/Draw_a_cuboid/[0-8][1-2][2-3].wasm,f451a6332a705c77f27d87f87499b2e6
all5/Draw_a_cuboid/[0-8][1-2][2-4].wasm,f451a6332a705c77f27d87f87499b2e6
all5/Draw_a_cuboid/[0-8][1-2][2-5].wasm,f451a6332a705c77f27d87f87499b2e6
all5/Draw_a_cuboid/[0-8][1-2][2-6].wasm,f451a6332a705c77f27d87f87499b2e6
all5/Draw_a_cuboid/[0-8][1-2][2-7].wasm,f451a6332a705c77f27d87f87499b2e6
all5/Draw_a_cuboid/[0-8][1-2][2-8].wasm,f451a6332a705c77f27d87f87499b2e6
all5/Draw_a_cuboid/[0-8][1-2][2-9].wasm,f451a6332a705c77f27d87f87499b2e6
all5/Draw_a_cuboid/[0-8][1-3].wasm,f451a6332a705c77f27d87f87499b2e6
all5/Draw_a_cuboid/[0-8][1-3][2-10].wasm,f451a6332a705c77f27d87f87499b2e6
all5/Draw_a_cuboid/[0-8][1-3][2-11].wasm,f451a6332a705c77f27d87f87499b2e6
all5/Draw_a_cuboid/[0-8][1-3][2-12].wasm,f451a6332a705c77f27d87f87499b2e6
all5/Draw_a_cuboid/[0-8][1-3][2-13].wasm,f451a6332a705c77f27d87f87499b2e6
all5/Draw_a_cuboid/[0-8][1-3][2-1].wasm,f451a6332a705c77f27d87f87499b2e6
all5/Draw_a_cuboid/[0-8][1-3][2-2].wasm,f451a6332a705c77f27d87f87499b2e6
all5/Draw_a_cuboid/[0-8][1-3][2-3].wasm,f451a6332a705c77f27d87f87499b2e6
all5/Draw_a_cuboid/[0-8][1-3][2-4].wasm,f451a6332a705c77f27d87f87499b2e6
all5/Draw_a_cuboid/[0-8][1-3][2-5].wasm,f451a6332a705c77f27d87f87499b2e6
all5/Draw_a_cuboid/[0-8][1-3][2-6].wasm,f451a6332a705c77f27d87f87499b2e6
all5/Draw_a_cuboid/[0-8][1-3][2-7].wasm,f451a6332a705c77f27d87f87499b2e6
all5/Draw_a_cuboid/[0-8][1-3][2-8].wasm,f451a6332a705c77f27d87f87499b2e6
all5/Draw_a_cuboid/[0-8][1-3][2-9].wasm,f451a6332a705c77f27d87f87499b2e6
all5/Draw_a_cuboid/[0-8][1-4].wasm,f451a6332a705c77f27d87f87499b2e6
all5/Draw_a_cuboid/[0-8][1-4][2-10].wasm,f451a6332a705c77f27d87f87499b2e6
all5/Draw_a_cuboid/[0-8][1-4][2-11].wasm,f451a6332a705c77f27d87f87499b2e6
all5/Draw_a_cuboid/[0-8][1-4][2-12].wasm,f451a6332a705c77f27d87f87499b2e6
all5/Draw_a_cuboid/[0-8][1-4][2-13].wasm,f451a6332a705c77f27d87f87499b2e6
all5/Draw_a_cuboid/[0-8][1-4][2-1].wasm,f451a6332a705c77f27d87f87499b2e6
all5/Draw_a_cuboid/[0-8][1-4][2-2].wasm,f451a6332a705c77f27d87f87499b2e6
all5/Draw_a_cuboid/[0-8][1-4][2-3].wasm,f451a6332a705c77f27d87f87499b2e6
all5/Draw_a_cuboid/[0-8][1-4][2-4].wasm,f451a6332a705c77f27d87f87499b2e6
all5/Draw_a_cuboid/[0-8][1-4][2-5].wasm,f451a6332a705c77f27d87f87499b2e6
all5/Draw_a_cuboid/[0-8][1-4][2-6].wasm,f451a6332a705c77f27d87f87499b2e6
all5/Draw_a_cuboid/[0-8][1-4][2-7].wasm,f451a6332a705c77f27d87f87499b2e6
all5/Draw_a_cuboid/[0-8][1-4][2-8].wasm,f451a6332a705c77f27d87f87499b2e6
all5/Draw_a_cuboid/[0-8][1-4][2-9].wasm,f451a6332a705c77f27d87f87499b2e6
all5/Draw_a_cuboid/[0-8][1-5].wasm,f451a6332a705c77f27d87f87499b2e6
all5/Draw_a_cuboid/[0-8][1-5][2-10].wasm,f451a6332a705c77f27d87f87499b2e6
all5/Draw_a_cuboid/[0-8][1-5][2-11].wasm,f451a6332a705c77f27d87f87499b2e6
all5/Draw_a_cuboid/[0-8][1-5][2-12].wasm,f451a6332a705c77f27d87f87499b2e6
all5/Draw_a_cuboid/[0-8][1-5][2-13].wasm,f451a6332a705c77f27d87f87499b2e6
all5/Draw_a_cuboid/[0-8][1-5][2-1].wasm,f451a6332a705c77f27d87f87499b2e6
all5/Draw_a_cuboid/[0-8][1-5][2-2].wasm,f451a6332a705c77f27d87f87499b2e6
all5/Draw_a_cuboid/[0-8][1-5][2-3].wasm,f451a6332a705c77f27d87f87499b2e6
all5/Draw_a_cuboid/[0-8][1-5][2-4].wasm,f451a6332a705c77f27d87f87499b2e6
all5/Draw_a_cuboid/[0-8][1-5][2-5].wasm,f451a6332a705c77f27d87f87499b2e6
all5/Draw_a_cuboid/[0-8][1-5][2-6].wasm,f451a6332a705c77f27d87f87499b2e6
all5/Draw_a_cuboid/[0-8][1-5][2-7].wasm,f451a6332a705c77f27d87f87499b2e6
all5/Draw_a_cuboid/[0-8][1-5][2-8].wasm,f451a6332a705c77f27d87f87499b2e6
all5/Draw_a_cuboid/[0-8][1-5][2-9].wasm,f451a6332a705c77f27d87f87499b2e6
all5/Draw_a_cuboid/[0-8][1-6].wasm,f451a6332a705c77f27d87f87499b2e6
all5/Draw_a_cuboid/[0-8][1-6][2-10].wasm,f451a6332a705c77f27d87f87499b2e6
all5/Draw_a_cuboid/[0-8][1-6][2-11].wasm,f451a6332a705c77f27d87f87499b2e6
all5/Draw_a_cuboid/[0-8][1-6][2-12].wasm,f451a6332a705c77f27d87f87499b2e6
all5/Draw_a_cuboid/[0-8][1-6][2-13].wasm,f451a6332a705c77f27d87f87499b2e6
all5/Draw_a_cuboid/[0-8][1-6][2-1].wasm,f451a6332a705c77f27d87f87499b2e6
all5/Draw_a_cuboid/[0-8][1-6][2-2].wasm,f451a6332a705c77f27d87f87499b2e6
all5/Draw_a_cuboid/[0-8][1-6][2-3].wasm,f451a6332a705c77f27d87f87499b2e6
all5/Draw_a_cuboid/[0-8][1-6][2-4].wasm,f451a6332a705c77f27d87f87499b2e6
all5/Draw_a_cuboid/[0-8][1-6][2-5].wasm,f451a6332a705c77f27d87f87499b2e6
all5/Draw_a_cuboid/[0-8][1-6][2-6].wasm,f451a6332a705c77f27d87f87499b2e6
all5/Draw_a_cuboid/[0-8][1-6][2-7].wasm,f451a6332a705c77f27d87f87499b2e6
all5/Draw_a_cuboid/[0-8][1-6][2-8].wasm,f451a6332a705c77f27d87f87499b2e6
all5/Draw_a_cuboid/[0-8][1-6][2-9].wasm,f451a6332a705c77f27d87f87499b2e6
all5/Draw_a_cuboid/[0-8][1-7].wasm,f451a6332a705c77f27d87f87499b2e6
all5/Draw_a_cuboid/[0-8][1-7][2-10].wasm,f451a6332a705c77f27d87f87499b2e6
all5/Draw_a_cuboid/[0-8][1-7][2-11].wasm,f451a6332a705c77f27d87f87499b2e6
all5/Draw_a_cuboid/[0-8][1-7][2-12].wasm,f451a6332a705c77f27d87f87499b2e6
all5/Draw_a_cuboid/[0-8][1-7][2-13].wasm,f451a6332a705c77f27d87f87499b2e6
all5/Draw_a_cuboid/[0-8][1-7][2-1].wasm,f451a6332a705c77f27d87f87499b2e6
all5/Draw_a_cuboid/[0-8][1-7][2-2].wasm,f451a6332a705c77f27d87f87499b2e6
all5/Draw_a_cuboid/[0-8][1-7][2-3].wasm,f451a6332a705c77f27d87f87499b2e6
all5/Draw_a_cuboid/[0-8][1-7][2-4].wasm,f451a6332a705c77f27d87f87499b2e6
all5/Draw_a_cuboid/[0-8][1-7][2-5].wasm,f451a6332a705c77f27d87f87499b2e6
all5/Draw_a_cuboid/[0-8][1-7][2-6].wasm,f451a6332a705c77f27d87f87499b2e6
all5/Draw_a_cuboid/[0-8][1-7][2-7].wasm,f451a6332a705c77f27d87f87499b2e6
all5/Draw_a_cuboid/[0-8][1-7][2-8].wasm,f451a6332a705c77f27d87f87499b2e6
all5/Draw_a_cuboid/[0-8][1-7][2-9].wasm,f451a6332a705c77f27d87f87499b2e6
all5/Draw_a_cuboid/[0-8][1-8].wasm,f451a6332a705c77f27d87f87499b2e6
all5/Draw_a_cuboid/[0-8][1-8][2-10].wasm,f451a6332a705c77f27d87f87499b2e6
all5/Draw_a_cuboid/[0-8][1-8][2-11].wasm,f451a6332a705c77f27d87f87499b2e6
all5/Draw_a_cuboid/[0-8][1-8][2-12].wasm,f451a6332a705c77f27d87f87499b2e6
all5/Draw_a_cuboid/[0-8][1-8][2-13].wasm,f451a6332a705c77f27d87f87499b2e6
all5/Draw_a_cuboid/[0-8][1-8][2-1].wasm,f451a6332a705c77f27d87f87499b2e6
all5/Draw_a_cuboid/[0-8][1-8][2-2].wasm,f451a6332a705c77f27d87f87499b2e6
all5/Draw_a_cuboid/[0-8][1-8][2-3].wasm,f451a6332a705c77f27d87f87499b2e6
all5/Draw_a_cuboid/[0-8][1-8][2-4].wasm,f451a6332a705c77f27d87f87499b2e6
all5/Draw_a_cuboid/[0-8][1-8][2-5].wasm,f451a6332a705c77f27d87f87499b2e6
all5/Draw_a_cuboid/[0-8][1-8][2-6].wasm,f451a6332a705c77f27d87f87499b2e6
all5/Draw_a_cuboid/[0-8][1-8][2-7].wasm,f451a6332a705c77f27d87f87499b2e6
all5/Draw_a_cuboid/[0-8][1-8][2-8].wasm,f451a6332a705c77f27d87f87499b2e6
all5/Draw_a_cuboid/[0-8][1-8][2-9].wasm,f451a6332a705c77f27d87f87499b2e6
all5/Draw_a_cuboid/[0-8][2-10].wasm,f451a6332a705c77f27d87f87499b2e6
all5/Draw_a_cuboid/[0-8][2-11].wasm,f451a6332a705c77f27d87f87499b2e6
all5/Draw_a_cuboid/[0-8][2-12].wasm,f451a6332a705c77f27d87f87499b2e6
all5/Draw_a_cuboid/[0-8][2-13].wasm,f451a6332a705c77f27d87f87499b2e6
all5/Draw_a_cuboid/[0-8][2-1].wasm,f451a6332a705c77f27d87f87499b2e6
all5/Draw_a_cuboid/[0-8][2-2].wasm,f451a6332a705c77f27d87f87499b2e6
all5/Draw_a_cuboid/[0-8][2-3].wasm,f451a6332a705c77f27d87f87499b2e6
all5/Draw_a_cuboid/[0-8][2-4].wasm,f451a6332a705c77f27d87f87499b2e6
all5/Draw_a_cuboid/[0-8][2-5].wasm,f451a6332a705c77f27d87f87499b2e6
all5/Draw_a_cuboid/[0-8][2-6].wasm,f451a6332a705c77f27d87f87499b2e6
all5/Draw_a_cuboid/[0-8][2-7].wasm,f451a6332a705c77f27d87f87499b2e6
all5/Draw_a_cuboid/[0-8][2-8].wasm,f451a6332a705c77f27d87f87499b2e6
all5/Draw_a_cuboid/[0-8][2-9].wasm,f451a6332a705c77f27d87f87499b2e6
all5/Draw_a_cuboid/[1-1].wasm,f451a6332a705c77f27d87f87499b2e6
all5/Draw_a_cuboid/[1-1].wasm.~1~,55792813a2b7207d9cdacbc2c4606c4c
all5/Draw_a_cuboid/[1-1][2-10].wasm,f451a6332a705c77f27d87f87499b2e6
all5/Draw_a_cuboid/[1-1][2-11].wasm,f451a6332a705c77f27d87f87499b2e6
all5/Draw_a_cuboid/[1-1][2-12].wasm,f451a6332a705c77f27d87f87499b2e6
all5/Draw_a_cuboid/[1-1][2-13].wasm,f451a6332a705c77f27d87f87499b2e6
all5/Draw_a_cuboid/[1-1][2-1].wasm,f451a6332a705c77f27d87f87499b2e6
all5/Draw_a_cuboid/[1-1][2-2].wasm,f451a6332a705c77f27d87f87499b2e6
all5/Draw_a_cuboid/[1-1][2-3].wasm,f451a6332a705c77f27d87f87499b2e6
all5/Draw_a_cuboid/[1-1][2-4].wasm,f451a6332a705c77f27d87f87499b2e6
all5/Draw_a_cuboid/[1-1][2-5].wasm,f451a6332a705c77f27d87f87499b2e6
all5/Draw_a_cuboid/[1-1][2-6].wasm,f451a6332a705c77f27d87f87499b2e6
all5/Draw_a_cuboid/[1-1][2-7].wasm,f451a6332a705c77f27d87f87499b2e6
all5/Draw_a_cuboid/[1-1][2-8].wasm,f451a6332a705c77f27d87f87499b2e6
all5/Draw_a_cuboid/[1-1][2-9].wasm,f451a6332a705c77f27d87f87499b2e6
all5/Draw_a_cuboid/[1-1][6-1].wasm,55792813a2b7207d9cdacbc2c4606c4c
all5/Draw_a_cuboid/[1-2].wasm,f451a6332a705c77f27d87f87499b2e6
all5/Draw_a_cuboid/[1-2][2-10].wasm,f451a6332a705c77f27d87f87499b2e6
all5/Draw_a_cuboid/[1-2][2-11].wasm,f451a6332a705c77f27d87f87499b2e6
all5/Draw_a_cuboid/[1-2][2-12].wasm,f451a6332a705c77f27d87f87499b2e6
all5/Draw_a_cuboid/[1-2][2-13].wasm,f451a6332a705c77f27d87f87499b2e6
all5/Draw_a_cuboid/[1-2][2-1].wasm,f451a6332a705c77f27d87f87499b2e6
all5/Draw_a_cuboid/[1-2][2-2].wasm,f451a6332a705c77f27d87f87499b2e6
all5/Draw_a_cuboid/[1-2][2-3].wasm,f451a6332a705c77f27d87f87499b2e6
all5/Draw_a_cuboid/[1-2][2-4].wasm,f451a6332a705c77f27d87f87499b2e6
all5/Draw_a_cuboid/[1-2][2-5].wasm,f451a6332a705c77f27d87f87499b2e6
all5/Draw_a_cuboid/[1-2][2-6].wasm,f451a6332a705c77f27d87f87499b2e6
all5/Draw_a_cuboid/[1-2][2-7].wasm,f451a6332a705c77f27d87f87499b2e6
all5/Draw_a_cuboid/[1-2][2-8].wasm,f451a6332a705c77f27d87f87499b2e6
all5/Draw_a_cuboid/[1-2][2-9].wasm,f451a6332a705c77f27d87f87499b2e6
all5/Draw_a_cuboid/[1-3].wasm,f451a6332a705c77f27d87f87499b2e6
all5/Draw_a_cuboid/[1-3][2-10].wasm,f451a6332a705c77f27d87f87499b2e6
all5/Draw_a_cuboid/[1-3][2-11].wasm,f451a6332a705c77f27d87f87499b2e6
all5/Draw_a_cuboid/[1-3][2-12].wasm,f451a6332a705c77f27d87f87499b2e6
all5/Draw_a_cuboid/[1-3][2-13].wasm,f451a6332a705c77f27d87f87499b2e6
all5/Draw_a_cuboid/[1-3][2-1].wasm,f451a6332a705c77f27d87f87499b2e6
all5/Draw_a_cuboid/[1-3][2-2].wasm,f451a6332a705c77f27d87f87499b2e6
all5/Draw_a_cuboid/[1-3][2-3].wasm,f451a6332a705c77f27d87f87499b2e6
all5/Draw_a_cuboid/[1-3][2-4].wasm,f451a6332a705c77f27d87f87499b2e6
all5/Draw_a_cuboid/[1-3][2-5].wasm,f451a6332a705c77f27d87f87499b2e6
all5/Draw_a_cuboid/[1-3][2-6].wasm,f451a6332a705c77f27d87f87499b2e6
all5/Draw_a_cuboid/[1-3][2-7].wasm,f451a6332a705c77f27d87f87499b2e6
all5/Draw_a_cuboid/[1-3][2-8].wasm,f451a6332a705c77f27d87f87499b2e6
all5/Draw_a_cuboid/[1-3][2-9].wasm,f451a6332a705c77f27d87f87499b2e6
all5/Draw_a_cuboid/[1-4].wasm,f451a6332a705c77f27d87f87499b2e6
all5/Draw_a_cuboid/[1-4][2-10].wasm,f451a6332a705c77f27d87f87499b2e6
all5/Draw_a_cuboid/[1-4][2-11].wasm,f451a6332a705c77f27d87f87499b2e6
all5/Draw_a_cuboid/[1-4][2-12].wasm,f451a6332a705c77f27d87f87499b2e6
all5/Draw_a_cuboid/[1-4][2-13].wasm,f451a6332a705c77f27d87f87499b2e6
all5/Draw_a_cuboid/[1-4][2-1].wasm,f451a6332a705c77f27d87f87499b2e6
all5/Draw_a_cuboid/[1-4][2-2].wasm,f451a6332a705c77f27d87f87499b2e6
all5/Draw_a_cuboid/[1-4][2-3].wasm,f451a6332a705c77f27d87f87499b2e6
all5/Draw_a_cuboid/[1-4][2-4].wasm,f451a6332a705c77f27d87f87499b2e6
all5/Draw_a_cuboid/[1-4][2-5].wasm,f451a6332a705c77f27d87f87499b2e6
all5/Draw_a_cuboid/[1-4][2-6].wasm,f451a6332a705c77f27d87f87499b2e6
all5/Draw_a_cuboid/[1-4][2-7].wasm,f451a6332a705c77f27d87f87499b2e6
all5/Draw_a_cuboid/[1-4][2-8].wasm,f451a6332a705c77f27d87f87499b2e6
all5/Draw_a_cuboid/[1-4][2-9].wasm,f451a6332a705c77f27d87f87499b2e6
all5/Draw_a_cuboid/[1-5].wasm,f451a6332a705c77f27d87f87499b2e6
all5/Draw_a_cuboid/[1-5][2-10].wasm,f451a6332a705c77f27d87f87499b2e6
all5/Draw_a_cuboid/[1-5][2-11].wasm,f451a6332a705c77f27d87f87499b2e6
all5/Draw_a_cuboid/[1-5][2-12].wasm,f451a6332a705c77f27d87f87499b2e6
all5/Draw_a_cuboid/[1-5][2-13].wasm,f451a6332a705c77f27d87f87499b2e6
all5/Draw_a_cuboid/[1-5][2-1].wasm,f451a6332a705c77f27d87f87499b2e6
all5/Draw_a_cuboid/[1-5][2-2].wasm,f451a6332a705c77f27d87f87499b2e6
all5/Draw_a_cuboid/[1-5][2-3].wasm,f451a6332a705c77f27d87f87499b2e6
all5/Draw_a_cuboid/[1-5][2-4].wasm,f451a6332a705c77f27d87f87499b2e6
all5/Draw_a_cuboid/[1-5][2-5].wasm,f451a6332a705c77f27d87f87499b2e6
all5/Draw_a_cuboid/[1-5][2-6].wasm,f451a6332a705c77f27d87f87499b2e6
all5/Draw_a_cuboid/[1-5][2-7].wasm,f451a6332a705c77f27d87f87499b2e6
all5/Draw_a_cuboid/[1-5][2-8].wasm,f451a6332a705c77f27d87f87499b2e6
all5/Draw_a_cuboid/[1-5][2-9].wasm,f451a6332a705c77f27d87f87499b2e6
all5/Draw_a_cuboid/[1-6].wasm,f451a6332a705c77f27d87f87499b2e6
all5/Draw_a_cuboid/[1-6][2-10].wasm,f451a6332a705c77f27d87f87499b2e6
all5/Draw_a_cuboid/[1-6][2-11].wasm,f451a6332a705c77f27d87f87499b2e6
all5/Draw_a_cuboid/[1-6][2-12].wasm,f451a6332a705c77f27d87f87499b2e6
all5/Draw_a_cuboid/[1-6][2-13].wasm,f451a6332a705c77f27d87f87499b2e6
all5/Draw_a_cuboid/[1-6][2-1].wasm,f451a6332a705c77f27d87f87499b2e6
all5/Draw_a_cuboid/[1-6][2-2].wasm,f451a6332a705c77f27d87f87499b2e6
all5/Draw_a_cuboid/[1-6][2-3].wasm,f451a6332a705c77f27d87f87499b2e6
all5/Draw_a_cuboid/[1-6][2-4].wasm,f451a6332a705c77f27d87f87499b2e6
all5/Draw_a_cuboid/[1-6][2-5].wasm,f451a6332a705c77f27d87f87499b2e6
all5/Draw_a_cuboid/[1-6][2-6].wasm,f451a6332a705c77f27d87f87499b2e6
all5/Draw_a_cuboid/[1-6][2-7].wasm,f451a6332a705c77f27d87f87499b2e6
all5/Draw_a_cuboid/[1-6][2-8].wasm,f451a6332a705c77f27d87f87499b2e6
all5/Draw_a_cuboid/[1-6][2-9].wasm,f451a6332a705c77f27d87f87499b2e6
all5/Draw_a_cuboid/[1-7].wasm,f451a6332a705c77f27d87f87499b2e6
all5/Draw_a_cuboid/[1-7][2-10].wasm,f451a6332a705c77f27d87f87499b2e6
all5/Draw_a_cuboid/[1-7][2-11].wasm,f451a6332a705c77f27d87f87499b2e6
all5/Draw_a_cuboid/[1-7][2-12].wasm,f451a6332a705c77f27d87f87499b2e6
all5/Draw_a_cuboid/[1-7][2-13].wasm,f451a6332a705c77f27d87f87499b2e6
all5/Draw_a_cuboid/[1-7][2-1].wasm,f451a6332a705c77f27d87f87499b2e6
all5/Draw_a_cuboid/[1-7][2-2].wasm,f451a6332a705c77f27d87f87499b2e6
all5/Draw_a_cuboid/[1-7][2-3].wasm,f451a6332a705c77f27d87f87499b2e6
all5/Draw_a_cuboid/[1-7][2-4].wasm,f451a6332a705c77f27d87f87499b2e6
all5/Draw_a_cuboid/[1-7][2-5].wasm,f451a6332a705c77f27d87f87499b2e6
all5/Draw_a_cuboid/[1-7][2-6].wasm,f451a6332a705c77f27d87f87499b2e6
all5/Draw_a_cuboid/[1-7][2-7].wasm,f451a6332a705c77f27d87f87499b2e6
all5/Draw_a_cuboid/[1-7][2-8].wasm,f451a6332a705c77f27d87f87499b2e6
all5/Draw_a_cuboid/[1-7][2-9].wasm,f451a6332a705c77f27d87f87499b2e6
all5/Draw_a_cuboid/[1-8].wasm,f451a6332a705c77f27d87f87499b2e6
all5/Draw_a_cuboid/[1-8][2-10].wasm,f451a6332a705c77f27d87f87499b2e6
all5/Draw_a_cuboid/[1-8][2-11].wasm,f451a6332a705c77f27d87f87499b2e6
all5/Draw_a_cuboid/[1-8][2-12].wasm,f451a6332a705c77f27d87f87499b2e6
all5/Draw_a_cuboid/[1-8][2-13].wasm,f451a6332a705c77f27d87f87499b2e6
all5/Draw_a_cuboid/[1-8][2-1].wasm,f451a6332a705c77f27d87f87499b2e6
all5/Draw_a_cuboid/[1-8][2-2].wasm,f451a6332a705c77f27d87f87499b2e6
all5/Draw_a_cuboid/[1-8][2-3].wasm,f451a6332a705c77f27d87f87499b2e6
all5/Draw_a_cuboid/[1-8][2-4].wasm,f451a6332a705c77f27d87f87499b2e6
all5/Draw_a_cuboid/[1-8][2-5].wasm,f451a6332a705c77f27d87f87499b2e6
all5/Draw_a_cuboid/[1-8][2-6].wasm,f451a6332a705c77f27d87f87499b2e6
all5/Draw_a_cuboid/[1-8][2-7].wasm,f451a6332a705c77f27d87f87499b2e6
all5/Draw_a_cuboid/[1-8][2-8].wasm,f451a6332a705c77f27d87f87499b2e6
all5/Draw_a_cuboid/[1-8][2-9].wasm,f451a6332a705c77f27d87f87499b2e6
all5/Draw_a_cuboid/[10-1].wasm,68f8f5813b423a88f4b74112a7ef6992
all5/Draw_a_cuboid/[10-5].wasm,ac4686ebd593cb7a4a7234970b9da433
all5/Draw_a_cuboid/[2-10].wasm,f451a6332a705c77f27d87f87499b2e6
all5/Draw_a_cuboid/[2-11].wasm,f451a6332a705c77f27d87f87499b2e6
all5/Draw_a_cuboid/[2-12].wasm,f451a6332a705c77f27d87f87499b2e6
all5/Draw_a_cuboid/[2-13].wasm,f451a6332a705c77f27d87f87499b2e6
all5/Draw_a_cuboid/[2-1].wasm,f451a6332a705c77f27d87f87499b2e6
all5/Draw_a_cuboid/[2-1].wasm.~1~,55792813a2b7207d9cdacbc2c4606c4c
all5/Draw_a_cuboid/[2-1][6-1].wasm,55792813a2b7207d9cdacbc2c4606c4c
all5/Draw_a_cuboid/[2-2].wasm,f451a6332a705c77f27d87f87499b2e6
all5/Draw_a_cuboid/[2-2].wasm.~1~,55792813a2b7207d9cdacbc2c4606c4c
all5/Draw_a_cuboid/[2-2][6-1].wasm,55792813a2b7207d9cdacbc2c4606c4c
all5/Draw_a_cuboid/[2-3].wasm,f451a6332a705c77f27d87f87499b2e6
all5/Draw_a_cuboid/[2-3].wasm.~1~,55792813a2b7207d9cdacbc2c4606c4c
all5/Draw_a_cuboid/[2-3][6-1].wasm,55792813a2b7207d9cdacbc2c4606c4c
all5/Draw_a_cuboid/[2-4].wasm,f451a6332a705c77f27d87f87499b2e6
all5/Draw_a_cuboid/[2-4].wasm.~1~,55792813a2b7207d9cdacbc2c4606c4c
all5/Draw_a_cuboid/[2-4][6-1].wasm,55792813a2b7207d9cdacbc2c4606c4c
all5/Draw_a_cuboid/[2-5].wasm,f451a6332a705c77f27d87f87499b2e6
all5/Draw_a_cuboid/[2-5].wasm.~1~,55792813a2b7207d9cdacbc2c4606c4c
all5/Draw_a_cuboid/[2-5][6-1].wasm,55792813a2b7207d9cdacbc2c4606c4c
all5/Draw_a_cuboid/[2-6].wasm,f451a6332a705c77f27d87f87499b2e6
all5/Draw_a_cuboid/[2-6].wasm.~1~,55792813a2b7207d9cdacbc2c4606c4c
all5/Draw_a_cuboid/[2-6][6-1].wasm,55792813a2b7207d9cdacbc2c4606c4c
all5/Draw_a_cuboid/[2-7].wasm,f451a6332a705c77f27d87f87499b2e6
all5/Draw_a_cuboid/[2-7].wasm.~1~,55792813a2b7207d9cdacbc2c4606c4c
all5/Draw_a_cuboid/[2-7][6-1].wasm,55792813a2b7207d9cdacbc2c4606c4c
all5/Draw_a_cuboid/[2-8].wasm,f451a6332a705c77f27d87f87499b2e6
all5/Draw_a_cuboid/[2-8].wasm.~1~,55792813a2b7207d9cdacbc2c4606c4c
all5/Draw_a_cuboid/[2-8][6-1].wasm,55792813a2b7207d9cdacbc2c4606c4c
all5/Draw_a_cuboid/[2-9].wasm,f451a6332a705c77f27d87f87499b2e6
all5/Draw_a_cuboid/[6-1].wasm,55792813a2b7207d9cdacbc2c4606c4c
