name, hash
all5/Elliptic_curve_arithmetic/Elliptic_curve_arithmetic.wasm,a8013b50b13bdd6ee7e1332009ecac47
all5/Elliptic_curve_arithmetic/Elliptic_curve_arithmetic.wasm.~1~,a8013b50b13bdd6ee7e1332009ecac47
all5/Elliptic_curve_arithmetic/Elliptic_curve_arithmetic.wasm.~2~,44e5e3d7b8e87fe1324a4fe69ad9ca15
all5/Elliptic_curve_arithmetic/[6-1].wasm,a8013b50b13bdd6ee7e1332009ecac47
all5/Elliptic_curve_arithmetic/[6-1][9-10].wasm,a8013b50b13bdd6ee7e1332009ecac47
all5/Elliptic_curve_arithmetic/[6-1][9-11].wasm,a8013b50b13bdd6ee7e1332009ecac47
all5/Elliptic_curve_arithmetic/[6-1][9-12].wasm,a8013b50b13bdd6ee7e1332009ecac47
all5/Elliptic_curve_arithmetic/[6-1][9-13].wasm,a8013b50b13bdd6ee7e1332009ecac47
all5/Elliptic_curve_arithmetic/[6-1][9-1].wasm,a8013b50b13bdd6ee7e1332009ecac47
all5/Elliptic_curve_arithmetic/[6-1][9-2].wasm,a8013b50b13bdd6ee7e1332009ecac47
all5/Elliptic_curve_arithmetic/[6-1][9-3].wasm,a8013b50b13bdd6ee7e1332009ecac47
all5/Elliptic_curve_arithmetic/[6-1][9-4].wasm,a8013b50b13bdd6ee7e1332009ecac47
all5/Elliptic_curve_arithmetic/[6-1][9-5].wasm,a8013b50b13bdd6ee7e1332009ecac47
all5/Elliptic_curve_arithmetic/[6-1][9-6].wasm,a8013b50b13bdd6ee7e1332009ecac47
all5/Elliptic_curve_arithmetic/[6-1][9-7].wasm,a8013b50b13bdd6ee7e1332009ecac47
all5/Elliptic_curve_arithmetic/[6-1][9-8].wasm,a8013b50b13bdd6ee7e1332009ecac47
all5/Elliptic_curve_arithmetic/[6-1][9-9].wasm,a8013b50b13bdd6ee7e1332009ecac47
all5/Elliptic_curve_arithmetic/[9-10].wasm,a8013b50b13bdd6ee7e1332009ecac47
all5/Elliptic_curve_arithmetic/[9-11].wasm,a8013b50b13bdd6ee7e1332009ecac47
all5/Elliptic_curve_arithmetic/[9-12].wasm,a8013b50b13bdd6ee7e1332009ecac47
all5/Elliptic_curve_arithmetic/[9-13].wasm,a8013b50b13bdd6ee7e1332009ecac47
all5/Elliptic_curve_arithmetic/[9-14].wasm,a8013b50b13bdd6ee7e1332009ecac47
all5/Elliptic_curve_arithmetic/[9-15].wasm,a8013b50b13bdd6ee7e1332009ecac47
all5/Elliptic_curve_arithmetic/[9-16].wasm,a8013b50b13bdd6ee7e1332009ecac47
all5/Elliptic_curve_arithmetic/[9-17].wasm,a8013b50b13bdd6ee7e1332009ecac47
all5/Elliptic_curve_arithmetic/[9-18].wasm,a8013b50b13bdd6ee7e1332009ecac47
all5/Elliptic_curve_arithmetic/[9-19].wasm,a8013b50b13bdd6ee7e1332009ecac47
all5/Elliptic_curve_arithmetic/[9-1].wasm,a8013b50b13bdd6ee7e1332009ecac47
all5/Elliptic_curve_arithmetic/[9-20].wasm,a8013b50b13bdd6ee7e1332009ecac47
all5/Elliptic_curve_arithmetic/[9-21].wasm,a8013b50b13bdd6ee7e1332009ecac47
all5/Elliptic_curve_arithmetic/[9-22].wasm,a8013b50b13bdd6ee7e1332009ecac47
all5/Elliptic_curve_arithmetic/[9-23].wasm,a8013b50b13bdd6ee7e1332009ecac47
all5/Elliptic_curve_arithmetic/[9-24].wasm,a8013b50b13bdd6ee7e1332009ecac47
all5/Elliptic_curve_arithmetic/[9-2].wasm,a8013b50b13bdd6ee7e1332009ecac47
all5/Elliptic_curve_arithmetic/[9-3].wasm,a8013b50b13bdd6ee7e1332009ecac47
all5/Elliptic_curve_arithmetic/[9-4].wasm,a8013b50b13bdd6ee7e1332009ecac47
all5/Elliptic_curve_arithmetic/[9-5].wasm,a8013b50b13bdd6ee7e1332009ecac47
all5/Elliptic_curve_arithmetic/[9-6].wasm,a8013b50b13bdd6ee7e1332009ecac47
all5/Elliptic_curve_arithmetic/[9-7].wasm,a8013b50b13bdd6ee7e1332009ecac47
all5/Elliptic_curve_arithmetic/[9-8].wasm,a8013b50b13bdd6ee7e1332009ecac47
all5/Elliptic_curve_arithmetic/[9-9].wasm,a8013b50b13bdd6ee7e1332009ecac47
