name, hash
all5/Emirp_primes/Emirp_primes.wasm,861533d3e34af901ec3c310cfe67937d
all5/Emirp_primes/Emirp_primes.wasm.~1~,f47d94e62652a69e5505d1b49988560b
all5/Emirp_primes/Emirp_primes.wasm.~2~,861533d3e34af901ec3c310cfe67937d
all5/Emirp_primes/Emirp_primes.wasm.~3~,f47d94e62652a69e5505d1b49988560b
all5/Emirp_primes/[0-0].wasm,861533d3e34af901ec3c310cfe67937d
all5/Emirp_primes/[0-10].wasm,861533d3e34af901ec3c310cfe67937d
all5/Emirp_primes/[0-10][1-10].wasm,631d88f9ef8f717e66e9a0c0d9dd6ef9
all5/Emirp_primes/[0-10][1-10][29-1].wasm,631d88f9ef8f717e66e9a0c0d9dd6ef9
all5/Emirp_primes/[0-10][1-11].wasm,9e842cd7ce6ef460ea58436023294cd5
all5/Emirp_primes/[0-10][1-11][29-1].wasm,9e842cd7ce6ef460ea58436023294cd5
all5/Emirp_primes/[0-10][1-12].wasm,861533d3e34af901ec3c310cfe67937d
all5/Emirp_primes/[0-10][1-12][29-1].wasm,861533d3e34af901ec3c310cfe67937d
all5/Emirp_primes/[0-10][1-13].wasm,48d3439280e5d9cb0a1a34ef4d8b1ac7
all5/Emirp_primes/[0-10][1-13][29-1].wasm,48d3439280e5d9cb0a1a34ef4d8b1ac7
all5/Emirp_primes/[0-10][1-1].wasm,861533d3e34af901ec3c310cfe67937d
all5/Emirp_primes/[0-10][1-1][29-1].wasm,861533d3e34af901ec3c310cfe67937d
all5/Emirp_primes/[0-10][1-2].wasm,1260a278e6d57e01e7ddceb4cfb9723d
all5/Emirp_primes/[0-10][1-2][29-1].wasm,1260a278e6d57e01e7ddceb4cfb9723d
all5/Emirp_primes/[0-10][1-3].wasm,861533d3e34af901ec3c310cfe67937d
all5/Emirp_primes/[0-10][1-3][29-1].wasm,861533d3e34af901ec3c310cfe67937d
all5/Emirp_primes/[0-10][1-4].wasm,48d3439280e5d9cb0a1a34ef4d8b1ac7
all5/Emirp_primes/[0-10][1-4][29-1].wasm,48d3439280e5d9cb0a1a34ef4d8b1ac7
all5/Emirp_primes/[0-10][1-5].wasm,861533d3e34af901ec3c310cfe67937d
all5/Emirp_primes/[0-10][1-5][29-1].wasm,861533d3e34af901ec3c310cfe67937d
all5/Emirp_primes/[0-10][1-6].wasm,861533d3e34af901ec3c310cfe67937d
all5/Emirp_primes/[0-10][1-6][29-1].wasm,861533d3e34af901ec3c310cfe67937d
all5/Emirp_primes/[0-10][1-7].wasm,861533d3e34af901ec3c310cfe67937d
all5/Emirp_primes/[0-10][1-7][29-1].wasm,861533d3e34af901ec3c310cfe67937d
all5/Emirp_primes/[0-10][1-8].wasm,861533d3e34af901ec3c310cfe67937d
all5/Emirp_primes/[0-10][1-8][29-1].wasm,861533d3e34af901ec3c310cfe67937d
all5/Emirp_primes/[0-10][1-9].wasm,861533d3e34af901ec3c310cfe67937d
all5/Emirp_primes/[0-10][1-9][29-1].wasm,861533d3e34af901ec3c310cfe67937d
all5/Emirp_primes/[0-10][29-1].wasm,861533d3e34af901ec3c310cfe67937d
all5/Emirp_primes/[0-11].wasm,861533d3e34af901ec3c310cfe67937d
all5/Emirp_primes/[0-11][1-10].wasm,631d88f9ef8f717e66e9a0c0d9dd6ef9
all5/Emirp_primes/[0-11][1-10][29-1].wasm,631d88f9ef8f717e66e9a0c0d9dd6ef9
all5/Emirp_primes/[0-11][1-11].wasm,9e842cd7ce6ef460ea58436023294cd5
all5/Emirp_primes/[0-11][1-11][29-1].wasm,9e842cd7ce6ef460ea58436023294cd5
all5/Emirp_primes/[0-11][1-12].wasm,861533d3e34af901ec3c310cfe67937d
all5/Emirp_primes/[0-11][1-12][29-1].wasm,861533d3e34af901ec3c310cfe67937d
all5/Emirp_primes/[0-11][1-13].wasm,48d3439280e5d9cb0a1a34ef4d8b1ac7
all5/Emirp_primes/[0-11][1-13][29-1].wasm,48d3439280e5d9cb0a1a34ef4d8b1ac7
all5/Emirp_primes/[0-11][1-1].wasm,861533d3e34af901ec3c310cfe67937d
all5/Emirp_primes/[0-11][1-1][29-1].wasm,861533d3e34af901ec3c310cfe67937d
all5/Emirp_primes/[0-11][1-2].wasm,1260a278e6d57e01e7ddceb4cfb9723d
all5/Emirp_primes/[0-11][1-2][29-1].wasm,1260a278e6d57e01e7ddceb4cfb9723d
all5/Emirp_primes/[0-11][1-3].wasm,861533d3e34af901ec3c310cfe67937d
all5/Emirp_primes/[0-11][1-3][29-1].wasm,861533d3e34af901ec3c310cfe67937d
all5/Emirp_primes/[0-11][1-4].wasm,48d3439280e5d9cb0a1a34ef4d8b1ac7
all5/Emirp_primes/[0-11][1-4][29-1].wasm,48d3439280e5d9cb0a1a34ef4d8b1ac7
all5/Emirp_primes/[0-11][1-5].wasm,861533d3e34af901ec3c310cfe67937d
all5/Emirp_primes/[0-11][1-5][29-1].wasm,861533d3e34af901ec3c310cfe67937d
all5/Emirp_primes/[0-11][1-6].wasm,861533d3e34af901ec3c310cfe67937d
all5/Emirp_primes/[0-11][1-6][29-1].wasm,861533d3e34af901ec3c310cfe67937d
all5/Emirp_primes/[0-11][1-7].wasm,861533d3e34af901ec3c310cfe67937d
all5/Emirp_primes/[0-11][1-7][29-1].wasm,861533d3e34af901ec3c310cfe67937d
all5/Emirp_primes/[0-11][1-8].wasm,861533d3e34af901ec3c310cfe67937d
all5/Emirp_primes/[0-11][1-8][29-1].wasm,861533d3e34af901ec3c310cfe67937d
all5/Emirp_primes/[0-11][1-9].wasm,861533d3e34af901ec3c310cfe67937d
all5/Emirp_primes/[0-11][1-9][29-1].wasm,861533d3e34af901ec3c310cfe67937d
all5/Emirp_primes/[0-11][29-1].wasm,861533d3e34af901ec3c310cfe67937d
all5/Emirp_primes/[0-12].wasm,809cf419c0464f1d4c04dcbc03415cdf
all5/Emirp_primes/[0-12][1-10].wasm,809cf419c0464f1d4c04dcbc03415cdf
all5/Emirp_primes/[0-12][1-10][29-1].wasm,809cf419c0464f1d4c04dcbc03415cdf
all5/Emirp_primes/[0-12][1-11].wasm,809cf419c0464f1d4c04dcbc03415cdf
all5/Emirp_primes/[0-12][1-11][29-1].wasm,809cf419c0464f1d4c04dcbc03415cdf
all5/Emirp_primes/[0-12][1-12].wasm,809cf419c0464f1d4c04dcbc03415cdf
all5/Emirp_primes/[0-12][1-12][29-1].wasm,809cf419c0464f1d4c04dcbc03415cdf
all5/Emirp_primes/[0-12][1-13].wasm,809cf419c0464f1d4c04dcbc03415cdf
all5/Emirp_primes/[0-12][1-13][29-1].wasm,809cf419c0464f1d4c04dcbc03415cdf
all5/Emirp_primes/[0-12][1-1].wasm,809cf419c0464f1d4c04dcbc03415cdf
all5/Emirp_primes/[0-12][1-1][29-1].wasm,809cf419c0464f1d4c04dcbc03415cdf
all5/Emirp_primes/[0-12][1-2].wasm,809cf419c0464f1d4c04dcbc03415cdf
all5/Emirp_primes/[0-12][1-2][29-1].wasm,809cf419c0464f1d4c04dcbc03415cdf
all5/Emirp_primes/[0-12][1-3].wasm,809cf419c0464f1d4c04dcbc03415cdf
all5/Emirp_primes/[0-12][1-3][29-1].wasm,809cf419c0464f1d4c04dcbc03415cdf
all5/Emirp_primes/[0-12][1-4].wasm,809cf419c0464f1d4c04dcbc03415cdf
all5/Emirp_primes/[0-12][1-4][29-1].wasm,809cf419c0464f1d4c04dcbc03415cdf
all5/Emirp_primes/[0-12][1-5].wasm,809cf419c0464f1d4c04dcbc03415cdf
all5/Emirp_primes/[0-12][1-5][29-1].wasm,809cf419c0464f1d4c04dcbc03415cdf
all5/Emirp_primes/[0-12][1-6].wasm,809cf419c0464f1d4c04dcbc03415cdf
all5/Emirp_primes/[0-12][1-6][29-1].wasm,809cf419c0464f1d4c04dcbc03415cdf
all5/Emirp_primes/[0-12][1-7].wasm,809cf419c0464f1d4c04dcbc03415cdf
all5/Emirp_primes/[0-12][1-7][29-1].wasm,809cf419c0464f1d4c04dcbc03415cdf
all5/Emirp_primes/[0-12][1-8].wasm,809cf419c0464f1d4c04dcbc03415cdf
all5/Emirp_primes/[0-12][1-8][29-1].wasm,809cf419c0464f1d4c04dcbc03415cdf
all5/Emirp_primes/[0-12][1-9].wasm,809cf419c0464f1d4c04dcbc03415cdf
all5/Emirp_primes/[0-12][1-9][29-1].wasm,809cf419c0464f1d4c04dcbc03415cdf
all5/Emirp_primes/[0-12][29-1].wasm,809cf419c0464f1d4c04dcbc03415cdf
all5/Emirp_primes/[0-13].wasm,861533d3e34af901ec3c310cfe67937d
all5/Emirp_primes/[0-13][1-12].wasm,861533d3e34af901ec3c310cfe67937d
all5/Emirp_primes/[0-13][1-1].wasm,861533d3e34af901ec3c310cfe67937d
all5/Emirp_primes/[0-13][1-1][29-1].wasm,861533d3e34af901ec3c310cfe67937d
all5/Emirp_primes/[0-13][1-2].wasm,1260a278e6d57e01e7ddceb4cfb9723d
all5/Emirp_primes/[0-13][1-2][29-1].wasm,1260a278e6d57e01e7ddceb4cfb9723d
all5/Emirp_primes/[0-13][1-3].wasm,861533d3e34af901ec3c310cfe67937d
all5/Emirp_primes/[0-13][1-3][29-1].wasm,861533d3e34af901ec3c310cfe67937d
all5/Emirp_primes/[0-13][1-4].wasm,48d3439280e5d9cb0a1a34ef4d8b1ac7
all5/Emirp_primes/[0-13][1-5].wasm,861533d3e34af901ec3c310cfe67937d
all5/Emirp_primes/[0-13][1-6].wasm,861533d3e34af901ec3c310cfe67937d
all5/Emirp_primes/[0-13][1-7].wasm,861533d3e34af901ec3c310cfe67937d
all5/Emirp_primes/[0-13][1-8].wasm,861533d3e34af901ec3c310cfe67937d
all5/Emirp_primes/[0-13][1-9].wasm,861533d3e34af901ec3c310cfe67937d
all5/Emirp_primes/[0-13][29-1].wasm,861533d3e34af901ec3c310cfe67937d
all5/Emirp_primes/[0-1].wasm,861533d3e34af901ec3c310cfe67937d
all5/Emirp_primes/[0-1][1-10].wasm,631d88f9ef8f717e66e9a0c0d9dd6ef9
all5/Emirp_primes/[0-1][1-10][29-1].wasm,631d88f9ef8f717e66e9a0c0d9dd6ef9
all5/Emirp_primes/[0-1][1-11].wasm,9e842cd7ce6ef460ea58436023294cd5
all5/Emirp_primes/[0-1][1-11][29-1].wasm,9e842cd7ce6ef460ea58436023294cd5
all5/Emirp_primes/[0-1][1-12].wasm,861533d3e34af901ec3c310cfe67937d
all5/Emirp_primes/[0-1][1-12][29-1].wasm,861533d3e34af901ec3c310cfe67937d
all5/Emirp_primes/[0-1][1-13].wasm,48d3439280e5d9cb0a1a34ef4d8b1ac7
all5/Emirp_primes/[0-1][1-13][29-1].wasm,48d3439280e5d9cb0a1a34ef4d8b1ac7
all5/Emirp_primes/[0-1][1-1].wasm,861533d3e34af901ec3c310cfe67937d
all5/Emirp_primes/[0-1][1-1][29-1].wasm,861533d3e34af901ec3c310cfe67937d
all5/Emirp_primes/[0-1][1-2].wasm,1260a278e6d57e01e7ddceb4cfb9723d
all5/Emirp_primes/[0-1][1-2][29-1].wasm,1260a278e6d57e01e7ddceb4cfb9723d
all5/Emirp_primes/[0-1][1-3].wasm,861533d3e34af901ec3c310cfe67937d
all5/Emirp_primes/[0-1][1-3][29-1].wasm,861533d3e34af901ec3c310cfe67937d
all5/Emirp_primes/[0-1][1-4].wasm,48d3439280e5d9cb0a1a34ef4d8b1ac7
all5/Emirp_primes/[0-1][1-4][29-1].wasm,48d3439280e5d9cb0a1a34ef4d8b1ac7
all5/Emirp_primes/[0-1][1-5].wasm,861533d3e34af901ec3c310cfe67937d
all5/Emirp_primes/[0-1][1-5][29-1].wasm,861533d3e34af901ec3c310cfe67937d
all5/Emirp_primes/[0-1][1-6].wasm,861533d3e34af901ec3c310cfe67937d
all5/Emirp_primes/[0-1][1-6][29-1].wasm,861533d3e34af901ec3c310cfe67937d
all5/Emirp_primes/[0-1][1-7].wasm,861533d3e34af901ec3c310cfe67937d
all5/Emirp_primes/[0-1][1-7][29-1].wasm,861533d3e34af901ec3c310cfe67937d
all5/Emirp_primes/[0-1][1-8].wasm,861533d3e34af901ec3c310cfe67937d
all5/Emirp_primes/[0-1][1-8][29-1].wasm,861533d3e34af901ec3c310cfe67937d
all5/Emirp_primes/[0-1][1-9].wasm,861533d3e34af901ec3c310cfe67937d
all5/Emirp_primes/[0-1][1-9][29-1].wasm,861533d3e34af901ec3c310cfe67937d
all5/Emirp_primes/[0-1][29-1].wasm,861533d3e34af901ec3c310cfe67937d
all5/Emirp_primes/[0-2].wasm,809cf419c0464f1d4c04dcbc03415cdf
all5/Emirp_primes/[0-2][1-10].wasm,809cf419c0464f1d4c04dcbc03415cdf
all5/Emirp_primes/[0-2][1-10][29-1].wasm,809cf419c0464f1d4c04dcbc03415cdf
all5/Emirp_primes/[0-2][1-11].wasm,809cf419c0464f1d4c04dcbc03415cdf
all5/Emirp_primes/[0-2][1-11][29-1].wasm,809cf419c0464f1d4c04dcbc03415cdf
all5/Emirp_primes/[0-2][1-12].wasm,809cf419c0464f1d4c04dcbc03415cdf
all5/Emirp_primes/[0-2][1-12][29-1].wasm,809cf419c0464f1d4c04dcbc03415cdf
all5/Emirp_primes/[0-2][1-13].wasm,809cf419c0464f1d4c04dcbc03415cdf
all5/Emirp_primes/[0-2][1-13][29-1].wasm,809cf419c0464f1d4c04dcbc03415cdf
all5/Emirp_primes/[0-2][1-1].wasm,809cf419c0464f1d4c04dcbc03415cdf
all5/Emirp_primes/[0-2][1-1][29-1].wasm,809cf419c0464f1d4c04dcbc03415cdf
all5/Emirp_primes/[0-2][1-2].wasm,809cf419c0464f1d4c04dcbc03415cdf
all5/Emirp_primes/[0-2][1-2][29-1].wasm,809cf419c0464f1d4c04dcbc03415cdf
all5/Emirp_primes/[0-2][1-3].wasm,809cf419c0464f1d4c04dcbc03415cdf
all5/Emirp_primes/[0-2][1-3][29-1].wasm,809cf419c0464f1d4c04dcbc03415cdf
all5/Emirp_primes/[0-2][1-4].wasm,809cf419c0464f1d4c04dcbc03415cdf
all5/Emirp_primes/[0-2][1-4][29-1].wasm,809cf419c0464f1d4c04dcbc03415cdf
all5/Emirp_primes/[0-2][1-5].wasm,809cf419c0464f1d4c04dcbc03415cdf
all5/Emirp_primes/[0-2][1-5][29-1].wasm,809cf419c0464f1d4c04dcbc03415cdf
all5/Emirp_primes/[0-2][1-6].wasm,809cf419c0464f1d4c04dcbc03415cdf
all5/Emirp_primes/[0-2][1-6][29-1].wasm,809cf419c0464f1d4c04dcbc03415cdf
all5/Emirp_primes/[0-2][1-7].wasm,809cf419c0464f1d4c04dcbc03415cdf
all5/Emirp_primes/[0-2][1-7][29-1].wasm,809cf419c0464f1d4c04dcbc03415cdf
all5/Emirp_primes/[0-2][1-8].wasm,809cf419c0464f1d4c04dcbc03415cdf
all5/Emirp_primes/[0-2][1-8][29-1].wasm,809cf419c0464f1d4c04dcbc03415cdf
all5/Emirp_primes/[0-2][1-9].wasm,809cf419c0464f1d4c04dcbc03415cdf
all5/Emirp_primes/[0-2][1-9][29-1].wasm,809cf419c0464f1d4c04dcbc03415cdf
all5/Emirp_primes/[0-2][29-1].wasm,809cf419c0464f1d4c04dcbc03415cdf
all5/Emirp_primes/[0-3].wasm,861533d3e34af901ec3c310cfe67937d
all5/Emirp_primes/[0-3][1-10].wasm,631d88f9ef8f717e66e9a0c0d9dd6ef9
all5/Emirp_primes/[0-3][1-10][29-1].wasm,631d88f9ef8f717e66e9a0c0d9dd6ef9
all5/Emirp_primes/[0-3][1-11].wasm,9e842cd7ce6ef460ea58436023294cd5
all5/Emirp_primes/[0-3][1-11][29-1].wasm,9e842cd7ce6ef460ea58436023294cd5
all5/Emirp_primes/[0-3][1-12].wasm,861533d3e34af901ec3c310cfe67937d
all5/Emirp_primes/[0-3][1-12][29-1].wasm,861533d3e34af901ec3c310cfe67937d
all5/Emirp_primes/[0-3][1-13].wasm,48d3439280e5d9cb0a1a34ef4d8b1ac7
all5/Emirp_primes/[0-3][1-13][29-1].wasm,48d3439280e5d9cb0a1a34ef4d8b1ac7
all5/Emirp_primes/[0-3][1-1].wasm,861533d3e34af901ec3c310cfe67937d
all5/Emirp_primes/[0-3][1-1][29-1].wasm,861533d3e34af901ec3c310cfe67937d
all5/Emirp_primes/[0-3][1-2].wasm,1260a278e6d57e01e7ddceb4cfb9723d
all5/Emirp_primes/[0-3][1-2][29-1].wasm,1260a278e6d57e01e7ddceb4cfb9723d
all5/Emirp_primes/[0-3][1-3].wasm,861533d3e34af901ec3c310cfe67937d
all5/Emirp_primes/[0-3][1-3][29-1].wasm,861533d3e34af901ec3c310cfe67937d
all5/Emirp_primes/[0-3][1-4].wasm,48d3439280e5d9cb0a1a34ef4d8b1ac7
all5/Emirp_primes/[0-3][1-4][29-1].wasm,48d3439280e5d9cb0a1a34ef4d8b1ac7
all5/Emirp_primes/[0-3][1-5].wasm,861533d3e34af901ec3c310cfe67937d
all5/Emirp_primes/[0-3][1-5][29-1].wasm,861533d3e34af901ec3c310cfe67937d
all5/Emirp_primes/[0-3][1-6].wasm,861533d3e34af901ec3c310cfe67937d
all5/Emirp_primes/[0-3][1-6][29-1].wasm,861533d3e34af901ec3c310cfe67937d
all5/Emirp_primes/[0-3][1-7].wasm,861533d3e34af901ec3c310cfe67937d
all5/Emirp_primes/[0-3][1-7][29-1].wasm,861533d3e34af901ec3c310cfe67937d
all5/Emirp_primes/[0-3][1-8].wasm,861533d3e34af901ec3c310cfe67937d
all5/Emirp_primes/[0-3][1-8][29-1].wasm,861533d3e34af901ec3c310cfe67937d
all5/Emirp_primes/[0-3][1-9].wasm,861533d3e34af901ec3c310cfe67937d
all5/Emirp_primes/[0-3][1-9][29-1].wasm,861533d3e34af901ec3c310cfe67937d
all5/Emirp_primes/[0-3][29-1].wasm,861533d3e34af901ec3c310cfe67937d
all5/Emirp_primes/[0-4].wasm,861533d3e34af901ec3c310cfe67937d
all5/Emirp_primes/[0-4][1-10].wasm,631d88f9ef8f717e66e9a0c0d9dd6ef9
all5/Emirp_primes/[0-4][1-10][29-1].wasm,631d88f9ef8f717e66e9a0c0d9dd6ef9
all5/Emirp_primes/[0-4][1-11].wasm,9e842cd7ce6ef460ea58436023294cd5
all5/Emirp_primes/[0-4][1-11][29-1].wasm,9e842cd7ce6ef460ea58436023294cd5
all5/Emirp_primes/[0-4][1-12].wasm,861533d3e34af901ec3c310cfe67937d
all5/Emirp_primes/[0-4][1-12][29-1].wasm,861533d3e34af901ec3c310cfe67937d
all5/Emirp_primes/[0-4][1-13].wasm,48d3439280e5d9cb0a1a34ef4d8b1ac7
all5/Emirp_primes/[0-4][1-13][29-1].wasm,48d3439280e5d9cb0a1a34ef4d8b1ac7
all5/Emirp_primes/[0-4][1-1].wasm,861533d3e34af901ec3c310cfe67937d
all5/Emirp_primes/[0-4][1-1][29-1].wasm,861533d3e34af901ec3c310cfe67937d
all5/Emirp_primes/[0-4][1-2].wasm,1260a278e6d57e01e7ddceb4cfb9723d
all5/Emirp_primes/[0-4][1-2][29-1].wasm,1260a278e6d57e01e7ddceb4cfb9723d
all5/Emirp_primes/[0-4][1-3].wasm,861533d3e34af901ec3c310cfe67937d
all5/Emirp_primes/[0-4][1-3][29-1].wasm,861533d3e34af901ec3c310cfe67937d
all5/Emirp_primes/[0-4][1-4].wasm,48d3439280e5d9cb0a1a34ef4d8b1ac7
all5/Emirp_primes/[0-4][1-4][29-1].wasm,48d3439280e5d9cb0a1a34ef4d8b1ac7
all5/Emirp_primes/[0-4][1-5].wasm,861533d3e34af901ec3c310cfe67937d
all5/Emirp_primes/[0-4][1-5][29-1].wasm,861533d3e34af901ec3c310cfe67937d
all5/Emirp_primes/[0-4][1-6].wasm,861533d3e34af901ec3c310cfe67937d
all5/Emirp_primes/[0-4][1-6][29-1].wasm,861533d3e34af901ec3c310cfe67937d
all5/Emirp_primes/[0-4][1-7].wasm,861533d3e34af901ec3c310cfe67937d
all5/Emirp_primes/[0-4][1-7][29-1].wasm,861533d3e34af901ec3c310cfe67937d
all5/Emirp_primes/[0-4][1-8].wasm,861533d3e34af901ec3c310cfe67937d
all5/Emirp_primes/[0-4][1-8][29-1].wasm,861533d3e34af901ec3c310cfe67937d
all5/Emirp_primes/[0-4][1-9].wasm,861533d3e34af901ec3c310cfe67937d
all5/Emirp_primes/[0-4][1-9][29-1].wasm,861533d3e34af901ec3c310cfe67937d
all5/Emirp_primes/[0-4][29-1].wasm,861533d3e34af901ec3c310cfe67937d
all5/Emirp_primes/[0-5].wasm,861533d3e34af901ec3c310cfe67937d
all5/Emirp_primes/[0-5][1-10].wasm,631d88f9ef8f717e66e9a0c0d9dd6ef9
all5/Emirp_primes/[0-5][1-10][29-1].wasm,631d88f9ef8f717e66e9a0c0d9dd6ef9
all5/Emirp_primes/[0-5][1-11].wasm,9e842cd7ce6ef460ea58436023294cd5
all5/Emirp_primes/[0-5][1-11][29-1].wasm,9e842cd7ce6ef460ea58436023294cd5
all5/Emirp_primes/[0-5][1-12].wasm,861533d3e34af901ec3c310cfe67937d
all5/Emirp_primes/[0-5][1-12][29-1].wasm,861533d3e34af901ec3c310cfe67937d
all5/Emirp_primes/[0-5][1-13].wasm,48d3439280e5d9cb0a1a34ef4d8b1ac7
all5/Emirp_primes/[0-5][1-13][29-1].wasm,48d3439280e5d9cb0a1a34ef4d8b1ac7
all5/Emirp_primes/[0-5][1-1].wasm,861533d3e34af901ec3c310cfe67937d
all5/Emirp_primes/[0-5][1-1][29-1].wasm,861533d3e34af901ec3c310cfe67937d
all5/Emirp_primes/[0-5][1-2].wasm,1260a278e6d57e01e7ddceb4cfb9723d
all5/Emirp_primes/[0-5][1-2][29-1].wasm,1260a278e6d57e01e7ddceb4cfb9723d
all5/Emirp_primes/[0-5][1-3].wasm,861533d3e34af901ec3c310cfe67937d
all5/Emirp_primes/[0-5][1-3][29-1].wasm,861533d3e34af901ec3c310cfe67937d
all5/Emirp_primes/[0-5][1-4].wasm,48d3439280e5d9cb0a1a34ef4d8b1ac7
all5/Emirp_primes/[0-5][1-4][29-1].wasm,48d3439280e5d9cb0a1a34ef4d8b1ac7
all5/Emirp_primes/[0-5][1-5].wasm,861533d3e34af901ec3c310cfe67937d
all5/Emirp_primes/[0-5][1-5][29-1].wasm,861533d3e34af901ec3c310cfe67937d
all5/Emirp_primes/[0-5][1-6].wasm,861533d3e34af901ec3c310cfe67937d
all5/Emirp_primes/[0-5][1-6][29-1].wasm,861533d3e34af901ec3c310cfe67937d
all5/Emirp_primes/[0-5][1-7].wasm,861533d3e34af901ec3c310cfe67937d
all5/Emirp_primes/[0-5][1-7][29-1].wasm,861533d3e34af901ec3c310cfe67937d
all5/Emirp_primes/[0-5][1-8].wasm,861533d3e34af901ec3c310cfe67937d
all5/Emirp_primes/[0-5][1-8][29-1].wasm,861533d3e34af901ec3c310cfe67937d
all5/Emirp_primes/[0-5][1-9].wasm,861533d3e34af901ec3c310cfe67937d
all5/Emirp_primes/[0-5][1-9][29-1].wasm,861533d3e34af901ec3c310cfe67937d
all5/Emirp_primes/[0-5][29-1].wasm,861533d3e34af901ec3c310cfe67937d
all5/Emirp_primes/[0-6].wasm,861533d3e34af901ec3c310cfe67937d
all5/Emirp_primes/[0-6][1-10].wasm,631d88f9ef8f717e66e9a0c0d9dd6ef9
all5/Emirp_primes/[0-6][1-10][29-1].wasm,631d88f9ef8f717e66e9a0c0d9dd6ef9
all5/Emirp_primes/[0-6][1-11].wasm,9e842cd7ce6ef460ea58436023294cd5
all5/Emirp_primes/[0-6][1-11][29-1].wasm,9e842cd7ce6ef460ea58436023294cd5
all5/Emirp_primes/[0-6][1-12].wasm,861533d3e34af901ec3c310cfe67937d
all5/Emirp_primes/[0-6][1-12][29-1].wasm,861533d3e34af901ec3c310cfe67937d
all5/Emirp_primes/[0-6][1-13].wasm,48d3439280e5d9cb0a1a34ef4d8b1ac7
all5/Emirp_primes/[0-6][1-13][29-1].wasm,48d3439280e5d9cb0a1a34ef4d8b1ac7
all5/Emirp_primes/[0-6][1-1].wasm,861533d3e34af901ec3c310cfe67937d
all5/Emirp_primes/[0-6][1-1][29-1].wasm,861533d3e34af901ec3c310cfe67937d
all5/Emirp_primes/[0-6][1-2].wasm,1260a278e6d57e01e7ddceb4cfb9723d
all5/Emirp_primes/[0-6][1-2][29-1].wasm,1260a278e6d57e01e7ddceb4cfb9723d
all5/Emirp_primes/[0-6][1-3].wasm,861533d3e34af901ec3c310cfe67937d
all5/Emirp_primes/[0-6][1-3][29-1].wasm,861533d3e34af901ec3c310cfe67937d
all5/Emirp_primes/[0-6][1-4].wasm,48d3439280e5d9cb0a1a34ef4d8b1ac7
all5/Emirp_primes/[0-6][1-4][29-1].wasm,48d3439280e5d9cb0a1a34ef4d8b1ac7
all5/Emirp_primes/[0-6][1-5].wasm,861533d3e34af901ec3c310cfe67937d
all5/Emirp_primes/[0-6][1-5][29-1].wasm,861533d3e34af901ec3c310cfe67937d
all5/Emirp_primes/[0-6][1-6].wasm,861533d3e34af901ec3c310cfe67937d
all5/Emirp_primes/[0-6][1-6][29-1].wasm,861533d3e34af901ec3c310cfe67937d
all5/Emirp_primes/[0-6][1-7].wasm,861533d3e34af901ec3c310cfe67937d
all5/Emirp_primes/[0-6][1-7][29-1].wasm,861533d3e34af901ec3c310cfe67937d
all5/Emirp_primes/[0-6][1-8].wasm,861533d3e34af901ec3c310cfe67937d
all5/Emirp_primes/[0-6][1-8][29-1].wasm,861533d3e34af901ec3c310cfe67937d
all5/Emirp_primes/[0-6][1-9].wasm,861533d3e34af901ec3c310cfe67937d
all5/Emirp_primes/[0-6][1-9][29-1].wasm,861533d3e34af901ec3c310cfe67937d
all5/Emirp_primes/[0-6][29-1].wasm,861533d3e34af901ec3c310cfe67937d
all5/Emirp_primes/[0-7].wasm,861533d3e34af901ec3c310cfe67937d
all5/Emirp_primes/[0-7][1-10].wasm,631d88f9ef8f717e66e9a0c0d9dd6ef9
all5/Emirp_primes/[0-7][1-10][29-1].wasm,631d88f9ef8f717e66e9a0c0d9dd6ef9
all5/Emirp_primes/[0-7][1-11].wasm,9e842cd7ce6ef460ea58436023294cd5
all5/Emirp_primes/[0-7][1-11][29-1].wasm,9e842cd7ce6ef460ea58436023294cd5
all5/Emirp_primes/[0-7][1-12].wasm,861533d3e34af901ec3c310cfe67937d
all5/Emirp_primes/[0-7][1-12][29-1].wasm,861533d3e34af901ec3c310cfe67937d
all5/Emirp_primes/[0-7][1-13].wasm,48d3439280e5d9cb0a1a34ef4d8b1ac7
all5/Emirp_primes/[0-7][1-13][29-1].wasm,48d3439280e5d9cb0a1a34ef4d8b1ac7
all5/Emirp_primes/[0-7][1-1].wasm,861533d3e34af901ec3c310cfe67937d
all5/Emirp_primes/[0-7][1-1][29-1].wasm,861533d3e34af901ec3c310cfe67937d
all5/Emirp_primes/[0-7][1-2].wasm,1260a278e6d57e01e7ddceb4cfb9723d
all5/Emirp_primes/[0-7][1-2][29-1].wasm,1260a278e6d57e01e7ddceb4cfb9723d
all5/Emirp_primes/[0-7][1-3].wasm,861533d3e34af901ec3c310cfe67937d
all5/Emirp_primes/[0-7][1-3][29-1].wasm,861533d3e34af901ec3c310cfe67937d
all5/Emirp_primes/[0-7][1-4].wasm,48d3439280e5d9cb0a1a34ef4d8b1ac7
all5/Emirp_primes/[0-7][1-4][29-1].wasm,48d3439280e5d9cb0a1a34ef4d8b1ac7
all5/Emirp_primes/[0-7][1-5].wasm,861533d3e34af901ec3c310cfe67937d
all5/Emirp_primes/[0-7][1-5][29-1].wasm,861533d3e34af901ec3c310cfe67937d
all5/Emirp_primes/[0-7][1-6].wasm,861533d3e34af901ec3c310cfe67937d
all5/Emirp_primes/[0-7][1-6][29-1].wasm,861533d3e34af901ec3c310cfe67937d
all5/Emirp_primes/[0-7][1-7].wasm,861533d3e34af901ec3c310cfe67937d
all5/Emirp_primes/[0-7][1-7][29-1].wasm,861533d3e34af901ec3c310cfe67937d
all5/Emirp_primes/[0-7][1-8].wasm,861533d3e34af901ec3c310cfe67937d
all5/Emirp_primes/[0-7][1-8][29-1].wasm,861533d3e34af901ec3c310cfe67937d
all5/Emirp_primes/[0-7][1-9].wasm,861533d3e34af901ec3c310cfe67937d
all5/Emirp_primes/[0-7][1-9][29-1].wasm,861533d3e34af901ec3c310cfe67937d
all5/Emirp_primes/[0-7][29-1].wasm,861533d3e34af901ec3c310cfe67937d
all5/Emirp_primes/[0-8].wasm,861533d3e34af901ec3c310cfe67937d
all5/Emirp_primes/[0-8][1-10].wasm,631d88f9ef8f717e66e9a0c0d9dd6ef9
all5/Emirp_primes/[0-8][1-10][29-1].wasm,631d88f9ef8f717e66e9a0c0d9dd6ef9
all5/Emirp_primes/[0-8][1-11].wasm,9e842cd7ce6ef460ea58436023294cd5
all5/Emirp_primes/[0-8][1-11][29-1].wasm,9e842cd7ce6ef460ea58436023294cd5
all5/Emirp_primes/[0-8][1-12].wasm,861533d3e34af901ec3c310cfe67937d
all5/Emirp_primes/[0-8][1-12][29-1].wasm,861533d3e34af901ec3c310cfe67937d
all5/Emirp_primes/[0-8][1-13].wasm,48d3439280e5d9cb0a1a34ef4d8b1ac7
all5/Emirp_primes/[0-8][1-13][29-1].wasm,48d3439280e5d9cb0a1a34ef4d8b1ac7
all5/Emirp_primes/[0-8][1-1].wasm,861533d3e34af901ec3c310cfe67937d
all5/Emirp_primes/[0-8][1-1][29-1].wasm,861533d3e34af901ec3c310cfe67937d
all5/Emirp_primes/[0-8][1-2].wasm,1260a278e6d57e01e7ddceb4cfb9723d
all5/Emirp_primes/[0-8][1-2][29-1].wasm,1260a278e6d57e01e7ddceb4cfb9723d
all5/Emirp_primes/[0-8][1-3].wasm,861533d3e34af901ec3c310cfe67937d
all5/Emirp_primes/[0-8][1-3][29-1].wasm,861533d3e34af901ec3c310cfe67937d
all5/Emirp_primes/[0-8][1-4].wasm,48d3439280e5d9cb0a1a34ef4d8b1ac7
all5/Emirp_primes/[0-8][1-4][29-1].wasm,48d3439280e5d9cb0a1a34ef4d8b1ac7
all5/Emirp_primes/[0-8][1-5].wasm,861533d3e34af901ec3c310cfe67937d
all5/Emirp_primes/[0-8][1-5][29-1].wasm,861533d3e34af901ec3c310cfe67937d
all5/Emirp_primes/[0-8][1-6].wasm,861533d3e34af901ec3c310cfe67937d
all5/Emirp_primes/[0-8][1-6][29-1].wasm,861533d3e34af901ec3c310cfe67937d
all5/Emirp_primes/[0-8][1-7].wasm,861533d3e34af901ec3c310cfe67937d
all5/Emirp_primes/[0-8][1-7][29-1].wasm,861533d3e34af901ec3c310cfe67937d
all5/Emirp_primes/[0-8][1-8].wasm,861533d3e34af901ec3c310cfe67937d
all5/Emirp_primes/[0-8][1-8][29-1].wasm,861533d3e34af901ec3c310cfe67937d
all5/Emirp_primes/[0-8][1-9].wasm,861533d3e34af901ec3c310cfe67937d
all5/Emirp_primes/[0-8][1-9][29-1].wasm,861533d3e34af901ec3c310cfe67937d
all5/Emirp_primes/[0-8][29-1].wasm,861533d3e34af901ec3c310cfe67937d
all5/Emirp_primes/[0-9].wasm,861533d3e34af901ec3c310cfe67937d
all5/Emirp_primes/[0-9][1-10].wasm,631d88f9ef8f717e66e9a0c0d9dd6ef9
all5/Emirp_primes/[0-9][1-10][29-1].wasm,631d88f9ef8f717e66e9a0c0d9dd6ef9
all5/Emirp_primes/[0-9][1-11].wasm,9e842cd7ce6ef460ea58436023294cd5
all5/Emirp_primes/[0-9][1-11][29-1].wasm,9e842cd7ce6ef460ea58436023294cd5
all5/Emirp_primes/[0-9][1-12].wasm,861533d3e34af901ec3c310cfe67937d
all5/Emirp_primes/[0-9][1-12][29-1].wasm,861533d3e34af901ec3c310cfe67937d
all5/Emirp_primes/[0-9][1-13].wasm,48d3439280e5d9cb0a1a34ef4d8b1ac7
all5/Emirp_primes/[0-9][1-13][29-1].wasm,48d3439280e5d9cb0a1a34ef4d8b1ac7
all5/Emirp_primes/[0-9][1-1].wasm,861533d3e34af901ec3c310cfe67937d
all5/Emirp_primes/[0-9][1-1][29-1].wasm,861533d3e34af901ec3c310cfe67937d
all5/Emirp_primes/[0-9][1-2].wasm,1260a278e6d57e01e7ddceb4cfb9723d
all5/Emirp_primes/[0-9][1-2][29-1].wasm,1260a278e6d57e01e7ddceb4cfb9723d
all5/Emirp_primes/[0-9][1-3].wasm,861533d3e34af901ec3c310cfe67937d
all5/Emirp_primes/[0-9][1-3][29-1].wasm,861533d3e34af901ec3c310cfe67937d
all5/Emirp_primes/[0-9][1-4].wasm,48d3439280e5d9cb0a1a34ef4d8b1ac7
all5/Emirp_primes/[0-9][1-4][29-1].wasm,48d3439280e5d9cb0a1a34ef4d8b1ac7
all5/Emirp_primes/[0-9][1-5].wasm,861533d3e34af901ec3c310cfe67937d
all5/Emirp_primes/[0-9][1-5][29-1].wasm,861533d3e34af901ec3c310cfe67937d
all5/Emirp_primes/[0-9][1-6].wasm,861533d3e34af901ec3c310cfe67937d
all5/Emirp_primes/[0-9][1-6][29-1].wasm,861533d3e34af901ec3c310cfe67937d
all5/Emirp_primes/[0-9][1-7].wasm,861533d3e34af901ec3c310cfe67937d
all5/Emirp_primes/[0-9][1-7][29-1].wasm,861533d3e34af901ec3c310cfe67937d
all5/Emirp_primes/[0-9][1-8].wasm,861533d3e34af901ec3c310cfe67937d
all5/Emirp_primes/[0-9][1-8][29-1].wasm,861533d3e34af901ec3c310cfe67937d
all5/Emirp_primes/[0-9][1-9].wasm,861533d3e34af901ec3c310cfe67937d
all5/Emirp_primes/[0-9][1-9][29-1].wasm,861533d3e34af901ec3c310cfe67937d
all5/Emirp_primes/[0-9][29-1].wasm,861533d3e34af901ec3c310cfe67937d
all5/Emirp_primes/[1-0].wasm,861533d3e34af901ec3c310cfe67937d
all5/Emirp_primes/[1-10].wasm,631d88f9ef8f717e66e9a0c0d9dd6ef9
all5/Emirp_primes/[1-10][29-1].wasm,631d88f9ef8f717e66e9a0c0d9dd6ef9
all5/Emirp_primes/[1-11].wasm,9e842cd7ce6ef460ea58436023294cd5
all5/Emirp_primes/[1-11][29-1].wasm,9e842cd7ce6ef460ea58436023294cd5
all5/Emirp_primes/[1-12].wasm,861533d3e34af901ec3c310cfe67937d
all5/Emirp_primes/[1-12][29-1].wasm,861533d3e34af901ec3c310cfe67937d
all5/Emirp_primes/[1-13].wasm,48d3439280e5d9cb0a1a34ef4d8b1ac7
all5/Emirp_primes/[1-13][29-1].wasm,48d3439280e5d9cb0a1a34ef4d8b1ac7
all5/Emirp_primes/[1-1].wasm,861533d3e34af901ec3c310cfe67937d
all5/Emirp_primes/[1-1][29-1].wasm,861533d3e34af901ec3c310cfe67937d
all5/Emirp_primes/[1-2].wasm,1260a278e6d57e01e7ddceb4cfb9723d
all5/Emirp_primes/[1-2][29-1].wasm,1260a278e6d57e01e7ddceb4cfb9723d
all5/Emirp_primes/[1-3].wasm,861533d3e34af901ec3c310cfe67937d
all5/Emirp_primes/[1-3][29-1].wasm,861533d3e34af901ec3c310cfe67937d
all5/Emirp_primes/[1-4].wasm,48d3439280e5d9cb0a1a34ef4d8b1ac7
all5/Emirp_primes/[1-4][29-1].wasm,48d3439280e5d9cb0a1a34ef4d8b1ac7
all5/Emirp_primes/[1-5].wasm,861533d3e34af901ec3c310cfe67937d
all5/Emirp_primes/[1-5][29-1].wasm,861533d3e34af901ec3c310cfe67937d
all5/Emirp_primes/[1-6].wasm,861533d3e34af901ec3c310cfe67937d
all5/Emirp_primes/[1-6][29-1].wasm,861533d3e34af901ec3c310cfe67937d
all5/Emirp_primes/[1-7].wasm,861533d3e34af901ec3c310cfe67937d
all5/Emirp_primes/[1-7][29-1].wasm,861533d3e34af901ec3c310cfe67937d
all5/Emirp_primes/[1-8].wasm,861533d3e34af901ec3c310cfe67937d
all5/Emirp_primes/[1-8][29-1].wasm,861533d3e34af901ec3c310cfe67937d
all5/Emirp_primes/[1-9].wasm,861533d3e34af901ec3c310cfe67937d
all5/Emirp_primes/[1-9][29-1].wasm,861533d3e34af901ec3c310cfe67937d
all5/Emirp_primes/[29-1].wasm,861533d3e34af901ec3c310cfe67937d
