name, hash
all5/Ethiopian_multiplication/Ethiopian_multiplication.wasm,d57e5f500453e498e61e7ced18eb44b7
all5/Ethiopian_multiplication/Ethiopian_multiplication.wasm.~1~,d57e5f500453e498e61e7ced18eb44b7
all5/Ethiopian_multiplication/Ethiopian_multiplication.wasm.~2~,92cebafc222b33301bdbce972fe44f04
all5/Ethiopian_multiplication/[0-1].wasm,92cebafc222b33301bdbce972fe44f04
all5/Ethiopian_multiplication/[0-1][1-1].wasm,f5775b19d7eea179edafc0ed5aa0c7fd
all5/Ethiopian_multiplication/[0-1][1-1][2-1][4-1][5-1][7-1][8-1].wasm,0d049ee56039e234db001faaf0799158
all5/Ethiopian_multiplication/[0-1][1-1][3-1].wasm,76ad67aa16a6d50c0a3ba1cc0da19a0d
all5/Ethiopian_multiplication/[0-1][1-1][3-1][4-1][5-1][7-1][8-1].wasm,a1d02d2ca8bb3d0c9b44209706b80f44
all5/Ethiopian_multiplication/[0-1][12-1].wasm,92cebafc222b33301bdbce972fe44f04
all5/Ethiopian_multiplication/[0-1][12-1][13-1].wasm,075c0d12278310f09ede0ba456eb2551
all5/Ethiopian_multiplication/[0-1][12-1][13-2].wasm,075c0d12278310f09ede0ba456eb2551
all5/Ethiopian_multiplication/[0-1][12-1][13-3].wasm,075c0d12278310f09ede0ba456eb2551
all5/Ethiopian_multiplication/[0-1][12-1][13-4].wasm,075c0d12278310f09ede0ba456eb2551
all5/Ethiopian_multiplication/[0-1][12-1][13-5].wasm,075c0d12278310f09ede0ba456eb2551
all5/Ethiopian_multiplication/[0-1][12-1][13-6].wasm,075c0d12278310f09ede0ba456eb2551
all5/Ethiopian_multiplication/[0-1][12-1][13-7].wasm,075c0d12278310f09ede0ba456eb2551
all5/Ethiopian_multiplication/[0-1][13-1].wasm,075c0d12278310f09ede0ba456eb2551
all5/Ethiopian_multiplication/[0-1][13-2].wasm,075c0d12278310f09ede0ba456eb2551
all5/Ethiopian_multiplication/[0-1][13-3].wasm,075c0d12278310f09ede0ba456eb2551
all5/Ethiopian_multiplication/[0-1][13-4].wasm,075c0d12278310f09ede0ba456eb2551
all5/Ethiopian_multiplication/[0-1][13-5].wasm,075c0d12278310f09ede0ba456eb2551
all5/Ethiopian_multiplication/[0-1][13-6].wasm,075c0d12278310f09ede0ba456eb2551
all5/Ethiopian_multiplication/[0-1][13-7].wasm,075c0d12278310f09ede0ba456eb2551
all5/Ethiopian_multiplication/[0-1][2-1][3-1].wasm,5b6e706d69ea58d299f35aba926fe6bb
all5/Ethiopian_multiplication/[0-1][2-1][3-1][4-1][5-1][7-1][8-1].wasm,55d8d80246ac42078a1015445b0db70e
all5/Ethiopian_multiplication/[0-1][2-1][4-1][5-1][7-1][8-1].wasm,25b3ad0a192deb3a8b833a58516c05b9
all5/Ethiopian_multiplication/[0-1][6-1].wasm,92cebafc222b33301bdbce972fe44f04
all5/Ethiopian_multiplication/[0-1][6-1][12-1].wasm,92cebafc222b33301bdbce972fe44f04
all5/Ethiopian_multiplication/[0-1][6-1][12-1][13-1].wasm,075c0d12278310f09ede0ba456eb2551
all5/Ethiopian_multiplication/[0-1][6-1][12-1][13-2].wasm,075c0d12278310f09ede0ba456eb2551
all5/Ethiopian_multiplication/[0-1][6-1][12-1][13-3].wasm,075c0d12278310f09ede0ba456eb2551
all5/Ethiopian_multiplication/[0-1][6-1][13-1].wasm,075c0d12278310f09ede0ba456eb2551
all5/Ethiopian_multiplication/[0-1][6-1][13-2].wasm,075c0d12278310f09ede0ba456eb2551
all5/Ethiopian_multiplication/[0-1][6-1][13-3].wasm,075c0d12278310f09ede0ba456eb2551
all5/Ethiopian_multiplication/[0-1][6-1][13-4].wasm,075c0d12278310f09ede0ba456eb2551
all5/Ethiopian_multiplication/[0-1][6-1][13-5].wasm,075c0d12278310f09ede0ba456eb2551
all5/Ethiopian_multiplication/[0-1][6-1][13-6].wasm,075c0d12278310f09ede0ba456eb2551
all5/Ethiopian_multiplication/[0-1][6-1][13-7].wasm,075c0d12278310f09ede0ba456eb2551
all5/Ethiopian_multiplication/[12-1].wasm,92cebafc222b33301bdbce972fe44f04
all5/Ethiopian_multiplication/[12-1][13-1].wasm,075c0d12278310f09ede0ba456eb2551
all5/Ethiopian_multiplication/[12-1][13-2].wasm,075c0d12278310f09ede0ba456eb2551
all5/Ethiopian_multiplication/[12-1][13-3].wasm,075c0d12278310f09ede0ba456eb2551
all5/Ethiopian_multiplication/[12-1][13-4].wasm,075c0d12278310f09ede0ba456eb2551
all5/Ethiopian_multiplication/[12-1][13-5].wasm,075c0d12278310f09ede0ba456eb2551
all5/Ethiopian_multiplication/[12-1][13-6].wasm,075c0d12278310f09ede0ba456eb2551
all5/Ethiopian_multiplication/[12-1][13-7].wasm,075c0d12278310f09ede0ba456eb2551
all5/Ethiopian_multiplication/[13-1].wasm,075c0d12278310f09ede0ba456eb2551
all5/Ethiopian_multiplication/[13-2].wasm,075c0d12278310f09ede0ba456eb2551
all5/Ethiopian_multiplication/[13-3].wasm,075c0d12278310f09ede0ba456eb2551
all5/Ethiopian_multiplication/[13-4].wasm,075c0d12278310f09ede0ba456eb2551
all5/Ethiopian_multiplication/[13-5].wasm,075c0d12278310f09ede0ba456eb2551
all5/Ethiopian_multiplication/[13-6].wasm,075c0d12278310f09ede0ba456eb2551
all5/Ethiopian_multiplication/[13-7].wasm,075c0d12278310f09ede0ba456eb2551
all5/Ethiopian_multiplication/[6-1].wasm,92cebafc222b33301bdbce972fe44f04
all5/Ethiopian_multiplication/[6-1][12-1].wasm,92cebafc222b33301bdbce972fe44f04
all5/Ethiopian_multiplication/[6-1][12-1][13-1].wasm,075c0d12278310f09ede0ba456eb2551
all5/Ethiopian_multiplication/[6-1][12-1][13-2].wasm,075c0d12278310f09ede0ba456eb2551
all5/Ethiopian_multiplication/[6-1][12-1][13-3].wasm,075c0d12278310f09ede0ba456eb2551
all5/Ethiopian_multiplication/[6-1][12-1][13-4].wasm,075c0d12278310f09ede0ba456eb2551
all5/Ethiopian_multiplication/[6-1][12-1][13-5].wasm,075c0d12278310f09ede0ba456eb2551
all5/Ethiopian_multiplication/[6-1][12-1][13-6].wasm,075c0d12278310f09ede0ba456eb2551
all5/Ethiopian_multiplication/[6-1][12-1][13-7].wasm,075c0d12278310f09ede0ba456eb2551
all5/Ethiopian_multiplication/[6-1][13-1].wasm,075c0d12278310f09ede0ba456eb2551
all5/Ethiopian_multiplication/[6-1][13-2].wasm,075c0d12278310f09ede0ba456eb2551
all5/Ethiopian_multiplication/[6-1][13-3].wasm,075c0d12278310f09ede0ba456eb2551
all5/Ethiopian_multiplication/[6-1][13-4].wasm,075c0d12278310f09ede0ba456eb2551
all5/Ethiopian_multiplication/[6-1][13-5].wasm,075c0d12278310f09ede0ba456eb2551
all5/Ethiopian_multiplication/[6-1][13-6].wasm,075c0d12278310f09ede0ba456eb2551
all5/Ethiopian_multiplication/[6-1][13-7].wasm,075c0d12278310f09ede0ba456eb2551
