name, hash
all5/Extract_file_extension/Extract_file_extension.wasm,e6ab04d16caf3952cad0eedfc83732ec
all5/Extract_file_extension/Extract_file_extension.wasm.~1~,e6ab04d16caf3952cad0eedfc83732ec
all5/Extract_file_extension/Extract_file_extension.wasm.~2~,47e60405ebd0a0486ec222e4accf1714
all5/Extract_file_extension/Extract_file_extension.wasm.~3~,47e60405ebd0a0486ec222e4accf1714
all5/Extract_file_extension/[0-0].wasm,0a756339e49587d5804989b4edc12b9a
all5/Extract_file_extension/[0-1].wasm,e6ab04d16caf3952cad0eedfc83732ec
all5/Extract_file_extension/[0-1].wasm.~1~,47e60405ebd0a0486ec222e4accf1714
all5/Extract_file_extension/[0-1].wasm.~2~,0a756339e49587d5804989b4edc12b9a
all5/Extract_file_extension/[0-1][1-1].wasm,e6ab04d16caf3952cad0eedfc83732ec
all5/Extract_file_extension/[0-1][1-1].wasm.~1~,0a756339e49587d5804989b4edc12b9a
all5/Extract_file_extension/[0-1][1-1][11-1].wasm,0a756339e49587d5804989b4edc12b9a
all5/Extract_file_extension/[0-1][1-1][2-1].wasm,e6ab04d16caf3952cad0eedfc83732ec
all5/Extract_file_extension/[0-1][1-1][2-1].wasm.~1~,0a756339e49587d5804989b4edc12b9a
all5/Extract_file_extension/[0-1][1-1][2-1][11-1].wasm,0a756339e49587d5804989b4edc12b9a
all5/Extract_file_extension/[0-1][1-1][2-1][4-1].wasm,e6ab04d16caf3952cad0eedfc83732ec
all5/Extract_file_extension/[0-1][1-1][2-1][4-1][5-1].wasm,e6ab04d16caf3952cad0eedfc83732ec
all5/Extract_file_extension/[0-1][1-1][2-1][4-1][5-1][6-1].wasm,e6ab04d16caf3952cad0eedfc83732ec
all5/Extract_file_extension/[0-1][1-1][2-1][4-1][5-1][6-1][7-1].wasm,e6ab04d16caf3952cad0eedfc83732ec
all5/Extract_file_extension/[0-1][1-1][2-1][4-1][5-1][7-1].wasm,e6ab04d16caf3952cad0eedfc83732ec
all5/Extract_file_extension/[0-1][1-1][2-1][4-1][6-1].wasm,05b7215019c413680992ea70ec24501d
all5/Extract_file_extension/[0-1][1-1][2-1][4-1][6-1][7-1].wasm,05b7215019c413680992ea70ec24501d
all5/Extract_file_extension/[0-1][1-1][2-1][4-1][7-1].wasm,e6ab04d16caf3952cad0eedfc83732ec
all5/Extract_file_extension/[0-1][1-1][2-1][5-1].wasm,e6ab04d16caf3952cad0eedfc83732ec
all5/Extract_file_extension/[0-1][1-1][2-1][5-1].wasm.~1~,0a756339e49587d5804989b4edc12b9a
all5/Extract_file_extension/[0-1][1-1][2-1][5-1][11-1].wasm,0a756339e49587d5804989b4edc12b9a
all5/Extract_file_extension/[0-1][1-1][2-1][5-1][6-1].wasm,e6ab04d16caf3952cad0eedfc83732ec
all5/Extract_file_extension/[0-1][1-1][2-1][5-1][6-1][7-1].wasm,e6ab04d16caf3952cad0eedfc83732ec
all5/Extract_file_extension/[0-1][1-1][2-1][5-1][7-1].wasm,e6ab04d16caf3952cad0eedfc83732ec
all5/Extract_file_extension/[0-1][1-1][2-1][5-1][7-1].wasm.~1~,0a756339e49587d5804989b4edc12b9a
all5/Extract_file_extension/[0-1][1-1][2-1][5-1][7-1][11-1].wasm,0a756339e49587d5804989b4edc12b9a
all5/Extract_file_extension/[0-1][1-1][2-1][5-1][7-1][9-1].wasm,0a756339e49587d5804989b4edc12b9a
all5/Extract_file_extension/[0-1][1-1][2-1][5-1][7-1][9-1][11-1].wasm,0a756339e49587d5804989b4edc12b9a
all5/Extract_file_extension/[0-1][1-1][2-1][5-1][8-1].wasm,0a756339e49587d5804989b4edc12b9a
all5/Extract_file_extension/[0-1][1-1][2-1][5-1][8-1][11-1].wasm,0a756339e49587d5804989b4edc12b9a
all5/Extract_file_extension/[0-1][1-1][2-1][5-1][8-1][9-1].wasm,0a756339e49587d5804989b4edc12b9a
all5/Extract_file_extension/[0-1][1-1][2-1][5-1][8-1][9-1][11-1].wasm,0a756339e49587d5804989b4edc12b9a
all5/Extract_file_extension/[0-1][1-1][2-1][5-1][9-1].wasm,0a756339e49587d5804989b4edc12b9a
all5/Extract_file_extension/[0-1][1-1][2-1][5-1][9-1][11-1].wasm,0a756339e49587d5804989b4edc12b9a
all5/Extract_file_extension/[0-1][1-1][2-1][6-1].wasm,05b7215019c413680992ea70ec24501d
all5/Extract_file_extension/[0-1][1-1][2-1][6-1][7-1].wasm,05b7215019c413680992ea70ec24501d
all5/Extract_file_extension/[0-1][1-1][2-1][7-1].wasm,e6ab04d16caf3952cad0eedfc83732ec
all5/Extract_file_extension/[0-1][1-1][2-1][7-1].wasm.~1~,0a756339e49587d5804989b4edc12b9a
all5/Extract_file_extension/[0-1][1-1][2-1][7-1][11-1].wasm,0a756339e49587d5804989b4edc12b9a
all5/Extract_file_extension/[0-1][1-1][2-1][7-1][8-1].wasm,0a756339e49587d5804989b4edc12b9a
all5/Extract_file_extension/[0-1][1-1][2-1][7-1][8-1][11-1].wasm,0a756339e49587d5804989b4edc12b9a
all5/Extract_file_extension/[0-1][1-1][2-1][7-1][8-1][9-1].wasm,0a756339e49587d5804989b4edc12b9a
all5/Extract_file_extension/[0-1][1-1][2-1][7-1][8-1][9-1][11-1].wasm,0a756339e49587d5804989b4edc12b9a
all5/Extract_file_extension/[0-1][1-1][2-1][7-1][9-1].wasm,0a756339e49587d5804989b4edc12b9a
all5/Extract_file_extension/[0-1][1-1][2-1][7-1][9-1][11-1].wasm,0a756339e49587d5804989b4edc12b9a
all5/Extract_file_extension/[0-1][1-1][2-1][8-1].wasm,0a756339e49587d5804989b4edc12b9a
all5/Extract_file_extension/[0-1][1-1][2-1][8-1][11-1].wasm,0a756339e49587d5804989b4edc12b9a
all5/Extract_file_extension/[0-1][1-1][2-1][8-1][9-1].wasm,0a756339e49587d5804989b4edc12b9a
all5/Extract_file_extension/[0-1][1-1][2-1][8-1][9-1][11-1].wasm,0a756339e49587d5804989b4edc12b9a
all5/Extract_file_extension/[0-1][1-1][2-1][9-1].wasm,0a756339e49587d5804989b4edc12b9a
all5/Extract_file_extension/[0-1][1-1][2-1][9-1][11-1].wasm,0a756339e49587d5804989b4edc12b9a
all5/Extract_file_extension/[0-1][1-1][3-1].wasm,e6ab04d16caf3952cad0eedfc83732ec
all5/Extract_file_extension/[0-1][1-1][3-1][4-1].wasm,e6ab04d16caf3952cad0eedfc83732ec
all5/Extract_file_extension/[0-1][1-1][3-1][4-1][5-1].wasm,e6ab04d16caf3952cad0eedfc83732ec
all5/Extract_file_extension/[0-1][1-1][3-1][4-1][5-1][6-1].wasm,e6ab04d16caf3952cad0eedfc83732ec
all5/Extract_file_extension/[0-1][1-1][3-1][4-1][5-1][6-1][7-1].wasm,e6ab04d16caf3952cad0eedfc83732ec
all5/Extract_file_extension/[0-1][1-1][3-1][4-1][5-1][7-1].wasm,e6ab04d16caf3952cad0eedfc83732ec
all5/Extract_file_extension/[0-1][1-1][3-1][4-1][6-1].wasm,05b7215019c413680992ea70ec24501d
all5/Extract_file_extension/[0-1][1-1][3-1][4-1][6-1][7-1].wasm,05b7215019c413680992ea70ec24501d
all5/Extract_file_extension/[0-1][1-1][3-1][4-1][7-1].wasm,e6ab04d16caf3952cad0eedfc83732ec
all5/Extract_file_extension/[0-1][1-1][3-1][5-1].wasm,e6ab04d16caf3952cad0eedfc83732ec
all5/Extract_file_extension/[0-1][1-1][3-1][5-1][6-1].wasm,e6ab04d16caf3952cad0eedfc83732ec
all5/Extract_file_extension/[0-1][1-1][3-1][5-1][6-1][7-1].wasm,e6ab04d16caf3952cad0eedfc83732ec
all5/Extract_file_extension/[0-1][1-1][3-1][5-1][7-1].wasm,e6ab04d16caf3952cad0eedfc83732ec
all5/Extract_file_extension/[0-1][1-1][3-1][6-1].wasm,05b7215019c413680992ea70ec24501d
all5/Extract_file_extension/[0-1][1-1][3-1][6-1][7-1].wasm,05b7215019c413680992ea70ec24501d
all5/Extract_file_extension/[0-1][1-1][3-1][7-1].wasm,e6ab04d16caf3952cad0eedfc83732ec
all5/Extract_file_extension/[0-1][1-1][4-1].wasm,e6ab04d16caf3952cad0eedfc83732ec
all5/Extract_file_extension/[0-1][1-1][4-1][5-1].wasm,e6ab04d16caf3952cad0eedfc83732ec
all5/Extract_file_extension/[0-1][1-1][4-1][5-1][6-1].wasm,e6ab04d16caf3952cad0eedfc83732ec
all5/Extract_file_extension/[0-1][1-1][4-1][5-1][6-1][7-1].wasm,e6ab04d16caf3952cad0eedfc83732ec
all5/Extract_file_extension/[0-1][1-1][4-1][5-1][7-1].wasm,e6ab04d16caf3952cad0eedfc83732ec
all5/Extract_file_extension/[0-1][1-1][4-1][6-1].wasm,05b7215019c413680992ea70ec24501d
all5/Extract_file_extension/[0-1][1-1][4-1][6-1][7-1].wasm,05b7215019c413680992ea70ec24501d
all5/Extract_file_extension/[0-1][1-1][4-1][7-1].wasm,e6ab04d16caf3952cad0eedfc83732ec
all5/Extract_file_extension/[0-1][1-1][5-1].wasm,e6ab04d16caf3952cad0eedfc83732ec
all5/Extract_file_extension/[0-1][1-1][5-1].wasm.~1~,0a756339e49587d5804989b4edc12b9a
all5/Extract_file_extension/[0-1][1-1][5-1][11-1].wasm,0a756339e49587d5804989b4edc12b9a
all5/Extract_file_extension/[0-1][1-1][5-1][6-1].wasm,e6ab04d16caf3952cad0eedfc83732ec
all5/Extract_file_extension/[0-1][1-1][5-1][6-1][7-1].wasm,e6ab04d16caf3952cad0eedfc83732ec
all5/Extract_file_extension/[0-1][1-1][5-1][7-1].wasm,e6ab04d16caf3952cad0eedfc83732ec
all5/Extract_file_extension/[0-1][1-1][5-1][7-1].wasm.~1~,0a756339e49587d5804989b4edc12b9a
all5/Extract_file_extension/[0-1][1-1][5-1][7-1][11-1].wasm,0a756339e49587d5804989b4edc12b9a
all5/Extract_file_extension/[0-1][1-1][5-1][7-1][8-1].wasm,0a756339e49587d5804989b4edc12b9a
all5/Extract_file_extension/[0-1][1-1][5-1][7-1][8-1][11-1].wasm,0a756339e49587d5804989b4edc12b9a
all5/Extract_file_extension/[0-1][1-1][5-1][7-1][8-1][9-1].wasm,0a756339e49587d5804989b4edc12b9a
all5/Extract_file_extension/[0-1][1-1][5-1][7-1][8-1][9-1][11-1].wasm,0a756339e49587d5804989b4edc12b9a
all5/Extract_file_extension/[0-1][1-1][5-1][7-1][9-1].wasm,0a756339e49587d5804989b4edc12b9a
all5/Extract_file_extension/[0-1][1-1][5-1][7-1][9-1][11-1].wasm,0a756339e49587d5804989b4edc12b9a
all5/Extract_file_extension/[0-1][1-1][5-1][8-1].wasm,0a756339e49587d5804989b4edc12b9a
all5/Extract_file_extension/[0-1][1-1][5-1][8-1][11-1].wasm,0a756339e49587d5804989b4edc12b9a
all5/Extract_file_extension/[0-1][1-1][5-1][8-1][9-1].wasm,0a756339e49587d5804989b4edc12b9a
all5/Extract_file_extension/[0-1][1-1][5-1][8-1][9-1][11-1].wasm,0a756339e49587d5804989b4edc12b9a
all5/Extract_file_extension/[0-1][1-1][5-1][9-1].wasm,0a756339e49587d5804989b4edc12b9a
all5/Extract_file_extension/[0-1][1-1][5-1][9-1][11-1].wasm,0a756339e49587d5804989b4edc12b9a
all5/Extract_file_extension/[0-1][1-1][6-1].wasm,05b7215019c413680992ea70ec24501d
all5/Extract_file_extension/[0-1][1-1][6-1][7-1].wasm,05b7215019c413680992ea70ec24501d
all5/Extract_file_extension/[0-1][1-1][7-1].wasm,e6ab04d16caf3952cad0eedfc83732ec
all5/Extract_file_extension/[0-1][1-1][7-1].wasm.~1~,0a756339e49587d5804989b4edc12b9a
all5/Extract_file_extension/[0-1][1-1][7-1][11-1].wasm,0a756339e49587d5804989b4edc12b9a
all5/Extract_file_extension/[0-1][1-1][7-1][8-1].wasm,0a756339e49587d5804989b4edc12b9a
all5/Extract_file_extension/[0-1][1-1][7-1][8-1][11-1].wasm,0a756339e49587d5804989b4edc12b9a
all5/Extract_file_extension/[0-1][1-1][7-1][8-1][9-1].wasm,0a756339e49587d5804989b4edc12b9a
all5/Extract_file_extension/[0-1][1-1][7-1][8-1][9-1][11-1].wasm,0a756339e49587d5804989b4edc12b9a
all5/Extract_file_extension/[0-1][1-1][7-1][9-1].wasm,0a756339e49587d5804989b4edc12b9a
all5/Extract_file_extension/[0-1][1-1][7-1][9-1][11-1].wasm,0a756339e49587d5804989b4edc12b9a
all5/Extract_file_extension/[0-1][1-1][8-1].wasm,0a756339e49587d5804989b4edc12b9a
all5/Extract_file_extension/[0-1][1-1][8-1][11-1].wasm,0a756339e49587d5804989b4edc12b9a
all5/Extract_file_extension/[0-1][1-1][8-1][9-1].wasm,0a756339e49587d5804989b4edc12b9a
all5/Extract_file_extension/[0-1][1-1][8-1][9-1][11-1].wasm,0a756339e49587d5804989b4edc12b9a
all5/Extract_file_extension/[0-1][1-1][9-1].wasm,0a756339e49587d5804989b4edc12b9a
all5/Extract_file_extension/[0-1][1-1][9-1][11-1].wasm,0a756339e49587d5804989b4edc12b9a
all5/Extract_file_extension/[0-1][11-1].wasm,0a756339e49587d5804989b4edc12b9a
all5/Extract_file_extension/[0-1][11-1].wasm.~1~,47e60405ebd0a0486ec222e4accf1714
all5/Extract_file_extension/[0-1][2-1].wasm,e6ab04d16caf3952cad0eedfc83732ec
all5/Extract_file_extension/[0-1][2-1].wasm.~1~,47e60405ebd0a0486ec222e4accf1714
all5/Extract_file_extension/[0-1][2-1].wasm.~2~,0a756339e49587d5804989b4edc12b9a
all5/Extract_file_extension/[0-1][2-1][11-1].wasm,0a756339e49587d5804989b4edc12b9a
all5/Extract_file_extension/[0-1][2-1][11-1].wasm.~1~,47e60405ebd0a0486ec222e4accf1714
all5/Extract_file_extension/[0-1][2-1][3-1].wasm,e6ab04d16caf3952cad0eedfc83732ec
all5/Extract_file_extension/[0-1][2-1][3-1][4-1].wasm,e6ab04d16caf3952cad0eedfc83732ec
all5/Extract_file_extension/[0-1][2-1][3-1][4-1].wasm.~1~,05b7215019c413680992ea70ec24501d
all5/Extract_file_extension/[0-1][2-1][3-1][4-1][5-1].wasm,e6ab04d16caf3952cad0eedfc83732ec
all5/Extract_file_extension/[0-1][2-1][3-1][4-1][5-1][6-1].wasm,e6ab04d16caf3952cad0eedfc83732ec
all5/Extract_file_extension/[0-1][2-1][3-1][4-1][5-1][6-1][7-1].wasm,e6ab04d16caf3952cad0eedfc83732ec
all5/Extract_file_extension/[0-1][2-1][3-1][4-1][5-1][7-1].wasm,e6ab04d16caf3952cad0eedfc83732ec
all5/Extract_file_extension/[0-1][2-1][3-1][4-1][6-1].wasm,05b7215019c413680992ea70ec24501d
all5/Extract_file_extension/[0-1][2-1][3-1][4-1][6-1][7-1].wasm,05b7215019c413680992ea70ec24501d
all5/Extract_file_extension/[0-1][2-1][3-1][4-1][7-1].wasm,e6ab04d16caf3952cad0eedfc83732ec
all5/Extract_file_extension/[0-1][2-1][3-1][5-1].wasm,e6ab04d16caf3952cad0eedfc83732ec
all5/Extract_file_extension/[0-1][2-1][3-1][5-1][6-1].wasm,e6ab04d16caf3952cad0eedfc83732ec
all5/Extract_file_extension/[0-1][2-1][3-1][5-1][6-1][7-1].wasm,e6ab04d16caf3952cad0eedfc83732ec
all5/Extract_file_extension/[0-1][2-1][3-1][5-1][7-1].wasm,e6ab04d16caf3952cad0eedfc83732ec
all5/Extract_file_extension/[0-1][2-1][3-1][6-1].wasm,05b7215019c413680992ea70ec24501d
all5/Extract_file_extension/[0-1][2-1][3-1][6-1][7-1].wasm,05b7215019c413680992ea70ec24501d
all5/Extract_file_extension/[0-1][2-1][3-1][7-1].wasm,e6ab04d16caf3952cad0eedfc83732ec
all5/Extract_file_extension/[0-1][2-1][4-1].wasm,e6ab04d16caf3952cad0eedfc83732ec
all5/Extract_file_extension/[0-1][2-1][4-1].wasm.~1~,47e60405ebd0a0486ec222e4accf1714
all5/Extract_file_extension/[0-1][2-1][4-1][11-1].wasm,47e60405ebd0a0486ec222e4accf1714
all5/Extract_file_extension/[0-1][2-1][4-1][5-1].wasm,e6ab04d16caf3952cad0eedfc83732ec
all5/Extract_file_extension/[0-1][2-1][4-1][5-1].wasm.~1~,47e60405ebd0a0486ec222e4accf1714
all5/Extract_file_extension/[0-1][2-1][4-1][5-1][6-1].wasm,e6ab04d16caf3952cad0eedfc83732ec
all5/Extract_file_extension/[0-1][2-1][4-1][5-1][6-1][7-1].wasm,e6ab04d16caf3952cad0eedfc83732ec
all5/Extract_file_extension/[0-1][2-1][4-1][5-1][7-1].wasm,e6ab04d16caf3952cad0eedfc83732ec
all5/Extract_file_extension/[0-1][2-1][4-1][6-1].wasm,05b7215019c413680992ea70ec24501d
all5/Extract_file_extension/[0-1][2-1][4-1][6-1].wasm.~1~,0a756339e49587d5804989b4edc12b9a
all5/Extract_file_extension/[0-1][2-1][4-1][6-1][11-1].wasm,0a756339e49587d5804989b4edc12b9a
all5/Extract_file_extension/[0-1][2-1][4-1][6-1][7-1].wasm,05b7215019c413680992ea70ec24501d
all5/Extract_file_extension/[0-1][2-1][4-1][6-1][7-1].wasm.~1~,0a756339e49587d5804989b4edc12b9a
all5/Extract_file_extension/[0-1][2-1][4-1][6-1][7-1][11-1].wasm,0a756339e49587d5804989b4edc12b9a
all5/Extract_file_extension/[0-1][2-1][4-1][6-1][7-1][8-1].wasm,0a756339e49587d5804989b4edc12b9a
all5/Extract_file_extension/[0-1][2-1][4-1][6-1][7-1][8-1][11-1].wasm,0a756339e49587d5804989b4edc12b9a
all5/Extract_file_extension/[0-1][2-1][4-1][6-1][8-1].wasm,0a756339e49587d5804989b4edc12b9a
all5/Extract_file_extension/[0-1][2-1][4-1][6-1][8-1][11-1].wasm,0a756339e49587d5804989b4edc12b9a
all5/Extract_file_extension/[0-1][2-1][4-1][7-1].wasm,e6ab04d16caf3952cad0eedfc83732ec
all5/Extract_file_extension/[0-1][2-1][4-1][7-1].wasm.~1~,47e60405ebd0a0486ec222e4accf1714
all5/Extract_file_extension/[0-1][2-1][4-1][7-1][11-1].wasm,47e60405ebd0a0486ec222e4accf1714
all5/Extract_file_extension/[0-1][2-1][4-1][7-1][8-1].wasm,47e60405ebd0a0486ec222e4accf1714
all5/Extract_file_extension/[0-1][2-1][4-1][7-1][8-1][11-1].wasm,47e60405ebd0a0486ec222e4accf1714
all5/Extract_file_extension/[0-1][2-1][4-1][8-1].wasm,47e60405ebd0a0486ec222e4accf1714
all5/Extract_file_extension/[0-1][2-1][4-1][8-1][11-1].wasm,47e60405ebd0a0486ec222e4accf1714
all5/Extract_file_extension/[0-1][2-1][5-1].wasm,e6ab04d16caf3952cad0eedfc83732ec
all5/Extract_file_extension/[0-1][2-1][5-1].wasm.~1~,47e60405ebd0a0486ec222e4accf1714
all5/Extract_file_extension/[0-1][2-1][5-1].wasm.~2~,0a756339e49587d5804989b4edc12b9a
all5/Extract_file_extension/[0-1][2-1][5-1][11-1].wasm,0a756339e49587d5804989b4edc12b9a
all5/Extract_file_extension/[0-1][2-1][5-1][11-1].wasm.~1~,47e60405ebd0a0486ec222e4accf1714
all5/Extract_file_extension/[0-1][2-1][5-1][6-1].wasm,e6ab04d16caf3952cad0eedfc83732ec
all5/Extract_file_extension/[0-1][2-1][5-1][6-1].wasm.~1~,0a756339e49587d5804989b4edc12b9a
all5/Extract_file_extension/[0-1][2-1][5-1][6-1][11-1].wasm,0a756339e49587d5804989b4edc12b9a
all5/Extract_file_extension/[0-1][2-1][5-1][6-1][7-1].wasm,e6ab04d16caf3952cad0eedfc83732ec
all5/Extract_file_extension/[0-1][2-1][5-1][6-1][7-1].wasm.~1~,0a756339e49587d5804989b4edc12b9a
all5/Extract_file_extension/[0-1][2-1][5-1][6-1][7-1][11-1].wasm,0a756339e49587d5804989b4edc12b9a
all5/Extract_file_extension/[0-1][2-1][5-1][6-1][7-1][8-1].wasm,0a756339e49587d5804989b4edc12b9a
all5/Extract_file_extension/[0-1][2-1][5-1][6-1][7-1][8-1][11-1].wasm,0a756339e49587d5804989b4edc12b9a
all5/Extract_file_extension/[0-1][2-1][5-1][6-1][8-1].wasm,0a756339e49587d5804989b4edc12b9a
all5/Extract_file_extension/[0-1][2-1][5-1][6-1][8-1][11-1].wasm,0a756339e49587d5804989b4edc12b9a
all5/Extract_file_extension/[0-1][2-1][5-1][7-1].wasm,e6ab04d16caf3952cad0eedfc83732ec
all5/Extract_file_extension/[0-1][2-1][5-1][7-1].wasm.~1~,47e60405ebd0a0486ec222e4accf1714
all5/Extract_file_extension/[0-1][2-1][5-1][7-1].wasm.~2~,0a756339e49587d5804989b4edc12b9a
all5/Extract_file_extension/[0-1][2-1][5-1][7-1][11-1].wasm,0a756339e49587d5804989b4edc12b9a
all5/Extract_file_extension/[0-1][2-1][5-1][7-1][11-1].wasm.~1~,47e60405ebd0a0486ec222e4accf1714
all5/Extract_file_extension/[0-1][2-1][5-1][7-1][8-1].wasm,0a756339e49587d5804989b4edc12b9a
all5/Extract_file_extension/[0-1][2-1][5-1][7-1][8-1].wasm.~1~,47e60405ebd0a0486ec222e4accf1714
all5/Extract_file_extension/[0-1][2-1][5-1][7-1][8-1][11-1].wasm,0a756339e49587d5804989b4edc12b9a
all5/Extract_file_extension/[0-1][2-1][5-1][7-1][8-1][11-1].wasm.~1~,47e60405ebd0a0486ec222e4accf1714
all5/Extract_file_extension/[0-1][2-1][5-1][7-1][8-1][9-1].wasm,0a756339e49587d5804989b4edc12b9a
all5/Extract_file_extension/[0-1][2-1][5-1][7-1][8-1][9-1][11-1].wasm,0a756339e49587d5804989b4edc12b9a
all5/Extract_file_extension/[0-1][2-1][5-1][7-1][9-1].wasm,0a756339e49587d5804989b4edc12b9a
all5/Extract_file_extension/[0-1][2-1][5-1][7-1][9-1][11-1].wasm,0a756339e49587d5804989b4edc12b9a
all5/Extract_file_extension/[0-1][2-1][5-1][8-1].wasm,0a756339e49587d5804989b4edc12b9a
all5/Extract_file_extension/[0-1][2-1][5-1][8-1].wasm.~1~,47e60405ebd0a0486ec222e4accf1714
all5/Extract_file_extension/[0-1][2-1][5-1][8-1][11-1].wasm,0a756339e49587d5804989b4edc12b9a
all5/Extract_file_extension/[0-1][2-1][5-1][8-1][11-1].wasm.~1~,47e60405ebd0a0486ec222e4accf1714
all5/Extract_file_extension/[0-1][2-1][5-1][8-1][9-1].wasm,0a756339e49587d5804989b4edc12b9a
all5/Extract_file_extension/[0-1][2-1][5-1][8-1][9-1][11-1].wasm,0a756339e49587d5804989b4edc12b9a
all5/Extract_file_extension/[0-1][2-1][5-1][9-1].wasm,0a756339e49587d5804989b4edc12b9a
all5/Extract_file_extension/[0-1][2-1][5-1][9-1][11-1].wasm,0a756339e49587d5804989b4edc12b9a
all5/Extract_file_extension/[0-1][2-1][6-1].wasm,05b7215019c413680992ea70ec24501d
all5/Extract_file_extension/[0-1][2-1][6-1].wasm.~1~,0a756339e49587d5804989b4edc12b9a
all5/Extract_file_extension/[0-1][2-1][6-1][11-1].wasm,0a756339e49587d5804989b4edc12b9a
all5/Extract_file_extension/[0-1][2-1][6-1][7-1].wasm,05b7215019c413680992ea70ec24501d
all5/Extract_file_extension/[0-1][2-1][6-1][7-1].wasm.~1~,0a756339e49587d5804989b4edc12b9a
all5/Extract_file_extension/[0-1][2-1][6-1][7-1][11-1].wasm,0a756339e49587d5804989b4edc12b9a
all5/Extract_file_extension/[0-1][2-1][6-1][7-1][8-1].wasm,0a756339e49587d5804989b4edc12b9a
all5/Extract_file_extension/[0-1][2-1][6-1][7-1][8-1][11-1].wasm,0a756339e49587d5804989b4edc12b9a
all5/Extract_file_extension/[0-1][2-1][6-1][8-1].wasm,0a756339e49587d5804989b4edc12b9a
all5/Extract_file_extension/[0-1][2-1][6-1][8-1][11-1].wasm,0a756339e49587d5804989b4edc12b9a
all5/Extract_file_extension/[0-1][2-1][7-1].wasm,e6ab04d16caf3952cad0eedfc83732ec
all5/Extract_file_extension/[0-1][2-1][7-1].wasm.~1~,47e60405ebd0a0486ec222e4accf1714
all5/Extract_file_extension/[0-1][2-1][7-1].wasm.~2~,0a756339e49587d5804989b4edc12b9a
all5/Extract_file_extension/[0-1][2-1][7-1][11-1].wasm,0a756339e49587d5804989b4edc12b9a
all5/Extract_file_extension/[0-1][2-1][7-1][11-1].wasm.~1~,47e60405ebd0a0486ec222e4accf1714
all5/Extract_file_extension/[0-1][2-1][7-1][8-1].wasm,0a756339e49587d5804989b4edc12b9a
all5/Extract_file_extension/[0-1][2-1][7-1][8-1].wasm.~1~,47e60405ebd0a0486ec222e4accf1714
all5/Extract_file_extension/[0-1][2-1][7-1][8-1][11-1].wasm,0a756339e49587d5804989b4edc12b9a
all5/Extract_file_extension/[0-1][2-1][7-1][8-1][11-1].wasm.~1~,47e60405ebd0a0486ec222e4accf1714
all5/Extract_file_extension/[0-1][2-1][7-1][8-1][9-1].wasm,0a756339e49587d5804989b4edc12b9a
all5/Extract_file_extension/[0-1][2-1][7-1][8-1][9-1][11-1].wasm,0a756339e49587d5804989b4edc12b9a
all5/Extract_file_extension/[0-1][2-1][7-1][9-1].wasm,0a756339e49587d5804989b4edc12b9a
all5/Extract_file_extension/[0-1][2-1][7-1][9-1][11-1].wasm,0a756339e49587d5804989b4edc12b9a
all5/Extract_file_extension/[0-1][2-1][8-1].wasm,0a756339e49587d5804989b4edc12b9a
all5/Extract_file_extension/[0-1][2-1][8-1].wasm.~1~,47e60405ebd0a0486ec222e4accf1714
all5/Extract_file_extension/[0-1][2-1][8-1][11-1].wasm,0a756339e49587d5804989b4edc12b9a
all5/Extract_file_extension/[0-1][2-1][8-1][11-1].wasm.~1~,47e60405ebd0a0486ec222e4accf1714
all5/Extract_file_extension/[0-1][2-1][8-1][9-1].wasm,0a756339e49587d5804989b4edc12b9a
all5/Extract_file_extension/[0-1][2-1][8-1][9-1][11-1].wasm,0a756339e49587d5804989b4edc12b9a
all5/Extract_file_extension/[0-1][2-1][9-1].wasm,0a756339e49587d5804989b4edc12b9a
all5/Extract_file_extension/[0-1][2-1][9-1][11-1].wasm,0a756339e49587d5804989b4edc12b9a
all5/Extract_file_extension/[0-1][3-1].wasm,e6ab04d16caf3952cad0eedfc83732ec
all5/Extract_file_extension/[0-1][3-1][4-1].wasm,e6ab04d16caf3952cad0eedfc83732ec
all5/Extract_file_extension/[0-1][3-1][4-1][5-1].wasm,e6ab04d16caf3952cad0eedfc83732ec
all5/Extract_file_extension/[0-1][3-1][4-1][5-1][6-1].wasm,e6ab04d16caf3952cad0eedfc83732ec
all5/Extract_file_extension/[0-1][3-1][4-1][5-1][6-1][7-1].wasm,e6ab04d16caf3952cad0eedfc83732ec
all5/Extract_file_extension/[0-1][3-1][4-1][5-1][7-1].wasm,e6ab04d16caf3952cad0eedfc83732ec
all5/Extract_file_extension/[0-1][3-1][4-1][6-1].wasm,05b7215019c413680992ea70ec24501d
all5/Extract_file_extension/[0-1][3-1][4-1][6-1][7-1].wasm,05b7215019c413680992ea70ec24501d
all5/Extract_file_extension/[0-1][3-1][4-1][7-1].wasm,e6ab04d16caf3952cad0eedfc83732ec
all5/Extract_file_extension/[0-1][3-1][5-1].wasm,e6ab04d16caf3952cad0eedfc83732ec
all5/Extract_file_extension/[0-1][3-1][5-1][6-1].wasm,e6ab04d16caf3952cad0eedfc83732ec
all5/Extract_file_extension/[0-1][3-1][5-1][6-1][7-1].wasm,e6ab04d16caf3952cad0eedfc83732ec
all5/Extract_file_extension/[0-1][3-1][5-1][7-1].wasm,e6ab04d16caf3952cad0eedfc83732ec
all5/Extract_file_extension/[0-1][3-1][6-1].wasm,05b7215019c413680992ea70ec24501d
all5/Extract_file_extension/[0-1][3-1][6-1][7-1].wasm,05b7215019c413680992ea70ec24501d
all5/Extract_file_extension/[0-1][3-1][7-1].wasm,e6ab04d16caf3952cad0eedfc83732ec
all5/Extract_file_extension/[0-1][4-1].wasm,e6ab04d16caf3952cad0eedfc83732ec
all5/Extract_file_extension/[0-1][4-1].wasm.~1~,47e60405ebd0a0486ec222e4accf1714
all5/Extract_file_extension/[0-1][4-1][11-1].wasm,47e60405ebd0a0486ec222e4accf1714
all5/Extract_file_extension/[0-1][4-1][5-1].wasm,e6ab04d16caf3952cad0eedfc83732ec
all5/Extract_file_extension/[0-1][4-1][5-1].wasm.~1~,47e60405ebd0a0486ec222e4accf1714
all5/Extract_file_extension/[0-1][4-1][5-1][11-1].wasm,47e60405ebd0a0486ec222e4accf1714
all5/Extract_file_extension/[0-1][4-1][5-1][6-1].wasm,e6ab04d16caf3952cad0eedfc83732ec
all5/Extract_file_extension/[0-1][4-1][5-1][6-1].wasm.~1~,0a756339e49587d5804989b4edc12b9a
all5/Extract_file_extension/[0-1][4-1][5-1][6-1][11-1].wasm,0a756339e49587d5804989b4edc12b9a
all5/Extract_file_extension/[0-1][4-1][5-1][6-1][7-1].wasm,e6ab04d16caf3952cad0eedfc83732ec
all5/Extract_file_extension/[0-1][4-1][5-1][6-1][7-1].wasm.~1~,0a756339e49587d5804989b4edc12b9a
all5/Extract_file_extension/[0-1][4-1][5-1][6-1][7-1][11-1].wasm,0a756339e49587d5804989b4edc12b9a
all5/Extract_file_extension/[0-1][4-1][5-1][6-1][7-1][8-1].wasm,0a756339e49587d5804989b4edc12b9a
all5/Extract_file_extension/[0-1][4-1][5-1][6-1][7-1][8-1][11-1].wasm,0a756339e49587d5804989b4edc12b9a
all5/Extract_file_extension/[0-1][4-1][5-1][6-1][8-1].wasm,0a756339e49587d5804989b4edc12b9a
all5/Extract_file_extension/[0-1][4-1][5-1][6-1][8-1][11-1].wasm,0a756339e49587d5804989b4edc12b9a
all5/Extract_file_extension/[0-1][4-1][5-1][7-1].wasm,e6ab04d16caf3952cad0eedfc83732ec
all5/Extract_file_extension/[0-1][4-1][5-1][7-1].wasm.~1~,47e60405ebd0a0486ec222e4accf1714
all5/Extract_file_extension/[0-1][4-1][5-1][7-1][11-1].wasm,47e60405ebd0a0486ec222e4accf1714
all5/Extract_file_extension/[0-1][4-1][5-1][7-1][8-1].wasm,47e60405ebd0a0486ec222e4accf1714
all5/Extract_file_extension/[0-1][4-1][5-1][7-1][8-1][11-1].wasm,47e60405ebd0a0486ec222e4accf1714
all5/Extract_file_extension/[0-1][4-1][5-1][8-1].wasm,47e60405ebd0a0486ec222e4accf1714
all5/Extract_file_extension/[0-1][4-1][5-1][8-1][11-1].wasm,47e60405ebd0a0486ec222e4accf1714
all5/Extract_file_extension/[0-1][4-1][6-1].wasm,05b7215019c413680992ea70ec24501d
all5/Extract_file_extension/[0-1][4-1][6-1].wasm.~1~,0a756339e49587d5804989b4edc12b9a
all5/Extract_file_extension/[0-1][4-1][6-1][11-1].wasm,0a756339e49587d5804989b4edc12b9a
all5/Extract_file_extension/[0-1][4-1][6-1][7-1].wasm,05b7215019c413680992ea70ec24501d
all5/Extract_file_extension/[0-1][4-1][6-1][7-1].wasm.~1~,0a756339e49587d5804989b4edc12b9a
all5/Extract_file_extension/[0-1][4-1][6-1][7-1][11-1].wasm,0a756339e49587d5804989b4edc12b9a
all5/Extract_file_extension/[0-1][4-1][6-1][7-1][8-1].wasm,0a756339e49587d5804989b4edc12b9a
all5/Extract_file_extension/[0-1][4-1][6-1][7-1][8-1][11-1].wasm,0a756339e49587d5804989b4edc12b9a
all5/Extract_file_extension/[0-1][4-1][6-1][8-1].wasm,0a756339e49587d5804989b4edc12b9a
all5/Extract_file_extension/[0-1][4-1][6-1][8-1][11-1].wasm,0a756339e49587d5804989b4edc12b9a
all5/Extract_file_extension/[0-1][4-1][7-1].wasm,e6ab04d16caf3952cad0eedfc83732ec
all5/Extract_file_extension/[0-1][4-1][7-1].wasm.~1~,47e60405ebd0a0486ec222e4accf1714
all5/Extract_file_extension/[0-1][4-1][7-1][11-1].wasm,47e60405ebd0a0486ec222e4accf1714
all5/Extract_file_extension/[0-1][4-1][7-1][8-1].wasm,47e60405ebd0a0486ec222e4accf1714
all5/Extract_file_extension/[0-1][4-1][7-1][8-1][11-1].wasm,47e60405ebd0a0486ec222e4accf1714
all5/Extract_file_extension/[0-1][4-1][8-1].wasm,47e60405ebd0a0486ec222e4accf1714
all5/Extract_file_extension/[0-1][4-1][8-1][11-1].wasm,47e60405ebd0a0486ec222e4accf1714
all5/Extract_file_extension/[0-1][5-1].wasm,e6ab04d16caf3952cad0eedfc83732ec
all5/Extract_file_extension/[0-1][5-1].wasm.~1~,47e60405ebd0a0486ec222e4accf1714
all5/Extract_file_extension/[0-1][5-1].wasm.~2~,0a756339e49587d5804989b4edc12b9a
all5/Extract_file_extension/[0-1][5-1][11-1].wasm,0a756339e49587d5804989b4edc12b9a
all5/Extract_file_extension/[0-1][5-1][11-1].wasm.~1~,47e60405ebd0a0486ec222e4accf1714
all5/Extract_file_extension/[0-1][5-1][6-1].wasm,e6ab04d16caf3952cad0eedfc83732ec
all5/Extract_file_extension/[0-1][5-1][6-1].wasm.~1~,0a756339e49587d5804989b4edc12b9a
all5/Extract_file_extension/[0-1][5-1][6-1][11-1].wasm,0a756339e49587d5804989b4edc12b9a
all5/Extract_file_extension/[0-1][5-1][6-1][7-1].wasm,e6ab04d16caf3952cad0eedfc83732ec
all5/Extract_file_extension/[0-1][5-1][6-1][7-1].wasm.~1~,0a756339e49587d5804989b4edc12b9a
all5/Extract_file_extension/[0-1][5-1][6-1][7-1][11-1].wasm,0a756339e49587d5804989b4edc12b9a
all5/Extract_file_extension/[0-1][5-1][6-1][7-1][8-1].wasm,0a756339e49587d5804989b4edc12b9a
all5/Extract_file_extension/[0-1][5-1][6-1][7-1][8-1][11-1].wasm,0a756339e49587d5804989b4edc12b9a
all5/Extract_file_extension/[0-1][5-1][6-1][8-1].wasm,0a756339e49587d5804989b4edc12b9a
all5/Extract_file_extension/[0-1][5-1][6-1][8-1][11-1].wasm,0a756339e49587d5804989b4edc12b9a
all5/Extract_file_extension/[0-1][5-1][7-1].wasm,e6ab04d16caf3952cad0eedfc83732ec
all5/Extract_file_extension/[0-1][5-1][7-1].wasm.~1~,47e60405ebd0a0486ec222e4accf1714
all5/Extract_file_extension/[0-1][5-1][7-1].wasm.~2~,0a756339e49587d5804989b4edc12b9a
all5/Extract_file_extension/[0-1][5-1][7-1][11-1].wasm,0a756339e49587d5804989b4edc12b9a
all5/Extract_file_extension/[0-1][5-1][7-1][11-1].wasm.~1~,47e60405ebd0a0486ec222e4accf1714
all5/Extract_file_extension/[0-1][5-1][7-1][8-1].wasm,0a756339e49587d5804989b4edc12b9a
all5/Extract_file_extension/[0-1][5-1][7-1][8-1].wasm.~1~,47e60405ebd0a0486ec222e4accf1714
all5/Extract_file_extension/[0-1][5-1][7-1][8-1][11-1].wasm,0a756339e49587d5804989b4edc12b9a
all5/Extract_file_extension/[0-1][5-1][7-1][8-1][11-1].wasm.~1~,47e60405ebd0a0486ec222e4accf1714
all5/Extract_file_extension/[0-1][5-1][7-1][8-1][9-1].wasm,0a756339e49587d5804989b4edc12b9a
all5/Extract_file_extension/[0-1][5-1][7-1][8-1][9-1][11-1].wasm,0a756339e49587d5804989b4edc12b9a
all5/Extract_file_extension/[0-1][5-1][7-1][9-1].wasm,0a756339e49587d5804989b4edc12b9a
all5/Extract_file_extension/[0-1][5-1][7-1][9-1][11-1].wasm,0a756339e49587d5804989b4edc12b9a
all5/Extract_file_extension/[0-1][5-1][8-1].wasm,0a756339e49587d5804989b4edc12b9a
all5/Extract_file_extension/[0-1][5-1][8-1].wasm.~1~,47e60405ebd0a0486ec222e4accf1714
all5/Extract_file_extension/[0-1][5-1][8-1][11-1].wasm,0a756339e49587d5804989b4edc12b9a
all5/Extract_file_extension/[0-1][5-1][8-1][11-1].wasm.~1~,47e60405ebd0a0486ec222e4accf1714
all5/Extract_file_extension/[0-1][5-1][8-1][9-1].wasm,0a756339e49587d5804989b4edc12b9a
all5/Extract_file_extension/[0-1][5-1][8-1][9-1][11-1].wasm,0a756339e49587d5804989b4edc12b9a
all5/Extract_file_extension/[0-1][5-1][9-1].wasm,0a756339e49587d5804989b4edc12b9a
all5/Extract_file_extension/[0-1][5-1][9-1][11-1].wasm,0a756339e49587d5804989b4edc12b9a
all5/Extract_file_extension/[0-1][6-1].wasm,05b7215019c413680992ea70ec24501d
all5/Extract_file_extension/[0-1][6-1].wasm.~1~,0a756339e49587d5804989b4edc12b9a
all5/Extract_file_extension/[0-1][6-1][11-1].wasm,0a756339e49587d5804989b4edc12b9a
all5/Extract_file_extension/[0-1][6-1][7-1].wasm,05b7215019c413680992ea70ec24501d
all5/Extract_file_extension/[0-1][6-1][7-1].wasm.~1~,0a756339e49587d5804989b4edc12b9a
all5/Extract_file_extension/[0-1][6-1][7-1][11-1].wasm,0a756339e49587d5804989b4edc12b9a
all5/Extract_file_extension/[0-1][6-1][7-1][8-1].wasm,0a756339e49587d5804989b4edc12b9a
all5/Extract_file_extension/[0-1][6-1][7-1][8-1][11-1].wasm,0a756339e49587d5804989b4edc12b9a
all5/Extract_file_extension/[0-1][6-1][8-1].wasm,0a756339e49587d5804989b4edc12b9a
all5/Extract_file_extension/[0-1][6-1][8-1][11-1].wasm,0a756339e49587d5804989b4edc12b9a
all5/Extract_file_extension/[0-1][7-1].wasm,e6ab04d16caf3952cad0eedfc83732ec
all5/Extract_file_extension/[0-1][7-1].wasm.~1~,47e60405ebd0a0486ec222e4accf1714
all5/Extract_file_extension/[0-1][7-1].wasm.~2~,0a756339e49587d5804989b4edc12b9a
all5/Extract_file_extension/[0-1][7-1][11-1].wasm,0a756339e49587d5804989b4edc12b9a
all5/Extract_file_extension/[0-1][7-1][11-1].wasm.~1~,47e60405ebd0a0486ec222e4accf1714
all5/Extract_file_extension/[0-1][7-1][8-1].wasm,0a756339e49587d5804989b4edc12b9a
all5/Extract_file_extension/[0-1][7-1][8-1].wasm.~1~,47e60405ebd0a0486ec222e4accf1714
all5/Extract_file_extension/[0-1][7-1][8-1][11-1].wasm,0a756339e49587d5804989b4edc12b9a
all5/Extract_file_extension/[0-1][7-1][8-1][11-1].wasm.~1~,47e60405ebd0a0486ec222e4accf1714
all5/Extract_file_extension/[0-1][7-1][8-1][9-1].wasm,0a756339e49587d5804989b4edc12b9a
all5/Extract_file_extension/[0-1][7-1][8-1][9-1][11-1].wasm,0a756339e49587d5804989b4edc12b9a
all5/Extract_file_extension/[0-1][7-1][9-1].wasm,0a756339e49587d5804989b4edc12b9a
all5/Extract_file_extension/[0-1][7-1][9-1][11-1].wasm,0a756339e49587d5804989b4edc12b9a
all5/Extract_file_extension/[0-1][8-1].wasm,0a756339e49587d5804989b4edc12b9a
all5/Extract_file_extension/[0-1][8-1].wasm.~1~,47e60405ebd0a0486ec222e4accf1714
all5/Extract_file_extension/[0-1][8-1][11-1].wasm,0a756339e49587d5804989b4edc12b9a
all5/Extract_file_extension/[0-1][8-1][11-1].wasm.~1~,47e60405ebd0a0486ec222e4accf1714
all5/Extract_file_extension/[0-1][8-1][9-1].wasm,0a756339e49587d5804989b4edc12b9a
all5/Extract_file_extension/[0-1][8-1][9-1][11-1].wasm,0a756339e49587d5804989b4edc12b9a
all5/Extract_file_extension/[0-1][9-1].wasm,0a756339e49587d5804989b4edc12b9a
all5/Extract_file_extension/[0-1][9-1][11-1].wasm,0a756339e49587d5804989b4edc12b9a
all5/Extract_file_extension/[1-0].wasm,47e60405ebd0a0486ec222e4accf1714
all5/Extract_file_extension/[1-1].wasm,e6ab04d16caf3952cad0eedfc83732ec
all5/Extract_file_extension/[1-1].wasm.~1~,47e60405ebd0a0486ec222e4accf1714
all5/Extract_file_extension/[1-1][11-1].wasm,47e60405ebd0a0486ec222e4accf1714
all5/Extract_file_extension/[1-1][2-1].wasm,e6ab04d16caf3952cad0eedfc83732ec
all5/Extract_file_extension/[1-1][2-1].wasm.~1~,47e60405ebd0a0486ec222e4accf1714
all5/Extract_file_extension/[1-1][2-1][11-1].wasm,47e60405ebd0a0486ec222e4accf1714
all5/Extract_file_extension/[1-1][2-1][3-1].wasm,e6ab04d16caf3952cad0eedfc83732ec
all5/Extract_file_extension/[1-1][2-1][3-1][4-1].wasm,e6ab04d16caf3952cad0eedfc83732ec
all5/Extract_file_extension/[1-1][2-1][3-1][4-1][5-1].wasm,e6ab04d16caf3952cad0eedfc83732ec
all5/Extract_file_extension/[1-1][2-1][3-1][4-1][5-1][6-1].wasm,e6ab04d16caf3952cad0eedfc83732ec
all5/Extract_file_extension/[1-1][2-1][3-1][4-1][5-1][6-1][7-1].wasm,e6ab04d16caf3952cad0eedfc83732ec
all5/Extract_file_extension/[1-1][2-1][3-1][4-1][5-1][7-1].wasm,e6ab04d16caf3952cad0eedfc83732ec
all5/Extract_file_extension/[1-1][2-1][3-1][4-1][6-1].wasm,05b7215019c413680992ea70ec24501d
all5/Extract_file_extension/[1-1][2-1][3-1][4-1][6-1][7-1].wasm,05b7215019c413680992ea70ec24501d
all5/Extract_file_extension/[1-1][2-1][3-1][4-1][7-1].wasm,e6ab04d16caf3952cad0eedfc83732ec
all5/Extract_file_extension/[1-1][2-1][3-1][5-1].wasm,e6ab04d16caf3952cad0eedfc83732ec
all5/Extract_file_extension/[1-1][2-1][3-1][5-1][6-1].wasm,e6ab04d16caf3952cad0eedfc83732ec
all5/Extract_file_extension/[1-1][2-1][3-1][5-1][6-1][7-1].wasm,e6ab04d16caf3952cad0eedfc83732ec
all5/Extract_file_extension/[1-1][2-1][3-1][5-1][7-1].wasm,e6ab04d16caf3952cad0eedfc83732ec
all5/Extract_file_extension/[1-1][2-1][3-1][6-1].wasm,05b7215019c413680992ea70ec24501d
all5/Extract_file_extension/[1-1][2-1][3-1][6-1][7-1].wasm,05b7215019c413680992ea70ec24501d
all5/Extract_file_extension/[1-1][2-1][3-1][7-1].wasm,e6ab04d16caf3952cad0eedfc83732ec
all5/Extract_file_extension/[1-1][2-1][4-1].wasm,e6ab04d16caf3952cad0eedfc83732ec
all5/Extract_file_extension/[1-1][2-1][4-1][5-1].wasm,e6ab04d16caf3952cad0eedfc83732ec
all5/Extract_file_extension/[1-1][2-1][4-1][5-1][6-1].wasm,e6ab04d16caf3952cad0eedfc83732ec
all5/Extract_file_extension/[1-1][2-1][4-1][5-1][6-1][7-1].wasm,e6ab04d16caf3952cad0eedfc83732ec
all5/Extract_file_extension/[1-1][2-1][4-1][5-1][7-1].wasm,e6ab04d16caf3952cad0eedfc83732ec
all5/Extract_file_extension/[1-1][2-1][4-1][6-1].wasm,05b7215019c413680992ea70ec24501d
all5/Extract_file_extension/[1-1][2-1][4-1][6-1][7-1].wasm,05b7215019c413680992ea70ec24501d
all5/Extract_file_extension/[1-1][2-1][4-1][7-1].wasm,e6ab04d16caf3952cad0eedfc83732ec
all5/Extract_file_extension/[1-1][2-1][5-1].wasm,e6ab04d16caf3952cad0eedfc83732ec
all5/Extract_file_extension/[1-1][2-1][5-1].wasm.~1~,47e60405ebd0a0486ec222e4accf1714
all5/Extract_file_extension/[1-1][2-1][5-1][11-1].wasm,47e60405ebd0a0486ec222e4accf1714
all5/Extract_file_extension/[1-1][2-1][5-1][6-1].wasm,e6ab04d16caf3952cad0eedfc83732ec
all5/Extract_file_extension/[1-1][2-1][5-1][6-1][7-1].wasm,e6ab04d16caf3952cad0eedfc83732ec
all5/Extract_file_extension/[1-1][2-1][5-1][7-1].wasm,e6ab04d16caf3952cad0eedfc83732ec
all5/Extract_file_extension/[1-1][2-1][5-1][7-1].wasm.~1~,47e60405ebd0a0486ec222e4accf1714
all5/Extract_file_extension/[1-1][2-1][5-1][7-1][11-1].wasm,47e60405ebd0a0486ec222e4accf1714
all5/Extract_file_extension/[1-1][2-1][5-1][7-1][8-1].wasm,47e60405ebd0a0486ec222e4accf1714
all5/Extract_file_extension/[1-1][2-1][5-1][7-1][8-1][11-1].wasm,47e60405ebd0a0486ec222e4accf1714
all5/Extract_file_extension/[1-1][2-1][5-1][7-1][8-1][9-1].wasm,47e60405ebd0a0486ec222e4accf1714
all5/Extract_file_extension/[1-1][2-1][5-1][7-1][8-1][9-1][11-1].wasm,47e60405ebd0a0486ec222e4accf1714
all5/Extract_file_extension/[1-1][2-1][5-1][7-1][9-1].wasm,47e60405ebd0a0486ec222e4accf1714
all5/Extract_file_extension/[1-1][2-1][5-1][7-1][9-1][11-1].wasm,47e60405ebd0a0486ec222e4accf1714
all5/Extract_file_extension/[1-1][2-1][5-1][8-1].wasm,47e60405ebd0a0486ec222e4accf1714
all5/Extract_file_extension/[1-1][2-1][5-1][8-1][11-1].wasm,47e60405ebd0a0486ec222e4accf1714
all5/Extract_file_extension/[1-1][2-1][5-1][8-1][9-1].wasm,47e60405ebd0a0486ec222e4accf1714
all5/Extract_file_extension/[1-1][2-1][5-1][8-1][9-1][11-1].wasm,47e60405ebd0a0486ec222e4accf1714
all5/Extract_file_extension/[1-1][2-1][5-1][9-1].wasm,47e60405ebd0a0486ec222e4accf1714
all5/Extract_file_extension/[1-1][2-1][5-1][9-1][11-1].wasm,47e60405ebd0a0486ec222e4accf1714
all5/Extract_file_extension/[1-1][2-1][6-1].wasm,05b7215019c413680992ea70ec24501d
all5/Extract_file_extension/[1-1][2-1][6-1][7-1].wasm,05b7215019c413680992ea70ec24501d
all5/Extract_file_extension/[1-1][2-1][7-1].wasm,e6ab04d16caf3952cad0eedfc83732ec
all5/Extract_file_extension/[1-1][2-1][7-1].wasm.~1~,47e60405ebd0a0486ec222e4accf1714
all5/Extract_file_extension/[1-1][2-1][7-1][11-1].wasm,47e60405ebd0a0486ec222e4accf1714
all5/Extract_file_extension/[1-1][2-1][7-1][8-1].wasm,47e60405ebd0a0486ec222e4accf1714
all5/Extract_file_extension/[1-1][2-1][7-1][8-1][11-1].wasm,47e60405ebd0a0486ec222e4accf1714
all5/Extract_file_extension/[1-1][2-1][7-1][8-1][9-1].wasm,47e60405ebd0a0486ec222e4accf1714
all5/Extract_file_extension/[1-1][2-1][7-1][8-1][9-1][11-1].wasm,47e60405ebd0a0486ec222e4accf1714
all5/Extract_file_extension/[1-1][2-1][7-1][9-1].wasm,47e60405ebd0a0486ec222e4accf1714
all5/Extract_file_extension/[1-1][2-1][7-1][9-1][11-1].wasm,47e60405ebd0a0486ec222e4accf1714
all5/Extract_file_extension/[1-1][2-1][8-1].wasm,47e60405ebd0a0486ec222e4accf1714
all5/Extract_file_extension/[1-1][2-1][8-1][11-1].wasm,47e60405ebd0a0486ec222e4accf1714
all5/Extract_file_extension/[1-1][2-1][8-1][9-1].wasm,47e60405ebd0a0486ec222e4accf1714
all5/Extract_file_extension/[1-1][2-1][8-1][9-1][11-1].wasm,47e60405ebd0a0486ec222e4accf1714
all5/Extract_file_extension/[1-1][2-1][9-1].wasm,47e60405ebd0a0486ec222e4accf1714
all5/Extract_file_extension/[1-1][2-1][9-1][11-1].wasm,47e60405ebd0a0486ec222e4accf1714
all5/Extract_file_extension/[1-1][3-1].wasm,e6ab04d16caf3952cad0eedfc83732ec
all5/Extract_file_extension/[1-1][3-1][4-1].wasm,e6ab04d16caf3952cad0eedfc83732ec
all5/Extract_file_extension/[1-1][3-1][4-1][5-1].wasm,e6ab04d16caf3952cad0eedfc83732ec
all5/Extract_file_extension/[1-1][3-1][4-1][5-1][6-1].wasm,e6ab04d16caf3952cad0eedfc83732ec
all5/Extract_file_extension/[1-1][3-1][4-1][5-1][6-1][7-1].wasm,e6ab04d16caf3952cad0eedfc83732ec
all5/Extract_file_extension/[1-1][3-1][4-1][5-1][7-1].wasm,e6ab04d16caf3952cad0eedfc83732ec
all5/Extract_file_extension/[1-1][3-1][4-1][6-1].wasm,05b7215019c413680992ea70ec24501d
all5/Extract_file_extension/[1-1][3-1][4-1][6-1][7-1].wasm,05b7215019c413680992ea70ec24501d
all5/Extract_file_extension/[1-1][3-1][4-1][7-1].wasm,e6ab04d16caf3952cad0eedfc83732ec
all5/Extract_file_extension/[1-1][3-1][5-1].wasm,e6ab04d16caf3952cad0eedfc83732ec
all5/Extract_file_extension/[1-1][3-1][5-1][6-1].wasm,e6ab04d16caf3952cad0eedfc83732ec
all5/Extract_file_extension/[1-1][3-1][5-1][6-1][7-1].wasm,e6ab04d16caf3952cad0eedfc83732ec
all5/Extract_file_extension/[1-1][3-1][5-1][7-1].wasm,e6ab04d16caf3952cad0eedfc83732ec
all5/Extract_file_extension/[1-1][3-1][6-1].wasm,05b7215019c413680992ea70ec24501d
all5/Extract_file_extension/[1-1][3-1][6-1][7-1].wasm,05b7215019c413680992ea70ec24501d
all5/Extract_file_extension/[1-1][3-1][7-1].wasm,e6ab04d16caf3952cad0eedfc83732ec
all5/Extract_file_extension/[1-1][4-1].wasm,e6ab04d16caf3952cad0eedfc83732ec
all5/Extract_file_extension/[1-1][4-1][5-1].wasm,e6ab04d16caf3952cad0eedfc83732ec
all5/Extract_file_extension/[1-1][4-1][5-1][6-1].wasm,e6ab04d16caf3952cad0eedfc83732ec
all5/Extract_file_extension/[1-1][4-1][5-1][6-1][7-1].wasm,e6ab04d16caf3952cad0eedfc83732ec
all5/Extract_file_extension/[1-1][4-1][5-1][7-1].wasm,e6ab04d16caf3952cad0eedfc83732ec
all5/Extract_file_extension/[1-1][4-1][6-1].wasm,05b7215019c413680992ea70ec24501d
all5/Extract_file_extension/[1-1][4-1][6-1][7-1].wasm,05b7215019c413680992ea70ec24501d
all5/Extract_file_extension/[1-1][4-1][7-1].wasm,e6ab04d16caf3952cad0eedfc83732ec
all5/Extract_file_extension/[1-1][5-1].wasm,e6ab04d16caf3952cad0eedfc83732ec
all5/Extract_file_extension/[1-1][5-1].wasm.~1~,47e60405ebd0a0486ec222e4accf1714
all5/Extract_file_extension/[1-1][5-1][11-1].wasm,47e60405ebd0a0486ec222e4accf1714
all5/Extract_file_extension/[1-1][5-1][6-1].wasm,e6ab04d16caf3952cad0eedfc83732ec
all5/Extract_file_extension/[1-1][5-1][6-1][7-1].wasm,e6ab04d16caf3952cad0eedfc83732ec
all5/Extract_file_extension/[1-1][5-1][7-1].wasm,e6ab04d16caf3952cad0eedfc83732ec
all5/Extract_file_extension/[1-1][5-1][7-1].wasm.~1~,47e60405ebd0a0486ec222e4accf1714
all5/Extract_file_extension/[1-1][5-1][7-1][11-1].wasm,47e60405ebd0a0486ec222e4accf1714
all5/Extract_file_extension/[1-1][5-1][7-1][8-1].wasm,47e60405ebd0a0486ec222e4accf1714
all5/Extract_file_extension/[1-1][5-1][7-1][8-1][11-1].wasm,47e60405ebd0a0486ec222e4accf1714
all5/Extract_file_extension/[1-1][5-1][7-1][8-1][9-1].wasm,47e60405ebd0a0486ec222e4accf1714
all5/Extract_file_extension/[1-1][5-1][7-1][8-1][9-1][11-1].wasm,47e60405ebd0a0486ec222e4accf1714
all5/Extract_file_extension/[1-1][5-1][7-1][9-1].wasm,47e60405ebd0a0486ec222e4accf1714
all5/Extract_file_extension/[1-1][5-1][7-1][9-1][11-1].wasm,47e60405ebd0a0486ec222e4accf1714
all5/Extract_file_extension/[1-1][5-1][8-1].wasm,47e60405ebd0a0486ec222e4accf1714
all5/Extract_file_extension/[1-1][5-1][8-1][11-1].wasm,47e60405ebd0a0486ec222e4accf1714
all5/Extract_file_extension/[1-1][5-1][8-1][9-1].wasm,47e60405ebd0a0486ec222e4accf1714
all5/Extract_file_extension/[1-1][5-1][8-1][9-1][11-1].wasm,47e60405ebd0a0486ec222e4accf1714
all5/Extract_file_extension/[1-1][5-1][9-1].wasm,47e60405ebd0a0486ec222e4accf1714
all5/Extract_file_extension/[1-1][5-1][9-1][11-1].wasm,47e60405ebd0a0486ec222e4accf1714
all5/Extract_file_extension/[1-1][6-1].wasm,05b7215019c413680992ea70ec24501d
all5/Extract_file_extension/[1-1][6-1][7-1].wasm,05b7215019c413680992ea70ec24501d
all5/Extract_file_extension/[1-1][7-1].wasm,e6ab04d16caf3952cad0eedfc83732ec
all5/Extract_file_extension/[1-1][7-1].wasm.~1~,47e60405ebd0a0486ec222e4accf1714
all5/Extract_file_extension/[1-1][7-1][11-1].wasm,47e60405ebd0a0486ec222e4accf1714
all5/Extract_file_extension/[1-1][7-1][8-1].wasm,47e60405ebd0a0486ec222e4accf1714
all5/Extract_file_extension/[1-1][7-1][8-1][11-1].wasm,47e60405ebd0a0486ec222e4accf1714
all5/Extract_file_extension/[1-1][7-1][8-1][9-1].wasm,47e60405ebd0a0486ec222e4accf1714
all5/Extract_file_extension/[1-1][7-1][8-1][9-1][11-1].wasm,47e60405ebd0a0486ec222e4accf1714
all5/Extract_file_extension/[1-1][7-1][9-1].wasm,47e60405ebd0a0486ec222e4accf1714
all5/Extract_file_extension/[1-1][7-1][9-1][11-1].wasm,47e60405ebd0a0486ec222e4accf1714
all5/Extract_file_extension/[1-1][8-1].wasm,47e60405ebd0a0486ec222e4accf1714
all5/Extract_file_extension/[1-1][8-1][11-1].wasm,47e60405ebd0a0486ec222e4accf1714
all5/Extract_file_extension/[1-1][8-1][9-1].wasm,47e60405ebd0a0486ec222e4accf1714
all5/Extract_file_extension/[1-1][8-1][9-1][11-1].wasm,47e60405ebd0a0486ec222e4accf1714
all5/Extract_file_extension/[1-1][9-1].wasm,47e60405ebd0a0486ec222e4accf1714
all5/Extract_file_extension/[1-1][9-1][11-1].wasm,47e60405ebd0a0486ec222e4accf1714
all5/Extract_file_extension/[11-1].wasm,47e60405ebd0a0486ec222e4accf1714
all5/Extract_file_extension/[11-1].wasm.~1~,47e60405ebd0a0486ec222e4accf1714
all5/Extract_file_extension/[2-0].wasm,47e60405ebd0a0486ec222e4accf1714
all5/Extract_file_extension/[2-1].wasm,e6ab04d16caf3952cad0eedfc83732ec
all5/Extract_file_extension/[2-1].wasm.~1~,47e60405ebd0a0486ec222e4accf1714
all5/Extract_file_extension/[2-1].wasm.~2~,47e60405ebd0a0486ec222e4accf1714
all5/Extract_file_extension/[2-1][11-1].wasm,47e60405ebd0a0486ec222e4accf1714
all5/Extract_file_extension/[2-1][11-1].wasm.~1~,47e60405ebd0a0486ec222e4accf1714
all5/Extract_file_extension/[2-1][3-1].wasm,e6ab04d16caf3952cad0eedfc83732ec
all5/Extract_file_extension/[2-1][3-1][4-1].wasm,e6ab04d16caf3952cad0eedfc83732ec
all5/Extract_file_extension/[2-1][3-1][4-1][5-1].wasm,e6ab04d16caf3952cad0eedfc83732ec
all5/Extract_file_extension/[2-1][3-1][4-1][5-1][6-1].wasm,e6ab04d16caf3952cad0eedfc83732ec
all5/Extract_file_extension/[2-1][3-1][4-1][5-1][6-1][7-1].wasm,e6ab04d16caf3952cad0eedfc83732ec
all5/Extract_file_extension/[2-1][3-1][4-1][5-1][7-1].wasm,e6ab04d16caf3952cad0eedfc83732ec
all5/Extract_file_extension/[2-1][3-1][4-1][6-1].wasm,05b7215019c413680992ea70ec24501d
all5/Extract_file_extension/[2-1][3-1][4-1][6-1][7-1].wasm,05b7215019c413680992ea70ec24501d
all5/Extract_file_extension/[2-1][3-1][4-1][7-1].wasm,e6ab04d16caf3952cad0eedfc83732ec
all5/Extract_file_extension/[2-1][3-1][5-1].wasm,e6ab04d16caf3952cad0eedfc83732ec
all5/Extract_file_extension/[2-1][3-1][5-1][6-1].wasm,e6ab04d16caf3952cad0eedfc83732ec
all5/Extract_file_extension/[2-1][3-1][5-1][6-1][7-1].wasm,e6ab04d16caf3952cad0eedfc83732ec
all5/Extract_file_extension/[2-1][3-1][5-1][7-1].wasm,e6ab04d16caf3952cad0eedfc83732ec
all5/Extract_file_extension/[2-1][3-1][6-1].wasm,05b7215019c413680992ea70ec24501d
all5/Extract_file_extension/[2-1][3-1][6-1][7-1].wasm,05b7215019c413680992ea70ec24501d
all5/Extract_file_extension/[2-1][3-1][7-1].wasm,e6ab04d16caf3952cad0eedfc83732ec
all5/Extract_file_extension/[2-1][4-1].wasm,e6ab04d16caf3952cad0eedfc83732ec
all5/Extract_file_extension/[2-1][4-1].wasm.~1~,47e60405ebd0a0486ec222e4accf1714
all5/Extract_file_extension/[2-1][4-1][11-1].wasm,47e60405ebd0a0486ec222e4accf1714
all5/Extract_file_extension/[2-1][4-1][5-1].wasm,e6ab04d16caf3952cad0eedfc83732ec
all5/Extract_file_extension/[2-1][4-1][5-1].wasm.~1~,47e60405ebd0a0486ec222e4accf1714
all5/Extract_file_extension/[2-1][4-1][5-1][11-1].wasm,47e60405ebd0a0486ec222e4accf1714
all5/Extract_file_extension/[2-1][4-1][5-1][6-1].wasm,e6ab04d16caf3952cad0eedfc83732ec
all5/Extract_file_extension/[2-1][4-1][5-1][6-1].wasm.~1~,0a756339e49587d5804989b4edc12b9a
all5/Extract_file_extension/[2-1][4-1][5-1][6-1][11-1].wasm,0a756339e49587d5804989b4edc12b9a
all5/Extract_file_extension/[2-1][4-1][5-1][6-1][7-1].wasm,e6ab04d16caf3952cad0eedfc83732ec
all5/Extract_file_extension/[2-1][4-1][5-1][6-1][7-1].wasm.~1~,0a756339e49587d5804989b4edc12b9a
all5/Extract_file_extension/[2-1][4-1][5-1][6-1][7-1][11-1].wasm,0a756339e49587d5804989b4edc12b9a
all5/Extract_file_extension/[2-1][4-1][5-1][6-1][7-1][8-1].wasm,0a756339e49587d5804989b4edc12b9a
all5/Extract_file_extension/[2-1][4-1][5-1][6-1][7-1][8-1][11-1].wasm,0a756339e49587d5804989b4edc12b9a
all5/Extract_file_extension/[2-1][4-1][5-1][6-1][8-1].wasm,0a756339e49587d5804989b4edc12b9a
all5/Extract_file_extension/[2-1][4-1][5-1][6-1][8-1][11-1].wasm,0a756339e49587d5804989b4edc12b9a
all5/Extract_file_extension/[2-1][4-1][5-1][7-1].wasm,e6ab04d16caf3952cad0eedfc83732ec
all5/Extract_file_extension/[2-1][4-1][5-1][7-1].wasm.~1~,47e60405ebd0a0486ec222e4accf1714
all5/Extract_file_extension/[2-1][4-1][5-1][7-1][11-1].wasm,47e60405ebd0a0486ec222e4accf1714
all5/Extract_file_extension/[2-1][4-1][5-1][7-1][8-1].wasm,47e60405ebd0a0486ec222e4accf1714
all5/Extract_file_extension/[2-1][4-1][5-1][7-1][8-1][11-1].wasm,47e60405ebd0a0486ec222e4accf1714
all5/Extract_file_extension/[2-1][4-1][5-1][8-1].wasm,47e60405ebd0a0486ec222e4accf1714
all5/Extract_file_extension/[2-1][4-1][5-1][8-1][11-1].wasm,47e60405ebd0a0486ec222e4accf1714
all5/Extract_file_extension/[2-1][4-1][6-1].wasm,05b7215019c413680992ea70ec24501d
all5/Extract_file_extension/[2-1][4-1][6-1].wasm.~1~,0a756339e49587d5804989b4edc12b9a
all5/Extract_file_extension/[2-1][4-1][6-1][11-1].wasm,0a756339e49587d5804989b4edc12b9a
all5/Extract_file_extension/[2-1][4-1][6-1][7-1].wasm,05b7215019c413680992ea70ec24501d
all5/Extract_file_extension/[2-1][4-1][6-1][7-1].wasm.~1~,0a756339e49587d5804989b4edc12b9a
all5/Extract_file_extension/[2-1][4-1][6-1][7-1][11-1].wasm,0a756339e49587d5804989b4edc12b9a
all5/Extract_file_extension/[2-1][4-1][6-1][7-1][8-1].wasm,0a756339e49587d5804989b4edc12b9a
all5/Extract_file_extension/[2-1][4-1][6-1][7-1][8-1][11-1].wasm,0a756339e49587d5804989b4edc12b9a
all5/Extract_file_extension/[2-1][4-1][6-1][8-1].wasm,0a756339e49587d5804989b4edc12b9a
all5/Extract_file_extension/[2-1][4-1][6-1][8-1][11-1].wasm,0a756339e49587d5804989b4edc12b9a
all5/Extract_file_extension/[2-1][4-1][7-1].wasm,e6ab04d16caf3952cad0eedfc83732ec
all5/Extract_file_extension/[2-1][4-1][7-1].wasm.~1~,47e60405ebd0a0486ec222e4accf1714
all5/Extract_file_extension/[2-1][4-1][7-1][11-1].wasm,47e60405ebd0a0486ec222e4accf1714
all5/Extract_file_extension/[2-1][4-1][7-1][8-1].wasm,47e60405ebd0a0486ec222e4accf1714
all5/Extract_file_extension/[2-1][4-1][7-1][8-1][11-1].wasm,47e60405ebd0a0486ec222e4accf1714
all5/Extract_file_extension/[2-1][4-1][8-1].wasm,47e60405ebd0a0486ec222e4accf1714
all5/Extract_file_extension/[2-1][4-1][8-1][11-1].wasm,47e60405ebd0a0486ec222e4accf1714
all5/Extract_file_extension/[2-1][5-1].wasm,e6ab04d16caf3952cad0eedfc83732ec
all5/Extract_file_extension/[2-1][5-1].wasm.~1~,47e60405ebd0a0486ec222e4accf1714
all5/Extract_file_extension/[2-1][5-1].wasm.~2~,47e60405ebd0a0486ec222e4accf1714
all5/Extract_file_extension/[2-1][5-1][11-1].wasm,47e60405ebd0a0486ec222e4accf1714
all5/Extract_file_extension/[2-1][5-1][11-1].wasm.~1~,47e60405ebd0a0486ec222e4accf1714
all5/Extract_file_extension/[2-1][5-1][6-1].wasm,e6ab04d16caf3952cad0eedfc83732ec
all5/Extract_file_extension/[2-1][5-1][6-1].wasm.~1~,0a756339e49587d5804989b4edc12b9a
all5/Extract_file_extension/[2-1][5-1][6-1][11-1].wasm,0a756339e49587d5804989b4edc12b9a
all5/Extract_file_extension/[2-1][5-1][6-1][7-1].wasm,e6ab04d16caf3952cad0eedfc83732ec
all5/Extract_file_extension/[2-1][5-1][6-1][7-1].wasm.~1~,0a756339e49587d5804989b4edc12b9a
all5/Extract_file_extension/[2-1][5-1][6-1][7-1][11-1].wasm,0a756339e49587d5804989b4edc12b9a
all5/Extract_file_extension/[2-1][5-1][6-1][7-1][8-1].wasm,0a756339e49587d5804989b4edc12b9a
all5/Extract_file_extension/[2-1][5-1][6-1][7-1][8-1][11-1].wasm,0a756339e49587d5804989b4edc12b9a
all5/Extract_file_extension/[2-1][5-1][6-1][8-1].wasm,0a756339e49587d5804989b4edc12b9a
all5/Extract_file_extension/[2-1][5-1][6-1][8-1][11-1].wasm,0a756339e49587d5804989b4edc12b9a
all5/Extract_file_extension/[2-1][5-1][7-1].wasm,e6ab04d16caf3952cad0eedfc83732ec
all5/Extract_file_extension/[2-1][5-1][7-1].wasm.~1~,47e60405ebd0a0486ec222e4accf1714
all5/Extract_file_extension/[2-1][5-1][7-1].wasm.~2~,47e60405ebd0a0486ec222e4accf1714
all5/Extract_file_extension/[2-1][5-1][7-1][11-1].wasm,47e60405ebd0a0486ec222e4accf1714
all5/Extract_file_extension/[2-1][5-1][7-1][11-1].wasm.~1~,47e60405ebd0a0486ec222e4accf1714
all5/Extract_file_extension/[2-1][5-1][7-1][8-1].wasm,47e60405ebd0a0486ec222e4accf1714
all5/Extract_file_extension/[2-1][5-1][7-1][8-1].wasm.~1~,47e60405ebd0a0486ec222e4accf1714
all5/Extract_file_extension/[2-1][5-1][7-1][8-1][11-1].wasm,47e60405ebd0a0486ec222e4accf1714
all5/Extract_file_extension/[2-1][5-1][7-1][8-1][11-1].wasm.~1~,47e60405ebd0a0486ec222e4accf1714
all5/Extract_file_extension/[2-1][5-1][7-1][8-1][9-1].wasm,47e60405ebd0a0486ec222e4accf1714
all5/Extract_file_extension/[2-1][5-1][7-1][8-1][9-1][11-1].wasm,47e60405ebd0a0486ec222e4accf1714
all5/Extract_file_extension/[2-1][5-1][7-1][9-1].wasm,47e60405ebd0a0486ec222e4accf1714
all5/Extract_file_extension/[2-1][5-1][7-1][9-1][11-1].wasm,47e60405ebd0a0486ec222e4accf1714
all5/Extract_file_extension/[2-1][5-1][8-1].wasm,47e60405ebd0a0486ec222e4accf1714
all5/Extract_file_extension/[2-1][5-1][8-1].wasm.~1~,47e60405ebd0a0486ec222e4accf1714
all5/Extract_file_extension/[2-1][5-1][8-1][11-1].wasm,47e60405ebd0a0486ec222e4accf1714
all5/Extract_file_extension/[2-1][5-1][8-1][11-1].wasm.~1~,47e60405ebd0a0486ec222e4accf1714
all5/Extract_file_extension/[2-1][5-1][8-1][9-1].wasm,47e60405ebd0a0486ec222e4accf1714
all5/Extract_file_extension/[2-1][5-1][8-1][9-1][11-1].wasm,47e60405ebd0a0486ec222e4accf1714
all5/Extract_file_extension/[2-1][5-1][9-1].wasm,47e60405ebd0a0486ec222e4accf1714
all5/Extract_file_extension/[2-1][5-1][9-1][11-1].wasm,47e60405ebd0a0486ec222e4accf1714
all5/Extract_file_extension/[2-1][6-1].wasm,05b7215019c413680992ea70ec24501d
all5/Extract_file_extension/[2-1][6-1].wasm.~1~,0a756339e49587d5804989b4edc12b9a
all5/Extract_file_extension/[2-1][6-1][11-1].wasm,0a756339e49587d5804989b4edc12b9a
all5/Extract_file_extension/[2-1][6-1][7-1].wasm,05b7215019c413680992ea70ec24501d
all5/Extract_file_extension/[2-1][6-1][7-1].wasm.~1~,0a756339e49587d5804989b4edc12b9a
all5/Extract_file_extension/[2-1][6-1][7-1][11-1].wasm,0a756339e49587d5804989b4edc12b9a
all5/Extract_file_extension/[2-1][6-1][7-1][8-1].wasm,0a756339e49587d5804989b4edc12b9a
all5/Extract_file_extension/[2-1][6-1][7-1][8-1][11-1].wasm,0a756339e49587d5804989b4edc12b9a
all5/Extract_file_extension/[2-1][6-1][8-1].wasm,0a756339e49587d5804989b4edc12b9a
all5/Extract_file_extension/[2-1][6-1][8-1][11-1].wasm,0a756339e49587d5804989b4edc12b9a
all5/Extract_file_extension/[2-1][7-1].wasm,e6ab04d16caf3952cad0eedfc83732ec
all5/Extract_file_extension/[2-1][7-1].wasm.~1~,47e60405ebd0a0486ec222e4accf1714
all5/Extract_file_extension/[2-1][7-1].wasm.~2~,47e60405ebd0a0486ec222e4accf1714
all5/Extract_file_extension/[2-1][7-1][11-1].wasm,47e60405ebd0a0486ec222e4accf1714
all5/Extract_file_extension/[2-1][7-1][11-1].wasm.~1~,47e60405ebd0a0486ec222e4accf1714
all5/Extract_file_extension/[2-1][7-1][8-1].wasm,47e60405ebd0a0486ec222e4accf1714
all5/Extract_file_extension/[2-1][7-1][8-1].wasm.~1~,47e60405ebd0a0486ec222e4accf1714
all5/Extract_file_extension/[2-1][7-1][8-1][11-1].wasm,47e60405ebd0a0486ec222e4accf1714
all5/Extract_file_extension/[2-1][7-1][8-1][11-1].wasm.~1~,47e60405ebd0a0486ec222e4accf1714
all5/Extract_file_extension/[2-1][7-1][8-1][9-1].wasm,47e60405ebd0a0486ec222e4accf1714
all5/Extract_file_extension/[2-1][7-1][8-1][9-1][11-1].wasm,47e60405ebd0a0486ec222e4accf1714
all5/Extract_file_extension/[2-1][7-1][9-1].wasm,47e60405ebd0a0486ec222e4accf1714
all5/Extract_file_extension/[2-1][7-1][9-1][11-1].wasm,47e60405ebd0a0486ec222e4accf1714
all5/Extract_file_extension/[2-1][8-1].wasm,47e60405ebd0a0486ec222e4accf1714
all5/Extract_file_extension/[2-1][8-1].wasm.~1~,47e60405ebd0a0486ec222e4accf1714
all5/Extract_file_extension/[2-1][8-1][11-1].wasm,47e60405ebd0a0486ec222e4accf1714
all5/Extract_file_extension/[2-1][8-1][11-1].wasm.~1~,47e60405ebd0a0486ec222e4accf1714
all5/Extract_file_extension/[2-1][8-1][9-1].wasm,47e60405ebd0a0486ec222e4accf1714
all5/Extract_file_extension/[2-1][8-1][9-1][11-1].wasm,47e60405ebd0a0486ec222e4accf1714
all5/Extract_file_extension/[2-1][9-1].wasm,47e60405ebd0a0486ec222e4accf1714
all5/Extract_file_extension/[2-1][9-1][11-1].wasm,47e60405ebd0a0486ec222e4accf1714
all5/Extract_file_extension/[3-1].wasm,e6ab04d16caf3952cad0eedfc83732ec
all5/Extract_file_extension/[3-1][4-1].wasm,e6ab04d16caf3952cad0eedfc83732ec
all5/Extract_file_extension/[3-1][4-1][5-1].wasm,e6ab04d16caf3952cad0eedfc83732ec
all5/Extract_file_extension/[3-1][4-1][5-1][6-1].wasm,e6ab04d16caf3952cad0eedfc83732ec
all5/Extract_file_extension/[3-1][4-1][5-1][6-1][7-1].wasm,e6ab04d16caf3952cad0eedfc83732ec
all5/Extract_file_extension/[3-1][4-1][5-1][7-1].wasm,e6ab04d16caf3952cad0eedfc83732ec
all5/Extract_file_extension/[3-1][4-1][6-1].wasm,05b7215019c413680992ea70ec24501d
all5/Extract_file_extension/[3-1][4-1][6-1][7-1].wasm,05b7215019c413680992ea70ec24501d
all5/Extract_file_extension/[3-1][4-1][7-1].wasm,e6ab04d16caf3952cad0eedfc83732ec
all5/Extract_file_extension/[3-1][5-1].wasm,e6ab04d16caf3952cad0eedfc83732ec
all5/Extract_file_extension/[3-1][5-1][6-1].wasm,e6ab04d16caf3952cad0eedfc83732ec
all5/Extract_file_extension/[3-1][5-1][6-1][7-1].wasm,e6ab04d16caf3952cad0eedfc83732ec
all5/Extract_file_extension/[3-1][5-1][7-1].wasm,e6ab04d16caf3952cad0eedfc83732ec
all5/Extract_file_extension/[3-1][6-1].wasm,05b7215019c413680992ea70ec24501d
all5/Extract_file_extension/[3-1][6-1][7-1].wasm,e6ab04d16caf3952cad0eedfc83732ec
all5/Extract_file_extension/[3-1][7-1].wasm,e6ab04d16caf3952cad0eedfc83732ec
all5/Extract_file_extension/[4-1].wasm,e6ab04d16caf3952cad0eedfc83732ec
all5/Extract_file_extension/[4-1].wasm.~1~,47e60405ebd0a0486ec222e4accf1714
all5/Extract_file_extension/[4-1][11-1].wasm,47e60405ebd0a0486ec222e4accf1714
all5/Extract_file_extension/[4-1][5-1].wasm,e6ab04d16caf3952cad0eedfc83732ec
all5/Extract_file_extension/[4-1][5-1].wasm.~1~,47e60405ebd0a0486ec222e4accf1714
all5/Extract_file_extension/[4-1][5-1][11-1].wasm,47e60405ebd0a0486ec222e4accf1714
all5/Extract_file_extension/[4-1][5-1][6-1].wasm,e6ab04d16caf3952cad0eedfc83732ec
all5/Extract_file_extension/[4-1][5-1][6-1].wasm.~1~,0a756339e49587d5804989b4edc12b9a
all5/Extract_file_extension/[4-1][5-1][6-1][11-1].wasm,0a756339e49587d5804989b4edc12b9a
all5/Extract_file_extension/[4-1][5-1][6-1][7-1].wasm,e6ab04d16caf3952cad0eedfc83732ec
all5/Extract_file_extension/[4-1][5-1][6-1][7-1].wasm.~1~,0a756339e49587d5804989b4edc12b9a
all5/Extract_file_extension/[4-1][5-1][6-1][7-1][11-1].wasm,0a756339e49587d5804989b4edc12b9a
all5/Extract_file_extension/[4-1][5-1][6-1][7-1][8-1].wasm,0a756339e49587d5804989b4edc12b9a
all5/Extract_file_extension/[4-1][5-1][6-1][7-1][8-1][11-1].wasm,0a756339e49587d5804989b4edc12b9a
all5/Extract_file_extension/[4-1][5-1][6-1][8-1].wasm,0a756339e49587d5804989b4edc12b9a
all5/Extract_file_extension/[4-1][5-1][6-1][8-1][11-1].wasm,0a756339e49587d5804989b4edc12b9a
all5/Extract_file_extension/[4-1][5-1][7-1].wasm,e6ab04d16caf3952cad0eedfc83732ec
all5/Extract_file_extension/[4-1][5-1][7-1].wasm.~1~,47e60405ebd0a0486ec222e4accf1714
all5/Extract_file_extension/[4-1][5-1][7-1][11-1].wasm,47e60405ebd0a0486ec222e4accf1714
all5/Extract_file_extension/[4-1][5-1][7-1][8-1].wasm,47e60405ebd0a0486ec222e4accf1714
all5/Extract_file_extension/[4-1][5-1][7-1][8-1][11-1].wasm,47e60405ebd0a0486ec222e4accf1714
all5/Extract_file_extension/[4-1][5-1][8-1].wasm,47e60405ebd0a0486ec222e4accf1714
all5/Extract_file_extension/[4-1][5-1][8-1][11-1].wasm,47e60405ebd0a0486ec222e4accf1714
all5/Extract_file_extension/[4-1][6-1].wasm,05b7215019c413680992ea70ec24501d
all5/Extract_file_extension/[4-1][6-1].wasm.~1~,0a756339e49587d5804989b4edc12b9a
all5/Extract_file_extension/[4-1][6-1][11-1].wasm,0a756339e49587d5804989b4edc12b9a
all5/Extract_file_extension/[4-1][6-1][7-1].wasm,05b7215019c413680992ea70ec24501d
all5/Extract_file_extension/[4-1][6-1][7-1].wasm.~1~,0a756339e49587d5804989b4edc12b9a
all5/Extract_file_extension/[4-1][6-1][7-1][11-1].wasm,0a756339e49587d5804989b4edc12b9a
all5/Extract_file_extension/[4-1][6-1][7-1][8-1].wasm,0a756339e49587d5804989b4edc12b9a
all5/Extract_file_extension/[4-1][6-1][7-1][8-1][11-1].wasm,0a756339e49587d5804989b4edc12b9a
all5/Extract_file_extension/[4-1][6-1][8-1].wasm,0a756339e49587d5804989b4edc12b9a
all5/Extract_file_extension/[4-1][6-1][8-1][11-1].wasm,0a756339e49587d5804989b4edc12b9a
all5/Extract_file_extension/[4-1][7-1].wasm,e6ab04d16caf3952cad0eedfc83732ec
all5/Extract_file_extension/[4-1][7-1].wasm.~1~,47e60405ebd0a0486ec222e4accf1714
all5/Extract_file_extension/[4-1][7-1][11-1].wasm,47e60405ebd0a0486ec222e4accf1714
all5/Extract_file_extension/[4-1][7-1][8-1].wasm,47e60405ebd0a0486ec222e4accf1714
all5/Extract_file_extension/[4-1][7-1][8-1][11-1].wasm,47e60405ebd0a0486ec222e4accf1714
all5/Extract_file_extension/[4-1][8-1].wasm,47e60405ebd0a0486ec222e4accf1714
all5/Extract_file_extension/[4-1][8-1][11-1].wasm,47e60405ebd0a0486ec222e4accf1714
all5/Extract_file_extension/[5-1].wasm,e6ab04d16caf3952cad0eedfc83732ec
all5/Extract_file_extension/[5-1].wasm.~1~,47e60405ebd0a0486ec222e4accf1714
all5/Extract_file_extension/[5-1].wasm.~2~,47e60405ebd0a0486ec222e4accf1714
all5/Extract_file_extension/[5-1][11-1].wasm,47e60405ebd0a0486ec222e4accf1714
all5/Extract_file_extension/[5-1][11-1].wasm.~1~,47e60405ebd0a0486ec222e4accf1714
all5/Extract_file_extension/[5-1][6-1].wasm,e6ab04d16caf3952cad0eedfc83732ec
all5/Extract_file_extension/[5-1][6-1].wasm.~1~,0a756339e49587d5804989b4edc12b9a
all5/Extract_file_extension/[5-1][6-1][11-1].wasm,0a756339e49587d5804989b4edc12b9a
all5/Extract_file_extension/[5-1][6-1][7-1].wasm,e6ab04d16caf3952cad0eedfc83732ec
all5/Extract_file_extension/[5-1][6-1][7-1].wasm.~1~,0a756339e49587d5804989b4edc12b9a
all5/Extract_file_extension/[5-1][6-1][7-1][11-1].wasm,0a756339e49587d5804989b4edc12b9a
all5/Extract_file_extension/[5-1][6-1][7-1][8-1].wasm,0a756339e49587d5804989b4edc12b9a
all5/Extract_file_extension/[5-1][6-1][7-1][8-1][11-1].wasm,0a756339e49587d5804989b4edc12b9a
all5/Extract_file_extension/[5-1][6-1][8-1].wasm,0a756339e49587d5804989b4edc12b9a
all5/Extract_file_extension/[5-1][6-1][8-1][11-1].wasm,0a756339e49587d5804989b4edc12b9a
all5/Extract_file_extension/[5-1][7-1].wasm,e6ab04d16caf3952cad0eedfc83732ec
all5/Extract_file_extension/[5-1][7-1].wasm.~1~,47e60405ebd0a0486ec222e4accf1714
all5/Extract_file_extension/[5-1][7-1].wasm.~2~,47e60405ebd0a0486ec222e4accf1714
all5/Extract_file_extension/[5-1][7-1][11-1].wasm,47e60405ebd0a0486ec222e4accf1714
all5/Extract_file_extension/[5-1][7-1][11-1].wasm.~1~,47e60405ebd0a0486ec222e4accf1714
all5/Extract_file_extension/[5-1][7-1][8-1].wasm,47e60405ebd0a0486ec222e4accf1714
all5/Extract_file_extension/[5-1][7-1][8-1].wasm.~1~,47e60405ebd0a0486ec222e4accf1714
all5/Extract_file_extension/[5-1][7-1][8-1][11-1].wasm,47e60405ebd0a0486ec222e4accf1714
all5/Extract_file_extension/[5-1][7-1][8-1][11-1].wasm.~1~,47e60405ebd0a0486ec222e4accf1714
all5/Extract_file_extension/[5-1][7-1][8-1][9-1].wasm,47e60405ebd0a0486ec222e4accf1714
all5/Extract_file_extension/[5-1][7-1][8-1][9-1][11-1].wasm,47e60405ebd0a0486ec222e4accf1714
all5/Extract_file_extension/[5-1][7-1][9-1].wasm,47e60405ebd0a0486ec222e4accf1714
all5/Extract_file_extension/[5-1][7-1][9-1][11-1].wasm,47e60405ebd0a0486ec222e4accf1714
all5/Extract_file_extension/[5-1][8-1].wasm,47e60405ebd0a0486ec222e4accf1714
all5/Extract_file_extension/[5-1][8-1].wasm.~1~,47e60405ebd0a0486ec222e4accf1714
all5/Extract_file_extension/[5-1][8-1][11-1].wasm,47e60405ebd0a0486ec222e4accf1714
all5/Extract_file_extension/[5-1][8-1][11-1].wasm.~1~,47e60405ebd0a0486ec222e4accf1714
all5/Extract_file_extension/[5-1][8-1][9-1].wasm,47e60405ebd0a0486ec222e4accf1714
all5/Extract_file_extension/[5-1][8-1][9-1][11-1].wasm,47e60405ebd0a0486ec222e4accf1714
all5/Extract_file_extension/[5-1][9-1].wasm,47e60405ebd0a0486ec222e4accf1714
all5/Extract_file_extension/[5-1][9-1][11-1].wasm,47e60405ebd0a0486ec222e4accf1714
all5/Extract_file_extension/[6-1].wasm,05b7215019c413680992ea70ec24501d
all5/Extract_file_extension/[6-1].wasm.~1~,0a756339e49587d5804989b4edc12b9a
all5/Extract_file_extension/[6-1][11-1].wasm,0a756339e49587d5804989b4edc12b9a
all5/Extract_file_extension/[6-1][7-1].wasm,05b7215019c413680992ea70ec24501d
all5/Extract_file_extension/[6-1][7-1].wasm.~1~,0a756339e49587d5804989b4edc12b9a
all5/Extract_file_extension/[6-1][7-1][11-1].wasm,0a756339e49587d5804989b4edc12b9a
all5/Extract_file_extension/[6-1][7-1][8-1].wasm,0a756339e49587d5804989b4edc12b9a
all5/Extract_file_extension/[6-1][7-1][8-1][11-1].wasm,0a756339e49587d5804989b4edc12b9a
all5/Extract_file_extension/[6-1][8-1].wasm,0a756339e49587d5804989b4edc12b9a
all5/Extract_file_extension/[6-1][8-1][11-1].wasm,0a756339e49587d5804989b4edc12b9a
all5/Extract_file_extension/[7-1].wasm,e6ab04d16caf3952cad0eedfc83732ec
all5/Extract_file_extension/[7-1].wasm.~1~,47e60405ebd0a0486ec222e4accf1714
all5/Extract_file_extension/[7-1].wasm.~2~,47e60405ebd0a0486ec222e4accf1714
all5/Extract_file_extension/[7-1][11-1].wasm,47e60405ebd0a0486ec222e4accf1714
all5/Extract_file_extension/[7-1][11-1].wasm.~1~,47e60405ebd0a0486ec222e4accf1714
all5/Extract_file_extension/[7-1][8-1].wasm,47e60405ebd0a0486ec222e4accf1714
all5/Extract_file_extension/[7-1][8-1].wasm.~1~,47e60405ebd0a0486ec222e4accf1714
all5/Extract_file_extension/[7-1][8-1][11-1].wasm,47e60405ebd0a0486ec222e4accf1714
all5/Extract_file_extension/[7-1][8-1][11-1].wasm.~1~,47e60405ebd0a0486ec222e4accf1714
all5/Extract_file_extension/[7-1][8-1][9-1].wasm,47e60405ebd0a0486ec222e4accf1714
all5/Extract_file_extension/[7-1][8-1][9-1][11-1].wasm,47e60405ebd0a0486ec222e4accf1714
all5/Extract_file_extension/[7-1][9-1].wasm,47e60405ebd0a0486ec222e4accf1714
all5/Extract_file_extension/[7-1][9-1][11-1].wasm,47e60405ebd0a0486ec222e4accf1714
all5/Extract_file_extension/[8-1].wasm,47e60405ebd0a0486ec222e4accf1714
all5/Extract_file_extension/[8-1].wasm.~1~,47e60405ebd0a0486ec222e4accf1714
all5/Extract_file_extension/[8-1][11-1].wasm,47e60405ebd0a0486ec222e4accf1714
all5/Extract_file_extension/[8-1][11-1].wasm.~1~,47e60405ebd0a0486ec222e4accf1714
all5/Extract_file_extension/[8-1][9-1].wasm,47e60405ebd0a0486ec222e4accf1714
all5/Extract_file_extension/[8-1][9-1][11-1].wasm,47e60405ebd0a0486ec222e4accf1714
all5/Extract_file_extension/[9-1].wasm,47e60405ebd0a0486ec222e4accf1714
all5/Extract_file_extension/[9-1][11-1].wasm,47e60405ebd0a0486ec222e4accf1714
