name, hash
all5/Extreme_floating_point_values/Extreme_floating_point_values.wasm,7dbf63edda0899cf1c19d981c86b5f03
all5/Extreme_floating_point_values/Extreme_floating_point_values.wasm.~1~,7dbf63edda0899cf1c19d981c86b5f03
all5/Extreme_floating_point_values/Extreme_floating_point_values.wasm.~2~,604f46e3db68a5bf6af98772b87d63a6
all5/Extreme_floating_point_values/[0-1].wasm,7dbf63edda0899cf1c19d981c86b5f03
all5/Extreme_floating_point_values/[0-1][1-1].wasm,7dbf63edda0899cf1c19d981c86b5f03
all5/Extreme_floating_point_values/[0-1][1-1][2-1].wasm,7dbf63edda0899cf1c19d981c86b5f03
all5/Extreme_floating_point_values/[0-1][1-1][2-1][3-1].wasm,7dbf63edda0899cf1c19d981c86b5f03
all5/Extreme_floating_point_values/[0-1][1-1][2-1][3-1][4-1].wasm,7dbf63edda0899cf1c19d981c86b5f03
all5/Extreme_floating_point_values/[0-1][1-1][2-1][3-1][4-1][5-1].wasm,7dbf63edda0899cf1c19d981c86b5f03
all5/Extreme_floating_point_values/[0-1][1-1][2-1][3-1][5-1].wasm,7dbf63edda0899cf1c19d981c86b5f03
all5/Extreme_floating_point_values/[0-1][1-1][2-1][4-1].wasm,7dbf63edda0899cf1c19d981c86b5f03
all5/Extreme_floating_point_values/[0-1][1-1][2-1][4-1][5-1].wasm,7dbf63edda0899cf1c19d981c86b5f03
all5/Extreme_floating_point_values/[0-1][1-1][2-1][5-1].wasm,7dbf63edda0899cf1c19d981c86b5f03
all5/Extreme_floating_point_values/[0-1][1-1][3-1].wasm,7dbf63edda0899cf1c19d981c86b5f03
all5/Extreme_floating_point_values/[0-1][1-1][3-1][4-1].wasm,7dbf63edda0899cf1c19d981c86b5f03
all5/Extreme_floating_point_values/[0-1][1-1][3-1][4-1][5-1].wasm,7dbf63edda0899cf1c19d981c86b5f03
all5/Extreme_floating_point_values/[0-1][1-1][3-1][5-1].wasm,7dbf63edda0899cf1c19d981c86b5f03
all5/Extreme_floating_point_values/[0-1][1-1][4-1].wasm,7dbf63edda0899cf1c19d981c86b5f03
all5/Extreme_floating_point_values/[0-1][1-1][4-1][5-1].wasm,7dbf63edda0899cf1c19d981c86b5f03
all5/Extreme_floating_point_values/[0-1][1-1][5-1].wasm,7dbf63edda0899cf1c19d981c86b5f03
all5/Extreme_floating_point_values/[0-1][1-2].wasm,7dbf63edda0899cf1c19d981c86b5f03
all5/Extreme_floating_point_values/[0-1][1-2][2-1].wasm,7dbf63edda0899cf1c19d981c86b5f03
all5/Extreme_floating_point_values/[0-1][1-2][2-1][3-1].wasm,7dbf63edda0899cf1c19d981c86b5f03
all5/Extreme_floating_point_values/[0-1][1-2][2-1][3-1][4-1].wasm,7dbf63edda0899cf1c19d981c86b5f03
all5/Extreme_floating_point_values/[0-1][1-2][2-1][3-1][4-1][5-1].wasm,7dbf63edda0899cf1c19d981c86b5f03
all5/Extreme_floating_point_values/[0-1][1-2][2-1][3-1][5-1].wasm,7dbf63edda0899cf1c19d981c86b5f03
all5/Extreme_floating_point_values/[0-1][1-2][2-1][4-1].wasm,7dbf63edda0899cf1c19d981c86b5f03
all5/Extreme_floating_point_values/[0-1][1-2][2-1][4-1][5-1].wasm,7dbf63edda0899cf1c19d981c86b5f03
all5/Extreme_floating_point_values/[0-1][1-2][2-1][5-1].wasm,7dbf63edda0899cf1c19d981c86b5f03
all5/Extreme_floating_point_values/[0-1][1-2][3-1].wasm,7dbf63edda0899cf1c19d981c86b5f03
all5/Extreme_floating_point_values/[0-1][1-2][3-1][4-1].wasm,7dbf63edda0899cf1c19d981c86b5f03
all5/Extreme_floating_point_values/[0-1][1-2][3-1][4-1][5-1].wasm,7dbf63edda0899cf1c19d981c86b5f03
all5/Extreme_floating_point_values/[0-1][1-2][3-1][5-1].wasm,7dbf63edda0899cf1c19d981c86b5f03
all5/Extreme_floating_point_values/[0-1][1-2][4-1].wasm,7dbf63edda0899cf1c19d981c86b5f03
all5/Extreme_floating_point_values/[0-1][1-2][4-1][5-1].wasm,7dbf63edda0899cf1c19d981c86b5f03
all5/Extreme_floating_point_values/[0-1][1-2][5-1].wasm,7dbf63edda0899cf1c19d981c86b5f03
all5/Extreme_floating_point_values/[0-1][1-3].wasm,7dbf63edda0899cf1c19d981c86b5f03
all5/Extreme_floating_point_values/[0-1][1-3][2-1].wasm,7dbf63edda0899cf1c19d981c86b5f03
all5/Extreme_floating_point_values/[0-1][1-3][2-1][3-1].wasm,7dbf63edda0899cf1c19d981c86b5f03
all5/Extreme_floating_point_values/[0-1][1-3][2-1][3-1][4-1].wasm,7dbf63edda0899cf1c19d981c86b5f03
all5/Extreme_floating_point_values/[0-1][1-3][2-1][3-1][4-1][5-1].wasm,7dbf63edda0899cf1c19d981c86b5f03
all5/Extreme_floating_point_values/[0-1][1-3][2-1][3-1][5-1].wasm,7dbf63edda0899cf1c19d981c86b5f03
all5/Extreme_floating_point_values/[0-1][1-3][2-1][4-1].wasm,7dbf63edda0899cf1c19d981c86b5f03
all5/Extreme_floating_point_values/[0-1][1-3][2-1][4-1][5-1].wasm,7dbf63edda0899cf1c19d981c86b5f03
all5/Extreme_floating_point_values/[0-1][1-3][2-1][5-1].wasm,7dbf63edda0899cf1c19d981c86b5f03
all5/Extreme_floating_point_values/[0-1][1-3][3-1].wasm,7dbf63edda0899cf1c19d981c86b5f03
all5/Extreme_floating_point_values/[0-1][1-3][3-1][4-1].wasm,7dbf63edda0899cf1c19d981c86b5f03
all5/Extreme_floating_point_values/[0-1][1-3][3-1][4-1][5-1].wasm,7dbf63edda0899cf1c19d981c86b5f03
all5/Extreme_floating_point_values/[0-1][1-3][3-1][5-1].wasm,7dbf63edda0899cf1c19d981c86b5f03
all5/Extreme_floating_point_values/[0-1][1-3][4-1].wasm,7dbf63edda0899cf1c19d981c86b5f03
all5/Extreme_floating_point_values/[0-1][1-3][4-1][5-1].wasm,7dbf63edda0899cf1c19d981c86b5f03
all5/Extreme_floating_point_values/[0-1][1-3][5-1].wasm,7dbf63edda0899cf1c19d981c86b5f03
all5/Extreme_floating_point_values/[0-1][1-4].wasm,7dbf63edda0899cf1c19d981c86b5f03
all5/Extreme_floating_point_values/[0-1][1-4][2-1].wasm,7dbf63edda0899cf1c19d981c86b5f03
all5/Extreme_floating_point_values/[0-1][1-4][2-1][3-1].wasm,7dbf63edda0899cf1c19d981c86b5f03
all5/Extreme_floating_point_values/[0-1][1-4][2-1][3-1][4-1].wasm,7dbf63edda0899cf1c19d981c86b5f03
all5/Extreme_floating_point_values/[0-1][1-4][2-1][3-1][4-1][5-1].wasm,7dbf63edda0899cf1c19d981c86b5f03
all5/Extreme_floating_point_values/[0-1][1-4][2-1][3-1][5-1].wasm,7dbf63edda0899cf1c19d981c86b5f03
all5/Extreme_floating_point_values/[0-1][1-4][2-1][4-1].wasm,7dbf63edda0899cf1c19d981c86b5f03
all5/Extreme_floating_point_values/[0-1][1-4][2-1][4-1][5-1].wasm,7dbf63edda0899cf1c19d981c86b5f03
all5/Extreme_floating_point_values/[0-1][1-4][2-1][5-1].wasm,7dbf63edda0899cf1c19d981c86b5f03
all5/Extreme_floating_point_values/[0-1][1-4][3-1].wasm,7dbf63edda0899cf1c19d981c86b5f03
all5/Extreme_floating_point_values/[0-1][1-4][3-1][4-1].wasm,7dbf63edda0899cf1c19d981c86b5f03
all5/Extreme_floating_point_values/[0-1][1-4][3-1][4-1][5-1].wasm,7dbf63edda0899cf1c19d981c86b5f03
all5/Extreme_floating_point_values/[0-1][1-4][3-1][5-1].wasm,7dbf63edda0899cf1c19d981c86b5f03
all5/Extreme_floating_point_values/[0-1][1-4][4-1].wasm,7dbf63edda0899cf1c19d981c86b5f03
all5/Extreme_floating_point_values/[0-1][1-4][4-1][5-1].wasm,7dbf63edda0899cf1c19d981c86b5f03
all5/Extreme_floating_point_values/[0-1][1-4][5-1].wasm,7dbf63edda0899cf1c19d981c86b5f03
all5/Extreme_floating_point_values/[0-1][1-5].wasm,7dbf63edda0899cf1c19d981c86b5f03
all5/Extreme_floating_point_values/[0-1][1-5][2-1].wasm,7dbf63edda0899cf1c19d981c86b5f03
all5/Extreme_floating_point_values/[0-1][1-5][2-1][3-1].wasm,7dbf63edda0899cf1c19d981c86b5f03
all5/Extreme_floating_point_values/[0-1][1-5][2-1][3-1][4-1].wasm,7dbf63edda0899cf1c19d981c86b5f03
all5/Extreme_floating_point_values/[0-1][1-5][2-1][3-1][4-1][5-1].wasm,7dbf63edda0899cf1c19d981c86b5f03
all5/Extreme_floating_point_values/[0-1][1-5][2-1][3-1][5-1].wasm,7dbf63edda0899cf1c19d981c86b5f03
all5/Extreme_floating_point_values/[0-1][1-5][2-1][4-1].wasm,7dbf63edda0899cf1c19d981c86b5f03
all5/Extreme_floating_point_values/[0-1][1-5][2-1][4-1][5-1].wasm,7dbf63edda0899cf1c19d981c86b5f03
all5/Extreme_floating_point_values/[0-1][1-5][2-1][5-1].wasm,7dbf63edda0899cf1c19d981c86b5f03
all5/Extreme_floating_point_values/[0-1][1-5][3-1].wasm,7dbf63edda0899cf1c19d981c86b5f03
all5/Extreme_floating_point_values/[0-1][1-5][3-1][4-1].wasm,7dbf63edda0899cf1c19d981c86b5f03
all5/Extreme_floating_point_values/[0-1][1-5][3-1][4-1][5-1].wasm,7dbf63edda0899cf1c19d981c86b5f03
all5/Extreme_floating_point_values/[0-1][1-5][3-1][5-1].wasm,7dbf63edda0899cf1c19d981c86b5f03
all5/Extreme_floating_point_values/[0-1][1-5][4-1].wasm,7dbf63edda0899cf1c19d981c86b5f03
all5/Extreme_floating_point_values/[0-1][1-5][4-1][5-1].wasm,7dbf63edda0899cf1c19d981c86b5f03
all5/Extreme_floating_point_values/[0-1][1-5][5-1].wasm,7dbf63edda0899cf1c19d981c86b5f03
all5/Extreme_floating_point_values/[0-1][2-1].wasm,7dbf63edda0899cf1c19d981c86b5f03
all5/Extreme_floating_point_values/[0-1][2-1][3-1].wasm,7dbf63edda0899cf1c19d981c86b5f03
all5/Extreme_floating_point_values/[0-1][2-1][3-1][4-1].wasm,7dbf63edda0899cf1c19d981c86b5f03
all5/Extreme_floating_point_values/[0-1][2-1][3-1][4-1][5-1].wasm,7dbf63edda0899cf1c19d981c86b5f03
all5/Extreme_floating_point_values/[0-1][2-1][3-1][5-1].wasm,7dbf63edda0899cf1c19d981c86b5f03
all5/Extreme_floating_point_values/[0-1][2-1][4-1].wasm,7dbf63edda0899cf1c19d981c86b5f03
all5/Extreme_floating_point_values/[0-1][2-1][4-1][5-1].wasm,7dbf63edda0899cf1c19d981c86b5f03
all5/Extreme_floating_point_values/[0-1][2-1][5-1].wasm,7dbf63edda0899cf1c19d981c86b5f03
all5/Extreme_floating_point_values/[0-1][3-1].wasm,7dbf63edda0899cf1c19d981c86b5f03
all5/Extreme_floating_point_values/[0-1][3-1][4-1].wasm,7dbf63edda0899cf1c19d981c86b5f03
all5/Extreme_floating_point_values/[0-1][3-1][4-1][5-1].wasm,7dbf63edda0899cf1c19d981c86b5f03
all5/Extreme_floating_point_values/[0-1][3-1][5-1].wasm,7dbf63edda0899cf1c19d981c86b5f03
all5/Extreme_floating_point_values/[0-1][4-1].wasm,7dbf63edda0899cf1c19d981c86b5f03
all5/Extreme_floating_point_values/[0-1][4-1][5-1].wasm,7dbf63edda0899cf1c19d981c86b5f03
all5/Extreme_floating_point_values/[0-1][5-1].wasm,7dbf63edda0899cf1c19d981c86b5f03
all5/Extreme_floating_point_values/[1-1].wasm,7dbf63edda0899cf1c19d981c86b5f03
all5/Extreme_floating_point_values/[1-1][2-1].wasm,7dbf63edda0899cf1c19d981c86b5f03
all5/Extreme_floating_point_values/[1-1][2-1][3-1].wasm,7dbf63edda0899cf1c19d981c86b5f03
all5/Extreme_floating_point_values/[1-1][2-1][3-1][4-1].wasm,7dbf63edda0899cf1c19d981c86b5f03
all5/Extreme_floating_point_values/[1-1][2-1][3-1][4-1][5-1].wasm,7dbf63edda0899cf1c19d981c86b5f03
all5/Extreme_floating_point_values/[1-1][2-1][3-1][5-1].wasm,7dbf63edda0899cf1c19d981c86b5f03
all5/Extreme_floating_point_values/[1-1][2-1][4-1].wasm,7dbf63edda0899cf1c19d981c86b5f03
all5/Extreme_floating_point_values/[1-1][2-1][4-1][5-1].wasm,7dbf63edda0899cf1c19d981c86b5f03
all5/Extreme_floating_point_values/[1-1][2-1][5-1].wasm,7dbf63edda0899cf1c19d981c86b5f03
all5/Extreme_floating_point_values/[1-1][3-1].wasm,7dbf63edda0899cf1c19d981c86b5f03
all5/Extreme_floating_point_values/[1-1][3-1][4-1].wasm,7dbf63edda0899cf1c19d981c86b5f03
all5/Extreme_floating_point_values/[1-1][3-1][4-1][5-1].wasm,7dbf63edda0899cf1c19d981c86b5f03
all5/Extreme_floating_point_values/[1-1][3-1][5-1].wasm,7dbf63edda0899cf1c19d981c86b5f03
all5/Extreme_floating_point_values/[1-1][4-1].wasm,7dbf63edda0899cf1c19d981c86b5f03
all5/Extreme_floating_point_values/[1-1][4-1][5-1].wasm,7dbf63edda0899cf1c19d981c86b5f03
all5/Extreme_floating_point_values/[1-1][5-1].wasm,7dbf63edda0899cf1c19d981c86b5f03
all5/Extreme_floating_point_values/[1-2].wasm,7dbf63edda0899cf1c19d981c86b5f03
all5/Extreme_floating_point_values/[1-2][2-1].wasm,7dbf63edda0899cf1c19d981c86b5f03
all5/Extreme_floating_point_values/[1-2][2-1][3-1].wasm,7dbf63edda0899cf1c19d981c86b5f03
all5/Extreme_floating_point_values/[1-2][2-1][3-1][4-1].wasm,7dbf63edda0899cf1c19d981c86b5f03
all5/Extreme_floating_point_values/[1-2][2-1][3-1][4-1][5-1].wasm,7dbf63edda0899cf1c19d981c86b5f03
all5/Extreme_floating_point_values/[1-2][2-1][3-1][5-1].wasm,7dbf63edda0899cf1c19d981c86b5f03
all5/Extreme_floating_point_values/[1-2][2-1][4-1].wasm,7dbf63edda0899cf1c19d981c86b5f03
all5/Extreme_floating_point_values/[1-2][2-1][4-1][5-1].wasm,7dbf63edda0899cf1c19d981c86b5f03
all5/Extreme_floating_point_values/[1-2][2-1][5-1].wasm,7dbf63edda0899cf1c19d981c86b5f03
all5/Extreme_floating_point_values/[1-2][3-1].wasm,7dbf63edda0899cf1c19d981c86b5f03
all5/Extreme_floating_point_values/[1-2][3-1][4-1].wasm,7dbf63edda0899cf1c19d981c86b5f03
all5/Extreme_floating_point_values/[1-2][3-1][4-1][5-1].wasm,7dbf63edda0899cf1c19d981c86b5f03
all5/Extreme_floating_point_values/[1-2][3-1][5-1].wasm,7dbf63edda0899cf1c19d981c86b5f03
all5/Extreme_floating_point_values/[1-2][4-1].wasm,7dbf63edda0899cf1c19d981c86b5f03
all5/Extreme_floating_point_values/[1-2][4-1][5-1].wasm,7dbf63edda0899cf1c19d981c86b5f03
all5/Extreme_floating_point_values/[1-2][5-1].wasm,7dbf63edda0899cf1c19d981c86b5f03
all5/Extreme_floating_point_values/[1-3].wasm,7dbf63edda0899cf1c19d981c86b5f03
all5/Extreme_floating_point_values/[1-3][2-1].wasm,7dbf63edda0899cf1c19d981c86b5f03
all5/Extreme_floating_point_values/[1-3][2-1][3-1].wasm,7dbf63edda0899cf1c19d981c86b5f03
all5/Extreme_floating_point_values/[1-3][2-1][3-1][4-1].wasm,7dbf63edda0899cf1c19d981c86b5f03
all5/Extreme_floating_point_values/[1-3][2-1][3-1][4-1][5-1].wasm,7dbf63edda0899cf1c19d981c86b5f03
all5/Extreme_floating_point_values/[1-3][2-1][3-1][5-1].wasm,7dbf63edda0899cf1c19d981c86b5f03
all5/Extreme_floating_point_values/[1-3][2-1][4-1].wasm,7dbf63edda0899cf1c19d981c86b5f03
all5/Extreme_floating_point_values/[1-3][2-1][4-1][5-1].wasm,7dbf63edda0899cf1c19d981c86b5f03
all5/Extreme_floating_point_values/[1-3][2-1][5-1].wasm,7dbf63edda0899cf1c19d981c86b5f03
all5/Extreme_floating_point_values/[1-3][3-1].wasm,7dbf63edda0899cf1c19d981c86b5f03
all5/Extreme_floating_point_values/[1-3][3-1][4-1].wasm,7dbf63edda0899cf1c19d981c86b5f03
all5/Extreme_floating_point_values/[1-3][3-1][4-1][5-1].wasm,7dbf63edda0899cf1c19d981c86b5f03
all5/Extreme_floating_point_values/[1-3][3-1][5-1].wasm,7dbf63edda0899cf1c19d981c86b5f03
all5/Extreme_floating_point_values/[1-3][4-1].wasm,7dbf63edda0899cf1c19d981c86b5f03
all5/Extreme_floating_point_values/[1-3][4-1][5-1].wasm,7dbf63edda0899cf1c19d981c86b5f03
all5/Extreme_floating_point_values/[1-3][5-1].wasm,7dbf63edda0899cf1c19d981c86b5f03
all5/Extreme_floating_point_values/[1-4].wasm,7dbf63edda0899cf1c19d981c86b5f03
all5/Extreme_floating_point_values/[1-4][2-1].wasm,7dbf63edda0899cf1c19d981c86b5f03
all5/Extreme_floating_point_values/[1-4][2-1][3-1].wasm,7dbf63edda0899cf1c19d981c86b5f03
all5/Extreme_floating_point_values/[1-4][2-1][3-1][4-1].wasm,7dbf63edda0899cf1c19d981c86b5f03
all5/Extreme_floating_point_values/[1-4][2-1][3-1][4-1][5-1].wasm,7dbf63edda0899cf1c19d981c86b5f03
all5/Extreme_floating_point_values/[1-4][2-1][3-1][5-1].wasm,7dbf63edda0899cf1c19d981c86b5f03
all5/Extreme_floating_point_values/[1-4][2-1][4-1].wasm,7dbf63edda0899cf1c19d981c86b5f03
all5/Extreme_floating_point_values/[1-4][2-1][4-1][5-1].wasm,7dbf63edda0899cf1c19d981c86b5f03
all5/Extreme_floating_point_values/[1-4][2-1][5-1].wasm,7dbf63edda0899cf1c19d981c86b5f03
all5/Extreme_floating_point_values/[1-4][3-1].wasm,7dbf63edda0899cf1c19d981c86b5f03
all5/Extreme_floating_point_values/[1-4][3-1][4-1].wasm,7dbf63edda0899cf1c19d981c86b5f03
all5/Extreme_floating_point_values/[1-4][3-1][4-1][5-1].wasm,7dbf63edda0899cf1c19d981c86b5f03
all5/Extreme_floating_point_values/[1-4][3-1][5-1].wasm,7dbf63edda0899cf1c19d981c86b5f03
all5/Extreme_floating_point_values/[1-4][4-1].wasm,7dbf63edda0899cf1c19d981c86b5f03
all5/Extreme_floating_point_values/[1-4][4-1][5-1].wasm,7dbf63edda0899cf1c19d981c86b5f03
all5/Extreme_floating_point_values/[1-4][5-1].wasm,7dbf63edda0899cf1c19d981c86b5f03
all5/Extreme_floating_point_values/[1-5].wasm,7dbf63edda0899cf1c19d981c86b5f03
all5/Extreme_floating_point_values/[1-5][2-1].wasm,7dbf63edda0899cf1c19d981c86b5f03
all5/Extreme_floating_point_values/[1-5][2-1][3-1].wasm,7dbf63edda0899cf1c19d981c86b5f03
all5/Extreme_floating_point_values/[1-5][2-1][3-1][4-1].wasm,7dbf63edda0899cf1c19d981c86b5f03
all5/Extreme_floating_point_values/[1-5][2-1][3-1][4-1][5-1].wasm,7dbf63edda0899cf1c19d981c86b5f03
all5/Extreme_floating_point_values/[1-5][2-1][3-1][5-1].wasm,7dbf63edda0899cf1c19d981c86b5f03
all5/Extreme_floating_point_values/[1-5][2-1][4-1].wasm,7dbf63edda0899cf1c19d981c86b5f03
all5/Extreme_floating_point_values/[1-5][2-1][4-1][5-1].wasm,7dbf63edda0899cf1c19d981c86b5f03
all5/Extreme_floating_point_values/[1-5][2-1][5-1].wasm,7dbf63edda0899cf1c19d981c86b5f03
all5/Extreme_floating_point_values/[1-5][3-1].wasm,7dbf63edda0899cf1c19d981c86b5f03
all5/Extreme_floating_point_values/[1-5][3-1][4-1].wasm,7dbf63edda0899cf1c19d981c86b5f03
all5/Extreme_floating_point_values/[1-5][3-1][4-1][5-1].wasm,7dbf63edda0899cf1c19d981c86b5f03
all5/Extreme_floating_point_values/[1-5][3-1][5-1].wasm,7dbf63edda0899cf1c19d981c86b5f03
all5/Extreme_floating_point_values/[1-5][4-1].wasm,7dbf63edda0899cf1c19d981c86b5f03
all5/Extreme_floating_point_values/[1-5][4-1][5-1].wasm,7dbf63edda0899cf1c19d981c86b5f03
all5/Extreme_floating_point_values/[1-5][5-1].wasm,7dbf63edda0899cf1c19d981c86b5f03
all5/Extreme_floating_point_values/[2-1].wasm,7dbf63edda0899cf1c19d981c86b5f03
all5/Extreme_floating_point_values/[2-1][3-1].wasm,7dbf63edda0899cf1c19d981c86b5f03
all5/Extreme_floating_point_values/[2-1][3-1][4-1].wasm,7dbf63edda0899cf1c19d981c86b5f03
all5/Extreme_floating_point_values/[2-1][3-1][4-1][5-1].wasm,7dbf63edda0899cf1c19d981c86b5f03
all5/Extreme_floating_point_values/[2-1][3-1][5-1].wasm,7dbf63edda0899cf1c19d981c86b5f03
all5/Extreme_floating_point_values/[2-1][4-1].wasm,7dbf63edda0899cf1c19d981c86b5f03
all5/Extreme_floating_point_values/[2-1][4-1][5-1].wasm,7dbf63edda0899cf1c19d981c86b5f03
all5/Extreme_floating_point_values/[2-1][5-1].wasm,7dbf63edda0899cf1c19d981c86b5f03
all5/Extreme_floating_point_values/[3-1].wasm,7dbf63edda0899cf1c19d981c86b5f03
all5/Extreme_floating_point_values/[3-1][4-1].wasm,7dbf63edda0899cf1c19d981c86b5f03
all5/Extreme_floating_point_values/[3-1][4-1][5-1].wasm,7dbf63edda0899cf1c19d981c86b5f03
all5/Extreme_floating_point_values/[3-1][5-1].wasm,7dbf63edda0899cf1c19d981c86b5f03
all5/Extreme_floating_point_values/[4-1].wasm,7dbf63edda0899cf1c19d981c86b5f03
all5/Extreme_floating_point_values/[4-1][5-1].wasm,7dbf63edda0899cf1c19d981c86b5f03
all5/Extreme_floating_point_values/[5-1].wasm,7dbf63edda0899cf1c19d981c86b5f03
