name, hash
all5/Fibonacci_word-fractal/Fibonacci_word-fractal.wasm,a1573d6e387b68c9c870470a03c5be18
all5/Fibonacci_word-fractal/Fibonacci_word-fractal.wasm.~1~,a1573d6e387b68c9c870470a03c5be18
all5/Fibonacci_word-fractal/Fibonacci_word-fractal.wasm.~2~,6a49e6f9e25c2499c041b4d166fb6655
all5/Fibonacci_word-fractal/[0-1].wasm,6a49e6f9e25c2499c041b4d166fb6655
all5/Fibonacci_word-fractal/[0-1][1-1].wasm,6a49e6f9e25c2499c041b4d166fb6655
all5/Fibonacci_word-fractal/[0-1][1-1][2-1].wasm,6a49e6f9e25c2499c041b4d166fb6655
all5/Fibonacci_word-fractal/[0-1][1-1][2-1][3-1].wasm,6a49e6f9e25c2499c041b4d166fb6655
all5/Fibonacci_word-fractal/[0-1][1-1][3-1].wasm,6a49e6f9e25c2499c041b4d166fb6655
all5/Fibonacci_word-fractal/[0-1][1-2].wasm,6a49e6f9e25c2499c041b4d166fb6655
all5/Fibonacci_word-fractal/[0-1][1-2][2-1].wasm,6a49e6f9e25c2499c041b4d166fb6655
all5/Fibonacci_word-fractal/[0-1][1-2][2-1][3-1].wasm,6a49e6f9e25c2499c041b4d166fb6655
all5/Fibonacci_word-fractal/[0-1][1-2][3-1].wasm,6a49e6f9e25c2499c041b4d166fb6655
all5/Fibonacci_word-fractal/[0-1][1-3].wasm,6a49e6f9e25c2499c041b4d166fb6655
all5/Fibonacci_word-fractal/[0-1][1-3][2-1].wasm,6a49e6f9e25c2499c041b4d166fb6655
all5/Fibonacci_word-fractal/[0-1][1-3][2-1][3-1].wasm,6a49e6f9e25c2499c041b4d166fb6655
all5/Fibonacci_word-fractal/[0-1][1-3][3-1].wasm,6a49e6f9e25c2499c041b4d166fb6655
all5/Fibonacci_word-fractal/[0-1][1-4].wasm,6a49e6f9e25c2499c041b4d166fb6655
all5/Fibonacci_word-fractal/[0-1][1-4][2-1].wasm,6a49e6f9e25c2499c041b4d166fb6655
all5/Fibonacci_word-fractal/[0-1][1-4][2-1][3-1].wasm,6a49e6f9e25c2499c041b4d166fb6655
all5/Fibonacci_word-fractal/[0-1][1-4][3-1].wasm,6a49e6f9e25c2499c041b4d166fb6655
all5/Fibonacci_word-fractal/[0-1][1-5].wasm,6a49e6f9e25c2499c041b4d166fb6655
all5/Fibonacci_word-fractal/[0-1][1-5][2-1].wasm,6a49e6f9e25c2499c041b4d166fb6655
all5/Fibonacci_word-fractal/[0-1][1-5][2-1][3-1].wasm,6a49e6f9e25c2499c041b4d166fb6655
all5/Fibonacci_word-fractal/[0-1][1-5][3-1].wasm,6a49e6f9e25c2499c041b4d166fb6655
all5/Fibonacci_word-fractal/[0-1][2-1].wasm,6a49e6f9e25c2499c041b4d166fb6655
all5/Fibonacci_word-fractal/[0-1][2-1][3-1].wasm,6a49e6f9e25c2499c041b4d166fb6655
all5/Fibonacci_word-fractal/[0-1][3-1].wasm,6a49e6f9e25c2499c041b4d166fb6655
all5/Fibonacci_word-fractal/[1-1].wasm,6a49e6f9e25c2499c041b4d166fb6655
all5/Fibonacci_word-fractal/[1-1][2-1].wasm,6a49e6f9e25c2499c041b4d166fb6655
all5/Fibonacci_word-fractal/[1-1][2-1][3-1].wasm,6a49e6f9e25c2499c041b4d166fb6655
all5/Fibonacci_word-fractal/[1-1][2-1][3-1][4-1].wasm,ac7ee205a4dfccba051ac0dc2838a202
all5/Fibonacci_word-fractal/[1-1][3-1].wasm,6a49e6f9e25c2499c041b4d166fb6655
all5/Fibonacci_word-fractal/[1-2].wasm,6a49e6f9e25c2499c041b4d166fb6655
all5/Fibonacci_word-fractal/[1-2][2-1].wasm,6a49e6f9e25c2499c041b4d166fb6655
all5/Fibonacci_word-fractal/[1-2][2-1][3-1].wasm,6a49e6f9e25c2499c041b4d166fb6655
all5/Fibonacci_word-fractal/[1-2][3-1].wasm,6a49e6f9e25c2499c041b4d166fb6655
all5/Fibonacci_word-fractal/[1-3].wasm,6a49e6f9e25c2499c041b4d166fb6655
all5/Fibonacci_word-fractal/[1-3][2-1].wasm,6a49e6f9e25c2499c041b4d166fb6655
all5/Fibonacci_word-fractal/[1-3][2-1][3-1].wasm,6a49e6f9e25c2499c041b4d166fb6655
all5/Fibonacci_word-fractal/[1-3][3-1].wasm,6a49e6f9e25c2499c041b4d166fb6655
all5/Fibonacci_word-fractal/[1-4].wasm,6a49e6f9e25c2499c041b4d166fb6655
all5/Fibonacci_word-fractal/[1-4][2-1].wasm,6a49e6f9e25c2499c041b4d166fb6655
all5/Fibonacci_word-fractal/[1-4][2-1][3-1].wasm,6a49e6f9e25c2499c041b4d166fb6655
all5/Fibonacci_word-fractal/[1-4][3-1].wasm,6a49e6f9e25c2499c041b4d166fb6655
all5/Fibonacci_word-fractal/[1-5].wasm,6a49e6f9e25c2499c041b4d166fb6655
all5/Fibonacci_word-fractal/[1-5][2-1].wasm,6a49e6f9e25c2499c041b4d166fb6655
all5/Fibonacci_word-fractal/[1-5][2-1][3-1].wasm,6a49e6f9e25c2499c041b4d166fb6655
all5/Fibonacci_word-fractal/[1-5][3-1].wasm,6a49e6f9e25c2499c041b4d166fb6655
all5/Fibonacci_word-fractal/[1-6].wasm,6a49e6f9e25c2499c041b4d166fb6655
all5/Fibonacci_word-fractal/[1-6][2-1].wasm,6a49e6f9e25c2499c041b4d166fb6655
all5/Fibonacci_word-fractal/[1-6][2-1][3-1].wasm,6a49e6f9e25c2499c041b4d166fb6655
all5/Fibonacci_word-fractal/[1-6][3-1].wasm,6a49e6f9e25c2499c041b4d166fb6655
all5/Fibonacci_word-fractal/[1-7].wasm,6a49e6f9e25c2499c041b4d166fb6655
all5/Fibonacci_word-fractal/[1-7][2-1].wasm,6a49e6f9e25c2499c041b4d166fb6655
all5/Fibonacci_word-fractal/[1-7][2-1][3-1].wasm,6a49e6f9e25c2499c041b4d166fb6655
all5/Fibonacci_word-fractal/[1-7][3-1].wasm,6a49e6f9e25c2499c041b4d166fb6655
all5/Fibonacci_word-fractal/[1-8].wasm,6a49e6f9e25c2499c041b4d166fb6655
all5/Fibonacci_word-fractal/[1-8][2-1].wasm,6a49e6f9e25c2499c041b4d166fb6655
all5/Fibonacci_word-fractal/[1-8][2-1][3-1].wasm,6a49e6f9e25c2499c041b4d166fb6655
all5/Fibonacci_word-fractal/[1-8][3-1].wasm,6a49e6f9e25c2499c041b4d166fb6655
all5/Fibonacci_word-fractal/[2-1].wasm,6a49e6f9e25c2499c041b4d166fb6655
all5/Fibonacci_word-fractal/[2-1][3-1].wasm,6a49e6f9e25c2499c041b4d166fb6655
all5/Fibonacci_word-fractal/[3-1].wasm,6a49e6f9e25c2499c041b4d166fb6655
