name, hash
all5/Find_the_intersection_of_a_line_with_a_plane/Find_the_intersection_of_a_line_with_a_plane.wasm,e286102da32cfcab375dc108d86fd82c
all5/Find_the_intersection_of_a_line_with_a_plane/Find_the_intersection_of_a_line_with_a_plane.wasm.~1~,e286102da32cfcab375dc108d86fd82c
all5/Find_the_intersection_of_a_line_with_a_plane/Find_the_intersection_of_a_line_with_a_plane.wasm.~2~,7b97144ddd1c1bc61b9a18d8aa867e0d
all5/Find_the_intersection_of_a_line_with_a_plane/[0-1].wasm,e286102da32cfcab375dc108d86fd82c
all5/Find_the_intersection_of_a_line_with_a_plane/[0-1].wasm.~1~,7b97144ddd1c1bc61b9a18d8aa867e0d
all5/Find_the_intersection_of_a_line_with_a_plane/[0-1][1-10].wasm,7b97144ddd1c1bc61b9a18d8aa867e0d
all5/Find_the_intersection_of_a_line_with_a_plane/[0-1][1-1].wasm,e286102da32cfcab375dc108d86fd82c
all5/Find_the_intersection_of_a_line_with_a_plane/[0-1][1-1].wasm.~1~,7b97144ddd1c1bc61b9a18d8aa867e0d
all5/Find_the_intersection_of_a_line_with_a_plane/[0-1][1-2].wasm,e286102da32cfcab375dc108d86fd82c
all5/Find_the_intersection_of_a_line_with_a_plane/[0-1][1-2].wasm.~1~,7b97144ddd1c1bc61b9a18d8aa867e0d
all5/Find_the_intersection_of_a_line_with_a_plane/[0-1][1-3].wasm,e286102da32cfcab375dc108d86fd82c
all5/Find_the_intersection_of_a_line_with_a_plane/[0-1][1-3].wasm.~1~,7b97144ddd1c1bc61b9a18d8aa867e0d
all5/Find_the_intersection_of_a_line_with_a_plane/[0-1][1-4].wasm,e286102da32cfcab375dc108d86fd82c
all5/Find_the_intersection_of_a_line_with_a_plane/[0-1][1-4].wasm.~1~,7b97144ddd1c1bc61b9a18d8aa867e0d
all5/Find_the_intersection_of_a_line_with_a_plane/[0-1][1-5].wasm,e286102da32cfcab375dc108d86fd82c
all5/Find_the_intersection_of_a_line_with_a_plane/[0-1][1-5].wasm.~1~,7b97144ddd1c1bc61b9a18d8aa867e0d
all5/Find_the_intersection_of_a_line_with_a_plane/[0-1][1-6].wasm,e286102da32cfcab375dc108d86fd82c
all5/Find_the_intersection_of_a_line_with_a_plane/[0-1][1-6].wasm.~1~,7b97144ddd1c1bc61b9a18d8aa867e0d
all5/Find_the_intersection_of_a_line_with_a_plane/[0-1][1-7].wasm,e286102da32cfcab375dc108d86fd82c
all5/Find_the_intersection_of_a_line_with_a_plane/[0-1][1-7].wasm.~1~,7b97144ddd1c1bc61b9a18d8aa867e0d
all5/Find_the_intersection_of_a_line_with_a_plane/[0-1][1-8].wasm,e286102da32cfcab375dc108d86fd82c
all5/Find_the_intersection_of_a_line_with_a_plane/[0-1][1-8].wasm.~1~,7b97144ddd1c1bc61b9a18d8aa867e0d
all5/Find_the_intersection_of_a_line_with_a_plane/[0-1][1-9].wasm,7b97144ddd1c1bc61b9a18d8aa867e0d
all5/Find_the_intersection_of_a_line_with_a_plane/[0-2].wasm,e286102da32cfcab375dc108d86fd82c
all5/Find_the_intersection_of_a_line_with_a_plane/[0-2].wasm.~1~,7b97144ddd1c1bc61b9a18d8aa867e0d
all5/Find_the_intersection_of_a_line_with_a_plane/[0-2][1-10].wasm,7b97144ddd1c1bc61b9a18d8aa867e0d
all5/Find_the_intersection_of_a_line_with_a_plane/[0-2][1-1].wasm,e286102da32cfcab375dc108d86fd82c
all5/Find_the_intersection_of_a_line_with_a_plane/[0-2][1-1].wasm.~1~,7b97144ddd1c1bc61b9a18d8aa867e0d
all5/Find_the_intersection_of_a_line_with_a_plane/[0-2][1-2].wasm,e286102da32cfcab375dc108d86fd82c
all5/Find_the_intersection_of_a_line_with_a_plane/[0-2][1-2].wasm.~1~,7b97144ddd1c1bc61b9a18d8aa867e0d
all5/Find_the_intersection_of_a_line_with_a_plane/[0-2][1-3].wasm,e286102da32cfcab375dc108d86fd82c
all5/Find_the_intersection_of_a_line_with_a_plane/[0-2][1-3].wasm.~1~,7b97144ddd1c1bc61b9a18d8aa867e0d
all5/Find_the_intersection_of_a_line_with_a_plane/[0-2][1-4].wasm,e286102da32cfcab375dc108d86fd82c
all5/Find_the_intersection_of_a_line_with_a_plane/[0-2][1-4].wasm.~1~,7b97144ddd1c1bc61b9a18d8aa867e0d
all5/Find_the_intersection_of_a_line_with_a_plane/[0-2][1-5].wasm,e286102da32cfcab375dc108d86fd82c
all5/Find_the_intersection_of_a_line_with_a_plane/[0-2][1-5].wasm.~1~,7b97144ddd1c1bc61b9a18d8aa867e0d
all5/Find_the_intersection_of_a_line_with_a_plane/[0-2][1-6].wasm,e286102da32cfcab375dc108d86fd82c
all5/Find_the_intersection_of_a_line_with_a_plane/[0-2][1-6].wasm.~1~,7b97144ddd1c1bc61b9a18d8aa867e0d
all5/Find_the_intersection_of_a_line_with_a_plane/[0-2][1-7].wasm,e286102da32cfcab375dc108d86fd82c
all5/Find_the_intersection_of_a_line_with_a_plane/[0-2][1-7].wasm.~1~,7b97144ddd1c1bc61b9a18d8aa867e0d
all5/Find_the_intersection_of_a_line_with_a_plane/[0-2][1-8].wasm,e286102da32cfcab375dc108d86fd82c
all5/Find_the_intersection_of_a_line_with_a_plane/[0-2][1-8].wasm.~1~,7b97144ddd1c1bc61b9a18d8aa867e0d
all5/Find_the_intersection_of_a_line_with_a_plane/[0-2][1-9].wasm,7b97144ddd1c1bc61b9a18d8aa867e0d
all5/Find_the_intersection_of_a_line_with_a_plane/[0-3].wasm,e286102da32cfcab375dc108d86fd82c
all5/Find_the_intersection_of_a_line_with_a_plane/[0-3].wasm.~1~,7b97144ddd1c1bc61b9a18d8aa867e0d
all5/Find_the_intersection_of_a_line_with_a_plane/[0-3][1-10].wasm,7b97144ddd1c1bc61b9a18d8aa867e0d
all5/Find_the_intersection_of_a_line_with_a_plane/[0-3][1-1].wasm,e286102da32cfcab375dc108d86fd82c
all5/Find_the_intersection_of_a_line_with_a_plane/[0-3][1-1].wasm.~1~,7b97144ddd1c1bc61b9a18d8aa867e0d
all5/Find_the_intersection_of_a_line_with_a_plane/[0-3][1-2].wasm,e286102da32cfcab375dc108d86fd82c
all5/Find_the_intersection_of_a_line_with_a_plane/[0-3][1-2].wasm.~1~,7b97144ddd1c1bc61b9a18d8aa867e0d
all5/Find_the_intersection_of_a_line_with_a_plane/[0-3][1-3].wasm,e286102da32cfcab375dc108d86fd82c
all5/Find_the_intersection_of_a_line_with_a_plane/[0-3][1-3].wasm.~1~,7b97144ddd1c1bc61b9a18d8aa867e0d
all5/Find_the_intersection_of_a_line_with_a_plane/[0-3][1-4].wasm,e286102da32cfcab375dc108d86fd82c
all5/Find_the_intersection_of_a_line_with_a_plane/[0-3][1-4].wasm.~1~,7b97144ddd1c1bc61b9a18d8aa867e0d
all5/Find_the_intersection_of_a_line_with_a_plane/[0-3][1-5].wasm,e286102da32cfcab375dc108d86fd82c
all5/Find_the_intersection_of_a_line_with_a_plane/[0-3][1-5].wasm.~1~,7b97144ddd1c1bc61b9a18d8aa867e0d
all5/Find_the_intersection_of_a_line_with_a_plane/[0-3][1-6].wasm,e286102da32cfcab375dc108d86fd82c
all5/Find_the_intersection_of_a_line_with_a_plane/[0-3][1-6].wasm.~1~,7b97144ddd1c1bc61b9a18d8aa867e0d
all5/Find_the_intersection_of_a_line_with_a_plane/[0-3][1-7].wasm,e286102da32cfcab375dc108d86fd82c
all5/Find_the_intersection_of_a_line_with_a_plane/[0-3][1-7].wasm.~1~,7b97144ddd1c1bc61b9a18d8aa867e0d
all5/Find_the_intersection_of_a_line_with_a_plane/[0-3][1-8].wasm,e286102da32cfcab375dc108d86fd82c
all5/Find_the_intersection_of_a_line_with_a_plane/[0-3][1-8].wasm.~1~,7b97144ddd1c1bc61b9a18d8aa867e0d
all5/Find_the_intersection_of_a_line_with_a_plane/[0-3][1-9].wasm,7b97144ddd1c1bc61b9a18d8aa867e0d
all5/Find_the_intersection_of_a_line_with_a_plane/[0-4].wasm,e286102da32cfcab375dc108d86fd82c
all5/Find_the_intersection_of_a_line_with_a_plane/[0-4].wasm.~1~,7b97144ddd1c1bc61b9a18d8aa867e0d
all5/Find_the_intersection_of_a_line_with_a_plane/[0-4][1-10].wasm,7b97144ddd1c1bc61b9a18d8aa867e0d
all5/Find_the_intersection_of_a_line_with_a_plane/[0-4][1-1].wasm,e286102da32cfcab375dc108d86fd82c
all5/Find_the_intersection_of_a_line_with_a_plane/[0-4][1-1].wasm.~1~,7b97144ddd1c1bc61b9a18d8aa867e0d
all5/Find_the_intersection_of_a_line_with_a_plane/[0-4][1-2].wasm,e286102da32cfcab375dc108d86fd82c
all5/Find_the_intersection_of_a_line_with_a_plane/[0-4][1-2].wasm.~1~,7b97144ddd1c1bc61b9a18d8aa867e0d
all5/Find_the_intersection_of_a_line_with_a_plane/[0-4][1-3].wasm,e286102da32cfcab375dc108d86fd82c
all5/Find_the_intersection_of_a_line_with_a_plane/[0-4][1-3].wasm.~1~,7b97144ddd1c1bc61b9a18d8aa867e0d
all5/Find_the_intersection_of_a_line_with_a_plane/[0-4][1-4].wasm,e286102da32cfcab375dc108d86fd82c
all5/Find_the_intersection_of_a_line_with_a_plane/[0-4][1-4].wasm.~1~,7b97144ddd1c1bc61b9a18d8aa867e0d
all5/Find_the_intersection_of_a_line_with_a_plane/[0-4][1-5].wasm,e286102da32cfcab375dc108d86fd82c
all5/Find_the_intersection_of_a_line_with_a_plane/[0-4][1-5].wasm.~1~,7b97144ddd1c1bc61b9a18d8aa867e0d
all5/Find_the_intersection_of_a_line_with_a_plane/[0-4][1-6].wasm,e286102da32cfcab375dc108d86fd82c
all5/Find_the_intersection_of_a_line_with_a_plane/[0-4][1-6].wasm.~1~,7b97144ddd1c1bc61b9a18d8aa867e0d
all5/Find_the_intersection_of_a_line_with_a_plane/[0-4][1-7].wasm,e286102da32cfcab375dc108d86fd82c
all5/Find_the_intersection_of_a_line_with_a_plane/[0-4][1-7].wasm.~1~,7b97144ddd1c1bc61b9a18d8aa867e0d
all5/Find_the_intersection_of_a_line_with_a_plane/[0-4][1-8].wasm,e286102da32cfcab375dc108d86fd82c
all5/Find_the_intersection_of_a_line_with_a_plane/[0-4][1-8].wasm.~1~,7b97144ddd1c1bc61b9a18d8aa867e0d
all5/Find_the_intersection_of_a_line_with_a_plane/[0-4][1-9].wasm,7b97144ddd1c1bc61b9a18d8aa867e0d
all5/Find_the_intersection_of_a_line_with_a_plane/[0-5].wasm,e286102da32cfcab375dc108d86fd82c
all5/Find_the_intersection_of_a_line_with_a_plane/[0-5].wasm.~1~,7b97144ddd1c1bc61b9a18d8aa867e0d
all5/Find_the_intersection_of_a_line_with_a_plane/[0-5][1-10].wasm,7b97144ddd1c1bc61b9a18d8aa867e0d
all5/Find_the_intersection_of_a_line_with_a_plane/[0-5][1-1].wasm,e286102da32cfcab375dc108d86fd82c
all5/Find_the_intersection_of_a_line_with_a_plane/[0-5][1-1].wasm.~1~,7b97144ddd1c1bc61b9a18d8aa867e0d
all5/Find_the_intersection_of_a_line_with_a_plane/[0-5][1-2].wasm,e286102da32cfcab375dc108d86fd82c
all5/Find_the_intersection_of_a_line_with_a_plane/[0-5][1-2].wasm.~1~,7b97144ddd1c1bc61b9a18d8aa867e0d
all5/Find_the_intersection_of_a_line_with_a_plane/[0-5][1-3].wasm,e286102da32cfcab375dc108d86fd82c
all5/Find_the_intersection_of_a_line_with_a_plane/[0-5][1-3].wasm.~1~,7b97144ddd1c1bc61b9a18d8aa867e0d
all5/Find_the_intersection_of_a_line_with_a_plane/[0-5][1-4].wasm,e286102da32cfcab375dc108d86fd82c
all5/Find_the_intersection_of_a_line_with_a_plane/[0-5][1-4].wasm.~1~,7b97144ddd1c1bc61b9a18d8aa867e0d
all5/Find_the_intersection_of_a_line_with_a_plane/[0-5][1-5].wasm,e286102da32cfcab375dc108d86fd82c
all5/Find_the_intersection_of_a_line_with_a_plane/[0-5][1-5].wasm.~1~,7b97144ddd1c1bc61b9a18d8aa867e0d
all5/Find_the_intersection_of_a_line_with_a_plane/[0-5][1-6].wasm,e286102da32cfcab375dc108d86fd82c
all5/Find_the_intersection_of_a_line_with_a_plane/[0-5][1-6].wasm.~1~,7b97144ddd1c1bc61b9a18d8aa867e0d
all5/Find_the_intersection_of_a_line_with_a_plane/[0-5][1-7].wasm,e286102da32cfcab375dc108d86fd82c
all5/Find_the_intersection_of_a_line_with_a_plane/[0-5][1-7].wasm.~1~,7b97144ddd1c1bc61b9a18d8aa867e0d
all5/Find_the_intersection_of_a_line_with_a_plane/[0-5][1-8].wasm,e286102da32cfcab375dc108d86fd82c
all5/Find_the_intersection_of_a_line_with_a_plane/[0-5][1-8].wasm.~1~,7b97144ddd1c1bc61b9a18d8aa867e0d
all5/Find_the_intersection_of_a_line_with_a_plane/[0-5][1-9].wasm,7b97144ddd1c1bc61b9a18d8aa867e0d
all5/Find_the_intersection_of_a_line_with_a_plane/[0-6].wasm,e286102da32cfcab375dc108d86fd82c
all5/Find_the_intersection_of_a_line_with_a_plane/[0-6].wasm.~1~,7b97144ddd1c1bc61b9a18d8aa867e0d
all5/Find_the_intersection_of_a_line_with_a_plane/[0-6][1-10].wasm,7b97144ddd1c1bc61b9a18d8aa867e0d
all5/Find_the_intersection_of_a_line_with_a_plane/[0-6][1-1].wasm,e286102da32cfcab375dc108d86fd82c
all5/Find_the_intersection_of_a_line_with_a_plane/[0-6][1-1].wasm.~1~,7b97144ddd1c1bc61b9a18d8aa867e0d
all5/Find_the_intersection_of_a_line_with_a_plane/[0-6][1-2].wasm,e286102da32cfcab375dc108d86fd82c
all5/Find_the_intersection_of_a_line_with_a_plane/[0-6][1-2].wasm.~1~,7b97144ddd1c1bc61b9a18d8aa867e0d
all5/Find_the_intersection_of_a_line_with_a_plane/[0-6][1-3].wasm,e286102da32cfcab375dc108d86fd82c
all5/Find_the_intersection_of_a_line_with_a_plane/[0-6][1-3].wasm.~1~,7b97144ddd1c1bc61b9a18d8aa867e0d
all5/Find_the_intersection_of_a_line_with_a_plane/[0-6][1-4].wasm,e286102da32cfcab375dc108d86fd82c
all5/Find_the_intersection_of_a_line_with_a_plane/[0-6][1-4].wasm.~1~,7b97144ddd1c1bc61b9a18d8aa867e0d
all5/Find_the_intersection_of_a_line_with_a_plane/[0-6][1-5].wasm,e286102da32cfcab375dc108d86fd82c
all5/Find_the_intersection_of_a_line_with_a_plane/[0-6][1-5].wasm.~1~,7b97144ddd1c1bc61b9a18d8aa867e0d
all5/Find_the_intersection_of_a_line_with_a_plane/[0-6][1-6].wasm,e286102da32cfcab375dc108d86fd82c
all5/Find_the_intersection_of_a_line_with_a_plane/[0-6][1-6].wasm.~1~,7b97144ddd1c1bc61b9a18d8aa867e0d
all5/Find_the_intersection_of_a_line_with_a_plane/[0-6][1-7].wasm,e286102da32cfcab375dc108d86fd82c
all5/Find_the_intersection_of_a_line_with_a_plane/[0-6][1-7].wasm.~1~,7b97144ddd1c1bc61b9a18d8aa867e0d
all5/Find_the_intersection_of_a_line_with_a_plane/[0-6][1-8].wasm,e286102da32cfcab375dc108d86fd82c
all5/Find_the_intersection_of_a_line_with_a_plane/[0-6][1-8].wasm.~1~,7b97144ddd1c1bc61b9a18d8aa867e0d
all5/Find_the_intersection_of_a_line_with_a_plane/[0-6][1-9].wasm,7b97144ddd1c1bc61b9a18d8aa867e0d
all5/Find_the_intersection_of_a_line_with_a_plane/[0-7].wasm,e286102da32cfcab375dc108d86fd82c
all5/Find_the_intersection_of_a_line_with_a_plane/[0-7].wasm.~1~,7b97144ddd1c1bc61b9a18d8aa867e0d
all5/Find_the_intersection_of_a_line_with_a_plane/[0-7][1-1].wasm,e286102da32cfcab375dc108d86fd82c
all5/Find_the_intersection_of_a_line_with_a_plane/[0-7][1-1].wasm.~1~,7b97144ddd1c1bc61b9a18d8aa867e0d
all5/Find_the_intersection_of_a_line_with_a_plane/[0-7][1-2].wasm,e286102da32cfcab375dc108d86fd82c
all5/Find_the_intersection_of_a_line_with_a_plane/[0-7][1-2].wasm.~1~,7b97144ddd1c1bc61b9a18d8aa867e0d
all5/Find_the_intersection_of_a_line_with_a_plane/[0-7][1-3].wasm,e286102da32cfcab375dc108d86fd82c
all5/Find_the_intersection_of_a_line_with_a_plane/[0-7][1-4].wasm,e286102da32cfcab375dc108d86fd82c
all5/Find_the_intersection_of_a_line_with_a_plane/[0-7][1-5].wasm,e286102da32cfcab375dc108d86fd82c
all5/Find_the_intersection_of_a_line_with_a_plane/[0-7][1-6].wasm,e286102da32cfcab375dc108d86fd82c
all5/Find_the_intersection_of_a_line_with_a_plane/[0-7][1-7].wasm,e286102da32cfcab375dc108d86fd82c
all5/Find_the_intersection_of_a_line_with_a_plane/[0-7][1-8].wasm,e286102da32cfcab375dc108d86fd82c
all5/Find_the_intersection_of_a_line_with_a_plane/[0-8].wasm,e286102da32cfcab375dc108d86fd82c
all5/Find_the_intersection_of_a_line_with_a_plane/[0-8][1-1].wasm,e286102da32cfcab375dc108d86fd82c
all5/Find_the_intersection_of_a_line_with_a_plane/[0-8][1-2].wasm,e286102da32cfcab375dc108d86fd82c
all5/Find_the_intersection_of_a_line_with_a_plane/[0-8][1-3].wasm,e286102da32cfcab375dc108d86fd82c
all5/Find_the_intersection_of_a_line_with_a_plane/[0-8][1-4].wasm,e286102da32cfcab375dc108d86fd82c
all5/Find_the_intersection_of_a_line_with_a_plane/[0-8][1-5].wasm,e286102da32cfcab375dc108d86fd82c
all5/Find_the_intersection_of_a_line_with_a_plane/[0-8][1-6].wasm,e286102da32cfcab375dc108d86fd82c
all5/Find_the_intersection_of_a_line_with_a_plane/[0-8][1-7].wasm,e286102da32cfcab375dc108d86fd82c
all5/Find_the_intersection_of_a_line_with_a_plane/[1-10].wasm,7b97144ddd1c1bc61b9a18d8aa867e0d
all5/Find_the_intersection_of_a_line_with_a_plane/[1-1].wasm,e286102da32cfcab375dc108d86fd82c
all5/Find_the_intersection_of_a_line_with_a_plane/[1-1].wasm.~1~,7b97144ddd1c1bc61b9a18d8aa867e0d
all5/Find_the_intersection_of_a_line_with_a_plane/[1-2].wasm,e286102da32cfcab375dc108d86fd82c
all5/Find_the_intersection_of_a_line_with_a_plane/[1-2].wasm.~1~,7b97144ddd1c1bc61b9a18d8aa867e0d
all5/Find_the_intersection_of_a_line_with_a_plane/[1-3].wasm,e286102da32cfcab375dc108d86fd82c
all5/Find_the_intersection_of_a_line_with_a_plane/[1-3].wasm.~1~,7b97144ddd1c1bc61b9a18d8aa867e0d
all5/Find_the_intersection_of_a_line_with_a_plane/[1-4].wasm,e286102da32cfcab375dc108d86fd82c
all5/Find_the_intersection_of_a_line_with_a_plane/[1-4].wasm.~1~,7b97144ddd1c1bc61b9a18d8aa867e0d
all5/Find_the_intersection_of_a_line_with_a_plane/[1-5].wasm,e286102da32cfcab375dc108d86fd82c
all5/Find_the_intersection_of_a_line_with_a_plane/[1-5].wasm.~1~,7b97144ddd1c1bc61b9a18d8aa867e0d
all5/Find_the_intersection_of_a_line_with_a_plane/[1-6].wasm,e286102da32cfcab375dc108d86fd82c
all5/Find_the_intersection_of_a_line_with_a_plane/[1-6].wasm.~1~,7b97144ddd1c1bc61b9a18d8aa867e0d
all5/Find_the_intersection_of_a_line_with_a_plane/[1-7].wasm,e286102da32cfcab375dc108d86fd82c
all5/Find_the_intersection_of_a_line_with_a_plane/[1-7].wasm.~1~,7b97144ddd1c1bc61b9a18d8aa867e0d
all5/Find_the_intersection_of_a_line_with_a_plane/[1-8].wasm,e286102da32cfcab375dc108d86fd82c
all5/Find_the_intersection_of_a_line_with_a_plane/[1-8].wasm.~1~,7b97144ddd1c1bc61b9a18d8aa867e0d
all5/Find_the_intersection_of_a_line_with_a_plane/[1-9].wasm,7b97144ddd1c1bc61b9a18d8aa867e0d
