name, hash
all5/Fivenum/Fivenum.wasm,808a7fa81ab63d188ce482eab82fd711
all5/Fivenum/Fivenum.wasm.~1~,808a7fa81ab63d188ce482eab82fd711
all5/Fivenum/Fivenum.wasm.~2~,e9f48511db8ac4f25bfb08231af0a714
all5/Fivenum/Fivenum.wasm.~3~,e9f48511db8ac4f25bfb08231af0a714
all5/Fivenum/[0-1].wasm,808a7fa81ab63d188ce482eab82fd711
all5/Fivenum/[0-1].wasm.~1~,a4d7a6619b8ccd1ff1e83ad0238708d7
all5/Fivenum/[0-1][16-1].wasm,808a7fa81ab63d188ce482eab82fd711
all5/Fivenum/[0-1][16-1][21-1].wasm,5f23193ba8b16c3ae5ded3bde33d1c88
all5/Fivenum/[0-1][18-1].wasm,a4d7a6619b8ccd1ff1e83ad0238708d7
all5/Fivenum/[0-1][2-1].wasm,a4d7a6619b8ccd1ff1e83ad0238708d7
all5/Fivenum/[0-1][2-1][18-1].wasm,a4d7a6619b8ccd1ff1e83ad0238708d7
all5/Fivenum/[0-1][2-1][6-1].wasm,a4d7a6619b8ccd1ff1e83ad0238708d7
all5/Fivenum/[0-1][2-1][6-1][18-1].wasm,a4d7a6619b8ccd1ff1e83ad0238708d7
all5/Fivenum/[0-1][21-1].wasm,5f23193ba8b16c3ae5ded3bde33d1c88
all5/Fivenum/[0-1][21-2].wasm,852e1dcac371712bed22f9893b52dc58
all5/Fivenum/[0-1][6-1].wasm,a4d7a6619b8ccd1ff1e83ad0238708d7
all5/Fivenum/[0-1][6-1][18-1].wasm,a4d7a6619b8ccd1ff1e83ad0238708d7
all5/Fivenum/[0-2].wasm,a4d7a6619b8ccd1ff1e83ad0238708d7
all5/Fivenum/[0-2][18-1].wasm,a4d7a6619b8ccd1ff1e83ad0238708d7
all5/Fivenum/[0-2][2-1].wasm,a4d7a6619b8ccd1ff1e83ad0238708d7
all5/Fivenum/[0-2][2-1][18-1].wasm,a4d7a6619b8ccd1ff1e83ad0238708d7
all5/Fivenum/[0-2][2-1][6-1].wasm,a4d7a6619b8ccd1ff1e83ad0238708d7
all5/Fivenum/[0-2][2-1][6-1][18-1].wasm,a4d7a6619b8ccd1ff1e83ad0238708d7
all5/Fivenum/[0-2][6-1].wasm,a4d7a6619b8ccd1ff1e83ad0238708d7
all5/Fivenum/[0-2][6-1][18-1].wasm,a4d7a6619b8ccd1ff1e83ad0238708d7
all5/Fivenum/[0-3].wasm,553a718bbe87aad6a43ac8499c935548
all5/Fivenum/[0-3][18-1].wasm,553a718bbe87aad6a43ac8499c935548
all5/Fivenum/[0-3][2-1].wasm,553a718bbe87aad6a43ac8499c935548
all5/Fivenum/[0-3][2-1][18-1].wasm,553a718bbe87aad6a43ac8499c935548
all5/Fivenum/[0-3][2-1][6-1].wasm,553a718bbe87aad6a43ac8499c935548
all5/Fivenum/[0-3][2-1][6-1][18-1].wasm,553a718bbe87aad6a43ac8499c935548
all5/Fivenum/[0-3][6-1].wasm,553a718bbe87aad6a43ac8499c935548
all5/Fivenum/[0-3][6-1][18-1].wasm,553a718bbe87aad6a43ac8499c935548
all5/Fivenum/[0-4].wasm,553a718bbe87aad6a43ac8499c935548
all5/Fivenum/[11-2].wasm,f3918b4c9fd7c8c7362da3080eec9fdd
all5/Fivenum/[11-3].wasm,d2836c00fbc9382d8556de5542078773
all5/Fivenum/[16-1].wasm,808a7fa81ab63d188ce482eab82fd711
all5/Fivenum/[16-1][21-1].wasm,5f23193ba8b16c3ae5ded3bde33d1c88
all5/Fivenum/[16-1][21-2].wasm,852e1dcac371712bed22f9893b52dc58
all5/Fivenum/[16-2].wasm,f3918b4c9fd7c8c7362da3080eec9fdd
all5/Fivenum/[16-2][21-1].wasm,7502a988867ba044644636eb582ad330
all5/Fivenum/[16-2][21-2].wasm,30405a8e34be596843ca316efebf79cb
all5/Fivenum/[16-3].wasm,f3918b4c9fd7c8c7362da3080eec9fdd
all5/Fivenum/[16-3][21-1].wasm,7502a988867ba044644636eb582ad330
all5/Fivenum/[16-3][21-2].wasm,30405a8e34be596843ca316efebf79cb
all5/Fivenum/[16-4].wasm,d2836c00fbc9382d8556de5542078773
all5/Fivenum/[16-4][21-1].wasm,0d128454ae35c91f8a8697402a0651b7
all5/Fivenum/[16-4][21-2].wasm,d4d6f3134a353a34e62323907bd6cfc1
all5/Fivenum/[18-1].wasm,e9f48511db8ac4f25bfb08231af0a714
all5/Fivenum/[2-1].wasm,e9f48511db8ac4f25bfb08231af0a714
all5/Fivenum/[2-1][18-1].wasm,e9f48511db8ac4f25bfb08231af0a714
all5/Fivenum/[2-1][6-1].wasm,446fa19e1a0ee21058dd503817dd8aa1
all5/Fivenum/[2-1][6-1][18-1].wasm,446fa19e1a0ee21058dd503817dd8aa1
all5/Fivenum/[21-1].wasm,5f23193ba8b16c3ae5ded3bde33d1c88
all5/Fivenum/[21-2].wasm,852e1dcac371712bed22f9893b52dc58
all5/Fivenum/[6-1].wasm,446fa19e1a0ee21058dd503817dd8aa1
all5/Fivenum/[6-1][18-1].wasm,446fa19e1a0ee21058dd503817dd8aa1
all5/Fivenum/[8-1].wasm,5f23193ba8b16c3ae5ded3bde33d1c88
all5/Fivenum/[8-1][11-3].wasm,0d128454ae35c91f8a8697402a0651b7
