name, hash
all5/Forward_difference/Forward_difference.wasm,0554a068f3b777f55aea5f911b8851f2
all5/Forward_difference/Forward_difference.wasm.~1~,0554a068f3b777f55aea5f911b8851f2
all5/Forward_difference/Forward_difference.wasm.~2~,0b1671376d1a990a8d497e74e3605a9e
all5/Forward_difference/[2-1].wasm,0b1671376d1a990a8d497e74e3605a9e
all5/Forward_difference/[2-1][5-1].wasm,9d0fea4a44fc3cc9dd038a77b901b935
all5/Forward_difference/[2-2].wasm,0b1671376d1a990a8d497e74e3605a9e
all5/Forward_difference/[2-3].wasm,0b1671376d1a990a8d497e74e3605a9e
all5/Forward_difference/[2-3][5-1].wasm,9d0fea4a44fc3cc9dd038a77b901b935
all5/Forward_difference/[2-4].wasm,0b1671376d1a990a8d497e74e3605a9e
all5/Forward_difference/[2-4][5-1].wasm,9d0fea4a44fc3cc9dd038a77b901b935
all5/Forward_difference/[2-5].wasm,0b1671376d1a990a8d497e74e3605a9e
all5/Forward_difference/[2-6].wasm,0b1671376d1a990a8d497e74e3605a9e
all5/Forward_difference/[5-1].wasm,9d0fea4a44fc3cc9dd038a77b901b935
