name, hash
all5/Gapful_numbers/Gapful_numbers.wasm,695f3e1b083c70da72cd179d57b256f1
all5/Gapful_numbers/Gapful_numbers.wasm.~1~,695f3e1b083c70da72cd179d57b256f1
all5/Gapful_numbers/Gapful_numbers.wasm.~2~,f81e39395bcd1ff62076f6b9396ef823
all5/Gapful_numbers/[0-1].wasm,695f3e1b083c70da72cd179d57b256f1
all5/Gapful_numbers/[0-1][1-1].wasm,695f3e1b083c70da72cd179d57b256f1
all5/Gapful_numbers/[0-2].wasm,695f3e1b083c70da72cd179d57b256f1
all5/Gapful_numbers/[0-2][1-1].wasm,695f3e1b083c70da72cd179d57b256f1
all5/Gapful_numbers/[0-3].wasm,695f3e1b083c70da72cd179d57b256f1
all5/Gapful_numbers/[0-3][1-1].wasm,695f3e1b083c70da72cd179d57b256f1
all5/Gapful_numbers/[0-4].wasm,695f3e1b083c70da72cd179d57b256f1
all5/Gapful_numbers/[0-4][1-1].wasm,695f3e1b083c70da72cd179d57b256f1
all5/Gapful_numbers/[0-5].wasm,695f3e1b083c70da72cd179d57b256f1
all5/Gapful_numbers/[0-5][1-1].wasm,695f3e1b083c70da72cd179d57b256f1
all5/Gapful_numbers/[0-6].wasm,695f3e1b083c70da72cd179d57b256f1
all5/Gapful_numbers/[0-6][1-1].wasm,695f3e1b083c70da72cd179d57b256f1
all5/Gapful_numbers/[0-7].wasm,695f3e1b083c70da72cd179d57b256f1
all5/Gapful_numbers/[0-7][1-1].wasm,695f3e1b083c70da72cd179d57b256f1
all5/Gapful_numbers/[0-8].wasm,695f3e1b083c70da72cd179d57b256f1
all5/Gapful_numbers/[0-8][1-1].wasm,695f3e1b083c70da72cd179d57b256f1
all5/Gapful_numbers/[0-9].wasm,695f3e1b083c70da72cd179d57b256f1
all5/Gapful_numbers/[0-9][1-1].wasm,695f3e1b083c70da72cd179d57b256f1
all5/Gapful_numbers/[1-1].wasm,695f3e1b083c70da72cd179d57b256f1
