name, hash
all5/Hamming_numbers/Hamming_numbers.wasm,33c8cfdb89e167e9362202f515cfb777
all5/Hamming_numbers/Hamming_numbers.wasm.~1~,33c8cfdb89e167e9362202f515cfb777
all5/Hamming_numbers/Hamming_numbers.wasm.~2~,9501c5d4936de8af337aad7236c5d845
all5/Hamming_numbers/[0-1].wasm,33c8cfdb89e167e9362202f515cfb777
all5/Hamming_numbers/[0-1][1-1].wasm,33c8cfdb89e167e9362202f515cfb777
all5/Hamming_numbers/[0-1][1-1][22-1].wasm,33c8cfdb89e167e9362202f515cfb777
all5/Hamming_numbers/[0-1][1-1][22-1][32-1].wasm,33c8cfdb89e167e9362202f515cfb777
all5/Hamming_numbers/[0-1][1-1][32-1].wasm,33c8cfdb89e167e9362202f515cfb777
all5/Hamming_numbers/[0-1][1-2].wasm,33c8cfdb89e167e9362202f515cfb777
all5/Hamming_numbers/[0-1][1-2][22-1].wasm,33c8cfdb89e167e9362202f515cfb777
all5/Hamming_numbers/[0-1][1-2][22-1][32-1].wasm,33c8cfdb89e167e9362202f515cfb777
all5/Hamming_numbers/[0-1][1-2][32-1].wasm,33c8cfdb89e167e9362202f515cfb777
all5/Hamming_numbers/[0-1][1-3].wasm,33c8cfdb89e167e9362202f515cfb777
all5/Hamming_numbers/[0-1][1-3][22-1].wasm,33c8cfdb89e167e9362202f515cfb777
all5/Hamming_numbers/[0-1][1-3][22-1][32-1].wasm,33c8cfdb89e167e9362202f515cfb777
all5/Hamming_numbers/[0-1][1-3][32-1].wasm,33c8cfdb89e167e9362202f515cfb777
all5/Hamming_numbers/[0-1][1-4].wasm,33c8cfdb89e167e9362202f515cfb777
all5/Hamming_numbers/[0-1][1-4][22-1].wasm,33c8cfdb89e167e9362202f515cfb777
all5/Hamming_numbers/[0-1][1-4][22-1][32-1].wasm,33c8cfdb89e167e9362202f515cfb777
all5/Hamming_numbers/[0-1][1-4][32-1].wasm,33c8cfdb89e167e9362202f515cfb777
all5/Hamming_numbers/[0-1][22-1].wasm,33c8cfdb89e167e9362202f515cfb777
all5/Hamming_numbers/[0-1][22-1][32-1].wasm,33c8cfdb89e167e9362202f515cfb777
all5/Hamming_numbers/[0-1][32-1].wasm,33c8cfdb89e167e9362202f515cfb777
all5/Hamming_numbers/[1-1].wasm,33c8cfdb89e167e9362202f515cfb777
all5/Hamming_numbers/[1-1][22-1].wasm,33c8cfdb89e167e9362202f515cfb777
all5/Hamming_numbers/[1-1][22-1][32-1].wasm,33c8cfdb89e167e9362202f515cfb777
all5/Hamming_numbers/[1-1][32-1].wasm,33c8cfdb89e167e9362202f515cfb777
all5/Hamming_numbers/[1-2].wasm,33c8cfdb89e167e9362202f515cfb777
all5/Hamming_numbers/[1-2][22-1].wasm,33c8cfdb89e167e9362202f515cfb777
all5/Hamming_numbers/[1-2][22-1][32-1].wasm,33c8cfdb89e167e9362202f515cfb777
all5/Hamming_numbers/[1-2][32-1].wasm,33c8cfdb89e167e9362202f515cfb777
all5/Hamming_numbers/[1-3].wasm,33c8cfdb89e167e9362202f515cfb777
all5/Hamming_numbers/[1-3][22-1].wasm,33c8cfdb89e167e9362202f515cfb777
all5/Hamming_numbers/[1-3][22-1][32-1].wasm,33c8cfdb89e167e9362202f515cfb777
all5/Hamming_numbers/[1-3][32-1].wasm,33c8cfdb89e167e9362202f515cfb777
all5/Hamming_numbers/[1-4].wasm,33c8cfdb89e167e9362202f515cfb777
all5/Hamming_numbers/[1-4][22-1].wasm,33c8cfdb89e167e9362202f515cfb777
all5/Hamming_numbers/[1-4][22-1][32-1].wasm,33c8cfdb89e167e9362202f515cfb777
all5/Hamming_numbers/[1-4][32-1].wasm,33c8cfdb89e167e9362202f515cfb777
all5/Hamming_numbers/[18-2][34-2].wasm,55a6c51171790ebe875f06b6b0b791b5
all5/Hamming_numbers/[18-3].wasm,17fbb1bb7c35a877d163a23a2bb924e9
all5/Hamming_numbers/[2-1].wasm,b1820bde409d355361ac1ff2aa0637c6
all5/Hamming_numbers/[2-1][18-2].wasm,77e76359b16641b94ccf950bb369a5e8
all5/Hamming_numbers/[2-3].wasm,e5196aca553fe891d27e5fd5483f7053
all5/Hamming_numbers/[2-3][18-2].wasm,dcccfeb39a1715960d86abef5e04ed5a
all5/Hamming_numbers/[22-1].wasm,33c8cfdb89e167e9362202f515cfb777
all5/Hamming_numbers/[22-1][32-1].wasm,33c8cfdb89e167e9362202f515cfb777
all5/Hamming_numbers/[32-1].wasm,33c8cfdb89e167e9362202f515cfb777
all5/Hamming_numbers/[34-2].wasm,3acebd10c3a395e04d5a0c71ecd1e616
all5/Hamming_numbers/[34-4].wasm,035ff4ac2e739fc75288052c07373fbb
