name, hash
all5/Harshad_or_Niven_series/Harshad_or_Niven_series.wasm,44cdca0ce5a8c8723a1521b8fe902af1
all5/Harshad_or_Niven_series/Harshad_or_Niven_series.wasm.~1~,ead1b6db6238bf417bfa51fc5c4f7072
all5/Harshad_or_Niven_series/Harshad_or_Niven_series.wasm.~2~,44cdca0ce5a8c8723a1521b8fe902af1
all5/Harshad_or_Niven_series/Harshad_or_Niven_series.wasm.~3~,ead1b6db6238bf417bfa51fc5c4f7072
all5/Harshad_or_Niven_series/[0-1].wasm,4979111462d245e8b74abebb579ed96b
all5/Harshad_or_Niven_series/[0-1][1-1].wasm,4979111462d245e8b74abebb579ed96b
all5/Harshad_or_Niven_series/[0-1][1-1][2-1].wasm,4979111462d245e8b74abebb579ed96b
all5/Harshad_or_Niven_series/[0-1][1-1][2-1][5-1].wasm,4979111462d245e8b74abebb579ed96b
all5/Harshad_or_Niven_series/[0-1][1-1][2-2].wasm,4979111462d245e8b74abebb579ed96b
all5/Harshad_or_Niven_series/[0-1][1-1][2-2][5-1].wasm,4979111462d245e8b74abebb579ed96b
all5/Harshad_or_Niven_series/[0-1][1-1][2-3].wasm,4979111462d245e8b74abebb579ed96b
all5/Harshad_or_Niven_series/[0-1][1-1][2-3][5-1].wasm,4979111462d245e8b74abebb579ed96b
all5/Harshad_or_Niven_series/[0-1][1-1][2-4].wasm,4979111462d245e8b74abebb579ed96b
all5/Harshad_or_Niven_series/[0-1][1-1][2-4][5-1].wasm,4979111462d245e8b74abebb579ed96b
all5/Harshad_or_Niven_series/[0-1][1-1][5-1].wasm,4979111462d245e8b74abebb579ed96b
all5/Harshad_or_Niven_series/[0-1][2-1].wasm,4979111462d245e8b74abebb579ed96b
all5/Harshad_or_Niven_series/[0-1][2-1][5-1].wasm,4979111462d245e8b74abebb579ed96b
all5/Harshad_or_Niven_series/[0-1][2-2].wasm,4979111462d245e8b74abebb579ed96b
all5/Harshad_or_Niven_series/[0-1][2-2][5-1].wasm,4979111462d245e8b74abebb579ed96b
all5/Harshad_or_Niven_series/[0-1][2-3].wasm,4979111462d245e8b74abebb579ed96b
all5/Harshad_or_Niven_series/[0-1][2-3][5-1].wasm,4979111462d245e8b74abebb579ed96b
all5/Harshad_or_Niven_series/[0-1][2-4].wasm,4979111462d245e8b74abebb579ed96b
all5/Harshad_or_Niven_series/[0-1][2-4][5-1].wasm,4979111462d245e8b74abebb579ed96b
all5/Harshad_or_Niven_series/[0-1][5-1].wasm,4979111462d245e8b74abebb579ed96b
all5/Harshad_or_Niven_series/[1-1].wasm,ead1b6db6238bf417bfa51fc5c4f7072
all5/Harshad_or_Niven_series/[1-1][2-1].wasm,ead1b6db6238bf417bfa51fc5c4f7072
all5/Harshad_or_Niven_series/[1-1][2-1][5-1].wasm,ead1b6db6238bf417bfa51fc5c4f7072
all5/Harshad_or_Niven_series/[1-1][2-2].wasm,ead1b6db6238bf417bfa51fc5c4f7072
all5/Harshad_or_Niven_series/[1-1][2-2][5-1].wasm,ead1b6db6238bf417bfa51fc5c4f7072
all5/Harshad_or_Niven_series/[1-1][2-3].wasm,ead1b6db6238bf417bfa51fc5c4f7072
all5/Harshad_or_Niven_series/[1-1][2-3][5-1].wasm,ead1b6db6238bf417bfa51fc5c4f7072
all5/Harshad_or_Niven_series/[1-1][2-4].wasm,ead1b6db6238bf417bfa51fc5c4f7072
all5/Harshad_or_Niven_series/[1-1][2-4][5-1].wasm,ead1b6db6238bf417bfa51fc5c4f7072
all5/Harshad_or_Niven_series/[1-1][5-1].wasm,ead1b6db6238bf417bfa51fc5c4f7072
all5/Harshad_or_Niven_series/[2-1].wasm,ead1b6db6238bf417bfa51fc5c4f7072
all5/Harshad_or_Niven_series/[2-1][5-1].wasm,ead1b6db6238bf417bfa51fc5c4f7072
all5/Harshad_or_Niven_series/[2-2].wasm,ead1b6db6238bf417bfa51fc5c4f7072
all5/Harshad_or_Niven_series/[2-2][5-1].wasm,ead1b6db6238bf417bfa51fc5c4f7072
all5/Harshad_or_Niven_series/[2-3].wasm,ead1b6db6238bf417bfa51fc5c4f7072
all5/Harshad_or_Niven_series/[2-3][5-1].wasm,ead1b6db6238bf417bfa51fc5c4f7072
all5/Harshad_or_Niven_series/[2-4].wasm,ead1b6db6238bf417bfa51fc5c4f7072
all5/Harshad_or_Niven_series/[2-4][5-1].wasm,ead1b6db6238bf417bfa51fc5c4f7072
all5/Harshad_or_Niven_series/[5-1].wasm,ead1b6db6238bf417bfa51fc5c4f7072
