name, hash
all5/Heronian_triangles/Heronian_triangles.wasm,59ba7878f588a2c635fc4d8b54f12c9a
all5/Heronian_triangles/Heronian_triangles.wasm.~1~,59ba7878f588a2c635fc4d8b54f12c9a
all5/Heronian_triangles/Heronian_triangles.wasm.~2~,9fcc94185e5c9241def4183c28f613f2
all5/Heronian_triangles/[19-10].wasm,59ba7878f588a2c635fc4d8b54f12c9a
all5/Heronian_triangles/[19-10][28-1].wasm,59ba7878f588a2c635fc4d8b54f12c9a
all5/Heronian_triangles/[19-10][28-2].wasm,59ba7878f588a2c635fc4d8b54f12c9a
all5/Heronian_triangles/[19-10][28-3].wasm,59ba7878f588a2c635fc4d8b54f12c9a
all5/Heronian_triangles/[19-10][28-4].wasm,59ba7878f588a2c635fc4d8b54f12c9a
all5/Heronian_triangles/[19-10][28-5].wasm,59ba7878f588a2c635fc4d8b54f12c9a
all5/Heronian_triangles/[19-10][28-6].wasm,59ba7878f588a2c635fc4d8b54f12c9a
all5/Heronian_triangles/[19-10][28-7].wasm,59ba7878f588a2c635fc4d8b54f12c9a
all5/Heronian_triangles/[19-10][28-8].wasm,59ba7878f588a2c635fc4d8b54f12c9a
all5/Heronian_triangles/[19-1].wasm,59ba7878f588a2c635fc4d8b54f12c9a
all5/Heronian_triangles/[19-1][28-1].wasm,59ba7878f588a2c635fc4d8b54f12c9a
all5/Heronian_triangles/[19-1][28-2].wasm,59ba7878f588a2c635fc4d8b54f12c9a
all5/Heronian_triangles/[19-1][28-3].wasm,59ba7878f588a2c635fc4d8b54f12c9a
all5/Heronian_triangles/[19-1][28-4].wasm,59ba7878f588a2c635fc4d8b54f12c9a
all5/Heronian_triangles/[19-1][28-5].wasm,59ba7878f588a2c635fc4d8b54f12c9a
all5/Heronian_triangles/[19-1][28-6].wasm,59ba7878f588a2c635fc4d8b54f12c9a
all5/Heronian_triangles/[19-1][28-7].wasm,59ba7878f588a2c635fc4d8b54f12c9a
all5/Heronian_triangles/[19-1][28-8].wasm,59ba7878f588a2c635fc4d8b54f12c9a
all5/Heronian_triangles/[19-2].wasm,59ba7878f588a2c635fc4d8b54f12c9a
all5/Heronian_triangles/[19-2][28-1].wasm,59ba7878f588a2c635fc4d8b54f12c9a
all5/Heronian_triangles/[19-2][28-2].wasm,59ba7878f588a2c635fc4d8b54f12c9a
all5/Heronian_triangles/[19-2][28-3].wasm,59ba7878f588a2c635fc4d8b54f12c9a
all5/Heronian_triangles/[19-2][28-4].wasm,59ba7878f588a2c635fc4d8b54f12c9a
all5/Heronian_triangles/[19-2][28-5].wasm,59ba7878f588a2c635fc4d8b54f12c9a
all5/Heronian_triangles/[19-2][28-6].wasm,59ba7878f588a2c635fc4d8b54f12c9a
all5/Heronian_triangles/[19-2][28-7].wasm,59ba7878f588a2c635fc4d8b54f12c9a
all5/Heronian_triangles/[19-2][28-8].wasm,59ba7878f588a2c635fc4d8b54f12c9a
all5/Heronian_triangles/[19-3].wasm,59ba7878f588a2c635fc4d8b54f12c9a
all5/Heronian_triangles/[19-3][28-1].wasm,59ba7878f588a2c635fc4d8b54f12c9a
all5/Heronian_triangles/[19-3][28-2].wasm,59ba7878f588a2c635fc4d8b54f12c9a
all5/Heronian_triangles/[19-3][28-3].wasm,59ba7878f588a2c635fc4d8b54f12c9a
all5/Heronian_triangles/[19-3][28-4].wasm,59ba7878f588a2c635fc4d8b54f12c9a
all5/Heronian_triangles/[19-3][28-5].wasm,59ba7878f588a2c635fc4d8b54f12c9a
all5/Heronian_triangles/[19-3][28-6].wasm,59ba7878f588a2c635fc4d8b54f12c9a
all5/Heronian_triangles/[19-3][28-7].wasm,59ba7878f588a2c635fc4d8b54f12c9a
all5/Heronian_triangles/[19-3][28-8].wasm,59ba7878f588a2c635fc4d8b54f12c9a
all5/Heronian_triangles/[19-4].wasm,59ba7878f588a2c635fc4d8b54f12c9a
all5/Heronian_triangles/[19-4][28-1].wasm,59ba7878f588a2c635fc4d8b54f12c9a
all5/Heronian_triangles/[19-4][28-2].wasm,59ba7878f588a2c635fc4d8b54f12c9a
all5/Heronian_triangles/[19-4][28-3].wasm,59ba7878f588a2c635fc4d8b54f12c9a
all5/Heronian_triangles/[19-4][28-4].wasm,59ba7878f588a2c635fc4d8b54f12c9a
all5/Heronian_triangles/[19-4][28-5].wasm,59ba7878f588a2c635fc4d8b54f12c9a
all5/Heronian_triangles/[19-4][28-6].wasm,59ba7878f588a2c635fc4d8b54f12c9a
all5/Heronian_triangles/[19-4][28-7].wasm,59ba7878f588a2c635fc4d8b54f12c9a
all5/Heronian_triangles/[19-4][28-8].wasm,59ba7878f588a2c635fc4d8b54f12c9a
all5/Heronian_triangles/[19-5].wasm,59ba7878f588a2c635fc4d8b54f12c9a
all5/Heronian_triangles/[19-5][28-1].wasm,59ba7878f588a2c635fc4d8b54f12c9a
all5/Heronian_triangles/[19-5][28-2].wasm,59ba7878f588a2c635fc4d8b54f12c9a
all5/Heronian_triangles/[19-5][28-3].wasm,59ba7878f588a2c635fc4d8b54f12c9a
all5/Heronian_triangles/[19-5][28-4].wasm,59ba7878f588a2c635fc4d8b54f12c9a
all5/Heronian_triangles/[19-5][28-5].wasm,59ba7878f588a2c635fc4d8b54f12c9a
all5/Heronian_triangles/[19-5][28-6].wasm,59ba7878f588a2c635fc4d8b54f12c9a
all5/Heronian_triangles/[19-5][28-7].wasm,59ba7878f588a2c635fc4d8b54f12c9a
all5/Heronian_triangles/[19-5][28-8].wasm,59ba7878f588a2c635fc4d8b54f12c9a
all5/Heronian_triangles/[19-6].wasm,59ba7878f588a2c635fc4d8b54f12c9a
all5/Heronian_triangles/[19-6][28-1].wasm,59ba7878f588a2c635fc4d8b54f12c9a
all5/Heronian_triangles/[19-6][28-2].wasm,59ba7878f588a2c635fc4d8b54f12c9a
all5/Heronian_triangles/[19-6][28-3].wasm,59ba7878f588a2c635fc4d8b54f12c9a
all5/Heronian_triangles/[19-6][28-4].wasm,59ba7878f588a2c635fc4d8b54f12c9a
all5/Heronian_triangles/[19-6][28-5].wasm,59ba7878f588a2c635fc4d8b54f12c9a
all5/Heronian_triangles/[19-6][28-6].wasm,59ba7878f588a2c635fc4d8b54f12c9a
all5/Heronian_triangles/[19-6][28-7].wasm,59ba7878f588a2c635fc4d8b54f12c9a
all5/Heronian_triangles/[19-6][28-8].wasm,59ba7878f588a2c635fc4d8b54f12c9a
all5/Heronian_triangles/[19-7].wasm,59ba7878f588a2c635fc4d8b54f12c9a
all5/Heronian_triangles/[19-7][28-1].wasm,59ba7878f588a2c635fc4d8b54f12c9a
all5/Heronian_triangles/[19-7][28-2].wasm,59ba7878f588a2c635fc4d8b54f12c9a
all5/Heronian_triangles/[19-7][28-3].wasm,59ba7878f588a2c635fc4d8b54f12c9a
all5/Heronian_triangles/[19-7][28-4].wasm,59ba7878f588a2c635fc4d8b54f12c9a
all5/Heronian_triangles/[19-7][28-5].wasm,59ba7878f588a2c635fc4d8b54f12c9a
all5/Heronian_triangles/[19-7][28-6].wasm,59ba7878f588a2c635fc4d8b54f12c9a
all5/Heronian_triangles/[19-7][28-7].wasm,59ba7878f588a2c635fc4d8b54f12c9a
all5/Heronian_triangles/[19-7][28-8].wasm,59ba7878f588a2c635fc4d8b54f12c9a
all5/Heronian_triangles/[19-8].wasm,59ba7878f588a2c635fc4d8b54f12c9a
all5/Heronian_triangles/[19-8][28-1].wasm,59ba7878f588a2c635fc4d8b54f12c9a
all5/Heronian_triangles/[19-8][28-2].wasm,59ba7878f588a2c635fc4d8b54f12c9a
all5/Heronian_triangles/[19-8][28-3].wasm,59ba7878f588a2c635fc4d8b54f12c9a
all5/Heronian_triangles/[19-8][28-4].wasm,59ba7878f588a2c635fc4d8b54f12c9a
all5/Heronian_triangles/[19-8][28-5].wasm,59ba7878f588a2c635fc4d8b54f12c9a
all5/Heronian_triangles/[19-8][28-6].wasm,59ba7878f588a2c635fc4d8b54f12c9a
all5/Heronian_triangles/[19-8][28-7].wasm,59ba7878f588a2c635fc4d8b54f12c9a
all5/Heronian_triangles/[19-8][28-8].wasm,59ba7878f588a2c635fc4d8b54f12c9a
all5/Heronian_triangles/[19-9].wasm,59ba7878f588a2c635fc4d8b54f12c9a
all5/Heronian_triangles/[19-9][28-1].wasm,59ba7878f588a2c635fc4d8b54f12c9a
all5/Heronian_triangles/[19-9][28-2].wasm,59ba7878f588a2c635fc4d8b54f12c9a
all5/Heronian_triangles/[19-9][28-3].wasm,59ba7878f588a2c635fc4d8b54f12c9a
all5/Heronian_triangles/[19-9][28-4].wasm,59ba7878f588a2c635fc4d8b54f12c9a
all5/Heronian_triangles/[19-9][28-5].wasm,59ba7878f588a2c635fc4d8b54f12c9a
all5/Heronian_triangles/[19-9][28-6].wasm,59ba7878f588a2c635fc4d8b54f12c9a
all5/Heronian_triangles/[19-9][28-7].wasm,59ba7878f588a2c635fc4d8b54f12c9a
all5/Heronian_triangles/[19-9][28-8].wasm,59ba7878f588a2c635fc4d8b54f12c9a
all5/Heronian_triangles/[2-1].wasm,59ba7878f588a2c635fc4d8b54f12c9a
all5/Heronian_triangles/[2-1][19-10].wasm,59ba7878f588a2c635fc4d8b54f12c9a
all5/Heronian_triangles/[2-1][19-10][28-1].wasm,59ba7878f588a2c635fc4d8b54f12c9a
all5/Heronian_triangles/[2-1][19-10][28-2].wasm,59ba7878f588a2c635fc4d8b54f12c9a
all5/Heronian_triangles/[2-1][19-10][28-3].wasm,59ba7878f588a2c635fc4d8b54f12c9a
all5/Heronian_triangles/[2-1][19-10][28-4].wasm,59ba7878f588a2c635fc4d8b54f12c9a
all5/Heronian_triangles/[2-1][19-10][28-5].wasm,59ba7878f588a2c635fc4d8b54f12c9a
all5/Heronian_triangles/[2-1][19-10][28-6].wasm,59ba7878f588a2c635fc4d8b54f12c9a
all5/Heronian_triangles/[2-1][19-10][28-7].wasm,59ba7878f588a2c635fc4d8b54f12c9a
all5/Heronian_triangles/[2-1][19-10][28-8].wasm,59ba7878f588a2c635fc4d8b54f12c9a
all5/Heronian_triangles/[2-1][19-1].wasm,59ba7878f588a2c635fc4d8b54f12c9a
all5/Heronian_triangles/[2-1][19-1][28-1].wasm,59ba7878f588a2c635fc4d8b54f12c9a
all5/Heronian_triangles/[2-1][19-1][28-2].wasm,59ba7878f588a2c635fc4d8b54f12c9a
all5/Heronian_triangles/[2-1][19-1][28-3].wasm,59ba7878f588a2c635fc4d8b54f12c9a
all5/Heronian_triangles/[2-1][19-1][28-4].wasm,59ba7878f588a2c635fc4d8b54f12c9a
all5/Heronian_triangles/[2-1][19-1][28-5].wasm,59ba7878f588a2c635fc4d8b54f12c9a
all5/Heronian_triangles/[2-1][19-1][28-6].wasm,59ba7878f588a2c635fc4d8b54f12c9a
all5/Heronian_triangles/[2-1][19-1][28-7].wasm,59ba7878f588a2c635fc4d8b54f12c9a
all5/Heronian_triangles/[2-1][19-1][28-8].wasm,59ba7878f588a2c635fc4d8b54f12c9a
all5/Heronian_triangles/[2-1][19-2].wasm,59ba7878f588a2c635fc4d8b54f12c9a
all5/Heronian_triangles/[2-1][19-2][28-1].wasm,59ba7878f588a2c635fc4d8b54f12c9a
all5/Heronian_triangles/[2-1][19-2][28-2].wasm,59ba7878f588a2c635fc4d8b54f12c9a
all5/Heronian_triangles/[2-1][19-2][28-3].wasm,59ba7878f588a2c635fc4d8b54f12c9a
all5/Heronian_triangles/[2-1][19-2][28-4].wasm,59ba7878f588a2c635fc4d8b54f12c9a
all5/Heronian_triangles/[2-1][19-2][28-5].wasm,59ba7878f588a2c635fc4d8b54f12c9a
all5/Heronian_triangles/[2-1][19-2][28-6].wasm,59ba7878f588a2c635fc4d8b54f12c9a
all5/Heronian_triangles/[2-1][19-2][28-7].wasm,59ba7878f588a2c635fc4d8b54f12c9a
all5/Heronian_triangles/[2-1][19-2][28-8].wasm,59ba7878f588a2c635fc4d8b54f12c9a
all5/Heronian_triangles/[2-1][19-3].wasm,59ba7878f588a2c635fc4d8b54f12c9a
all5/Heronian_triangles/[2-1][19-3][28-1].wasm,59ba7878f588a2c635fc4d8b54f12c9a
all5/Heronian_triangles/[2-1][19-3][28-2].wasm,59ba7878f588a2c635fc4d8b54f12c9a
all5/Heronian_triangles/[2-1][19-3][28-3].wasm,59ba7878f588a2c635fc4d8b54f12c9a
all5/Heronian_triangles/[2-1][19-3][28-4].wasm,59ba7878f588a2c635fc4d8b54f12c9a
all5/Heronian_triangles/[2-1][19-3][28-5].wasm,59ba7878f588a2c635fc4d8b54f12c9a
all5/Heronian_triangles/[2-1][19-3][28-6].wasm,59ba7878f588a2c635fc4d8b54f12c9a
all5/Heronian_triangles/[2-1][19-3][28-7].wasm,59ba7878f588a2c635fc4d8b54f12c9a
all5/Heronian_triangles/[2-1][19-3][28-8].wasm,59ba7878f588a2c635fc4d8b54f12c9a
all5/Heronian_triangles/[2-1][19-4].wasm,59ba7878f588a2c635fc4d8b54f12c9a
all5/Heronian_triangles/[2-1][19-4][28-1].wasm,59ba7878f588a2c635fc4d8b54f12c9a
all5/Heronian_triangles/[2-1][19-4][28-2].wasm,59ba7878f588a2c635fc4d8b54f12c9a
all5/Heronian_triangles/[2-1][19-4][28-3].wasm,59ba7878f588a2c635fc4d8b54f12c9a
all5/Heronian_triangles/[2-1][19-4][28-4].wasm,59ba7878f588a2c635fc4d8b54f12c9a
all5/Heronian_triangles/[2-1][19-4][28-5].wasm,59ba7878f588a2c635fc4d8b54f12c9a
all5/Heronian_triangles/[2-1][19-4][28-6].wasm,59ba7878f588a2c635fc4d8b54f12c9a
all5/Heronian_triangles/[2-1][19-4][28-7].wasm,59ba7878f588a2c635fc4d8b54f12c9a
all5/Heronian_triangles/[2-1][19-4][28-8].wasm,59ba7878f588a2c635fc4d8b54f12c9a
all5/Heronian_triangles/[2-1][19-5].wasm,59ba7878f588a2c635fc4d8b54f12c9a
all5/Heronian_triangles/[2-1][19-5][28-1].wasm,59ba7878f588a2c635fc4d8b54f12c9a
all5/Heronian_triangles/[2-1][19-5][28-2].wasm,59ba7878f588a2c635fc4d8b54f12c9a
all5/Heronian_triangles/[2-1][19-5][28-3].wasm,59ba7878f588a2c635fc4d8b54f12c9a
all5/Heronian_triangles/[2-1][19-5][28-4].wasm,59ba7878f588a2c635fc4d8b54f12c9a
all5/Heronian_triangles/[2-1][19-5][28-5].wasm,59ba7878f588a2c635fc4d8b54f12c9a
all5/Heronian_triangles/[2-1][19-5][28-6].wasm,59ba7878f588a2c635fc4d8b54f12c9a
all5/Heronian_triangles/[2-1][19-5][28-7].wasm,59ba7878f588a2c635fc4d8b54f12c9a
all5/Heronian_triangles/[2-1][19-5][28-8].wasm,59ba7878f588a2c635fc4d8b54f12c9a
all5/Heronian_triangles/[2-1][19-6].wasm,59ba7878f588a2c635fc4d8b54f12c9a
all5/Heronian_triangles/[2-1][19-6][28-1].wasm,59ba7878f588a2c635fc4d8b54f12c9a
all5/Heronian_triangles/[2-1][19-6][28-2].wasm,59ba7878f588a2c635fc4d8b54f12c9a
all5/Heronian_triangles/[2-1][19-6][28-3].wasm,59ba7878f588a2c635fc4d8b54f12c9a
all5/Heronian_triangles/[2-1][19-6][28-4].wasm,59ba7878f588a2c635fc4d8b54f12c9a
all5/Heronian_triangles/[2-1][19-6][28-5].wasm,59ba7878f588a2c635fc4d8b54f12c9a
all5/Heronian_triangles/[2-1][19-6][28-6].wasm,59ba7878f588a2c635fc4d8b54f12c9a
all5/Heronian_triangles/[2-1][19-6][28-7].wasm,59ba7878f588a2c635fc4d8b54f12c9a
all5/Heronian_triangles/[2-1][19-6][28-8].wasm,59ba7878f588a2c635fc4d8b54f12c9a
all5/Heronian_triangles/[2-1][19-7].wasm,59ba7878f588a2c635fc4d8b54f12c9a
all5/Heronian_triangles/[2-1][19-7][28-1].wasm,59ba7878f588a2c635fc4d8b54f12c9a
all5/Heronian_triangles/[2-1][19-7][28-2].wasm,59ba7878f588a2c635fc4d8b54f12c9a
all5/Heronian_triangles/[2-1][19-7][28-3].wasm,59ba7878f588a2c635fc4d8b54f12c9a
all5/Heronian_triangles/[2-1][19-7][28-4].wasm,59ba7878f588a2c635fc4d8b54f12c9a
all5/Heronian_triangles/[2-1][19-7][28-5].wasm,59ba7878f588a2c635fc4d8b54f12c9a
all5/Heronian_triangles/[2-1][19-7][28-6].wasm,59ba7878f588a2c635fc4d8b54f12c9a
all5/Heronian_triangles/[2-1][19-7][28-7].wasm,59ba7878f588a2c635fc4d8b54f12c9a
all5/Heronian_triangles/[2-1][19-7][28-8].wasm,59ba7878f588a2c635fc4d8b54f12c9a
all5/Heronian_triangles/[2-1][19-8].wasm,59ba7878f588a2c635fc4d8b54f12c9a
all5/Heronian_triangles/[2-1][19-8][28-1].wasm,59ba7878f588a2c635fc4d8b54f12c9a
all5/Heronian_triangles/[2-1][19-8][28-2].wasm,59ba7878f588a2c635fc4d8b54f12c9a
all5/Heronian_triangles/[2-1][19-8][28-3].wasm,59ba7878f588a2c635fc4d8b54f12c9a
all5/Heronian_triangles/[2-1][19-8][28-4].wasm,59ba7878f588a2c635fc4d8b54f12c9a
all5/Heronian_triangles/[2-1][19-8][28-5].wasm,59ba7878f588a2c635fc4d8b54f12c9a
all5/Heronian_triangles/[2-1][19-8][28-6].wasm,59ba7878f588a2c635fc4d8b54f12c9a
all5/Heronian_triangles/[2-1][19-8][28-7].wasm,59ba7878f588a2c635fc4d8b54f12c9a
all5/Heronian_triangles/[2-1][19-8][28-8].wasm,59ba7878f588a2c635fc4d8b54f12c9a
all5/Heronian_triangles/[2-1][19-9].wasm,59ba7878f588a2c635fc4d8b54f12c9a
all5/Heronian_triangles/[2-1][19-9][28-1].wasm,59ba7878f588a2c635fc4d8b54f12c9a
all5/Heronian_triangles/[2-1][19-9][28-2].wasm,59ba7878f588a2c635fc4d8b54f12c9a
all5/Heronian_triangles/[2-1][19-9][28-3].wasm,59ba7878f588a2c635fc4d8b54f12c9a
all5/Heronian_triangles/[2-1][19-9][28-4].wasm,59ba7878f588a2c635fc4d8b54f12c9a
all5/Heronian_triangles/[2-1][19-9][28-5].wasm,59ba7878f588a2c635fc4d8b54f12c9a
all5/Heronian_triangles/[2-1][19-9][28-6].wasm,59ba7878f588a2c635fc4d8b54f12c9a
all5/Heronian_triangles/[2-1][19-9][28-7].wasm,59ba7878f588a2c635fc4d8b54f12c9a
all5/Heronian_triangles/[2-1][19-9][28-8].wasm,59ba7878f588a2c635fc4d8b54f12c9a
all5/Heronian_triangles/[2-1][28-1].wasm,59ba7878f588a2c635fc4d8b54f12c9a
all5/Heronian_triangles/[2-1][28-2].wasm,59ba7878f588a2c635fc4d8b54f12c9a
all5/Heronian_triangles/[2-1][28-3].wasm,59ba7878f588a2c635fc4d8b54f12c9a
all5/Heronian_triangles/[2-1][28-4].wasm,59ba7878f588a2c635fc4d8b54f12c9a
all5/Heronian_triangles/[2-1][28-5].wasm,59ba7878f588a2c635fc4d8b54f12c9a
all5/Heronian_triangles/[2-1][28-6].wasm,59ba7878f588a2c635fc4d8b54f12c9a
all5/Heronian_triangles/[2-1][28-7].wasm,59ba7878f588a2c635fc4d8b54f12c9a
all5/Heronian_triangles/[2-1][28-8].wasm,59ba7878f588a2c635fc4d8b54f12c9a
all5/Heronian_triangles/[2-1][6-1].wasm,59ba7878f588a2c635fc4d8b54f12c9a
all5/Heronian_triangles/[2-1][6-1][19-10].wasm,59ba7878f588a2c635fc4d8b54f12c9a
all5/Heronian_triangles/[2-1][6-1][19-10][28-1].wasm,59ba7878f588a2c635fc4d8b54f12c9a
all5/Heronian_triangles/[2-1][6-1][19-10][28-2].wasm,59ba7878f588a2c635fc4d8b54f12c9a
all5/Heronian_triangles/[2-1][6-1][19-10][28-3].wasm,59ba7878f588a2c635fc4d8b54f12c9a
all5/Heronian_triangles/[2-1][6-1][19-10][28-4].wasm,59ba7878f588a2c635fc4d8b54f12c9a
all5/Heronian_triangles/[2-1][6-1][19-10][28-5].wasm,59ba7878f588a2c635fc4d8b54f12c9a
all5/Heronian_triangles/[2-1][6-1][19-10][28-6].wasm,59ba7878f588a2c635fc4d8b54f12c9a
all5/Heronian_triangles/[2-1][6-1][19-10][28-7].wasm,59ba7878f588a2c635fc4d8b54f12c9a
all5/Heronian_triangles/[2-1][6-1][19-10][28-8].wasm,59ba7878f588a2c635fc4d8b54f12c9a
all5/Heronian_triangles/[2-1][6-1][19-1].wasm,59ba7878f588a2c635fc4d8b54f12c9a
all5/Heronian_triangles/[2-1][6-1][19-1][28-1].wasm,59ba7878f588a2c635fc4d8b54f12c9a
all5/Heronian_triangles/[2-1][6-1][19-1][28-2].wasm,59ba7878f588a2c635fc4d8b54f12c9a
all5/Heronian_triangles/[2-1][6-1][19-1][28-3].wasm,59ba7878f588a2c635fc4d8b54f12c9a
all5/Heronian_triangles/[2-1][6-1][19-1][28-4].wasm,59ba7878f588a2c635fc4d8b54f12c9a
all5/Heronian_triangles/[2-1][6-1][19-1][28-5].wasm,59ba7878f588a2c635fc4d8b54f12c9a
all5/Heronian_triangles/[2-1][6-1][19-1][28-6].wasm,59ba7878f588a2c635fc4d8b54f12c9a
all5/Heronian_triangles/[2-1][6-1][19-1][28-7].wasm,59ba7878f588a2c635fc4d8b54f12c9a
all5/Heronian_triangles/[2-1][6-1][19-1][28-8].wasm,59ba7878f588a2c635fc4d8b54f12c9a
all5/Heronian_triangles/[2-1][6-1][19-2].wasm,59ba7878f588a2c635fc4d8b54f12c9a
all5/Heronian_triangles/[2-1][6-1][19-2][28-1].wasm,59ba7878f588a2c635fc4d8b54f12c9a
all5/Heronian_triangles/[2-1][6-1][19-2][28-2].wasm,59ba7878f588a2c635fc4d8b54f12c9a
all5/Heronian_triangles/[2-1][6-1][19-2][28-3].wasm,59ba7878f588a2c635fc4d8b54f12c9a
all5/Heronian_triangles/[2-1][6-1][19-2][28-4].wasm,59ba7878f588a2c635fc4d8b54f12c9a
all5/Heronian_triangles/[2-1][6-1][19-2][28-5].wasm,59ba7878f588a2c635fc4d8b54f12c9a
all5/Heronian_triangles/[2-1][6-1][19-2][28-6].wasm,59ba7878f588a2c635fc4d8b54f12c9a
all5/Heronian_triangles/[2-1][6-1][19-2][28-7].wasm,59ba7878f588a2c635fc4d8b54f12c9a
all5/Heronian_triangles/[2-1][6-1][19-2][28-8].wasm,59ba7878f588a2c635fc4d8b54f12c9a
all5/Heronian_triangles/[2-1][6-1][19-3].wasm,59ba7878f588a2c635fc4d8b54f12c9a
all5/Heronian_triangles/[2-1][6-1][19-3][28-1].wasm,59ba7878f588a2c635fc4d8b54f12c9a
all5/Heronian_triangles/[2-1][6-1][19-3][28-2].wasm,59ba7878f588a2c635fc4d8b54f12c9a
all5/Heronian_triangles/[2-1][6-1][19-3][28-3].wasm,59ba7878f588a2c635fc4d8b54f12c9a
all5/Heronian_triangles/[2-1][6-1][19-3][28-4].wasm,59ba7878f588a2c635fc4d8b54f12c9a
all5/Heronian_triangles/[2-1][6-1][19-3][28-5].wasm,59ba7878f588a2c635fc4d8b54f12c9a
all5/Heronian_triangles/[2-1][6-1][19-3][28-6].wasm,59ba7878f588a2c635fc4d8b54f12c9a
all5/Heronian_triangles/[2-1][6-1][19-3][28-7].wasm,59ba7878f588a2c635fc4d8b54f12c9a
all5/Heronian_triangles/[2-1][6-1][19-3][28-8].wasm,59ba7878f588a2c635fc4d8b54f12c9a
all5/Heronian_triangles/[2-1][6-1][19-4].wasm,59ba7878f588a2c635fc4d8b54f12c9a
all5/Heronian_triangles/[2-1][6-1][19-4][28-1].wasm,59ba7878f588a2c635fc4d8b54f12c9a
all5/Heronian_triangles/[2-1][6-1][19-4][28-2].wasm,59ba7878f588a2c635fc4d8b54f12c9a
all5/Heronian_triangles/[2-1][6-1][19-4][28-3].wasm,59ba7878f588a2c635fc4d8b54f12c9a
all5/Heronian_triangles/[2-1][6-1][19-4][28-4].wasm,59ba7878f588a2c635fc4d8b54f12c9a
all5/Heronian_triangles/[2-1][6-1][19-4][28-5].wasm,59ba7878f588a2c635fc4d8b54f12c9a
all5/Heronian_triangles/[2-1][6-1][19-4][28-6].wasm,59ba7878f588a2c635fc4d8b54f12c9a
all5/Heronian_triangles/[2-1][6-1][19-4][28-7].wasm,59ba7878f588a2c635fc4d8b54f12c9a
all5/Heronian_triangles/[2-1][6-1][19-4][28-8].wasm,59ba7878f588a2c635fc4d8b54f12c9a
all5/Heronian_triangles/[2-1][6-1][19-5].wasm,59ba7878f588a2c635fc4d8b54f12c9a
all5/Heronian_triangles/[2-1][6-1][19-5][28-1].wasm,59ba7878f588a2c635fc4d8b54f12c9a
all5/Heronian_triangles/[2-1][6-1][19-5][28-2].wasm,59ba7878f588a2c635fc4d8b54f12c9a
all5/Heronian_triangles/[2-1][6-1][19-5][28-3].wasm,59ba7878f588a2c635fc4d8b54f12c9a
all5/Heronian_triangles/[2-1][6-1][19-5][28-4].wasm,59ba7878f588a2c635fc4d8b54f12c9a
all5/Heronian_triangles/[2-1][6-1][19-5][28-5].wasm,59ba7878f588a2c635fc4d8b54f12c9a
all5/Heronian_triangles/[2-1][6-1][19-5][28-6].wasm,59ba7878f588a2c635fc4d8b54f12c9a
all5/Heronian_triangles/[2-1][6-1][19-5][28-7].wasm,59ba7878f588a2c635fc4d8b54f12c9a
all5/Heronian_triangles/[2-1][6-1][19-5][28-8].wasm,59ba7878f588a2c635fc4d8b54f12c9a
all5/Heronian_triangles/[2-1][6-1][19-6].wasm,59ba7878f588a2c635fc4d8b54f12c9a
all5/Heronian_triangles/[2-1][6-1][19-6][28-1].wasm,59ba7878f588a2c635fc4d8b54f12c9a
all5/Heronian_triangles/[2-1][6-1][19-6][28-2].wasm,59ba7878f588a2c635fc4d8b54f12c9a
all5/Heronian_triangles/[2-1][6-1][19-6][28-3].wasm,59ba7878f588a2c635fc4d8b54f12c9a
all5/Heronian_triangles/[2-1][6-1][19-6][28-4].wasm,59ba7878f588a2c635fc4d8b54f12c9a
all5/Heronian_triangles/[2-1][6-1][19-6][28-5].wasm,59ba7878f588a2c635fc4d8b54f12c9a
all5/Heronian_triangles/[2-1][6-1][19-6][28-6].wasm,59ba7878f588a2c635fc4d8b54f12c9a
all5/Heronian_triangles/[2-1][6-1][19-6][28-7].wasm,59ba7878f588a2c635fc4d8b54f12c9a
all5/Heronian_triangles/[2-1][6-1][19-6][28-8].wasm,59ba7878f588a2c635fc4d8b54f12c9a
all5/Heronian_triangles/[2-1][6-1][19-7].wasm,59ba7878f588a2c635fc4d8b54f12c9a
all5/Heronian_triangles/[2-1][6-1][19-7][28-1].wasm,59ba7878f588a2c635fc4d8b54f12c9a
all5/Heronian_triangles/[2-1][6-1][19-7][28-2].wasm,59ba7878f588a2c635fc4d8b54f12c9a
all5/Heronian_triangles/[2-1][6-1][19-7][28-3].wasm,59ba7878f588a2c635fc4d8b54f12c9a
all5/Heronian_triangles/[2-1][6-1][19-7][28-4].wasm,59ba7878f588a2c635fc4d8b54f12c9a
all5/Heronian_triangles/[2-1][6-1][19-7][28-5].wasm,59ba7878f588a2c635fc4d8b54f12c9a
all5/Heronian_triangles/[2-1][6-1][19-7][28-6].wasm,59ba7878f588a2c635fc4d8b54f12c9a
all5/Heronian_triangles/[2-1][6-1][19-7][28-7].wasm,59ba7878f588a2c635fc4d8b54f12c9a
all5/Heronian_triangles/[2-1][6-1][19-7][28-8].wasm,59ba7878f588a2c635fc4d8b54f12c9a
all5/Heronian_triangles/[2-1][6-1][19-8].wasm,59ba7878f588a2c635fc4d8b54f12c9a
all5/Heronian_triangles/[2-1][6-1][19-8][28-1].wasm,59ba7878f588a2c635fc4d8b54f12c9a
all5/Heronian_triangles/[2-1][6-1][19-8][28-2].wasm,59ba7878f588a2c635fc4d8b54f12c9a
all5/Heronian_triangles/[2-1][6-1][19-8][28-3].wasm,59ba7878f588a2c635fc4d8b54f12c9a
all5/Heronian_triangles/[2-1][6-1][19-8][28-4].wasm,59ba7878f588a2c635fc4d8b54f12c9a
all5/Heronian_triangles/[2-1][6-1][19-8][28-5].wasm,59ba7878f588a2c635fc4d8b54f12c9a
all5/Heronian_triangles/[2-1][6-1][19-8][28-6].wasm,59ba7878f588a2c635fc4d8b54f12c9a
all5/Heronian_triangles/[2-1][6-1][19-8][28-7].wasm,59ba7878f588a2c635fc4d8b54f12c9a
all5/Heronian_triangles/[2-1][6-1][19-8][28-8].wasm,59ba7878f588a2c635fc4d8b54f12c9a
all5/Heronian_triangles/[2-1][6-1][19-9].wasm,59ba7878f588a2c635fc4d8b54f12c9a
all5/Heronian_triangles/[2-1][6-1][19-9][28-1].wasm,59ba7878f588a2c635fc4d8b54f12c9a
all5/Heronian_triangles/[2-1][6-1][19-9][28-2].wasm,59ba7878f588a2c635fc4d8b54f12c9a
all5/Heronian_triangles/[2-1][6-1][19-9][28-3].wasm,59ba7878f588a2c635fc4d8b54f12c9a
all5/Heronian_triangles/[2-1][6-1][19-9][28-4].wasm,59ba7878f588a2c635fc4d8b54f12c9a
all5/Heronian_triangles/[2-1][6-1][19-9][28-5].wasm,59ba7878f588a2c635fc4d8b54f12c9a
all5/Heronian_triangles/[2-1][6-1][19-9][28-6].wasm,59ba7878f588a2c635fc4d8b54f12c9a
all5/Heronian_triangles/[2-1][6-1][19-9][28-7].wasm,59ba7878f588a2c635fc4d8b54f12c9a
all5/Heronian_triangles/[2-1][6-1][19-9][28-8].wasm,59ba7878f588a2c635fc4d8b54f12c9a
all5/Heronian_triangles/[2-1][6-1][28-1].wasm,59ba7878f588a2c635fc4d8b54f12c9a
all5/Heronian_triangles/[2-1][6-1][28-2].wasm,59ba7878f588a2c635fc4d8b54f12c9a
all5/Heronian_triangles/[2-1][6-1][28-3].wasm,59ba7878f588a2c635fc4d8b54f12c9a
all5/Heronian_triangles/[2-1][6-1][28-4].wasm,59ba7878f588a2c635fc4d8b54f12c9a
all5/Heronian_triangles/[2-1][6-1][28-5].wasm,59ba7878f588a2c635fc4d8b54f12c9a
all5/Heronian_triangles/[2-1][6-1][28-6].wasm,59ba7878f588a2c635fc4d8b54f12c9a
all5/Heronian_triangles/[2-1][6-1][28-7].wasm,59ba7878f588a2c635fc4d8b54f12c9a
all5/Heronian_triangles/[2-1][6-1][28-8].wasm,59ba7878f588a2c635fc4d8b54f12c9a
all5/Heronian_triangles/[2-1][6-2].wasm,59ba7878f588a2c635fc4d8b54f12c9a
all5/Heronian_triangles/[2-1][6-2][19-10].wasm,59ba7878f588a2c635fc4d8b54f12c9a
all5/Heronian_triangles/[2-1][6-2][19-10][28-1].wasm,59ba7878f588a2c635fc4d8b54f12c9a
all5/Heronian_triangles/[2-1][6-2][19-10][28-2].wasm,59ba7878f588a2c635fc4d8b54f12c9a
all5/Heronian_triangles/[2-1][6-2][19-10][28-3].wasm,59ba7878f588a2c635fc4d8b54f12c9a
all5/Heronian_triangles/[2-1][6-2][19-10][28-4].wasm,59ba7878f588a2c635fc4d8b54f12c9a
all5/Heronian_triangles/[2-1][6-2][19-10][28-5].wasm,59ba7878f588a2c635fc4d8b54f12c9a
all5/Heronian_triangles/[2-1][6-2][19-10][28-6].wasm,59ba7878f588a2c635fc4d8b54f12c9a
all5/Heronian_triangles/[2-1][6-2][19-10][28-7].wasm,59ba7878f588a2c635fc4d8b54f12c9a
all5/Heronian_triangles/[2-1][6-2][19-10][28-8].wasm,59ba7878f588a2c635fc4d8b54f12c9a
all5/Heronian_triangles/[2-1][6-2][19-1].wasm,59ba7878f588a2c635fc4d8b54f12c9a
all5/Heronian_triangles/[2-1][6-2][19-1][28-1].wasm,59ba7878f588a2c635fc4d8b54f12c9a
all5/Heronian_triangles/[2-1][6-2][19-1][28-2].wasm,59ba7878f588a2c635fc4d8b54f12c9a
all5/Heronian_triangles/[2-1][6-2][19-1][28-3].wasm,59ba7878f588a2c635fc4d8b54f12c9a
all5/Heronian_triangles/[2-1][6-2][19-1][28-4].wasm,59ba7878f588a2c635fc4d8b54f12c9a
all5/Heronian_triangles/[2-1][6-2][19-1][28-5].wasm,59ba7878f588a2c635fc4d8b54f12c9a
all5/Heronian_triangles/[2-1][6-2][19-1][28-6].wasm,59ba7878f588a2c635fc4d8b54f12c9a
all5/Heronian_triangles/[2-1][6-2][19-1][28-7].wasm,59ba7878f588a2c635fc4d8b54f12c9a
all5/Heronian_triangles/[2-1][6-2][19-1][28-8].wasm,59ba7878f588a2c635fc4d8b54f12c9a
all5/Heronian_triangles/[2-1][6-2][19-2].wasm,59ba7878f588a2c635fc4d8b54f12c9a
all5/Heronian_triangles/[2-1][6-2][19-2][28-1].wasm,59ba7878f588a2c635fc4d8b54f12c9a
all5/Heronian_triangles/[2-1][6-2][19-2][28-2].wasm,59ba7878f588a2c635fc4d8b54f12c9a
all5/Heronian_triangles/[2-1][6-2][19-2][28-3].wasm,59ba7878f588a2c635fc4d8b54f12c9a
all5/Heronian_triangles/[2-1][6-2][19-2][28-4].wasm,59ba7878f588a2c635fc4d8b54f12c9a
all5/Heronian_triangles/[2-1][6-2][19-2][28-5].wasm,59ba7878f588a2c635fc4d8b54f12c9a
all5/Heronian_triangles/[2-1][6-2][19-2][28-6].wasm,59ba7878f588a2c635fc4d8b54f12c9a
all5/Heronian_triangles/[2-1][6-2][19-2][28-7].wasm,59ba7878f588a2c635fc4d8b54f12c9a
all5/Heronian_triangles/[2-1][6-2][19-2][28-8].wasm,59ba7878f588a2c635fc4d8b54f12c9a
all5/Heronian_triangles/[2-1][6-2][19-3].wasm,59ba7878f588a2c635fc4d8b54f12c9a
all5/Heronian_triangles/[2-1][6-2][19-3][28-1].wasm,59ba7878f588a2c635fc4d8b54f12c9a
all5/Heronian_triangles/[2-1][6-2][19-3][28-2].wasm,59ba7878f588a2c635fc4d8b54f12c9a
all5/Heronian_triangles/[2-1][6-2][19-3][28-3].wasm,59ba7878f588a2c635fc4d8b54f12c9a
all5/Heronian_triangles/[2-1][6-2][19-3][28-4].wasm,59ba7878f588a2c635fc4d8b54f12c9a
all5/Heronian_triangles/[2-1][6-2][19-3][28-5].wasm,59ba7878f588a2c635fc4d8b54f12c9a
all5/Heronian_triangles/[2-1][6-2][19-3][28-6].wasm,59ba7878f588a2c635fc4d8b54f12c9a
all5/Heronian_triangles/[2-1][6-2][19-3][28-7].wasm,59ba7878f588a2c635fc4d8b54f12c9a
all5/Heronian_triangles/[2-1][6-2][19-3][28-8].wasm,59ba7878f588a2c635fc4d8b54f12c9a
all5/Heronian_triangles/[2-1][6-2][19-4].wasm,59ba7878f588a2c635fc4d8b54f12c9a
all5/Heronian_triangles/[2-1][6-2][19-4][28-1].wasm,59ba7878f588a2c635fc4d8b54f12c9a
all5/Heronian_triangles/[2-1][6-2][19-4][28-2].wasm,59ba7878f588a2c635fc4d8b54f12c9a
all5/Heronian_triangles/[2-1][6-2][19-4][28-3].wasm,59ba7878f588a2c635fc4d8b54f12c9a
all5/Heronian_triangles/[2-1][6-2][19-4][28-4].wasm,59ba7878f588a2c635fc4d8b54f12c9a
all5/Heronian_triangles/[2-1][6-2][19-4][28-5].wasm,59ba7878f588a2c635fc4d8b54f12c9a
all5/Heronian_triangles/[2-1][6-2][19-4][28-6].wasm,59ba7878f588a2c635fc4d8b54f12c9a
all5/Heronian_triangles/[2-1][6-2][19-4][28-7].wasm,59ba7878f588a2c635fc4d8b54f12c9a
all5/Heronian_triangles/[2-1][6-2][19-4][28-8].wasm,59ba7878f588a2c635fc4d8b54f12c9a
all5/Heronian_triangles/[2-1][6-2][19-5].wasm,59ba7878f588a2c635fc4d8b54f12c9a
all5/Heronian_triangles/[2-1][6-2][19-5][28-1].wasm,59ba7878f588a2c635fc4d8b54f12c9a
all5/Heronian_triangles/[2-1][6-2][19-5][28-2].wasm,59ba7878f588a2c635fc4d8b54f12c9a
all5/Heronian_triangles/[2-1][6-2][19-5][28-3].wasm,59ba7878f588a2c635fc4d8b54f12c9a
all5/Heronian_triangles/[2-1][6-2][19-5][28-4].wasm,59ba7878f588a2c635fc4d8b54f12c9a
all5/Heronian_triangles/[2-1][6-2][19-5][28-5].wasm,59ba7878f588a2c635fc4d8b54f12c9a
all5/Heronian_triangles/[2-1][6-2][19-5][28-6].wasm,59ba7878f588a2c635fc4d8b54f12c9a
all5/Heronian_triangles/[2-1][6-2][19-5][28-7].wasm,59ba7878f588a2c635fc4d8b54f12c9a
all5/Heronian_triangles/[2-1][6-2][19-5][28-8].wasm,59ba7878f588a2c635fc4d8b54f12c9a
all5/Heronian_triangles/[2-1][6-2][19-6].wasm,59ba7878f588a2c635fc4d8b54f12c9a
all5/Heronian_triangles/[2-1][6-2][19-6][28-1].wasm,59ba7878f588a2c635fc4d8b54f12c9a
all5/Heronian_triangles/[2-1][6-2][19-6][28-2].wasm,59ba7878f588a2c635fc4d8b54f12c9a
all5/Heronian_triangles/[2-1][6-2][19-6][28-3].wasm,59ba7878f588a2c635fc4d8b54f12c9a
all5/Heronian_triangles/[2-1][6-2][19-6][28-4].wasm,59ba7878f588a2c635fc4d8b54f12c9a
all5/Heronian_triangles/[2-1][6-2][19-6][28-5].wasm,59ba7878f588a2c635fc4d8b54f12c9a
all5/Heronian_triangles/[2-1][6-2][19-6][28-6].wasm,59ba7878f588a2c635fc4d8b54f12c9a
all5/Heronian_triangles/[2-1][6-2][19-6][28-7].wasm,59ba7878f588a2c635fc4d8b54f12c9a
all5/Heronian_triangles/[2-1][6-2][19-6][28-8].wasm,59ba7878f588a2c635fc4d8b54f12c9a
all5/Heronian_triangles/[2-1][6-2][19-7].wasm,59ba7878f588a2c635fc4d8b54f12c9a
all5/Heronian_triangles/[2-1][6-2][19-7][28-1].wasm,59ba7878f588a2c635fc4d8b54f12c9a
all5/Heronian_triangles/[2-1][6-2][19-7][28-2].wasm,59ba7878f588a2c635fc4d8b54f12c9a
all5/Heronian_triangles/[2-1][6-2][19-7][28-3].wasm,59ba7878f588a2c635fc4d8b54f12c9a
all5/Heronian_triangles/[2-1][6-2][19-7][28-4].wasm,59ba7878f588a2c635fc4d8b54f12c9a
all5/Heronian_triangles/[2-1][6-2][19-7][28-5].wasm,59ba7878f588a2c635fc4d8b54f12c9a
all5/Heronian_triangles/[2-1][6-2][19-7][28-6].wasm,59ba7878f588a2c635fc4d8b54f12c9a
all5/Heronian_triangles/[2-1][6-2][19-7][28-7].wasm,59ba7878f588a2c635fc4d8b54f12c9a
all5/Heronian_triangles/[2-1][6-2][19-7][28-8].wasm,59ba7878f588a2c635fc4d8b54f12c9a
all5/Heronian_triangles/[2-1][6-2][19-8].wasm,59ba7878f588a2c635fc4d8b54f12c9a
all5/Heronian_triangles/[2-1][6-2][19-8][28-1].wasm,59ba7878f588a2c635fc4d8b54f12c9a
all5/Heronian_triangles/[2-1][6-2][19-8][28-2].wasm,59ba7878f588a2c635fc4d8b54f12c9a
all5/Heronian_triangles/[2-1][6-2][19-8][28-3].wasm,59ba7878f588a2c635fc4d8b54f12c9a
all5/Heronian_triangles/[2-1][6-2][19-8][28-4].wasm,59ba7878f588a2c635fc4d8b54f12c9a
all5/Heronian_triangles/[2-1][6-2][19-8][28-5].wasm,59ba7878f588a2c635fc4d8b54f12c9a
all5/Heronian_triangles/[2-1][6-2][19-8][28-6].wasm,59ba7878f588a2c635fc4d8b54f12c9a
all5/Heronian_triangles/[2-1][6-2][19-8][28-7].wasm,59ba7878f588a2c635fc4d8b54f12c9a
all5/Heronian_triangles/[2-1][6-2][19-8][28-8].wasm,59ba7878f588a2c635fc4d8b54f12c9a
all5/Heronian_triangles/[2-1][6-2][19-9].wasm,59ba7878f588a2c635fc4d8b54f12c9a
all5/Heronian_triangles/[2-1][6-2][19-9][28-1].wasm,59ba7878f588a2c635fc4d8b54f12c9a
all5/Heronian_triangles/[2-1][6-2][19-9][28-2].wasm,59ba7878f588a2c635fc4d8b54f12c9a
all5/Heronian_triangles/[2-1][6-2][19-9][28-3].wasm,59ba7878f588a2c635fc4d8b54f12c9a
all5/Heronian_triangles/[2-1][6-2][19-9][28-4].wasm,59ba7878f588a2c635fc4d8b54f12c9a
all5/Heronian_triangles/[2-1][6-2][19-9][28-5].wasm,59ba7878f588a2c635fc4d8b54f12c9a
all5/Heronian_triangles/[2-1][6-2][19-9][28-6].wasm,59ba7878f588a2c635fc4d8b54f12c9a
all5/Heronian_triangles/[2-1][6-2][19-9][28-7].wasm,59ba7878f588a2c635fc4d8b54f12c9a
all5/Heronian_triangles/[2-1][6-2][19-9][28-8].wasm,59ba7878f588a2c635fc4d8b54f12c9a
all5/Heronian_triangles/[2-1][6-2][28-1].wasm,59ba7878f588a2c635fc4d8b54f12c9a
all5/Heronian_triangles/[2-1][6-2][28-2].wasm,59ba7878f588a2c635fc4d8b54f12c9a
all5/Heronian_triangles/[2-1][6-2][28-3].wasm,59ba7878f588a2c635fc4d8b54f12c9a
all5/Heronian_triangles/[2-1][6-2][28-4].wasm,59ba7878f588a2c635fc4d8b54f12c9a
all5/Heronian_triangles/[2-1][6-2][28-5].wasm,59ba7878f588a2c635fc4d8b54f12c9a
all5/Heronian_triangles/[2-1][6-2][28-6].wasm,59ba7878f588a2c635fc4d8b54f12c9a
all5/Heronian_triangles/[2-1][6-2][28-7].wasm,59ba7878f588a2c635fc4d8b54f12c9a
all5/Heronian_triangles/[2-1][6-2][28-8].wasm,59ba7878f588a2c635fc4d8b54f12c9a
all5/Heronian_triangles/[2-1][6-3].wasm,59ba7878f588a2c635fc4d8b54f12c9a
all5/Heronian_triangles/[2-1][6-3][19-10].wasm,59ba7878f588a2c635fc4d8b54f12c9a
all5/Heronian_triangles/[2-1][6-3][19-10][28-1].wasm,59ba7878f588a2c635fc4d8b54f12c9a
all5/Heronian_triangles/[2-1][6-3][19-10][28-2].wasm,59ba7878f588a2c635fc4d8b54f12c9a
all5/Heronian_triangles/[2-1][6-3][19-10][28-3].wasm,59ba7878f588a2c635fc4d8b54f12c9a
all5/Heronian_triangles/[2-1][6-3][19-10][28-4].wasm,59ba7878f588a2c635fc4d8b54f12c9a
all5/Heronian_triangles/[2-1][6-3][19-10][28-5].wasm,59ba7878f588a2c635fc4d8b54f12c9a
all5/Heronian_triangles/[2-1][6-3][19-10][28-6].wasm,59ba7878f588a2c635fc4d8b54f12c9a
all5/Heronian_triangles/[2-1][6-3][19-10][28-7].wasm,59ba7878f588a2c635fc4d8b54f12c9a
all5/Heronian_triangles/[2-1][6-3][19-10][28-8].wasm,59ba7878f588a2c635fc4d8b54f12c9a
all5/Heronian_triangles/[2-1][6-3][19-1].wasm,59ba7878f588a2c635fc4d8b54f12c9a
all5/Heronian_triangles/[2-1][6-3][19-1][28-1].wasm,59ba7878f588a2c635fc4d8b54f12c9a
all5/Heronian_triangles/[2-1][6-3][19-1][28-2].wasm,59ba7878f588a2c635fc4d8b54f12c9a
all5/Heronian_triangles/[2-1][6-3][19-1][28-3].wasm,59ba7878f588a2c635fc4d8b54f12c9a
all5/Heronian_triangles/[2-1][6-3][19-1][28-4].wasm,59ba7878f588a2c635fc4d8b54f12c9a
all5/Heronian_triangles/[2-1][6-3][19-1][28-5].wasm,59ba7878f588a2c635fc4d8b54f12c9a
all5/Heronian_triangles/[2-1][6-3][19-1][28-6].wasm,59ba7878f588a2c635fc4d8b54f12c9a
all5/Heronian_triangles/[2-1][6-3][19-1][28-7].wasm,59ba7878f588a2c635fc4d8b54f12c9a
all5/Heronian_triangles/[2-1][6-3][19-1][28-8].wasm,59ba7878f588a2c635fc4d8b54f12c9a
all5/Heronian_triangles/[2-1][6-3][19-2].wasm,59ba7878f588a2c635fc4d8b54f12c9a
all5/Heronian_triangles/[2-1][6-3][19-2][28-1].wasm,59ba7878f588a2c635fc4d8b54f12c9a
all5/Heronian_triangles/[2-1][6-3][19-2][28-2].wasm,59ba7878f588a2c635fc4d8b54f12c9a
all5/Heronian_triangles/[2-1][6-3][19-2][28-3].wasm,59ba7878f588a2c635fc4d8b54f12c9a
all5/Heronian_triangles/[2-1][6-3][19-2][28-4].wasm,59ba7878f588a2c635fc4d8b54f12c9a
all5/Heronian_triangles/[2-1][6-3][19-2][28-5].wasm,59ba7878f588a2c635fc4d8b54f12c9a
all5/Heronian_triangles/[2-1][6-3][19-2][28-6].wasm,59ba7878f588a2c635fc4d8b54f12c9a
all5/Heronian_triangles/[2-1][6-3][19-2][28-7].wasm,59ba7878f588a2c635fc4d8b54f12c9a
all5/Heronian_triangles/[2-1][6-3][19-2][28-8].wasm,59ba7878f588a2c635fc4d8b54f12c9a
all5/Heronian_triangles/[2-1][6-3][19-3].wasm,59ba7878f588a2c635fc4d8b54f12c9a
all5/Heronian_triangles/[2-1][6-3][19-3][28-1].wasm,59ba7878f588a2c635fc4d8b54f12c9a
all5/Heronian_triangles/[2-1][6-3][19-3][28-2].wasm,59ba7878f588a2c635fc4d8b54f12c9a
all5/Heronian_triangles/[2-1][6-3][19-3][28-3].wasm,59ba7878f588a2c635fc4d8b54f12c9a
all5/Heronian_triangles/[2-1][6-3][19-3][28-4].wasm,59ba7878f588a2c635fc4d8b54f12c9a
all5/Heronian_triangles/[2-1][6-3][19-3][28-5].wasm,59ba7878f588a2c635fc4d8b54f12c9a
all5/Heronian_triangles/[2-1][6-3][19-3][28-6].wasm,59ba7878f588a2c635fc4d8b54f12c9a
all5/Heronian_triangles/[2-1][6-3][19-3][28-7].wasm,59ba7878f588a2c635fc4d8b54f12c9a
all5/Heronian_triangles/[2-1][6-3][19-3][28-8].wasm,59ba7878f588a2c635fc4d8b54f12c9a
all5/Heronian_triangles/[2-1][6-3][19-4].wasm,59ba7878f588a2c635fc4d8b54f12c9a
all5/Heronian_triangles/[2-1][6-3][19-4][28-1].wasm,59ba7878f588a2c635fc4d8b54f12c9a
all5/Heronian_triangles/[2-1][6-3][19-4][28-2].wasm,59ba7878f588a2c635fc4d8b54f12c9a
all5/Heronian_triangles/[2-1][6-3][19-4][28-3].wasm,59ba7878f588a2c635fc4d8b54f12c9a
all5/Heronian_triangles/[2-1][6-3][19-4][28-4].wasm,59ba7878f588a2c635fc4d8b54f12c9a
all5/Heronian_triangles/[2-1][6-3][19-4][28-5].wasm,59ba7878f588a2c635fc4d8b54f12c9a
all5/Heronian_triangles/[2-1][6-3][19-4][28-6].wasm,59ba7878f588a2c635fc4d8b54f12c9a
all5/Heronian_triangles/[2-1][6-3][19-4][28-7].wasm,59ba7878f588a2c635fc4d8b54f12c9a
all5/Heronian_triangles/[2-1][6-3][19-4][28-8].wasm,59ba7878f588a2c635fc4d8b54f12c9a
all5/Heronian_triangles/[2-1][6-3][19-5].wasm,59ba7878f588a2c635fc4d8b54f12c9a
all5/Heronian_triangles/[2-1][6-3][19-5][28-1].wasm,59ba7878f588a2c635fc4d8b54f12c9a
all5/Heronian_triangles/[2-1][6-3][19-5][28-2].wasm,59ba7878f588a2c635fc4d8b54f12c9a
all5/Heronian_triangles/[2-1][6-3][19-5][28-3].wasm,59ba7878f588a2c635fc4d8b54f12c9a
all5/Heronian_triangles/[2-1][6-3][19-5][28-4].wasm,59ba7878f588a2c635fc4d8b54f12c9a
all5/Heronian_triangles/[2-1][6-3][19-5][28-5].wasm,59ba7878f588a2c635fc4d8b54f12c9a
all5/Heronian_triangles/[2-1][6-3][19-5][28-6].wasm,59ba7878f588a2c635fc4d8b54f12c9a
all5/Heronian_triangles/[2-1][6-3][19-5][28-7].wasm,59ba7878f588a2c635fc4d8b54f12c9a
all5/Heronian_triangles/[2-1][6-3][19-5][28-8].wasm,59ba7878f588a2c635fc4d8b54f12c9a
all5/Heronian_triangles/[2-1][6-3][19-6].wasm,59ba7878f588a2c635fc4d8b54f12c9a
all5/Heronian_triangles/[2-1][6-3][19-6][28-1].wasm,59ba7878f588a2c635fc4d8b54f12c9a
all5/Heronian_triangles/[2-1][6-3][19-6][28-2].wasm,59ba7878f588a2c635fc4d8b54f12c9a
all5/Heronian_triangles/[2-1][6-3][19-6][28-3].wasm,59ba7878f588a2c635fc4d8b54f12c9a
all5/Heronian_triangles/[2-1][6-3][19-6][28-4].wasm,59ba7878f588a2c635fc4d8b54f12c9a
all5/Heronian_triangles/[2-1][6-3][19-6][28-5].wasm,59ba7878f588a2c635fc4d8b54f12c9a
all5/Heronian_triangles/[2-1][6-3][19-6][28-6].wasm,59ba7878f588a2c635fc4d8b54f12c9a
all5/Heronian_triangles/[2-1][6-3][19-6][28-7].wasm,59ba7878f588a2c635fc4d8b54f12c9a
all5/Heronian_triangles/[2-1][6-3][19-6][28-8].wasm,59ba7878f588a2c635fc4d8b54f12c9a
all5/Heronian_triangles/[2-1][6-3][19-7].wasm,59ba7878f588a2c635fc4d8b54f12c9a
all5/Heronian_triangles/[2-1][6-3][19-7][28-1].wasm,59ba7878f588a2c635fc4d8b54f12c9a
all5/Heronian_triangles/[2-1][6-3][19-7][28-2].wasm,59ba7878f588a2c635fc4d8b54f12c9a
all5/Heronian_triangles/[2-1][6-3][19-7][28-3].wasm,59ba7878f588a2c635fc4d8b54f12c9a
all5/Heronian_triangles/[2-1][6-3][19-7][28-4].wasm,59ba7878f588a2c635fc4d8b54f12c9a
all5/Heronian_triangles/[2-1][6-3][19-7][28-5].wasm,59ba7878f588a2c635fc4d8b54f12c9a
all5/Heronian_triangles/[2-1][6-3][19-7][28-6].wasm,59ba7878f588a2c635fc4d8b54f12c9a
all5/Heronian_triangles/[2-1][6-3][19-7][28-7].wasm,59ba7878f588a2c635fc4d8b54f12c9a
all5/Heronian_triangles/[2-1][6-3][19-7][28-8].wasm,59ba7878f588a2c635fc4d8b54f12c9a
all5/Heronian_triangles/[2-1][6-3][19-8].wasm,59ba7878f588a2c635fc4d8b54f12c9a
all5/Heronian_triangles/[2-1][6-3][19-8][28-1].wasm,59ba7878f588a2c635fc4d8b54f12c9a
all5/Heronian_triangles/[2-1][6-3][19-8][28-2].wasm,59ba7878f588a2c635fc4d8b54f12c9a
all5/Heronian_triangles/[2-1][6-3][19-8][28-3].wasm,59ba7878f588a2c635fc4d8b54f12c9a
all5/Heronian_triangles/[2-1][6-3][19-8][28-4].wasm,59ba7878f588a2c635fc4d8b54f12c9a
all5/Heronian_triangles/[2-1][6-3][19-8][28-5].wasm,59ba7878f588a2c635fc4d8b54f12c9a
all5/Heronian_triangles/[2-1][6-3][19-8][28-6].wasm,59ba7878f588a2c635fc4d8b54f12c9a
all5/Heronian_triangles/[2-1][6-3][19-8][28-7].wasm,59ba7878f588a2c635fc4d8b54f12c9a
all5/Heronian_triangles/[2-1][6-3][19-8][28-8].wasm,59ba7878f588a2c635fc4d8b54f12c9a
all5/Heronian_triangles/[2-1][6-3][19-9].wasm,59ba7878f588a2c635fc4d8b54f12c9a
all5/Heronian_triangles/[2-1][6-3][19-9][28-1].wasm,59ba7878f588a2c635fc4d8b54f12c9a
all5/Heronian_triangles/[2-1][6-3][19-9][28-2].wasm,59ba7878f588a2c635fc4d8b54f12c9a
all5/Heronian_triangles/[2-1][6-3][19-9][28-3].wasm,59ba7878f588a2c635fc4d8b54f12c9a
all5/Heronian_triangles/[2-1][6-3][19-9][28-4].wasm,59ba7878f588a2c635fc4d8b54f12c9a
all5/Heronian_triangles/[2-1][6-3][19-9][28-5].wasm,59ba7878f588a2c635fc4d8b54f12c9a
all5/Heronian_triangles/[2-1][6-3][19-9][28-6].wasm,59ba7878f588a2c635fc4d8b54f12c9a
all5/Heronian_triangles/[2-1][6-3][19-9][28-7].wasm,59ba7878f588a2c635fc4d8b54f12c9a
all5/Heronian_triangles/[2-1][6-3][19-9][28-8].wasm,59ba7878f588a2c635fc4d8b54f12c9a
all5/Heronian_triangles/[2-1][6-3][28-1].wasm,59ba7878f588a2c635fc4d8b54f12c9a
all5/Heronian_triangles/[2-1][6-3][28-2].wasm,59ba7878f588a2c635fc4d8b54f12c9a
all5/Heronian_triangles/[2-1][6-3][28-3].wasm,59ba7878f588a2c635fc4d8b54f12c9a
all5/Heronian_triangles/[2-1][6-3][28-4].wasm,59ba7878f588a2c635fc4d8b54f12c9a
all5/Heronian_triangles/[2-1][6-3][28-5].wasm,59ba7878f588a2c635fc4d8b54f12c9a
all5/Heronian_triangles/[2-1][6-3][28-6].wasm,59ba7878f588a2c635fc4d8b54f12c9a
all5/Heronian_triangles/[2-1][6-3][28-7].wasm,59ba7878f588a2c635fc4d8b54f12c9a
all5/Heronian_triangles/[2-1][6-3][28-8].wasm,59ba7878f588a2c635fc4d8b54f12c9a
all5/Heronian_triangles/[2-1][6-4].wasm,59ba7878f588a2c635fc4d8b54f12c9a
all5/Heronian_triangles/[2-1][6-4][19-10].wasm,59ba7878f588a2c635fc4d8b54f12c9a
all5/Heronian_triangles/[2-1][6-4][19-10][28-1].wasm,59ba7878f588a2c635fc4d8b54f12c9a
all5/Heronian_triangles/[2-1][6-4][19-10][28-2].wasm,59ba7878f588a2c635fc4d8b54f12c9a
all5/Heronian_triangles/[2-1][6-4][19-10][28-3].wasm,59ba7878f588a2c635fc4d8b54f12c9a
all5/Heronian_triangles/[2-1][6-4][19-10][28-4].wasm,59ba7878f588a2c635fc4d8b54f12c9a
all5/Heronian_triangles/[2-1][6-4][19-10][28-5].wasm,59ba7878f588a2c635fc4d8b54f12c9a
all5/Heronian_triangles/[2-1][6-4][19-10][28-6].wasm,59ba7878f588a2c635fc4d8b54f12c9a
all5/Heronian_triangles/[2-1][6-4][19-10][28-7].wasm,59ba7878f588a2c635fc4d8b54f12c9a
all5/Heronian_triangles/[2-1][6-4][19-10][28-8].wasm,59ba7878f588a2c635fc4d8b54f12c9a
all5/Heronian_triangles/[2-1][6-4][19-1].wasm,59ba7878f588a2c635fc4d8b54f12c9a
all5/Heronian_triangles/[2-1][6-4][19-1][28-1].wasm,59ba7878f588a2c635fc4d8b54f12c9a
all5/Heronian_triangles/[2-1][6-4][19-1][28-2].wasm,59ba7878f588a2c635fc4d8b54f12c9a
all5/Heronian_triangles/[2-1][6-4][19-1][28-3].wasm,59ba7878f588a2c635fc4d8b54f12c9a
all5/Heronian_triangles/[2-1][6-4][19-1][28-4].wasm,59ba7878f588a2c635fc4d8b54f12c9a
all5/Heronian_triangles/[2-1][6-4][19-1][28-5].wasm,59ba7878f588a2c635fc4d8b54f12c9a
all5/Heronian_triangles/[2-1][6-4][19-1][28-6].wasm,59ba7878f588a2c635fc4d8b54f12c9a
all5/Heronian_triangles/[2-1][6-4][19-1][28-7].wasm,59ba7878f588a2c635fc4d8b54f12c9a
all5/Heronian_triangles/[2-1][6-4][19-1][28-8].wasm,59ba7878f588a2c635fc4d8b54f12c9a
all5/Heronian_triangles/[2-1][6-4][19-2].wasm,59ba7878f588a2c635fc4d8b54f12c9a
all5/Heronian_triangles/[2-1][6-4][19-2][28-1].wasm,59ba7878f588a2c635fc4d8b54f12c9a
all5/Heronian_triangles/[2-1][6-4][19-2][28-2].wasm,59ba7878f588a2c635fc4d8b54f12c9a
all5/Heronian_triangles/[2-1][6-4][19-2][28-3].wasm,59ba7878f588a2c635fc4d8b54f12c9a
all5/Heronian_triangles/[2-1][6-4][19-2][28-4].wasm,59ba7878f588a2c635fc4d8b54f12c9a
all5/Heronian_triangles/[2-1][6-4][19-2][28-5].wasm,59ba7878f588a2c635fc4d8b54f12c9a
all5/Heronian_triangles/[2-1][6-4][19-2][28-6].wasm,59ba7878f588a2c635fc4d8b54f12c9a
all5/Heronian_triangles/[2-1][6-4][19-2][28-7].wasm,59ba7878f588a2c635fc4d8b54f12c9a
all5/Heronian_triangles/[2-1][6-4][19-2][28-8].wasm,59ba7878f588a2c635fc4d8b54f12c9a
all5/Heronian_triangles/[2-1][6-4][19-3].wasm,59ba7878f588a2c635fc4d8b54f12c9a
all5/Heronian_triangles/[2-1][6-4][19-3][28-1].wasm,59ba7878f588a2c635fc4d8b54f12c9a
all5/Heronian_triangles/[2-1][6-4][19-3][28-2].wasm,59ba7878f588a2c635fc4d8b54f12c9a
all5/Heronian_triangles/[2-1][6-4][19-3][28-3].wasm,59ba7878f588a2c635fc4d8b54f12c9a
all5/Heronian_triangles/[2-1][6-4][19-3][28-4].wasm,59ba7878f588a2c635fc4d8b54f12c9a
all5/Heronian_triangles/[2-1][6-4][19-3][28-5].wasm,59ba7878f588a2c635fc4d8b54f12c9a
all5/Heronian_triangles/[2-1][6-4][19-3][28-6].wasm,59ba7878f588a2c635fc4d8b54f12c9a
all5/Heronian_triangles/[2-1][6-4][19-3][28-7].wasm,59ba7878f588a2c635fc4d8b54f12c9a
all5/Heronian_triangles/[2-1][6-4][19-3][28-8].wasm,59ba7878f588a2c635fc4d8b54f12c9a
all5/Heronian_triangles/[2-1][6-4][19-4].wasm,59ba7878f588a2c635fc4d8b54f12c9a
all5/Heronian_triangles/[2-1][6-4][19-4][28-1].wasm,59ba7878f588a2c635fc4d8b54f12c9a
all5/Heronian_triangles/[2-1][6-4][19-4][28-2].wasm,59ba7878f588a2c635fc4d8b54f12c9a
all5/Heronian_triangles/[2-1][6-4][19-4][28-3].wasm,59ba7878f588a2c635fc4d8b54f12c9a
all5/Heronian_triangles/[2-1][6-4][19-4][28-4].wasm,59ba7878f588a2c635fc4d8b54f12c9a
all5/Heronian_triangles/[2-1][6-4][19-4][28-5].wasm,59ba7878f588a2c635fc4d8b54f12c9a
all5/Heronian_triangles/[2-1][6-4][19-4][28-6].wasm,59ba7878f588a2c635fc4d8b54f12c9a
all5/Heronian_triangles/[2-1][6-4][19-4][28-7].wasm,59ba7878f588a2c635fc4d8b54f12c9a
all5/Heronian_triangles/[2-1][6-4][19-4][28-8].wasm,59ba7878f588a2c635fc4d8b54f12c9a
all5/Heronian_triangles/[2-1][6-4][19-5].wasm,59ba7878f588a2c635fc4d8b54f12c9a
all5/Heronian_triangles/[2-1][6-4][19-5][28-1].wasm,59ba7878f588a2c635fc4d8b54f12c9a
all5/Heronian_triangles/[2-1][6-4][19-5][28-2].wasm,59ba7878f588a2c635fc4d8b54f12c9a
all5/Heronian_triangles/[2-1][6-4][19-5][28-3].wasm,59ba7878f588a2c635fc4d8b54f12c9a
all5/Heronian_triangles/[2-1][6-4][19-5][28-4].wasm,59ba7878f588a2c635fc4d8b54f12c9a
all5/Heronian_triangles/[2-1][6-4][19-5][28-5].wasm,59ba7878f588a2c635fc4d8b54f12c9a
all5/Heronian_triangles/[2-1][6-4][19-5][28-6].wasm,59ba7878f588a2c635fc4d8b54f12c9a
all5/Heronian_triangles/[2-1][6-4][19-5][28-7].wasm,59ba7878f588a2c635fc4d8b54f12c9a
all5/Heronian_triangles/[2-1][6-4][19-5][28-8].wasm,59ba7878f588a2c635fc4d8b54f12c9a
all5/Heronian_triangles/[2-1][6-4][19-6].wasm,59ba7878f588a2c635fc4d8b54f12c9a
all5/Heronian_triangles/[2-1][6-4][19-6][28-1].wasm,59ba7878f588a2c635fc4d8b54f12c9a
all5/Heronian_triangles/[2-1][6-4][19-6][28-2].wasm,59ba7878f588a2c635fc4d8b54f12c9a
all5/Heronian_triangles/[2-1][6-4][19-6][28-3].wasm,59ba7878f588a2c635fc4d8b54f12c9a
all5/Heronian_triangles/[2-1][6-4][19-6][28-4].wasm,59ba7878f588a2c635fc4d8b54f12c9a
all5/Heronian_triangles/[2-1][6-4][19-6][28-5].wasm,59ba7878f588a2c635fc4d8b54f12c9a
all5/Heronian_triangles/[2-1][6-4][19-6][28-6].wasm,59ba7878f588a2c635fc4d8b54f12c9a
all5/Heronian_triangles/[2-1][6-4][19-6][28-7].wasm,59ba7878f588a2c635fc4d8b54f12c9a
all5/Heronian_triangles/[2-1][6-4][19-6][28-8].wasm,59ba7878f588a2c635fc4d8b54f12c9a
all5/Heronian_triangles/[2-1][6-4][19-7].wasm,59ba7878f588a2c635fc4d8b54f12c9a
all5/Heronian_triangles/[2-1][6-4][19-7][28-1].wasm,59ba7878f588a2c635fc4d8b54f12c9a
all5/Heronian_triangles/[2-1][6-4][19-7][28-2].wasm,59ba7878f588a2c635fc4d8b54f12c9a
all5/Heronian_triangles/[2-1][6-4][19-7][28-3].wasm,59ba7878f588a2c635fc4d8b54f12c9a
all5/Heronian_triangles/[2-1][6-4][19-7][28-4].wasm,59ba7878f588a2c635fc4d8b54f12c9a
all5/Heronian_triangles/[2-1][6-4][19-7][28-5].wasm,59ba7878f588a2c635fc4d8b54f12c9a
all5/Heronian_triangles/[2-1][6-4][19-7][28-6].wasm,59ba7878f588a2c635fc4d8b54f12c9a
all5/Heronian_triangles/[2-1][6-4][19-7][28-7].wasm,59ba7878f588a2c635fc4d8b54f12c9a
all5/Heronian_triangles/[2-1][6-4][19-7][28-8].wasm,59ba7878f588a2c635fc4d8b54f12c9a
all5/Heronian_triangles/[2-1][6-4][19-8].wasm,59ba7878f588a2c635fc4d8b54f12c9a
all5/Heronian_triangles/[2-1][6-4][19-8][28-1].wasm,59ba7878f588a2c635fc4d8b54f12c9a
all5/Heronian_triangles/[2-1][6-4][19-8][28-2].wasm,59ba7878f588a2c635fc4d8b54f12c9a
all5/Heronian_triangles/[2-1][6-4][19-8][28-3].wasm,59ba7878f588a2c635fc4d8b54f12c9a
all5/Heronian_triangles/[2-1][6-4][19-8][28-4].wasm,59ba7878f588a2c635fc4d8b54f12c9a
all5/Heronian_triangles/[2-1][6-4][19-8][28-5].wasm,59ba7878f588a2c635fc4d8b54f12c9a
all5/Heronian_triangles/[2-1][6-4][19-8][28-6].wasm,59ba7878f588a2c635fc4d8b54f12c9a
all5/Heronian_triangles/[2-1][6-4][19-8][28-7].wasm,59ba7878f588a2c635fc4d8b54f12c9a
all5/Heronian_triangles/[2-1][6-4][19-8][28-8].wasm,59ba7878f588a2c635fc4d8b54f12c9a
all5/Heronian_triangles/[2-1][6-4][19-9].wasm,59ba7878f588a2c635fc4d8b54f12c9a
all5/Heronian_triangles/[2-1][6-4][19-9][28-1].wasm,59ba7878f588a2c635fc4d8b54f12c9a
all5/Heronian_triangles/[2-1][6-4][19-9][28-2].wasm,59ba7878f588a2c635fc4d8b54f12c9a
all5/Heronian_triangles/[2-1][6-4][19-9][28-3].wasm,59ba7878f588a2c635fc4d8b54f12c9a
all5/Heronian_triangles/[2-1][6-4][19-9][28-4].wasm,59ba7878f588a2c635fc4d8b54f12c9a
all5/Heronian_triangles/[2-1][6-4][19-9][28-5].wasm,59ba7878f588a2c635fc4d8b54f12c9a
all5/Heronian_triangles/[2-1][6-4][19-9][28-6].wasm,59ba7878f588a2c635fc4d8b54f12c9a
all5/Heronian_triangles/[2-1][6-4][19-9][28-7].wasm,59ba7878f588a2c635fc4d8b54f12c9a
all5/Heronian_triangles/[2-1][6-4][19-9][28-8].wasm,59ba7878f588a2c635fc4d8b54f12c9a
all5/Heronian_triangles/[2-1][6-4][28-1].wasm,59ba7878f588a2c635fc4d8b54f12c9a
all5/Heronian_triangles/[2-1][6-4][28-2].wasm,59ba7878f588a2c635fc4d8b54f12c9a
all5/Heronian_triangles/[2-1][6-4][28-3].wasm,59ba7878f588a2c635fc4d8b54f12c9a
all5/Heronian_triangles/[2-1][6-4][28-4].wasm,59ba7878f588a2c635fc4d8b54f12c9a
all5/Heronian_triangles/[2-1][6-4][28-5].wasm,59ba7878f588a2c635fc4d8b54f12c9a
all5/Heronian_triangles/[2-1][6-4][28-6].wasm,59ba7878f588a2c635fc4d8b54f12c9a
all5/Heronian_triangles/[2-1][6-4][28-7].wasm,59ba7878f588a2c635fc4d8b54f12c9a
all5/Heronian_triangles/[2-1][6-4][28-8].wasm,59ba7878f588a2c635fc4d8b54f12c9a
all5/Heronian_triangles/[28-1].wasm,59ba7878f588a2c635fc4d8b54f12c9a
all5/Heronian_triangles/[28-2].wasm,59ba7878f588a2c635fc4d8b54f12c9a
all5/Heronian_triangles/[28-3].wasm,59ba7878f588a2c635fc4d8b54f12c9a
all5/Heronian_triangles/[28-4].wasm,59ba7878f588a2c635fc4d8b54f12c9a
all5/Heronian_triangles/[28-5].wasm,59ba7878f588a2c635fc4d8b54f12c9a
all5/Heronian_triangles/[28-6].wasm,59ba7878f588a2c635fc4d8b54f12c9a
all5/Heronian_triangles/[28-7].wasm,59ba7878f588a2c635fc4d8b54f12c9a
all5/Heronian_triangles/[28-8].wasm,59ba7878f588a2c635fc4d8b54f12c9a
all5/Heronian_triangles/[6-1].wasm,59ba7878f588a2c635fc4d8b54f12c9a
all5/Heronian_triangles/[6-1][19-10].wasm,59ba7878f588a2c635fc4d8b54f12c9a
all5/Heronian_triangles/[6-1][19-10][28-1].wasm,59ba7878f588a2c635fc4d8b54f12c9a
all5/Heronian_triangles/[6-1][19-10][28-2].wasm,59ba7878f588a2c635fc4d8b54f12c9a
all5/Heronian_triangles/[6-1][19-10][28-3].wasm,59ba7878f588a2c635fc4d8b54f12c9a
all5/Heronian_triangles/[6-1][19-10][28-4].wasm,59ba7878f588a2c635fc4d8b54f12c9a
all5/Heronian_triangles/[6-1][19-10][28-5].wasm,59ba7878f588a2c635fc4d8b54f12c9a
all5/Heronian_triangles/[6-1][19-10][28-6].wasm,59ba7878f588a2c635fc4d8b54f12c9a
all5/Heronian_triangles/[6-1][19-10][28-7].wasm,59ba7878f588a2c635fc4d8b54f12c9a
all5/Heronian_triangles/[6-1][19-10][28-8].wasm,59ba7878f588a2c635fc4d8b54f12c9a
all5/Heronian_triangles/[6-1][19-1].wasm,59ba7878f588a2c635fc4d8b54f12c9a
all5/Heronian_triangles/[6-1][19-1][28-1].wasm,59ba7878f588a2c635fc4d8b54f12c9a
all5/Heronian_triangles/[6-1][19-1][28-2].wasm,59ba7878f588a2c635fc4d8b54f12c9a
all5/Heronian_triangles/[6-1][19-1][28-3].wasm,59ba7878f588a2c635fc4d8b54f12c9a
all5/Heronian_triangles/[6-1][19-1][28-4].wasm,59ba7878f588a2c635fc4d8b54f12c9a
all5/Heronian_triangles/[6-1][19-1][28-5].wasm,59ba7878f588a2c635fc4d8b54f12c9a
all5/Heronian_triangles/[6-1][19-1][28-6].wasm,59ba7878f588a2c635fc4d8b54f12c9a
all5/Heronian_triangles/[6-1][19-1][28-7].wasm,59ba7878f588a2c635fc4d8b54f12c9a
all5/Heronian_triangles/[6-1][19-1][28-8].wasm,59ba7878f588a2c635fc4d8b54f12c9a
all5/Heronian_triangles/[6-1][19-2].wasm,59ba7878f588a2c635fc4d8b54f12c9a
all5/Heronian_triangles/[6-1][19-2][28-1].wasm,59ba7878f588a2c635fc4d8b54f12c9a
all5/Heronian_triangles/[6-1][19-2][28-2].wasm,59ba7878f588a2c635fc4d8b54f12c9a
all5/Heronian_triangles/[6-1][19-2][28-3].wasm,59ba7878f588a2c635fc4d8b54f12c9a
all5/Heronian_triangles/[6-1][19-2][28-4].wasm,59ba7878f588a2c635fc4d8b54f12c9a
all5/Heronian_triangles/[6-1][19-2][28-5].wasm,59ba7878f588a2c635fc4d8b54f12c9a
all5/Heronian_triangles/[6-1][19-2][28-6].wasm,59ba7878f588a2c635fc4d8b54f12c9a
all5/Heronian_triangles/[6-1][19-2][28-7].wasm,59ba7878f588a2c635fc4d8b54f12c9a
all5/Heronian_triangles/[6-1][19-2][28-8].wasm,59ba7878f588a2c635fc4d8b54f12c9a
all5/Heronian_triangles/[6-1][19-3].wasm,59ba7878f588a2c635fc4d8b54f12c9a
all5/Heronian_triangles/[6-1][19-3][28-1].wasm,59ba7878f588a2c635fc4d8b54f12c9a
all5/Heronian_triangles/[6-1][19-3][28-2].wasm,59ba7878f588a2c635fc4d8b54f12c9a
all5/Heronian_triangles/[6-1][19-3][28-3].wasm,59ba7878f588a2c635fc4d8b54f12c9a
all5/Heronian_triangles/[6-1][19-3][28-4].wasm,59ba7878f588a2c635fc4d8b54f12c9a
all5/Heronian_triangles/[6-1][19-3][28-5].wasm,59ba7878f588a2c635fc4d8b54f12c9a
all5/Heronian_triangles/[6-1][19-3][28-6].wasm,59ba7878f588a2c635fc4d8b54f12c9a
all5/Heronian_triangles/[6-1][19-3][28-7].wasm,59ba7878f588a2c635fc4d8b54f12c9a
all5/Heronian_triangles/[6-1][19-3][28-8].wasm,59ba7878f588a2c635fc4d8b54f12c9a
all5/Heronian_triangles/[6-1][19-4].wasm,59ba7878f588a2c635fc4d8b54f12c9a
all5/Heronian_triangles/[6-1][19-4][28-1].wasm,59ba7878f588a2c635fc4d8b54f12c9a
all5/Heronian_triangles/[6-1][19-4][28-2].wasm,59ba7878f588a2c635fc4d8b54f12c9a
all5/Heronian_triangles/[6-1][19-4][28-3].wasm,59ba7878f588a2c635fc4d8b54f12c9a
all5/Heronian_triangles/[6-1][19-4][28-4].wasm,59ba7878f588a2c635fc4d8b54f12c9a
all5/Heronian_triangles/[6-1][19-4][28-5].wasm,59ba7878f588a2c635fc4d8b54f12c9a
all5/Heronian_triangles/[6-1][19-4][28-6].wasm,59ba7878f588a2c635fc4d8b54f12c9a
all5/Heronian_triangles/[6-1][19-4][28-7].wasm,59ba7878f588a2c635fc4d8b54f12c9a
all5/Heronian_triangles/[6-1][19-4][28-8].wasm,59ba7878f588a2c635fc4d8b54f12c9a
all5/Heronian_triangles/[6-1][19-5].wasm,59ba7878f588a2c635fc4d8b54f12c9a
all5/Heronian_triangles/[6-1][19-5][28-1].wasm,59ba7878f588a2c635fc4d8b54f12c9a
all5/Heronian_triangles/[6-1][19-5][28-2].wasm,59ba7878f588a2c635fc4d8b54f12c9a
all5/Heronian_triangles/[6-1][19-5][28-3].wasm,59ba7878f588a2c635fc4d8b54f12c9a
all5/Heronian_triangles/[6-1][19-5][28-4].wasm,59ba7878f588a2c635fc4d8b54f12c9a
all5/Heronian_triangles/[6-1][19-5][28-5].wasm,59ba7878f588a2c635fc4d8b54f12c9a
all5/Heronian_triangles/[6-1][19-5][28-6].wasm,59ba7878f588a2c635fc4d8b54f12c9a
all5/Heronian_triangles/[6-1][19-5][28-7].wasm,59ba7878f588a2c635fc4d8b54f12c9a
all5/Heronian_triangles/[6-1][19-5][28-8].wasm,59ba7878f588a2c635fc4d8b54f12c9a
all5/Heronian_triangles/[6-1][19-6].wasm,59ba7878f588a2c635fc4d8b54f12c9a
all5/Heronian_triangles/[6-1][19-6][28-1].wasm,59ba7878f588a2c635fc4d8b54f12c9a
all5/Heronian_triangles/[6-1][19-6][28-2].wasm,59ba7878f588a2c635fc4d8b54f12c9a
all5/Heronian_triangles/[6-1][19-6][28-3].wasm,59ba7878f588a2c635fc4d8b54f12c9a
all5/Heronian_triangles/[6-1][19-6][28-4].wasm,59ba7878f588a2c635fc4d8b54f12c9a
all5/Heronian_triangles/[6-1][19-6][28-5].wasm,59ba7878f588a2c635fc4d8b54f12c9a
all5/Heronian_triangles/[6-1][19-6][28-6].wasm,59ba7878f588a2c635fc4d8b54f12c9a
all5/Heronian_triangles/[6-1][19-6][28-7].wasm,59ba7878f588a2c635fc4d8b54f12c9a
all5/Heronian_triangles/[6-1][19-6][28-8].wasm,59ba7878f588a2c635fc4d8b54f12c9a
all5/Heronian_triangles/[6-1][19-7].wasm,59ba7878f588a2c635fc4d8b54f12c9a
all5/Heronian_triangles/[6-1][19-7][28-1].wasm,59ba7878f588a2c635fc4d8b54f12c9a
all5/Heronian_triangles/[6-1][19-7][28-2].wasm,59ba7878f588a2c635fc4d8b54f12c9a
all5/Heronian_triangles/[6-1][19-7][28-3].wasm,59ba7878f588a2c635fc4d8b54f12c9a
all5/Heronian_triangles/[6-1][19-7][28-4].wasm,59ba7878f588a2c635fc4d8b54f12c9a
all5/Heronian_triangles/[6-1][19-7][28-5].wasm,59ba7878f588a2c635fc4d8b54f12c9a
all5/Heronian_triangles/[6-1][19-7][28-6].wasm,59ba7878f588a2c635fc4d8b54f12c9a
all5/Heronian_triangles/[6-1][19-7][28-7].wasm,59ba7878f588a2c635fc4d8b54f12c9a
all5/Heronian_triangles/[6-1][19-7][28-8].wasm,59ba7878f588a2c635fc4d8b54f12c9a
all5/Heronian_triangles/[6-1][19-8].wasm,59ba7878f588a2c635fc4d8b54f12c9a
all5/Heronian_triangles/[6-1][19-8][28-1].wasm,59ba7878f588a2c635fc4d8b54f12c9a
all5/Heronian_triangles/[6-1][19-8][28-2].wasm,59ba7878f588a2c635fc4d8b54f12c9a
all5/Heronian_triangles/[6-1][19-8][28-3].wasm,59ba7878f588a2c635fc4d8b54f12c9a
all5/Heronian_triangles/[6-1][19-8][28-4].wasm,59ba7878f588a2c635fc4d8b54f12c9a
all5/Heronian_triangles/[6-1][19-8][28-5].wasm,59ba7878f588a2c635fc4d8b54f12c9a
all5/Heronian_triangles/[6-1][19-8][28-6].wasm,59ba7878f588a2c635fc4d8b54f12c9a
all5/Heronian_triangles/[6-1][19-8][28-7].wasm,59ba7878f588a2c635fc4d8b54f12c9a
all5/Heronian_triangles/[6-1][19-8][28-8].wasm,59ba7878f588a2c635fc4d8b54f12c9a
all5/Heronian_triangles/[6-1][19-9].wasm,59ba7878f588a2c635fc4d8b54f12c9a
all5/Heronian_triangles/[6-1][19-9][28-1].wasm,59ba7878f588a2c635fc4d8b54f12c9a
all5/Heronian_triangles/[6-1][19-9][28-2].wasm,59ba7878f588a2c635fc4d8b54f12c9a
all5/Heronian_triangles/[6-1][19-9][28-3].wasm,59ba7878f588a2c635fc4d8b54f12c9a
all5/Heronian_triangles/[6-1][19-9][28-4].wasm,59ba7878f588a2c635fc4d8b54f12c9a
all5/Heronian_triangles/[6-1][19-9][28-5].wasm,59ba7878f588a2c635fc4d8b54f12c9a
all5/Heronian_triangles/[6-1][19-9][28-6].wasm,59ba7878f588a2c635fc4d8b54f12c9a
all5/Heronian_triangles/[6-1][19-9][28-7].wasm,59ba7878f588a2c635fc4d8b54f12c9a
all5/Heronian_triangles/[6-1][19-9][28-8].wasm,59ba7878f588a2c635fc4d8b54f12c9a
all5/Heronian_triangles/[6-1][28-1].wasm,59ba7878f588a2c635fc4d8b54f12c9a
all5/Heronian_triangles/[6-1][28-2].wasm,59ba7878f588a2c635fc4d8b54f12c9a
all5/Heronian_triangles/[6-1][28-3].wasm,59ba7878f588a2c635fc4d8b54f12c9a
all5/Heronian_triangles/[6-1][28-4].wasm,59ba7878f588a2c635fc4d8b54f12c9a
all5/Heronian_triangles/[6-1][28-5].wasm,59ba7878f588a2c635fc4d8b54f12c9a
all5/Heronian_triangles/[6-1][28-6].wasm,59ba7878f588a2c635fc4d8b54f12c9a
all5/Heronian_triangles/[6-1][28-7].wasm,59ba7878f588a2c635fc4d8b54f12c9a
all5/Heronian_triangles/[6-1][28-8].wasm,59ba7878f588a2c635fc4d8b54f12c9a
all5/Heronian_triangles/[6-2].wasm,59ba7878f588a2c635fc4d8b54f12c9a
all5/Heronian_triangles/[6-2][19-10].wasm,59ba7878f588a2c635fc4d8b54f12c9a
all5/Heronian_triangles/[6-2][19-10][28-1].wasm,59ba7878f588a2c635fc4d8b54f12c9a
all5/Heronian_triangles/[6-2][19-10][28-2].wasm,59ba7878f588a2c635fc4d8b54f12c9a
all5/Heronian_triangles/[6-2][19-10][28-3].wasm,59ba7878f588a2c635fc4d8b54f12c9a
all5/Heronian_triangles/[6-2][19-10][28-4].wasm,59ba7878f588a2c635fc4d8b54f12c9a
all5/Heronian_triangles/[6-2][19-10][28-5].wasm,59ba7878f588a2c635fc4d8b54f12c9a
all5/Heronian_triangles/[6-2][19-10][28-6].wasm,59ba7878f588a2c635fc4d8b54f12c9a
all5/Heronian_triangles/[6-2][19-10][28-7].wasm,59ba7878f588a2c635fc4d8b54f12c9a
all5/Heronian_triangles/[6-2][19-10][28-8].wasm,59ba7878f588a2c635fc4d8b54f12c9a
all5/Heronian_triangles/[6-2][19-1].wasm,59ba7878f588a2c635fc4d8b54f12c9a
all5/Heronian_triangles/[6-2][19-1][28-1].wasm,59ba7878f588a2c635fc4d8b54f12c9a
all5/Heronian_triangles/[6-2][19-1][28-2].wasm,59ba7878f588a2c635fc4d8b54f12c9a
all5/Heronian_triangles/[6-2][19-1][28-3].wasm,59ba7878f588a2c635fc4d8b54f12c9a
all5/Heronian_triangles/[6-2][19-1][28-4].wasm,59ba7878f588a2c635fc4d8b54f12c9a
all5/Heronian_triangles/[6-2][19-1][28-5].wasm,59ba7878f588a2c635fc4d8b54f12c9a
all5/Heronian_triangles/[6-2][19-1][28-6].wasm,59ba7878f588a2c635fc4d8b54f12c9a
all5/Heronian_triangles/[6-2][19-1][28-7].wasm,59ba7878f588a2c635fc4d8b54f12c9a
all5/Heronian_triangles/[6-2][19-1][28-8].wasm,59ba7878f588a2c635fc4d8b54f12c9a
all5/Heronian_triangles/[6-2][19-2].wasm,59ba7878f588a2c635fc4d8b54f12c9a
all5/Heronian_triangles/[6-2][19-2][28-1].wasm,59ba7878f588a2c635fc4d8b54f12c9a
all5/Heronian_triangles/[6-2][19-2][28-2].wasm,59ba7878f588a2c635fc4d8b54f12c9a
all5/Heronian_triangles/[6-2][19-2][28-3].wasm,59ba7878f588a2c635fc4d8b54f12c9a
all5/Heronian_triangles/[6-2][19-2][28-4].wasm,59ba7878f588a2c635fc4d8b54f12c9a
all5/Heronian_triangles/[6-2][19-2][28-5].wasm,59ba7878f588a2c635fc4d8b54f12c9a
all5/Heronian_triangles/[6-2][19-2][28-6].wasm,59ba7878f588a2c635fc4d8b54f12c9a
all5/Heronian_triangles/[6-2][19-2][28-7].wasm,59ba7878f588a2c635fc4d8b54f12c9a
all5/Heronian_triangles/[6-2][19-2][28-8].wasm,59ba7878f588a2c635fc4d8b54f12c9a
all5/Heronian_triangles/[6-2][19-3].wasm,59ba7878f588a2c635fc4d8b54f12c9a
all5/Heronian_triangles/[6-2][19-3][28-1].wasm,59ba7878f588a2c635fc4d8b54f12c9a
all5/Heronian_triangles/[6-2][19-3][28-2].wasm,59ba7878f588a2c635fc4d8b54f12c9a
all5/Heronian_triangles/[6-2][19-3][28-3].wasm,59ba7878f588a2c635fc4d8b54f12c9a
all5/Heronian_triangles/[6-2][19-3][28-4].wasm,59ba7878f588a2c635fc4d8b54f12c9a
all5/Heronian_triangles/[6-2][19-3][28-5].wasm,59ba7878f588a2c635fc4d8b54f12c9a
all5/Heronian_triangles/[6-2][19-3][28-6].wasm,59ba7878f588a2c635fc4d8b54f12c9a
all5/Heronian_triangles/[6-2][19-3][28-7].wasm,59ba7878f588a2c635fc4d8b54f12c9a
all5/Heronian_triangles/[6-2][19-3][28-8].wasm,59ba7878f588a2c635fc4d8b54f12c9a
all5/Heronian_triangles/[6-2][19-4].wasm,59ba7878f588a2c635fc4d8b54f12c9a
all5/Heronian_triangles/[6-2][19-4][28-1].wasm,59ba7878f588a2c635fc4d8b54f12c9a
all5/Heronian_triangles/[6-2][19-4][28-2].wasm,59ba7878f588a2c635fc4d8b54f12c9a
all5/Heronian_triangles/[6-2][19-4][28-3].wasm,59ba7878f588a2c635fc4d8b54f12c9a
all5/Heronian_triangles/[6-2][19-4][28-4].wasm,59ba7878f588a2c635fc4d8b54f12c9a
all5/Heronian_triangles/[6-2][19-4][28-5].wasm,59ba7878f588a2c635fc4d8b54f12c9a
all5/Heronian_triangles/[6-2][19-4][28-6].wasm,59ba7878f588a2c635fc4d8b54f12c9a
all5/Heronian_triangles/[6-2][19-4][28-7].wasm,59ba7878f588a2c635fc4d8b54f12c9a
all5/Heronian_triangles/[6-2][19-4][28-8].wasm,59ba7878f588a2c635fc4d8b54f12c9a
all5/Heronian_triangles/[6-2][19-5].wasm,59ba7878f588a2c635fc4d8b54f12c9a
all5/Heronian_triangles/[6-2][19-5][28-1].wasm,59ba7878f588a2c635fc4d8b54f12c9a
all5/Heronian_triangles/[6-2][19-5][28-2].wasm,59ba7878f588a2c635fc4d8b54f12c9a
all5/Heronian_triangles/[6-2][19-5][28-3].wasm,59ba7878f588a2c635fc4d8b54f12c9a
all5/Heronian_triangles/[6-2][19-5][28-4].wasm,59ba7878f588a2c635fc4d8b54f12c9a
all5/Heronian_triangles/[6-2][19-5][28-5].wasm,59ba7878f588a2c635fc4d8b54f12c9a
all5/Heronian_triangles/[6-2][19-5][28-6].wasm,59ba7878f588a2c635fc4d8b54f12c9a
all5/Heronian_triangles/[6-2][19-5][28-7].wasm,59ba7878f588a2c635fc4d8b54f12c9a
all5/Heronian_triangles/[6-2][19-5][28-8].wasm,59ba7878f588a2c635fc4d8b54f12c9a
all5/Heronian_triangles/[6-2][19-6].wasm,59ba7878f588a2c635fc4d8b54f12c9a
all5/Heronian_triangles/[6-2][19-6][28-1].wasm,59ba7878f588a2c635fc4d8b54f12c9a
all5/Heronian_triangles/[6-2][19-6][28-2].wasm,59ba7878f588a2c635fc4d8b54f12c9a
all5/Heronian_triangles/[6-2][19-6][28-3].wasm,59ba7878f588a2c635fc4d8b54f12c9a
all5/Heronian_triangles/[6-2][19-6][28-4].wasm,59ba7878f588a2c635fc4d8b54f12c9a
all5/Heronian_triangles/[6-2][19-6][28-5].wasm,59ba7878f588a2c635fc4d8b54f12c9a
all5/Heronian_triangles/[6-2][19-6][28-6].wasm,59ba7878f588a2c635fc4d8b54f12c9a
all5/Heronian_triangles/[6-2][19-6][28-7].wasm,59ba7878f588a2c635fc4d8b54f12c9a
all5/Heronian_triangles/[6-2][19-6][28-8].wasm,59ba7878f588a2c635fc4d8b54f12c9a
all5/Heronian_triangles/[6-2][19-7].wasm,59ba7878f588a2c635fc4d8b54f12c9a
all5/Heronian_triangles/[6-2][19-7][28-1].wasm,59ba7878f588a2c635fc4d8b54f12c9a
all5/Heronian_triangles/[6-2][19-7][28-2].wasm,59ba7878f588a2c635fc4d8b54f12c9a
all5/Heronian_triangles/[6-2][19-7][28-3].wasm,59ba7878f588a2c635fc4d8b54f12c9a
all5/Heronian_triangles/[6-2][19-7][28-4].wasm,59ba7878f588a2c635fc4d8b54f12c9a
all5/Heronian_triangles/[6-2][19-7][28-5].wasm,59ba7878f588a2c635fc4d8b54f12c9a
all5/Heronian_triangles/[6-2][19-7][28-6].wasm,59ba7878f588a2c635fc4d8b54f12c9a
all5/Heronian_triangles/[6-2][19-7][28-7].wasm,59ba7878f588a2c635fc4d8b54f12c9a
all5/Heronian_triangles/[6-2][19-7][28-8].wasm,59ba7878f588a2c635fc4d8b54f12c9a
all5/Heronian_triangles/[6-2][19-8].wasm,59ba7878f588a2c635fc4d8b54f12c9a
all5/Heronian_triangles/[6-2][19-8][28-1].wasm,59ba7878f588a2c635fc4d8b54f12c9a
all5/Heronian_triangles/[6-2][19-8][28-2].wasm,59ba7878f588a2c635fc4d8b54f12c9a
all5/Heronian_triangles/[6-2][19-8][28-3].wasm,59ba7878f588a2c635fc4d8b54f12c9a
all5/Heronian_triangles/[6-2][19-8][28-4].wasm,59ba7878f588a2c635fc4d8b54f12c9a
all5/Heronian_triangles/[6-2][19-8][28-5].wasm,59ba7878f588a2c635fc4d8b54f12c9a
all5/Heronian_triangles/[6-2][19-8][28-6].wasm,59ba7878f588a2c635fc4d8b54f12c9a
all5/Heronian_triangles/[6-2][19-8][28-7].wasm,59ba7878f588a2c635fc4d8b54f12c9a
all5/Heronian_triangles/[6-2][19-8][28-8].wasm,59ba7878f588a2c635fc4d8b54f12c9a
all5/Heronian_triangles/[6-2][19-9].wasm,59ba7878f588a2c635fc4d8b54f12c9a
all5/Heronian_triangles/[6-2][19-9][28-1].wasm,59ba7878f588a2c635fc4d8b54f12c9a
all5/Heronian_triangles/[6-2][19-9][28-2].wasm,59ba7878f588a2c635fc4d8b54f12c9a
all5/Heronian_triangles/[6-2][19-9][28-3].wasm,59ba7878f588a2c635fc4d8b54f12c9a
all5/Heronian_triangles/[6-2][19-9][28-4].wasm,59ba7878f588a2c635fc4d8b54f12c9a
all5/Heronian_triangles/[6-2][19-9][28-5].wasm,59ba7878f588a2c635fc4d8b54f12c9a
all5/Heronian_triangles/[6-2][19-9][28-6].wasm,59ba7878f588a2c635fc4d8b54f12c9a
all5/Heronian_triangles/[6-2][19-9][28-7].wasm,59ba7878f588a2c635fc4d8b54f12c9a
all5/Heronian_triangles/[6-2][19-9][28-8].wasm,59ba7878f588a2c635fc4d8b54f12c9a
all5/Heronian_triangles/[6-2][28-1].wasm,59ba7878f588a2c635fc4d8b54f12c9a
all5/Heronian_triangles/[6-2][28-2].wasm,59ba7878f588a2c635fc4d8b54f12c9a
all5/Heronian_triangles/[6-2][28-3].wasm,59ba7878f588a2c635fc4d8b54f12c9a
all5/Heronian_triangles/[6-2][28-4].wasm,59ba7878f588a2c635fc4d8b54f12c9a
all5/Heronian_triangles/[6-2][28-5].wasm,59ba7878f588a2c635fc4d8b54f12c9a
all5/Heronian_triangles/[6-2][28-6].wasm,59ba7878f588a2c635fc4d8b54f12c9a
all5/Heronian_triangles/[6-2][28-7].wasm,59ba7878f588a2c635fc4d8b54f12c9a
all5/Heronian_triangles/[6-2][28-8].wasm,59ba7878f588a2c635fc4d8b54f12c9a
all5/Heronian_triangles/[6-3].wasm,59ba7878f588a2c635fc4d8b54f12c9a
all5/Heronian_triangles/[6-3][19-10].wasm,59ba7878f588a2c635fc4d8b54f12c9a
all5/Heronian_triangles/[6-3][19-10][28-1].wasm,59ba7878f588a2c635fc4d8b54f12c9a
all5/Heronian_triangles/[6-3][19-10][28-2].wasm,59ba7878f588a2c635fc4d8b54f12c9a
all5/Heronian_triangles/[6-3][19-10][28-3].wasm,59ba7878f588a2c635fc4d8b54f12c9a
all5/Heronian_triangles/[6-3][19-10][28-4].wasm,59ba7878f588a2c635fc4d8b54f12c9a
all5/Heronian_triangles/[6-3][19-10][28-5].wasm,59ba7878f588a2c635fc4d8b54f12c9a
all5/Heronian_triangles/[6-3][19-10][28-6].wasm,59ba7878f588a2c635fc4d8b54f12c9a
all5/Heronian_triangles/[6-3][19-10][28-7].wasm,59ba7878f588a2c635fc4d8b54f12c9a
all5/Heronian_triangles/[6-3][19-10][28-8].wasm,59ba7878f588a2c635fc4d8b54f12c9a
all5/Heronian_triangles/[6-3][19-1].wasm,59ba7878f588a2c635fc4d8b54f12c9a
all5/Heronian_triangles/[6-3][19-1][28-1].wasm,59ba7878f588a2c635fc4d8b54f12c9a
all5/Heronian_triangles/[6-3][19-1][28-2].wasm,59ba7878f588a2c635fc4d8b54f12c9a
all5/Heronian_triangles/[6-3][19-1][28-3].wasm,59ba7878f588a2c635fc4d8b54f12c9a
all5/Heronian_triangles/[6-3][19-1][28-4].wasm,59ba7878f588a2c635fc4d8b54f12c9a
all5/Heronian_triangles/[6-3][19-1][28-5].wasm,59ba7878f588a2c635fc4d8b54f12c9a
all5/Heronian_triangles/[6-3][19-1][28-6].wasm,59ba7878f588a2c635fc4d8b54f12c9a
all5/Heronian_triangles/[6-3][19-1][28-7].wasm,59ba7878f588a2c635fc4d8b54f12c9a
all5/Heronian_triangles/[6-3][19-1][28-8].wasm,59ba7878f588a2c635fc4d8b54f12c9a
all5/Heronian_triangles/[6-3][19-2].wasm,59ba7878f588a2c635fc4d8b54f12c9a
all5/Heronian_triangles/[6-3][19-2][28-1].wasm,59ba7878f588a2c635fc4d8b54f12c9a
all5/Heronian_triangles/[6-3][19-2][28-2].wasm,59ba7878f588a2c635fc4d8b54f12c9a
all5/Heronian_triangles/[6-3][19-2][28-3].wasm,59ba7878f588a2c635fc4d8b54f12c9a
all5/Heronian_triangles/[6-3][19-2][28-4].wasm,59ba7878f588a2c635fc4d8b54f12c9a
all5/Heronian_triangles/[6-3][19-2][28-5].wasm,59ba7878f588a2c635fc4d8b54f12c9a
all5/Heronian_triangles/[6-3][19-2][28-6].wasm,59ba7878f588a2c635fc4d8b54f12c9a
all5/Heronian_triangles/[6-3][19-2][28-7].wasm,59ba7878f588a2c635fc4d8b54f12c9a
all5/Heronian_triangles/[6-3][19-2][28-8].wasm,59ba7878f588a2c635fc4d8b54f12c9a
all5/Heronian_triangles/[6-3][19-3].wasm,59ba7878f588a2c635fc4d8b54f12c9a
all5/Heronian_triangles/[6-3][19-3][28-1].wasm,59ba7878f588a2c635fc4d8b54f12c9a
all5/Heronian_triangles/[6-3][19-3][28-2].wasm,59ba7878f588a2c635fc4d8b54f12c9a
all5/Heronian_triangles/[6-3][19-3][28-3].wasm,59ba7878f588a2c635fc4d8b54f12c9a
all5/Heronian_triangles/[6-3][19-3][28-4].wasm,59ba7878f588a2c635fc4d8b54f12c9a
all5/Heronian_triangles/[6-3][19-3][28-5].wasm,59ba7878f588a2c635fc4d8b54f12c9a
all5/Heronian_triangles/[6-3][19-3][28-6].wasm,59ba7878f588a2c635fc4d8b54f12c9a
all5/Heronian_triangles/[6-3][19-3][28-7].wasm,59ba7878f588a2c635fc4d8b54f12c9a
all5/Heronian_triangles/[6-3][19-3][28-8].wasm,59ba7878f588a2c635fc4d8b54f12c9a
all5/Heronian_triangles/[6-3][19-4].wasm,59ba7878f588a2c635fc4d8b54f12c9a
all5/Heronian_triangles/[6-3][19-4][28-1].wasm,59ba7878f588a2c635fc4d8b54f12c9a
all5/Heronian_triangles/[6-3][19-4][28-2].wasm,59ba7878f588a2c635fc4d8b54f12c9a
all5/Heronian_triangles/[6-3][19-4][28-3].wasm,59ba7878f588a2c635fc4d8b54f12c9a
all5/Heronian_triangles/[6-3][19-4][28-4].wasm,59ba7878f588a2c635fc4d8b54f12c9a
all5/Heronian_triangles/[6-3][19-4][28-5].wasm,59ba7878f588a2c635fc4d8b54f12c9a
all5/Heronian_triangles/[6-3][19-4][28-6].wasm,59ba7878f588a2c635fc4d8b54f12c9a
all5/Heronian_triangles/[6-3][19-4][28-7].wasm,59ba7878f588a2c635fc4d8b54f12c9a
all5/Heronian_triangles/[6-3][19-4][28-8].wasm,59ba7878f588a2c635fc4d8b54f12c9a
all5/Heronian_triangles/[6-3][19-5].wasm,59ba7878f588a2c635fc4d8b54f12c9a
all5/Heronian_triangles/[6-3][19-5][28-1].wasm,59ba7878f588a2c635fc4d8b54f12c9a
all5/Heronian_triangles/[6-3][19-5][28-2].wasm,59ba7878f588a2c635fc4d8b54f12c9a
all5/Heronian_triangles/[6-3][19-5][28-3].wasm,59ba7878f588a2c635fc4d8b54f12c9a
all5/Heronian_triangles/[6-3][19-5][28-4].wasm,59ba7878f588a2c635fc4d8b54f12c9a
all5/Heronian_triangles/[6-3][19-5][28-5].wasm,59ba7878f588a2c635fc4d8b54f12c9a
all5/Heronian_triangles/[6-3][19-5][28-6].wasm,59ba7878f588a2c635fc4d8b54f12c9a
all5/Heronian_triangles/[6-3][19-5][28-7].wasm,59ba7878f588a2c635fc4d8b54f12c9a
all5/Heronian_triangles/[6-3][19-5][28-8].wasm,59ba7878f588a2c635fc4d8b54f12c9a
all5/Heronian_triangles/[6-3][19-6].wasm,59ba7878f588a2c635fc4d8b54f12c9a
all5/Heronian_triangles/[6-3][19-6][28-1].wasm,59ba7878f588a2c635fc4d8b54f12c9a
all5/Heronian_triangles/[6-3][19-6][28-2].wasm,59ba7878f588a2c635fc4d8b54f12c9a
all5/Heronian_triangles/[6-3][19-6][28-3].wasm,59ba7878f588a2c635fc4d8b54f12c9a
all5/Heronian_triangles/[6-3][19-6][28-4].wasm,59ba7878f588a2c635fc4d8b54f12c9a
all5/Heronian_triangles/[6-3][19-6][28-5].wasm,59ba7878f588a2c635fc4d8b54f12c9a
all5/Heronian_triangles/[6-3][19-6][28-6].wasm,59ba7878f588a2c635fc4d8b54f12c9a
all5/Heronian_triangles/[6-3][19-6][28-7].wasm,59ba7878f588a2c635fc4d8b54f12c9a
all5/Heronian_triangles/[6-3][19-6][28-8].wasm,59ba7878f588a2c635fc4d8b54f12c9a
all5/Heronian_triangles/[6-3][19-7].wasm,59ba7878f588a2c635fc4d8b54f12c9a
all5/Heronian_triangles/[6-3][19-7][28-1].wasm,59ba7878f588a2c635fc4d8b54f12c9a
all5/Heronian_triangles/[6-3][19-7][28-2].wasm,59ba7878f588a2c635fc4d8b54f12c9a
all5/Heronian_triangles/[6-3][19-7][28-3].wasm,59ba7878f588a2c635fc4d8b54f12c9a
all5/Heronian_triangles/[6-3][19-7][28-4].wasm,59ba7878f588a2c635fc4d8b54f12c9a
all5/Heronian_triangles/[6-3][19-7][28-5].wasm,59ba7878f588a2c635fc4d8b54f12c9a
all5/Heronian_triangles/[6-3][19-7][28-6].wasm,59ba7878f588a2c635fc4d8b54f12c9a
all5/Heronian_triangles/[6-3][19-7][28-7].wasm,59ba7878f588a2c635fc4d8b54f12c9a
all5/Heronian_triangles/[6-3][19-7][28-8].wasm,59ba7878f588a2c635fc4d8b54f12c9a
all5/Heronian_triangles/[6-3][19-8].wasm,59ba7878f588a2c635fc4d8b54f12c9a
all5/Heronian_triangles/[6-3][19-8][28-1].wasm,59ba7878f588a2c635fc4d8b54f12c9a
all5/Heronian_triangles/[6-3][19-8][28-2].wasm,59ba7878f588a2c635fc4d8b54f12c9a
all5/Heronian_triangles/[6-3][19-8][28-3].wasm,59ba7878f588a2c635fc4d8b54f12c9a
all5/Heronian_triangles/[6-3][19-8][28-4].wasm,59ba7878f588a2c635fc4d8b54f12c9a
all5/Heronian_triangles/[6-3][19-8][28-5].wasm,59ba7878f588a2c635fc4d8b54f12c9a
all5/Heronian_triangles/[6-3][19-8][28-6].wasm,59ba7878f588a2c635fc4d8b54f12c9a
all5/Heronian_triangles/[6-3][19-8][28-7].wasm,59ba7878f588a2c635fc4d8b54f12c9a
all5/Heronian_triangles/[6-3][19-8][28-8].wasm,59ba7878f588a2c635fc4d8b54f12c9a
all5/Heronian_triangles/[6-3][19-9].wasm,59ba7878f588a2c635fc4d8b54f12c9a
all5/Heronian_triangles/[6-3][19-9][28-1].wasm,59ba7878f588a2c635fc4d8b54f12c9a
all5/Heronian_triangles/[6-3][19-9][28-2].wasm,59ba7878f588a2c635fc4d8b54f12c9a
all5/Heronian_triangles/[6-3][19-9][28-3].wasm,59ba7878f588a2c635fc4d8b54f12c9a
all5/Heronian_triangles/[6-3][19-9][28-4].wasm,59ba7878f588a2c635fc4d8b54f12c9a
all5/Heronian_triangles/[6-3][19-9][28-5].wasm,59ba7878f588a2c635fc4d8b54f12c9a
all5/Heronian_triangles/[6-3][19-9][28-6].wasm,59ba7878f588a2c635fc4d8b54f12c9a
all5/Heronian_triangles/[6-3][19-9][28-7].wasm,59ba7878f588a2c635fc4d8b54f12c9a
all5/Heronian_triangles/[6-3][19-9][28-8].wasm,59ba7878f588a2c635fc4d8b54f12c9a
all5/Heronian_triangles/[6-3][28-1].wasm,59ba7878f588a2c635fc4d8b54f12c9a
all5/Heronian_triangles/[6-3][28-2].wasm,59ba7878f588a2c635fc4d8b54f12c9a
all5/Heronian_triangles/[6-3][28-3].wasm,59ba7878f588a2c635fc4d8b54f12c9a
all5/Heronian_triangles/[6-3][28-4].wasm,59ba7878f588a2c635fc4d8b54f12c9a
all5/Heronian_triangles/[6-3][28-5].wasm,59ba7878f588a2c635fc4d8b54f12c9a
all5/Heronian_triangles/[6-3][28-6].wasm,59ba7878f588a2c635fc4d8b54f12c9a
all5/Heronian_triangles/[6-3][28-7].wasm,59ba7878f588a2c635fc4d8b54f12c9a
all5/Heronian_triangles/[6-3][28-8].wasm,59ba7878f588a2c635fc4d8b54f12c9a
all5/Heronian_triangles/[6-4].wasm,59ba7878f588a2c635fc4d8b54f12c9a
all5/Heronian_triangles/[6-4][19-10].wasm,59ba7878f588a2c635fc4d8b54f12c9a
all5/Heronian_triangles/[6-4][19-10][28-1].wasm,59ba7878f588a2c635fc4d8b54f12c9a
all5/Heronian_triangles/[6-4][19-10][28-2].wasm,59ba7878f588a2c635fc4d8b54f12c9a
all5/Heronian_triangles/[6-4][19-10][28-3].wasm,59ba7878f588a2c635fc4d8b54f12c9a
all5/Heronian_triangles/[6-4][19-10][28-4].wasm,59ba7878f588a2c635fc4d8b54f12c9a
all5/Heronian_triangles/[6-4][19-10][28-5].wasm,59ba7878f588a2c635fc4d8b54f12c9a
all5/Heronian_triangles/[6-4][19-10][28-6].wasm,59ba7878f588a2c635fc4d8b54f12c9a
all5/Heronian_triangles/[6-4][19-10][28-7].wasm,59ba7878f588a2c635fc4d8b54f12c9a
all5/Heronian_triangles/[6-4][19-10][28-8].wasm,59ba7878f588a2c635fc4d8b54f12c9a
all5/Heronian_triangles/[6-4][19-1].wasm,59ba7878f588a2c635fc4d8b54f12c9a
all5/Heronian_triangles/[6-4][19-1][28-1].wasm,59ba7878f588a2c635fc4d8b54f12c9a
all5/Heronian_triangles/[6-4][19-1][28-2].wasm,59ba7878f588a2c635fc4d8b54f12c9a
all5/Heronian_triangles/[6-4][19-1][28-3].wasm,59ba7878f588a2c635fc4d8b54f12c9a
all5/Heronian_triangles/[6-4][19-1][28-4].wasm,59ba7878f588a2c635fc4d8b54f12c9a
all5/Heronian_triangles/[6-4][19-1][28-5].wasm,59ba7878f588a2c635fc4d8b54f12c9a
all5/Heronian_triangles/[6-4][19-1][28-6].wasm,59ba7878f588a2c635fc4d8b54f12c9a
all5/Heronian_triangles/[6-4][19-1][28-7].wasm,59ba7878f588a2c635fc4d8b54f12c9a
all5/Heronian_triangles/[6-4][19-1][28-8].wasm,59ba7878f588a2c635fc4d8b54f12c9a
all5/Heronian_triangles/[6-4][19-2].wasm,59ba7878f588a2c635fc4d8b54f12c9a
all5/Heronian_triangles/[6-4][19-2][28-1].wasm,59ba7878f588a2c635fc4d8b54f12c9a
all5/Heronian_triangles/[6-4][19-2][28-2].wasm,59ba7878f588a2c635fc4d8b54f12c9a
all5/Heronian_triangles/[6-4][19-2][28-3].wasm,59ba7878f588a2c635fc4d8b54f12c9a
all5/Heronian_triangles/[6-4][19-2][28-4].wasm,59ba7878f588a2c635fc4d8b54f12c9a
all5/Heronian_triangles/[6-4][19-2][28-5].wasm,59ba7878f588a2c635fc4d8b54f12c9a
all5/Heronian_triangles/[6-4][19-2][28-6].wasm,59ba7878f588a2c635fc4d8b54f12c9a
all5/Heronian_triangles/[6-4][19-2][28-7].wasm,59ba7878f588a2c635fc4d8b54f12c9a
all5/Heronian_triangles/[6-4][19-2][28-8].wasm,59ba7878f588a2c635fc4d8b54f12c9a
all5/Heronian_triangles/[6-4][19-3].wasm,59ba7878f588a2c635fc4d8b54f12c9a
all5/Heronian_triangles/[6-4][19-3][28-1].wasm,59ba7878f588a2c635fc4d8b54f12c9a
all5/Heronian_triangles/[6-4][19-3][28-2].wasm,59ba7878f588a2c635fc4d8b54f12c9a
all5/Heronian_triangles/[6-4][19-3][28-3].wasm,59ba7878f588a2c635fc4d8b54f12c9a
all5/Heronian_triangles/[6-4][19-3][28-4].wasm,59ba7878f588a2c635fc4d8b54f12c9a
all5/Heronian_triangles/[6-4][19-3][28-5].wasm,59ba7878f588a2c635fc4d8b54f12c9a
all5/Heronian_triangles/[6-4][19-3][28-6].wasm,59ba7878f588a2c635fc4d8b54f12c9a
all5/Heronian_triangles/[6-4][19-3][28-7].wasm,59ba7878f588a2c635fc4d8b54f12c9a
all5/Heronian_triangles/[6-4][19-3][28-8].wasm,59ba7878f588a2c635fc4d8b54f12c9a
all5/Heronian_triangles/[6-4][19-4].wasm,59ba7878f588a2c635fc4d8b54f12c9a
all5/Heronian_triangles/[6-4][19-4][28-1].wasm,59ba7878f588a2c635fc4d8b54f12c9a
all5/Heronian_triangles/[6-4][19-4][28-2].wasm,59ba7878f588a2c635fc4d8b54f12c9a
all5/Heronian_triangles/[6-4][19-4][28-3].wasm,59ba7878f588a2c635fc4d8b54f12c9a
all5/Heronian_triangles/[6-4][19-4][28-4].wasm,59ba7878f588a2c635fc4d8b54f12c9a
all5/Heronian_triangles/[6-4][19-4][28-5].wasm,59ba7878f588a2c635fc4d8b54f12c9a
all5/Heronian_triangles/[6-4][19-4][28-6].wasm,59ba7878f588a2c635fc4d8b54f12c9a
all5/Heronian_triangles/[6-4][19-4][28-7].wasm,59ba7878f588a2c635fc4d8b54f12c9a
all5/Heronian_triangles/[6-4][19-4][28-8].wasm,59ba7878f588a2c635fc4d8b54f12c9a
all5/Heronian_triangles/[6-4][19-5].wasm,59ba7878f588a2c635fc4d8b54f12c9a
all5/Heronian_triangles/[6-4][19-5][28-1].wasm,59ba7878f588a2c635fc4d8b54f12c9a
all5/Heronian_triangles/[6-4][19-5][28-2].wasm,59ba7878f588a2c635fc4d8b54f12c9a
all5/Heronian_triangles/[6-4][19-5][28-3].wasm,59ba7878f588a2c635fc4d8b54f12c9a
all5/Heronian_triangles/[6-4][19-5][28-4].wasm,59ba7878f588a2c635fc4d8b54f12c9a
all5/Heronian_triangles/[6-4][19-5][28-5].wasm,59ba7878f588a2c635fc4d8b54f12c9a
all5/Heronian_triangles/[6-4][19-5][28-6].wasm,59ba7878f588a2c635fc4d8b54f12c9a
all5/Heronian_triangles/[6-4][19-5][28-7].wasm,59ba7878f588a2c635fc4d8b54f12c9a
all5/Heronian_triangles/[6-4][19-5][28-8].wasm,59ba7878f588a2c635fc4d8b54f12c9a
all5/Heronian_triangles/[6-4][19-6].wasm,59ba7878f588a2c635fc4d8b54f12c9a
all5/Heronian_triangles/[6-4][19-6][28-1].wasm,59ba7878f588a2c635fc4d8b54f12c9a
all5/Heronian_triangles/[6-4][19-6][28-2].wasm,59ba7878f588a2c635fc4d8b54f12c9a
all5/Heronian_triangles/[6-4][19-6][28-3].wasm,59ba7878f588a2c635fc4d8b54f12c9a
all5/Heronian_triangles/[6-4][19-6][28-4].wasm,59ba7878f588a2c635fc4d8b54f12c9a
all5/Heronian_triangles/[6-4][19-6][28-5].wasm,59ba7878f588a2c635fc4d8b54f12c9a
all5/Heronian_triangles/[6-4][19-6][28-6].wasm,59ba7878f588a2c635fc4d8b54f12c9a
all5/Heronian_triangles/[6-4][19-6][28-7].wasm,59ba7878f588a2c635fc4d8b54f12c9a
all5/Heronian_triangles/[6-4][19-6][28-8].wasm,59ba7878f588a2c635fc4d8b54f12c9a
all5/Heronian_triangles/[6-4][19-7].wasm,59ba7878f588a2c635fc4d8b54f12c9a
all5/Heronian_triangles/[6-4][19-7][28-1].wasm,59ba7878f588a2c635fc4d8b54f12c9a
all5/Heronian_triangles/[6-4][19-7][28-2].wasm,59ba7878f588a2c635fc4d8b54f12c9a
all5/Heronian_triangles/[6-4][19-7][28-3].wasm,59ba7878f588a2c635fc4d8b54f12c9a
all5/Heronian_triangles/[6-4][19-7][28-4].wasm,59ba7878f588a2c635fc4d8b54f12c9a
all5/Heronian_triangles/[6-4][19-7][28-5].wasm,59ba7878f588a2c635fc4d8b54f12c9a
all5/Heronian_triangles/[6-4][19-7][28-6].wasm,59ba7878f588a2c635fc4d8b54f12c9a
all5/Heronian_triangles/[6-4][19-7][28-7].wasm,59ba7878f588a2c635fc4d8b54f12c9a
all5/Heronian_triangles/[6-4][19-7][28-8].wasm,59ba7878f588a2c635fc4d8b54f12c9a
all5/Heronian_triangles/[6-4][19-8].wasm,59ba7878f588a2c635fc4d8b54f12c9a
all5/Heronian_triangles/[6-4][19-8][28-1].wasm,59ba7878f588a2c635fc4d8b54f12c9a
all5/Heronian_triangles/[6-4][19-8][28-2].wasm,59ba7878f588a2c635fc4d8b54f12c9a
all5/Heronian_triangles/[6-4][19-8][28-3].wasm,59ba7878f588a2c635fc4d8b54f12c9a
all5/Heronian_triangles/[6-4][19-8][28-4].wasm,59ba7878f588a2c635fc4d8b54f12c9a
all5/Heronian_triangles/[6-4][19-8][28-5].wasm,59ba7878f588a2c635fc4d8b54f12c9a
all5/Heronian_triangles/[6-4][19-8][28-6].wasm,59ba7878f588a2c635fc4d8b54f12c9a
all5/Heronian_triangles/[6-4][19-8][28-7].wasm,59ba7878f588a2c635fc4d8b54f12c9a
all5/Heronian_triangles/[6-4][19-8][28-8].wasm,59ba7878f588a2c635fc4d8b54f12c9a
all5/Heronian_triangles/[6-4][19-9].wasm,59ba7878f588a2c635fc4d8b54f12c9a
all5/Heronian_triangles/[6-4][19-9][28-1].wasm,59ba7878f588a2c635fc4d8b54f12c9a
all5/Heronian_triangles/[6-4][19-9][28-2].wasm,59ba7878f588a2c635fc4d8b54f12c9a
all5/Heronian_triangles/[6-4][19-9][28-3].wasm,59ba7878f588a2c635fc4d8b54f12c9a
all5/Heronian_triangles/[6-4][19-9][28-4].wasm,59ba7878f588a2c635fc4d8b54f12c9a
all5/Heronian_triangles/[6-4][19-9][28-5].wasm,59ba7878f588a2c635fc4d8b54f12c9a
all5/Heronian_triangles/[6-4][19-9][28-6].wasm,59ba7878f588a2c635fc4d8b54f12c9a
all5/Heronian_triangles/[6-4][19-9][28-7].wasm,59ba7878f588a2c635fc4d8b54f12c9a
all5/Heronian_triangles/[6-4][19-9][28-8].wasm,59ba7878f588a2c635fc4d8b54f12c9a
all5/Heronian_triangles/[6-4][28-1].wasm,59ba7878f588a2c635fc4d8b54f12c9a
all5/Heronian_triangles/[6-4][28-2].wasm,59ba7878f588a2c635fc4d8b54f12c9a
all5/Heronian_triangles/[6-4][28-3].wasm,59ba7878f588a2c635fc4d8b54f12c9a
all5/Heronian_triangles/[6-4][28-4].wasm,59ba7878f588a2c635fc4d8b54f12c9a
all5/Heronian_triangles/[6-4][28-5].wasm,59ba7878f588a2c635fc4d8b54f12c9a
all5/Heronian_triangles/[6-4][28-6].wasm,59ba7878f588a2c635fc4d8b54f12c9a
all5/Heronian_triangles/[6-4][28-7].wasm,59ba7878f588a2c635fc4d8b54f12c9a
all5/Heronian_triangles/[6-4][28-8].wasm,59ba7878f588a2c635fc4d8b54f12c9a
