name, hash
all5/Hofstadter_Q_sequence/Hofstadter_Q_sequence.wasm,89b5f4eb79e6060ecd60bfdaa7741c43
all5/Hofstadter_Q_sequence/Hofstadter_Q_sequence.wasm.~1~,1a076dbd3fdb6cc75eab619b8ae451e6
all5/Hofstadter_Q_sequence/Hofstadter_Q_sequence.wasm.~2~,89b5f4eb79e6060ecd60bfdaa7741c43
all5/Hofstadter_Q_sequence/Hofstadter_Q_sequence.wasm.~3~,1a076dbd3fdb6cc75eab619b8ae451e6
all5/Hofstadter_Q_sequence/[0-1].wasm,1a076dbd3fdb6cc75eab619b8ae451e6
all5/Hofstadter_Q_sequence/[0-1][2-1].wasm,1a076dbd3fdb6cc75eab619b8ae451e6
all5/Hofstadter_Q_sequence/[0-1][2-1][4-1].wasm,b7a4476b3d5fa4d8eefd19fe16935993
all5/Hofstadter_Q_sequence/[0-1][2-1][4-1][8-1].wasm,b7a4476b3d5fa4d8eefd19fe16935993
all5/Hofstadter_Q_sequence/[0-1][2-1][4-1][8-1][9-1].wasm,b7a4476b3d5fa4d8eefd19fe16935993
all5/Hofstadter_Q_sequence/[0-1][2-1][4-1][9-1].wasm,b7a4476b3d5fa4d8eefd19fe16935993
all5/Hofstadter_Q_sequence/[0-1][2-1][6-1].wasm,1a076dbd3fdb6cc75eab619b8ae451e6
all5/Hofstadter_Q_sequence/[0-1][2-1][6-1][8-1].wasm,1a076dbd3fdb6cc75eab619b8ae451e6
all5/Hofstadter_Q_sequence/[0-1][2-1][6-1][8-1][9-1].wasm,1a076dbd3fdb6cc75eab619b8ae451e6
all5/Hofstadter_Q_sequence/[0-1][2-1][6-1][9-1].wasm,1a076dbd3fdb6cc75eab619b8ae451e6
all5/Hofstadter_Q_sequence/[0-1][2-1][8-1].wasm,1a076dbd3fdb6cc75eab619b8ae451e6
all5/Hofstadter_Q_sequence/[0-1][2-1][8-1][9-1].wasm,1a076dbd3fdb6cc75eab619b8ae451e6
all5/Hofstadter_Q_sequence/[0-1][2-1][9-1].wasm,1a076dbd3fdb6cc75eab619b8ae451e6
all5/Hofstadter_Q_sequence/[0-1][4-1].wasm,b7a4476b3d5fa4d8eefd19fe16935993
all5/Hofstadter_Q_sequence/[0-1][4-1][6-1].wasm,b7a4476b3d5fa4d8eefd19fe16935993
all5/Hofstadter_Q_sequence/[0-1][4-1][6-1][8-1].wasm,b7a4476b3d5fa4d8eefd19fe16935993
all5/Hofstadter_Q_sequence/[0-1][4-1][6-1][8-1][9-1].wasm,b7a4476b3d5fa4d8eefd19fe16935993
all5/Hofstadter_Q_sequence/[0-1][4-1][6-1][9-1].wasm,b7a4476b3d5fa4d8eefd19fe16935993
all5/Hofstadter_Q_sequence/[0-1][4-1][8-1].wasm,b7a4476b3d5fa4d8eefd19fe16935993
all5/Hofstadter_Q_sequence/[0-1][4-1][8-1][9-1].wasm,b7a4476b3d5fa4d8eefd19fe16935993
all5/Hofstadter_Q_sequence/[0-1][4-1][9-1].wasm,b7a4476b3d5fa4d8eefd19fe16935993
all5/Hofstadter_Q_sequence/[0-1][6-1].wasm,1a076dbd3fdb6cc75eab619b8ae451e6
all5/Hofstadter_Q_sequence/[0-1][6-1][8-1].wasm,1a076dbd3fdb6cc75eab619b8ae451e6
all5/Hofstadter_Q_sequence/[0-1][6-1][8-1][9-1].wasm,1a076dbd3fdb6cc75eab619b8ae451e6
all5/Hofstadter_Q_sequence/[0-1][6-1][9-1].wasm,1a076dbd3fdb6cc75eab619b8ae451e6
all5/Hofstadter_Q_sequence/[0-1][8-1].wasm,1a076dbd3fdb6cc75eab619b8ae451e6
all5/Hofstadter_Q_sequence/[0-1][8-1][9-1].wasm,1a076dbd3fdb6cc75eab619b8ae451e6
all5/Hofstadter_Q_sequence/[0-1][9-1].wasm,1a076dbd3fdb6cc75eab619b8ae451e6
all5/Hofstadter_Q_sequence/[2-0].wasm,89b5f4eb79e6060ecd60bfdaa7741c43
all5/Hofstadter_Q_sequence/[2-1].wasm,89b5f4eb79e6060ecd60bfdaa7741c43
all5/Hofstadter_Q_sequence/[2-1].wasm.~1~,1a076dbd3fdb6cc75eab619b8ae451e6
all5/Hofstadter_Q_sequence/[2-1][3-1].wasm,89b5f4eb79e6060ecd60bfdaa7741c43
all5/Hofstadter_Q_sequence/[2-1][3-2].wasm,89b5f4eb79e6060ecd60bfdaa7741c43
all5/Hofstadter_Q_sequence/[2-1][4-1].wasm,b7a4476b3d5fa4d8eefd19fe16935993
all5/Hofstadter_Q_sequence/[2-1][4-1][6-1].wasm,b7a4476b3d5fa4d8eefd19fe16935993
all5/Hofstadter_Q_sequence/[2-1][4-1][6-1][8-1].wasm,b7a4476b3d5fa4d8eefd19fe16935993
all5/Hofstadter_Q_sequence/[2-1][4-1][6-1][8-1][9-1].wasm,b7a4476b3d5fa4d8eefd19fe16935993
all5/Hofstadter_Q_sequence/[2-1][4-1][6-1][9-1].wasm,b7a4476b3d5fa4d8eefd19fe16935993
all5/Hofstadter_Q_sequence/[2-1][4-1][8-1].wasm,b7a4476b3d5fa4d8eefd19fe16935993
all5/Hofstadter_Q_sequence/[2-1][4-1][8-1][9-1].wasm,b7a4476b3d5fa4d8eefd19fe16935993
all5/Hofstadter_Q_sequence/[2-1][4-1][9-1].wasm,b7a4476b3d5fa4d8eefd19fe16935993
all5/Hofstadter_Q_sequence/[2-1][6-1].wasm,1a076dbd3fdb6cc75eab619b8ae451e6
all5/Hofstadter_Q_sequence/[2-1][6-1][8-1].wasm,1a076dbd3fdb6cc75eab619b8ae451e6
all5/Hofstadter_Q_sequence/[2-1][6-1][8-1][9-1].wasm,1a076dbd3fdb6cc75eab619b8ae451e6
all5/Hofstadter_Q_sequence/[2-1][6-1][9-1].wasm,1a076dbd3fdb6cc75eab619b8ae451e6
all5/Hofstadter_Q_sequence/[2-1][8-1].wasm,1a076dbd3fdb6cc75eab619b8ae451e6
all5/Hofstadter_Q_sequence/[2-1][8-1][9-1].wasm,1a076dbd3fdb6cc75eab619b8ae451e6
all5/Hofstadter_Q_sequence/[2-1][9-1].wasm,1a076dbd3fdb6cc75eab619b8ae451e6
all5/Hofstadter_Q_sequence/[3-0].wasm,89b5f4eb79e6060ecd60bfdaa7741c43
all5/Hofstadter_Q_sequence/[3-1].wasm,89b5f4eb79e6060ecd60bfdaa7741c43
all5/Hofstadter_Q_sequence/[3-2].wasm,89b5f4eb79e6060ecd60bfdaa7741c43
all5/Hofstadter_Q_sequence/[3-4].wasm,89b5f4eb79e6060ecd60bfdaa7741c43
all5/Hofstadter_Q_sequence/[4-1].wasm,b7a4476b3d5fa4d8eefd19fe16935993
all5/Hofstadter_Q_sequence/[4-1][6-1].wasm,b7a4476b3d5fa4d8eefd19fe16935993
all5/Hofstadter_Q_sequence/[4-1][6-1][8-1].wasm,b7a4476b3d5fa4d8eefd19fe16935993
all5/Hofstadter_Q_sequence/[4-1][6-1][8-1][9-1].wasm,b7a4476b3d5fa4d8eefd19fe16935993
all5/Hofstadter_Q_sequence/[4-1][6-1][9-1].wasm,b7a4476b3d5fa4d8eefd19fe16935993
all5/Hofstadter_Q_sequence/[4-1][8-1].wasm,b7a4476b3d5fa4d8eefd19fe16935993
all5/Hofstadter_Q_sequence/[4-1][8-1][9-1].wasm,b7a4476b3d5fa4d8eefd19fe16935993
all5/Hofstadter_Q_sequence/[4-1][9-1].wasm,b7a4476b3d5fa4d8eefd19fe16935993
all5/Hofstadter_Q_sequence/[6-1].wasm,1a076dbd3fdb6cc75eab619b8ae451e6
all5/Hofstadter_Q_sequence/[6-1][8-1].wasm,1a076dbd3fdb6cc75eab619b8ae451e6
all5/Hofstadter_Q_sequence/[6-1][8-1][9-1].wasm,1a076dbd3fdb6cc75eab619b8ae451e6
all5/Hofstadter_Q_sequence/[6-1][9-1].wasm,1a076dbd3fdb6cc75eab619b8ae451e6
all5/Hofstadter_Q_sequence/[8-1].wasm,1a076dbd3fdb6cc75eab619b8ae451e6
all5/Hofstadter_Q_sequence/[8-1][9-1].wasm,1a076dbd3fdb6cc75eab619b8ae451e6
all5/Hofstadter_Q_sequence/[9-1].wasm,1a076dbd3fdb6cc75eab619b8ae451e6
