name, hash
all5/Jensens_Device/Jensens_Device.wasm,1afe048fd6db2380b461279dc4ca2744
all5/Jensens_Device/Jensens_Device.wasm.~1~,1afe048fd6db2380b461279dc4ca2744
all5/Jensens_Device/Jensens_Device.wasm.~2~,caa433afce4b85d6cb63559237e86927
all5/Jensens_Device/[0-1].wasm,caa433afce4b85d6cb63559237e86927
all5/Jensens_Device/[0-1][1-1].wasm,caa433afce4b85d6cb63559237e86927
all5/Jensens_Device/[0-1][1-1][2-1].wasm,caa433afce4b85d6cb63559237e86927
all5/Jensens_Device/[0-1][1-2].wasm,caa433afce4b85d6cb63559237e86927
all5/Jensens_Device/[0-1][1-2][2-1].wasm,caa433afce4b85d6cb63559237e86927
all5/Jensens_Device/[0-1][1-3].wasm,caa433afce4b85d6cb63559237e86927
all5/Jensens_Device/[0-1][1-3][2-1].wasm,caa433afce4b85d6cb63559237e86927
all5/Jensens_Device/[0-1][1-4].wasm,caa433afce4b85d6cb63559237e86927
all5/Jensens_Device/[0-1][1-4][2-1].wasm,caa433afce4b85d6cb63559237e86927
all5/Jensens_Device/[0-1][2-1].wasm,caa433afce4b85d6cb63559237e86927
all5/Jensens_Device/[0-2].wasm,caa433afce4b85d6cb63559237e86927
all5/Jensens_Device/[0-2][1-1].wasm,caa433afce4b85d6cb63559237e86927
all5/Jensens_Device/[0-2][1-1][2-1].wasm,caa433afce4b85d6cb63559237e86927
all5/Jensens_Device/[0-2][1-2].wasm,caa433afce4b85d6cb63559237e86927
all5/Jensens_Device/[0-2][1-2][2-1].wasm,caa433afce4b85d6cb63559237e86927
all5/Jensens_Device/[0-2][1-3].wasm,caa433afce4b85d6cb63559237e86927
all5/Jensens_Device/[0-2][1-3][2-1].wasm,caa433afce4b85d6cb63559237e86927
all5/Jensens_Device/[0-2][1-4].wasm,caa433afce4b85d6cb63559237e86927
all5/Jensens_Device/[0-2][1-4][2-1].wasm,caa433afce4b85d6cb63559237e86927
all5/Jensens_Device/[0-2][2-1].wasm,caa433afce4b85d6cb63559237e86927
all5/Jensens_Device/[0-3].wasm,caa433afce4b85d6cb63559237e86927
all5/Jensens_Device/[0-3][1-1].wasm,caa433afce4b85d6cb63559237e86927
all5/Jensens_Device/[0-3][1-1][2-1].wasm,caa433afce4b85d6cb63559237e86927
all5/Jensens_Device/[0-3][1-2].wasm,caa433afce4b85d6cb63559237e86927
all5/Jensens_Device/[0-3][1-2][2-1].wasm,caa433afce4b85d6cb63559237e86927
all5/Jensens_Device/[0-3][1-3].wasm,caa433afce4b85d6cb63559237e86927
all5/Jensens_Device/[0-3][1-3][2-1].wasm,caa433afce4b85d6cb63559237e86927
all5/Jensens_Device/[0-3][1-4].wasm,caa433afce4b85d6cb63559237e86927
all5/Jensens_Device/[0-3][1-4][2-1].wasm,caa433afce4b85d6cb63559237e86927
all5/Jensens_Device/[0-3][2-1].wasm,caa433afce4b85d6cb63559237e86927
all5/Jensens_Device/[0-4].wasm,caa433afce4b85d6cb63559237e86927
all5/Jensens_Device/[0-4][1-1].wasm,caa433afce4b85d6cb63559237e86927
all5/Jensens_Device/[0-4][1-1][2-1].wasm,caa433afce4b85d6cb63559237e86927
all5/Jensens_Device/[0-4][1-2].wasm,caa433afce4b85d6cb63559237e86927
all5/Jensens_Device/[0-4][1-2][2-1].wasm,caa433afce4b85d6cb63559237e86927
all5/Jensens_Device/[0-4][1-3].wasm,caa433afce4b85d6cb63559237e86927
all5/Jensens_Device/[0-4][1-3][2-1].wasm,caa433afce4b85d6cb63559237e86927
all5/Jensens_Device/[0-4][1-4].wasm,caa433afce4b85d6cb63559237e86927
all5/Jensens_Device/[0-4][1-4][2-1].wasm,caa433afce4b85d6cb63559237e86927
all5/Jensens_Device/[0-4][2-1].wasm,caa433afce4b85d6cb63559237e86927
all5/Jensens_Device/[0-5].wasm,caa433afce4b85d6cb63559237e86927
all5/Jensens_Device/[0-5][1-1].wasm,caa433afce4b85d6cb63559237e86927
all5/Jensens_Device/[0-5][1-1][2-1].wasm,caa433afce4b85d6cb63559237e86927
all5/Jensens_Device/[0-5][1-2].wasm,caa433afce4b85d6cb63559237e86927
all5/Jensens_Device/[0-5][1-2][2-1].wasm,caa433afce4b85d6cb63559237e86927
all5/Jensens_Device/[0-5][1-3].wasm,caa433afce4b85d6cb63559237e86927
all5/Jensens_Device/[0-5][1-3][2-1].wasm,caa433afce4b85d6cb63559237e86927
all5/Jensens_Device/[0-5][1-4].wasm,caa433afce4b85d6cb63559237e86927
all5/Jensens_Device/[0-5][1-4][2-1].wasm,caa433afce4b85d6cb63559237e86927
all5/Jensens_Device/[0-5][2-1].wasm,caa433afce4b85d6cb63559237e86927
all5/Jensens_Device/[0-6].wasm,caa433afce4b85d6cb63559237e86927
all5/Jensens_Device/[0-6][1-1].wasm,caa433afce4b85d6cb63559237e86927
all5/Jensens_Device/[0-6][1-1][2-1].wasm,caa433afce4b85d6cb63559237e86927
all5/Jensens_Device/[0-6][1-2].wasm,caa433afce4b85d6cb63559237e86927
all5/Jensens_Device/[0-6][1-2][2-1].wasm,caa433afce4b85d6cb63559237e86927
all5/Jensens_Device/[0-6][1-3].wasm,caa433afce4b85d6cb63559237e86927
all5/Jensens_Device/[0-6][1-3][2-1].wasm,caa433afce4b85d6cb63559237e86927
all5/Jensens_Device/[0-6][1-4].wasm,caa433afce4b85d6cb63559237e86927
all5/Jensens_Device/[0-6][1-4][2-1].wasm,caa433afce4b85d6cb63559237e86927
all5/Jensens_Device/[0-6][2-1].wasm,caa433afce4b85d6cb63559237e86927
all5/Jensens_Device/[0-7].wasm,caa433afce4b85d6cb63559237e86927
all5/Jensens_Device/[0-7][1-1].wasm,caa433afce4b85d6cb63559237e86927
all5/Jensens_Device/[0-7][1-1][2-1].wasm,caa433afce4b85d6cb63559237e86927
all5/Jensens_Device/[0-7][1-2].wasm,caa433afce4b85d6cb63559237e86927
all5/Jensens_Device/[0-7][1-2][2-1].wasm,caa433afce4b85d6cb63559237e86927
all5/Jensens_Device/[0-7][1-3].wasm,caa433afce4b85d6cb63559237e86927
all5/Jensens_Device/[0-7][1-3][2-1].wasm,caa433afce4b85d6cb63559237e86927
all5/Jensens_Device/[0-7][1-4].wasm,caa433afce4b85d6cb63559237e86927
all5/Jensens_Device/[0-7][1-4][2-1].wasm,caa433afce4b85d6cb63559237e86927
all5/Jensens_Device/[0-7][2-1].wasm,caa433afce4b85d6cb63559237e86927
all5/Jensens_Device/[1-1].wasm,caa433afce4b85d6cb63559237e86927
all5/Jensens_Device/[1-1][2-1].wasm,caa433afce4b85d6cb63559237e86927
all5/Jensens_Device/[1-2].wasm,caa433afce4b85d6cb63559237e86927
all5/Jensens_Device/[1-2][2-1].wasm,caa433afce4b85d6cb63559237e86927
all5/Jensens_Device/[1-3].wasm,caa433afce4b85d6cb63559237e86927
all5/Jensens_Device/[1-3][2-1].wasm,caa433afce4b85d6cb63559237e86927
all5/Jensens_Device/[1-4].wasm,caa433afce4b85d6cb63559237e86927
all5/Jensens_Device/[1-4][2-1].wasm,caa433afce4b85d6cb63559237e86927
all5/Jensens_Device/[2-1].wasm,caa433afce4b85d6cb63559237e86927
