name, hash
all5/JortSort/JortSort.wasm,19f33ea3dcb27b415af280dd24b67ff6
all5/JortSort/JortSort.wasm.~1~,f5ada9f6d78ecd5f62d16aa03763375e
all5/JortSort/JortSort.wasm.~2~,f5ada9f6d78ecd5f62d16aa03763375e
all5/JortSort/[1-1].wasm,f5ada9f6d78ecd5f62d16aa03763375e
all5/JortSort/[1-1][15-1].wasm,f5ada9f6d78ecd5f62d16aa03763375e
all5/JortSort/[1-1][15-1][16-1].wasm,f5ada9f6d78ecd5f62d16aa03763375e
all5/JortSort/[1-1][15-2].wasm,f5ada9f6d78ecd5f62d16aa03763375e
all5/JortSort/[1-1][15-2][16-1].wasm,f5ada9f6d78ecd5f62d16aa03763375e
all5/JortSort/[1-1][15-3].wasm,f5ada9f6d78ecd5f62d16aa03763375e
all5/JortSort/[1-1][15-3][16-1].wasm,f5ada9f6d78ecd5f62d16aa03763375e
all5/JortSort/[1-1][15-4].wasm,f5ada9f6d78ecd5f62d16aa03763375e
all5/JortSort/[1-1][15-4][16-1].wasm,f5ada9f6d78ecd5f62d16aa03763375e
all5/JortSort/[1-1][15-5].wasm,f5ada9f6d78ecd5f62d16aa03763375e
all5/JortSort/[1-1][15-5][16-1].wasm,f5ada9f6d78ecd5f62d16aa03763375e
all5/JortSort/[1-1][15-6].wasm,f5ada9f6d78ecd5f62d16aa03763375e
all5/JortSort/[1-1][15-6][16-1].wasm,f5ada9f6d78ecd5f62d16aa03763375e
all5/JortSort/[1-1][15-7].wasm,f5ada9f6d78ecd5f62d16aa03763375e
all5/JortSort/[1-1][15-7][16-1].wasm,f5ada9f6d78ecd5f62d16aa03763375e
all5/JortSort/[1-1][16-1].wasm,f5ada9f6d78ecd5f62d16aa03763375e
all5/JortSort/[1-2].wasm,f5ada9f6d78ecd5f62d16aa03763375e
all5/JortSort/[1-2][15-1].wasm,f5ada9f6d78ecd5f62d16aa03763375e
all5/JortSort/[1-2][15-1][16-1].wasm,f5ada9f6d78ecd5f62d16aa03763375e
all5/JortSort/[1-2][15-2].wasm,f5ada9f6d78ecd5f62d16aa03763375e
all5/JortSort/[1-2][15-2][16-1].wasm,f5ada9f6d78ecd5f62d16aa03763375e
all5/JortSort/[1-2][15-3].wasm,f5ada9f6d78ecd5f62d16aa03763375e
all5/JortSort/[1-2][15-3][16-1].wasm,f5ada9f6d78ecd5f62d16aa03763375e
all5/JortSort/[1-2][15-4].wasm,f5ada9f6d78ecd5f62d16aa03763375e
all5/JortSort/[1-2][15-4][16-1].wasm,f5ada9f6d78ecd5f62d16aa03763375e
all5/JortSort/[1-2][15-5].wasm,f5ada9f6d78ecd5f62d16aa03763375e
all5/JortSort/[1-2][15-5][16-1].wasm,f5ada9f6d78ecd5f62d16aa03763375e
all5/JortSort/[1-2][15-6].wasm,f5ada9f6d78ecd5f62d16aa03763375e
all5/JortSort/[1-2][15-6][16-1].wasm,f5ada9f6d78ecd5f62d16aa03763375e
all5/JortSort/[1-2][15-7].wasm,f5ada9f6d78ecd5f62d16aa03763375e
all5/JortSort/[1-2][15-7][16-1].wasm,f5ada9f6d78ecd5f62d16aa03763375e
all5/JortSort/[1-2][16-1].wasm,f5ada9f6d78ecd5f62d16aa03763375e
all5/JortSort/[1-3].wasm,f5ada9f6d78ecd5f62d16aa03763375e
all5/JortSort/[1-3][15-1].wasm,f5ada9f6d78ecd5f62d16aa03763375e
all5/JortSort/[1-3][15-1][16-1].wasm,f5ada9f6d78ecd5f62d16aa03763375e
all5/JortSort/[1-3][15-2].wasm,f5ada9f6d78ecd5f62d16aa03763375e
all5/JortSort/[1-3][15-2][16-1].wasm,f5ada9f6d78ecd5f62d16aa03763375e
all5/JortSort/[1-3][15-3].wasm,f5ada9f6d78ecd5f62d16aa03763375e
all5/JortSort/[1-3][15-3][16-1].wasm,f5ada9f6d78ecd5f62d16aa03763375e
all5/JortSort/[1-3][15-4].wasm,f5ada9f6d78ecd5f62d16aa03763375e
all5/JortSort/[1-3][15-4][16-1].wasm,f5ada9f6d78ecd5f62d16aa03763375e
all5/JortSort/[1-3][15-5].wasm,f5ada9f6d78ecd5f62d16aa03763375e
all5/JortSort/[1-3][15-5][16-1].wasm,f5ada9f6d78ecd5f62d16aa03763375e
all5/JortSort/[1-3][15-6].wasm,f5ada9f6d78ecd5f62d16aa03763375e
all5/JortSort/[1-3][15-6][16-1].wasm,f5ada9f6d78ecd5f62d16aa03763375e
all5/JortSort/[1-3][15-7].wasm,f5ada9f6d78ecd5f62d16aa03763375e
all5/JortSort/[1-3][15-7][16-1].wasm,f5ada9f6d78ecd5f62d16aa03763375e
all5/JortSort/[1-3][16-1].wasm,f5ada9f6d78ecd5f62d16aa03763375e
all5/JortSort/[1-4].wasm,f5ada9f6d78ecd5f62d16aa03763375e
all5/JortSort/[1-4][15-1].wasm,f5ada9f6d78ecd5f62d16aa03763375e
all5/JortSort/[1-4][15-1][16-1].wasm,f5ada9f6d78ecd5f62d16aa03763375e
all5/JortSort/[1-4][15-2].wasm,f5ada9f6d78ecd5f62d16aa03763375e
all5/JortSort/[1-4][15-2][16-1].wasm,f5ada9f6d78ecd5f62d16aa03763375e
all5/JortSort/[1-4][15-3].wasm,f5ada9f6d78ecd5f62d16aa03763375e
all5/JortSort/[1-4][15-3][16-1].wasm,f5ada9f6d78ecd5f62d16aa03763375e
all5/JortSort/[1-4][15-4].wasm,f5ada9f6d78ecd5f62d16aa03763375e
all5/JortSort/[1-4][15-4][16-1].wasm,f5ada9f6d78ecd5f62d16aa03763375e
all5/JortSort/[1-4][15-5].wasm,f5ada9f6d78ecd5f62d16aa03763375e
all5/JortSort/[1-4][15-5][16-1].wasm,f5ada9f6d78ecd5f62d16aa03763375e
all5/JortSort/[1-4][15-6].wasm,f5ada9f6d78ecd5f62d16aa03763375e
all5/JortSort/[1-4][15-6][16-1].wasm,f5ada9f6d78ecd5f62d16aa03763375e
all5/JortSort/[1-4][15-7].wasm,f5ada9f6d78ecd5f62d16aa03763375e
all5/JortSort/[1-4][15-7][16-1].wasm,f5ada9f6d78ecd5f62d16aa03763375e
all5/JortSort/[1-4][16-1].wasm,f5ada9f6d78ecd5f62d16aa03763375e
all5/JortSort/[1-5].wasm,f5ada9f6d78ecd5f62d16aa03763375e
all5/JortSort/[1-5][15-1].wasm,f5ada9f6d78ecd5f62d16aa03763375e
all5/JortSort/[1-5][15-1][16-1].wasm,f5ada9f6d78ecd5f62d16aa03763375e
all5/JortSort/[1-5][15-2].wasm,f5ada9f6d78ecd5f62d16aa03763375e
all5/JortSort/[1-5][15-2][16-1].wasm,f5ada9f6d78ecd5f62d16aa03763375e
all5/JortSort/[1-5][15-3].wasm,f5ada9f6d78ecd5f62d16aa03763375e
all5/JortSort/[1-5][15-3][16-1].wasm,f5ada9f6d78ecd5f62d16aa03763375e
all5/JortSort/[1-5][15-4].wasm,f5ada9f6d78ecd5f62d16aa03763375e
all5/JortSort/[1-5][15-4][16-1].wasm,f5ada9f6d78ecd5f62d16aa03763375e
all5/JortSort/[1-5][15-5].wasm,f5ada9f6d78ecd5f62d16aa03763375e
all5/JortSort/[1-5][15-5][16-1].wasm,f5ada9f6d78ecd5f62d16aa03763375e
all5/JortSort/[1-5][15-6].wasm,f5ada9f6d78ecd5f62d16aa03763375e
all5/JortSort/[1-5][15-6][16-1].wasm,f5ada9f6d78ecd5f62d16aa03763375e
all5/JortSort/[1-5][15-7].wasm,f5ada9f6d78ecd5f62d16aa03763375e
all5/JortSort/[1-5][15-7][16-1].wasm,f5ada9f6d78ecd5f62d16aa03763375e
all5/JortSort/[1-5][16-1].wasm,f5ada9f6d78ecd5f62d16aa03763375e
all5/JortSort/[1-6].wasm,f5ada9f6d78ecd5f62d16aa03763375e
all5/JortSort/[1-6][15-1].wasm,f5ada9f6d78ecd5f62d16aa03763375e
all5/JortSort/[1-6][15-1][16-1].wasm,f5ada9f6d78ecd5f62d16aa03763375e
all5/JortSort/[1-6][15-2].wasm,f5ada9f6d78ecd5f62d16aa03763375e
all5/JortSort/[1-6][15-2][16-1].wasm,f5ada9f6d78ecd5f62d16aa03763375e
all5/JortSort/[1-6][15-3].wasm,f5ada9f6d78ecd5f62d16aa03763375e
all5/JortSort/[1-6][15-3][16-1].wasm,f5ada9f6d78ecd5f62d16aa03763375e
all5/JortSort/[1-6][15-4].wasm,f5ada9f6d78ecd5f62d16aa03763375e
all5/JortSort/[1-6][15-4][16-1].wasm,f5ada9f6d78ecd5f62d16aa03763375e
all5/JortSort/[1-6][15-5].wasm,f5ada9f6d78ecd5f62d16aa03763375e
all5/JortSort/[1-6][15-5][16-1].wasm,f5ada9f6d78ecd5f62d16aa03763375e
all5/JortSort/[1-6][15-6].wasm,f5ada9f6d78ecd5f62d16aa03763375e
all5/JortSort/[1-6][15-6][16-1].wasm,f5ada9f6d78ecd5f62d16aa03763375e
all5/JortSort/[1-6][15-7].wasm,f5ada9f6d78ecd5f62d16aa03763375e
all5/JortSort/[1-6][15-7][16-1].wasm,f5ada9f6d78ecd5f62d16aa03763375e
all5/JortSort/[1-6][16-1].wasm,f5ada9f6d78ecd5f62d16aa03763375e
all5/JortSort/[1-7].wasm,f5ada9f6d78ecd5f62d16aa03763375e
all5/JortSort/[1-7][15-1].wasm,f5ada9f6d78ecd5f62d16aa03763375e
all5/JortSort/[1-7][15-1][16-1].wasm,f5ada9f6d78ecd5f62d16aa03763375e
all5/JortSort/[1-7][15-2].wasm,f5ada9f6d78ecd5f62d16aa03763375e
all5/JortSort/[1-7][15-2][16-1].wasm,f5ada9f6d78ecd5f62d16aa03763375e
all5/JortSort/[1-7][15-3].wasm,f5ada9f6d78ecd5f62d16aa03763375e
all5/JortSort/[1-7][15-3][16-1].wasm,f5ada9f6d78ecd5f62d16aa03763375e
all5/JortSort/[1-7][15-4].wasm,f5ada9f6d78ecd5f62d16aa03763375e
all5/JortSort/[1-7][15-4][16-1].wasm,f5ada9f6d78ecd5f62d16aa03763375e
all5/JortSort/[1-7][15-5].wasm,f5ada9f6d78ecd5f62d16aa03763375e
all5/JortSort/[1-7][15-5][16-1].wasm,f5ada9f6d78ecd5f62d16aa03763375e
all5/JortSort/[1-7][15-6].wasm,f5ada9f6d78ecd5f62d16aa03763375e
all5/JortSort/[1-7][15-6][16-1].wasm,f5ada9f6d78ecd5f62d16aa03763375e
all5/JortSort/[1-7][15-7].wasm,f5ada9f6d78ecd5f62d16aa03763375e
all5/JortSort/[1-7][15-7][16-1].wasm,f5ada9f6d78ecd5f62d16aa03763375e
all5/JortSort/[1-7][16-1].wasm,f5ada9f6d78ecd5f62d16aa03763375e
all5/JortSort/[1-8].wasm,f5ada9f6d78ecd5f62d16aa03763375e
all5/JortSort/[1-8][15-1].wasm,f5ada9f6d78ecd5f62d16aa03763375e
all5/JortSort/[1-8][15-1][16-1].wasm,f5ada9f6d78ecd5f62d16aa03763375e
all5/JortSort/[1-8][15-2].wasm,f5ada9f6d78ecd5f62d16aa03763375e
all5/JortSort/[1-8][15-2][16-1].wasm,f5ada9f6d78ecd5f62d16aa03763375e
all5/JortSort/[1-8][15-3].wasm,f5ada9f6d78ecd5f62d16aa03763375e
all5/JortSort/[1-8][15-3][16-1].wasm,f5ada9f6d78ecd5f62d16aa03763375e
all5/JortSort/[1-8][15-4].wasm,f5ada9f6d78ecd5f62d16aa03763375e
all5/JortSort/[1-8][15-4][16-1].wasm,f5ada9f6d78ecd5f62d16aa03763375e
all5/JortSort/[1-8][15-5].wasm,f5ada9f6d78ecd5f62d16aa03763375e
all5/JortSort/[1-8][15-5][16-1].wasm,f5ada9f6d78ecd5f62d16aa03763375e
all5/JortSort/[1-8][16-1].wasm,f5ada9f6d78ecd5f62d16aa03763375e
all5/JortSort/[15-1].wasm,f5ada9f6d78ecd5f62d16aa03763375e
all5/JortSort/[15-1][16-1].wasm,f5ada9f6d78ecd5f62d16aa03763375e
all5/JortSort/[15-2].wasm,f5ada9f6d78ecd5f62d16aa03763375e
all5/JortSort/[15-2][16-1].wasm,f5ada9f6d78ecd5f62d16aa03763375e
all5/JortSort/[15-3].wasm,f5ada9f6d78ecd5f62d16aa03763375e
all5/JortSort/[15-3][16-1].wasm,f5ada9f6d78ecd5f62d16aa03763375e
all5/JortSort/[15-4].wasm,f5ada9f6d78ecd5f62d16aa03763375e
all5/JortSort/[15-4][16-1].wasm,f5ada9f6d78ecd5f62d16aa03763375e
all5/JortSort/[15-5].wasm,f5ada9f6d78ecd5f62d16aa03763375e
all5/JortSort/[15-5][16-1].wasm,f5ada9f6d78ecd5f62d16aa03763375e
all5/JortSort/[15-6].wasm,f5ada9f6d78ecd5f62d16aa03763375e
all5/JortSort/[15-6][16-1].wasm,f5ada9f6d78ecd5f62d16aa03763375e
all5/JortSort/[15-7].wasm,f5ada9f6d78ecd5f62d16aa03763375e
all5/JortSort/[15-7][16-1].wasm,f5ada9f6d78ecd5f62d16aa03763375e
all5/JortSort/[16-1].wasm,f5ada9f6d78ecd5f62d16aa03763375e
