name, hash
all5/Knapsack_problem-Continuous/Knapsack_problem-Continuous.wasm,b8a9963898c145cb9110d93e139e2c32
all5/Knapsack_problem-Continuous/Knapsack_problem-Continuous.wasm.~1~,a075ea3bf20c6826c76a56b41d7743a3
all5/Knapsack_problem-Continuous/Knapsack_problem-Continuous.wasm.~2~,a075ea3bf20c6826c76a56b41d7743a3
all5/Knapsack_problem-Continuous/[0-10].wasm,b8a9963898c145cb9110d93e139e2c32
all5/Knapsack_problem-Continuous/[0-10][1-1].wasm,b8a9963898c145cb9110d93e139e2c32
all5/Knapsack_problem-Continuous/[0-10][1-2].wasm,b8a9963898c145cb9110d93e139e2c32
all5/Knapsack_problem-Continuous/[0-10][1-3].wasm,b8a9963898c145cb9110d93e139e2c32
all5/Knapsack_problem-Continuous/[0-10][1-4].wasm,b8a9963898c145cb9110d93e139e2c32
all5/Knapsack_problem-Continuous/[0-10][1-5].wasm,b8a9963898c145cb9110d93e139e2c32
all5/Knapsack_problem-Continuous/[0-10][1-6].wasm,b8a9963898c145cb9110d93e139e2c32
all5/Knapsack_problem-Continuous/[0-10][1-7].wasm,b8a9963898c145cb9110d93e139e2c32
all5/Knapsack_problem-Continuous/[0-10][1-8].wasm,b8a9963898c145cb9110d93e139e2c32
all5/Knapsack_problem-Continuous/[0-11].wasm,b8a9963898c145cb9110d93e139e2c32
all5/Knapsack_problem-Continuous/[0-11][1-1].wasm,b8a9963898c145cb9110d93e139e2c32
all5/Knapsack_problem-Continuous/[0-11][1-2].wasm,b8a9963898c145cb9110d93e139e2c32
all5/Knapsack_problem-Continuous/[0-11][1-3].wasm,b8a9963898c145cb9110d93e139e2c32
all5/Knapsack_problem-Continuous/[0-11][1-4].wasm,b8a9963898c145cb9110d93e139e2c32
all5/Knapsack_problem-Continuous/[0-11][1-5].wasm,b8a9963898c145cb9110d93e139e2c32
all5/Knapsack_problem-Continuous/[0-11][1-6].wasm,b8a9963898c145cb9110d93e139e2c32
all5/Knapsack_problem-Continuous/[0-11][1-7].wasm,b8a9963898c145cb9110d93e139e2c32
all5/Knapsack_problem-Continuous/[0-11][1-8].wasm,b8a9963898c145cb9110d93e139e2c32
all5/Knapsack_problem-Continuous/[0-12].wasm,b8a9963898c145cb9110d93e139e2c32
all5/Knapsack_problem-Continuous/[0-12][1-1].wasm,b8a9963898c145cb9110d93e139e2c32
all5/Knapsack_problem-Continuous/[0-12][1-2].wasm,b8a9963898c145cb9110d93e139e2c32
all5/Knapsack_problem-Continuous/[0-12][1-3].wasm,b8a9963898c145cb9110d93e139e2c32
all5/Knapsack_problem-Continuous/[0-12][1-4].wasm,b8a9963898c145cb9110d93e139e2c32
all5/Knapsack_problem-Continuous/[0-12][1-5].wasm,b8a9963898c145cb9110d93e139e2c32
all5/Knapsack_problem-Continuous/[0-12][1-6].wasm,b8a9963898c145cb9110d93e139e2c32
all5/Knapsack_problem-Continuous/[0-12][1-7].wasm,b8a9963898c145cb9110d93e139e2c32
all5/Knapsack_problem-Continuous/[0-12][1-8].wasm,b8a9963898c145cb9110d93e139e2c32
all5/Knapsack_problem-Continuous/[0-13].wasm,b8a9963898c145cb9110d93e139e2c32
all5/Knapsack_problem-Continuous/[0-13][1-1].wasm,b8a9963898c145cb9110d93e139e2c32
all5/Knapsack_problem-Continuous/[0-13][1-2].wasm,b8a9963898c145cb9110d93e139e2c32
all5/Knapsack_problem-Continuous/[0-13][1-3].wasm,b8a9963898c145cb9110d93e139e2c32
all5/Knapsack_problem-Continuous/[0-13][1-4].wasm,b8a9963898c145cb9110d93e139e2c32
all5/Knapsack_problem-Continuous/[0-13][1-5].wasm,b8a9963898c145cb9110d93e139e2c32
all5/Knapsack_problem-Continuous/[0-13][1-7].wasm,b8a9963898c145cb9110d93e139e2c32
all5/Knapsack_problem-Continuous/[0-1].wasm,2133f7bd05eb9f20520e06f9ed11c2cf
all5/Knapsack_problem-Continuous/[0-1][1-1].wasm,2133f7bd05eb9f20520e06f9ed11c2cf
all5/Knapsack_problem-Continuous/[0-1][1-2].wasm,2133f7bd05eb9f20520e06f9ed11c2cf
all5/Knapsack_problem-Continuous/[0-1][1-3].wasm,2133f7bd05eb9f20520e06f9ed11c2cf
all5/Knapsack_problem-Continuous/[0-1][1-4].wasm,2133f7bd05eb9f20520e06f9ed11c2cf
all5/Knapsack_problem-Continuous/[0-1][1-5].wasm,2133f7bd05eb9f20520e06f9ed11c2cf
all5/Knapsack_problem-Continuous/[0-1][1-6].wasm,2133f7bd05eb9f20520e06f9ed11c2cf
all5/Knapsack_problem-Continuous/[0-1][1-7].wasm,2133f7bd05eb9f20520e06f9ed11c2cf
all5/Knapsack_problem-Continuous/[0-1][1-8].wasm,2133f7bd05eb9f20520e06f9ed11c2cf
all5/Knapsack_problem-Continuous/[0-2].wasm,b8a9963898c145cb9110d93e139e2c32
all5/Knapsack_problem-Continuous/[0-2][1-1].wasm,b8a9963898c145cb9110d93e139e2c32
all5/Knapsack_problem-Continuous/[0-2][1-2].wasm,b8a9963898c145cb9110d93e139e2c32
all5/Knapsack_problem-Continuous/[0-2][1-3].wasm,b8a9963898c145cb9110d93e139e2c32
all5/Knapsack_problem-Continuous/[0-2][1-4].wasm,b8a9963898c145cb9110d93e139e2c32
all5/Knapsack_problem-Continuous/[0-2][1-5].wasm,b8a9963898c145cb9110d93e139e2c32
all5/Knapsack_problem-Continuous/[0-2][1-6].wasm,b8a9963898c145cb9110d93e139e2c32
all5/Knapsack_problem-Continuous/[0-2][1-7].wasm,b8a9963898c145cb9110d93e139e2c32
all5/Knapsack_problem-Continuous/[0-2][1-8].wasm,b8a9963898c145cb9110d93e139e2c32
all5/Knapsack_problem-Continuous/[0-3].wasm,b8a9963898c145cb9110d93e139e2c32
all5/Knapsack_problem-Continuous/[0-3][1-1].wasm,b8a9963898c145cb9110d93e139e2c32
all5/Knapsack_problem-Continuous/[0-3][1-2].wasm,b8a9963898c145cb9110d93e139e2c32
all5/Knapsack_problem-Continuous/[0-3][1-3].wasm,b8a9963898c145cb9110d93e139e2c32
all5/Knapsack_problem-Continuous/[0-3][1-4].wasm,b8a9963898c145cb9110d93e139e2c32
all5/Knapsack_problem-Continuous/[0-3][1-5].wasm,b8a9963898c145cb9110d93e139e2c32
all5/Knapsack_problem-Continuous/[0-3][1-6].wasm,b8a9963898c145cb9110d93e139e2c32
all5/Knapsack_problem-Continuous/[0-3][1-7].wasm,b8a9963898c145cb9110d93e139e2c32
all5/Knapsack_problem-Continuous/[0-3][1-8].wasm,b8a9963898c145cb9110d93e139e2c32
all5/Knapsack_problem-Continuous/[0-4].wasm,b8a9963898c145cb9110d93e139e2c32
all5/Knapsack_problem-Continuous/[0-4][1-1].wasm,b8a9963898c145cb9110d93e139e2c32
all5/Knapsack_problem-Continuous/[0-4][1-2].wasm,b8a9963898c145cb9110d93e139e2c32
all5/Knapsack_problem-Continuous/[0-4][1-3].wasm,b8a9963898c145cb9110d93e139e2c32
all5/Knapsack_problem-Continuous/[0-4][1-4].wasm,b8a9963898c145cb9110d93e139e2c32
all5/Knapsack_problem-Continuous/[0-4][1-5].wasm,b8a9963898c145cb9110d93e139e2c32
all5/Knapsack_problem-Continuous/[0-4][1-6].wasm,b8a9963898c145cb9110d93e139e2c32
all5/Knapsack_problem-Continuous/[0-4][1-7].wasm,b8a9963898c145cb9110d93e139e2c32
all5/Knapsack_problem-Continuous/[0-4][1-8].wasm,b8a9963898c145cb9110d93e139e2c32
all5/Knapsack_problem-Continuous/[0-5].wasm,b8a9963898c145cb9110d93e139e2c32
all5/Knapsack_problem-Continuous/[0-5][1-1].wasm,b8a9963898c145cb9110d93e139e2c32
all5/Knapsack_problem-Continuous/[0-5][1-2].wasm,b8a9963898c145cb9110d93e139e2c32
all5/Knapsack_problem-Continuous/[0-5][1-3].wasm,b8a9963898c145cb9110d93e139e2c32
all5/Knapsack_problem-Continuous/[0-5][1-4].wasm,b8a9963898c145cb9110d93e139e2c32
all5/Knapsack_problem-Continuous/[0-5][1-5].wasm,b8a9963898c145cb9110d93e139e2c32
all5/Knapsack_problem-Continuous/[0-5][1-6].wasm,b8a9963898c145cb9110d93e139e2c32
all5/Knapsack_problem-Continuous/[0-5][1-7].wasm,b8a9963898c145cb9110d93e139e2c32
all5/Knapsack_problem-Continuous/[0-5][1-8].wasm,b8a9963898c145cb9110d93e139e2c32
all5/Knapsack_problem-Continuous/[0-6].wasm,b8a9963898c145cb9110d93e139e2c32
all5/Knapsack_problem-Continuous/[0-6][1-1].wasm,b8a9963898c145cb9110d93e139e2c32
all5/Knapsack_problem-Continuous/[0-6][1-2].wasm,b8a9963898c145cb9110d93e139e2c32
all5/Knapsack_problem-Continuous/[0-6][1-3].wasm,b8a9963898c145cb9110d93e139e2c32
all5/Knapsack_problem-Continuous/[0-6][1-4].wasm,b8a9963898c145cb9110d93e139e2c32
all5/Knapsack_problem-Continuous/[0-6][1-5].wasm,b8a9963898c145cb9110d93e139e2c32
all5/Knapsack_problem-Continuous/[0-6][1-6].wasm,b8a9963898c145cb9110d93e139e2c32
all5/Knapsack_problem-Continuous/[0-6][1-7].wasm,b8a9963898c145cb9110d93e139e2c32
all5/Knapsack_problem-Continuous/[0-6][1-8].wasm,b8a9963898c145cb9110d93e139e2c32
all5/Knapsack_problem-Continuous/[0-7].wasm,b8a9963898c145cb9110d93e139e2c32
all5/Knapsack_problem-Continuous/[0-7][1-1].wasm,b8a9963898c145cb9110d93e139e2c32
all5/Knapsack_problem-Continuous/[0-7][1-2].wasm,b8a9963898c145cb9110d93e139e2c32
all5/Knapsack_problem-Continuous/[0-7][1-3].wasm,b8a9963898c145cb9110d93e139e2c32
all5/Knapsack_problem-Continuous/[0-7][1-4].wasm,b8a9963898c145cb9110d93e139e2c32
all5/Knapsack_problem-Continuous/[0-7][1-5].wasm,b8a9963898c145cb9110d93e139e2c32
all5/Knapsack_problem-Continuous/[0-7][1-6].wasm,b8a9963898c145cb9110d93e139e2c32
all5/Knapsack_problem-Continuous/[0-7][1-7].wasm,b8a9963898c145cb9110d93e139e2c32
all5/Knapsack_problem-Continuous/[0-7][1-8].wasm,b8a9963898c145cb9110d93e139e2c32
all5/Knapsack_problem-Continuous/[0-8].wasm,b8a9963898c145cb9110d93e139e2c32
all5/Knapsack_problem-Continuous/[0-8][1-1].wasm,b8a9963898c145cb9110d93e139e2c32
all5/Knapsack_problem-Continuous/[0-8][1-2].wasm,b8a9963898c145cb9110d93e139e2c32
all5/Knapsack_problem-Continuous/[0-8][1-3].wasm,b8a9963898c145cb9110d93e139e2c32
all5/Knapsack_problem-Continuous/[0-8][1-4].wasm,b8a9963898c145cb9110d93e139e2c32
all5/Knapsack_problem-Continuous/[0-8][1-5].wasm,b8a9963898c145cb9110d93e139e2c32
all5/Knapsack_problem-Continuous/[0-8][1-6].wasm,b8a9963898c145cb9110d93e139e2c32
all5/Knapsack_problem-Continuous/[0-8][1-7].wasm,b8a9963898c145cb9110d93e139e2c32
all5/Knapsack_problem-Continuous/[0-8][1-8].wasm,b8a9963898c145cb9110d93e139e2c32
all5/Knapsack_problem-Continuous/[0-9].wasm,b8a9963898c145cb9110d93e139e2c32
all5/Knapsack_problem-Continuous/[0-9][1-1].wasm,b8a9963898c145cb9110d93e139e2c32
all5/Knapsack_problem-Continuous/[0-9][1-2].wasm,b8a9963898c145cb9110d93e139e2c32
all5/Knapsack_problem-Continuous/[0-9][1-3].wasm,b8a9963898c145cb9110d93e139e2c32
all5/Knapsack_problem-Continuous/[0-9][1-4].wasm,b8a9963898c145cb9110d93e139e2c32
all5/Knapsack_problem-Continuous/[0-9][1-5].wasm,b8a9963898c145cb9110d93e139e2c32
all5/Knapsack_problem-Continuous/[0-9][1-6].wasm,b8a9963898c145cb9110d93e139e2c32
all5/Knapsack_problem-Continuous/[0-9][1-7].wasm,b8a9963898c145cb9110d93e139e2c32
all5/Knapsack_problem-Continuous/[0-9][1-8].wasm,b8a9963898c145cb9110d93e139e2c32
all5/Knapsack_problem-Continuous/[1-1].wasm,b8a9963898c145cb9110d93e139e2c32
all5/Knapsack_problem-Continuous/[1-2].wasm,b8a9963898c145cb9110d93e139e2c32
all5/Knapsack_problem-Continuous/[1-3].wasm,b8a9963898c145cb9110d93e139e2c32
all5/Knapsack_problem-Continuous/[1-4].wasm,b8a9963898c145cb9110d93e139e2c32
all5/Knapsack_problem-Continuous/[1-5].wasm,b8a9963898c145cb9110d93e139e2c32
all5/Knapsack_problem-Continuous/[1-6].wasm,b8a9963898c145cb9110d93e139e2c32
all5/Knapsack_problem-Continuous/[1-7].wasm,b8a9963898c145cb9110d93e139e2c32
all5/Knapsack_problem-Continuous/[1-8].wasm,b8a9963898c145cb9110d93e139e2c32
