name, hash
all5/Knapsack_problem-Unbounded/Knapsack_problem-Unbounded.wasm,85f64732ac46b6e9b54b4846a38b9cd0
all5/Knapsack_problem-Unbounded/Knapsack_problem-Unbounded.wasm.~1~,85f64732ac46b6e9b54b4846a38b9cd0
all5/Knapsack_problem-Unbounded/Knapsack_problem-Unbounded.wasm.~2~,811936965dba2a8f72cccaec6c5b6f0c
all5/Knapsack_problem-Unbounded/[1-1].wasm,85f64732ac46b6e9b54b4846a38b9cd0
all5/Knapsack_problem-Unbounded/[1-1][2-1].wasm,85f64732ac46b6e9b54b4846a38b9cd0
all5/Knapsack_problem-Unbounded/[1-1][2-1][3-1].wasm,85f64732ac46b6e9b54b4846a38b9cd0
all5/Knapsack_problem-Unbounded/[1-1][2-1][3-1][4-1].wasm,85f64732ac46b6e9b54b4846a38b9cd0
all5/Knapsack_problem-Unbounded/[1-1][2-1][4-1].wasm,85f64732ac46b6e9b54b4846a38b9cd0
all5/Knapsack_problem-Unbounded/[1-1][3-1].wasm,85f64732ac46b6e9b54b4846a38b9cd0
all5/Knapsack_problem-Unbounded/[1-1][3-1][4-1].wasm,85f64732ac46b6e9b54b4846a38b9cd0
all5/Knapsack_problem-Unbounded/[1-1][4-1].wasm,85f64732ac46b6e9b54b4846a38b9cd0
all5/Knapsack_problem-Unbounded/[1-2].wasm,85f64732ac46b6e9b54b4846a38b9cd0
all5/Knapsack_problem-Unbounded/[1-2][2-1].wasm,85f64732ac46b6e9b54b4846a38b9cd0
all5/Knapsack_problem-Unbounded/[1-2][2-1][3-1].wasm,85f64732ac46b6e9b54b4846a38b9cd0
all5/Knapsack_problem-Unbounded/[1-2][2-1][3-1][4-1].wasm,85f64732ac46b6e9b54b4846a38b9cd0
all5/Knapsack_problem-Unbounded/[1-2][2-1][4-1].wasm,85f64732ac46b6e9b54b4846a38b9cd0
all5/Knapsack_problem-Unbounded/[1-2][3-1].wasm,85f64732ac46b6e9b54b4846a38b9cd0
all5/Knapsack_problem-Unbounded/[1-2][3-1][4-1].wasm,85f64732ac46b6e9b54b4846a38b9cd0
all5/Knapsack_problem-Unbounded/[1-2][4-1].wasm,85f64732ac46b6e9b54b4846a38b9cd0
all5/Knapsack_problem-Unbounded/[1-3].wasm,85f64732ac46b6e9b54b4846a38b9cd0
all5/Knapsack_problem-Unbounded/[1-3][2-1].wasm,85f64732ac46b6e9b54b4846a38b9cd0
all5/Knapsack_problem-Unbounded/[1-3][2-1][3-1].wasm,85f64732ac46b6e9b54b4846a38b9cd0
all5/Knapsack_problem-Unbounded/[1-3][2-1][3-1][4-1].wasm,85f64732ac46b6e9b54b4846a38b9cd0
all5/Knapsack_problem-Unbounded/[1-3][2-1][4-1].wasm,85f64732ac46b6e9b54b4846a38b9cd0
all5/Knapsack_problem-Unbounded/[1-3][3-1].wasm,85f64732ac46b6e9b54b4846a38b9cd0
all5/Knapsack_problem-Unbounded/[1-3][3-1][4-1].wasm,85f64732ac46b6e9b54b4846a38b9cd0
all5/Knapsack_problem-Unbounded/[1-3][4-1].wasm,85f64732ac46b6e9b54b4846a38b9cd0
all5/Knapsack_problem-Unbounded/[1-4].wasm,85f64732ac46b6e9b54b4846a38b9cd0
all5/Knapsack_problem-Unbounded/[1-4][2-1].wasm,85f64732ac46b6e9b54b4846a38b9cd0
all5/Knapsack_problem-Unbounded/[1-4][2-1][3-1].wasm,85f64732ac46b6e9b54b4846a38b9cd0
all5/Knapsack_problem-Unbounded/[1-4][2-1][3-1][4-1].wasm,85f64732ac46b6e9b54b4846a38b9cd0
all5/Knapsack_problem-Unbounded/[1-4][2-1][4-1].wasm,85f64732ac46b6e9b54b4846a38b9cd0
all5/Knapsack_problem-Unbounded/[1-4][3-1].wasm,85f64732ac46b6e9b54b4846a38b9cd0
all5/Knapsack_problem-Unbounded/[1-4][3-1][4-1].wasm,85f64732ac46b6e9b54b4846a38b9cd0
all5/Knapsack_problem-Unbounded/[1-4][4-1].wasm,85f64732ac46b6e9b54b4846a38b9cd0
all5/Knapsack_problem-Unbounded/[2-1].wasm,85f64732ac46b6e9b54b4846a38b9cd0
all5/Knapsack_problem-Unbounded/[2-1][3-1].wasm,85f64732ac46b6e9b54b4846a38b9cd0
all5/Knapsack_problem-Unbounded/[2-1][3-1][4-1].wasm,85f64732ac46b6e9b54b4846a38b9cd0
all5/Knapsack_problem-Unbounded/[2-1][4-1].wasm,85f64732ac46b6e9b54b4846a38b9cd0
all5/Knapsack_problem-Unbounded/[3-1].wasm,85f64732ac46b6e9b54b4846a38b9cd0
all5/Knapsack_problem-Unbounded/[3-1][4-1].wasm,85f64732ac46b6e9b54b4846a38b9cd0
all5/Knapsack_problem-Unbounded/[4-1].wasm,85f64732ac46b6e9b54b4846a38b9cd0
