name, hash
all5/Largest_int_from_concatenated_ints/Largest_int_from_concatenated_ints.wasm,5cb6e2827d105c80577a882e41821a96
all5/Largest_int_from_concatenated_ints/Largest_int_from_concatenated_ints.wasm.~1~,5cb6e2827d105c80577a882e41821a96
all5/Largest_int_from_concatenated_ints/Largest_int_from_concatenated_ints.wasm.~2~,6e0f4fd06a045e9fbe8ffeedbe08b80f
all5/Largest_int_from_concatenated_ints/[1-1].wasm,5cb6e2827d105c80577a882e41821a96
all5/Largest_int_from_concatenated_ints/[1-1][3-1].wasm,5cb6e2827d105c80577a882e41821a96
all5/Largest_int_from_concatenated_ints/[3-1].wasm,5cb6e2827d105c80577a882e41821a96
