name, hash
all5/Law_of_cosines_-_triples/Law_of_cosines_-_triples.wasm,81961462ca2b95b51c58f44071385547
all5/Law_of_cosines_-_triples/Law_of_cosines_-_triples.wasm.~1~,81961462ca2b95b51c58f44071385547
all5/Law_of_cosines_-_triples/Law_of_cosines_-_triples.wasm.~2~,312e408f6e5c478db36edbcaa7a2457e
all5/Law_of_cosines_-_triples/[0-1].wasm,81961462ca2b95b51c58f44071385547
all5/Law_of_cosines_-_triples/[0-1][1-1].wasm,81961462ca2b95b51c58f44071385547
all5/Law_of_cosines_-_triples/[0-1][1-1][2-1].wasm,81961462ca2b95b51c58f44071385547
all5/Law_of_cosines_-_triples/[0-1][1-1][2-1][3-1].wasm,81961462ca2b95b51c58f44071385547
all5/Law_of_cosines_-_triples/[0-1][1-1][2-1][3-1][4-1].wasm,81961462ca2b95b51c58f44071385547
all5/Law_of_cosines_-_triples/[0-1][1-1][2-1][3-1][5-1].wasm,81961462ca2b95b51c58f44071385547
all5/Law_of_cosines_-_triples/[0-1][1-1][2-1][3-1][5-2].wasm,81961462ca2b95b51c58f44071385547
all5/Law_of_cosines_-_triples/[0-1][1-1][2-1][3-1][5-3].wasm,81961462ca2b95b51c58f44071385547
all5/Law_of_cosines_-_triples/[0-1][1-1][2-1][3-1][5-4].wasm,81961462ca2b95b51c58f44071385547
all5/Law_of_cosines_-_triples/[0-1][1-1][2-1][3-1][5-5].wasm,81961462ca2b95b51c58f44071385547
all5/Law_of_cosines_-_triples/[0-1][1-1][2-1][3-1][5-6].wasm,81961462ca2b95b51c58f44071385547
all5/Law_of_cosines_-_triples/[0-1][1-1][2-1][3-1][5-7].wasm,81961462ca2b95b51c58f44071385547
all5/Law_of_cosines_-_triples/[0-1][1-1][2-1][3-1][5-8].wasm,81961462ca2b95b51c58f44071385547
all5/Law_of_cosines_-_triples/[0-1][1-1][2-1][4-1].wasm,81961462ca2b95b51c58f44071385547
all5/Law_of_cosines_-_triples/[0-1][1-1][2-1][4-1][5-1].wasm,81961462ca2b95b51c58f44071385547
all5/Law_of_cosines_-_triples/[0-1][1-1][2-1][4-1][5-2].wasm,81961462ca2b95b51c58f44071385547
all5/Law_of_cosines_-_triples/[0-1][1-1][2-1][4-1][5-3].wasm,81961462ca2b95b51c58f44071385547
all5/Law_of_cosines_-_triples/[0-1][1-1][2-1][4-1][5-4].wasm,81961462ca2b95b51c58f44071385547
all5/Law_of_cosines_-_triples/[0-1][1-1][2-1][4-1][5-5].wasm,81961462ca2b95b51c58f44071385547
all5/Law_of_cosines_-_triples/[0-1][1-1][2-1][4-1][5-6].wasm,81961462ca2b95b51c58f44071385547
all5/Law_of_cosines_-_triples/[0-1][1-1][2-1][4-1][5-7].wasm,81961462ca2b95b51c58f44071385547
all5/Law_of_cosines_-_triples/[0-1][1-1][2-1][4-1][5-8].wasm,81961462ca2b95b51c58f44071385547
all5/Law_of_cosines_-_triples/[0-1][1-1][2-1][5-1].wasm,81961462ca2b95b51c58f44071385547
all5/Law_of_cosines_-_triples/[0-1][1-1][2-1][5-2].wasm,81961462ca2b95b51c58f44071385547
all5/Law_of_cosines_-_triples/[0-1][1-1][2-1][5-3].wasm,81961462ca2b95b51c58f44071385547
all5/Law_of_cosines_-_triples/[0-1][1-1][2-1][5-4].wasm,81961462ca2b95b51c58f44071385547
all5/Law_of_cosines_-_triples/[0-1][1-1][2-1][5-5].wasm,81961462ca2b95b51c58f44071385547
all5/Law_of_cosines_-_triples/[0-1][1-1][2-1][5-6].wasm,81961462ca2b95b51c58f44071385547
all5/Law_of_cosines_-_triples/[0-1][1-1][2-1][5-7].wasm,81961462ca2b95b51c58f44071385547
all5/Law_of_cosines_-_triples/[0-1][1-1][2-1][5-8].wasm,81961462ca2b95b51c58f44071385547
all5/Law_of_cosines_-_triples/[0-1][1-1][3-1].wasm,81961462ca2b95b51c58f44071385547
all5/Law_of_cosines_-_triples/[0-1][1-1][3-1][4-1].wasm,81961462ca2b95b51c58f44071385547
all5/Law_of_cosines_-_triples/[0-1][1-1][3-1][4-1][5-1].wasm,81961462ca2b95b51c58f44071385547
all5/Law_of_cosines_-_triples/[0-1][1-1][3-1][4-1][5-2].wasm,81961462ca2b95b51c58f44071385547
all5/Law_of_cosines_-_triples/[0-1][1-1][3-1][4-1][5-3].wasm,81961462ca2b95b51c58f44071385547
all5/Law_of_cosines_-_triples/[0-1][1-1][3-1][4-1][5-4].wasm,81961462ca2b95b51c58f44071385547
all5/Law_of_cosines_-_triples/[0-1][1-1][3-1][4-1][5-5].wasm,81961462ca2b95b51c58f44071385547
all5/Law_of_cosines_-_triples/[0-1][1-1][3-1][4-1][5-6].wasm,81961462ca2b95b51c58f44071385547
all5/Law_of_cosines_-_triples/[0-1][1-1][3-1][4-1][5-7].wasm,81961462ca2b95b51c58f44071385547
all5/Law_of_cosines_-_triples/[0-1][1-1][3-1][4-1][5-8].wasm,81961462ca2b95b51c58f44071385547
all5/Law_of_cosines_-_triples/[0-1][1-1][3-1][5-1].wasm,81961462ca2b95b51c58f44071385547
all5/Law_of_cosines_-_triples/[0-1][1-1][3-1][5-2].wasm,81961462ca2b95b51c58f44071385547
all5/Law_of_cosines_-_triples/[0-1][1-1][3-1][5-3].wasm,81961462ca2b95b51c58f44071385547
all5/Law_of_cosines_-_triples/[0-1][1-1][3-1][5-4].wasm,81961462ca2b95b51c58f44071385547
all5/Law_of_cosines_-_triples/[0-1][1-1][3-1][5-5].wasm,81961462ca2b95b51c58f44071385547
all5/Law_of_cosines_-_triples/[0-1][1-1][3-1][5-6].wasm,81961462ca2b95b51c58f44071385547
all5/Law_of_cosines_-_triples/[0-1][1-1][3-1][5-7].wasm,81961462ca2b95b51c58f44071385547
all5/Law_of_cosines_-_triples/[0-1][1-1][3-1][5-8].wasm,81961462ca2b95b51c58f44071385547
all5/Law_of_cosines_-_triples/[0-1][1-1][4-1].wasm,81961462ca2b95b51c58f44071385547
all5/Law_of_cosines_-_triples/[0-1][1-1][4-1][5-1].wasm,81961462ca2b95b51c58f44071385547
all5/Law_of_cosines_-_triples/[0-1][1-1][4-1][5-2].wasm,81961462ca2b95b51c58f44071385547
all5/Law_of_cosines_-_triples/[0-1][1-1][4-1][5-3].wasm,81961462ca2b95b51c58f44071385547
all5/Law_of_cosines_-_triples/[0-1][1-1][4-1][5-4].wasm,81961462ca2b95b51c58f44071385547
all5/Law_of_cosines_-_triples/[0-1][1-1][4-1][5-5].wasm,81961462ca2b95b51c58f44071385547
all5/Law_of_cosines_-_triples/[0-1][1-1][4-1][5-6].wasm,81961462ca2b95b51c58f44071385547
all5/Law_of_cosines_-_triples/[0-1][1-1][4-1][5-7].wasm,81961462ca2b95b51c58f44071385547
all5/Law_of_cosines_-_triples/[0-1][1-1][4-1][5-8].wasm,81961462ca2b95b51c58f44071385547
all5/Law_of_cosines_-_triples/[0-1][1-1][5-1].wasm,81961462ca2b95b51c58f44071385547
all5/Law_of_cosines_-_triples/[0-1][1-1][5-2].wasm,81961462ca2b95b51c58f44071385547
all5/Law_of_cosines_-_triples/[0-1][1-1][5-3].wasm,81961462ca2b95b51c58f44071385547
all5/Law_of_cosines_-_triples/[0-1][1-1][5-4].wasm,81961462ca2b95b51c58f44071385547
all5/Law_of_cosines_-_triples/[0-1][1-1][5-5].wasm,81961462ca2b95b51c58f44071385547
all5/Law_of_cosines_-_triples/[0-1][1-1][5-6].wasm,81961462ca2b95b51c58f44071385547
all5/Law_of_cosines_-_triples/[0-1][1-1][5-7].wasm,81961462ca2b95b51c58f44071385547
all5/Law_of_cosines_-_triples/[0-1][1-1][5-8].wasm,81961462ca2b95b51c58f44071385547
all5/Law_of_cosines_-_triples/[0-1][2-1].wasm,81961462ca2b95b51c58f44071385547
all5/Law_of_cosines_-_triples/[0-1][2-1][3-1].wasm,81961462ca2b95b51c58f44071385547
all5/Law_of_cosines_-_triples/[0-1][2-1][3-1].wasm.~1~,74e28d476f5cbc177debce678ae88552
all5/Law_of_cosines_-_triples/[0-1][2-1][3-1][4-1].wasm,81961462ca2b95b51c58f44071385547
all5/Law_of_cosines_-_triples/[0-1][2-1][3-1][4-1][5-1].wasm,81961462ca2b95b51c58f44071385547
all5/Law_of_cosines_-_triples/[0-1][2-1][3-1][4-1][5-2].wasm,81961462ca2b95b51c58f44071385547
all5/Law_of_cosines_-_triples/[0-1][2-1][3-1][4-1][5-3].wasm,81961462ca2b95b51c58f44071385547
all5/Law_of_cosines_-_triples/[0-1][2-1][3-1][4-1][5-4].wasm,81961462ca2b95b51c58f44071385547
all5/Law_of_cosines_-_triples/[0-1][2-1][3-1][4-1][5-5].wasm,81961462ca2b95b51c58f44071385547
all5/Law_of_cosines_-_triples/[0-1][2-1][3-1][4-1][5-6].wasm,81961462ca2b95b51c58f44071385547
all5/Law_of_cosines_-_triples/[0-1][2-1][3-1][4-1][5-7].wasm,81961462ca2b95b51c58f44071385547
all5/Law_of_cosines_-_triples/[0-1][2-1][3-1][4-1][5-8].wasm,81961462ca2b95b51c58f44071385547
all5/Law_of_cosines_-_triples/[0-1][2-1][3-1][5-1].wasm,81961462ca2b95b51c58f44071385547
all5/Law_of_cosines_-_triples/[0-1][2-1][3-1][5-2].wasm,81961462ca2b95b51c58f44071385547
all5/Law_of_cosines_-_triples/[0-1][2-1][3-1][5-3].wasm,81961462ca2b95b51c58f44071385547
all5/Law_of_cosines_-_triples/[0-1][2-1][3-1][5-4].wasm,81961462ca2b95b51c58f44071385547
all5/Law_of_cosines_-_triples/[0-1][2-1][3-1][5-5].wasm,81961462ca2b95b51c58f44071385547
all5/Law_of_cosines_-_triples/[0-1][2-1][3-1][5-6].wasm,81961462ca2b95b51c58f44071385547
all5/Law_of_cosines_-_triples/[0-1][2-1][3-1][5-7].wasm,81961462ca2b95b51c58f44071385547
all5/Law_of_cosines_-_triples/[0-1][2-1][3-1][5-8].wasm,81961462ca2b95b51c58f44071385547
all5/Law_of_cosines_-_triples/[0-1][2-1][4-1].wasm,81961462ca2b95b51c58f44071385547
all5/Law_of_cosines_-_triples/[0-1][2-1][4-1][5-1].wasm,81961462ca2b95b51c58f44071385547
all5/Law_of_cosines_-_triples/[0-1][2-1][4-1][5-2].wasm,81961462ca2b95b51c58f44071385547
all5/Law_of_cosines_-_triples/[0-1][2-1][4-1][5-3].wasm,81961462ca2b95b51c58f44071385547
all5/Law_of_cosines_-_triples/[0-1][2-1][4-1][5-4].wasm,81961462ca2b95b51c58f44071385547
all5/Law_of_cosines_-_triples/[0-1][2-1][4-1][5-5].wasm,81961462ca2b95b51c58f44071385547
all5/Law_of_cosines_-_triples/[0-1][2-1][4-1][5-6].wasm,81961462ca2b95b51c58f44071385547
all5/Law_of_cosines_-_triples/[0-1][2-1][4-1][5-7].wasm,81961462ca2b95b51c58f44071385547
all5/Law_of_cosines_-_triples/[0-1][2-1][4-1][5-8].wasm,81961462ca2b95b51c58f44071385547
all5/Law_of_cosines_-_triples/[0-1][2-1][5-1].wasm,81961462ca2b95b51c58f44071385547
all5/Law_of_cosines_-_triples/[0-1][2-1][5-2].wasm,81961462ca2b95b51c58f44071385547
all5/Law_of_cosines_-_triples/[0-1][2-1][5-3].wasm,81961462ca2b95b51c58f44071385547
all5/Law_of_cosines_-_triples/[0-1][2-1][5-4].wasm,81961462ca2b95b51c58f44071385547
all5/Law_of_cosines_-_triples/[0-1][2-1][5-5].wasm,81961462ca2b95b51c58f44071385547
all5/Law_of_cosines_-_triples/[0-1][2-1][5-6].wasm,81961462ca2b95b51c58f44071385547
all5/Law_of_cosines_-_triples/[0-1][2-1][5-7].wasm,81961462ca2b95b51c58f44071385547
all5/Law_of_cosines_-_triples/[0-1][2-1][5-8].wasm,81961462ca2b95b51c58f44071385547
all5/Law_of_cosines_-_triples/[0-1][3-1].wasm,81961462ca2b95b51c58f44071385547
all5/Law_of_cosines_-_triples/[0-1][3-1][4-1].wasm,81961462ca2b95b51c58f44071385547
all5/Law_of_cosines_-_triples/[0-1][3-1][4-1][5-1].wasm,81961462ca2b95b51c58f44071385547
all5/Law_of_cosines_-_triples/[0-1][3-1][4-1][5-2].wasm,81961462ca2b95b51c58f44071385547
all5/Law_of_cosines_-_triples/[0-1][3-1][4-1][5-3].wasm,81961462ca2b95b51c58f44071385547
all5/Law_of_cosines_-_triples/[0-1][3-1][4-1][5-4].wasm,81961462ca2b95b51c58f44071385547
all5/Law_of_cosines_-_triples/[0-1][3-1][4-1][5-5].wasm,81961462ca2b95b51c58f44071385547
all5/Law_of_cosines_-_triples/[0-1][3-1][4-1][5-6].wasm,81961462ca2b95b51c58f44071385547
all5/Law_of_cosines_-_triples/[0-1][3-1][4-1][5-7].wasm,81961462ca2b95b51c58f44071385547
all5/Law_of_cosines_-_triples/[0-1][3-1][4-1][5-8].wasm,81961462ca2b95b51c58f44071385547
all5/Law_of_cosines_-_triples/[0-1][3-1][5-1].wasm,81961462ca2b95b51c58f44071385547
all5/Law_of_cosines_-_triples/[0-1][3-1][5-2].wasm,81961462ca2b95b51c58f44071385547
all5/Law_of_cosines_-_triples/[0-1][3-1][5-3].wasm,81961462ca2b95b51c58f44071385547
all5/Law_of_cosines_-_triples/[0-1][3-1][5-4].wasm,81961462ca2b95b51c58f44071385547
all5/Law_of_cosines_-_triples/[0-1][3-1][5-5].wasm,81961462ca2b95b51c58f44071385547
all5/Law_of_cosines_-_triples/[0-1][3-1][5-6].wasm,81961462ca2b95b51c58f44071385547
all5/Law_of_cosines_-_triples/[0-1][3-1][5-7].wasm,81961462ca2b95b51c58f44071385547
all5/Law_of_cosines_-_triples/[0-1][3-1][5-8].wasm,81961462ca2b95b51c58f44071385547
all5/Law_of_cosines_-_triples/[0-1][4-1].wasm,81961462ca2b95b51c58f44071385547
all5/Law_of_cosines_-_triples/[0-1][4-1][5-1].wasm,81961462ca2b95b51c58f44071385547
all5/Law_of_cosines_-_triples/[0-1][4-1][5-2].wasm,81961462ca2b95b51c58f44071385547
all5/Law_of_cosines_-_triples/[0-1][4-1][5-3].wasm,81961462ca2b95b51c58f44071385547
all5/Law_of_cosines_-_triples/[0-1][4-1][5-4].wasm,81961462ca2b95b51c58f44071385547
all5/Law_of_cosines_-_triples/[0-1][4-1][5-5].wasm,81961462ca2b95b51c58f44071385547
all5/Law_of_cosines_-_triples/[0-1][4-1][5-6].wasm,81961462ca2b95b51c58f44071385547
all5/Law_of_cosines_-_triples/[0-1][4-1][5-7].wasm,81961462ca2b95b51c58f44071385547
all5/Law_of_cosines_-_triples/[0-1][4-1][5-8].wasm,81961462ca2b95b51c58f44071385547
all5/Law_of_cosines_-_triples/[0-1][5-1].wasm,81961462ca2b95b51c58f44071385547
all5/Law_of_cosines_-_triples/[0-1][5-2].wasm,81961462ca2b95b51c58f44071385547
all5/Law_of_cosines_-_triples/[0-1][5-3].wasm,81961462ca2b95b51c58f44071385547
all5/Law_of_cosines_-_triples/[0-1][5-4].wasm,81961462ca2b95b51c58f44071385547
all5/Law_of_cosines_-_triples/[0-1][5-5].wasm,81961462ca2b95b51c58f44071385547
all5/Law_of_cosines_-_triples/[0-1][5-6].wasm,81961462ca2b95b51c58f44071385547
all5/Law_of_cosines_-_triples/[0-1][5-7].wasm,81961462ca2b95b51c58f44071385547
all5/Law_of_cosines_-_triples/[0-1][5-8].wasm,81961462ca2b95b51c58f44071385547
all5/Law_of_cosines_-_triples/[1-1].wasm,81961462ca2b95b51c58f44071385547
all5/Law_of_cosines_-_triples/[1-1][2-1].wasm,81961462ca2b95b51c58f44071385547
all5/Law_of_cosines_-_triples/[1-1][2-1][3-1].wasm,81961462ca2b95b51c58f44071385547
all5/Law_of_cosines_-_triples/[1-1][2-1][3-1][4-1].wasm,81961462ca2b95b51c58f44071385547
all5/Law_of_cosines_-_triples/[1-1][2-1][3-1][4-1][5-1].wasm,81961462ca2b95b51c58f44071385547
all5/Law_of_cosines_-_triples/[1-1][2-1][3-1][4-1][5-2].wasm,81961462ca2b95b51c58f44071385547
all5/Law_of_cosines_-_triples/[1-1][2-1][3-1][4-1][5-3].wasm,81961462ca2b95b51c58f44071385547
all5/Law_of_cosines_-_triples/[1-1][2-1][3-1][4-1][5-4].wasm,81961462ca2b95b51c58f44071385547
all5/Law_of_cosines_-_triples/[1-1][2-1][3-1][4-1][5-5].wasm,81961462ca2b95b51c58f44071385547
all5/Law_of_cosines_-_triples/[1-1][2-1][3-1][4-1][5-6].wasm,81961462ca2b95b51c58f44071385547
all5/Law_of_cosines_-_triples/[1-1][2-1][3-1][4-1][5-7].wasm,81961462ca2b95b51c58f44071385547
all5/Law_of_cosines_-_triples/[1-1][2-1][3-1][4-1][5-8].wasm,81961462ca2b95b51c58f44071385547
all5/Law_of_cosines_-_triples/[1-1][2-1][3-1][5-1].wasm,81961462ca2b95b51c58f44071385547
all5/Law_of_cosines_-_triples/[1-1][2-1][3-1][5-2].wasm,81961462ca2b95b51c58f44071385547
all5/Law_of_cosines_-_triples/[1-1][2-1][3-1][5-3].wasm,81961462ca2b95b51c58f44071385547
all5/Law_of_cosines_-_triples/[1-1][2-1][3-1][5-4].wasm,81961462ca2b95b51c58f44071385547
all5/Law_of_cosines_-_triples/[1-1][2-1][3-1][5-5].wasm,81961462ca2b95b51c58f44071385547
all5/Law_of_cosines_-_triples/[1-1][2-1][3-1][5-6].wasm,81961462ca2b95b51c58f44071385547
all5/Law_of_cosines_-_triples/[1-1][2-1][3-1][5-7].wasm,81961462ca2b95b51c58f44071385547
all5/Law_of_cosines_-_triples/[1-1][2-1][3-1][5-8].wasm,81961462ca2b95b51c58f44071385547
all5/Law_of_cosines_-_triples/[1-1][2-1][4-1].wasm,81961462ca2b95b51c58f44071385547
all5/Law_of_cosines_-_triples/[1-1][2-1][4-1][5-1].wasm,81961462ca2b95b51c58f44071385547
all5/Law_of_cosines_-_triples/[1-1][2-1][4-1][5-2].wasm,81961462ca2b95b51c58f44071385547
all5/Law_of_cosines_-_triples/[1-1][2-1][4-1][5-3].wasm,81961462ca2b95b51c58f44071385547
all5/Law_of_cosines_-_triples/[1-1][2-1][4-1][5-4].wasm,81961462ca2b95b51c58f44071385547
all5/Law_of_cosines_-_triples/[1-1][2-1][4-1][5-5].wasm,81961462ca2b95b51c58f44071385547
all5/Law_of_cosines_-_triples/[1-1][2-1][4-1][5-6].wasm,81961462ca2b95b51c58f44071385547
all5/Law_of_cosines_-_triples/[1-1][2-1][4-1][5-7].wasm,81961462ca2b95b51c58f44071385547
all5/Law_of_cosines_-_triples/[1-1][2-1][4-1][5-8].wasm,81961462ca2b95b51c58f44071385547
all5/Law_of_cosines_-_triples/[1-1][2-1][5-1].wasm,81961462ca2b95b51c58f44071385547
all5/Law_of_cosines_-_triples/[1-1][2-1][5-2].wasm,81961462ca2b95b51c58f44071385547
all5/Law_of_cosines_-_triples/[1-1][2-1][5-3].wasm,81961462ca2b95b51c58f44071385547
all5/Law_of_cosines_-_triples/[1-1][2-1][5-4].wasm,81961462ca2b95b51c58f44071385547
all5/Law_of_cosines_-_triples/[1-1][2-1][5-5].wasm,81961462ca2b95b51c58f44071385547
all5/Law_of_cosines_-_triples/[1-1][2-1][5-6].wasm,81961462ca2b95b51c58f44071385547
all5/Law_of_cosines_-_triples/[1-1][2-1][5-7].wasm,81961462ca2b95b51c58f44071385547
all5/Law_of_cosines_-_triples/[1-1][2-1][5-8].wasm,81961462ca2b95b51c58f44071385547
all5/Law_of_cosines_-_triples/[1-1][3-1].wasm,81961462ca2b95b51c58f44071385547
all5/Law_of_cosines_-_triples/[1-1][3-1][4-1].wasm,81961462ca2b95b51c58f44071385547
all5/Law_of_cosines_-_triples/[1-1][3-1][4-1][5-1].wasm,81961462ca2b95b51c58f44071385547
all5/Law_of_cosines_-_triples/[1-1][3-1][4-1][5-2].wasm,81961462ca2b95b51c58f44071385547
all5/Law_of_cosines_-_triples/[1-1][3-1][4-1][5-3].wasm,81961462ca2b95b51c58f44071385547
all5/Law_of_cosines_-_triples/[1-1][3-1][4-1][5-4].wasm,81961462ca2b95b51c58f44071385547
all5/Law_of_cosines_-_triples/[1-1][3-1][4-1][5-5].wasm,81961462ca2b95b51c58f44071385547
all5/Law_of_cosines_-_triples/[1-1][3-1][4-1][5-6].wasm,81961462ca2b95b51c58f44071385547
all5/Law_of_cosines_-_triples/[1-1][3-1][4-1][5-7].wasm,81961462ca2b95b51c58f44071385547
all5/Law_of_cosines_-_triples/[1-1][3-1][4-1][5-8].wasm,81961462ca2b95b51c58f44071385547
all5/Law_of_cosines_-_triples/[1-1][3-1][5-1].wasm,81961462ca2b95b51c58f44071385547
all5/Law_of_cosines_-_triples/[1-1][3-1][5-2].wasm,81961462ca2b95b51c58f44071385547
all5/Law_of_cosines_-_triples/[1-1][3-1][5-3].wasm,81961462ca2b95b51c58f44071385547
all5/Law_of_cosines_-_triples/[1-1][3-1][5-4].wasm,81961462ca2b95b51c58f44071385547
all5/Law_of_cosines_-_triples/[1-1][3-1][5-5].wasm,81961462ca2b95b51c58f44071385547
all5/Law_of_cosines_-_triples/[1-1][3-1][5-6].wasm,81961462ca2b95b51c58f44071385547
all5/Law_of_cosines_-_triples/[1-1][3-1][5-7].wasm,81961462ca2b95b51c58f44071385547
all5/Law_of_cosines_-_triples/[1-1][3-1][5-8].wasm,81961462ca2b95b51c58f44071385547
all5/Law_of_cosines_-_triples/[1-1][4-1].wasm,81961462ca2b95b51c58f44071385547
all5/Law_of_cosines_-_triples/[1-1][4-1][5-1].wasm,81961462ca2b95b51c58f44071385547
all5/Law_of_cosines_-_triples/[1-1][4-1][5-2].wasm,81961462ca2b95b51c58f44071385547
all5/Law_of_cosines_-_triples/[1-1][4-1][5-3].wasm,81961462ca2b95b51c58f44071385547
all5/Law_of_cosines_-_triples/[1-1][4-1][5-4].wasm,81961462ca2b95b51c58f44071385547
all5/Law_of_cosines_-_triples/[1-1][4-1][5-5].wasm,81961462ca2b95b51c58f44071385547
all5/Law_of_cosines_-_triples/[1-1][4-1][5-6].wasm,81961462ca2b95b51c58f44071385547
all5/Law_of_cosines_-_triples/[1-1][4-1][5-7].wasm,81961462ca2b95b51c58f44071385547
all5/Law_of_cosines_-_triples/[1-1][4-1][5-8].wasm,81961462ca2b95b51c58f44071385547
all5/Law_of_cosines_-_triples/[1-1][5-1].wasm,81961462ca2b95b51c58f44071385547
all5/Law_of_cosines_-_triples/[1-1][5-2].wasm,81961462ca2b95b51c58f44071385547
all5/Law_of_cosines_-_triples/[1-1][5-3].wasm,81961462ca2b95b51c58f44071385547
all5/Law_of_cosines_-_triples/[1-1][5-4].wasm,81961462ca2b95b51c58f44071385547
all5/Law_of_cosines_-_triples/[1-1][5-5].wasm,81961462ca2b95b51c58f44071385547
all5/Law_of_cosines_-_triples/[1-1][5-6].wasm,81961462ca2b95b51c58f44071385547
all5/Law_of_cosines_-_triples/[1-1][5-7].wasm,81961462ca2b95b51c58f44071385547
all5/Law_of_cosines_-_triples/[1-1][5-8].wasm,81961462ca2b95b51c58f44071385547
all5/Law_of_cosines_-_triples/[2-1].wasm,81961462ca2b95b51c58f44071385547
all5/Law_of_cosines_-_triples/[2-1][3-1].wasm,81961462ca2b95b51c58f44071385547
all5/Law_of_cosines_-_triples/[2-1][3-1][4-1].wasm,81961462ca2b95b51c58f44071385547
all5/Law_of_cosines_-_triples/[2-1][3-1][4-1][5-1].wasm,81961462ca2b95b51c58f44071385547
all5/Law_of_cosines_-_triples/[2-1][3-1][4-1][5-2].wasm,81961462ca2b95b51c58f44071385547
all5/Law_of_cosines_-_triples/[2-1][3-1][4-1][5-3].wasm,81961462ca2b95b51c58f44071385547
all5/Law_of_cosines_-_triples/[2-1][3-1][4-1][5-4].wasm,81961462ca2b95b51c58f44071385547
all5/Law_of_cosines_-_triples/[2-1][3-1][4-1][5-5].wasm,81961462ca2b95b51c58f44071385547
all5/Law_of_cosines_-_triples/[2-1][3-1][4-1][5-6].wasm,81961462ca2b95b51c58f44071385547
all5/Law_of_cosines_-_triples/[2-1][3-1][4-1][5-7].wasm,81961462ca2b95b51c58f44071385547
all5/Law_of_cosines_-_triples/[2-1][3-1][4-1][5-8].wasm,81961462ca2b95b51c58f44071385547
all5/Law_of_cosines_-_triples/[2-1][3-1][5-1].wasm,81961462ca2b95b51c58f44071385547
all5/Law_of_cosines_-_triples/[2-1][3-1][5-2].wasm,81961462ca2b95b51c58f44071385547
all5/Law_of_cosines_-_triples/[2-1][3-1][5-3].wasm,81961462ca2b95b51c58f44071385547
all5/Law_of_cosines_-_triples/[2-1][3-1][5-4].wasm,81961462ca2b95b51c58f44071385547
all5/Law_of_cosines_-_triples/[2-1][3-1][5-5].wasm,81961462ca2b95b51c58f44071385547
all5/Law_of_cosines_-_triples/[2-1][3-1][5-6].wasm,81961462ca2b95b51c58f44071385547
all5/Law_of_cosines_-_triples/[2-1][3-1][5-7].wasm,81961462ca2b95b51c58f44071385547
all5/Law_of_cosines_-_triples/[2-1][3-1][5-8].wasm,81961462ca2b95b51c58f44071385547
all5/Law_of_cosines_-_triples/[2-1][4-1].wasm,81961462ca2b95b51c58f44071385547
all5/Law_of_cosines_-_triples/[2-1][4-1][5-1].wasm,81961462ca2b95b51c58f44071385547
all5/Law_of_cosines_-_triples/[2-1][4-1][5-2].wasm,81961462ca2b95b51c58f44071385547
all5/Law_of_cosines_-_triples/[2-1][4-1][5-3].wasm,81961462ca2b95b51c58f44071385547
all5/Law_of_cosines_-_triples/[2-1][4-1][5-4].wasm,81961462ca2b95b51c58f44071385547
all5/Law_of_cosines_-_triples/[2-1][4-1][5-5].wasm,81961462ca2b95b51c58f44071385547
all5/Law_of_cosines_-_triples/[2-1][4-1][5-6].wasm,81961462ca2b95b51c58f44071385547
all5/Law_of_cosines_-_triples/[2-1][4-1][5-7].wasm,81961462ca2b95b51c58f44071385547
all5/Law_of_cosines_-_triples/[2-1][4-1][5-8].wasm,81961462ca2b95b51c58f44071385547
all5/Law_of_cosines_-_triples/[2-1][5-1].wasm,81961462ca2b95b51c58f44071385547
all5/Law_of_cosines_-_triples/[2-1][5-2].wasm,81961462ca2b95b51c58f44071385547
all5/Law_of_cosines_-_triples/[2-1][5-3].wasm,81961462ca2b95b51c58f44071385547
all5/Law_of_cosines_-_triples/[2-1][5-4].wasm,81961462ca2b95b51c58f44071385547
all5/Law_of_cosines_-_triples/[2-1][5-5].wasm,81961462ca2b95b51c58f44071385547
all5/Law_of_cosines_-_triples/[2-1][5-6].wasm,81961462ca2b95b51c58f44071385547
all5/Law_of_cosines_-_triples/[2-1][5-7].wasm,81961462ca2b95b51c58f44071385547
all5/Law_of_cosines_-_triples/[2-1][5-8].wasm,81961462ca2b95b51c58f44071385547
all5/Law_of_cosines_-_triples/[3-1].wasm,81961462ca2b95b51c58f44071385547
all5/Law_of_cosines_-_triples/[3-1][4-1].wasm,81961462ca2b95b51c58f44071385547
all5/Law_of_cosines_-_triples/[3-1][4-1][5-1].wasm,81961462ca2b95b51c58f44071385547
all5/Law_of_cosines_-_triples/[3-1][4-1][5-2].wasm,81961462ca2b95b51c58f44071385547
all5/Law_of_cosines_-_triples/[3-1][4-1][5-3].wasm,81961462ca2b95b51c58f44071385547
all5/Law_of_cosines_-_triples/[3-1][4-1][5-4].wasm,81961462ca2b95b51c58f44071385547
all5/Law_of_cosines_-_triples/[3-1][4-1][5-5].wasm,81961462ca2b95b51c58f44071385547
all5/Law_of_cosines_-_triples/[3-1][4-1][5-6].wasm,81961462ca2b95b51c58f44071385547
all5/Law_of_cosines_-_triples/[3-1][4-1][5-7].wasm,81961462ca2b95b51c58f44071385547
all5/Law_of_cosines_-_triples/[3-1][4-1][5-8].wasm,81961462ca2b95b51c58f44071385547
all5/Law_of_cosines_-_triples/[3-1][5-1].wasm,81961462ca2b95b51c58f44071385547
all5/Law_of_cosines_-_triples/[3-1][5-2].wasm,81961462ca2b95b51c58f44071385547
all5/Law_of_cosines_-_triples/[3-1][5-3].wasm,81961462ca2b95b51c58f44071385547
all5/Law_of_cosines_-_triples/[3-1][5-4].wasm,81961462ca2b95b51c58f44071385547
all5/Law_of_cosines_-_triples/[3-1][5-5].wasm,81961462ca2b95b51c58f44071385547
all5/Law_of_cosines_-_triples/[3-1][5-6].wasm,81961462ca2b95b51c58f44071385547
all5/Law_of_cosines_-_triples/[3-1][5-7].wasm,81961462ca2b95b51c58f44071385547
all5/Law_of_cosines_-_triples/[3-1][5-8].wasm,81961462ca2b95b51c58f44071385547
all5/Law_of_cosines_-_triples/[4-1].wasm,81961462ca2b95b51c58f44071385547
all5/Law_of_cosines_-_triples/[4-1][5-1].wasm,81961462ca2b95b51c58f44071385547
all5/Law_of_cosines_-_triples/[4-1][5-2].wasm,81961462ca2b95b51c58f44071385547
all5/Law_of_cosines_-_triples/[4-1][5-3].wasm,81961462ca2b95b51c58f44071385547
all5/Law_of_cosines_-_triples/[4-1][5-4].wasm,81961462ca2b95b51c58f44071385547
all5/Law_of_cosines_-_triples/[4-1][5-5].wasm,81961462ca2b95b51c58f44071385547
all5/Law_of_cosines_-_triples/[4-1][5-6].wasm,81961462ca2b95b51c58f44071385547
all5/Law_of_cosines_-_triples/[4-1][5-7].wasm,81961462ca2b95b51c58f44071385547
all5/Law_of_cosines_-_triples/[4-1][5-8].wasm,81961462ca2b95b51c58f44071385547
all5/Law_of_cosines_-_triples/[5-1].wasm,81961462ca2b95b51c58f44071385547
all5/Law_of_cosines_-_triples/[5-2].wasm,81961462ca2b95b51c58f44071385547
all5/Law_of_cosines_-_triples/[5-3].wasm,81961462ca2b95b51c58f44071385547
all5/Law_of_cosines_-_triples/[5-4].wasm,81961462ca2b95b51c58f44071385547
all5/Law_of_cosines_-_triples/[5-5].wasm,81961462ca2b95b51c58f44071385547
all5/Law_of_cosines_-_triples/[5-6].wasm,81961462ca2b95b51c58f44071385547
all5/Law_of_cosines_-_triples/[5-7].wasm,81961462ca2b95b51c58f44071385547
all5/Law_of_cosines_-_triples/[5-8].wasm,81961462ca2b95b51c58f44071385547
