name, hash
all5/Linear_congruential_generator/Linear_congruential_generator.wasm,adbeb2f6f80b098920a2c10d5018a03b
all5/Linear_congruential_generator/Linear_congruential_generator.wasm.~1~,adbeb2f6f80b098920a2c10d5018a03b
all5/Linear_congruential_generator/Linear_congruential_generator.wasm.~2~,e8012744c157f66157da22cee0a750a5
all5/Linear_congruential_generator/[0-1].wasm,adbeb2f6f80b098920a2c10d5018a03b
all5/Linear_congruential_generator/[0-1][1-1].wasm,adbeb2f6f80b098920a2c10d5018a03b
all5/Linear_congruential_generator/[0-1][1-1][2-1].wasm,adbeb2f6f80b098920a2c10d5018a03b
all5/Linear_congruential_generator/[0-1][1-2].wasm,adbeb2f6f80b098920a2c10d5018a03b
all5/Linear_congruential_generator/[0-1][1-2][2-1].wasm,adbeb2f6f80b098920a2c10d5018a03b
all5/Linear_congruential_generator/[0-1][1-3].wasm,adbeb2f6f80b098920a2c10d5018a03b
all5/Linear_congruential_generator/[0-1][1-3][2-1].wasm,adbeb2f6f80b098920a2c10d5018a03b
all5/Linear_congruential_generator/[0-1][1-4].wasm,adbeb2f6f80b098920a2c10d5018a03b
all5/Linear_congruential_generator/[0-1][1-4][2-1].wasm,adbeb2f6f80b098920a2c10d5018a03b
all5/Linear_congruential_generator/[0-1][1-5].wasm,adbeb2f6f80b098920a2c10d5018a03b
all5/Linear_congruential_generator/[0-1][1-5][2-1].wasm,adbeb2f6f80b098920a2c10d5018a03b
all5/Linear_congruential_generator/[0-1][1-6].wasm,adbeb2f6f80b098920a2c10d5018a03b
all5/Linear_congruential_generator/[0-1][1-6][2-1].wasm,adbeb2f6f80b098920a2c10d5018a03b
all5/Linear_congruential_generator/[0-1][1-7].wasm,adbeb2f6f80b098920a2c10d5018a03b
all5/Linear_congruential_generator/[0-1][1-7][2-1].wasm,adbeb2f6f80b098920a2c10d5018a03b
all5/Linear_congruential_generator/[0-1][1-8].wasm,adbeb2f6f80b098920a2c10d5018a03b
all5/Linear_congruential_generator/[0-1][1-8][2-1].wasm,adbeb2f6f80b098920a2c10d5018a03b
all5/Linear_congruential_generator/[0-1][2-1].wasm,adbeb2f6f80b098920a2c10d5018a03b
all5/Linear_congruential_generator/[1-10].wasm,adbeb2f6f80b098920a2c10d5018a03b
all5/Linear_congruential_generator/[1-10][2-1].wasm,adbeb2f6f80b098920a2c10d5018a03b
all5/Linear_congruential_generator/[1-1].wasm,adbeb2f6f80b098920a2c10d5018a03b
all5/Linear_congruential_generator/[1-1][2-1].wasm,adbeb2f6f80b098920a2c10d5018a03b
all5/Linear_congruential_generator/[1-2].wasm,adbeb2f6f80b098920a2c10d5018a03b
all5/Linear_congruential_generator/[1-2][2-1].wasm,adbeb2f6f80b098920a2c10d5018a03b
all5/Linear_congruential_generator/[1-3].wasm,adbeb2f6f80b098920a2c10d5018a03b
all5/Linear_congruential_generator/[1-3][2-1].wasm,adbeb2f6f80b098920a2c10d5018a03b
all5/Linear_congruential_generator/[1-4].wasm,adbeb2f6f80b098920a2c10d5018a03b
all5/Linear_congruential_generator/[1-4][2-1].wasm,adbeb2f6f80b098920a2c10d5018a03b
all5/Linear_congruential_generator/[1-5].wasm,adbeb2f6f80b098920a2c10d5018a03b
all5/Linear_congruential_generator/[1-5][2-1].wasm,adbeb2f6f80b098920a2c10d5018a03b
all5/Linear_congruential_generator/[1-6].wasm,adbeb2f6f80b098920a2c10d5018a03b
all5/Linear_congruential_generator/[1-6][2-1].wasm,adbeb2f6f80b098920a2c10d5018a03b
all5/Linear_congruential_generator/[1-7].wasm,adbeb2f6f80b098920a2c10d5018a03b
all5/Linear_congruential_generator/[1-7][2-1].wasm,adbeb2f6f80b098920a2c10d5018a03b
all5/Linear_congruential_generator/[1-8].wasm,adbeb2f6f80b098920a2c10d5018a03b
all5/Linear_congruential_generator/[1-8][2-1].wasm,adbeb2f6f80b098920a2c10d5018a03b
all5/Linear_congruential_generator/[1-9].wasm,adbeb2f6f80b098920a2c10d5018a03b
all5/Linear_congruential_generator/[1-9][2-1].wasm,adbeb2f6f80b098920a2c10d5018a03b
all5/Linear_congruential_generator/[2-1].wasm,adbeb2f6f80b098920a2c10d5018a03b
