name, hash
all5/List_rooted_trees/List_rooted_trees.wasm,e969b134bbd1a93854efa05002dec791
all5/List_rooted_trees/List_rooted_trees.wasm.~1~,e969b134bbd1a93854efa05002dec791
all5/List_rooted_trees/List_rooted_trees.wasm.~2~,a555aaf4b6c44ed9d4ffcddb6d556610
all5/List_rooted_trees/[0-1].wasm,e969b134bbd1a93854efa05002dec791
all5/List_rooted_trees/[0-1][1-1].wasm,e969b134bbd1a93854efa05002dec791
all5/List_rooted_trees/[0-1][1-1][2-1].wasm,e969b134bbd1a93854efa05002dec791
all5/List_rooted_trees/[0-1][1-1][2-1][40-1].wasm,e969b134bbd1a93854efa05002dec791
all5/List_rooted_trees/[0-1][1-1][2-1][8-1].wasm,e969b134bbd1a93854efa05002dec791
all5/List_rooted_trees/[0-1][1-1][2-1][8-1][40-1].wasm,e969b134bbd1a93854efa05002dec791
all5/List_rooted_trees/[0-1][1-1][40-1].wasm,e969b134bbd1a93854efa05002dec791
all5/List_rooted_trees/[0-1][1-1][8-1].wasm,e969b134bbd1a93854efa05002dec791
all5/List_rooted_trees/[0-1][1-1][8-1][40-1].wasm,e969b134bbd1a93854efa05002dec791
all5/List_rooted_trees/[0-1][2-1].wasm,e969b134bbd1a93854efa05002dec791
all5/List_rooted_trees/[0-1][2-1][40-1].wasm,e969b134bbd1a93854efa05002dec791
all5/List_rooted_trees/[0-1][2-1][8-1].wasm,e969b134bbd1a93854efa05002dec791
all5/List_rooted_trees/[0-1][2-1][8-1][40-1].wasm,e969b134bbd1a93854efa05002dec791
all5/List_rooted_trees/[0-1][40-1].wasm,e969b134bbd1a93854efa05002dec791
all5/List_rooted_trees/[0-1][8-1].wasm,e969b134bbd1a93854efa05002dec791
all5/List_rooted_trees/[0-1][8-1][40-1].wasm,e969b134bbd1a93854efa05002dec791
all5/List_rooted_trees/[0-2].wasm,e969b134bbd1a93854efa05002dec791
all5/List_rooted_trees/[0-2][1-1].wasm,e969b134bbd1a93854efa05002dec791
all5/List_rooted_trees/[0-2][1-1][2-1].wasm,e969b134bbd1a93854efa05002dec791
all5/List_rooted_trees/[0-2][1-1][2-1][40-1].wasm,e969b134bbd1a93854efa05002dec791
all5/List_rooted_trees/[0-2][1-1][2-1][8-1].wasm,e969b134bbd1a93854efa05002dec791
all5/List_rooted_trees/[0-2][1-1][2-1][8-1][40-1].wasm,e969b134bbd1a93854efa05002dec791
all5/List_rooted_trees/[0-2][1-1][40-1].wasm,e969b134bbd1a93854efa05002dec791
all5/List_rooted_trees/[0-2][1-1][8-1].wasm,e969b134bbd1a93854efa05002dec791
all5/List_rooted_trees/[0-2][1-1][8-1][40-1].wasm,e969b134bbd1a93854efa05002dec791
all5/List_rooted_trees/[0-2][2-1].wasm,e969b134bbd1a93854efa05002dec791
all5/List_rooted_trees/[0-2][2-1][40-1].wasm,e969b134bbd1a93854efa05002dec791
all5/List_rooted_trees/[0-2][2-1][8-1].wasm,e969b134bbd1a93854efa05002dec791
all5/List_rooted_trees/[0-2][2-1][8-1][40-1].wasm,e969b134bbd1a93854efa05002dec791
all5/List_rooted_trees/[0-2][40-1].wasm,e969b134bbd1a93854efa05002dec791
all5/List_rooted_trees/[0-2][8-1].wasm,e969b134bbd1a93854efa05002dec791
all5/List_rooted_trees/[0-2][8-1][40-1].wasm,e969b134bbd1a93854efa05002dec791
all5/List_rooted_trees/[0-3].wasm,e969b134bbd1a93854efa05002dec791
all5/List_rooted_trees/[0-3][1-1].wasm,e969b134bbd1a93854efa05002dec791
all5/List_rooted_trees/[0-3][1-1][2-1].wasm,e969b134bbd1a93854efa05002dec791
all5/List_rooted_trees/[0-3][1-1][2-1][40-1].wasm,e969b134bbd1a93854efa05002dec791
all5/List_rooted_trees/[0-3][1-1][2-1][8-1].wasm,e969b134bbd1a93854efa05002dec791
all5/List_rooted_trees/[0-3][1-1][2-1][8-1][40-1].wasm,e969b134bbd1a93854efa05002dec791
all5/List_rooted_trees/[0-3][1-1][40-1].wasm,e969b134bbd1a93854efa05002dec791
all5/List_rooted_trees/[0-3][1-1][8-1].wasm,e969b134bbd1a93854efa05002dec791
all5/List_rooted_trees/[0-3][1-1][8-1][40-1].wasm,e969b134bbd1a93854efa05002dec791
all5/List_rooted_trees/[0-3][2-1].wasm,e969b134bbd1a93854efa05002dec791
all5/List_rooted_trees/[0-3][2-1][40-1].wasm,e969b134bbd1a93854efa05002dec791
all5/List_rooted_trees/[0-3][2-1][8-1].wasm,e969b134bbd1a93854efa05002dec791
all5/List_rooted_trees/[0-3][2-1][8-1][40-1].wasm,e969b134bbd1a93854efa05002dec791
all5/List_rooted_trees/[0-3][40-1].wasm,e969b134bbd1a93854efa05002dec791
all5/List_rooted_trees/[0-3][8-1].wasm,e969b134bbd1a93854efa05002dec791
all5/List_rooted_trees/[0-3][8-1][40-1].wasm,e969b134bbd1a93854efa05002dec791
all5/List_rooted_trees/[0-4].wasm,e969b134bbd1a93854efa05002dec791
all5/List_rooted_trees/[0-4][1-1].wasm,e969b134bbd1a93854efa05002dec791
all5/List_rooted_trees/[0-4][1-1][2-1].wasm,e969b134bbd1a93854efa05002dec791
all5/List_rooted_trees/[0-4][1-1][2-1][40-1].wasm,e969b134bbd1a93854efa05002dec791
all5/List_rooted_trees/[0-4][1-1][2-1][8-1].wasm,e969b134bbd1a93854efa05002dec791
all5/List_rooted_trees/[0-4][1-1][2-1][8-1][40-1].wasm,e969b134bbd1a93854efa05002dec791
all5/List_rooted_trees/[0-4][1-1][40-1].wasm,e969b134bbd1a93854efa05002dec791
all5/List_rooted_trees/[0-4][1-1][8-1].wasm,e969b134bbd1a93854efa05002dec791
all5/List_rooted_trees/[0-4][1-1][8-1][40-1].wasm,e969b134bbd1a93854efa05002dec791
all5/List_rooted_trees/[0-4][2-1].wasm,e969b134bbd1a93854efa05002dec791
all5/List_rooted_trees/[0-4][2-1][40-1].wasm,e969b134bbd1a93854efa05002dec791
all5/List_rooted_trees/[0-4][2-1][8-1].wasm,e969b134bbd1a93854efa05002dec791
all5/List_rooted_trees/[0-4][2-1][8-1][40-1].wasm,e969b134bbd1a93854efa05002dec791
all5/List_rooted_trees/[0-4][40-1].wasm,e969b134bbd1a93854efa05002dec791
all5/List_rooted_trees/[0-4][8-1].wasm,e969b134bbd1a93854efa05002dec791
all5/List_rooted_trees/[0-4][8-1][40-1].wasm,e969b134bbd1a93854efa05002dec791
all5/List_rooted_trees/[1-1].wasm,e969b134bbd1a93854efa05002dec791
all5/List_rooted_trees/[1-1][2-1].wasm,e969b134bbd1a93854efa05002dec791
all5/List_rooted_trees/[1-1][2-1][40-1].wasm,e969b134bbd1a93854efa05002dec791
all5/List_rooted_trees/[1-1][2-1][8-1].wasm,e969b134bbd1a93854efa05002dec791
all5/List_rooted_trees/[1-1][2-1][8-1][40-1].wasm,e969b134bbd1a93854efa05002dec791
all5/List_rooted_trees/[1-1][40-1].wasm,e969b134bbd1a93854efa05002dec791
all5/List_rooted_trees/[1-1][8-1].wasm,e969b134bbd1a93854efa05002dec791
all5/List_rooted_trees/[1-1][8-1][40-1].wasm,e969b134bbd1a93854efa05002dec791
all5/List_rooted_trees/[2-1].wasm,e969b134bbd1a93854efa05002dec791
all5/List_rooted_trees/[2-1][40-1].wasm,e969b134bbd1a93854efa05002dec791
all5/List_rooted_trees/[2-1][8-1].wasm,e969b134bbd1a93854efa05002dec791
all5/List_rooted_trees/[2-1][8-1][40-1].wasm,e969b134bbd1a93854efa05002dec791
all5/List_rooted_trees/[40-1].wasm,e969b134bbd1a93854efa05002dec791
all5/List_rooted_trees/[8-1].wasm,e969b134bbd1a93854efa05002dec791
all5/List_rooted_trees/[8-1][40-1].wasm,e969b134bbd1a93854efa05002dec791
