name, hash
all5/Longest_Common_Substring/Longest_Common_Substring.wasm,a9175786541f5948b8525592b8c3b848
all5/Longest_Common_Substring/Longest_Common_Substring.wasm.~1~,a9175786541f5948b8525592b8c3b848
all5/Longest_Common_Substring/Longest_Common_Substring.wasm.~2~,7e4c9a4a5906e1473fd2fdbf0987065c
all5/Longest_Common_Substring/[10-1][11-1][12-1][13-1][14-1].wasm,d552bbc1f9ec3bf5a2ff011a30058b1a
all5/Longest_Common_Substring/[7-1][8-9].wasm,c4537308423c118c5dbd1dc16ac91b8e
all5/Longest_Common_Substring/[7-1][8-9][10-1][11-1][12-1][13-1][14-1].wasm,25ab713f2ca1a3605c7d3aabcaaa7cdb
