name, hash
all5/Loops-Wrong_ranges/Loops-Wrong_ranges.wasm,5a73942d44a04b12930f5bb439fa56c6
all5/Loops-Wrong_ranges/Loops-Wrong_ranges.wasm.~1~,5a73942d44a04b12930f5bb439fa56c6
all5/Loops-Wrong_ranges/Loops-Wrong_ranges.wasm.~2~,854af1456b32bc0725f0329685637523
all5/Loops-Wrong_ranges/[0-1].wasm,5a73942d44a04b12930f5bb439fa56c6
all5/Loops-Wrong_ranges/[0-1][6-1].wasm,5a73942d44a04b12930f5bb439fa56c6
all5/Loops-Wrong_ranges/[0-1][6-2].wasm,5a73942d44a04b12930f5bb439fa56c6
all5/Loops-Wrong_ranges/[0-1][6-3].wasm,5a73942d44a04b12930f5bb439fa56c6
all5/Loops-Wrong_ranges/[0-2].wasm,5a73942d44a04b12930f5bb439fa56c6
all5/Loops-Wrong_ranges/[0-2][6-1].wasm,5a73942d44a04b12930f5bb439fa56c6
all5/Loops-Wrong_ranges/[0-2][6-2].wasm,5a73942d44a04b12930f5bb439fa56c6
all5/Loops-Wrong_ranges/[0-2][6-3].wasm,5a73942d44a04b12930f5bb439fa56c6
all5/Loops-Wrong_ranges/[0-3].wasm,5a73942d44a04b12930f5bb439fa56c6
all5/Loops-Wrong_ranges/[0-3][6-1].wasm,5a73942d44a04b12930f5bb439fa56c6
all5/Loops-Wrong_ranges/[0-3][6-2].wasm,5a73942d44a04b12930f5bb439fa56c6
all5/Loops-Wrong_ranges/[0-3][6-3].wasm,5a73942d44a04b12930f5bb439fa56c6
all5/Loops-Wrong_ranges/[0-4].wasm,5a73942d44a04b12930f5bb439fa56c6
all5/Loops-Wrong_ranges/[0-4][6-1].wasm,5a73942d44a04b12930f5bb439fa56c6
all5/Loops-Wrong_ranges/[0-4][6-2].wasm,5a73942d44a04b12930f5bb439fa56c6
all5/Loops-Wrong_ranges/[0-4][6-3].wasm,5a73942d44a04b12930f5bb439fa56c6
all5/Loops-Wrong_ranges/[1-1][2-1][3-1][4-10][5-1].wasm,18e7b138183184a7f568de56637ef481
all5/Loops-Wrong_ranges/[1-1][2-1][3-1][4-10][8-1].wasm,4558b6dec1b8d32a8f61e0904c434627
all5/Loops-Wrong_ranges/[1-1][2-1][3-1][4-10][8-2].wasm,922fe2930fc921cc23252140b9ed9ba9
all5/Loops-Wrong_ranges/[6-1].wasm,5a73942d44a04b12930f5bb439fa56c6
all5/Loops-Wrong_ranges/[6-2].wasm,5a73942d44a04b12930f5bb439fa56c6
all5/Loops-Wrong_ranges/[6-3].wasm,5a73942d44a04b12930f5bb439fa56c6
