name, hash
all5/Middle_three_digits/Middle_three_digits.wasm,f25cbc4ba94059ea62f1a968afc83dc6
all5/Middle_three_digits/Middle_three_digits.wasm.~1~,9c058b88e1cadee87128c20cc4792df9
all5/Middle_three_digits/Middle_three_digits.wasm.~2~,f25cbc4ba94059ea62f1a968afc83dc6
all5/Middle_three_digits/Middle_three_digits.wasm.~3~,9c058b88e1cadee87128c20cc4792df9
all5/Middle_three_digits/[0-0].wasm,f25cbc4ba94059ea62f1a968afc83dc6
all5/Middle_three_digits/[0-1].wasm,f25cbc4ba94059ea62f1a968afc83dc6
all5/Middle_three_digits/[0-1].wasm.~1~,9c058b88e1cadee87128c20cc4792df9
all5/Middle_three_digits/[0-1][1-1].wasm,9c058b88e1cadee87128c20cc4792df9
all5/Middle_three_digits/[0-1][1-1][6-1].wasm,9c058b88e1cadee87128c20cc4792df9
all5/Middle_three_digits/[0-1][1-1][6-1][7-1].wasm,9c058b88e1cadee87128c20cc4792df9
all5/Middle_three_digits/[0-1][1-1][7-1].wasm,9c058b88e1cadee87128c20cc4792df9
all5/Middle_three_digits/[0-1][1-2].wasm,9c058b88e1cadee87128c20cc4792df9
all5/Middle_three_digits/[0-1][1-2][6-1].wasm,9c058b88e1cadee87128c20cc4792df9
all5/Middle_three_digits/[0-1][1-2][6-1][7-1].wasm,9c058b88e1cadee87128c20cc4792df9
all5/Middle_three_digits/[0-1][1-2][7-1].wasm,9c058b88e1cadee87128c20cc4792df9
all5/Middle_three_digits/[0-1][1-3].wasm,9c058b88e1cadee87128c20cc4792df9
all5/Middle_three_digits/[0-1][1-3][6-1].wasm,9c058b88e1cadee87128c20cc4792df9
all5/Middle_three_digits/[0-1][1-3][6-1][7-1].wasm,9c058b88e1cadee87128c20cc4792df9
all5/Middle_three_digits/[0-1][1-3][7-1].wasm,9c058b88e1cadee87128c20cc4792df9
all5/Middle_three_digits/[0-1][1-4].wasm,0b050d0c7cbdeb5531a100c788e66e49
all5/Middle_three_digits/[0-1][1-4][6-1].wasm,0b050d0c7cbdeb5531a100c788e66e49
all5/Middle_three_digits/[0-1][1-4][6-1][7-1].wasm,0b050d0c7cbdeb5531a100c788e66e49
all5/Middle_three_digits/[0-1][1-4][7-1].wasm,0b050d0c7cbdeb5531a100c788e66e49
all5/Middle_three_digits/[0-1][1-5].wasm,9c058b88e1cadee87128c20cc4792df9
all5/Middle_three_digits/[0-1][1-5][6-1].wasm,9c058b88e1cadee87128c20cc4792df9
all5/Middle_three_digits/[0-1][1-5][6-1][7-1].wasm,9c058b88e1cadee87128c20cc4792df9
all5/Middle_three_digits/[0-1][1-5][7-1].wasm,9c058b88e1cadee87128c20cc4792df9
all5/Middle_three_digits/[0-1][1-6].wasm,9c058b88e1cadee87128c20cc4792df9
all5/Middle_three_digits/[0-1][1-6][6-1].wasm,9c058b88e1cadee87128c20cc4792df9
all5/Middle_three_digits/[0-1][1-6][6-1][7-1].wasm,9c058b88e1cadee87128c20cc4792df9
all5/Middle_three_digits/[0-1][1-6][7-1].wasm,9c058b88e1cadee87128c20cc4792df9
all5/Middle_three_digits/[0-1][1-7].wasm,0b050d0c7cbdeb5531a100c788e66e49
all5/Middle_three_digits/[0-1][1-7][6-1].wasm,0b050d0c7cbdeb5531a100c788e66e49
all5/Middle_three_digits/[0-1][1-7][6-1][7-1].wasm,0b050d0c7cbdeb5531a100c788e66e49
all5/Middle_three_digits/[0-1][1-7][7-1].wasm,0b050d0c7cbdeb5531a100c788e66e49
all5/Middle_three_digits/[0-1][10-1].wasm,f25cbc4ba94059ea62f1a968afc83dc6
all5/Middle_three_digits/[0-1][2-1].wasm,3adec1f9e7a9d5c18475ab7050e227ac
all5/Middle_three_digits/[0-1][2-1][10-1].wasm,3adec1f9e7a9d5c18475ab7050e227ac
all5/Middle_three_digits/[0-1][2-1][5-1].wasm,e732f405945a1c202c7b5969668f2b69
all5/Middle_three_digits/[0-1][2-1][5-1][10-1].wasm,e732f405945a1c202c7b5969668f2b69
all5/Middle_three_digits/[0-1][2-1][5-1][6-1].wasm,e732f405945a1c202c7b5969668f2b69
all5/Middle_three_digits/[0-1][2-1][5-1][6-1][10-1].wasm,e732f405945a1c202c7b5969668f2b69
all5/Middle_three_digits/[0-1][2-1][5-1][6-1][7-1].wasm,e732f405945a1c202c7b5969668f2b69
all5/Middle_three_digits/[0-1][2-1][5-1][6-1][7-1][10-1].wasm,e732f405945a1c202c7b5969668f2b69
all5/Middle_three_digits/[0-1][2-1][5-1][6-2].wasm,e732f405945a1c202c7b5969668f2b69
all5/Middle_three_digits/[0-1][2-1][5-1][6-2][10-1].wasm,e732f405945a1c202c7b5969668f2b69
all5/Middle_three_digits/[0-1][2-1][5-1][6-2][7-1].wasm,e732f405945a1c202c7b5969668f2b69
all5/Middle_three_digits/[0-1][2-1][5-1][6-2][7-1][10-1].wasm,e732f405945a1c202c7b5969668f2b69
all5/Middle_three_digits/[0-1][2-1][5-1][6-3].wasm,e732f405945a1c202c7b5969668f2b69
all5/Middle_three_digits/[0-1][2-1][5-1][6-3][10-1].wasm,e732f405945a1c202c7b5969668f2b69
all5/Middle_three_digits/[0-1][2-1][5-1][6-3][7-1].wasm,e732f405945a1c202c7b5969668f2b69
all5/Middle_three_digits/[0-1][2-1][5-1][6-3][7-1][10-1].wasm,e732f405945a1c202c7b5969668f2b69
all5/Middle_three_digits/[0-1][2-1][5-1][6-4].wasm,e732f405945a1c202c7b5969668f2b69
all5/Middle_three_digits/[0-1][2-1][5-1][6-4][10-1].wasm,e732f405945a1c202c7b5969668f2b69
all5/Middle_three_digits/[0-1][2-1][5-1][6-4][7-1].wasm,e732f405945a1c202c7b5969668f2b69
all5/Middle_three_digits/[0-1][2-1][5-1][6-4][7-1][10-1].wasm,e732f405945a1c202c7b5969668f2b69
all5/Middle_three_digits/[0-1][2-1][5-1][6-5].wasm,e732f405945a1c202c7b5969668f2b69
all5/Middle_three_digits/[0-1][2-1][5-1][6-5][10-1].wasm,e732f405945a1c202c7b5969668f2b69
all5/Middle_three_digits/[0-1][2-1][5-1][7-1].wasm,e732f405945a1c202c7b5969668f2b69
all5/Middle_three_digits/[0-1][2-1][5-1][7-1][10-1].wasm,e732f405945a1c202c7b5969668f2b69
all5/Middle_three_digits/[0-1][2-1][6-1].wasm,1c8645b957e4b7a7ce971697786a247f
all5/Middle_three_digits/[0-1][2-1][6-1][10-1].wasm,1c8645b957e4b7a7ce971697786a247f
all5/Middle_three_digits/[0-1][2-1][6-1][7-1].wasm,1c8645b957e4b7a7ce971697786a247f
all5/Middle_three_digits/[0-1][2-1][6-1][7-1][10-1].wasm,1c8645b957e4b7a7ce971697786a247f
all5/Middle_three_digits/[0-1][2-1][6-2].wasm,1c8645b957e4b7a7ce971697786a247f
all5/Middle_three_digits/[0-1][2-1][6-2][10-1].wasm,1c8645b957e4b7a7ce971697786a247f
all5/Middle_three_digits/[0-1][2-1][6-2][7-1].wasm,1c8645b957e4b7a7ce971697786a247f
all5/Middle_three_digits/[0-1][2-1][6-2][7-1][10-1].wasm,1c8645b957e4b7a7ce971697786a247f
all5/Middle_three_digits/[0-1][2-1][6-3].wasm,611d4a1e0ed158e9e0e227ba62718922
all5/Middle_three_digits/[0-1][2-1][6-3][10-1].wasm,611d4a1e0ed158e9e0e227ba62718922
all5/Middle_three_digits/[0-1][2-1][6-3][7-1].wasm,611d4a1e0ed158e9e0e227ba62718922
all5/Middle_three_digits/[0-1][2-1][6-3][7-1][10-1].wasm,611d4a1e0ed158e9e0e227ba62718922
all5/Middle_three_digits/[0-1][2-1][6-4].wasm,1c8645b957e4b7a7ce971697786a247f
all5/Middle_three_digits/[0-1][2-1][6-4][10-1].wasm,1c8645b957e4b7a7ce971697786a247f
all5/Middle_three_digits/[0-1][2-1][6-4][7-1].wasm,1c8645b957e4b7a7ce971697786a247f
all5/Middle_three_digits/[0-1][2-1][6-4][7-1][10-1].wasm,1c8645b957e4b7a7ce971697786a247f
all5/Middle_three_digits/[0-1][2-1][6-5].wasm,1c8645b957e4b7a7ce971697786a247f
all5/Middle_three_digits/[0-1][2-1][6-5][10-1].wasm,1c8645b957e4b7a7ce971697786a247f
all5/Middle_three_digits/[0-1][2-1][6-5][7-1].wasm,1c8645b957e4b7a7ce971697786a247f
all5/Middle_three_digits/[0-1][2-1][6-5][7-1][10-1].wasm,1c8645b957e4b7a7ce971697786a247f
all5/Middle_three_digits/[0-1][2-1][7-1].wasm,611d4a1e0ed158e9e0e227ba62718922
all5/Middle_three_digits/[0-1][2-1][7-1][10-1].wasm,611d4a1e0ed158e9e0e227ba62718922
all5/Middle_three_digits/[0-1][5-1].wasm,e732f405945a1c202c7b5969668f2b69
all5/Middle_three_digits/[0-1][5-1][10-1].wasm,e732f405945a1c202c7b5969668f2b69
all5/Middle_three_digits/[0-1][5-1][6-1].wasm,e732f405945a1c202c7b5969668f2b69
all5/Middle_three_digits/[0-1][5-1][6-1][10-1].wasm,e732f405945a1c202c7b5969668f2b69
all5/Middle_three_digits/[0-1][5-1][6-1][7-1].wasm,e732f405945a1c202c7b5969668f2b69
all5/Middle_three_digits/[0-1][5-1][6-1][7-1][10-1].wasm,e732f405945a1c202c7b5969668f2b69
all5/Middle_three_digits/[0-1][5-1][6-2].wasm,e732f405945a1c202c7b5969668f2b69
all5/Middle_three_digits/[0-1][5-1][6-2][10-1].wasm,e732f405945a1c202c7b5969668f2b69
all5/Middle_three_digits/[0-1][5-1][6-2][7-1].wasm,e732f405945a1c202c7b5969668f2b69
all5/Middle_three_digits/[0-1][5-1][6-2][7-1][10-1].wasm,e732f405945a1c202c7b5969668f2b69
all5/Middle_three_digits/[0-1][5-1][6-3].wasm,e732f405945a1c202c7b5969668f2b69
all5/Middle_three_digits/[0-1][5-1][6-3][10-1].wasm,e732f405945a1c202c7b5969668f2b69
all5/Middle_three_digits/[0-1][5-1][6-3][7-1].wasm,e732f405945a1c202c7b5969668f2b69
all5/Middle_three_digits/[0-1][5-1][6-3][7-1][10-1].wasm,e732f405945a1c202c7b5969668f2b69
all5/Middle_three_digits/[0-1][5-1][6-4].wasm,e732f405945a1c202c7b5969668f2b69
all5/Middle_three_digits/[0-1][5-1][6-4][10-1].wasm,e732f405945a1c202c7b5969668f2b69
all5/Middle_three_digits/[0-1][5-1][6-4][7-1].wasm,e732f405945a1c202c7b5969668f2b69
all5/Middle_three_digits/[0-1][5-1][6-4][7-1][10-1].wasm,e732f405945a1c202c7b5969668f2b69
all5/Middle_three_digits/[0-1][5-1][6-5].wasm,e732f405945a1c202c7b5969668f2b69
all5/Middle_three_digits/[0-1][5-1][6-5][10-1].wasm,e732f405945a1c202c7b5969668f2b69
all5/Middle_three_digits/[0-1][5-1][6-5][7-1].wasm,e732f405945a1c202c7b5969668f2b69
all5/Middle_three_digits/[0-1][5-1][6-5][7-1][10-1].wasm,e732f405945a1c202c7b5969668f2b69
all5/Middle_three_digits/[0-1][5-1][7-1].wasm,e732f405945a1c202c7b5969668f2b69
all5/Middle_three_digits/[0-1][5-1][7-1][10-1].wasm,e732f405945a1c202c7b5969668f2b69
all5/Middle_three_digits/[0-1][6-1].wasm,1c8645b957e4b7a7ce971697786a247f
all5/Middle_three_digits/[0-1][6-1].wasm.~1~,9c058b88e1cadee87128c20cc4792df9
all5/Middle_three_digits/[0-1][6-1][10-1].wasm,1c8645b957e4b7a7ce971697786a247f
all5/Middle_three_digits/[0-1][6-1][7-1].wasm,1c8645b957e4b7a7ce971697786a247f
all5/Middle_three_digits/[0-1][6-1][7-1].wasm.~1~,9c058b88e1cadee87128c20cc4792df9
all5/Middle_three_digits/[0-1][6-1][7-1][10-1].wasm,1c8645b957e4b7a7ce971697786a247f
all5/Middle_three_digits/[0-1][6-2].wasm,1c8645b957e4b7a7ce971697786a247f
all5/Middle_three_digits/[0-1][6-2][10-1].wasm,1c8645b957e4b7a7ce971697786a247f
all5/Middle_three_digits/[0-1][6-2][7-1].wasm,1c8645b957e4b7a7ce971697786a247f
all5/Middle_three_digits/[0-1][6-2][7-1][10-1].wasm,1c8645b957e4b7a7ce971697786a247f
all5/Middle_three_digits/[0-1][6-3].wasm,611d4a1e0ed158e9e0e227ba62718922
all5/Middle_three_digits/[0-1][6-3][10-1].wasm,611d4a1e0ed158e9e0e227ba62718922
all5/Middle_three_digits/[0-1][6-3][7-1].wasm,611d4a1e0ed158e9e0e227ba62718922
all5/Middle_three_digits/[0-1][6-3][7-1][10-1].wasm,611d4a1e0ed158e9e0e227ba62718922
all5/Middle_three_digits/[0-1][6-4].wasm,1c8645b957e4b7a7ce971697786a247f
all5/Middle_three_digits/[0-1][6-4][10-1].wasm,1c8645b957e4b7a7ce971697786a247f
all5/Middle_three_digits/[0-1][6-4][7-1].wasm,1c8645b957e4b7a7ce971697786a247f
all5/Middle_three_digits/[0-1][6-4][7-1][10-1].wasm,1c8645b957e4b7a7ce971697786a247f
all5/Middle_three_digits/[0-1][6-5].wasm,1c8645b957e4b7a7ce971697786a247f
all5/Middle_three_digits/[0-1][6-5][10-1].wasm,1c8645b957e4b7a7ce971697786a247f
all5/Middle_three_digits/[0-1][6-5][7-1].wasm,1c8645b957e4b7a7ce971697786a247f
all5/Middle_three_digits/[0-1][6-5][7-1][10-1].wasm,1c8645b957e4b7a7ce971697786a247f
all5/Middle_three_digits/[0-1][7-1].wasm,611d4a1e0ed158e9e0e227ba62718922
all5/Middle_three_digits/[0-1][7-1].wasm.~1~,9c058b88e1cadee87128c20cc4792df9
all5/Middle_three_digits/[0-1][7-1][10-1].wasm,611d4a1e0ed158e9e0e227ba62718922
all5/Middle_three_digits/[1-10].wasm,9c058b88e1cadee87128c20cc4792df9
all5/Middle_three_digits/[1-10][6-1].wasm,9c058b88e1cadee87128c20cc4792df9
all5/Middle_three_digits/[1-10][6-1][7-1].wasm,9c058b88e1cadee87128c20cc4792df9
all5/Middle_three_digits/[1-10][7-1].wasm,9c058b88e1cadee87128c20cc4792df9
all5/Middle_three_digits/[1-11].wasm,9c058b88e1cadee87128c20cc4792df9
all5/Middle_three_digits/[1-11][6-1].wasm,9c058b88e1cadee87128c20cc4792df9
all5/Middle_three_digits/[1-11][6-1][7-1].wasm,9c058b88e1cadee87128c20cc4792df9
all5/Middle_three_digits/[1-11][7-1].wasm,9c058b88e1cadee87128c20cc4792df9
all5/Middle_three_digits/[1-1].wasm,9c058b88e1cadee87128c20cc4792df9
all5/Middle_three_digits/[1-1][6-1].wasm,9c058b88e1cadee87128c20cc4792df9
all5/Middle_three_digits/[1-1][6-1][7-1].wasm,9c058b88e1cadee87128c20cc4792df9
all5/Middle_three_digits/[1-1][7-1].wasm,9c058b88e1cadee87128c20cc4792df9
all5/Middle_three_digits/[1-2].wasm,9c058b88e1cadee87128c20cc4792df9
all5/Middle_three_digits/[1-2][6-1].wasm,9c058b88e1cadee87128c20cc4792df9
all5/Middle_three_digits/[1-2][6-1][7-1].wasm,9c058b88e1cadee87128c20cc4792df9
all5/Middle_three_digits/[1-2][7-1].wasm,9c058b88e1cadee87128c20cc4792df9
all5/Middle_three_digits/[1-3].wasm,9c058b88e1cadee87128c20cc4792df9
all5/Middle_three_digits/[1-3][6-1].wasm,9c058b88e1cadee87128c20cc4792df9
all5/Middle_three_digits/[1-3][6-1][7-1].wasm,9c058b88e1cadee87128c20cc4792df9
all5/Middle_three_digits/[1-3][7-1].wasm,9c058b88e1cadee87128c20cc4792df9
all5/Middle_three_digits/[1-4].wasm,0b050d0c7cbdeb5531a100c788e66e49
all5/Middle_three_digits/[1-4][6-1].wasm,0b050d0c7cbdeb5531a100c788e66e49
all5/Middle_three_digits/[1-4][6-1][7-1].wasm,0b050d0c7cbdeb5531a100c788e66e49
all5/Middle_three_digits/[1-4][7-1].wasm,9c058b88e1cadee87128c20cc4792df9
all5/Middle_three_digits/[1-5].wasm,9c058b88e1cadee87128c20cc4792df9
all5/Middle_three_digits/[1-5][6-1].wasm,9c058b88e1cadee87128c20cc4792df9
all5/Middle_three_digits/[1-5][6-1][7-1].wasm,9c058b88e1cadee87128c20cc4792df9
all5/Middle_three_digits/[1-5][7-1].wasm,9c058b88e1cadee87128c20cc4792df9
all5/Middle_three_digits/[1-6].wasm,9c058b88e1cadee87128c20cc4792df9
all5/Middle_three_digits/[1-6][6-1].wasm,9c058b88e1cadee87128c20cc4792df9
all5/Middle_three_digits/[1-6][6-1][7-1].wasm,9c058b88e1cadee87128c20cc4792df9
all5/Middle_three_digits/[1-6][7-1].wasm,9c058b88e1cadee87128c20cc4792df9
all5/Middle_three_digits/[1-7].wasm,0b050d0c7cbdeb5531a100c788e66e49
all5/Middle_three_digits/[1-7][6-1].wasm,0b050d0c7cbdeb5531a100c788e66e49
all5/Middle_three_digits/[1-7][6-1][7-1].wasm,0b050d0c7cbdeb5531a100c788e66e49
all5/Middle_three_digits/[1-7][7-1].wasm,0b050d0c7cbdeb5531a100c788e66e49
all5/Middle_three_digits/[1-8].wasm,0b050d0c7cbdeb5531a100c788e66e49
all5/Middle_three_digits/[1-8][6-1].wasm,0b050d0c7cbdeb5531a100c788e66e49
all5/Middle_three_digits/[1-8][6-1][7-1].wasm,0b050d0c7cbdeb5531a100c788e66e49
all5/Middle_three_digits/[1-8][7-1].wasm,0b050d0c7cbdeb5531a100c788e66e49
all5/Middle_three_digits/[1-9].wasm,9c058b88e1cadee87128c20cc4792df9
all5/Middle_three_digits/[1-9][6-1].wasm,9c058b88e1cadee87128c20cc4792df9
all5/Middle_three_digits/[1-9][6-1][7-1].wasm,9c058b88e1cadee87128c20cc4792df9
all5/Middle_three_digits/[1-9][7-1].wasm,9c058b88e1cadee87128c20cc4792df9
all5/Middle_three_digits/[10-1].wasm,f25cbc4ba94059ea62f1a968afc83dc6
all5/Middle_three_digits/[10-1].wasm.~1~,0ccfa5dd7ba27bcae1278b5526a901b7
all5/Middle_three_digits/[10-1][14-1][15-1].wasm,38a45c4efd418fbc14fe88a7650cc0ec
all5/Middle_three_digits/[14-2].wasm,76626df6a4b2aec7ceb7280b6abdc94f
all5/Middle_three_digits/[2-0].wasm,3adec1f9e7a9d5c18475ab7050e227ac
all5/Middle_three_digits/[2-1].wasm,3adec1f9e7a9d5c18475ab7050e227ac
all5/Middle_three_digits/[2-1][10-1].wasm,3adec1f9e7a9d5c18475ab7050e227ac
all5/Middle_three_digits/[2-1][5-1].wasm,e732f405945a1c202c7b5969668f2b69
all5/Middle_three_digits/[2-1][5-1][10-1].wasm,e732f405945a1c202c7b5969668f2b69
all5/Middle_three_digits/[2-1][5-1][6-1].wasm,e732f405945a1c202c7b5969668f2b69
all5/Middle_three_digits/[2-1][5-1][6-1][10-1].wasm,e732f405945a1c202c7b5969668f2b69
all5/Middle_three_digits/[2-1][5-1][6-1][7-1].wasm,e732f405945a1c202c7b5969668f2b69
all5/Middle_three_digits/[2-1][5-1][6-1][7-1][10-1].wasm,e732f405945a1c202c7b5969668f2b69
all5/Middle_three_digits/[2-1][5-1][6-2].wasm,e732f405945a1c202c7b5969668f2b69
all5/Middle_three_digits/[2-1][5-1][6-2][10-1].wasm,e732f405945a1c202c7b5969668f2b69
all5/Middle_three_digits/[2-1][5-1][6-2][7-1].wasm,e732f405945a1c202c7b5969668f2b69
all5/Middle_three_digits/[2-1][5-1][6-2][7-1][10-1].wasm,e732f405945a1c202c7b5969668f2b69
all5/Middle_three_digits/[2-1][5-1][6-3].wasm,e732f405945a1c202c7b5969668f2b69
all5/Middle_three_digits/[2-1][5-1][6-3][10-1].wasm,e732f405945a1c202c7b5969668f2b69
all5/Middle_three_digits/[2-1][5-1][6-3][7-1].wasm,e732f405945a1c202c7b5969668f2b69
all5/Middle_three_digits/[2-1][5-1][6-3][7-1][10-1].wasm,e732f405945a1c202c7b5969668f2b69
all5/Middle_three_digits/[2-1][5-1][6-4].wasm,e732f405945a1c202c7b5969668f2b69
all5/Middle_three_digits/[2-1][5-1][6-4][10-1].wasm,e732f405945a1c202c7b5969668f2b69
all5/Middle_three_digits/[2-1][5-1][6-4][7-1].wasm,e732f405945a1c202c7b5969668f2b69
all5/Middle_three_digits/[2-1][5-1][6-4][7-1][10-1].wasm,e732f405945a1c202c7b5969668f2b69
all5/Middle_three_digits/[2-1][5-1][6-5].wasm,e732f405945a1c202c7b5969668f2b69
all5/Middle_three_digits/[2-1][5-1][6-5][10-1].wasm,e732f405945a1c202c7b5969668f2b69
all5/Middle_three_digits/[2-1][5-1][6-5][7-1].wasm,e732f405945a1c202c7b5969668f2b69
all5/Middle_three_digits/[2-1][5-1][6-5][7-1][10-1].wasm,e732f405945a1c202c7b5969668f2b69
all5/Middle_three_digits/[2-1][5-1][7-1].wasm,e732f405945a1c202c7b5969668f2b69
all5/Middle_three_digits/[2-1][5-1][7-1][10-1].wasm,e732f405945a1c202c7b5969668f2b69
all5/Middle_three_digits/[2-1][6-1].wasm,1c8645b957e4b7a7ce971697786a247f
all5/Middle_three_digits/[2-1][6-1][10-1].wasm,1c8645b957e4b7a7ce971697786a247f
all5/Middle_three_digits/[2-1][6-1][7-1].wasm,1c8645b957e4b7a7ce971697786a247f
all5/Middle_three_digits/[2-1][6-1][7-1][10-1].wasm,1c8645b957e4b7a7ce971697786a247f
all5/Middle_three_digits/[2-1][6-2].wasm,1c8645b957e4b7a7ce971697786a247f
all5/Middle_three_digits/[2-1][6-2][10-1].wasm,1c8645b957e4b7a7ce971697786a247f
all5/Middle_three_digits/[2-1][6-2][7-1].wasm,1c8645b957e4b7a7ce971697786a247f
all5/Middle_three_digits/[2-1][6-2][7-1][10-1].wasm,1c8645b957e4b7a7ce971697786a247f
all5/Middle_three_digits/[2-1][6-3].wasm,611d4a1e0ed158e9e0e227ba62718922
all5/Middle_three_digits/[2-1][6-3][10-1].wasm,611d4a1e0ed158e9e0e227ba62718922
all5/Middle_three_digits/[2-1][6-3][7-1].wasm,611d4a1e0ed158e9e0e227ba62718922
all5/Middle_three_digits/[2-1][6-3][7-1][10-1].wasm,611d4a1e0ed158e9e0e227ba62718922
all5/Middle_three_digits/[2-1][6-4].wasm,1c8645b957e4b7a7ce971697786a247f
all5/Middle_three_digits/[2-1][6-4][10-1].wasm,1c8645b957e4b7a7ce971697786a247f
all5/Middle_three_digits/[2-1][6-4][7-1].wasm,1c8645b957e4b7a7ce971697786a247f
all5/Middle_three_digits/[2-1][6-4][7-1][10-1].wasm,1c8645b957e4b7a7ce971697786a247f
all5/Middle_three_digits/[2-1][6-5].wasm,1c8645b957e4b7a7ce971697786a247f
all5/Middle_three_digits/[2-1][6-5][10-1].wasm,1c8645b957e4b7a7ce971697786a247f
all5/Middle_three_digits/[2-1][6-5][7-1].wasm,1c8645b957e4b7a7ce971697786a247f
all5/Middle_three_digits/[2-1][6-5][7-1][10-1].wasm,1c8645b957e4b7a7ce971697786a247f
all5/Middle_three_digits/[2-1][7-1].wasm,611d4a1e0ed158e9e0e227ba62718922
all5/Middle_three_digits/[2-1][7-1][10-1].wasm,611d4a1e0ed158e9e0e227ba62718922
all5/Middle_three_digits/[5-0].wasm,e732f405945a1c202c7b5969668f2b69
all5/Middle_three_digits/[5-1].wasm,e732f405945a1c202c7b5969668f2b69
all5/Middle_three_digits/[5-1][10-1].wasm,e732f405945a1c202c7b5969668f2b69
all5/Middle_three_digits/[5-1][6-1].wasm,e732f405945a1c202c7b5969668f2b69
all5/Middle_three_digits/[5-1][6-1][10-1].wasm,e732f405945a1c202c7b5969668f2b69
all5/Middle_three_digits/[5-1][6-1][7-1].wasm,e732f405945a1c202c7b5969668f2b69
all5/Middle_three_digits/[5-1][6-1][7-1][10-1].wasm,e732f405945a1c202c7b5969668f2b69
all5/Middle_three_digits/[5-1][6-2].wasm,e732f405945a1c202c7b5969668f2b69
all5/Middle_three_digits/[5-1][6-2][10-1].wasm,e732f405945a1c202c7b5969668f2b69
all5/Middle_three_digits/[5-1][6-2][7-1].wasm,e732f405945a1c202c7b5969668f2b69
all5/Middle_three_digits/[5-1][6-2][7-1][10-1].wasm,e732f405945a1c202c7b5969668f2b69
all5/Middle_three_digits/[5-1][6-3].wasm,e732f405945a1c202c7b5969668f2b69
all5/Middle_three_digits/[5-1][6-3][10-1].wasm,e732f405945a1c202c7b5969668f2b69
all5/Middle_three_digits/[5-1][6-3][7-1].wasm,e732f405945a1c202c7b5969668f2b69
all5/Middle_three_digits/[5-1][6-3][7-1][10-1].wasm,e732f405945a1c202c7b5969668f2b69
all5/Middle_three_digits/[5-1][6-4].wasm,e732f405945a1c202c7b5969668f2b69
all5/Middle_three_digits/[5-1][6-4][10-1].wasm,e732f405945a1c202c7b5969668f2b69
all5/Middle_three_digits/[5-1][6-4][7-1].wasm,e732f405945a1c202c7b5969668f2b69
all5/Middle_three_digits/[5-1][6-4][7-1][10-1].wasm,e732f405945a1c202c7b5969668f2b69
all5/Middle_three_digits/[5-1][6-5].wasm,e732f405945a1c202c7b5969668f2b69
all5/Middle_three_digits/[5-1][6-5][10-1].wasm,e732f405945a1c202c7b5969668f2b69
all5/Middle_three_digits/[5-1][6-5][7-1].wasm,e732f405945a1c202c7b5969668f2b69
all5/Middle_three_digits/[5-1][6-5][7-1][10-1].wasm,e732f405945a1c202c7b5969668f2b69
all5/Middle_three_digits/[5-1][7-1].wasm,e732f405945a1c202c7b5969668f2b69
all5/Middle_three_digits/[5-1][7-1][10-1].wasm,e732f405945a1c202c7b5969668f2b69
all5/Middle_three_digits/[6-0].wasm,1c8645b957e4b7a7ce971697786a247f
all5/Middle_three_digits/[6-1].wasm,f25cbc4ba94059ea62f1a968afc83dc6
all5/Middle_three_digits/[6-1].wasm.~1~,9c058b88e1cadee87128c20cc4792df9
all5/Middle_three_digits/[6-1][10-1].wasm,1c8645b957e4b7a7ce971697786a247f
all5/Middle_three_digits/[6-1][7-1].wasm,1c8645b957e4b7a7ce971697786a247f
all5/Middle_three_digits/[6-1][7-1].wasm.~1~,9c058b88e1cadee87128c20cc4792df9
all5/Middle_three_digits/[6-1][7-1][10-1].wasm,1c8645b957e4b7a7ce971697786a247f
all5/Middle_three_digits/[6-2].wasm,1c8645b957e4b7a7ce971697786a247f
all5/Middle_three_digits/[6-2][10-1].wasm,1c8645b957e4b7a7ce971697786a247f
all5/Middle_three_digits/[6-2][7-1].wasm,1c8645b957e4b7a7ce971697786a247f
all5/Middle_three_digits/[6-2][7-1][10-1].wasm,1c8645b957e4b7a7ce971697786a247f
all5/Middle_three_digits/[6-3].wasm,611d4a1e0ed158e9e0e227ba62718922
all5/Middle_three_digits/[6-3][10-1].wasm,611d4a1e0ed158e9e0e227ba62718922
all5/Middle_three_digits/[6-3][7-1].wasm,611d4a1e0ed158e9e0e227ba62718922
all5/Middle_three_digits/[6-3][7-1][10-1].wasm,611d4a1e0ed158e9e0e227ba62718922
all5/Middle_three_digits/[6-4].wasm,1c8645b957e4b7a7ce971697786a247f
all5/Middle_three_digits/[6-4][10-1].wasm,1c8645b957e4b7a7ce971697786a247f
all5/Middle_three_digits/[6-4][7-1].wasm,1c8645b957e4b7a7ce971697786a247f
all5/Middle_three_digits/[6-4][7-1][10-1].wasm,1c8645b957e4b7a7ce971697786a247f
all5/Middle_three_digits/[6-5].wasm,1c8645b957e4b7a7ce971697786a247f
all5/Middle_three_digits/[6-5][10-1].wasm,1c8645b957e4b7a7ce971697786a247f
all5/Middle_three_digits/[6-5][7-1].wasm,1c8645b957e4b7a7ce971697786a247f
all5/Middle_three_digits/[6-5][7-1][10-1].wasm,1c8645b957e4b7a7ce971697786a247f
all5/Middle_three_digits/[7-1].wasm,611d4a1e0ed158e9e0e227ba62718922
all5/Middle_three_digits/[7-1].wasm.~1~,9c058b88e1cadee87128c20cc4792df9
all5/Middle_three_digits/[7-1][10-1].wasm,611d4a1e0ed158e9e0e227ba62718922
