name, hash
all5/Modular_inverse/Modular_inverse.wasm,f3e1e20646a158c1be86498602739dcd
all5/Modular_inverse/Modular_inverse.wasm.~1~,f3e1e20646a158c1be86498602739dcd
all5/Modular_inverse/Modular_inverse.wasm.~2~,be7c6580007a772e3cbb087dd97ff349
all5/Modular_inverse/[0-1].wasm,be7c6580007a772e3cbb087dd97ff349
all5/Modular_inverse/[0-1][1-1].wasm,be7c6580007a772e3cbb087dd97ff349
all5/Modular_inverse/[0-1][1-1][3-1].wasm,be7c6580007a772e3cbb087dd97ff349
all5/Modular_inverse/[0-1][1-1][3-1][4-1].wasm,be7c6580007a772e3cbb087dd97ff349
all5/Modular_inverse/[0-1][1-1][4-1].wasm,be7c6580007a772e3cbb087dd97ff349
all5/Modular_inverse/[0-1][1-2].wasm,be7c6580007a772e3cbb087dd97ff349
all5/Modular_inverse/[0-1][1-2][3-1].wasm,be7c6580007a772e3cbb087dd97ff349
all5/Modular_inverse/[0-1][1-2][3-1][4-1].wasm,be7c6580007a772e3cbb087dd97ff349
all5/Modular_inverse/[0-1][1-2][4-1].wasm,be7c6580007a772e3cbb087dd97ff349
all5/Modular_inverse/[0-1][1-3].wasm,be7c6580007a772e3cbb087dd97ff349
all5/Modular_inverse/[0-1][1-3][3-1].wasm,be7c6580007a772e3cbb087dd97ff349
all5/Modular_inverse/[0-1][1-3][3-1][4-1].wasm,be7c6580007a772e3cbb087dd97ff349
all5/Modular_inverse/[0-1][1-3][4-1].wasm,be7c6580007a772e3cbb087dd97ff349
all5/Modular_inverse/[0-1][1-4].wasm,be7c6580007a772e3cbb087dd97ff349
all5/Modular_inverse/[0-1][1-4][3-1].wasm,be7c6580007a772e3cbb087dd97ff349
all5/Modular_inverse/[0-1][1-4][3-1][4-1].wasm,be7c6580007a772e3cbb087dd97ff349
all5/Modular_inverse/[0-1][1-4][4-1].wasm,be7c6580007a772e3cbb087dd97ff349
all5/Modular_inverse/[0-1][1-5].wasm,be7c6580007a772e3cbb087dd97ff349
all5/Modular_inverse/[0-1][1-5][3-1].wasm,be7c6580007a772e3cbb087dd97ff349
all5/Modular_inverse/[0-1][1-5][3-1][4-1].wasm,be7c6580007a772e3cbb087dd97ff349
all5/Modular_inverse/[0-1][1-5][4-1].wasm,be7c6580007a772e3cbb087dd97ff349
all5/Modular_inverse/[0-1][1-6].wasm,be7c6580007a772e3cbb087dd97ff349
all5/Modular_inverse/[0-1][1-6][3-1].wasm,be7c6580007a772e3cbb087dd97ff349
all5/Modular_inverse/[0-1][1-6][3-1][4-1].wasm,be7c6580007a772e3cbb087dd97ff349
all5/Modular_inverse/[0-1][1-6][4-1].wasm,be7c6580007a772e3cbb087dd97ff349
all5/Modular_inverse/[0-1][1-7].wasm,207cc43b39a115c9c9ec37d56182eb5f
all5/Modular_inverse/[0-1][1-7][3-1].wasm,207cc43b39a115c9c9ec37d56182eb5f
all5/Modular_inverse/[0-1][1-7][3-1][4-1].wasm,207cc43b39a115c9c9ec37d56182eb5f
all5/Modular_inverse/[0-1][1-7][4-1].wasm,207cc43b39a115c9c9ec37d56182eb5f
all5/Modular_inverse/[0-1][1-8].wasm,be7c6580007a772e3cbb087dd97ff349
all5/Modular_inverse/[0-1][1-8][3-1].wasm,be7c6580007a772e3cbb087dd97ff349
all5/Modular_inverse/[0-1][1-8][3-1][4-1].wasm,be7c6580007a772e3cbb087dd97ff349
all5/Modular_inverse/[0-1][1-8][4-1].wasm,be7c6580007a772e3cbb087dd97ff349
all5/Modular_inverse/[0-1][1-9].wasm,be7c6580007a772e3cbb087dd97ff349
all5/Modular_inverse/[0-1][1-9][3-1].wasm,be7c6580007a772e3cbb087dd97ff349
all5/Modular_inverse/[0-1][1-9][3-1][4-1].wasm,be7c6580007a772e3cbb087dd97ff349
all5/Modular_inverse/[0-1][1-9][4-1].wasm,be7c6580007a772e3cbb087dd97ff349
all5/Modular_inverse/[0-1][3-1].wasm,be7c6580007a772e3cbb087dd97ff349
all5/Modular_inverse/[0-1][3-1][4-1].wasm,be7c6580007a772e3cbb087dd97ff349
all5/Modular_inverse/[0-1][4-1].wasm,be7c6580007a772e3cbb087dd97ff349
all5/Modular_inverse/[0-2].wasm,be7c6580007a772e3cbb087dd97ff349
all5/Modular_inverse/[0-2][1-1].wasm,be7c6580007a772e3cbb087dd97ff349
all5/Modular_inverse/[0-2][1-1][3-1].wasm,be7c6580007a772e3cbb087dd97ff349
all5/Modular_inverse/[0-2][1-1][3-1][4-1].wasm,be7c6580007a772e3cbb087dd97ff349
all5/Modular_inverse/[0-2][1-1][4-1].wasm,be7c6580007a772e3cbb087dd97ff349
all5/Modular_inverse/[0-2][1-2].wasm,be7c6580007a772e3cbb087dd97ff349
all5/Modular_inverse/[0-2][1-2][3-1].wasm,be7c6580007a772e3cbb087dd97ff349
all5/Modular_inverse/[0-2][1-2][3-1][4-1].wasm,be7c6580007a772e3cbb087dd97ff349
all5/Modular_inverse/[0-2][1-2][4-1].wasm,be7c6580007a772e3cbb087dd97ff349
all5/Modular_inverse/[0-2][1-3].wasm,be7c6580007a772e3cbb087dd97ff349
all5/Modular_inverse/[0-2][1-3][3-1].wasm,be7c6580007a772e3cbb087dd97ff349
all5/Modular_inverse/[0-2][1-3][3-1][4-1].wasm,be7c6580007a772e3cbb087dd97ff349
all5/Modular_inverse/[0-2][1-3][4-1].wasm,be7c6580007a772e3cbb087dd97ff349
all5/Modular_inverse/[0-2][1-4].wasm,be7c6580007a772e3cbb087dd97ff349
all5/Modular_inverse/[0-2][1-4][3-1].wasm,be7c6580007a772e3cbb087dd97ff349
all5/Modular_inverse/[0-2][1-4][3-1][4-1].wasm,be7c6580007a772e3cbb087dd97ff349
all5/Modular_inverse/[0-2][1-4][4-1].wasm,be7c6580007a772e3cbb087dd97ff349
all5/Modular_inverse/[0-2][1-5].wasm,be7c6580007a772e3cbb087dd97ff349
all5/Modular_inverse/[0-2][1-5][3-1].wasm,be7c6580007a772e3cbb087dd97ff349
all5/Modular_inverse/[0-2][1-5][3-1][4-1].wasm,be7c6580007a772e3cbb087dd97ff349
all5/Modular_inverse/[0-2][1-5][4-1].wasm,be7c6580007a772e3cbb087dd97ff349
all5/Modular_inverse/[0-2][1-6].wasm,be7c6580007a772e3cbb087dd97ff349
all5/Modular_inverse/[0-2][1-6][3-1].wasm,be7c6580007a772e3cbb087dd97ff349
all5/Modular_inverse/[0-2][1-6][3-1][4-1].wasm,be7c6580007a772e3cbb087dd97ff349
all5/Modular_inverse/[0-2][1-6][4-1].wasm,be7c6580007a772e3cbb087dd97ff349
all5/Modular_inverse/[0-2][1-7].wasm,207cc43b39a115c9c9ec37d56182eb5f
all5/Modular_inverse/[0-2][1-7][3-1].wasm,207cc43b39a115c9c9ec37d56182eb5f
all5/Modular_inverse/[0-2][1-7][3-1][4-1].wasm,207cc43b39a115c9c9ec37d56182eb5f
all5/Modular_inverse/[0-2][1-7][4-1].wasm,207cc43b39a115c9c9ec37d56182eb5f
all5/Modular_inverse/[0-2][1-8].wasm,be7c6580007a772e3cbb087dd97ff349
all5/Modular_inverse/[0-2][1-8][3-1].wasm,be7c6580007a772e3cbb087dd97ff349
all5/Modular_inverse/[0-2][1-8][3-1][4-1].wasm,be7c6580007a772e3cbb087dd97ff349
all5/Modular_inverse/[0-2][1-8][4-1].wasm,be7c6580007a772e3cbb087dd97ff349
all5/Modular_inverse/[0-2][1-9].wasm,be7c6580007a772e3cbb087dd97ff349
all5/Modular_inverse/[0-2][1-9][3-1].wasm,be7c6580007a772e3cbb087dd97ff349
all5/Modular_inverse/[0-2][1-9][3-1][4-1].wasm,be7c6580007a772e3cbb087dd97ff349
all5/Modular_inverse/[0-2][1-9][4-1].wasm,be7c6580007a772e3cbb087dd97ff349
all5/Modular_inverse/[0-2][3-1].wasm,be7c6580007a772e3cbb087dd97ff349
all5/Modular_inverse/[0-2][3-1][4-1].wasm,be7c6580007a772e3cbb087dd97ff349
all5/Modular_inverse/[0-2][4-1].wasm,be7c6580007a772e3cbb087dd97ff349
all5/Modular_inverse/[0-3].wasm,be7c6580007a772e3cbb087dd97ff349
all5/Modular_inverse/[0-3][1-1].wasm,be7c6580007a772e3cbb087dd97ff349
all5/Modular_inverse/[0-3][1-1][3-1].wasm,be7c6580007a772e3cbb087dd97ff349
all5/Modular_inverse/[0-3][1-1][3-1][4-1].wasm,be7c6580007a772e3cbb087dd97ff349
all5/Modular_inverse/[0-3][1-1][4-1].wasm,be7c6580007a772e3cbb087dd97ff349
all5/Modular_inverse/[0-3][1-2].wasm,be7c6580007a772e3cbb087dd97ff349
all5/Modular_inverse/[0-3][1-2][3-1].wasm,be7c6580007a772e3cbb087dd97ff349
all5/Modular_inverse/[0-3][1-2][3-1][4-1].wasm,be7c6580007a772e3cbb087dd97ff349
all5/Modular_inverse/[0-3][1-2][4-1].wasm,be7c6580007a772e3cbb087dd97ff349
all5/Modular_inverse/[0-3][1-3].wasm,be7c6580007a772e3cbb087dd97ff349
all5/Modular_inverse/[0-3][1-3][3-1].wasm,be7c6580007a772e3cbb087dd97ff349
all5/Modular_inverse/[0-3][1-3][3-1][4-1].wasm,be7c6580007a772e3cbb087dd97ff349
all5/Modular_inverse/[0-3][1-3][4-1].wasm,be7c6580007a772e3cbb087dd97ff349
all5/Modular_inverse/[0-3][1-4].wasm,be7c6580007a772e3cbb087dd97ff349
all5/Modular_inverse/[0-3][1-4][3-1].wasm,be7c6580007a772e3cbb087dd97ff349
all5/Modular_inverse/[0-3][1-4][3-1][4-1].wasm,be7c6580007a772e3cbb087dd97ff349
all5/Modular_inverse/[0-3][1-4][4-1].wasm,be7c6580007a772e3cbb087dd97ff349
all5/Modular_inverse/[0-3][1-5].wasm,be7c6580007a772e3cbb087dd97ff349
all5/Modular_inverse/[0-3][1-5][3-1].wasm,be7c6580007a772e3cbb087dd97ff349
all5/Modular_inverse/[0-3][1-5][3-1][4-1].wasm,be7c6580007a772e3cbb087dd97ff349
all5/Modular_inverse/[0-3][1-6].wasm,be7c6580007a772e3cbb087dd97ff349
all5/Modular_inverse/[0-3][1-6][3-1].wasm,be7c6580007a772e3cbb087dd97ff349
all5/Modular_inverse/[0-3][1-6][3-1][4-1].wasm,be7c6580007a772e3cbb087dd97ff349
all5/Modular_inverse/[0-3][1-7].wasm,207cc43b39a115c9c9ec37d56182eb5f
all5/Modular_inverse/[0-3][1-7][3-1].wasm,207cc43b39a115c9c9ec37d56182eb5f
all5/Modular_inverse/[0-3][1-7][3-1][4-1].wasm,207cc43b39a115c9c9ec37d56182eb5f
all5/Modular_inverse/[0-3][1-8].wasm,be7c6580007a772e3cbb087dd97ff349
all5/Modular_inverse/[0-3][1-8][3-1].wasm,be7c6580007a772e3cbb087dd97ff349
all5/Modular_inverse/[0-3][1-8][3-1][4-1].wasm,be7c6580007a772e3cbb087dd97ff349
all5/Modular_inverse/[0-3][1-9].wasm,be7c6580007a772e3cbb087dd97ff349
all5/Modular_inverse/[0-3][1-9][3-1].wasm,be7c6580007a772e3cbb087dd97ff349
all5/Modular_inverse/[0-3][1-9][4-1].wasm,be7c6580007a772e3cbb087dd97ff349
all5/Modular_inverse/[0-3][3-1].wasm,be7c6580007a772e3cbb087dd97ff349
all5/Modular_inverse/[0-3][3-1][4-1].wasm,be7c6580007a772e3cbb087dd97ff349
all5/Modular_inverse/[0-3][4-1].wasm,be7c6580007a772e3cbb087dd97ff349
all5/Modular_inverse/[1-1].wasm,be7c6580007a772e3cbb087dd97ff349
all5/Modular_inverse/[1-1][3-1].wasm,be7c6580007a772e3cbb087dd97ff349
all5/Modular_inverse/[1-1][3-1][4-1].wasm,be7c6580007a772e3cbb087dd97ff349
all5/Modular_inverse/[1-1][4-1].wasm,be7c6580007a772e3cbb087dd97ff349
all5/Modular_inverse/[1-2].wasm,be7c6580007a772e3cbb087dd97ff349
all5/Modular_inverse/[1-2][3-1].wasm,be7c6580007a772e3cbb087dd97ff349
all5/Modular_inverse/[1-2][3-1][4-1].wasm,be7c6580007a772e3cbb087dd97ff349
all5/Modular_inverse/[1-2][4-1].wasm,be7c6580007a772e3cbb087dd97ff349
all5/Modular_inverse/[1-3].wasm,be7c6580007a772e3cbb087dd97ff349
all5/Modular_inverse/[1-3][3-1].wasm,be7c6580007a772e3cbb087dd97ff349
all5/Modular_inverse/[1-3][3-1][4-1].wasm,be7c6580007a772e3cbb087dd97ff349
all5/Modular_inverse/[1-3][4-1].wasm,be7c6580007a772e3cbb087dd97ff349
all5/Modular_inverse/[1-4].wasm,be7c6580007a772e3cbb087dd97ff349
all5/Modular_inverse/[1-4][3-1].wasm,be7c6580007a772e3cbb087dd97ff349
all5/Modular_inverse/[1-4][3-1][4-1].wasm,be7c6580007a772e3cbb087dd97ff349
all5/Modular_inverse/[1-4][4-1].wasm,be7c6580007a772e3cbb087dd97ff349
all5/Modular_inverse/[1-5].wasm,be7c6580007a772e3cbb087dd97ff349
all5/Modular_inverse/[1-5][3-1].wasm,be7c6580007a772e3cbb087dd97ff349
all5/Modular_inverse/[1-5][3-1][4-1].wasm,be7c6580007a772e3cbb087dd97ff349
all5/Modular_inverse/[1-5][4-1].wasm,be7c6580007a772e3cbb087dd97ff349
all5/Modular_inverse/[1-6].wasm,be7c6580007a772e3cbb087dd97ff349
all5/Modular_inverse/[1-6][3-1].wasm,be7c6580007a772e3cbb087dd97ff349
all5/Modular_inverse/[1-6][3-1][4-1].wasm,be7c6580007a772e3cbb087dd97ff349
all5/Modular_inverse/[1-6][4-1].wasm,be7c6580007a772e3cbb087dd97ff349
all5/Modular_inverse/[1-7].wasm,207cc43b39a115c9c9ec37d56182eb5f
all5/Modular_inverse/[1-7][3-1].wasm,207cc43b39a115c9c9ec37d56182eb5f
all5/Modular_inverse/[1-7][3-1][4-1].wasm,207cc43b39a115c9c9ec37d56182eb5f
all5/Modular_inverse/[1-7][4-1].wasm,207cc43b39a115c9c9ec37d56182eb5f
all5/Modular_inverse/[1-8].wasm,be7c6580007a772e3cbb087dd97ff349
all5/Modular_inverse/[1-8][3-1].wasm,be7c6580007a772e3cbb087dd97ff349
all5/Modular_inverse/[1-8][3-1][4-1].wasm,be7c6580007a772e3cbb087dd97ff349
all5/Modular_inverse/[1-8][4-1].wasm,be7c6580007a772e3cbb087dd97ff349
all5/Modular_inverse/[1-9].wasm,be7c6580007a772e3cbb087dd97ff349
all5/Modular_inverse/[1-9][3-1].wasm,be7c6580007a772e3cbb087dd97ff349
all5/Modular_inverse/[1-9][3-1][4-1].wasm,be7c6580007a772e3cbb087dd97ff349
all5/Modular_inverse/[1-9][4-1].wasm,be7c6580007a772e3cbb087dd97ff349
all5/Modular_inverse/[3-1].wasm,be7c6580007a772e3cbb087dd97ff349
all5/Modular_inverse/[3-1][4-1].wasm,be7c6580007a772e3cbb087dd97ff349
all5/Modular_inverse/[4-1].wasm,be7c6580007a772e3cbb087dd97ff349
