name, hash
all5/Move-to-front_algorithm/Move-to-front_algorithm.wasm,09c7ed78690b29ac351bcb80584310f5
all5/Move-to-front_algorithm/Move-to-front_algorithm.wasm.~1~,a8cd5f7c68c172560768fad76dd0c6a0
all5/Move-to-front_algorithm/Move-to-front_algorithm.wasm.~2~,09c7ed78690b29ac351bcb80584310f5
all5/Move-to-front_algorithm/Move-to-front_algorithm.wasm.~3~,a8cd5f7c68c172560768fad76dd0c6a0
all5/Move-to-front_algorithm/[0-1].wasm,a8cd5f7c68c172560768fad76dd0c6a0
all5/Move-to-front_algorithm/[0-1][1-1].wasm,a8cd5f7c68c172560768fad76dd0c6a0
all5/Move-to-front_algorithm/[0-1][1-1][2-1].wasm,a8cd5f7c68c172560768fad76dd0c6a0
all5/Move-to-front_algorithm/[0-1][1-1][2-1][3-1].wasm,a8cd5f7c68c172560768fad76dd0c6a0
all5/Move-to-front_algorithm/[0-1][1-1][2-1][3-1][4-1].wasm,d4185b9fc740c32a35128270ffb7d183
all5/Move-to-front_algorithm/[0-1][1-1][2-1][3-1][4-1][5-1].wasm,d4185b9fc740c32a35128270ffb7d183
all5/Move-to-front_algorithm/[0-1][1-1][2-1][3-1][5-1].wasm,a8cd5f7c68c172560768fad76dd0c6a0
all5/Move-to-front_algorithm/[0-1][1-1][2-1][4-1].wasm,d4185b9fc740c32a35128270ffb7d183
all5/Move-to-front_algorithm/[0-1][1-1][2-1][4-1][5-1].wasm,d4185b9fc740c32a35128270ffb7d183
all5/Move-to-front_algorithm/[0-1][1-1][2-1][5-1].wasm,a8cd5f7c68c172560768fad76dd0c6a0
all5/Move-to-front_algorithm/[0-1][1-1][3-1].wasm,a8cd5f7c68c172560768fad76dd0c6a0
all5/Move-to-front_algorithm/[0-1][1-1][3-1][4-1].wasm,d4185b9fc740c32a35128270ffb7d183
all5/Move-to-front_algorithm/[0-1][1-1][3-1][4-1][5-1].wasm,d4185b9fc740c32a35128270ffb7d183
all5/Move-to-front_algorithm/[0-1][1-1][3-1][5-1].wasm,a8cd5f7c68c172560768fad76dd0c6a0
all5/Move-to-front_algorithm/[0-1][1-1][4-1].wasm,d4185b9fc740c32a35128270ffb7d183
all5/Move-to-front_algorithm/[0-1][1-1][4-1][5-1].wasm,d4185b9fc740c32a35128270ffb7d183
all5/Move-to-front_algorithm/[0-1][1-1][5-1].wasm,a8cd5f7c68c172560768fad76dd0c6a0
all5/Move-to-front_algorithm/[0-1][2-1].wasm,a8cd5f7c68c172560768fad76dd0c6a0
all5/Move-to-front_algorithm/[0-1][2-1][3-1].wasm,a8cd5f7c68c172560768fad76dd0c6a0
all5/Move-to-front_algorithm/[0-1][2-1][3-1][4-1].wasm,d4185b9fc740c32a35128270ffb7d183
all5/Move-to-front_algorithm/[0-1][2-1][3-1][4-1][5-1].wasm,d4185b9fc740c32a35128270ffb7d183
all5/Move-to-front_algorithm/[0-1][2-1][3-1][5-1].wasm,a8cd5f7c68c172560768fad76dd0c6a0
all5/Move-to-front_algorithm/[0-1][2-1][4-1].wasm,d4185b9fc740c32a35128270ffb7d183
all5/Move-to-front_algorithm/[0-1][2-1][4-1][5-1].wasm,d4185b9fc740c32a35128270ffb7d183
all5/Move-to-front_algorithm/[0-1][2-1][5-1].wasm,a8cd5f7c68c172560768fad76dd0c6a0
all5/Move-to-front_algorithm/[0-1][3-1].wasm,a8cd5f7c68c172560768fad76dd0c6a0
all5/Move-to-front_algorithm/[0-1][3-1][4-1].wasm,d4185b9fc740c32a35128270ffb7d183
all5/Move-to-front_algorithm/[0-1][3-1][4-1][5-1].wasm,d4185b9fc740c32a35128270ffb7d183
all5/Move-to-front_algorithm/[0-1][3-1][5-1].wasm,a8cd5f7c68c172560768fad76dd0c6a0
all5/Move-to-front_algorithm/[0-1][4-1].wasm,d4185b9fc740c32a35128270ffb7d183
all5/Move-to-front_algorithm/[0-1][4-1][5-1].wasm,d4185b9fc740c32a35128270ffb7d183
all5/Move-to-front_algorithm/[0-1][5-1].wasm,a8cd5f7c68c172560768fad76dd0c6a0
all5/Move-to-front_algorithm/[0-2].wasm,a8cd5f7c68c172560768fad76dd0c6a0
all5/Move-to-front_algorithm/[0-2][1-1].wasm,a8cd5f7c68c172560768fad76dd0c6a0
all5/Move-to-front_algorithm/[0-2][1-1][2-1].wasm,a8cd5f7c68c172560768fad76dd0c6a0
all5/Move-to-front_algorithm/[0-2][1-1][2-1][3-1].wasm,a8cd5f7c68c172560768fad76dd0c6a0
all5/Move-to-front_algorithm/[0-2][1-1][2-1][3-1][4-1].wasm,d4185b9fc740c32a35128270ffb7d183
all5/Move-to-front_algorithm/[0-2][1-1][2-1][3-1][4-1][5-1].wasm,d4185b9fc740c32a35128270ffb7d183
all5/Move-to-front_algorithm/[0-2][1-1][2-1][3-1][5-1].wasm,a8cd5f7c68c172560768fad76dd0c6a0
all5/Move-to-front_algorithm/[0-2][1-1][2-1][4-1].wasm,d4185b9fc740c32a35128270ffb7d183
all5/Move-to-front_algorithm/[0-2][1-1][2-1][4-1][5-1].wasm,d4185b9fc740c32a35128270ffb7d183
all5/Move-to-front_algorithm/[0-2][1-1][2-1][5-1].wasm,a8cd5f7c68c172560768fad76dd0c6a0
all5/Move-to-front_algorithm/[0-2][1-1][3-1].wasm,a8cd5f7c68c172560768fad76dd0c6a0
all5/Move-to-front_algorithm/[0-2][1-1][3-1][4-1].wasm,d4185b9fc740c32a35128270ffb7d183
all5/Move-to-front_algorithm/[0-2][1-1][3-1][4-1][5-1].wasm,d4185b9fc740c32a35128270ffb7d183
all5/Move-to-front_algorithm/[0-2][1-1][3-1][5-1].wasm,a8cd5f7c68c172560768fad76dd0c6a0
all5/Move-to-front_algorithm/[0-2][1-1][4-1].wasm,d4185b9fc740c32a35128270ffb7d183
all5/Move-to-front_algorithm/[0-2][1-1][4-1][5-1].wasm,d4185b9fc740c32a35128270ffb7d183
all5/Move-to-front_algorithm/[0-2][1-1][5-1].wasm,a8cd5f7c68c172560768fad76dd0c6a0
all5/Move-to-front_algorithm/[0-2][2-1].wasm,a8cd5f7c68c172560768fad76dd0c6a0
all5/Move-to-front_algorithm/[0-2][2-1][3-1].wasm,a8cd5f7c68c172560768fad76dd0c6a0
all5/Move-to-front_algorithm/[0-2][2-1][3-1][4-1].wasm,d4185b9fc740c32a35128270ffb7d183
all5/Move-to-front_algorithm/[0-2][2-1][3-1][4-1][5-1].wasm,d4185b9fc740c32a35128270ffb7d183
all5/Move-to-front_algorithm/[0-2][2-1][3-1][5-1].wasm,a8cd5f7c68c172560768fad76dd0c6a0
all5/Move-to-front_algorithm/[0-2][2-1][4-1].wasm,d4185b9fc740c32a35128270ffb7d183
all5/Move-to-front_algorithm/[0-2][2-1][4-1][5-1].wasm,d4185b9fc740c32a35128270ffb7d183
all5/Move-to-front_algorithm/[0-2][2-1][5-1].wasm,a8cd5f7c68c172560768fad76dd0c6a0
all5/Move-to-front_algorithm/[0-2][3-1].wasm,a8cd5f7c68c172560768fad76dd0c6a0
all5/Move-to-front_algorithm/[0-2][3-1][4-1].wasm,d4185b9fc740c32a35128270ffb7d183
all5/Move-to-front_algorithm/[0-2][3-1][4-1][5-1].wasm,d4185b9fc740c32a35128270ffb7d183
all5/Move-to-front_algorithm/[0-2][3-1][5-1].wasm,a8cd5f7c68c172560768fad76dd0c6a0
all5/Move-to-front_algorithm/[0-2][4-1].wasm,d4185b9fc740c32a35128270ffb7d183
all5/Move-to-front_algorithm/[0-2][4-1][5-1].wasm,d4185b9fc740c32a35128270ffb7d183
all5/Move-to-front_algorithm/[0-2][5-1].wasm,a8cd5f7c68c172560768fad76dd0c6a0
all5/Move-to-front_algorithm/[0-3].wasm,a8cd5f7c68c172560768fad76dd0c6a0
all5/Move-to-front_algorithm/[0-3][1-1].wasm,a8cd5f7c68c172560768fad76dd0c6a0
all5/Move-to-front_algorithm/[0-3][1-1][2-1].wasm,a8cd5f7c68c172560768fad76dd0c6a0
all5/Move-to-front_algorithm/[0-3][1-1][2-1][3-1].wasm,a8cd5f7c68c172560768fad76dd0c6a0
all5/Move-to-front_algorithm/[0-3][1-1][2-1][3-1][4-1].wasm,d4185b9fc740c32a35128270ffb7d183
all5/Move-to-front_algorithm/[0-3][1-1][2-1][3-1][4-1][5-1].wasm,d4185b9fc740c32a35128270ffb7d183
all5/Move-to-front_algorithm/[0-3][1-1][2-1][3-1][5-1].wasm,a8cd5f7c68c172560768fad76dd0c6a0
all5/Move-to-front_algorithm/[0-3][1-1][2-1][4-1].wasm,d4185b9fc740c32a35128270ffb7d183
all5/Move-to-front_algorithm/[0-3][1-1][2-1][4-1][5-1].wasm,d4185b9fc740c32a35128270ffb7d183
all5/Move-to-front_algorithm/[0-3][1-1][2-1][5-1].wasm,a8cd5f7c68c172560768fad76dd0c6a0
all5/Move-to-front_algorithm/[0-3][1-1][3-1].wasm,a8cd5f7c68c172560768fad76dd0c6a0
all5/Move-to-front_algorithm/[0-3][1-1][3-1][4-1].wasm,d4185b9fc740c32a35128270ffb7d183
all5/Move-to-front_algorithm/[0-3][1-1][3-1][4-1][5-1].wasm,d4185b9fc740c32a35128270ffb7d183
all5/Move-to-front_algorithm/[0-3][1-1][3-1][5-1].wasm,a8cd5f7c68c172560768fad76dd0c6a0
all5/Move-to-front_algorithm/[0-3][1-1][4-1].wasm,d4185b9fc740c32a35128270ffb7d183
all5/Move-to-front_algorithm/[0-3][1-1][4-1][5-1].wasm,d4185b9fc740c32a35128270ffb7d183
all5/Move-to-front_algorithm/[0-3][1-1][5-1].wasm,a8cd5f7c68c172560768fad76dd0c6a0
all5/Move-to-front_algorithm/[0-3][2-1].wasm,a8cd5f7c68c172560768fad76dd0c6a0
all5/Move-to-front_algorithm/[0-3][2-1][3-1].wasm,a8cd5f7c68c172560768fad76dd0c6a0
all5/Move-to-front_algorithm/[0-3][2-1][3-1][4-1].wasm,d4185b9fc740c32a35128270ffb7d183
all5/Move-to-front_algorithm/[0-3][2-1][3-1][4-1][5-1].wasm,d4185b9fc740c32a35128270ffb7d183
all5/Move-to-front_algorithm/[0-3][2-1][3-1][5-1].wasm,a8cd5f7c68c172560768fad76dd0c6a0
all5/Move-to-front_algorithm/[0-3][2-1][4-1].wasm,d4185b9fc740c32a35128270ffb7d183
all5/Move-to-front_algorithm/[0-3][2-1][4-1][5-1].wasm,d4185b9fc740c32a35128270ffb7d183
all5/Move-to-front_algorithm/[0-3][2-1][5-1].wasm,a8cd5f7c68c172560768fad76dd0c6a0
all5/Move-to-front_algorithm/[0-3][3-1].wasm,a8cd5f7c68c172560768fad76dd0c6a0
all5/Move-to-front_algorithm/[0-3][3-1][4-1].wasm,d4185b9fc740c32a35128270ffb7d183
all5/Move-to-front_algorithm/[0-3][3-1][4-1][5-1].wasm,d4185b9fc740c32a35128270ffb7d183
all5/Move-to-front_algorithm/[0-3][3-1][5-1].wasm,a8cd5f7c68c172560768fad76dd0c6a0
all5/Move-to-front_algorithm/[0-3][4-1].wasm,d4185b9fc740c32a35128270ffb7d183
all5/Move-to-front_algorithm/[0-3][4-1][5-1].wasm,d4185b9fc740c32a35128270ffb7d183
all5/Move-to-front_algorithm/[0-3][5-1].wasm,a8cd5f7c68c172560768fad76dd0c6a0
all5/Move-to-front_algorithm/[0-4].wasm,a8cd5f7c68c172560768fad76dd0c6a0
all5/Move-to-front_algorithm/[0-4][1-1].wasm,a8cd5f7c68c172560768fad76dd0c6a0
all5/Move-to-front_algorithm/[0-4][1-1][2-1].wasm,a8cd5f7c68c172560768fad76dd0c6a0
all5/Move-to-front_algorithm/[0-4][1-1][2-1][3-1].wasm,a8cd5f7c68c172560768fad76dd0c6a0
all5/Move-to-front_algorithm/[0-4][1-1][2-1][3-1][4-1].wasm,d4185b9fc740c32a35128270ffb7d183
all5/Move-to-front_algorithm/[0-4][1-1][2-1][3-1][4-1][5-1].wasm,d4185b9fc740c32a35128270ffb7d183
all5/Move-to-front_algorithm/[0-4][1-1][2-1][3-1][5-1].wasm,a8cd5f7c68c172560768fad76dd0c6a0
all5/Move-to-front_algorithm/[0-4][1-1][2-1][4-1].wasm,d4185b9fc740c32a35128270ffb7d183
all5/Move-to-front_algorithm/[0-4][1-1][2-1][4-1][5-1].wasm,d4185b9fc740c32a35128270ffb7d183
all5/Move-to-front_algorithm/[0-4][1-1][2-1][5-1].wasm,a8cd5f7c68c172560768fad76dd0c6a0
all5/Move-to-front_algorithm/[0-4][1-1][3-1].wasm,a8cd5f7c68c172560768fad76dd0c6a0
all5/Move-to-front_algorithm/[0-4][1-1][3-1][4-1].wasm,d4185b9fc740c32a35128270ffb7d183
all5/Move-to-front_algorithm/[0-4][1-1][3-1][4-1][5-1].wasm,d4185b9fc740c32a35128270ffb7d183
all5/Move-to-front_algorithm/[0-4][1-1][3-1][5-1].wasm,a8cd5f7c68c172560768fad76dd0c6a0
all5/Move-to-front_algorithm/[0-4][1-1][4-1].wasm,d4185b9fc740c32a35128270ffb7d183
all5/Move-to-front_algorithm/[0-4][1-1][4-1][5-1].wasm,d4185b9fc740c32a35128270ffb7d183
all5/Move-to-front_algorithm/[0-4][1-1][5-1].wasm,a8cd5f7c68c172560768fad76dd0c6a0
all5/Move-to-front_algorithm/[0-4][2-1].wasm,a8cd5f7c68c172560768fad76dd0c6a0
all5/Move-to-front_algorithm/[0-4][2-1][3-1].wasm,a8cd5f7c68c172560768fad76dd0c6a0
all5/Move-to-front_algorithm/[0-4][2-1][3-1][4-1].wasm,d4185b9fc740c32a35128270ffb7d183
all5/Move-to-front_algorithm/[0-4][2-1][3-1][4-1][5-1].wasm,d4185b9fc740c32a35128270ffb7d183
all5/Move-to-front_algorithm/[0-4][2-1][3-1][5-1].wasm,a8cd5f7c68c172560768fad76dd0c6a0
all5/Move-to-front_algorithm/[0-4][2-1][4-1].wasm,d4185b9fc740c32a35128270ffb7d183
all5/Move-to-front_algorithm/[0-4][2-1][4-1][5-1].wasm,d4185b9fc740c32a35128270ffb7d183
all5/Move-to-front_algorithm/[0-4][2-1][5-1].wasm,a8cd5f7c68c172560768fad76dd0c6a0
all5/Move-to-front_algorithm/[0-4][3-1].wasm,a8cd5f7c68c172560768fad76dd0c6a0
all5/Move-to-front_algorithm/[0-4][3-1][4-1].wasm,d4185b9fc740c32a35128270ffb7d183
all5/Move-to-front_algorithm/[0-4][3-1][4-1][5-1].wasm,d4185b9fc740c32a35128270ffb7d183
all5/Move-to-front_algorithm/[0-4][3-1][5-1].wasm,a8cd5f7c68c172560768fad76dd0c6a0
all5/Move-to-front_algorithm/[0-4][4-1].wasm,d4185b9fc740c32a35128270ffb7d183
all5/Move-to-front_algorithm/[0-4][4-1][5-1].wasm,d4185b9fc740c32a35128270ffb7d183
all5/Move-to-front_algorithm/[0-4][5-1].wasm,a8cd5f7c68c172560768fad76dd0c6a0
all5/Move-to-front_algorithm/[1-0].wasm,09c7ed78690b29ac351bcb80584310f5
all5/Move-to-front_algorithm/[1-1].wasm,6af1d4f4cb4b18f1df818c8c489d86c7
all5/Move-to-front_algorithm/[1-1].wasm.~1~,a8cd5f7c68c172560768fad76dd0c6a0
all5/Move-to-front_algorithm/[1-1][11-1].wasm,09c7ed78690b29ac351bcb80584310f5
all5/Move-to-front_algorithm/[1-1][11-1][15-1].wasm,d63873afbcacb9d55209112c178ed4ab
all5/Move-to-front_algorithm/[1-1][11-1][15-1][16-1].wasm,3fa80e77f66eef06adeb0426056013b0
all5/Move-to-front_algorithm/[1-1][11-1][16-1].wasm,6af1d4f4cb4b18f1df818c8c489d86c7
all5/Move-to-front_algorithm/[1-1][15-1].wasm,d63873afbcacb9d55209112c178ed4ab
all5/Move-to-front_algorithm/[1-1][15-1][16-1].wasm,3fa80e77f66eef06adeb0426056013b0
all5/Move-to-front_algorithm/[1-1][16-1].wasm,6af1d4f4cb4b18f1df818c8c489d86c7
all5/Move-to-front_algorithm/[1-1][2-1].wasm,a8cd5f7c68c172560768fad76dd0c6a0
all5/Move-to-front_algorithm/[1-1][2-1][3-1].wasm,a8cd5f7c68c172560768fad76dd0c6a0
all5/Move-to-front_algorithm/[1-1][2-1][3-1][4-1].wasm,d4185b9fc740c32a35128270ffb7d183
all5/Move-to-front_algorithm/[1-1][2-1][3-1][4-1][5-1].wasm,d4185b9fc740c32a35128270ffb7d183
all5/Move-to-front_algorithm/[1-1][2-1][3-1][5-1].wasm,a8cd5f7c68c172560768fad76dd0c6a0
all5/Move-to-front_algorithm/[1-1][2-1][4-1].wasm,d4185b9fc740c32a35128270ffb7d183
all5/Move-to-front_algorithm/[1-1][2-1][4-1][5-1].wasm,d4185b9fc740c32a35128270ffb7d183
all5/Move-to-front_algorithm/[1-1][2-1][5-1].wasm,a8cd5f7c68c172560768fad76dd0c6a0
all5/Move-to-front_algorithm/[1-1][3-1].wasm,a8cd5f7c68c172560768fad76dd0c6a0
all5/Move-to-front_algorithm/[1-1][3-1][4-1].wasm,d4185b9fc740c32a35128270ffb7d183
all5/Move-to-front_algorithm/[1-1][3-1][4-1][5-1].wasm,d4185b9fc740c32a35128270ffb7d183
all5/Move-to-front_algorithm/[1-1][3-1][5-1].wasm,a8cd5f7c68c172560768fad76dd0c6a0
all5/Move-to-front_algorithm/[1-1][4-1].wasm,d4185b9fc740c32a35128270ffb7d183
all5/Move-to-front_algorithm/[1-1][4-1][5-1].wasm,d4185b9fc740c32a35128270ffb7d183
all5/Move-to-front_algorithm/[1-1][5-1].wasm,a8cd5f7c68c172560768fad76dd0c6a0
all5/Move-to-front_algorithm/[11-1].wasm,09c7ed78690b29ac351bcb80584310f5
all5/Move-to-front_algorithm/[11-1][15-1].wasm,d63873afbcacb9d55209112c178ed4ab
all5/Move-to-front_algorithm/[11-1][15-1][16-1].wasm,6af1d4f4cb4b18f1df818c8c489d86c7
all5/Move-to-front_algorithm/[11-1][16-1].wasm,6af1d4f4cb4b18f1df818c8c489d86c7
all5/Move-to-front_algorithm/[15-1].wasm,d63873afbcacb9d55209112c178ed4ab
all5/Move-to-front_algorithm/[15-1][16-1].wasm,3fa80e77f66eef06adeb0426056013b0
all5/Move-to-front_algorithm/[16-1].wasm,6af1d4f4cb4b18f1df818c8c489d86c7
all5/Move-to-front_algorithm/[2-1].wasm,a8cd5f7c68c172560768fad76dd0c6a0
all5/Move-to-front_algorithm/[2-1][3-1].wasm,a8cd5f7c68c172560768fad76dd0c6a0
all5/Move-to-front_algorithm/[2-1][3-1][4-1].wasm,d4185b9fc740c32a35128270ffb7d183
all5/Move-to-front_algorithm/[2-1][3-1][4-1][5-1].wasm,d4185b9fc740c32a35128270ffb7d183
all5/Move-to-front_algorithm/[2-1][3-1][5-1].wasm,a8cd5f7c68c172560768fad76dd0c6a0
all5/Move-to-front_algorithm/[2-1][4-1].wasm,d4185b9fc740c32a35128270ffb7d183
all5/Move-to-front_algorithm/[2-1][4-1][5-1].wasm,d4185b9fc740c32a35128270ffb7d183
all5/Move-to-front_algorithm/[2-1][5-1].wasm,a8cd5f7c68c172560768fad76dd0c6a0
all5/Move-to-front_algorithm/[3-1].wasm,a8cd5f7c68c172560768fad76dd0c6a0
all5/Move-to-front_algorithm/[3-1][4-1].wasm,d4185b9fc740c32a35128270ffb7d183
all5/Move-to-front_algorithm/[3-1][4-1][5-1].wasm,d4185b9fc740c32a35128270ffb7d183
all5/Move-to-front_algorithm/[3-1][5-1].wasm,a8cd5f7c68c172560768fad76dd0c6a0
all5/Move-to-front_algorithm/[4-1].wasm,d4185b9fc740c32a35128270ffb7d183
all5/Move-to-front_algorithm/[4-1][5-1].wasm,d4185b9fc740c32a35128270ffb7d183
all5/Move-to-front_algorithm/[5-1].wasm,a8cd5f7c68c172560768fad76dd0c6a0
