name, hash
all5/Multifactorial/Multifactorial.wasm,c202c713032beca3e0c7b4866a3f4a99
all5/Multifactorial/Multifactorial.wasm.~1~,c202c713032beca3e0c7b4866a3f4a99
all5/Multifactorial/Multifactorial.wasm.~2~,b475d34c4be924a87ca2c3ffe56a6f96
all5/Multifactorial/[0-1].wasm,b475d34c4be924a87ca2c3ffe56a6f96
all5/Multifactorial/[0-1][1-1].wasm,c9a54331b8f804051b94ac8434b657a9
all5/Multifactorial/[0-1][1-2].wasm,b475d34c4be924a87ca2c3ffe56a6f96
all5/Multifactorial/[0-1][1-3].wasm,b475d34c4be924a87ca2c3ffe56a6f96
all5/Multifactorial/[0-1][1-4].wasm,b475d34c4be924a87ca2c3ffe56a6f96
all5/Multifactorial/[0-1][1-5].wasm,b475d34c4be924a87ca2c3ffe56a6f96
all5/Multifactorial/[0-1][1-6].wasm,b475d34c4be924a87ca2c3ffe56a6f96
all5/Multifactorial/[0-1][1-7].wasm,b475d34c4be924a87ca2c3ffe56a6f96
all5/Multifactorial/[0-1][1-8].wasm,b475d34c4be924a87ca2c3ffe56a6f96
all5/Multifactorial/[0-1][1-9].wasm,b475d34c4be924a87ca2c3ffe56a6f96
all5/Multifactorial/[0-2].wasm,b475d34c4be924a87ca2c3ffe56a6f96
all5/Multifactorial/[0-2][1-1].wasm,c9a54331b8f804051b94ac8434b657a9
all5/Multifactorial/[0-2][1-2].wasm,b475d34c4be924a87ca2c3ffe56a6f96
all5/Multifactorial/[0-2][1-3].wasm,b475d34c4be924a87ca2c3ffe56a6f96
all5/Multifactorial/[0-2][1-4].wasm,b475d34c4be924a87ca2c3ffe56a6f96
all5/Multifactorial/[0-2][1-5].wasm,b475d34c4be924a87ca2c3ffe56a6f96
all5/Multifactorial/[0-2][1-6].wasm,b475d34c4be924a87ca2c3ffe56a6f96
all5/Multifactorial/[0-2][1-7].wasm,b475d34c4be924a87ca2c3ffe56a6f96
all5/Multifactorial/[0-2][1-8].wasm,b475d34c4be924a87ca2c3ffe56a6f96
all5/Multifactorial/[0-2][1-9].wasm,b475d34c4be924a87ca2c3ffe56a6f96
all5/Multifactorial/[0-3].wasm,b475d34c4be924a87ca2c3ffe56a6f96
all5/Multifactorial/[0-3][1-1].wasm,c9a54331b8f804051b94ac8434b657a9
all5/Multifactorial/[0-3][1-2].wasm,b475d34c4be924a87ca2c3ffe56a6f96
all5/Multifactorial/[0-3][1-3].wasm,b475d34c4be924a87ca2c3ffe56a6f96
all5/Multifactorial/[0-3][1-4].wasm,b475d34c4be924a87ca2c3ffe56a6f96
all5/Multifactorial/[0-3][1-5].wasm,b475d34c4be924a87ca2c3ffe56a6f96
all5/Multifactorial/[0-3][1-6].wasm,b475d34c4be924a87ca2c3ffe56a6f96
all5/Multifactorial/[0-3][1-7].wasm,b475d34c4be924a87ca2c3ffe56a6f96
all5/Multifactorial/[0-3][1-8].wasm,b475d34c4be924a87ca2c3ffe56a6f96
all5/Multifactorial/[0-3][1-9].wasm,b475d34c4be924a87ca2c3ffe56a6f96
all5/Multifactorial/[0-4].wasm,b475d34c4be924a87ca2c3ffe56a6f96
all5/Multifactorial/[0-4][1-1].wasm,c9a54331b8f804051b94ac8434b657a9
all5/Multifactorial/[0-4][1-2].wasm,b475d34c4be924a87ca2c3ffe56a6f96
all5/Multifactorial/[0-4][1-3].wasm,b475d34c4be924a87ca2c3ffe56a6f96
all5/Multifactorial/[0-4][1-4].wasm,b475d34c4be924a87ca2c3ffe56a6f96
all5/Multifactorial/[0-4][1-5].wasm,b475d34c4be924a87ca2c3ffe56a6f96
all5/Multifactorial/[0-4][1-6].wasm,b475d34c4be924a87ca2c3ffe56a6f96
all5/Multifactorial/[0-4][1-7].wasm,b475d34c4be924a87ca2c3ffe56a6f96
all5/Multifactorial/[0-4][1-8].wasm,b475d34c4be924a87ca2c3ffe56a6f96
all5/Multifactorial/[0-4][1-9].wasm,b475d34c4be924a87ca2c3ffe56a6f96
all5/Multifactorial/[0-5].wasm,b475d34c4be924a87ca2c3ffe56a6f96
all5/Multifactorial/[0-5][1-1].wasm,c9a54331b8f804051b94ac8434b657a9
all5/Multifactorial/[0-5][1-2].wasm,b475d34c4be924a87ca2c3ffe56a6f96
all5/Multifactorial/[0-5][1-3].wasm,b475d34c4be924a87ca2c3ffe56a6f96
all5/Multifactorial/[0-5][1-4].wasm,b475d34c4be924a87ca2c3ffe56a6f96
all5/Multifactorial/[0-5][1-5].wasm,b475d34c4be924a87ca2c3ffe56a6f96
all5/Multifactorial/[0-5][1-6].wasm,b475d34c4be924a87ca2c3ffe56a6f96
all5/Multifactorial/[0-5][1-7].wasm,b475d34c4be924a87ca2c3ffe56a6f96
all5/Multifactorial/[0-5][1-8].wasm,b475d34c4be924a87ca2c3ffe56a6f96
all5/Multifactorial/[0-5][1-9].wasm,b475d34c4be924a87ca2c3ffe56a6f96
all5/Multifactorial/[0-6].wasm,b475d34c4be924a87ca2c3ffe56a6f96
all5/Multifactorial/[0-6][1-1].wasm,c9a54331b8f804051b94ac8434b657a9
all5/Multifactorial/[0-6][1-2].wasm,b475d34c4be924a87ca2c3ffe56a6f96
all5/Multifactorial/[0-6][1-3].wasm,b475d34c4be924a87ca2c3ffe56a6f96
all5/Multifactorial/[0-6][1-4].wasm,b475d34c4be924a87ca2c3ffe56a6f96
all5/Multifactorial/[0-6][1-5].wasm,b475d34c4be924a87ca2c3ffe56a6f96
all5/Multifactorial/[0-6][1-6].wasm,b475d34c4be924a87ca2c3ffe56a6f96
all5/Multifactorial/[0-6][1-7].wasm,b475d34c4be924a87ca2c3ffe56a6f96
all5/Multifactorial/[0-6][1-8].wasm,b475d34c4be924a87ca2c3ffe56a6f96
all5/Multifactorial/[0-6][1-9].wasm,b475d34c4be924a87ca2c3ffe56a6f96
all5/Multifactorial/[0-7].wasm,b475d34c4be924a87ca2c3ffe56a6f96
all5/Multifactorial/[0-7][1-1].wasm,c9a54331b8f804051b94ac8434b657a9
all5/Multifactorial/[0-7][1-2].wasm,b475d34c4be924a87ca2c3ffe56a6f96
all5/Multifactorial/[0-7][1-3].wasm,b475d34c4be924a87ca2c3ffe56a6f96
all5/Multifactorial/[0-7][1-4].wasm,b475d34c4be924a87ca2c3ffe56a6f96
all5/Multifactorial/[0-7][1-5].wasm,b475d34c4be924a87ca2c3ffe56a6f96
all5/Multifactorial/[0-7][1-6].wasm,b475d34c4be924a87ca2c3ffe56a6f96
all5/Multifactorial/[0-7][1-7].wasm,b475d34c4be924a87ca2c3ffe56a6f96
all5/Multifactorial/[0-7][1-8].wasm,b475d34c4be924a87ca2c3ffe56a6f96
all5/Multifactorial/[0-7][1-9].wasm,b475d34c4be924a87ca2c3ffe56a6f96
all5/Multifactorial/[0-8].wasm,b475d34c4be924a87ca2c3ffe56a6f96
all5/Multifactorial/[0-8][1-2].wasm,b475d34c4be924a87ca2c3ffe56a6f96
all5/Multifactorial/[0-8][1-3].wasm,b475d34c4be924a87ca2c3ffe56a6f96
all5/Multifactorial/[0-8][1-4].wasm,b475d34c4be924a87ca2c3ffe56a6f96
all5/Multifactorial/[0-8][1-5].wasm,b475d34c4be924a87ca2c3ffe56a6f96
all5/Multifactorial/[0-8][1-6].wasm,b475d34c4be924a87ca2c3ffe56a6f96
all5/Multifactorial/[0-8][1-7].wasm,b475d34c4be924a87ca2c3ffe56a6f96
all5/Multifactorial/[0-8][1-8].wasm,b475d34c4be924a87ca2c3ffe56a6f96
all5/Multifactorial/[1-1].wasm,c9a54331b8f804051b94ac8434b657a9
all5/Multifactorial/[1-2].wasm,b475d34c4be924a87ca2c3ffe56a6f96
all5/Multifactorial/[1-3].wasm,b475d34c4be924a87ca2c3ffe56a6f96
all5/Multifactorial/[1-4].wasm,b475d34c4be924a87ca2c3ffe56a6f96
all5/Multifactorial/[1-5].wasm,b475d34c4be924a87ca2c3ffe56a6f96
all5/Multifactorial/[1-6].wasm,b475d34c4be924a87ca2c3ffe56a6f96
all5/Multifactorial/[1-7].wasm,b475d34c4be924a87ca2c3ffe56a6f96
all5/Multifactorial/[1-8].wasm,b475d34c4be924a87ca2c3ffe56a6f96
all5/Multifactorial/[1-9].wasm,b475d34c4be924a87ca2c3ffe56a6f96
