name, hash
all5/Number_names/Number_names.wasm,bbf202c3c78955b86e608c70a42e925a
all5/Number_names/Number_names.wasm.~1~,bbf202c3c78955b86e608c70a42e925a
all5/Number_names/Number_names.wasm.~2~,2ce79b61b792873e99c4291d44c1c178
all5/Number_names/Number_names.wasm.~3~,2ce79b61b792873e99c4291d44c1c178
all5/Number_names/[0-0].wasm,2ce79b61b792873e99c4291d44c1c178
all5/Number_names/[0-10].wasm,2ce79b61b792873e99c4291d44c1c178
all5/Number_names/[0-1].wasm,2ce79b61b792873e99c4291d44c1c178
all5/Number_names/[0-1][11-1].wasm,2ce79b61b792873e99c4291d44c1c178
all5/Number_names/[0-1][11-2].wasm,2ce79b61b792873e99c4291d44c1c178
all5/Number_names/[0-1][11-3].wasm,2ce79b61b792873e99c4291d44c1c178
all5/Number_names/[0-1][11-4].wasm,2ce79b61b792873e99c4291d44c1c178
all5/Number_names/[0-1][4-1].wasm,2ce79b61b792873e99c4291d44c1c178
all5/Number_names/[0-1][4-1][11-1].wasm,2ce79b61b792873e99c4291d44c1c178
all5/Number_names/[0-1][4-1][11-2].wasm,2ce79b61b792873e99c4291d44c1c178
all5/Number_names/[0-1][4-1][11-3].wasm,2ce79b61b792873e99c4291d44c1c178
all5/Number_names/[0-1][4-1][11-4].wasm,2ce79b61b792873e99c4291d44c1c178
all5/Number_names/[0-1][4-2].wasm,2ce79b61b792873e99c4291d44c1c178
all5/Number_names/[0-1][4-2][11-1].wasm,2ce79b61b792873e99c4291d44c1c178
all5/Number_names/[0-1][4-2][11-2].wasm,2ce79b61b792873e99c4291d44c1c178
all5/Number_names/[0-1][4-2][11-3].wasm,2ce79b61b792873e99c4291d44c1c178
all5/Number_names/[0-1][4-2][11-4].wasm,2ce79b61b792873e99c4291d44c1c178
all5/Number_names/[0-1][4-3].wasm,2ce79b61b792873e99c4291d44c1c178
all5/Number_names/[0-2].wasm,2ce79b61b792873e99c4291d44c1c178
all5/Number_names/[0-3].wasm,2ce79b61b792873e99c4291d44c1c178
all5/Number_names/[0-4].wasm,3737afa0a784d33c286ae90526f6ddd5
all5/Number_names/[0-5].wasm,2ce79b61b792873e99c4291d44c1c178
all5/Number_names/[0-6].wasm,2ce79b61b792873e99c4291d44c1c178
all5/Number_names/[0-7].wasm,2ce79b61b792873e99c4291d44c1c178
all5/Number_names/[0-8].wasm,2ce79b61b792873e99c4291d44c1c178
all5/Number_names/[0-9].wasm,bca2e496526c11f1058e80a82692e43d
all5/Number_names/[1-0].wasm,2ce79b61b792873e99c4291d44c1c178
all5/Number_names/[1-10].wasm,6e16fd4f3a89c4a8cba998dc5008c9bf
all5/Number_names/[1-11].wasm,2ce79b61b792873e99c4291d44c1c178
all5/Number_names/[1-12].wasm,2ce79b61b792873e99c4291d44c1c178
all5/Number_names/[1-13].wasm,6c81ec79d5c17f25084a4a9c079f1cff
all5/Number_names/[1-14].wasm,2ce79b61b792873e99c4291d44c1c178
all5/Number_names/[1-15].wasm,9741aa98a660dd79d91973f70d83719a
all5/Number_names/[1-1].wasm,2ce79b61b792873e99c4291d44c1c178
all5/Number_names/[1-1][11-1].wasm,2ce79b61b792873e99c4291d44c1c178
all5/Number_names/[1-1][11-1][20-1].wasm,2ce79b61b792873e99c4291d44c1c178
all5/Number_names/[1-1][11-2].wasm,2ce79b61b792873e99c4291d44c1c178
all5/Number_names/[1-1][11-2][20-1].wasm,2ce79b61b792873e99c4291d44c1c178
all5/Number_names/[1-1][11-3].wasm,2ce79b61b792873e99c4291d44c1c178
all5/Number_names/[1-1][11-3][20-1].wasm,2ce79b61b792873e99c4291d44c1c178
all5/Number_names/[1-1][11-4].wasm,2ce79b61b792873e99c4291d44c1c178
all5/Number_names/[1-1][11-4][20-1].wasm,2ce79b61b792873e99c4291d44c1c178
all5/Number_names/[1-1][20-1].wasm,2ce79b61b792873e99c4291d44c1c178
all5/Number_names/[1-1][4-1].wasm,2ce79b61b792873e99c4291d44c1c178
all5/Number_names/[1-1][4-1][11-1].wasm,2ce79b61b792873e99c4291d44c1c178
all5/Number_names/[1-1][4-1][11-1][20-1].wasm,2ce79b61b792873e99c4291d44c1c178
all5/Number_names/[1-1][4-1][11-2].wasm,2ce79b61b792873e99c4291d44c1c178
all5/Number_names/[1-1][4-1][11-2][20-1].wasm,2ce79b61b792873e99c4291d44c1c178
all5/Number_names/[1-1][4-1][11-3].wasm,2ce79b61b792873e99c4291d44c1c178
all5/Number_names/[1-1][4-1][11-3][20-1].wasm,2ce79b61b792873e99c4291d44c1c178
all5/Number_names/[1-1][4-1][11-4].wasm,2ce79b61b792873e99c4291d44c1c178
all5/Number_names/[1-1][4-1][11-4][20-1].wasm,2ce79b61b792873e99c4291d44c1c178
all5/Number_names/[1-1][4-1][20-1].wasm,2ce79b61b792873e99c4291d44c1c178
all5/Number_names/[1-1][4-2].wasm,2ce79b61b792873e99c4291d44c1c178
all5/Number_names/[1-1][4-2][11-1].wasm,2ce79b61b792873e99c4291d44c1c178
all5/Number_names/[1-1][4-2][11-1][20-1].wasm,2ce79b61b792873e99c4291d44c1c178
all5/Number_names/[1-1][4-2][11-2].wasm,2ce79b61b792873e99c4291d44c1c178
all5/Number_names/[1-1][4-2][11-2][20-1].wasm,2ce79b61b792873e99c4291d44c1c178
all5/Number_names/[1-1][4-2][11-3].wasm,2ce79b61b792873e99c4291d44c1c178
all5/Number_names/[1-1][4-2][11-3][20-1].wasm,2ce79b61b792873e99c4291d44c1c178
all5/Number_names/[1-1][4-2][11-4].wasm,2ce79b61b792873e99c4291d44c1c178
all5/Number_names/[1-1][4-2][11-4][20-1].wasm,2ce79b61b792873e99c4291d44c1c178
all5/Number_names/[1-1][4-2][20-1].wasm,2ce79b61b792873e99c4291d44c1c178
all5/Number_names/[1-1][4-3].wasm,2ce79b61b792873e99c4291d44c1c178
all5/Number_names/[1-1][4-3][11-1].wasm,2ce79b61b792873e99c4291d44c1c178
all5/Number_names/[1-1][4-3][11-1][20-1].wasm,2ce79b61b792873e99c4291d44c1c178
all5/Number_names/[1-1][4-3][11-2].wasm,2ce79b61b792873e99c4291d44c1c178
all5/Number_names/[1-1][4-3][11-2][20-1].wasm,2ce79b61b792873e99c4291d44c1c178
all5/Number_names/[1-1][4-3][11-3].wasm,2ce79b61b792873e99c4291d44c1c178
all5/Number_names/[1-1][4-3][11-3][20-1].wasm,2ce79b61b792873e99c4291d44c1c178
all5/Number_names/[1-1][4-3][11-4].wasm,2ce79b61b792873e99c4291d44c1c178
all5/Number_names/[1-1][4-3][11-4][20-1].wasm,2ce79b61b792873e99c4291d44c1c178
all5/Number_names/[1-1][4-3][20-1].wasm,2ce79b61b792873e99c4291d44c1c178
all5/Number_names/[1-1][4-4].wasm,2ce79b61b792873e99c4291d44c1c178
all5/Number_names/[1-1][4-4][11-1].wasm,2ce79b61b792873e99c4291d44c1c178
all5/Number_names/[1-1][4-4][11-1][20-1].wasm,2ce79b61b792873e99c4291d44c1c178
all5/Number_names/[1-1][4-4][11-2].wasm,2ce79b61b792873e99c4291d44c1c178
all5/Number_names/[1-1][4-4][11-2][20-1].wasm,2ce79b61b792873e99c4291d44c1c178
all5/Number_names/[1-1][4-4][11-3].wasm,2ce79b61b792873e99c4291d44c1c178
all5/Number_names/[1-1][4-4][11-3][20-1].wasm,2ce79b61b792873e99c4291d44c1c178
all5/Number_names/[1-1][4-4][11-4].wasm,2ce79b61b792873e99c4291d44c1c178
all5/Number_names/[1-1][4-4][11-4][20-1].wasm,2ce79b61b792873e99c4291d44c1c178
all5/Number_names/[1-1][4-4][20-1].wasm,2ce79b61b792873e99c4291d44c1c178
all5/Number_names/[1-1][4-5].wasm,2ce79b61b792873e99c4291d44c1c178
all5/Number_names/[1-1][4-5][11-1].wasm,2ce79b61b792873e99c4291d44c1c178
all5/Number_names/[1-1][4-5][11-1][20-1].wasm,2ce79b61b792873e99c4291d44c1c178
all5/Number_names/[1-1][4-5][11-2].wasm,2ce79b61b792873e99c4291d44c1c178
all5/Number_names/[1-1][4-5][11-2][20-1].wasm,2ce79b61b792873e99c4291d44c1c178
all5/Number_names/[1-1][4-5][11-3].wasm,2ce79b61b792873e99c4291d44c1c178
all5/Number_names/[1-1][4-5][11-3][20-1].wasm,2ce79b61b792873e99c4291d44c1c178
all5/Number_names/[1-1][4-5][11-4].wasm,2ce79b61b792873e99c4291d44c1c178
all5/Number_names/[1-1][4-5][11-4][20-1].wasm,2ce79b61b792873e99c4291d44c1c178
all5/Number_names/[1-1][4-5][20-1].wasm,2ce79b61b792873e99c4291d44c1c178
all5/Number_names/[1-2].wasm,2ce79b61b792873e99c4291d44c1c178
all5/Number_names/[1-2][11-1].wasm,2ce79b61b792873e99c4291d44c1c178
all5/Number_names/[1-2][11-1][20-1].wasm,2ce79b61b792873e99c4291d44c1c178
all5/Number_names/[1-2][11-2].wasm,2ce79b61b792873e99c4291d44c1c178
all5/Number_names/[1-2][11-2][20-1].wasm,2ce79b61b792873e99c4291d44c1c178
all5/Number_names/[1-2][11-3].wasm,2ce79b61b792873e99c4291d44c1c178
all5/Number_names/[1-2][11-3][20-1].wasm,2ce79b61b792873e99c4291d44c1c178
all5/Number_names/[1-2][11-4].wasm,2ce79b61b792873e99c4291d44c1c178
all5/Number_names/[1-2][11-4][20-1].wasm,2ce79b61b792873e99c4291d44c1c178
all5/Number_names/[1-2][20-1].wasm,2ce79b61b792873e99c4291d44c1c178
all5/Number_names/[1-2][4-1].wasm,2ce79b61b792873e99c4291d44c1c178
all5/Number_names/[1-2][4-1][11-1].wasm,2ce79b61b792873e99c4291d44c1c178
all5/Number_names/[1-2][4-1][11-1][20-1].wasm,2ce79b61b792873e99c4291d44c1c178
all5/Number_names/[1-2][4-1][11-2].wasm,2ce79b61b792873e99c4291d44c1c178
all5/Number_names/[1-2][4-1][11-2][20-1].wasm,2ce79b61b792873e99c4291d44c1c178
all5/Number_names/[1-2][4-1][11-3].wasm,2ce79b61b792873e99c4291d44c1c178
all5/Number_names/[1-2][4-1][11-3][20-1].wasm,2ce79b61b792873e99c4291d44c1c178
all5/Number_names/[1-2][4-1][11-4].wasm,2ce79b61b792873e99c4291d44c1c178
all5/Number_names/[1-2][4-1][11-4][20-1].wasm,2ce79b61b792873e99c4291d44c1c178
all5/Number_names/[1-2][4-1][20-1].wasm,2ce79b61b792873e99c4291d44c1c178
all5/Number_names/[1-2][4-2].wasm,2ce79b61b792873e99c4291d44c1c178
all5/Number_names/[1-2][4-2][11-1].wasm,2ce79b61b792873e99c4291d44c1c178
all5/Number_names/[1-2][4-2][11-1][20-1].wasm,2ce79b61b792873e99c4291d44c1c178
all5/Number_names/[1-2][4-2][11-2].wasm,2ce79b61b792873e99c4291d44c1c178
all5/Number_names/[1-2][4-2][11-2][20-1].wasm,2ce79b61b792873e99c4291d44c1c178
all5/Number_names/[1-2][4-2][11-3].wasm,2ce79b61b792873e99c4291d44c1c178
all5/Number_names/[1-2][4-2][11-3][20-1].wasm,2ce79b61b792873e99c4291d44c1c178
all5/Number_names/[1-2][4-2][11-4].wasm,2ce79b61b792873e99c4291d44c1c178
all5/Number_names/[1-2][4-2][11-4][20-1].wasm,2ce79b61b792873e99c4291d44c1c178
all5/Number_names/[1-2][4-2][20-1].wasm,2ce79b61b792873e99c4291d44c1c178
all5/Number_names/[1-2][4-3].wasm,2ce79b61b792873e99c4291d44c1c178
all5/Number_names/[1-2][4-3][11-1].wasm,2ce79b61b792873e99c4291d44c1c178
all5/Number_names/[1-2][4-3][11-1][20-1].wasm,2ce79b61b792873e99c4291d44c1c178
all5/Number_names/[1-2][4-3][11-2].wasm,2ce79b61b792873e99c4291d44c1c178
all5/Number_names/[1-2][4-3][11-2][20-1].wasm,2ce79b61b792873e99c4291d44c1c178
all5/Number_names/[1-2][4-3][11-3].wasm,2ce79b61b792873e99c4291d44c1c178
all5/Number_names/[1-2][4-3][11-3][20-1].wasm,2ce79b61b792873e99c4291d44c1c178
all5/Number_names/[1-2][4-3][11-4].wasm,2ce79b61b792873e99c4291d44c1c178
all5/Number_names/[1-2][4-3][11-4][20-1].wasm,2ce79b61b792873e99c4291d44c1c178
all5/Number_names/[1-2][4-3][20-1].wasm,2ce79b61b792873e99c4291d44c1c178
all5/Number_names/[1-2][4-4].wasm,2ce79b61b792873e99c4291d44c1c178
all5/Number_names/[1-2][4-4][11-1].wasm,2ce79b61b792873e99c4291d44c1c178
all5/Number_names/[1-2][4-4][11-1][20-1].wasm,2ce79b61b792873e99c4291d44c1c178
all5/Number_names/[1-2][4-4][11-2].wasm,2ce79b61b792873e99c4291d44c1c178
all5/Number_names/[1-2][4-4][11-2][20-1].wasm,2ce79b61b792873e99c4291d44c1c178
all5/Number_names/[1-2][4-4][11-3].wasm,2ce79b61b792873e99c4291d44c1c178
all5/Number_names/[1-2][4-4][11-3][20-1].wasm,2ce79b61b792873e99c4291d44c1c178
all5/Number_names/[1-2][4-4][11-4].wasm,2ce79b61b792873e99c4291d44c1c178
all5/Number_names/[1-2][4-4][11-4][20-1].wasm,2ce79b61b792873e99c4291d44c1c178
all5/Number_names/[1-2][4-4][20-1].wasm,2ce79b61b792873e99c4291d44c1c178
all5/Number_names/[1-2][4-5].wasm,2ce79b61b792873e99c4291d44c1c178
all5/Number_names/[1-2][4-5][11-1].wasm,2ce79b61b792873e99c4291d44c1c178
all5/Number_names/[1-2][4-5][11-1][20-1].wasm,2ce79b61b792873e99c4291d44c1c178
all5/Number_names/[1-2][4-5][11-2].wasm,2ce79b61b792873e99c4291d44c1c178
all5/Number_names/[1-2][4-5][11-2][20-1].wasm,2ce79b61b792873e99c4291d44c1c178
all5/Number_names/[1-2][4-5][11-3].wasm,2ce79b61b792873e99c4291d44c1c178
all5/Number_names/[1-2][4-5][11-3][20-1].wasm,2ce79b61b792873e99c4291d44c1c178
all5/Number_names/[1-2][4-5][11-4].wasm,2ce79b61b792873e99c4291d44c1c178
all5/Number_names/[1-2][4-5][11-4][20-1].wasm,2ce79b61b792873e99c4291d44c1c178
all5/Number_names/[1-2][4-5][20-1].wasm,2ce79b61b792873e99c4291d44c1c178
all5/Number_names/[1-3].wasm,2ce79b61b792873e99c4291d44c1c178
all5/Number_names/[1-3][11-1].wasm,2ce79b61b792873e99c4291d44c1c178
all5/Number_names/[1-3][11-1][20-1].wasm,2ce79b61b792873e99c4291d44c1c178
all5/Number_names/[1-3][11-2].wasm,2ce79b61b792873e99c4291d44c1c178
all5/Number_names/[1-3][11-2][20-1].wasm,2ce79b61b792873e99c4291d44c1c178
all5/Number_names/[1-3][11-3].wasm,2ce79b61b792873e99c4291d44c1c178
all5/Number_names/[1-3][11-3][20-1].wasm,2ce79b61b792873e99c4291d44c1c178
all5/Number_names/[1-3][11-4].wasm,2ce79b61b792873e99c4291d44c1c178
all5/Number_names/[1-3][11-4][20-1].wasm,2ce79b61b792873e99c4291d44c1c178
all5/Number_names/[1-3][20-1].wasm,2ce79b61b792873e99c4291d44c1c178
all5/Number_names/[1-3][4-1].wasm,2ce79b61b792873e99c4291d44c1c178
all5/Number_names/[1-3][4-1][11-1].wasm,2ce79b61b792873e99c4291d44c1c178
all5/Number_names/[1-3][4-1][11-1][20-1].wasm,2ce79b61b792873e99c4291d44c1c178
all5/Number_names/[1-3][4-1][11-2].wasm,2ce79b61b792873e99c4291d44c1c178
all5/Number_names/[1-3][4-1][11-2][20-1].wasm,2ce79b61b792873e99c4291d44c1c178
all5/Number_names/[1-3][4-1][11-3].wasm,2ce79b61b792873e99c4291d44c1c178
all5/Number_names/[1-3][4-1][11-3][20-1].wasm,2ce79b61b792873e99c4291d44c1c178
all5/Number_names/[1-3][4-1][11-4].wasm,2ce79b61b792873e99c4291d44c1c178
all5/Number_names/[1-3][4-1][11-4][20-1].wasm,2ce79b61b792873e99c4291d44c1c178
all5/Number_names/[1-3][4-1][20-1].wasm,2ce79b61b792873e99c4291d44c1c178
all5/Number_names/[1-3][4-2].wasm,2ce79b61b792873e99c4291d44c1c178
all5/Number_names/[1-3][4-2][11-1].wasm,2ce79b61b792873e99c4291d44c1c178
all5/Number_names/[1-3][4-2][11-1][20-1].wasm,2ce79b61b792873e99c4291d44c1c178
all5/Number_names/[1-3][4-2][11-2].wasm,2ce79b61b792873e99c4291d44c1c178
all5/Number_names/[1-3][4-2][11-2][20-1].wasm,2ce79b61b792873e99c4291d44c1c178
all5/Number_names/[1-3][4-2][11-3].wasm,2ce79b61b792873e99c4291d44c1c178
all5/Number_names/[1-3][4-2][11-3][20-1].wasm,2ce79b61b792873e99c4291d44c1c178
all5/Number_names/[1-3][4-2][11-4].wasm,2ce79b61b792873e99c4291d44c1c178
all5/Number_names/[1-3][4-2][11-4][20-1].wasm,2ce79b61b792873e99c4291d44c1c178
all5/Number_names/[1-3][4-2][20-1].wasm,2ce79b61b792873e99c4291d44c1c178
all5/Number_names/[1-3][4-3].wasm,2ce79b61b792873e99c4291d44c1c178
all5/Number_names/[1-3][4-3][11-1].wasm,2ce79b61b792873e99c4291d44c1c178
all5/Number_names/[1-3][4-3][11-1][20-1].wasm,2ce79b61b792873e99c4291d44c1c178
all5/Number_names/[1-3][4-3][11-2].wasm,2ce79b61b792873e99c4291d44c1c178
all5/Number_names/[1-3][4-3][11-2][20-1].wasm,2ce79b61b792873e99c4291d44c1c178
all5/Number_names/[1-3][4-3][11-3].wasm,2ce79b61b792873e99c4291d44c1c178
all5/Number_names/[1-3][4-3][11-3][20-1].wasm,2ce79b61b792873e99c4291d44c1c178
all5/Number_names/[1-3][4-3][11-4].wasm,2ce79b61b792873e99c4291d44c1c178
all5/Number_names/[1-3][4-3][11-4][20-1].wasm,2ce79b61b792873e99c4291d44c1c178
all5/Number_names/[1-3][4-3][20-1].wasm,2ce79b61b792873e99c4291d44c1c178
all5/Number_names/[1-3][4-4].wasm,2ce79b61b792873e99c4291d44c1c178
all5/Number_names/[1-3][4-4][11-1].wasm,2ce79b61b792873e99c4291d44c1c178
all5/Number_names/[1-3][4-4][11-1][20-1].wasm,2ce79b61b792873e99c4291d44c1c178
all5/Number_names/[1-3][4-4][11-2].wasm,2ce79b61b792873e99c4291d44c1c178
all5/Number_names/[1-3][4-4][11-2][20-1].wasm,2ce79b61b792873e99c4291d44c1c178
all5/Number_names/[1-3][4-4][11-3].wasm,2ce79b61b792873e99c4291d44c1c178
all5/Number_names/[1-3][4-4][11-3][20-1].wasm,2ce79b61b792873e99c4291d44c1c178
all5/Number_names/[1-3][4-4][11-4].wasm,2ce79b61b792873e99c4291d44c1c178
all5/Number_names/[1-3][4-4][11-4][20-1].wasm,2ce79b61b792873e99c4291d44c1c178
all5/Number_names/[1-3][4-4][20-1].wasm,2ce79b61b792873e99c4291d44c1c178
all5/Number_names/[1-3][4-5].wasm,2ce79b61b792873e99c4291d44c1c178
all5/Number_names/[1-3][4-5][11-1].wasm,2ce79b61b792873e99c4291d44c1c178
all5/Number_names/[1-3][4-5][11-1][20-1].wasm,2ce79b61b792873e99c4291d44c1c178
all5/Number_names/[1-3][4-5][11-2].wasm,2ce79b61b792873e99c4291d44c1c178
all5/Number_names/[1-3][4-5][11-2][20-1].wasm,2ce79b61b792873e99c4291d44c1c178
all5/Number_names/[1-3][4-5][11-3].wasm,2ce79b61b792873e99c4291d44c1c178
all5/Number_names/[1-3][4-5][11-3][20-1].wasm,2ce79b61b792873e99c4291d44c1c178
all5/Number_names/[1-3][4-5][11-4].wasm,2ce79b61b792873e99c4291d44c1c178
all5/Number_names/[1-3][4-5][11-4][20-1].wasm,2ce79b61b792873e99c4291d44c1c178
all5/Number_names/[1-3][4-5][20-1].wasm,2ce79b61b792873e99c4291d44c1c178
all5/Number_names/[1-4].wasm,2ce79b61b792873e99c4291d44c1c178
all5/Number_names/[1-4][11-1].wasm,2ce79b61b792873e99c4291d44c1c178
all5/Number_names/[1-4][11-1][20-1].wasm,2ce79b61b792873e99c4291d44c1c178
all5/Number_names/[1-4][11-2].wasm,2ce79b61b792873e99c4291d44c1c178
all5/Number_names/[1-4][11-2][20-1].wasm,2ce79b61b792873e99c4291d44c1c178
all5/Number_names/[1-4][11-3].wasm,2ce79b61b792873e99c4291d44c1c178
all5/Number_names/[1-4][11-3][20-1].wasm,2ce79b61b792873e99c4291d44c1c178
all5/Number_names/[1-4][11-4].wasm,2ce79b61b792873e99c4291d44c1c178
all5/Number_names/[1-4][11-4][20-1].wasm,2ce79b61b792873e99c4291d44c1c178
all5/Number_names/[1-4][20-1].wasm,2ce79b61b792873e99c4291d44c1c178
all5/Number_names/[1-4][4-1].wasm,2ce79b61b792873e99c4291d44c1c178
all5/Number_names/[1-4][4-1][11-1].wasm,2ce79b61b792873e99c4291d44c1c178
all5/Number_names/[1-4][4-1][11-1][20-1].wasm,2ce79b61b792873e99c4291d44c1c178
all5/Number_names/[1-4][4-1][11-2].wasm,2ce79b61b792873e99c4291d44c1c178
all5/Number_names/[1-4][4-1][11-2][20-1].wasm,2ce79b61b792873e99c4291d44c1c178
all5/Number_names/[1-4][4-1][11-3].wasm,2ce79b61b792873e99c4291d44c1c178
all5/Number_names/[1-4][4-1][11-3][20-1].wasm,2ce79b61b792873e99c4291d44c1c178
all5/Number_names/[1-4][4-1][11-4].wasm,2ce79b61b792873e99c4291d44c1c178
all5/Number_names/[1-4][4-1][11-4][20-1].wasm,2ce79b61b792873e99c4291d44c1c178
all5/Number_names/[1-4][4-1][20-1].wasm,2ce79b61b792873e99c4291d44c1c178
all5/Number_names/[1-4][4-2].wasm,2ce79b61b792873e99c4291d44c1c178
all5/Number_names/[1-4][4-2][11-1].wasm,2ce79b61b792873e99c4291d44c1c178
all5/Number_names/[1-4][4-2][11-1][20-1].wasm,2ce79b61b792873e99c4291d44c1c178
all5/Number_names/[1-4][4-2][11-2].wasm,2ce79b61b792873e99c4291d44c1c178
all5/Number_names/[1-4][4-2][11-2][20-1].wasm,2ce79b61b792873e99c4291d44c1c178
all5/Number_names/[1-4][4-2][11-3].wasm,2ce79b61b792873e99c4291d44c1c178
all5/Number_names/[1-4][4-2][11-3][20-1].wasm,2ce79b61b792873e99c4291d44c1c178
all5/Number_names/[1-4][4-2][11-4].wasm,2ce79b61b792873e99c4291d44c1c178
all5/Number_names/[1-4][4-2][11-4][20-1].wasm,2ce79b61b792873e99c4291d44c1c178
all5/Number_names/[1-4][4-2][20-1].wasm,2ce79b61b792873e99c4291d44c1c178
all5/Number_names/[1-4][4-3].wasm,2ce79b61b792873e99c4291d44c1c178
all5/Number_names/[1-4][4-3][11-1].wasm,2ce79b61b792873e99c4291d44c1c178
all5/Number_names/[1-4][4-3][11-1][20-1].wasm,2ce79b61b792873e99c4291d44c1c178
all5/Number_names/[1-4][4-3][11-2].wasm,2ce79b61b792873e99c4291d44c1c178
all5/Number_names/[1-4][4-3][11-2][20-1].wasm,2ce79b61b792873e99c4291d44c1c178
all5/Number_names/[1-4][4-3][11-3].wasm,2ce79b61b792873e99c4291d44c1c178
all5/Number_names/[1-4][4-3][11-3][20-1].wasm,2ce79b61b792873e99c4291d44c1c178
all5/Number_names/[1-4][4-3][11-4].wasm,2ce79b61b792873e99c4291d44c1c178
all5/Number_names/[1-4][4-3][11-4][20-1].wasm,2ce79b61b792873e99c4291d44c1c178
all5/Number_names/[1-4][4-3][20-1].wasm,2ce79b61b792873e99c4291d44c1c178
all5/Number_names/[1-4][4-4].wasm,2ce79b61b792873e99c4291d44c1c178
all5/Number_names/[1-4][4-4][11-1].wasm,2ce79b61b792873e99c4291d44c1c178
all5/Number_names/[1-4][4-4][11-1][20-1].wasm,2ce79b61b792873e99c4291d44c1c178
all5/Number_names/[1-4][4-4][11-2].wasm,2ce79b61b792873e99c4291d44c1c178
all5/Number_names/[1-4][4-4][11-2][20-1].wasm,2ce79b61b792873e99c4291d44c1c178
all5/Number_names/[1-4][4-4][11-3].wasm,2ce79b61b792873e99c4291d44c1c178
all5/Number_names/[1-4][4-4][11-3][20-1].wasm,2ce79b61b792873e99c4291d44c1c178
all5/Number_names/[1-4][4-4][11-4].wasm,2ce79b61b792873e99c4291d44c1c178
all5/Number_names/[1-4][4-4][11-4][20-1].wasm,2ce79b61b792873e99c4291d44c1c178
all5/Number_names/[1-4][4-4][20-1].wasm,2ce79b61b792873e99c4291d44c1c178
all5/Number_names/[1-4][4-5].wasm,2ce79b61b792873e99c4291d44c1c178
all5/Number_names/[1-4][4-5][11-1].wasm,2ce79b61b792873e99c4291d44c1c178
all5/Number_names/[1-4][4-5][11-1][20-1].wasm,2ce79b61b792873e99c4291d44c1c178
all5/Number_names/[1-4][4-5][11-2].wasm,2ce79b61b792873e99c4291d44c1c178
all5/Number_names/[1-4][4-5][11-2][20-1].wasm,2ce79b61b792873e99c4291d44c1c178
all5/Number_names/[1-4][4-5][11-3].wasm,2ce79b61b792873e99c4291d44c1c178
all5/Number_names/[1-4][4-5][11-3][20-1].wasm,2ce79b61b792873e99c4291d44c1c178
all5/Number_names/[1-4][4-5][11-4].wasm,2ce79b61b792873e99c4291d44c1c178
all5/Number_names/[1-4][4-5][11-4][20-1].wasm,2ce79b61b792873e99c4291d44c1c178
all5/Number_names/[1-4][4-5][20-1].wasm,2ce79b61b792873e99c4291d44c1c178
all5/Number_names/[1-5].wasm,2ce79b61b792873e99c4291d44c1c178
all5/Number_names/[1-5][11-1].wasm,2ce79b61b792873e99c4291d44c1c178
all5/Number_names/[1-5][11-1][20-1].wasm,2ce79b61b792873e99c4291d44c1c178
all5/Number_names/[1-5][11-2].wasm,2ce79b61b792873e99c4291d44c1c178
all5/Number_names/[1-5][11-2][20-1].wasm,2ce79b61b792873e99c4291d44c1c178
all5/Number_names/[1-5][11-3].wasm,2ce79b61b792873e99c4291d44c1c178
all5/Number_names/[1-5][11-3][20-1].wasm,2ce79b61b792873e99c4291d44c1c178
all5/Number_names/[1-5][11-4].wasm,2ce79b61b792873e99c4291d44c1c178
all5/Number_names/[1-5][11-4][20-1].wasm,2ce79b61b792873e99c4291d44c1c178
all5/Number_names/[1-5][20-1].wasm,2ce79b61b792873e99c4291d44c1c178
all5/Number_names/[1-5][4-1].wasm,2ce79b61b792873e99c4291d44c1c178
all5/Number_names/[1-5][4-1][11-1].wasm,2ce79b61b792873e99c4291d44c1c178
all5/Number_names/[1-5][4-1][11-1][20-1].wasm,2ce79b61b792873e99c4291d44c1c178
all5/Number_names/[1-5][4-1][11-2].wasm,2ce79b61b792873e99c4291d44c1c178
all5/Number_names/[1-5][4-1][11-2][20-1].wasm,2ce79b61b792873e99c4291d44c1c178
all5/Number_names/[1-5][4-1][11-3].wasm,2ce79b61b792873e99c4291d44c1c178
all5/Number_names/[1-5][4-1][11-3][20-1].wasm,2ce79b61b792873e99c4291d44c1c178
all5/Number_names/[1-5][4-1][11-4].wasm,2ce79b61b792873e99c4291d44c1c178
all5/Number_names/[1-5][4-1][11-4][20-1].wasm,2ce79b61b792873e99c4291d44c1c178
all5/Number_names/[1-5][4-1][20-1].wasm,2ce79b61b792873e99c4291d44c1c178
all5/Number_names/[1-5][4-2].wasm,2ce79b61b792873e99c4291d44c1c178
all5/Number_names/[1-5][4-2][11-1].wasm,2ce79b61b792873e99c4291d44c1c178
all5/Number_names/[1-5][4-2][11-1][20-1].wasm,2ce79b61b792873e99c4291d44c1c178
all5/Number_names/[1-5][4-2][11-2].wasm,2ce79b61b792873e99c4291d44c1c178
all5/Number_names/[1-5][4-2][11-2][20-1].wasm,2ce79b61b792873e99c4291d44c1c178
all5/Number_names/[1-5][4-2][11-3].wasm,2ce79b61b792873e99c4291d44c1c178
all5/Number_names/[1-5][4-2][11-3][20-1].wasm,2ce79b61b792873e99c4291d44c1c178
all5/Number_names/[1-5][4-2][11-4].wasm,2ce79b61b792873e99c4291d44c1c178
all5/Number_names/[1-5][4-2][11-4][20-1].wasm,2ce79b61b792873e99c4291d44c1c178
all5/Number_names/[1-5][4-2][20-1].wasm,2ce79b61b792873e99c4291d44c1c178
all5/Number_names/[1-5][4-3].wasm,2ce79b61b792873e99c4291d44c1c178
all5/Number_names/[1-5][4-3][11-1].wasm,2ce79b61b792873e99c4291d44c1c178
all5/Number_names/[1-5][4-3][11-1][20-1].wasm,2ce79b61b792873e99c4291d44c1c178
all5/Number_names/[1-5][4-3][11-2].wasm,2ce79b61b792873e99c4291d44c1c178
all5/Number_names/[1-5][4-3][11-2][20-1].wasm,2ce79b61b792873e99c4291d44c1c178
all5/Number_names/[1-5][4-3][11-3].wasm,2ce79b61b792873e99c4291d44c1c178
all5/Number_names/[1-5][4-3][11-3][20-1].wasm,2ce79b61b792873e99c4291d44c1c178
all5/Number_names/[1-5][4-3][11-4].wasm,2ce79b61b792873e99c4291d44c1c178
all5/Number_names/[1-5][4-3][11-4][20-1].wasm,2ce79b61b792873e99c4291d44c1c178
all5/Number_names/[1-5][4-3][20-1].wasm,2ce79b61b792873e99c4291d44c1c178
all5/Number_names/[1-5][4-4].wasm,2ce79b61b792873e99c4291d44c1c178
all5/Number_names/[1-5][4-4][11-1].wasm,2ce79b61b792873e99c4291d44c1c178
all5/Number_names/[1-5][4-4][11-1][20-1].wasm,2ce79b61b792873e99c4291d44c1c178
all5/Number_names/[1-5][4-4][11-2].wasm,2ce79b61b792873e99c4291d44c1c178
all5/Number_names/[1-5][4-4][11-2][20-1].wasm,2ce79b61b792873e99c4291d44c1c178
all5/Number_names/[1-5][4-4][11-3].wasm,2ce79b61b792873e99c4291d44c1c178
all5/Number_names/[1-5][4-4][11-3][20-1].wasm,2ce79b61b792873e99c4291d44c1c178
all5/Number_names/[1-5][4-4][11-4].wasm,2ce79b61b792873e99c4291d44c1c178
all5/Number_names/[1-5][4-4][11-4][20-1].wasm,2ce79b61b792873e99c4291d44c1c178
all5/Number_names/[1-5][4-4][20-1].wasm,2ce79b61b792873e99c4291d44c1c178
all5/Number_names/[1-5][4-5].wasm,2ce79b61b792873e99c4291d44c1c178
all5/Number_names/[1-5][4-5][11-1].wasm,2ce79b61b792873e99c4291d44c1c178
all5/Number_names/[1-5][4-5][11-1][20-1].wasm,2ce79b61b792873e99c4291d44c1c178
all5/Number_names/[1-5][4-5][11-2].wasm,2ce79b61b792873e99c4291d44c1c178
all5/Number_names/[1-5][4-5][11-2][20-1].wasm,2ce79b61b792873e99c4291d44c1c178
all5/Number_names/[1-5][4-5][11-3].wasm,2ce79b61b792873e99c4291d44c1c178
all5/Number_names/[1-5][4-5][11-3][20-1].wasm,2ce79b61b792873e99c4291d44c1c178
all5/Number_names/[1-5][4-5][11-4].wasm,2ce79b61b792873e99c4291d44c1c178
all5/Number_names/[1-5][4-5][11-4][20-1].wasm,2ce79b61b792873e99c4291d44c1c178
all5/Number_names/[1-5][4-5][20-1].wasm,2ce79b61b792873e99c4291d44c1c178
all5/Number_names/[1-6].wasm,2ce79b61b792873e99c4291d44c1c178
all5/Number_names/[1-6][11-1].wasm,2ce79b61b792873e99c4291d44c1c178
all5/Number_names/[1-6][11-1][20-1].wasm,2ce79b61b792873e99c4291d44c1c178
all5/Number_names/[1-6][11-2].wasm,2ce79b61b792873e99c4291d44c1c178
all5/Number_names/[1-6][11-2][20-1].wasm,2ce79b61b792873e99c4291d44c1c178
all5/Number_names/[1-6][11-3].wasm,2ce79b61b792873e99c4291d44c1c178
all5/Number_names/[1-6][11-3][20-1].wasm,2ce79b61b792873e99c4291d44c1c178
all5/Number_names/[1-6][11-4].wasm,2ce79b61b792873e99c4291d44c1c178
all5/Number_names/[1-6][11-4][20-1].wasm,2ce79b61b792873e99c4291d44c1c178
all5/Number_names/[1-6][20-1].wasm,2ce79b61b792873e99c4291d44c1c178
all5/Number_names/[1-6][4-1].wasm,2ce79b61b792873e99c4291d44c1c178
all5/Number_names/[1-6][4-1][11-1].wasm,2ce79b61b792873e99c4291d44c1c178
all5/Number_names/[1-6][4-1][11-1][20-1].wasm,2ce79b61b792873e99c4291d44c1c178
all5/Number_names/[1-6][4-1][11-2].wasm,2ce79b61b792873e99c4291d44c1c178
all5/Number_names/[1-6][4-1][11-2][20-1].wasm,2ce79b61b792873e99c4291d44c1c178
all5/Number_names/[1-6][4-1][11-3].wasm,2ce79b61b792873e99c4291d44c1c178
all5/Number_names/[1-6][4-1][11-3][20-1].wasm,2ce79b61b792873e99c4291d44c1c178
all5/Number_names/[1-6][4-1][11-4].wasm,2ce79b61b792873e99c4291d44c1c178
all5/Number_names/[1-6][4-1][11-4][20-1].wasm,2ce79b61b792873e99c4291d44c1c178
all5/Number_names/[1-6][4-1][20-1].wasm,2ce79b61b792873e99c4291d44c1c178
all5/Number_names/[1-6][4-2].wasm,2ce79b61b792873e99c4291d44c1c178
all5/Number_names/[1-6][4-2][11-1].wasm,2ce79b61b792873e99c4291d44c1c178
all5/Number_names/[1-6][4-2][11-1][20-1].wasm,2ce79b61b792873e99c4291d44c1c178
all5/Number_names/[1-6][4-2][11-2].wasm,2ce79b61b792873e99c4291d44c1c178
all5/Number_names/[1-6][4-2][11-2][20-1].wasm,2ce79b61b792873e99c4291d44c1c178
all5/Number_names/[1-6][4-2][11-3].wasm,2ce79b61b792873e99c4291d44c1c178
all5/Number_names/[1-6][4-2][11-3][20-1].wasm,2ce79b61b792873e99c4291d44c1c178
all5/Number_names/[1-6][4-2][11-4].wasm,2ce79b61b792873e99c4291d44c1c178
all5/Number_names/[1-6][4-2][11-4][20-1].wasm,2ce79b61b792873e99c4291d44c1c178
all5/Number_names/[1-6][4-2][20-1].wasm,2ce79b61b792873e99c4291d44c1c178
all5/Number_names/[1-6][4-3].wasm,2ce79b61b792873e99c4291d44c1c178
all5/Number_names/[1-6][4-3][11-1].wasm,2ce79b61b792873e99c4291d44c1c178
all5/Number_names/[1-6][4-3][11-1][20-1].wasm,2ce79b61b792873e99c4291d44c1c178
all5/Number_names/[1-6][4-3][11-2].wasm,2ce79b61b792873e99c4291d44c1c178
all5/Number_names/[1-6][4-3][11-2][20-1].wasm,2ce79b61b792873e99c4291d44c1c178
all5/Number_names/[1-6][4-3][11-3].wasm,2ce79b61b792873e99c4291d44c1c178
all5/Number_names/[1-6][4-3][11-3][20-1].wasm,2ce79b61b792873e99c4291d44c1c178
all5/Number_names/[1-6][4-3][11-4].wasm,2ce79b61b792873e99c4291d44c1c178
all5/Number_names/[1-6][4-3][11-4][20-1].wasm,2ce79b61b792873e99c4291d44c1c178
all5/Number_names/[1-6][4-3][20-1].wasm,2ce79b61b792873e99c4291d44c1c178
all5/Number_names/[1-6][4-4].wasm,2ce79b61b792873e99c4291d44c1c178
all5/Number_names/[1-6][4-4][11-1].wasm,2ce79b61b792873e99c4291d44c1c178
all5/Number_names/[1-6][4-4][11-1][20-1].wasm,2ce79b61b792873e99c4291d44c1c178
all5/Number_names/[1-6][4-4][11-2].wasm,2ce79b61b792873e99c4291d44c1c178
all5/Number_names/[1-6][4-4][11-2][20-1].wasm,2ce79b61b792873e99c4291d44c1c178
all5/Number_names/[1-6][4-4][11-3].wasm,2ce79b61b792873e99c4291d44c1c178
all5/Number_names/[1-6][4-4][11-3][20-1].wasm,2ce79b61b792873e99c4291d44c1c178
all5/Number_names/[1-6][4-4][11-4].wasm,2ce79b61b792873e99c4291d44c1c178
all5/Number_names/[1-6][4-4][11-4][20-1].wasm,2ce79b61b792873e99c4291d44c1c178
all5/Number_names/[1-6][4-4][20-1].wasm,2ce79b61b792873e99c4291d44c1c178
all5/Number_names/[1-6][4-5].wasm,2ce79b61b792873e99c4291d44c1c178
all5/Number_names/[1-6][4-5][11-1].wasm,2ce79b61b792873e99c4291d44c1c178
all5/Number_names/[1-6][4-5][11-1][20-1].wasm,2ce79b61b792873e99c4291d44c1c178
all5/Number_names/[1-6][4-5][11-2].wasm,2ce79b61b792873e99c4291d44c1c178
all5/Number_names/[1-6][4-5][11-2][20-1].wasm,2ce79b61b792873e99c4291d44c1c178
all5/Number_names/[1-6][4-5][11-3].wasm,2ce79b61b792873e99c4291d44c1c178
all5/Number_names/[1-6][4-5][11-3][20-1].wasm,2ce79b61b792873e99c4291d44c1c178
all5/Number_names/[1-6][4-5][11-4].wasm,2ce79b61b792873e99c4291d44c1c178
all5/Number_names/[1-6][4-5][11-4][20-1].wasm,2ce79b61b792873e99c4291d44c1c178
all5/Number_names/[1-6][4-5][20-1].wasm,2ce79b61b792873e99c4291d44c1c178
all5/Number_names/[1-7].wasm,2ce79b61b792873e99c4291d44c1c178
all5/Number_names/[1-7][11-1].wasm,2ce79b61b792873e99c4291d44c1c178
all5/Number_names/[1-7][11-1][20-1].wasm,2ce79b61b792873e99c4291d44c1c178
all5/Number_names/[1-7][11-2].wasm,2ce79b61b792873e99c4291d44c1c178
all5/Number_names/[1-7][11-2][20-1].wasm,2ce79b61b792873e99c4291d44c1c178
all5/Number_names/[1-7][11-3].wasm,2ce79b61b792873e99c4291d44c1c178
all5/Number_names/[1-7][11-3][20-1].wasm,2ce79b61b792873e99c4291d44c1c178
all5/Number_names/[1-7][11-4].wasm,2ce79b61b792873e99c4291d44c1c178
all5/Number_names/[1-7][11-4][20-1].wasm,2ce79b61b792873e99c4291d44c1c178
all5/Number_names/[1-7][20-1].wasm,2ce79b61b792873e99c4291d44c1c178
all5/Number_names/[1-7][4-1].wasm,2ce79b61b792873e99c4291d44c1c178
all5/Number_names/[1-7][4-1][11-1].wasm,2ce79b61b792873e99c4291d44c1c178
all5/Number_names/[1-7][4-1][11-1][20-1].wasm,2ce79b61b792873e99c4291d44c1c178
all5/Number_names/[1-7][4-1][11-2].wasm,2ce79b61b792873e99c4291d44c1c178
all5/Number_names/[1-7][4-1][11-2][20-1].wasm,2ce79b61b792873e99c4291d44c1c178
all5/Number_names/[1-7][4-1][11-3].wasm,2ce79b61b792873e99c4291d44c1c178
all5/Number_names/[1-7][4-1][11-3][20-1].wasm,2ce79b61b792873e99c4291d44c1c178
all5/Number_names/[1-7][4-1][11-4].wasm,2ce79b61b792873e99c4291d44c1c178
all5/Number_names/[1-7][4-1][11-4][20-1].wasm,2ce79b61b792873e99c4291d44c1c178
all5/Number_names/[1-7][4-1][20-1].wasm,2ce79b61b792873e99c4291d44c1c178
all5/Number_names/[1-7][4-2].wasm,2ce79b61b792873e99c4291d44c1c178
all5/Number_names/[1-7][4-2][11-1].wasm,2ce79b61b792873e99c4291d44c1c178
all5/Number_names/[1-7][4-2][11-1][20-1].wasm,2ce79b61b792873e99c4291d44c1c178
all5/Number_names/[1-7][4-2][11-2].wasm,2ce79b61b792873e99c4291d44c1c178
all5/Number_names/[1-7][4-2][11-2][20-1].wasm,2ce79b61b792873e99c4291d44c1c178
all5/Number_names/[1-7][4-2][11-3].wasm,2ce79b61b792873e99c4291d44c1c178
all5/Number_names/[1-7][4-2][11-3][20-1].wasm,2ce79b61b792873e99c4291d44c1c178
all5/Number_names/[1-7][4-2][11-4].wasm,2ce79b61b792873e99c4291d44c1c178
all5/Number_names/[1-7][4-2][11-4][20-1].wasm,2ce79b61b792873e99c4291d44c1c178
all5/Number_names/[1-7][4-2][20-1].wasm,2ce79b61b792873e99c4291d44c1c178
all5/Number_names/[1-7][4-3].wasm,2ce79b61b792873e99c4291d44c1c178
all5/Number_names/[1-7][4-3][11-1].wasm,2ce79b61b792873e99c4291d44c1c178
all5/Number_names/[1-7][4-3][11-1][20-1].wasm,2ce79b61b792873e99c4291d44c1c178
all5/Number_names/[1-7][4-3][11-2].wasm,2ce79b61b792873e99c4291d44c1c178
all5/Number_names/[1-7][4-3][11-2][20-1].wasm,2ce79b61b792873e99c4291d44c1c178
all5/Number_names/[1-7][4-3][11-3].wasm,2ce79b61b792873e99c4291d44c1c178
all5/Number_names/[1-7][4-3][11-3][20-1].wasm,2ce79b61b792873e99c4291d44c1c178
all5/Number_names/[1-7][4-3][11-4].wasm,2ce79b61b792873e99c4291d44c1c178
all5/Number_names/[1-7][4-3][11-4][20-1].wasm,2ce79b61b792873e99c4291d44c1c178
all5/Number_names/[1-7][4-3][20-1].wasm,2ce79b61b792873e99c4291d44c1c178
all5/Number_names/[1-7][4-4].wasm,2ce79b61b792873e99c4291d44c1c178
all5/Number_names/[1-7][4-4][11-1].wasm,2ce79b61b792873e99c4291d44c1c178
all5/Number_names/[1-7][4-4][11-1][20-1].wasm,2ce79b61b792873e99c4291d44c1c178
all5/Number_names/[1-7][4-4][11-2].wasm,2ce79b61b792873e99c4291d44c1c178
all5/Number_names/[1-7][4-4][11-2][20-1].wasm,2ce79b61b792873e99c4291d44c1c178
all5/Number_names/[1-7][4-4][11-3].wasm,2ce79b61b792873e99c4291d44c1c178
all5/Number_names/[1-7][4-4][11-3][20-1].wasm,2ce79b61b792873e99c4291d44c1c178
all5/Number_names/[1-7][4-4][11-4].wasm,2ce79b61b792873e99c4291d44c1c178
all5/Number_names/[1-7][4-4][11-4][20-1].wasm,2ce79b61b792873e99c4291d44c1c178
all5/Number_names/[1-7][4-4][20-1].wasm,2ce79b61b792873e99c4291d44c1c178
all5/Number_names/[1-7][4-5].wasm,2ce79b61b792873e99c4291d44c1c178
all5/Number_names/[1-7][4-5][11-1].wasm,2ce79b61b792873e99c4291d44c1c178
all5/Number_names/[1-7][4-5][11-2].wasm,2ce79b61b792873e99c4291d44c1c178
all5/Number_names/[1-7][4-5][11-3].wasm,2ce79b61b792873e99c4291d44c1c178
all5/Number_names/[1-7][4-5][11-4].wasm,2ce79b61b792873e99c4291d44c1c178
all5/Number_names/[1-7][4-5][20-1].wasm,2ce79b61b792873e99c4291d44c1c178
all5/Number_names/[1-8].wasm,2ce79b61b792873e99c4291d44c1c178
all5/Number_names/[1-9].wasm,b930488c818b988457bee279e13dfd50
all5/Number_names/[11-1].wasm,2ce79b61b792873e99c4291d44c1c178
all5/Number_names/[11-1][20-1].wasm,2ce79b61b792873e99c4291d44c1c178
all5/Number_names/[11-2].wasm,2ce79b61b792873e99c4291d44c1c178
all5/Number_names/[11-2][20-1].wasm,2ce79b61b792873e99c4291d44c1c178
all5/Number_names/[11-3].wasm,2ce79b61b792873e99c4291d44c1c178
all5/Number_names/[11-3][20-1].wasm,2ce79b61b792873e99c4291d44c1c178
all5/Number_names/[11-4].wasm,2ce79b61b792873e99c4291d44c1c178
all5/Number_names/[11-4][20-1].wasm,2ce79b61b792873e99c4291d44c1c178
all5/Number_names/[14-1].wasm,2053f9e9c7143dc182192276a40378c1
all5/Number_names/[14-1][25-1].wasm,944a64529841df7468aff8c091d690ac
all5/Number_names/[14-1][25-1][40-1].wasm,944a64529841df7468aff8c091d690ac
all5/Number_names/[14-1][25-1][40-1][52-1].wasm,6077e4cf414fb73e1e50f5e14c553ac4
all5/Number_names/[14-1][25-1][40-1][52-1][72-1].wasm,6077e4cf414fb73e1e50f5e14c553ac4
all5/Number_names/[14-1][25-1][40-1][52-1][72-1][79-1].wasm,6077e4cf414fb73e1e50f5e14c553ac4
all5/Number_names/[14-1][25-1][40-1][52-1][72-1][79-1][80-1].wasm,6077e4cf414fb73e1e50f5e14c553ac4
all5/Number_names/[14-1][25-1][40-1][52-1][72-1][80-1].wasm,6077e4cf414fb73e1e50f5e14c553ac4
all5/Number_names/[14-1][25-1][40-1][52-1][79-1].wasm,6077e4cf414fb73e1e50f5e14c553ac4
all5/Number_names/[14-1][25-1][40-1][52-1][79-1][80-1].wasm,6077e4cf414fb73e1e50f5e14c553ac4
all5/Number_names/[14-1][25-1][40-1][52-1][80-1].wasm,6077e4cf414fb73e1e50f5e14c553ac4
all5/Number_names/[14-1][25-1][40-1][72-1].wasm,944a64529841df7468aff8c091d690ac
all5/Number_names/[14-1][25-1][40-1][72-1][79-1].wasm,944a64529841df7468aff8c091d690ac
all5/Number_names/[14-1][25-1][40-1][72-1][79-1][80-1].wasm,944a64529841df7468aff8c091d690ac
all5/Number_names/[14-1][25-1][40-1][72-1][80-1].wasm,944a64529841df7468aff8c091d690ac
all5/Number_names/[14-1][25-1][40-1][79-1].wasm,944a64529841df7468aff8c091d690ac
all5/Number_names/[14-1][25-1][40-1][79-1][80-1].wasm,944a64529841df7468aff8c091d690ac
all5/Number_names/[14-1][25-1][40-1][80-1].wasm,944a64529841df7468aff8c091d690ac
all5/Number_names/[14-1][25-1][47-1].wasm,f6eee07c00bf76985edd672a63a0798b
all5/Number_names/[14-1][25-1][47-1][52-1].wasm,ea61892c7dbd364b907841901dda3916
all5/Number_names/[14-1][25-1][47-1][52-1][72-1].wasm,ea61892c7dbd364b907841901dda3916
all5/Number_names/[14-1][25-1][47-1][52-1][72-1][79-1].wasm,ea61892c7dbd364b907841901dda3916
all5/Number_names/[14-1][25-1][47-1][52-1][72-1][79-1][80-1].wasm,ea61892c7dbd364b907841901dda3916
all5/Number_names/[14-1][25-1][47-1][52-1][72-1][80-1].wasm,ea61892c7dbd364b907841901dda3916
all5/Number_names/[14-1][25-1][47-1][52-1][79-1].wasm,ea61892c7dbd364b907841901dda3916
all5/Number_names/[14-1][25-1][47-1][52-1][79-1][80-1].wasm,ea61892c7dbd364b907841901dda3916
all5/Number_names/[14-1][25-1][47-1][52-1][80-1].wasm,ea61892c7dbd364b907841901dda3916
all5/Number_names/[14-1][25-1][47-1][72-1].wasm,f6eee07c00bf76985edd672a63a0798b
all5/Number_names/[14-1][25-1][47-1][72-1][79-1].wasm,f6eee07c00bf76985edd672a63a0798b
all5/Number_names/[14-1][25-1][47-1][72-1][79-1][80-1].wasm,f6eee07c00bf76985edd672a63a0798b
all5/Number_names/[14-1][25-1][47-1][72-1][80-1].wasm,f6eee07c00bf76985edd672a63a0798b
all5/Number_names/[14-1][25-1][47-1][79-1].wasm,f6eee07c00bf76985edd672a63a0798b
all5/Number_names/[14-1][25-1][47-1][79-1][80-1].wasm,f6eee07c00bf76985edd672a63a0798b
all5/Number_names/[14-1][25-1][47-1][80-1].wasm,f6eee07c00bf76985edd672a63a0798b
all5/Number_names/[14-1][25-1][52-1].wasm,6077e4cf414fb73e1e50f5e14c553ac4
all5/Number_names/[14-1][25-1][52-1][72-1].wasm,6077e4cf414fb73e1e50f5e14c553ac4
all5/Number_names/[14-1][25-1][52-1][72-1][79-1].wasm,6077e4cf414fb73e1e50f5e14c553ac4
all5/Number_names/[14-1][25-1][52-1][72-1][79-1][80-1].wasm,6077e4cf414fb73e1e50f5e14c553ac4
all5/Number_names/[14-1][25-1][52-1][72-1][80-1].wasm,6077e4cf414fb73e1e50f5e14c553ac4
all5/Number_names/[14-1][25-1][52-1][79-1].wasm,6077e4cf414fb73e1e50f5e14c553ac4
all5/Number_names/[14-1][25-1][52-1][79-1][80-1].wasm,6077e4cf414fb73e1e50f5e14c553ac4
all5/Number_names/[14-1][25-1][52-1][80-1].wasm,6077e4cf414fb73e1e50f5e14c553ac4
all5/Number_names/[14-1][25-1][72-1].wasm,944a64529841df7468aff8c091d690ac
all5/Number_names/[14-1][25-1][72-1][79-1].wasm,944a64529841df7468aff8c091d690ac
all5/Number_names/[14-1][25-1][72-1][79-1][80-1].wasm,944a64529841df7468aff8c091d690ac
all5/Number_names/[14-1][25-1][72-1][80-1].wasm,944a64529841df7468aff8c091d690ac
all5/Number_names/[14-1][25-1][79-1].wasm,944a64529841df7468aff8c091d690ac
all5/Number_names/[14-1][25-1][79-1][80-1].wasm,944a64529841df7468aff8c091d690ac
all5/Number_names/[14-1][25-1][80-1].wasm,944a64529841df7468aff8c091d690ac
all5/Number_names/[14-1][40-1].wasm,2053f9e9c7143dc182192276a40378c1
all5/Number_names/[14-1][40-1][47-1].wasm,bbf202c3c78955b86e608c70a42e925a
all5/Number_names/[14-1][40-1][47-1][52-1].wasm,8f90c20f54522632e33276ebbe00cb65
all5/Number_names/[14-1][40-1][47-1][52-1][72-1].wasm,8f90c20f54522632e33276ebbe00cb65
all5/Number_names/[14-1][40-1][47-1][52-1][72-1][79-1].wasm,8f90c20f54522632e33276ebbe00cb65
all5/Number_names/[14-1][40-1][47-1][52-1][72-1][79-1][80-1].wasm,8f90c20f54522632e33276ebbe00cb65
all5/Number_names/[14-1][40-1][47-1][52-1][72-1][80-1].wasm,8f90c20f54522632e33276ebbe00cb65
all5/Number_names/[14-1][40-1][47-1][52-1][79-1].wasm,8f90c20f54522632e33276ebbe00cb65
all5/Number_names/[14-1][40-1][47-1][52-1][79-1][80-1].wasm,8f90c20f54522632e33276ebbe00cb65
all5/Number_names/[14-1][40-1][47-1][52-1][80-1].wasm,8f90c20f54522632e33276ebbe00cb65
all5/Number_names/[14-1][40-1][47-1][72-1].wasm,bbf202c3c78955b86e608c70a42e925a
all5/Number_names/[14-1][40-1][47-1][72-1][79-1].wasm,bbf202c3c78955b86e608c70a42e925a
all5/Number_names/[14-1][40-1][47-1][72-1][79-1][80-1].wasm,bbf202c3c78955b86e608c70a42e925a
all5/Number_names/[14-1][40-1][47-1][72-1][80-1].wasm,bbf202c3c78955b86e608c70a42e925a
all5/Number_names/[14-1][40-1][47-1][79-1].wasm,bbf202c3c78955b86e608c70a42e925a
all5/Number_names/[14-1][40-1][47-1][79-1][80-1].wasm,bbf202c3c78955b86e608c70a42e925a
all5/Number_names/[14-1][40-1][47-1][80-1].wasm,bbf202c3c78955b86e608c70a42e925a
all5/Number_names/[14-1][40-1][52-1].wasm,7cec2876ec2b10b02ed8ea82d2e23ec5
all5/Number_names/[14-1][40-1][52-1][72-1].wasm,7cec2876ec2b10b02ed8ea82d2e23ec5
all5/Number_names/[14-1][40-1][52-1][72-1][79-1].wasm,7cec2876ec2b10b02ed8ea82d2e23ec5
all5/Number_names/[14-1][40-1][52-1][72-1][79-1][80-1].wasm,7cec2876ec2b10b02ed8ea82d2e23ec5
all5/Number_names/[14-1][40-1][52-1][72-1][80-1].wasm,7cec2876ec2b10b02ed8ea82d2e23ec5
all5/Number_names/[14-1][40-1][52-1][79-1].wasm,7cec2876ec2b10b02ed8ea82d2e23ec5
all5/Number_names/[14-1][40-1][52-1][79-1][80-1].wasm,7cec2876ec2b10b02ed8ea82d2e23ec5
all5/Number_names/[14-1][40-1][52-1][80-1].wasm,7cec2876ec2b10b02ed8ea82d2e23ec5
all5/Number_names/[14-1][40-1][72-1].wasm,2053f9e9c7143dc182192276a40378c1
all5/Number_names/[14-1][40-1][72-1][79-1].wasm,2053f9e9c7143dc182192276a40378c1
all5/Number_names/[14-1][40-1][72-1][79-1][80-1].wasm,2053f9e9c7143dc182192276a40378c1
all5/Number_names/[14-1][40-1][72-1][80-1].wasm,2053f9e9c7143dc182192276a40378c1
all5/Number_names/[14-1][40-1][79-1].wasm,2053f9e9c7143dc182192276a40378c1
all5/Number_names/[14-1][40-1][79-1][80-1].wasm,2053f9e9c7143dc182192276a40378c1
all5/Number_names/[14-1][40-1][80-1].wasm,2053f9e9c7143dc182192276a40378c1
all5/Number_names/[14-1][47-1].wasm,bbf202c3c78955b86e608c70a42e925a
all5/Number_names/[14-1][47-1][52-1].wasm,8f90c20f54522632e33276ebbe00cb65
all5/Number_names/[14-1][47-1][52-1][72-1].wasm,8f90c20f54522632e33276ebbe00cb65
all5/Number_names/[14-1][47-1][52-1][72-1][79-1].wasm,8f90c20f54522632e33276ebbe00cb65
all5/Number_names/[14-1][47-1][52-1][72-1][79-1][80-1].wasm,8f90c20f54522632e33276ebbe00cb65
all5/Number_names/[14-1][47-1][52-1][72-1][80-1].wasm,8f90c20f54522632e33276ebbe00cb65
all5/Number_names/[14-1][47-1][52-1][79-1].wasm,8f90c20f54522632e33276ebbe00cb65
all5/Number_names/[14-1][47-1][52-1][79-1][80-1].wasm,8f90c20f54522632e33276ebbe00cb65
all5/Number_names/[14-1][47-1][52-1][80-1].wasm,8f90c20f54522632e33276ebbe00cb65
all5/Number_names/[14-1][47-1][72-1].wasm,bbf202c3c78955b86e608c70a42e925a
all5/Number_names/[14-1][47-1][72-1][79-1].wasm,bbf202c3c78955b86e608c70a42e925a
all5/Number_names/[14-1][47-1][72-1][79-1][80-1].wasm,bbf202c3c78955b86e608c70a42e925a
all5/Number_names/[14-1][47-1][72-1][80-1].wasm,bbf202c3c78955b86e608c70a42e925a
all5/Number_names/[14-1][47-1][79-1].wasm,bbf202c3c78955b86e608c70a42e925a
all5/Number_names/[14-1][47-1][79-1][80-1].wasm,bbf202c3c78955b86e608c70a42e925a
all5/Number_names/[14-1][47-1][80-1].wasm,bbf202c3c78955b86e608c70a42e925a
all5/Number_names/[14-1][52-1].wasm,7cec2876ec2b10b02ed8ea82d2e23ec5
all5/Number_names/[14-1][52-1][72-1].wasm,7cec2876ec2b10b02ed8ea82d2e23ec5
all5/Number_names/[14-1][52-1][72-1][79-1].wasm,7cec2876ec2b10b02ed8ea82d2e23ec5
all5/Number_names/[14-1][52-1][72-1][79-1][80-1].wasm,7cec2876ec2b10b02ed8ea82d2e23ec5
all5/Number_names/[14-1][52-1][72-1][80-1].wasm,7cec2876ec2b10b02ed8ea82d2e23ec5
all5/Number_names/[14-1][52-1][79-1].wasm,7cec2876ec2b10b02ed8ea82d2e23ec5
all5/Number_names/[14-1][52-1][79-1][80-1].wasm,7cec2876ec2b10b02ed8ea82d2e23ec5
all5/Number_names/[14-1][52-1][80-1].wasm,7cec2876ec2b10b02ed8ea82d2e23ec5
all5/Number_names/[14-1][72-1].wasm,2053f9e9c7143dc182192276a40378c1
all5/Number_names/[14-1][72-1][79-1].wasm,2053f9e9c7143dc182192276a40378c1
all5/Number_names/[14-1][72-1][79-1][80-1].wasm,2053f9e9c7143dc182192276a40378c1
all5/Number_names/[14-1][72-1][80-1].wasm,2053f9e9c7143dc182192276a40378c1
all5/Number_names/[14-1][79-1].wasm,2053f9e9c7143dc182192276a40378c1
all5/Number_names/[14-1][79-1][80-1].wasm,2053f9e9c7143dc182192276a40378c1
all5/Number_names/[14-1][80-1].wasm,2053f9e9c7143dc182192276a40378c1
all5/Number_names/[20-1].wasm,2ce79b61b792873e99c4291d44c1c178
all5/Number_names/[23-1].wasm,f6eee07c00bf76985edd672a63a0798b
all5/Number_names/[23-1][30-1][43-1][44-1][47-1].wasm,944a64529841df7468aff8c091d690ac
all5/Number_names/[23-1][30-1][43-1][44-1][47-1][52-1].wasm,6077e4cf414fb73e1e50f5e14c553ac4
all5/Number_names/[23-1][30-1][43-1][44-1][52-1].wasm,ea61892c7dbd364b907841901dda3916
all5/Number_names/[25-1].wasm,f6eee07c00bf76985edd672a63a0798b
all5/Number_names/[25-1][40-1].wasm,f6eee07c00bf76985edd672a63a0798b
all5/Number_names/[25-1][40-1][47-1].wasm,989e4ed1593d1d66f7e3ea26e5857c9b
all5/Number_names/[25-1][40-1][47-1][52-1].wasm,989799172bcf85400b80fb6be8ea10d8
all5/Number_names/[25-1][40-1][47-1][52-1][72-1].wasm,989799172bcf85400b80fb6be8ea10d8
all5/Number_names/[25-1][40-1][47-1][52-1][72-1][79-1].wasm,989799172bcf85400b80fb6be8ea10d8
all5/Number_names/[25-1][40-1][47-1][52-1][72-1][79-1][80-1].wasm,989799172bcf85400b80fb6be8ea10d8
all5/Number_names/[25-1][40-1][47-1][52-1][72-1][80-1].wasm,989799172bcf85400b80fb6be8ea10d8
all5/Number_names/[25-1][40-1][47-1][52-1][79-1].wasm,989799172bcf85400b80fb6be8ea10d8
all5/Number_names/[25-1][40-1][47-1][52-1][79-1][80-1].wasm,989799172bcf85400b80fb6be8ea10d8
all5/Number_names/[25-1][40-1][47-1][52-1][80-1].wasm,989799172bcf85400b80fb6be8ea10d8
all5/Number_names/[25-1][40-1][47-1][72-1].wasm,989e4ed1593d1d66f7e3ea26e5857c9b
all5/Number_names/[25-1][40-1][47-1][72-1][79-1].wasm,989e4ed1593d1d66f7e3ea26e5857c9b
all5/Number_names/[25-1][40-1][47-1][72-1][79-1][80-1].wasm,989e4ed1593d1d66f7e3ea26e5857c9b
all5/Number_names/[25-1][40-1][47-1][72-1][80-1].wasm,989e4ed1593d1d66f7e3ea26e5857c9b
all5/Number_names/[25-1][40-1][47-1][79-1].wasm,989e4ed1593d1d66f7e3ea26e5857c9b
all5/Number_names/[25-1][40-1][47-1][79-1][80-1].wasm,989e4ed1593d1d66f7e3ea26e5857c9b
all5/Number_names/[25-1][40-1][47-1][80-1].wasm,989e4ed1593d1d66f7e3ea26e5857c9b
all5/Number_names/[25-1][40-1][52-1].wasm,ea61892c7dbd364b907841901dda3916
all5/Number_names/[25-1][40-1][52-1][72-1].wasm,ea61892c7dbd364b907841901dda3916
all5/Number_names/[25-1][40-1][52-1][72-1][79-1].wasm,ea61892c7dbd364b907841901dda3916
all5/Number_names/[25-1][40-1][52-1][72-1][79-1][80-1].wasm,ea61892c7dbd364b907841901dda3916
all5/Number_names/[25-1][40-1][52-1][72-1][80-1].wasm,ea61892c7dbd364b907841901dda3916
all5/Number_names/[25-1][40-1][52-1][79-1].wasm,ea61892c7dbd364b907841901dda3916
all5/Number_names/[25-1][40-1][52-1][79-1][80-1].wasm,ea61892c7dbd364b907841901dda3916
all5/Number_names/[25-1][40-1][52-1][80-1].wasm,ea61892c7dbd364b907841901dda3916
all5/Number_names/[25-1][40-1][72-1].wasm,f6eee07c00bf76985edd672a63a0798b
all5/Number_names/[25-1][40-1][72-1][79-1].wasm,f6eee07c00bf76985edd672a63a0798b
all5/Number_names/[25-1][40-1][72-1][79-1][80-1].wasm,f6eee07c00bf76985edd672a63a0798b
all5/Number_names/[25-1][40-1][72-1][80-1].wasm,f6eee07c00bf76985edd672a63a0798b
all5/Number_names/[25-1][40-1][79-1].wasm,f6eee07c00bf76985edd672a63a0798b
all5/Number_names/[25-1][40-1][79-1][80-1].wasm,f6eee07c00bf76985edd672a63a0798b
all5/Number_names/[25-1][40-1][80-1].wasm,f6eee07c00bf76985edd672a63a0798b
all5/Number_names/[25-1][47-1].wasm,989e4ed1593d1d66f7e3ea26e5857c9b
all5/Number_names/[25-1][47-1][52-1].wasm,989799172bcf85400b80fb6be8ea10d8
all5/Number_names/[25-1][47-1][52-1][72-1].wasm,989799172bcf85400b80fb6be8ea10d8
all5/Number_names/[25-1][47-1][52-1][72-1][79-1].wasm,989799172bcf85400b80fb6be8ea10d8
all5/Number_names/[25-1][47-1][52-1][72-1][79-1][80-1].wasm,989799172bcf85400b80fb6be8ea10d8
all5/Number_names/[25-1][47-1][52-1][72-1][80-1].wasm,989799172bcf85400b80fb6be8ea10d8
all5/Number_names/[25-1][47-1][52-1][79-1].wasm,989799172bcf85400b80fb6be8ea10d8
all5/Number_names/[25-1][47-1][52-1][79-1][80-1].wasm,989799172bcf85400b80fb6be8ea10d8
all5/Number_names/[25-1][47-1][52-1][80-1].wasm,989799172bcf85400b80fb6be8ea10d8
all5/Number_names/[25-1][47-1][72-1].wasm,989e4ed1593d1d66f7e3ea26e5857c9b
all5/Number_names/[25-1][47-1][72-1][79-1].wasm,989e4ed1593d1d66f7e3ea26e5857c9b
all5/Number_names/[25-1][47-1][72-1][79-1][80-1].wasm,989e4ed1593d1d66f7e3ea26e5857c9b
all5/Number_names/[25-1][47-1][72-1][80-1].wasm,989e4ed1593d1d66f7e3ea26e5857c9b
all5/Number_names/[25-1][47-1][79-1].wasm,989e4ed1593d1d66f7e3ea26e5857c9b
all5/Number_names/[25-1][47-1][79-1][80-1].wasm,989e4ed1593d1d66f7e3ea26e5857c9b
all5/Number_names/[25-1][47-1][80-1].wasm,989e4ed1593d1d66f7e3ea26e5857c9b
all5/Number_names/[25-1][52-1].wasm,ea61892c7dbd364b907841901dda3916
all5/Number_names/[25-1][52-1][72-1].wasm,ea61892c7dbd364b907841901dda3916
all5/Number_names/[25-1][52-1][72-1][79-1].wasm,ea61892c7dbd364b907841901dda3916
all5/Number_names/[25-1][52-1][72-1][79-1][80-1].wasm,ea61892c7dbd364b907841901dda3916
all5/Number_names/[25-1][52-1][72-1][80-1].wasm,ea61892c7dbd364b907841901dda3916
all5/Number_names/[25-1][52-1][79-1].wasm,ea61892c7dbd364b907841901dda3916
all5/Number_names/[25-1][52-1][79-1][80-1].wasm,ea61892c7dbd364b907841901dda3916
all5/Number_names/[25-1][52-1][80-1].wasm,ea61892c7dbd364b907841901dda3916
all5/Number_names/[25-1][72-1].wasm,f6eee07c00bf76985edd672a63a0798b
all5/Number_names/[25-1][72-1][79-1].wasm,f6eee07c00bf76985edd672a63a0798b
all5/Number_names/[25-1][72-1][79-1][80-1].wasm,f6eee07c00bf76985edd672a63a0798b
all5/Number_names/[25-1][72-1][80-1].wasm,f6eee07c00bf76985edd672a63a0798b
all5/Number_names/[25-1][79-1].wasm,f6eee07c00bf76985edd672a63a0798b
all5/Number_names/[25-1][79-1][80-1].wasm,f6eee07c00bf76985edd672a63a0798b
all5/Number_names/[25-1][80-1].wasm,f6eee07c00bf76985edd672a63a0798b
all5/Number_names/[3-0].wasm,2ce79b61b792873e99c4291d44c1c178
all5/Number_names/[3-1].wasm,2ce79b61b792873e99c4291d44c1c178
all5/Number_names/[3-1].wasm.~1~,57f3a8ae39d0c03c114c258ac46200d8
all5/Number_names/[3-1][23-1].wasm,989e4ed1593d1d66f7e3ea26e5857c9b
all5/Number_names/[3-1][23-1][30-1][44-1][52-1].wasm,989799172bcf85400b80fb6be8ea10d8
all5/Number_names/[3-1][30-1][43-1][44-1][47-1][52-1].wasm,8f90c20f54522632e33276ebbe00cb65
all5/Number_names/[3-1][30-1][43-1][44-1][52-1].wasm,6b582d0e505d065455f2e15becb2cf8a
all5/Number_names/[3-2].wasm,6e0bbf98c09925f94353aed7ef8a9e55
all5/Number_names/[3-3].wasm,2ce79b61b792873e99c4291d44c1c178
all5/Number_names/[3-4].wasm,2ce79b61b792873e99c4291d44c1c178
all5/Number_names/[3-5].wasm,2ce79b61b792873e99c4291d44c1c178
all5/Number_names/[3-6].wasm,2ce79b61b792873e99c4291d44c1c178
all5/Number_names/[3-7].wasm,2ce79b61b792873e99c4291d44c1c178
all5/Number_names/[3-8].wasm,04edca698e7132dd8a098fb75b896eb5
all5/Number_names/[3-9].wasm,8743badd15d29ac6cded910a45513f63
all5/Number_names/[30-1][43-1][44-1][47-1].wasm,2053f9e9c7143dc182192276a40378c1
all5/Number_names/[30-1][43-1][44-1][47-1][52-1].wasm,7cec2876ec2b10b02ed8ea82d2e23ec5
all5/Number_names/[4-0].wasm,2ce79b61b792873e99c4291d44c1c178
all5/Number_names/[4-1].wasm,2ce79b61b792873e99c4291d44c1c178
all5/Number_names/[4-1][11-1].wasm,2ce79b61b792873e99c4291d44c1c178
all5/Number_names/[4-1][11-1][20-1].wasm,2ce79b61b792873e99c4291d44c1c178
all5/Number_names/[4-1][11-2].wasm,2ce79b61b792873e99c4291d44c1c178
all5/Number_names/[4-1][11-2][20-1].wasm,2ce79b61b792873e99c4291d44c1c178
all5/Number_names/[4-1][11-3].wasm,2ce79b61b792873e99c4291d44c1c178
all5/Number_names/[4-1][11-3][20-1].wasm,2ce79b61b792873e99c4291d44c1c178
all5/Number_names/[4-1][11-4].wasm,2ce79b61b792873e99c4291d44c1c178
all5/Number_names/[4-1][11-4][20-1].wasm,2ce79b61b792873e99c4291d44c1c178
all5/Number_names/[4-1][20-1].wasm,2ce79b61b792873e99c4291d44c1c178
all5/Number_names/[4-2].wasm,2ce79b61b792873e99c4291d44c1c178
all5/Number_names/[4-2][11-1].wasm,2ce79b61b792873e99c4291d44c1c178
all5/Number_names/[4-2][11-1][20-1].wasm,2ce79b61b792873e99c4291d44c1c178
all5/Number_names/[4-2][11-2].wasm,2ce79b61b792873e99c4291d44c1c178
all5/Number_names/[4-2][11-2][20-1].wasm,2ce79b61b792873e99c4291d44c1c178
all5/Number_names/[4-2][11-3].wasm,2ce79b61b792873e99c4291d44c1c178
all5/Number_names/[4-2][11-3][20-1].wasm,2ce79b61b792873e99c4291d44c1c178
all5/Number_names/[4-2][11-4].wasm,2ce79b61b792873e99c4291d44c1c178
all5/Number_names/[4-2][11-4][20-1].wasm,2ce79b61b792873e99c4291d44c1c178
all5/Number_names/[4-2][20-1].wasm,2ce79b61b792873e99c4291d44c1c178
all5/Number_names/[4-3].wasm,2ce79b61b792873e99c4291d44c1c178
all5/Number_names/[4-3][11-1].wasm,2ce79b61b792873e99c4291d44c1c178
all5/Number_names/[4-3][11-1][20-1].wasm,2ce79b61b792873e99c4291d44c1c178
all5/Number_names/[4-3][11-2].wasm,2ce79b61b792873e99c4291d44c1c178
all5/Number_names/[4-3][11-2][20-1].wasm,2ce79b61b792873e99c4291d44c1c178
all5/Number_names/[4-3][11-3].wasm,2ce79b61b792873e99c4291d44c1c178
all5/Number_names/[4-3][11-3][20-1].wasm,2ce79b61b792873e99c4291d44c1c178
all5/Number_names/[4-3][11-4].wasm,2ce79b61b792873e99c4291d44c1c178
all5/Number_names/[4-3][11-4][20-1].wasm,2ce79b61b792873e99c4291d44c1c178
all5/Number_names/[4-3][20-1].wasm,2ce79b61b792873e99c4291d44c1c178
all5/Number_names/[4-4].wasm,2ce79b61b792873e99c4291d44c1c178
all5/Number_names/[4-4][11-1].wasm,2ce79b61b792873e99c4291d44c1c178
all5/Number_names/[4-4][11-1][20-1].wasm,2ce79b61b792873e99c4291d44c1c178
all5/Number_names/[4-4][11-2].wasm,2ce79b61b792873e99c4291d44c1c178
all5/Number_names/[4-4][11-2][20-1].wasm,2ce79b61b792873e99c4291d44c1c178
all5/Number_names/[4-4][11-3].wasm,2ce79b61b792873e99c4291d44c1c178
all5/Number_names/[4-4][11-3][20-1].wasm,2ce79b61b792873e99c4291d44c1c178
all5/Number_names/[4-4][11-4].wasm,2ce79b61b792873e99c4291d44c1c178
all5/Number_names/[4-4][11-4][20-1].wasm,2ce79b61b792873e99c4291d44c1c178
all5/Number_names/[4-4][20-1].wasm,2ce79b61b792873e99c4291d44c1c178
all5/Number_names/[4-5].wasm,2ce79b61b792873e99c4291d44c1c178
all5/Number_names/[4-5][11-1].wasm,2ce79b61b792873e99c4291d44c1c178
all5/Number_names/[4-5][11-1][20-1].wasm,2ce79b61b792873e99c4291d44c1c178
all5/Number_names/[4-5][11-2].wasm,2ce79b61b792873e99c4291d44c1c178
all5/Number_names/[4-5][11-2][20-1].wasm,2ce79b61b792873e99c4291d44c1c178
all5/Number_names/[4-5][11-3].wasm,2ce79b61b792873e99c4291d44c1c178
all5/Number_names/[4-5][11-3][20-1].wasm,2ce79b61b792873e99c4291d44c1c178
all5/Number_names/[4-5][11-4].wasm,2ce79b61b792873e99c4291d44c1c178
all5/Number_names/[4-5][11-4][20-1].wasm,2ce79b61b792873e99c4291d44c1c178
all5/Number_names/[4-5][20-1].wasm,2ce79b61b792873e99c4291d44c1c178
all5/Number_names/[4-6].wasm,2ce79b61b792873e99c4291d44c1c178
all5/Number_names/[4-7].wasm,2ce79b61b792873e99c4291d44c1c178
all5/Number_names/[40-1].wasm,bbf202c3c78955b86e608c70a42e925a
all5/Number_names/[40-1][47-1].wasm,57f3a8ae39d0c03c114c258ac46200d8
all5/Number_names/[40-1][47-1][52-1].wasm,6b582d0e505d065455f2e15becb2cf8a
all5/Number_names/[40-1][47-1][52-1][72-1].wasm,6b582d0e505d065455f2e15becb2cf8a
all5/Number_names/[40-1][47-1][52-1][72-1][79-1].wasm,6b582d0e505d065455f2e15becb2cf8a
all5/Number_names/[40-1][47-1][52-1][72-1][79-1][80-1].wasm,6b582d0e505d065455f2e15becb2cf8a
all5/Number_names/[40-1][47-1][52-1][72-1][80-1].wasm,6b582d0e505d065455f2e15becb2cf8a
all5/Number_names/[40-1][47-1][52-1][79-1].wasm,6b582d0e505d065455f2e15becb2cf8a
all5/Number_names/[40-1][47-1][52-1][79-1][80-1].wasm,6b582d0e505d065455f2e15becb2cf8a
all5/Number_names/[40-1][47-1][52-1][80-1].wasm,6b582d0e505d065455f2e15becb2cf8a
all5/Number_names/[40-1][47-1][72-1].wasm,57f3a8ae39d0c03c114c258ac46200d8
all5/Number_names/[40-1][47-1][72-1][79-1].wasm,57f3a8ae39d0c03c114c258ac46200d8
all5/Number_names/[40-1][47-1][72-1][79-1][80-1].wasm,57f3a8ae39d0c03c114c258ac46200d8
all5/Number_names/[40-1][47-1][72-1][80-1].wasm,57f3a8ae39d0c03c114c258ac46200d8
all5/Number_names/[40-1][47-1][79-1].wasm,57f3a8ae39d0c03c114c258ac46200d8
all5/Number_names/[40-1][47-1][79-1][80-1].wasm,57f3a8ae39d0c03c114c258ac46200d8
all5/Number_names/[40-1][47-1][80-1].wasm,57f3a8ae39d0c03c114c258ac46200d8
all5/Number_names/[40-1][52-1].wasm,8f90c20f54522632e33276ebbe00cb65
all5/Number_names/[40-1][52-1][72-1].wasm,8f90c20f54522632e33276ebbe00cb65
all5/Number_names/[40-1][52-1][72-1][79-1].wasm,8f90c20f54522632e33276ebbe00cb65
all5/Number_names/[40-1][52-1][72-1][79-1][80-1].wasm,8f90c20f54522632e33276ebbe00cb65
all5/Number_names/[40-1][52-1][72-1][80-1].wasm,8f90c20f54522632e33276ebbe00cb65
all5/Number_names/[40-1][52-1][79-1].wasm,8f90c20f54522632e33276ebbe00cb65
all5/Number_names/[40-1][52-1][79-1][80-1].wasm,8f90c20f54522632e33276ebbe00cb65
all5/Number_names/[40-1][52-1][80-1].wasm,8f90c20f54522632e33276ebbe00cb65
all5/Number_names/[40-1][72-1].wasm,bbf202c3c78955b86e608c70a42e925a
all5/Number_names/[40-1][72-1][79-1].wasm,bbf202c3c78955b86e608c70a42e925a
all5/Number_names/[40-1][72-1][79-1][80-1].wasm,bbf202c3c78955b86e608c70a42e925a
all5/Number_names/[40-1][72-1][80-1].wasm,bbf202c3c78955b86e608c70a42e925a
all5/Number_names/[40-1][79-1].wasm,bbf202c3c78955b86e608c70a42e925a
all5/Number_names/[40-1][79-1][80-1].wasm,bbf202c3c78955b86e608c70a42e925a
all5/Number_names/[40-1][80-1].wasm,bbf202c3c78955b86e608c70a42e925a
all5/Number_names/[42-1].wasm,2ce79b61b792873e99c4291d44c1c178
all5/Number_names/[47-1].wasm,57f3a8ae39d0c03c114c258ac46200d8
all5/Number_names/[47-1][52-1].wasm,6b582d0e505d065455f2e15becb2cf8a
all5/Number_names/[47-1][52-1][72-1].wasm,6b582d0e505d065455f2e15becb2cf8a
all5/Number_names/[47-1][52-1][72-1][79-1].wasm,6b582d0e505d065455f2e15becb2cf8a
all5/Number_names/[47-1][52-1][72-1][79-1][80-1].wasm,6b582d0e505d065455f2e15becb2cf8a
all5/Number_names/[47-1][52-1][72-1][80-1].wasm,6b582d0e505d065455f2e15becb2cf8a
all5/Number_names/[47-1][52-1][79-1].wasm,6b582d0e505d065455f2e15becb2cf8a
all5/Number_names/[47-1][52-1][79-1][80-1].wasm,6b582d0e505d065455f2e15becb2cf8a
all5/Number_names/[47-1][52-1][80-1].wasm,6b582d0e505d065455f2e15becb2cf8a
all5/Number_names/[47-1][72-1].wasm,57f3a8ae39d0c03c114c258ac46200d8
all5/Number_names/[47-1][72-1][79-1].wasm,57f3a8ae39d0c03c114c258ac46200d8
all5/Number_names/[47-1][72-1][79-1][80-1].wasm,57f3a8ae39d0c03c114c258ac46200d8
all5/Number_names/[47-1][72-1][80-1].wasm,57f3a8ae39d0c03c114c258ac46200d8
all5/Number_names/[47-1][79-1].wasm,57f3a8ae39d0c03c114c258ac46200d8
all5/Number_names/[47-1][79-1][80-1].wasm,57f3a8ae39d0c03c114c258ac46200d8
all5/Number_names/[47-1][80-1].wasm,57f3a8ae39d0c03c114c258ac46200d8
all5/Number_names/[5-0].wasm,2ce79b61b792873e99c4291d44c1c178
all5/Number_names/[5-10].wasm,ba778307062c5d8ff760484f7e52493e
all5/Number_names/[5-11].wasm,93e049f7a45ae92ad2f94043ea3aff0c
all5/Number_names/[5-12].wasm,2ce79b61b792873e99c4291d44c1c178
all5/Number_names/[5-13].wasm,2ce79b61b792873e99c4291d44c1c178
all5/Number_names/[5-14].wasm,ad34f7ede5c81c52f5ca083343841b92
all5/Number_names/[5-1].wasm,2ce79b61b792873e99c4291d44c1c178
all5/Number_names/[5-2].wasm,b14cabd2dd0848129bed9d5317212c55
all5/Number_names/[5-3].wasm,2ce79b61b792873e99c4291d44c1c178
all5/Number_names/[5-4].wasm,2ce79b61b792873e99c4291d44c1c178
all5/Number_names/[5-5].wasm,2ce79b61b792873e99c4291d44c1c178
all5/Number_names/[5-6].wasm,2ce79b61b792873e99c4291d44c1c178
all5/Number_names/[5-7].wasm,2ce79b61b792873e99c4291d44c1c178
all5/Number_names/[5-8].wasm,2ce79b61b792873e99c4291d44c1c178
all5/Number_names/[5-9].wasm,36c0b068141599bdb2d8ba8847af2361
all5/Number_names/[52-1].wasm,8f90c20f54522632e33276ebbe00cb65
all5/Number_names/[52-1][72-1].wasm,8f90c20f54522632e33276ebbe00cb65
all5/Number_names/[52-1][72-1][79-1].wasm,8f90c20f54522632e33276ebbe00cb65
all5/Number_names/[52-1][72-1][79-1][80-1].wasm,8f90c20f54522632e33276ebbe00cb65
all5/Number_names/[52-1][72-1][80-1].wasm,8f90c20f54522632e33276ebbe00cb65
all5/Number_names/[52-1][79-1].wasm,8f90c20f54522632e33276ebbe00cb65
all5/Number_names/[52-1][79-1][80-1].wasm,8f90c20f54522632e33276ebbe00cb65
all5/Number_names/[52-1][80-1].wasm,8f90c20f54522632e33276ebbe00cb65
all5/Number_names/[6-0].wasm,2ce79b61b792873e99c4291d44c1c178
all5/Number_names/[6-1].wasm,2ce79b61b792873e99c4291d44c1c178
all5/Number_names/[6-2].wasm,2ce79b61b792873e99c4291d44c1c178
all5/Number_names/[6-3].wasm,2ce79b61b792873e99c4291d44c1c178
all5/Number_names/[7-0].wasm,2ce79b61b792873e99c4291d44c1c178
all5/Number_names/[7-1].wasm,2ce79b61b792873e99c4291d44c1c178
all5/Number_names/[7-1][42-1].wasm,2ce79b61b792873e99c4291d44c1c178
all5/Number_names/[7-1][8-10].wasm,2ce79b61b792873e99c4291d44c1c178
all5/Number_names/[7-1][8-10][42-1].wasm,2ce79b61b792873e99c4291d44c1c178
all5/Number_names/[7-1][8-10][9-1].wasm,2ce79b61b792873e99c4291d44c1c178
all5/Number_names/[7-1][8-10][9-1][42-1].wasm,2ce79b61b792873e99c4291d44c1c178
all5/Number_names/[7-1][8-10][9-2].wasm,2ce79b61b792873e99c4291d44c1c178
all5/Number_names/[7-1][8-10][9-2][42-1].wasm,2ce79b61b792873e99c4291d44c1c178
all5/Number_names/[7-1][8-10][9-3].wasm,2ce79b61b792873e99c4291d44c1c178
all5/Number_names/[7-1][8-10][9-3][42-1].wasm,2ce79b61b792873e99c4291d44c1c178
all5/Number_names/[7-1][8-10][9-4].wasm,2ce79b61b792873e99c4291d44c1c178
all5/Number_names/[7-1][8-10][9-4][42-1].wasm,2ce79b61b792873e99c4291d44c1c178
all5/Number_names/[7-1][8-10][9-5].wasm,2ce79b61b792873e99c4291d44c1c178
all5/Number_names/[7-1][8-10][9-5][42-1].wasm,2ce79b61b792873e99c4291d44c1c178
all5/Number_names/[7-1][8-10][9-6].wasm,2ce79b61b792873e99c4291d44c1c178
all5/Number_names/[7-1][8-10][9-6][42-1].wasm,2ce79b61b792873e99c4291d44c1c178
all5/Number_names/[7-1][8-10][9-7].wasm,2ce79b61b792873e99c4291d44c1c178
all5/Number_names/[7-1][8-10][9-7][42-1].wasm,2ce79b61b792873e99c4291d44c1c178
all5/Number_names/[7-1][8-11].wasm,97cad43ff1304dae84e00255ee21b6d5
all5/Number_names/[7-1][8-11][42-1].wasm,97cad43ff1304dae84e00255ee21b6d5
all5/Number_names/[7-1][8-11][9-1].wasm,97cad43ff1304dae84e00255ee21b6d5
all5/Number_names/[7-1][8-11][9-2].wasm,97cad43ff1304dae84e00255ee21b6d5
all5/Number_names/[7-1][8-11][9-3].wasm,97cad43ff1304dae84e00255ee21b6d5
all5/Number_names/[7-1][8-11][9-4].wasm,97cad43ff1304dae84e00255ee21b6d5
all5/Number_names/[7-1][8-11][9-5].wasm,97cad43ff1304dae84e00255ee21b6d5
all5/Number_names/[7-1][8-11][9-6].wasm,97cad43ff1304dae84e00255ee21b6d5
all5/Number_names/[7-1][8-11][9-7].wasm,97cad43ff1304dae84e00255ee21b6d5
all5/Number_names/[7-1][8-12].wasm,2ce79b61b792873e99c4291d44c1c178
all5/Number_names/[7-1][8-12][9-1].wasm,2ce79b61b792873e99c4291d44c1c178
all5/Number_names/[7-1][8-12][9-2].wasm,2ce79b61b792873e99c4291d44c1c178
all5/Number_names/[7-1][8-1].wasm,d88831639b8b1e35f6c14f4504375f2b
all5/Number_names/[7-1][8-1][42-1].wasm,d88831639b8b1e35f6c14f4504375f2b
all5/Number_names/[7-1][8-1][9-1].wasm,d88831639b8b1e35f6c14f4504375f2b
all5/Number_names/[7-1][8-1][9-1][42-1].wasm,d88831639b8b1e35f6c14f4504375f2b
all5/Number_names/[7-1][8-1][9-2].wasm,d88831639b8b1e35f6c14f4504375f2b
all5/Number_names/[7-1][8-1][9-2][42-1].wasm,d88831639b8b1e35f6c14f4504375f2b
all5/Number_names/[7-1][8-1][9-3].wasm,d88831639b8b1e35f6c14f4504375f2b
all5/Number_names/[7-1][8-1][9-3][42-1].wasm,d88831639b8b1e35f6c14f4504375f2b
all5/Number_names/[7-1][8-1][9-4].wasm,d88831639b8b1e35f6c14f4504375f2b
all5/Number_names/[7-1][8-1][9-4][42-1].wasm,d88831639b8b1e35f6c14f4504375f2b
all5/Number_names/[7-1][8-1][9-5].wasm,d88831639b8b1e35f6c14f4504375f2b
all5/Number_names/[7-1][8-1][9-5][42-1].wasm,d88831639b8b1e35f6c14f4504375f2b
all5/Number_names/[7-1][8-1][9-6].wasm,d88831639b8b1e35f6c14f4504375f2b
all5/Number_names/[7-1][8-1][9-6][42-1].wasm,d88831639b8b1e35f6c14f4504375f2b
all5/Number_names/[7-1][8-1][9-7].wasm,d88831639b8b1e35f6c14f4504375f2b
all5/Number_names/[7-1][8-1][9-7][42-1].wasm,d88831639b8b1e35f6c14f4504375f2b
all5/Number_names/[7-1][8-2].wasm,da30758325ac3c0704a24cda7c42b362
all5/Number_names/[7-1][8-2][42-1].wasm,da30758325ac3c0704a24cda7c42b362
all5/Number_names/[7-1][8-2][9-1].wasm,da30758325ac3c0704a24cda7c42b362
all5/Number_names/[7-1][8-2][9-1][42-1].wasm,da30758325ac3c0704a24cda7c42b362
all5/Number_names/[7-1][8-2][9-2].wasm,da30758325ac3c0704a24cda7c42b362
all5/Number_names/[7-1][8-2][9-2][42-1].wasm,da30758325ac3c0704a24cda7c42b362
all5/Number_names/[7-1][8-2][9-3].wasm,da30758325ac3c0704a24cda7c42b362
all5/Number_names/[7-1][8-2][9-3][42-1].wasm,da30758325ac3c0704a24cda7c42b362
all5/Number_names/[7-1][8-2][9-4].wasm,da30758325ac3c0704a24cda7c42b362
all5/Number_names/[7-1][8-2][9-4][42-1].wasm,da30758325ac3c0704a24cda7c42b362
all5/Number_names/[7-1][8-2][9-5].wasm,da30758325ac3c0704a24cda7c42b362
all5/Number_names/[7-1][8-2][9-5][42-1].wasm,da30758325ac3c0704a24cda7c42b362
all5/Number_names/[7-1][8-2][9-6].wasm,da30758325ac3c0704a24cda7c42b362
all5/Number_names/[7-1][8-2][9-6][42-1].wasm,da30758325ac3c0704a24cda7c42b362
all5/Number_names/[7-1][8-2][9-7].wasm,da30758325ac3c0704a24cda7c42b362
all5/Number_names/[7-1][8-2][9-7][42-1].wasm,da30758325ac3c0704a24cda7c42b362
all5/Number_names/[7-1][8-3].wasm,2ce79b61b792873e99c4291d44c1c178
all5/Number_names/[7-1][8-3][42-1].wasm,2ce79b61b792873e99c4291d44c1c178
all5/Number_names/[7-1][8-3][9-1].wasm,2ce79b61b792873e99c4291d44c1c178
all5/Number_names/[7-1][8-3][9-1][42-1].wasm,2ce79b61b792873e99c4291d44c1c178
all5/Number_names/[7-1][8-3][9-2].wasm,2ce79b61b792873e99c4291d44c1c178
all5/Number_names/[7-1][8-3][9-2][42-1].wasm,2ce79b61b792873e99c4291d44c1c178
all5/Number_names/[7-1][8-3][9-3].wasm,2ce79b61b792873e99c4291d44c1c178
all5/Number_names/[7-1][8-3][9-3][42-1].wasm,2ce79b61b792873e99c4291d44c1c178
all5/Number_names/[7-1][8-3][9-4].wasm,2ce79b61b792873e99c4291d44c1c178
all5/Number_names/[7-1][8-3][9-4][42-1].wasm,2ce79b61b792873e99c4291d44c1c178
all5/Number_names/[7-1][8-3][9-5].wasm,2ce79b61b792873e99c4291d44c1c178
all5/Number_names/[7-1][8-3][9-5][42-1].wasm,2ce79b61b792873e99c4291d44c1c178
all5/Number_names/[7-1][8-3][9-6].wasm,2ce79b61b792873e99c4291d44c1c178
all5/Number_names/[7-1][8-3][9-6][42-1].wasm,2ce79b61b792873e99c4291d44c1c178
all5/Number_names/[7-1][8-3][9-7].wasm,2ce79b61b792873e99c4291d44c1c178
all5/Number_names/[7-1][8-3][9-7][42-1].wasm,2ce79b61b792873e99c4291d44c1c178
all5/Number_names/[7-1][8-4].wasm,2ce79b61b792873e99c4291d44c1c178
all5/Number_names/[7-1][8-4][42-1].wasm,2ce79b61b792873e99c4291d44c1c178
all5/Number_names/[7-1][8-4][9-1].wasm,2ce79b61b792873e99c4291d44c1c178
all5/Number_names/[7-1][8-4][9-1][42-1].wasm,2ce79b61b792873e99c4291d44c1c178
all5/Number_names/[7-1][8-4][9-2].wasm,2ce79b61b792873e99c4291d44c1c178
all5/Number_names/[7-1][8-4][9-2][42-1].wasm,2ce79b61b792873e99c4291d44c1c178
all5/Number_names/[7-1][8-4][9-3].wasm,2ce79b61b792873e99c4291d44c1c178
all5/Number_names/[7-1][8-4][9-3][42-1].wasm,2ce79b61b792873e99c4291d44c1c178
all5/Number_names/[7-1][8-4][9-4].wasm,2ce79b61b792873e99c4291d44c1c178
all5/Number_names/[7-1][8-4][9-4][42-1].wasm,2ce79b61b792873e99c4291d44c1c178
all5/Number_names/[7-1][8-4][9-5].wasm,2ce79b61b792873e99c4291d44c1c178
all5/Number_names/[7-1][8-4][9-5][42-1].wasm,2ce79b61b792873e99c4291d44c1c178
all5/Number_names/[7-1][8-4][9-6].wasm,2ce79b61b792873e99c4291d44c1c178
all5/Number_names/[7-1][8-4][9-6][42-1].wasm,2ce79b61b792873e99c4291d44c1c178
all5/Number_names/[7-1][8-4][9-7].wasm,2ce79b61b792873e99c4291d44c1c178
all5/Number_names/[7-1][8-4][9-7][42-1].wasm,2ce79b61b792873e99c4291d44c1c178
all5/Number_names/[7-1][8-5].wasm,2ce79b61b792873e99c4291d44c1c178
all5/Number_names/[7-1][8-5][42-1].wasm,2ce79b61b792873e99c4291d44c1c178
all5/Number_names/[7-1][8-5][9-1].wasm,2ce79b61b792873e99c4291d44c1c178
all5/Number_names/[7-1][8-5][9-1][42-1].wasm,2ce79b61b792873e99c4291d44c1c178
all5/Number_names/[7-1][8-5][9-2].wasm,2ce79b61b792873e99c4291d44c1c178
all5/Number_names/[7-1][8-5][9-2][42-1].wasm,2ce79b61b792873e99c4291d44c1c178
all5/Number_names/[7-1][8-5][9-3].wasm,2ce79b61b792873e99c4291d44c1c178
all5/Number_names/[7-1][8-5][9-3][42-1].wasm,2ce79b61b792873e99c4291d44c1c178
all5/Number_names/[7-1][8-5][9-4].wasm,2ce79b61b792873e99c4291d44c1c178
all5/Number_names/[7-1][8-5][9-4][42-1].wasm,2ce79b61b792873e99c4291d44c1c178
all5/Number_names/[7-1][8-5][9-5].wasm,2ce79b61b792873e99c4291d44c1c178
all5/Number_names/[7-1][8-5][9-5][42-1].wasm,2ce79b61b792873e99c4291d44c1c178
all5/Number_names/[7-1][8-5][9-6].wasm,2ce79b61b792873e99c4291d44c1c178
all5/Number_names/[7-1][8-5][9-6][42-1].wasm,2ce79b61b792873e99c4291d44c1c178
all5/Number_names/[7-1][8-5][9-7].wasm,2ce79b61b792873e99c4291d44c1c178
all5/Number_names/[7-1][8-5][9-7][42-1].wasm,2ce79b61b792873e99c4291d44c1c178
all5/Number_names/[7-1][8-6].wasm,9b967735e2a7770a5cc4880bb2ec4261
all5/Number_names/[7-1][8-6][42-1].wasm,9b967735e2a7770a5cc4880bb2ec4261
all5/Number_names/[7-1][8-6][9-1].wasm,9b967735e2a7770a5cc4880bb2ec4261
all5/Number_names/[7-1][8-6][9-1][42-1].wasm,9b967735e2a7770a5cc4880bb2ec4261
all5/Number_names/[7-1][8-6][9-2].wasm,9b967735e2a7770a5cc4880bb2ec4261
all5/Number_names/[7-1][8-6][9-2][42-1].wasm,9b967735e2a7770a5cc4880bb2ec4261
all5/Number_names/[7-1][8-6][9-3].wasm,9b967735e2a7770a5cc4880bb2ec4261
all5/Number_names/[7-1][8-6][9-3][42-1].wasm,9b967735e2a7770a5cc4880bb2ec4261
all5/Number_names/[7-1][8-6][9-4].wasm,9b967735e2a7770a5cc4880bb2ec4261
all5/Number_names/[7-1][8-6][9-4][42-1].wasm,9b967735e2a7770a5cc4880bb2ec4261
all5/Number_names/[7-1][8-6][9-5].wasm,9b967735e2a7770a5cc4880bb2ec4261
all5/Number_names/[7-1][8-6][9-5][42-1].wasm,9b967735e2a7770a5cc4880bb2ec4261
all5/Number_names/[7-1][8-6][9-6].wasm,9b967735e2a7770a5cc4880bb2ec4261
all5/Number_names/[7-1][8-6][9-6][42-1].wasm,9b967735e2a7770a5cc4880bb2ec4261
all5/Number_names/[7-1][8-6][9-7].wasm,9b967735e2a7770a5cc4880bb2ec4261
all5/Number_names/[7-1][8-6][9-7][42-1].wasm,9b967735e2a7770a5cc4880bb2ec4261
all5/Number_names/[7-1][8-7].wasm,2ce79b61b792873e99c4291d44c1c178
all5/Number_names/[7-1][8-7][42-1].wasm,2ce79b61b792873e99c4291d44c1c178
all5/Number_names/[7-1][8-7][9-1].wasm,2ce79b61b792873e99c4291d44c1c178
all5/Number_names/[7-1][8-7][9-1][42-1].wasm,2ce79b61b792873e99c4291d44c1c178
all5/Number_names/[7-1][8-7][9-2].wasm,2ce79b61b792873e99c4291d44c1c178
all5/Number_names/[7-1][8-7][9-2][42-1].wasm,2ce79b61b792873e99c4291d44c1c178
all5/Number_names/[7-1][8-7][9-3].wasm,2ce79b61b792873e99c4291d44c1c178
all5/Number_names/[7-1][8-7][9-3][42-1].wasm,2ce79b61b792873e99c4291d44c1c178
all5/Number_names/[7-1][8-7][9-4].wasm,2ce79b61b792873e99c4291d44c1c178
all5/Number_names/[7-1][8-7][9-4][42-1].wasm,2ce79b61b792873e99c4291d44c1c178
all5/Number_names/[7-1][8-7][9-5].wasm,2ce79b61b792873e99c4291d44c1c178
all5/Number_names/[7-1][8-7][9-5][42-1].wasm,2ce79b61b792873e99c4291d44c1c178
all5/Number_names/[7-1][8-7][9-6].wasm,2ce79b61b792873e99c4291d44c1c178
all5/Number_names/[7-1][8-7][9-6][42-1].wasm,2ce79b61b792873e99c4291d44c1c178
all5/Number_names/[7-1][8-7][9-7].wasm,2ce79b61b792873e99c4291d44c1c178
all5/Number_names/[7-1][8-7][9-7][42-1].wasm,2ce79b61b792873e99c4291d44c1c178
all5/Number_names/[7-1][8-8].wasm,2ce79b61b792873e99c4291d44c1c178
all5/Number_names/[7-1][8-8][42-1].wasm,2ce79b61b792873e99c4291d44c1c178
all5/Number_names/[7-1][8-8][9-1].wasm,2ce79b61b792873e99c4291d44c1c178
all5/Number_names/[7-1][8-8][9-1][42-1].wasm,2ce79b61b792873e99c4291d44c1c178
all5/Number_names/[7-1][8-8][9-2].wasm,2ce79b61b792873e99c4291d44c1c178
all5/Number_names/[7-1][8-8][9-2][42-1].wasm,2ce79b61b792873e99c4291d44c1c178
all5/Number_names/[7-1][8-8][9-3].wasm,2ce79b61b792873e99c4291d44c1c178
all5/Number_names/[7-1][8-8][9-3][42-1].wasm,2ce79b61b792873e99c4291d44c1c178
all5/Number_names/[7-1][8-8][9-4].wasm,2ce79b61b792873e99c4291d44c1c178
all5/Number_names/[7-1][8-8][9-4][42-1].wasm,2ce79b61b792873e99c4291d44c1c178
all5/Number_names/[7-1][8-8][9-5].wasm,2ce79b61b792873e99c4291d44c1c178
all5/Number_names/[7-1][8-8][9-5][42-1].wasm,2ce79b61b792873e99c4291d44c1c178
all5/Number_names/[7-1][8-8][9-6].wasm,2ce79b61b792873e99c4291d44c1c178
all5/Number_names/[7-1][8-8][9-6][42-1].wasm,2ce79b61b792873e99c4291d44c1c178
all5/Number_names/[7-1][8-8][9-7].wasm,2ce79b61b792873e99c4291d44c1c178
all5/Number_names/[7-1][8-8][9-7][42-1].wasm,2ce79b61b792873e99c4291d44c1c178
all5/Number_names/[7-1][8-9].wasm,f41481ebdf1bfa07d7d716e9a5825d57
all5/Number_names/[7-1][8-9][42-1].wasm,f41481ebdf1bfa07d7d716e9a5825d57
all5/Number_names/[7-1][8-9][9-1].wasm,f41481ebdf1bfa07d7d716e9a5825d57
all5/Number_names/[7-1][8-9][9-1][42-1].wasm,f41481ebdf1bfa07d7d716e9a5825d57
all5/Number_names/[7-1][8-9][9-2].wasm,f41481ebdf1bfa07d7d716e9a5825d57
all5/Number_names/[7-1][8-9][9-2][42-1].wasm,f41481ebdf1bfa07d7d716e9a5825d57
all5/Number_names/[7-1][8-9][9-3].wasm,f41481ebdf1bfa07d7d716e9a5825d57
all5/Number_names/[7-1][8-9][9-3][42-1].wasm,f41481ebdf1bfa07d7d716e9a5825d57
all5/Number_names/[7-1][8-9][9-4].wasm,f41481ebdf1bfa07d7d716e9a5825d57
all5/Number_names/[7-1][8-9][9-4][42-1].wasm,f41481ebdf1bfa07d7d716e9a5825d57
all5/Number_names/[7-1][8-9][9-5].wasm,f41481ebdf1bfa07d7d716e9a5825d57
all5/Number_names/[7-1][8-9][9-5][42-1].wasm,f41481ebdf1bfa07d7d716e9a5825d57
all5/Number_names/[7-1][8-9][9-6].wasm,f41481ebdf1bfa07d7d716e9a5825d57
all5/Number_names/[7-1][8-9][9-6][42-1].wasm,f41481ebdf1bfa07d7d716e9a5825d57
all5/Number_names/[7-1][8-9][9-7].wasm,f41481ebdf1bfa07d7d716e9a5825d57
all5/Number_names/[7-1][8-9][9-7][42-1].wasm,f41481ebdf1bfa07d7d716e9a5825d57
all5/Number_names/[7-1][9-1].wasm,2ce79b61b792873e99c4291d44c1c178
all5/Number_names/[7-1][9-1][42-1].wasm,2ce79b61b792873e99c4291d44c1c178
all5/Number_names/[7-1][9-2].wasm,2ce79b61b792873e99c4291d44c1c178
all5/Number_names/[7-1][9-2][42-1].wasm,2ce79b61b792873e99c4291d44c1c178
all5/Number_names/[7-1][9-3].wasm,2ce79b61b792873e99c4291d44c1c178
all5/Number_names/[7-1][9-3][42-1].wasm,2ce79b61b792873e99c4291d44c1c178
all5/Number_names/[7-1][9-4].wasm,2ce79b61b792873e99c4291d44c1c178
all5/Number_names/[7-1][9-4][42-1].wasm,2ce79b61b792873e99c4291d44c1c178
all5/Number_names/[7-1][9-5].wasm,2ce79b61b792873e99c4291d44c1c178
all5/Number_names/[7-1][9-5][42-1].wasm,2ce79b61b792873e99c4291d44c1c178
all5/Number_names/[7-1][9-6].wasm,2ce79b61b792873e99c4291d44c1c178
all5/Number_names/[7-1][9-6][42-1].wasm,2ce79b61b792873e99c4291d44c1c178
all5/Number_names/[7-1][9-7].wasm,2ce79b61b792873e99c4291d44c1c178
all5/Number_names/[7-1][9-7][42-1].wasm,2ce79b61b792873e99c4291d44c1c178
all5/Number_names/[7-2].wasm,2ce79b61b792873e99c4291d44c1c178
all5/Number_names/[7-3].wasm,2ce79b61b792873e99c4291d44c1c178
all5/Number_names/[7-4].wasm,2ce79b61b792873e99c4291d44c1c178
all5/Number_names/[72-1].wasm,bbf202c3c78955b86e608c70a42e925a
all5/Number_names/[72-1][79-1].wasm,bbf202c3c78955b86e608c70a42e925a
all5/Number_names/[72-1][79-1][80-1].wasm,bbf202c3c78955b86e608c70a42e925a
all5/Number_names/[72-1][80-1].wasm,bbf202c3c78955b86e608c70a42e925a
all5/Number_names/[79-1].wasm,bbf202c3c78955b86e608c70a42e925a
all5/Number_names/[79-1][80-1].wasm,bbf202c3c78955b86e608c70a42e925a
all5/Number_names/[8-0].wasm,d88831639b8b1e35f6c14f4504375f2b
all5/Number_names/[8-10].wasm,2ce79b61b792873e99c4291d44c1c178
all5/Number_names/[8-10][42-1].wasm,2ce79b61b792873e99c4291d44c1c178
all5/Number_names/[8-10][9-1].wasm,2ce79b61b792873e99c4291d44c1c178
all5/Number_names/[8-10][9-1][42-1].wasm,2ce79b61b792873e99c4291d44c1c178
all5/Number_names/[8-10][9-2].wasm,2ce79b61b792873e99c4291d44c1c178
all5/Number_names/[8-10][9-2][42-1].wasm,2ce79b61b792873e99c4291d44c1c178
all5/Number_names/[8-10][9-3].wasm,2ce79b61b792873e99c4291d44c1c178
all5/Number_names/[8-10][9-3][42-1].wasm,2ce79b61b792873e99c4291d44c1c178
all5/Number_names/[8-10][9-4].wasm,2ce79b61b792873e99c4291d44c1c178
all5/Number_names/[8-10][9-4][42-1].wasm,2ce79b61b792873e99c4291d44c1c178
all5/Number_names/[8-10][9-5].wasm,2ce79b61b792873e99c4291d44c1c178
all5/Number_names/[8-10][9-5][42-1].wasm,2ce79b61b792873e99c4291d44c1c178
all5/Number_names/[8-10][9-6].wasm,2ce79b61b792873e99c4291d44c1c178
all5/Number_names/[8-10][9-6][42-1].wasm,2ce79b61b792873e99c4291d44c1c178
all5/Number_names/[8-10][9-7].wasm,2ce79b61b792873e99c4291d44c1c178
all5/Number_names/[8-10][9-7][42-1].wasm,2ce79b61b792873e99c4291d44c1c178
all5/Number_names/[8-11].wasm,97cad43ff1304dae84e00255ee21b6d5
all5/Number_names/[8-11][42-1].wasm,97cad43ff1304dae84e00255ee21b6d5
all5/Number_names/[8-11][9-1].wasm,97cad43ff1304dae84e00255ee21b6d5
all5/Number_names/[8-11][9-1][42-1].wasm,97cad43ff1304dae84e00255ee21b6d5
all5/Number_names/[8-11][9-2].wasm,97cad43ff1304dae84e00255ee21b6d5
all5/Number_names/[8-11][9-2][42-1].wasm,97cad43ff1304dae84e00255ee21b6d5
all5/Number_names/[8-11][9-3].wasm,97cad43ff1304dae84e00255ee21b6d5
all5/Number_names/[8-11][9-3][42-1].wasm,97cad43ff1304dae84e00255ee21b6d5
all5/Number_names/[8-11][9-4].wasm,97cad43ff1304dae84e00255ee21b6d5
all5/Number_names/[8-11][9-4][42-1].wasm,97cad43ff1304dae84e00255ee21b6d5
all5/Number_names/[8-11][9-5].wasm,97cad43ff1304dae84e00255ee21b6d5
all5/Number_names/[8-11][9-5][42-1].wasm,97cad43ff1304dae84e00255ee21b6d5
all5/Number_names/[8-11][9-6].wasm,97cad43ff1304dae84e00255ee21b6d5
all5/Number_names/[8-11][9-6][42-1].wasm,97cad43ff1304dae84e00255ee21b6d5
all5/Number_names/[8-11][9-7].wasm,97cad43ff1304dae84e00255ee21b6d5
all5/Number_names/[8-11][9-7][42-1].wasm,97cad43ff1304dae84e00255ee21b6d5
all5/Number_names/[8-12].wasm,2ce79b61b792873e99c4291d44c1c178
all5/Number_names/[8-12][42-1].wasm,2ce79b61b792873e99c4291d44c1c178
all5/Number_names/[8-12][9-1].wasm,2ce79b61b792873e99c4291d44c1c178
all5/Number_names/[8-12][9-1][42-1].wasm,2ce79b61b792873e99c4291d44c1c178
all5/Number_names/[8-12][9-2].wasm,2ce79b61b792873e99c4291d44c1c178
all5/Number_names/[8-12][9-2][42-1].wasm,2ce79b61b792873e99c4291d44c1c178
all5/Number_names/[8-12][9-3].wasm,2ce79b61b792873e99c4291d44c1c178
all5/Number_names/[8-12][9-3][42-1].wasm,2ce79b61b792873e99c4291d44c1c178
all5/Number_names/[8-12][9-4].wasm,2ce79b61b792873e99c4291d44c1c178
all5/Number_names/[8-12][9-4][42-1].wasm,2ce79b61b792873e99c4291d44c1c178
all5/Number_names/[8-12][9-5].wasm,2ce79b61b792873e99c4291d44c1c178
all5/Number_names/[8-12][9-5][42-1].wasm,2ce79b61b792873e99c4291d44c1c178
all5/Number_names/[8-12][9-6].wasm,2ce79b61b792873e99c4291d44c1c178
all5/Number_names/[8-12][9-6][42-1].wasm,2ce79b61b792873e99c4291d44c1c178
all5/Number_names/[8-12][9-7].wasm,2ce79b61b792873e99c4291d44c1c178
all5/Number_names/[8-12][9-7][42-1].wasm,2ce79b61b792873e99c4291d44c1c178
all5/Number_names/[8-13].wasm,dd7bab30a85d8932fa7afd3c1db3e57c
all5/Number_names/[8-13][42-1].wasm,dd7bab30a85d8932fa7afd3c1db3e57c
all5/Number_names/[8-13][9-1].wasm,dd7bab30a85d8932fa7afd3c1db3e57c
all5/Number_names/[8-13][9-1][42-1].wasm,dd7bab30a85d8932fa7afd3c1db3e57c
all5/Number_names/[8-13][9-2].wasm,dd7bab30a85d8932fa7afd3c1db3e57c
all5/Number_names/[8-13][9-2][42-1].wasm,dd7bab30a85d8932fa7afd3c1db3e57c
all5/Number_names/[8-13][9-3].wasm,dd7bab30a85d8932fa7afd3c1db3e57c
all5/Number_names/[8-13][9-3][42-1].wasm,dd7bab30a85d8932fa7afd3c1db3e57c
all5/Number_names/[8-13][9-4].wasm,dd7bab30a85d8932fa7afd3c1db3e57c
all5/Number_names/[8-13][9-4][42-1].wasm,dd7bab30a85d8932fa7afd3c1db3e57c
all5/Number_names/[8-13][9-5].wasm,dd7bab30a85d8932fa7afd3c1db3e57c
all5/Number_names/[8-13][9-5][42-1].wasm,dd7bab30a85d8932fa7afd3c1db3e57c
all5/Number_names/[8-13][9-6].wasm,dd7bab30a85d8932fa7afd3c1db3e57c
all5/Number_names/[8-13][9-6][42-1].wasm,dd7bab30a85d8932fa7afd3c1db3e57c
all5/Number_names/[8-13][9-7].wasm,dd7bab30a85d8932fa7afd3c1db3e57c
all5/Number_names/[8-13][9-7][42-1].wasm,dd7bab30a85d8932fa7afd3c1db3e57c
all5/Number_names/[8-14].wasm,2ce79b61b792873e99c4291d44c1c178
all5/Number_names/[8-14][42-1].wasm,2ce79b61b792873e99c4291d44c1c178
all5/Number_names/[8-14][9-1].wasm,2ce79b61b792873e99c4291d44c1c178
all5/Number_names/[8-14][9-1][42-1].wasm,2ce79b61b792873e99c4291d44c1c178
all5/Number_names/[8-14][9-2].wasm,2ce79b61b792873e99c4291d44c1c178
all5/Number_names/[8-14][9-2][42-1].wasm,2ce79b61b792873e99c4291d44c1c178
all5/Number_names/[8-14][9-3].wasm,2ce79b61b792873e99c4291d44c1c178
all5/Number_names/[8-14][9-3][42-1].wasm,2ce79b61b792873e99c4291d44c1c178
all5/Number_names/[8-14][9-4].wasm,2ce79b61b792873e99c4291d44c1c178
all5/Number_names/[8-14][9-4][42-1].wasm,2ce79b61b792873e99c4291d44c1c178
all5/Number_names/[8-14][9-5].wasm,2ce79b61b792873e99c4291d44c1c178
all5/Number_names/[8-14][9-5][42-1].wasm,2ce79b61b792873e99c4291d44c1c178
all5/Number_names/[8-14][9-6].wasm,2ce79b61b792873e99c4291d44c1c178
all5/Number_names/[8-14][9-6][42-1].wasm,2ce79b61b792873e99c4291d44c1c178
all5/Number_names/[8-14][9-7].wasm,2ce79b61b792873e99c4291d44c1c178
all5/Number_names/[8-14][9-7][42-1].wasm,2ce79b61b792873e99c4291d44c1c178
all5/Number_names/[8-15].wasm,2ce79b61b792873e99c4291d44c1c178
all5/Number_names/[8-15][42-1].wasm,2ce79b61b792873e99c4291d44c1c178
all5/Number_names/[8-15][9-1].wasm,2ce79b61b792873e99c4291d44c1c178
all5/Number_names/[8-15][9-1][42-1].wasm,2ce79b61b792873e99c4291d44c1c178
all5/Number_names/[8-15][9-2].wasm,2ce79b61b792873e99c4291d44c1c178
all5/Number_names/[8-15][9-2][42-1].wasm,2ce79b61b792873e99c4291d44c1c178
all5/Number_names/[8-15][9-3].wasm,2ce79b61b792873e99c4291d44c1c178
all5/Number_names/[8-15][9-3][42-1].wasm,2ce79b61b792873e99c4291d44c1c178
all5/Number_names/[8-15][9-4].wasm,2ce79b61b792873e99c4291d44c1c178
all5/Number_names/[8-15][9-4][42-1].wasm,2ce79b61b792873e99c4291d44c1c178
all5/Number_names/[8-15][9-5].wasm,2ce79b61b792873e99c4291d44c1c178
all5/Number_names/[8-15][9-5][42-1].wasm,2ce79b61b792873e99c4291d44c1c178
all5/Number_names/[8-15][9-6].wasm,2ce79b61b792873e99c4291d44c1c178
all5/Number_names/[8-15][9-6][42-1].wasm,2ce79b61b792873e99c4291d44c1c178
all5/Number_names/[8-15][9-7].wasm,2ce79b61b792873e99c4291d44c1c178
all5/Number_names/[8-15][9-7][42-1].wasm,2ce79b61b792873e99c4291d44c1c178
all5/Number_names/[8-16].wasm,a6edd49356d58be0e3c3ee015fd5cdf8
all5/Number_names/[8-16][42-1].wasm,a6edd49356d58be0e3c3ee015fd5cdf8
all5/Number_names/[8-16][9-1].wasm,a6edd49356d58be0e3c3ee015fd5cdf8
all5/Number_names/[8-16][9-1][42-1].wasm,a6edd49356d58be0e3c3ee015fd5cdf8
all5/Number_names/[8-16][9-2].wasm,a6edd49356d58be0e3c3ee015fd5cdf8
all5/Number_names/[8-16][9-2][42-1].wasm,a6edd49356d58be0e3c3ee015fd5cdf8
all5/Number_names/[8-16][9-3].wasm,a6edd49356d58be0e3c3ee015fd5cdf8
all5/Number_names/[8-16][9-3][42-1].wasm,a6edd49356d58be0e3c3ee015fd5cdf8
all5/Number_names/[8-16][9-4].wasm,a6edd49356d58be0e3c3ee015fd5cdf8
all5/Number_names/[8-16][9-4][42-1].wasm,a6edd49356d58be0e3c3ee015fd5cdf8
all5/Number_names/[8-16][9-5].wasm,a6edd49356d58be0e3c3ee015fd5cdf8
all5/Number_names/[8-16][9-5][42-1].wasm,a6edd49356d58be0e3c3ee015fd5cdf8
all5/Number_names/[8-16][9-6].wasm,a6edd49356d58be0e3c3ee015fd5cdf8
all5/Number_names/[8-16][9-6][42-1].wasm,a6edd49356d58be0e3c3ee015fd5cdf8
all5/Number_names/[8-16][9-7].wasm,a6edd49356d58be0e3c3ee015fd5cdf8
all5/Number_names/[8-16][9-7][42-1].wasm,a6edd49356d58be0e3c3ee015fd5cdf8
all5/Number_names/[8-17].wasm,2ce79b61b792873e99c4291d44c1c178
all5/Number_names/[8-17][42-1].wasm,2ce79b61b792873e99c4291d44c1c178
all5/Number_names/[8-17][9-1].wasm,2ce79b61b792873e99c4291d44c1c178
all5/Number_names/[8-17][9-1][42-1].wasm,2ce79b61b792873e99c4291d44c1c178
all5/Number_names/[8-17][9-2].wasm,2ce79b61b792873e99c4291d44c1c178
all5/Number_names/[8-17][9-2][42-1].wasm,2ce79b61b792873e99c4291d44c1c178
all5/Number_names/[8-17][9-3].wasm,2ce79b61b792873e99c4291d44c1c178
all5/Number_names/[8-17][9-3][42-1].wasm,2ce79b61b792873e99c4291d44c1c178
all5/Number_names/[8-17][9-4].wasm,2ce79b61b792873e99c4291d44c1c178
all5/Number_names/[8-17][9-4][42-1].wasm,2ce79b61b792873e99c4291d44c1c178
all5/Number_names/[8-17][9-5].wasm,2ce79b61b792873e99c4291d44c1c178
all5/Number_names/[8-17][9-5][42-1].wasm,2ce79b61b792873e99c4291d44c1c178
all5/Number_names/[8-17][9-6].wasm,2ce79b61b792873e99c4291d44c1c178
all5/Number_names/[8-17][9-6][42-1].wasm,2ce79b61b792873e99c4291d44c1c178
all5/Number_names/[8-17][9-7].wasm,2ce79b61b792873e99c4291d44c1c178
all5/Number_names/[8-17][9-7][42-1].wasm,2ce79b61b792873e99c4291d44c1c178
all5/Number_names/[8-1].wasm,d88831639b8b1e35f6c14f4504375f2b
all5/Number_names/[8-1][42-1].wasm,d88831639b8b1e35f6c14f4504375f2b
all5/Number_names/[8-1][9-1].wasm,d88831639b8b1e35f6c14f4504375f2b
all5/Number_names/[8-1][9-1][42-1].wasm,d88831639b8b1e35f6c14f4504375f2b
all5/Number_names/[8-1][9-2].wasm,d88831639b8b1e35f6c14f4504375f2b
all5/Number_names/[8-1][9-2][42-1].wasm,d88831639b8b1e35f6c14f4504375f2b
all5/Number_names/[8-1][9-3].wasm,d88831639b8b1e35f6c14f4504375f2b
all5/Number_names/[8-1][9-3][42-1].wasm,d88831639b8b1e35f6c14f4504375f2b
all5/Number_names/[8-1][9-4].wasm,d88831639b8b1e35f6c14f4504375f2b
all5/Number_names/[8-1][9-4][42-1].wasm,d88831639b8b1e35f6c14f4504375f2b
all5/Number_names/[8-1][9-5].wasm,d88831639b8b1e35f6c14f4504375f2b
all5/Number_names/[8-1][9-5][42-1].wasm,d88831639b8b1e35f6c14f4504375f2b
all5/Number_names/[8-1][9-6].wasm,d88831639b8b1e35f6c14f4504375f2b
all5/Number_names/[8-1][9-6][42-1].wasm,d88831639b8b1e35f6c14f4504375f2b
all5/Number_names/[8-1][9-7].wasm,d88831639b8b1e35f6c14f4504375f2b
all5/Number_names/[8-1][9-7][42-1].wasm,d88831639b8b1e35f6c14f4504375f2b
all5/Number_names/[8-2].wasm,da30758325ac3c0704a24cda7c42b362
all5/Number_names/[8-2][42-1].wasm,da30758325ac3c0704a24cda7c42b362
all5/Number_names/[8-2][9-1].wasm,da30758325ac3c0704a24cda7c42b362
all5/Number_names/[8-2][9-1][42-1].wasm,da30758325ac3c0704a24cda7c42b362
all5/Number_names/[8-2][9-2].wasm,da30758325ac3c0704a24cda7c42b362
all5/Number_names/[8-2][9-2][42-1].wasm,da30758325ac3c0704a24cda7c42b362
all5/Number_names/[8-2][9-3].wasm,da30758325ac3c0704a24cda7c42b362
all5/Number_names/[8-2][9-3][42-1].wasm,da30758325ac3c0704a24cda7c42b362
all5/Number_names/[8-2][9-4].wasm,da30758325ac3c0704a24cda7c42b362
all5/Number_names/[8-2][9-4][42-1].wasm,da30758325ac3c0704a24cda7c42b362
all5/Number_names/[8-2][9-5].wasm,da30758325ac3c0704a24cda7c42b362
all5/Number_names/[8-2][9-5][42-1].wasm,da30758325ac3c0704a24cda7c42b362
all5/Number_names/[8-2][9-6].wasm,da30758325ac3c0704a24cda7c42b362
all5/Number_names/[8-2][9-6][42-1].wasm,da30758325ac3c0704a24cda7c42b362
all5/Number_names/[8-2][9-7].wasm,da30758325ac3c0704a24cda7c42b362
all5/Number_names/[8-2][9-7][42-1].wasm,da30758325ac3c0704a24cda7c42b362
all5/Number_names/[8-3].wasm,2ce79b61b792873e99c4291d44c1c178
all5/Number_names/[8-3][42-1].wasm,2ce79b61b792873e99c4291d44c1c178
all5/Number_names/[8-3][9-1].wasm,2ce79b61b792873e99c4291d44c1c178
all5/Number_names/[8-3][9-1][42-1].wasm,2ce79b61b792873e99c4291d44c1c178
all5/Number_names/[8-3][9-2].wasm,2ce79b61b792873e99c4291d44c1c178
all5/Number_names/[8-3][9-2][42-1].wasm,2ce79b61b792873e99c4291d44c1c178
all5/Number_names/[8-3][9-3].wasm,2ce79b61b792873e99c4291d44c1c178
all5/Number_names/[8-3][9-3][42-1].wasm,2ce79b61b792873e99c4291d44c1c178
all5/Number_names/[8-3][9-4].wasm,2ce79b61b792873e99c4291d44c1c178
all5/Number_names/[8-3][9-4][42-1].wasm,2ce79b61b792873e99c4291d44c1c178
all5/Number_names/[8-3][9-5].wasm,2ce79b61b792873e99c4291d44c1c178
all5/Number_names/[8-3][9-5][42-1].wasm,2ce79b61b792873e99c4291d44c1c178
all5/Number_names/[8-3][9-6].wasm,2ce79b61b792873e99c4291d44c1c178
all5/Number_names/[8-3][9-6][42-1].wasm,2ce79b61b792873e99c4291d44c1c178
all5/Number_names/[8-3][9-7].wasm,2ce79b61b792873e99c4291d44c1c178
all5/Number_names/[8-3][9-7][42-1].wasm,2ce79b61b792873e99c4291d44c1c178
all5/Number_names/[8-4].wasm,2ce79b61b792873e99c4291d44c1c178
all5/Number_names/[8-4][42-1].wasm,2ce79b61b792873e99c4291d44c1c178
all5/Number_names/[8-4][9-1].wasm,2ce79b61b792873e99c4291d44c1c178
all5/Number_names/[8-4][9-1][42-1].wasm,2ce79b61b792873e99c4291d44c1c178
all5/Number_names/[8-4][9-2].wasm,2ce79b61b792873e99c4291d44c1c178
all5/Number_names/[8-4][9-2][42-1].wasm,2ce79b61b792873e99c4291d44c1c178
all5/Number_names/[8-4][9-3].wasm,2ce79b61b792873e99c4291d44c1c178
all5/Number_names/[8-4][9-3][42-1].wasm,2ce79b61b792873e99c4291d44c1c178
all5/Number_names/[8-4][9-4].wasm,2ce79b61b792873e99c4291d44c1c178
all5/Number_names/[8-4][9-4][42-1].wasm,2ce79b61b792873e99c4291d44c1c178
all5/Number_names/[8-4][9-5].wasm,2ce79b61b792873e99c4291d44c1c178
all5/Number_names/[8-4][9-5][42-1].wasm,2ce79b61b792873e99c4291d44c1c178
all5/Number_names/[8-4][9-6].wasm,2ce79b61b792873e99c4291d44c1c178
all5/Number_names/[8-4][9-6][42-1].wasm,2ce79b61b792873e99c4291d44c1c178
all5/Number_names/[8-4][9-7].wasm,2ce79b61b792873e99c4291d44c1c178
all5/Number_names/[8-4][9-7][42-1].wasm,2ce79b61b792873e99c4291d44c1c178
all5/Number_names/[8-5].wasm,2ce79b61b792873e99c4291d44c1c178
all5/Number_names/[8-5][42-1].wasm,2ce79b61b792873e99c4291d44c1c178
all5/Number_names/[8-5][9-1].wasm,2ce79b61b792873e99c4291d44c1c178
all5/Number_names/[8-5][9-1][42-1].wasm,2ce79b61b792873e99c4291d44c1c178
all5/Number_names/[8-5][9-2].wasm,2ce79b61b792873e99c4291d44c1c178
all5/Number_names/[8-5][9-2][42-1].wasm,2ce79b61b792873e99c4291d44c1c178
all5/Number_names/[8-5][9-3].wasm,2ce79b61b792873e99c4291d44c1c178
all5/Number_names/[8-5][9-3][42-1].wasm,2ce79b61b792873e99c4291d44c1c178
all5/Number_names/[8-5][9-4].wasm,2ce79b61b792873e99c4291d44c1c178
all5/Number_names/[8-5][9-4][42-1].wasm,2ce79b61b792873e99c4291d44c1c178
all5/Number_names/[8-5][9-5].wasm,2ce79b61b792873e99c4291d44c1c178
all5/Number_names/[8-5][9-5][42-1].wasm,2ce79b61b792873e99c4291d44c1c178
all5/Number_names/[8-5][9-6].wasm,2ce79b61b792873e99c4291d44c1c178
all5/Number_names/[8-5][9-6][42-1].wasm,2ce79b61b792873e99c4291d44c1c178
all5/Number_names/[8-5][9-7].wasm,2ce79b61b792873e99c4291d44c1c178
all5/Number_names/[8-5][9-7][42-1].wasm,2ce79b61b792873e99c4291d44c1c178
all5/Number_names/[8-6].wasm,9b967735e2a7770a5cc4880bb2ec4261
all5/Number_names/[8-6][42-1].wasm,9b967735e2a7770a5cc4880bb2ec4261
all5/Number_names/[8-6][9-1].wasm,9b967735e2a7770a5cc4880bb2ec4261
all5/Number_names/[8-6][9-1][42-1].wasm,9b967735e2a7770a5cc4880bb2ec4261
all5/Number_names/[8-6][9-2].wasm,9b967735e2a7770a5cc4880bb2ec4261
all5/Number_names/[8-6][9-2][42-1].wasm,9b967735e2a7770a5cc4880bb2ec4261
all5/Number_names/[8-6][9-3].wasm,9b967735e2a7770a5cc4880bb2ec4261
all5/Number_names/[8-6][9-3][42-1].wasm,9b967735e2a7770a5cc4880bb2ec4261
all5/Number_names/[8-6][9-4].wasm,9b967735e2a7770a5cc4880bb2ec4261
all5/Number_names/[8-6][9-4][42-1].wasm,9b967735e2a7770a5cc4880bb2ec4261
all5/Number_names/[8-6][9-5].wasm,9b967735e2a7770a5cc4880bb2ec4261
all5/Number_names/[8-6][9-5][42-1].wasm,9b967735e2a7770a5cc4880bb2ec4261
all5/Number_names/[8-6][9-6].wasm,9b967735e2a7770a5cc4880bb2ec4261
all5/Number_names/[8-6][9-6][42-1].wasm,9b967735e2a7770a5cc4880bb2ec4261
all5/Number_names/[8-6][9-7].wasm,9b967735e2a7770a5cc4880bb2ec4261
all5/Number_names/[8-6][9-7][42-1].wasm,9b967735e2a7770a5cc4880bb2ec4261
all5/Number_names/[8-7].wasm,2ce79b61b792873e99c4291d44c1c178
all5/Number_names/[8-7][42-1].wasm,2ce79b61b792873e99c4291d44c1c178
all5/Number_names/[8-7][9-1].wasm,2ce79b61b792873e99c4291d44c1c178
all5/Number_names/[8-7][9-1][42-1].wasm,2ce79b61b792873e99c4291d44c1c178
all5/Number_names/[8-7][9-2].wasm,2ce79b61b792873e99c4291d44c1c178
all5/Number_names/[8-7][9-2][42-1].wasm,2ce79b61b792873e99c4291d44c1c178
all5/Number_names/[8-7][9-3].wasm,2ce79b61b792873e99c4291d44c1c178
all5/Number_names/[8-7][9-3][42-1].wasm,2ce79b61b792873e99c4291d44c1c178
all5/Number_names/[8-7][9-4].wasm,2ce79b61b792873e99c4291d44c1c178
all5/Number_names/[8-7][9-4][42-1].wasm,2ce79b61b792873e99c4291d44c1c178
all5/Number_names/[8-7][9-5].wasm,2ce79b61b792873e99c4291d44c1c178
all5/Number_names/[8-7][9-5][42-1].wasm,2ce79b61b792873e99c4291d44c1c178
all5/Number_names/[8-7][9-6].wasm,2ce79b61b792873e99c4291d44c1c178
all5/Number_names/[8-7][9-6][42-1].wasm,2ce79b61b792873e99c4291d44c1c178
all5/Number_names/[8-7][9-7].wasm,2ce79b61b792873e99c4291d44c1c178
all5/Number_names/[8-7][9-7][42-1].wasm,2ce79b61b792873e99c4291d44c1c178
all5/Number_names/[8-8].wasm,2ce79b61b792873e99c4291d44c1c178
all5/Number_names/[8-8][42-1].wasm,2ce79b61b792873e99c4291d44c1c178
all5/Number_names/[8-8][9-1].wasm,2ce79b61b792873e99c4291d44c1c178
all5/Number_names/[8-8][9-1][42-1].wasm,2ce79b61b792873e99c4291d44c1c178
all5/Number_names/[8-8][9-2].wasm,2ce79b61b792873e99c4291d44c1c178
all5/Number_names/[8-8][9-2][42-1].wasm,2ce79b61b792873e99c4291d44c1c178
all5/Number_names/[8-8][9-3].wasm,2ce79b61b792873e99c4291d44c1c178
all5/Number_names/[8-8][9-3][42-1].wasm,2ce79b61b792873e99c4291d44c1c178
all5/Number_names/[8-8][9-4].wasm,2ce79b61b792873e99c4291d44c1c178
all5/Number_names/[8-8][9-4][42-1].wasm,2ce79b61b792873e99c4291d44c1c178
all5/Number_names/[8-8][9-5].wasm,2ce79b61b792873e99c4291d44c1c178
all5/Number_names/[8-8][9-5][42-1].wasm,2ce79b61b792873e99c4291d44c1c178
all5/Number_names/[8-8][9-6].wasm,2ce79b61b792873e99c4291d44c1c178
all5/Number_names/[8-8][9-6][42-1].wasm,2ce79b61b792873e99c4291d44c1c178
all5/Number_names/[8-8][9-7].wasm,2ce79b61b792873e99c4291d44c1c178
all5/Number_names/[8-8][9-7][42-1].wasm,2ce79b61b792873e99c4291d44c1c178
all5/Number_names/[8-9].wasm,f41481ebdf1bfa07d7d716e9a5825d57
all5/Number_names/[8-9][42-1].wasm,f41481ebdf1bfa07d7d716e9a5825d57
all5/Number_names/[8-9][9-1].wasm,f41481ebdf1bfa07d7d716e9a5825d57
all5/Number_names/[8-9][9-1][42-1].wasm,f41481ebdf1bfa07d7d716e9a5825d57
all5/Number_names/[8-9][9-2].wasm,f41481ebdf1bfa07d7d716e9a5825d57
all5/Number_names/[8-9][9-2][42-1].wasm,f41481ebdf1bfa07d7d716e9a5825d57
all5/Number_names/[8-9][9-3].wasm,f41481ebdf1bfa07d7d716e9a5825d57
all5/Number_names/[8-9][9-3][42-1].wasm,f41481ebdf1bfa07d7d716e9a5825d57
all5/Number_names/[8-9][9-4].wasm,f41481ebdf1bfa07d7d716e9a5825d57
all5/Number_names/[8-9][9-4][42-1].wasm,f41481ebdf1bfa07d7d716e9a5825d57
all5/Number_names/[8-9][9-5].wasm,f41481ebdf1bfa07d7d716e9a5825d57
all5/Number_names/[8-9][9-5][42-1].wasm,f41481ebdf1bfa07d7d716e9a5825d57
all5/Number_names/[8-9][9-6].wasm,f41481ebdf1bfa07d7d716e9a5825d57
all5/Number_names/[8-9][9-6][42-1].wasm,f41481ebdf1bfa07d7d716e9a5825d57
all5/Number_names/[8-9][9-7].wasm,f41481ebdf1bfa07d7d716e9a5825d57
all5/Number_names/[8-9][9-7][42-1].wasm,f41481ebdf1bfa07d7d716e9a5825d57
all5/Number_names/[80-1].wasm,bbf202c3c78955b86e608c70a42e925a
all5/Number_names/[9-1].wasm,2ce79b61b792873e99c4291d44c1c178
all5/Number_names/[9-1][42-1].wasm,2ce79b61b792873e99c4291d44c1c178
all5/Number_names/[9-2].wasm,2ce79b61b792873e99c4291d44c1c178
all5/Number_names/[9-2][42-1].wasm,2ce79b61b792873e99c4291d44c1c178
all5/Number_names/[9-3].wasm,2ce79b61b792873e99c4291d44c1c178
all5/Number_names/[9-3][42-1].wasm,2ce79b61b792873e99c4291d44c1c178
all5/Number_names/[9-4].wasm,2ce79b61b792873e99c4291d44c1c178
all5/Number_names/[9-4][42-1].wasm,2ce79b61b792873e99c4291d44c1c178
all5/Number_names/[9-5].wasm,2ce79b61b792873e99c4291d44c1c178
all5/Number_names/[9-5][42-1].wasm,2ce79b61b792873e99c4291d44c1c178
all5/Number_names/[9-6].wasm,2ce79b61b792873e99c4291d44c1c178
all5/Number_names/[9-6][42-1].wasm,2ce79b61b792873e99c4291d44c1c178
all5/Number_names/[9-7].wasm,2ce79b61b792873e99c4291d44c1c178
all5/Number_names/[9-7][42-1].wasm,2ce79b61b792873e99c4291d44c1c178
