name, hash
all5/Numerical_integration-Adaptive_Simpsons_method/Numerical_integration-Adaptive_Simpsons_method.wasm,5ca5bc783f26e2b7558d6f446ba641ba
all5/Numerical_integration-Adaptive_Simpsons_method/Numerical_integration-Adaptive_Simpsons_method.wasm.~1~,20c3db442e64e64adb90f451fc9b7a48
all5/Numerical_integration-Adaptive_Simpsons_method/Numerical_integration-Adaptive_Simpsons_method.wasm.~2~,20c3db442e64e64adb90f451fc9b7a48
all5/Numerical_integration-Adaptive_Simpsons_method/[0-100].wasm,20c3db442e64e64adb90f451fc9b7a48
all5/Numerical_integration-Adaptive_Simpsons_method/[0-103].wasm,20c3db442e64e64adb90f451fc9b7a48
all5/Numerical_integration-Adaptive_Simpsons_method/[0-104].wasm,20c3db442e64e64adb90f451fc9b7a48
all5/Numerical_integration-Adaptive_Simpsons_method/[0-112].wasm,20c3db442e64e64adb90f451fc9b7a48
all5/Numerical_integration-Adaptive_Simpsons_method/[0-128].wasm,20c3db442e64e64adb90f451fc9b7a48
all5/Numerical_integration-Adaptive_Simpsons_method/[0-130].wasm,20c3db442e64e64adb90f451fc9b7a48
all5/Numerical_integration-Adaptive_Simpsons_method/[0-135].wasm,20c3db442e64e64adb90f451fc9b7a48
all5/Numerical_integration-Adaptive_Simpsons_method/[0-15].wasm,20c3db442e64e64adb90f451fc9b7a48
all5/Numerical_integration-Adaptive_Simpsons_method/[0-18].wasm,20c3db442e64e64adb90f451fc9b7a48
all5/Numerical_integration-Adaptive_Simpsons_method/[0-21].wasm,20c3db442e64e64adb90f451fc9b7a48
all5/Numerical_integration-Adaptive_Simpsons_method/[0-22].wasm,20c3db442e64e64adb90f451fc9b7a48
all5/Numerical_integration-Adaptive_Simpsons_method/[0-23].wasm,20c3db442e64e64adb90f451fc9b7a48
all5/Numerical_integration-Adaptive_Simpsons_method/[0-51].wasm,20c3db442e64e64adb90f451fc9b7a48
all5/Numerical_integration-Adaptive_Simpsons_method/[0-54].wasm,20c3db442e64e64adb90f451fc9b7a48
all5/Numerical_integration-Adaptive_Simpsons_method/[0-59].wasm,20c3db442e64e64adb90f451fc9b7a48
all5/Numerical_integration-Adaptive_Simpsons_method/[0-65].wasm,20c3db442e64e64adb90f451fc9b7a48
all5/Numerical_integration-Adaptive_Simpsons_method/[0-69].wasm,20c3db442e64e64adb90f451fc9b7a48
all5/Numerical_integration-Adaptive_Simpsons_method/[0-70].wasm,20c3db442e64e64adb90f451fc9b7a48
all5/Numerical_integration-Adaptive_Simpsons_method/[0-72].wasm,20c3db442e64e64adb90f451fc9b7a48
all5/Numerical_integration-Adaptive_Simpsons_method/[0-77].wasm,20c3db442e64e64adb90f451fc9b7a48
all5/Numerical_integration-Adaptive_Simpsons_method/[0-96].wasm,20c3db442e64e64adb90f451fc9b7a48
all5/Numerical_integration-Adaptive_Simpsons_method/[0-97].wasm,20c3db442e64e64adb90f451fc9b7a48
all5/Numerical_integration-Adaptive_Simpsons_method/[0-99].wasm,20c3db442e64e64adb90f451fc9b7a48
