name, hash
all5/Numeric_error_propagation/Numeric_error_propagation.wasm,4c9c3f70c7bc403766304452fda205de
all5/Numeric_error_propagation/Numeric_error_propagation.wasm.~1~,acfad926cb220f5f0396285531b961e0
all5/Numeric_error_propagation/Numeric_error_propagation.wasm.~2~,acfad926cb220f5f0396285531b961e0
all5/Numeric_error_propagation/[0-1].wasm,acfad926cb220f5f0396285531b961e0
all5/Numeric_error_propagation/[0-1][1-1].wasm,acfad926cb220f5f0396285531b961e0
all5/Numeric_error_propagation/[0-1][1-1][2-1].wasm,acfad926cb220f5f0396285531b961e0
all5/Numeric_error_propagation/[0-1][2-1].wasm,acfad926cb220f5f0396285531b961e0
all5/Numeric_error_propagation/[0-2].wasm,acfad926cb220f5f0396285531b961e0
all5/Numeric_error_propagation/[0-2][1-1].wasm,acfad926cb220f5f0396285531b961e0
all5/Numeric_error_propagation/[0-2][1-1][2-1].wasm,acfad926cb220f5f0396285531b961e0
all5/Numeric_error_propagation/[0-2][2-1].wasm,acfad926cb220f5f0396285531b961e0
all5/Numeric_error_propagation/[0-3].wasm,acfad926cb220f5f0396285531b961e0
all5/Numeric_error_propagation/[0-3][1-1].wasm,acfad926cb220f5f0396285531b961e0
all5/Numeric_error_propagation/[0-3][1-1][2-1].wasm,acfad926cb220f5f0396285531b961e0
all5/Numeric_error_propagation/[0-3][2-1].wasm,acfad926cb220f5f0396285531b961e0
all5/Numeric_error_propagation/[0-4].wasm,acfad926cb220f5f0396285531b961e0
all5/Numeric_error_propagation/[0-4][1-1].wasm,acfad926cb220f5f0396285531b961e0
all5/Numeric_error_propagation/[0-4][1-1][2-1].wasm,acfad926cb220f5f0396285531b961e0
all5/Numeric_error_propagation/[0-4][2-1].wasm,acfad926cb220f5f0396285531b961e0
all5/Numeric_error_propagation/[1-1].wasm,acfad926cb220f5f0396285531b961e0
all5/Numeric_error_propagation/[1-1][2-1].wasm,acfad926cb220f5f0396285531b961e0
all5/Numeric_error_propagation/[2-1].wasm,acfad926cb220f5f0396285531b961e0
