name, hash
all5/One-dimensional_cellular_automata/One-dimensional_cellular_automata.wasm,cdebfbda448dcd019065b36b4fe919b0
all5/One-dimensional_cellular_automata/One-dimensional_cellular_automata.wasm.~1~,cdebfbda448dcd019065b36b4fe919b0
all5/One-dimensional_cellular_automata/One-dimensional_cellular_automata.wasm.~2~,a14ff9cfb9fa769369d79520ac4e1bb8
all5/One-dimensional_cellular_automata/[1-1].wasm,a14ff9cfb9fa769369d79520ac4e1bb8
all5/One-dimensional_cellular_automata/[1-1][2-1].wasm,a14ff9cfb9fa769369d79520ac4e1bb8
all5/One-dimensional_cellular_automata/[1-1][2-1][3-1].wasm,a14ff9cfb9fa769369d79520ac4e1bb8
all5/One-dimensional_cellular_automata/[1-1][2-1][3-2].wasm,a14ff9cfb9fa769369d79520ac4e1bb8
all5/One-dimensional_cellular_automata/[1-1][2-1][3-3].wasm,a14ff9cfb9fa769369d79520ac4e1bb8
all5/One-dimensional_cellular_automata/[1-1][2-1][3-4].wasm,a14ff9cfb9fa769369d79520ac4e1bb8
all5/One-dimensional_cellular_automata/[1-1][2-2].wasm,a14ff9cfb9fa769369d79520ac4e1bb8
all5/One-dimensional_cellular_automata/[1-1][2-2][3-1].wasm,a14ff9cfb9fa769369d79520ac4e1bb8
all5/One-dimensional_cellular_automata/[1-1][2-2][3-2].wasm,a14ff9cfb9fa769369d79520ac4e1bb8
all5/One-dimensional_cellular_automata/[1-1][2-2][3-3].wasm,a14ff9cfb9fa769369d79520ac4e1bb8
all5/One-dimensional_cellular_automata/[1-1][2-2][3-4].wasm,a14ff9cfb9fa769369d79520ac4e1bb8
all5/One-dimensional_cellular_automata/[1-1][2-3].wasm,a14ff9cfb9fa769369d79520ac4e1bb8
all5/One-dimensional_cellular_automata/[1-1][2-3][3-1].wasm,a14ff9cfb9fa769369d79520ac4e1bb8
all5/One-dimensional_cellular_automata/[1-1][2-3][3-2].wasm,a14ff9cfb9fa769369d79520ac4e1bb8
all5/One-dimensional_cellular_automata/[1-1][2-3][3-3].wasm,a14ff9cfb9fa769369d79520ac4e1bb8
all5/One-dimensional_cellular_automata/[1-1][2-3][3-4].wasm,a14ff9cfb9fa769369d79520ac4e1bb8
all5/One-dimensional_cellular_automata/[1-1][2-4].wasm,a14ff9cfb9fa769369d79520ac4e1bb8
all5/One-dimensional_cellular_automata/[1-1][2-4][3-1].wasm,a14ff9cfb9fa769369d79520ac4e1bb8
all5/One-dimensional_cellular_automata/[1-1][2-4][3-2].wasm,a14ff9cfb9fa769369d79520ac4e1bb8
all5/One-dimensional_cellular_automata/[1-1][2-4][3-3].wasm,a14ff9cfb9fa769369d79520ac4e1bb8
all5/One-dimensional_cellular_automata/[1-1][2-4][3-4].wasm,a14ff9cfb9fa769369d79520ac4e1bb8
all5/One-dimensional_cellular_automata/[1-1][2-5].wasm,a14ff9cfb9fa769369d79520ac4e1bb8
all5/One-dimensional_cellular_automata/[1-1][2-5][3-1].wasm,a14ff9cfb9fa769369d79520ac4e1bb8
all5/One-dimensional_cellular_automata/[1-1][2-5][3-2].wasm,a14ff9cfb9fa769369d79520ac4e1bb8
all5/One-dimensional_cellular_automata/[1-1][2-5][3-3].wasm,a14ff9cfb9fa769369d79520ac4e1bb8
all5/One-dimensional_cellular_automata/[1-1][2-5][3-4].wasm,a14ff9cfb9fa769369d79520ac4e1bb8
all5/One-dimensional_cellular_automata/[1-1][2-6].wasm,a14ff9cfb9fa769369d79520ac4e1bb8
all5/One-dimensional_cellular_automata/[1-1][2-6][3-1].wasm,a14ff9cfb9fa769369d79520ac4e1bb8
all5/One-dimensional_cellular_automata/[1-1][2-6][3-2].wasm,a14ff9cfb9fa769369d79520ac4e1bb8
all5/One-dimensional_cellular_automata/[1-1][2-6][3-3].wasm,a14ff9cfb9fa769369d79520ac4e1bb8
all5/One-dimensional_cellular_automata/[1-1][2-6][3-4].wasm,a14ff9cfb9fa769369d79520ac4e1bb8
all5/One-dimensional_cellular_automata/[1-1][2-7].wasm,a14ff9cfb9fa769369d79520ac4e1bb8
all5/One-dimensional_cellular_automata/[1-1][2-7][3-1].wasm,a14ff9cfb9fa769369d79520ac4e1bb8
all5/One-dimensional_cellular_automata/[1-1][2-7][3-2].wasm,a14ff9cfb9fa769369d79520ac4e1bb8
all5/One-dimensional_cellular_automata/[1-1][2-7][3-3].wasm,a14ff9cfb9fa769369d79520ac4e1bb8
all5/One-dimensional_cellular_automata/[1-1][2-7][3-4].wasm,a14ff9cfb9fa769369d79520ac4e1bb8
all5/One-dimensional_cellular_automata/[1-1][3-1].wasm,a14ff9cfb9fa769369d79520ac4e1bb8
all5/One-dimensional_cellular_automata/[1-1][3-2].wasm,a14ff9cfb9fa769369d79520ac4e1bb8
all5/One-dimensional_cellular_automata/[1-1][3-3].wasm,a14ff9cfb9fa769369d79520ac4e1bb8
all5/One-dimensional_cellular_automata/[1-1][3-4].wasm,a14ff9cfb9fa769369d79520ac4e1bb8
all5/One-dimensional_cellular_automata/[1-2].wasm,a14ff9cfb9fa769369d79520ac4e1bb8
all5/One-dimensional_cellular_automata/[1-2][2-1].wasm,a14ff9cfb9fa769369d79520ac4e1bb8
all5/One-dimensional_cellular_automata/[1-2][2-1][3-1].wasm,a14ff9cfb9fa769369d79520ac4e1bb8
all5/One-dimensional_cellular_automata/[1-2][2-1][3-2].wasm,a14ff9cfb9fa769369d79520ac4e1bb8
all5/One-dimensional_cellular_automata/[1-2][2-1][3-3].wasm,a14ff9cfb9fa769369d79520ac4e1bb8
all5/One-dimensional_cellular_automata/[1-2][2-1][3-4].wasm,a14ff9cfb9fa769369d79520ac4e1bb8
all5/One-dimensional_cellular_automata/[1-2][2-2].wasm,a14ff9cfb9fa769369d79520ac4e1bb8
all5/One-dimensional_cellular_automata/[1-2][2-2][3-1].wasm,a14ff9cfb9fa769369d79520ac4e1bb8
all5/One-dimensional_cellular_automata/[1-2][2-2][3-2].wasm,a14ff9cfb9fa769369d79520ac4e1bb8
all5/One-dimensional_cellular_automata/[1-2][2-2][3-3].wasm,a14ff9cfb9fa769369d79520ac4e1bb8
all5/One-dimensional_cellular_automata/[1-2][2-2][3-4].wasm,a14ff9cfb9fa769369d79520ac4e1bb8
all5/One-dimensional_cellular_automata/[1-2][2-3].wasm,a14ff9cfb9fa769369d79520ac4e1bb8
all5/One-dimensional_cellular_automata/[1-2][2-3][3-1].wasm,a14ff9cfb9fa769369d79520ac4e1bb8
all5/One-dimensional_cellular_automata/[1-2][2-3][3-2].wasm,a14ff9cfb9fa769369d79520ac4e1bb8
all5/One-dimensional_cellular_automata/[1-2][2-3][3-3].wasm,a14ff9cfb9fa769369d79520ac4e1bb8
all5/One-dimensional_cellular_automata/[1-2][2-3][3-4].wasm,a14ff9cfb9fa769369d79520ac4e1bb8
all5/One-dimensional_cellular_automata/[1-2][2-4].wasm,a14ff9cfb9fa769369d79520ac4e1bb8
all5/One-dimensional_cellular_automata/[1-2][2-4][3-1].wasm,a14ff9cfb9fa769369d79520ac4e1bb8
all5/One-dimensional_cellular_automata/[1-2][2-4][3-2].wasm,a14ff9cfb9fa769369d79520ac4e1bb8
all5/One-dimensional_cellular_automata/[1-2][2-4][3-3].wasm,a14ff9cfb9fa769369d79520ac4e1bb8
all5/One-dimensional_cellular_automata/[1-2][2-4][3-4].wasm,a14ff9cfb9fa769369d79520ac4e1bb8
all5/One-dimensional_cellular_automata/[1-2][2-5].wasm,a14ff9cfb9fa769369d79520ac4e1bb8
all5/One-dimensional_cellular_automata/[1-2][2-5][3-1].wasm,a14ff9cfb9fa769369d79520ac4e1bb8
all5/One-dimensional_cellular_automata/[1-2][2-5][3-2].wasm,a14ff9cfb9fa769369d79520ac4e1bb8
all5/One-dimensional_cellular_automata/[1-2][2-5][3-3].wasm,a14ff9cfb9fa769369d79520ac4e1bb8
all5/One-dimensional_cellular_automata/[1-2][2-5][3-4].wasm,a14ff9cfb9fa769369d79520ac4e1bb8
all5/One-dimensional_cellular_automata/[1-2][2-6].wasm,a14ff9cfb9fa769369d79520ac4e1bb8
all5/One-dimensional_cellular_automata/[1-2][2-6][3-1].wasm,a14ff9cfb9fa769369d79520ac4e1bb8
all5/One-dimensional_cellular_automata/[1-2][2-6][3-2].wasm,a14ff9cfb9fa769369d79520ac4e1bb8
all5/One-dimensional_cellular_automata/[1-2][2-6][3-3].wasm,a14ff9cfb9fa769369d79520ac4e1bb8
all5/One-dimensional_cellular_automata/[1-2][2-6][3-4].wasm,a14ff9cfb9fa769369d79520ac4e1bb8
all5/One-dimensional_cellular_automata/[1-2][2-7].wasm,a14ff9cfb9fa769369d79520ac4e1bb8
all5/One-dimensional_cellular_automata/[1-2][2-7][3-1].wasm,a14ff9cfb9fa769369d79520ac4e1bb8
all5/One-dimensional_cellular_automata/[1-2][2-7][3-2].wasm,a14ff9cfb9fa769369d79520ac4e1bb8
all5/One-dimensional_cellular_automata/[1-2][2-7][3-3].wasm,a14ff9cfb9fa769369d79520ac4e1bb8
all5/One-dimensional_cellular_automata/[1-2][2-7][3-4].wasm,a14ff9cfb9fa769369d79520ac4e1bb8
all5/One-dimensional_cellular_automata/[1-2][3-1].wasm,a14ff9cfb9fa769369d79520ac4e1bb8
all5/One-dimensional_cellular_automata/[1-2][3-2].wasm,a14ff9cfb9fa769369d79520ac4e1bb8
all5/One-dimensional_cellular_automata/[1-2][3-3].wasm,a14ff9cfb9fa769369d79520ac4e1bb8
all5/One-dimensional_cellular_automata/[1-2][3-4].wasm,a14ff9cfb9fa769369d79520ac4e1bb8
all5/One-dimensional_cellular_automata/[1-3].wasm,a14ff9cfb9fa769369d79520ac4e1bb8
all5/One-dimensional_cellular_automata/[1-3][2-1].wasm,a14ff9cfb9fa769369d79520ac4e1bb8
all5/One-dimensional_cellular_automata/[1-3][2-1][3-1].wasm,a14ff9cfb9fa769369d79520ac4e1bb8
all5/One-dimensional_cellular_automata/[1-3][2-1][3-2].wasm,a14ff9cfb9fa769369d79520ac4e1bb8
all5/One-dimensional_cellular_automata/[1-3][2-1][3-3].wasm,a14ff9cfb9fa769369d79520ac4e1bb8
all5/One-dimensional_cellular_automata/[1-3][2-1][3-4].wasm,a14ff9cfb9fa769369d79520ac4e1bb8
all5/One-dimensional_cellular_automata/[1-3][2-2].wasm,a14ff9cfb9fa769369d79520ac4e1bb8
all5/One-dimensional_cellular_automata/[1-3][2-2][3-1].wasm,a14ff9cfb9fa769369d79520ac4e1bb8
all5/One-dimensional_cellular_automata/[1-3][2-2][3-2].wasm,a14ff9cfb9fa769369d79520ac4e1bb8
all5/One-dimensional_cellular_automata/[1-3][2-2][3-3].wasm,a14ff9cfb9fa769369d79520ac4e1bb8
all5/One-dimensional_cellular_automata/[1-3][2-2][3-4].wasm,a14ff9cfb9fa769369d79520ac4e1bb8
all5/One-dimensional_cellular_automata/[1-3][2-3].wasm,a14ff9cfb9fa769369d79520ac4e1bb8
all5/One-dimensional_cellular_automata/[1-3][2-3][3-1].wasm,a14ff9cfb9fa769369d79520ac4e1bb8
all5/One-dimensional_cellular_automata/[1-3][2-3][3-2].wasm,a14ff9cfb9fa769369d79520ac4e1bb8
all5/One-dimensional_cellular_automata/[1-3][2-3][3-3].wasm,a14ff9cfb9fa769369d79520ac4e1bb8
all5/One-dimensional_cellular_automata/[1-3][2-3][3-4].wasm,a14ff9cfb9fa769369d79520ac4e1bb8
all5/One-dimensional_cellular_automata/[1-3][2-4].wasm,a14ff9cfb9fa769369d79520ac4e1bb8
all5/One-dimensional_cellular_automata/[1-3][2-4][3-1].wasm,a14ff9cfb9fa769369d79520ac4e1bb8
all5/One-dimensional_cellular_automata/[1-3][2-4][3-2].wasm,a14ff9cfb9fa769369d79520ac4e1bb8
all5/One-dimensional_cellular_automata/[1-3][2-4][3-3].wasm,a14ff9cfb9fa769369d79520ac4e1bb8
all5/One-dimensional_cellular_automata/[1-3][2-4][3-4].wasm,a14ff9cfb9fa769369d79520ac4e1bb8
all5/One-dimensional_cellular_automata/[1-3][2-5].wasm,a14ff9cfb9fa769369d79520ac4e1bb8
all5/One-dimensional_cellular_automata/[1-3][2-5][3-1].wasm,a14ff9cfb9fa769369d79520ac4e1bb8
all5/One-dimensional_cellular_automata/[1-3][2-5][3-2].wasm,a14ff9cfb9fa769369d79520ac4e1bb8
all5/One-dimensional_cellular_automata/[1-3][2-5][3-3].wasm,a14ff9cfb9fa769369d79520ac4e1bb8
all5/One-dimensional_cellular_automata/[1-3][2-5][3-4].wasm,a14ff9cfb9fa769369d79520ac4e1bb8
all5/One-dimensional_cellular_automata/[1-3][2-6].wasm,a14ff9cfb9fa769369d79520ac4e1bb8
all5/One-dimensional_cellular_automata/[1-3][2-6][3-1].wasm,a14ff9cfb9fa769369d79520ac4e1bb8
all5/One-dimensional_cellular_automata/[1-3][2-6][3-2].wasm,a14ff9cfb9fa769369d79520ac4e1bb8
all5/One-dimensional_cellular_automata/[1-3][2-6][3-3].wasm,a14ff9cfb9fa769369d79520ac4e1bb8
all5/One-dimensional_cellular_automata/[1-3][2-6][3-4].wasm,a14ff9cfb9fa769369d79520ac4e1bb8
all5/One-dimensional_cellular_automata/[1-3][2-7].wasm,a14ff9cfb9fa769369d79520ac4e1bb8
all5/One-dimensional_cellular_automata/[1-3][2-7][3-1].wasm,a14ff9cfb9fa769369d79520ac4e1bb8
all5/One-dimensional_cellular_automata/[1-3][2-7][3-2].wasm,a14ff9cfb9fa769369d79520ac4e1bb8
all5/One-dimensional_cellular_automata/[1-3][2-7][3-3].wasm,a14ff9cfb9fa769369d79520ac4e1bb8
all5/One-dimensional_cellular_automata/[1-3][2-7][3-4].wasm,a14ff9cfb9fa769369d79520ac4e1bb8
all5/One-dimensional_cellular_automata/[1-3][3-1].wasm,a14ff9cfb9fa769369d79520ac4e1bb8
all5/One-dimensional_cellular_automata/[1-3][3-2].wasm,a14ff9cfb9fa769369d79520ac4e1bb8
all5/One-dimensional_cellular_automata/[1-3][3-3].wasm,a14ff9cfb9fa769369d79520ac4e1bb8
all5/One-dimensional_cellular_automata/[1-3][3-4].wasm,a14ff9cfb9fa769369d79520ac4e1bb8
all5/One-dimensional_cellular_automata/[1-4].wasm,a14ff9cfb9fa769369d79520ac4e1bb8
all5/One-dimensional_cellular_automata/[1-4][2-1].wasm,a14ff9cfb9fa769369d79520ac4e1bb8
all5/One-dimensional_cellular_automata/[1-4][2-1][3-1].wasm,a14ff9cfb9fa769369d79520ac4e1bb8
all5/One-dimensional_cellular_automata/[1-4][2-1][3-2].wasm,a14ff9cfb9fa769369d79520ac4e1bb8
all5/One-dimensional_cellular_automata/[1-4][2-1][3-3].wasm,a14ff9cfb9fa769369d79520ac4e1bb8
all5/One-dimensional_cellular_automata/[1-4][2-1][3-4].wasm,a14ff9cfb9fa769369d79520ac4e1bb8
all5/One-dimensional_cellular_automata/[1-4][2-2].wasm,a14ff9cfb9fa769369d79520ac4e1bb8
all5/One-dimensional_cellular_automata/[1-4][2-2][3-1].wasm,a14ff9cfb9fa769369d79520ac4e1bb8
all5/One-dimensional_cellular_automata/[1-4][2-2][3-2].wasm,a14ff9cfb9fa769369d79520ac4e1bb8
all5/One-dimensional_cellular_automata/[1-4][2-2][3-3].wasm,a14ff9cfb9fa769369d79520ac4e1bb8
all5/One-dimensional_cellular_automata/[1-4][2-2][3-4].wasm,a14ff9cfb9fa769369d79520ac4e1bb8
all5/One-dimensional_cellular_automata/[1-4][2-3].wasm,a14ff9cfb9fa769369d79520ac4e1bb8
all5/One-dimensional_cellular_automata/[1-4][2-3][3-1].wasm,a14ff9cfb9fa769369d79520ac4e1bb8
all5/One-dimensional_cellular_automata/[1-4][2-3][3-2].wasm,a14ff9cfb9fa769369d79520ac4e1bb8
all5/One-dimensional_cellular_automata/[1-4][2-3][3-3].wasm,a14ff9cfb9fa769369d79520ac4e1bb8
all5/One-dimensional_cellular_automata/[1-4][2-3][3-4].wasm,a14ff9cfb9fa769369d79520ac4e1bb8
all5/One-dimensional_cellular_automata/[1-4][2-4].wasm,a14ff9cfb9fa769369d79520ac4e1bb8
all5/One-dimensional_cellular_automata/[1-4][2-4][3-1].wasm,a14ff9cfb9fa769369d79520ac4e1bb8
all5/One-dimensional_cellular_automata/[1-4][2-4][3-2].wasm,a14ff9cfb9fa769369d79520ac4e1bb8
all5/One-dimensional_cellular_automata/[1-4][2-4][3-3].wasm,a14ff9cfb9fa769369d79520ac4e1bb8
all5/One-dimensional_cellular_automata/[1-4][2-4][3-4].wasm,a14ff9cfb9fa769369d79520ac4e1bb8
all5/One-dimensional_cellular_automata/[1-4][2-5].wasm,a14ff9cfb9fa769369d79520ac4e1bb8
all5/One-dimensional_cellular_automata/[1-4][2-5][3-1].wasm,a14ff9cfb9fa769369d79520ac4e1bb8
all5/One-dimensional_cellular_automata/[1-4][2-5][3-2].wasm,a14ff9cfb9fa769369d79520ac4e1bb8
all5/One-dimensional_cellular_automata/[1-4][2-5][3-3].wasm,a14ff9cfb9fa769369d79520ac4e1bb8
all5/One-dimensional_cellular_automata/[1-4][2-5][3-4].wasm,a14ff9cfb9fa769369d79520ac4e1bb8
all5/One-dimensional_cellular_automata/[1-4][2-6].wasm,a14ff9cfb9fa769369d79520ac4e1bb8
all5/One-dimensional_cellular_automata/[1-4][2-6][3-1].wasm,a14ff9cfb9fa769369d79520ac4e1bb8
all5/One-dimensional_cellular_automata/[1-4][2-6][3-2].wasm,a14ff9cfb9fa769369d79520ac4e1bb8
all5/One-dimensional_cellular_automata/[1-4][2-6][3-3].wasm,a14ff9cfb9fa769369d79520ac4e1bb8
all5/One-dimensional_cellular_automata/[1-4][2-6][3-4].wasm,a14ff9cfb9fa769369d79520ac4e1bb8
all5/One-dimensional_cellular_automata/[1-4][2-7].wasm,a14ff9cfb9fa769369d79520ac4e1bb8
all5/One-dimensional_cellular_automata/[1-4][2-7][3-1].wasm,a14ff9cfb9fa769369d79520ac4e1bb8
all5/One-dimensional_cellular_automata/[1-4][2-7][3-2].wasm,a14ff9cfb9fa769369d79520ac4e1bb8
all5/One-dimensional_cellular_automata/[1-4][2-7][3-3].wasm,a14ff9cfb9fa769369d79520ac4e1bb8
all5/One-dimensional_cellular_automata/[1-4][2-7][3-4].wasm,a14ff9cfb9fa769369d79520ac4e1bb8
all5/One-dimensional_cellular_automata/[1-4][3-1].wasm,a14ff9cfb9fa769369d79520ac4e1bb8
all5/One-dimensional_cellular_automata/[1-4][3-2].wasm,a14ff9cfb9fa769369d79520ac4e1bb8
all5/One-dimensional_cellular_automata/[1-4][3-3].wasm,a14ff9cfb9fa769369d79520ac4e1bb8
all5/One-dimensional_cellular_automata/[1-4][3-4].wasm,a14ff9cfb9fa769369d79520ac4e1bb8
all5/One-dimensional_cellular_automata/[1-5].wasm,a14ff9cfb9fa769369d79520ac4e1bb8
all5/One-dimensional_cellular_automata/[1-5][2-1].wasm,a14ff9cfb9fa769369d79520ac4e1bb8
all5/One-dimensional_cellular_automata/[1-5][2-1][3-1].wasm,a14ff9cfb9fa769369d79520ac4e1bb8
all5/One-dimensional_cellular_automata/[1-5][2-1][3-2].wasm,a14ff9cfb9fa769369d79520ac4e1bb8
all5/One-dimensional_cellular_automata/[1-5][2-1][3-3].wasm,a14ff9cfb9fa769369d79520ac4e1bb8
all5/One-dimensional_cellular_automata/[1-5][2-1][3-4].wasm,a14ff9cfb9fa769369d79520ac4e1bb8
all5/One-dimensional_cellular_automata/[1-5][2-2].wasm,a14ff9cfb9fa769369d79520ac4e1bb8
all5/One-dimensional_cellular_automata/[1-5][2-2][3-1].wasm,a14ff9cfb9fa769369d79520ac4e1bb8
all5/One-dimensional_cellular_automata/[1-5][2-2][3-2].wasm,a14ff9cfb9fa769369d79520ac4e1bb8
all5/One-dimensional_cellular_automata/[1-5][2-2][3-3].wasm,a14ff9cfb9fa769369d79520ac4e1bb8
all5/One-dimensional_cellular_automata/[1-5][2-2][3-4].wasm,a14ff9cfb9fa769369d79520ac4e1bb8
all5/One-dimensional_cellular_automata/[1-5][2-3].wasm,a14ff9cfb9fa769369d79520ac4e1bb8
all5/One-dimensional_cellular_automata/[1-5][2-3][3-1].wasm,a14ff9cfb9fa769369d79520ac4e1bb8
all5/One-dimensional_cellular_automata/[1-5][2-3][3-2].wasm,a14ff9cfb9fa769369d79520ac4e1bb8
all5/One-dimensional_cellular_automata/[1-5][2-3][3-3].wasm,a14ff9cfb9fa769369d79520ac4e1bb8
all5/One-dimensional_cellular_automata/[1-5][2-3][3-4].wasm,a14ff9cfb9fa769369d79520ac4e1bb8
all5/One-dimensional_cellular_automata/[1-5][2-4].wasm,a14ff9cfb9fa769369d79520ac4e1bb8
all5/One-dimensional_cellular_automata/[1-5][2-4][3-1].wasm,a14ff9cfb9fa769369d79520ac4e1bb8
all5/One-dimensional_cellular_automata/[1-5][2-4][3-2].wasm,a14ff9cfb9fa769369d79520ac4e1bb8
all5/One-dimensional_cellular_automata/[1-5][2-4][3-3].wasm,a14ff9cfb9fa769369d79520ac4e1bb8
all5/One-dimensional_cellular_automata/[1-5][2-4][3-4].wasm,a14ff9cfb9fa769369d79520ac4e1bb8
all5/One-dimensional_cellular_automata/[1-5][2-5].wasm,a14ff9cfb9fa769369d79520ac4e1bb8
all5/One-dimensional_cellular_automata/[1-5][2-5][3-1].wasm,a14ff9cfb9fa769369d79520ac4e1bb8
all5/One-dimensional_cellular_automata/[1-5][2-5][3-2].wasm,a14ff9cfb9fa769369d79520ac4e1bb8
all5/One-dimensional_cellular_automata/[1-5][2-5][3-3].wasm,a14ff9cfb9fa769369d79520ac4e1bb8
all5/One-dimensional_cellular_automata/[1-5][2-5][3-4].wasm,a14ff9cfb9fa769369d79520ac4e1bb8
all5/One-dimensional_cellular_automata/[1-5][2-6].wasm,a14ff9cfb9fa769369d79520ac4e1bb8
all5/One-dimensional_cellular_automata/[1-5][2-6][3-1].wasm,a14ff9cfb9fa769369d79520ac4e1bb8
all5/One-dimensional_cellular_automata/[1-5][2-6][3-2].wasm,a14ff9cfb9fa769369d79520ac4e1bb8
all5/One-dimensional_cellular_automata/[1-5][2-6][3-3].wasm,a14ff9cfb9fa769369d79520ac4e1bb8
all5/One-dimensional_cellular_automata/[1-5][2-6][3-4].wasm,a14ff9cfb9fa769369d79520ac4e1bb8
all5/One-dimensional_cellular_automata/[1-5][2-7].wasm,a14ff9cfb9fa769369d79520ac4e1bb8
all5/One-dimensional_cellular_automata/[1-5][2-7][3-1].wasm,a14ff9cfb9fa769369d79520ac4e1bb8
all5/One-dimensional_cellular_automata/[1-5][2-7][3-2].wasm,a14ff9cfb9fa769369d79520ac4e1bb8
all5/One-dimensional_cellular_automata/[1-5][2-7][3-3].wasm,a14ff9cfb9fa769369d79520ac4e1bb8
all5/One-dimensional_cellular_automata/[1-5][2-7][3-4].wasm,a14ff9cfb9fa769369d79520ac4e1bb8
all5/One-dimensional_cellular_automata/[1-5][3-1].wasm,a14ff9cfb9fa769369d79520ac4e1bb8
all5/One-dimensional_cellular_automata/[1-5][3-2].wasm,a14ff9cfb9fa769369d79520ac4e1bb8
all5/One-dimensional_cellular_automata/[1-5][3-3].wasm,a14ff9cfb9fa769369d79520ac4e1bb8
all5/One-dimensional_cellular_automata/[1-5][3-4].wasm,a14ff9cfb9fa769369d79520ac4e1bb8
all5/One-dimensional_cellular_automata/[1-6].wasm,a14ff9cfb9fa769369d79520ac4e1bb8
all5/One-dimensional_cellular_automata/[1-6][2-1].wasm,a14ff9cfb9fa769369d79520ac4e1bb8
all5/One-dimensional_cellular_automata/[1-6][2-1][3-1].wasm,a14ff9cfb9fa769369d79520ac4e1bb8
all5/One-dimensional_cellular_automata/[1-6][2-1][3-2].wasm,a14ff9cfb9fa769369d79520ac4e1bb8
all5/One-dimensional_cellular_automata/[1-6][2-1][3-3].wasm,a14ff9cfb9fa769369d79520ac4e1bb8
all5/One-dimensional_cellular_automata/[1-6][2-1][3-4].wasm,a14ff9cfb9fa769369d79520ac4e1bb8
all5/One-dimensional_cellular_automata/[1-6][2-2].wasm,a14ff9cfb9fa769369d79520ac4e1bb8
all5/One-dimensional_cellular_automata/[1-6][2-2][3-1].wasm,a14ff9cfb9fa769369d79520ac4e1bb8
all5/One-dimensional_cellular_automata/[1-6][2-2][3-2].wasm,a14ff9cfb9fa769369d79520ac4e1bb8
all5/One-dimensional_cellular_automata/[1-6][2-2][3-3].wasm,a14ff9cfb9fa769369d79520ac4e1bb8
all5/One-dimensional_cellular_automata/[1-6][2-2][3-4].wasm,a14ff9cfb9fa769369d79520ac4e1bb8
all5/One-dimensional_cellular_automata/[1-6][2-3].wasm,a14ff9cfb9fa769369d79520ac4e1bb8
all5/One-dimensional_cellular_automata/[1-6][2-3][3-1].wasm,a14ff9cfb9fa769369d79520ac4e1bb8
all5/One-dimensional_cellular_automata/[1-6][2-3][3-2].wasm,a14ff9cfb9fa769369d79520ac4e1bb8
all5/One-dimensional_cellular_automata/[1-6][2-3][3-3].wasm,a14ff9cfb9fa769369d79520ac4e1bb8
all5/One-dimensional_cellular_automata/[1-6][2-3][3-4].wasm,a14ff9cfb9fa769369d79520ac4e1bb8
all5/One-dimensional_cellular_automata/[1-6][2-4].wasm,a14ff9cfb9fa769369d79520ac4e1bb8
all5/One-dimensional_cellular_automata/[1-6][2-4][3-1].wasm,a14ff9cfb9fa769369d79520ac4e1bb8
all5/One-dimensional_cellular_automata/[1-6][2-4][3-2].wasm,a14ff9cfb9fa769369d79520ac4e1bb8
all5/One-dimensional_cellular_automata/[1-6][2-4][3-3].wasm,a14ff9cfb9fa769369d79520ac4e1bb8
all5/One-dimensional_cellular_automata/[1-6][2-4][3-4].wasm,a14ff9cfb9fa769369d79520ac4e1bb8
all5/One-dimensional_cellular_automata/[1-6][2-5].wasm,a14ff9cfb9fa769369d79520ac4e1bb8
all5/One-dimensional_cellular_automata/[1-6][2-5][3-1].wasm,a14ff9cfb9fa769369d79520ac4e1bb8
all5/One-dimensional_cellular_automata/[1-6][2-5][3-2].wasm,a14ff9cfb9fa769369d79520ac4e1bb8
all5/One-dimensional_cellular_automata/[1-6][2-5][3-3].wasm,a14ff9cfb9fa769369d79520ac4e1bb8
all5/One-dimensional_cellular_automata/[1-6][2-5][3-4].wasm,a14ff9cfb9fa769369d79520ac4e1bb8
all5/One-dimensional_cellular_automata/[1-6][2-6].wasm,a14ff9cfb9fa769369d79520ac4e1bb8
all5/One-dimensional_cellular_automata/[1-6][2-6][3-1].wasm,a14ff9cfb9fa769369d79520ac4e1bb8
all5/One-dimensional_cellular_automata/[1-6][2-6][3-2].wasm,a14ff9cfb9fa769369d79520ac4e1bb8
all5/One-dimensional_cellular_automata/[1-6][2-6][3-3].wasm,a14ff9cfb9fa769369d79520ac4e1bb8
all5/One-dimensional_cellular_automata/[1-6][2-6][3-4].wasm,a14ff9cfb9fa769369d79520ac4e1bb8
all5/One-dimensional_cellular_automata/[1-6][2-7].wasm,a14ff9cfb9fa769369d79520ac4e1bb8
all5/One-dimensional_cellular_automata/[1-6][2-7][3-1].wasm,a14ff9cfb9fa769369d79520ac4e1bb8
all5/One-dimensional_cellular_automata/[1-6][2-7][3-2].wasm,a14ff9cfb9fa769369d79520ac4e1bb8
all5/One-dimensional_cellular_automata/[1-6][2-7][3-3].wasm,a14ff9cfb9fa769369d79520ac4e1bb8
all5/One-dimensional_cellular_automata/[1-6][2-7][3-4].wasm,a14ff9cfb9fa769369d79520ac4e1bb8
all5/One-dimensional_cellular_automata/[1-6][3-1].wasm,a14ff9cfb9fa769369d79520ac4e1bb8
all5/One-dimensional_cellular_automata/[1-6][3-2].wasm,a14ff9cfb9fa769369d79520ac4e1bb8
all5/One-dimensional_cellular_automata/[1-6][3-3].wasm,a14ff9cfb9fa769369d79520ac4e1bb8
all5/One-dimensional_cellular_automata/[1-6][3-4].wasm,a14ff9cfb9fa769369d79520ac4e1bb8
all5/One-dimensional_cellular_automata/[1-7].wasm,a14ff9cfb9fa769369d79520ac4e1bb8
all5/One-dimensional_cellular_automata/[1-7][2-1].wasm,a14ff9cfb9fa769369d79520ac4e1bb8
all5/One-dimensional_cellular_automata/[1-7][2-1][3-1].wasm,a14ff9cfb9fa769369d79520ac4e1bb8
all5/One-dimensional_cellular_automata/[1-7][2-1][3-2].wasm,a14ff9cfb9fa769369d79520ac4e1bb8
all5/One-dimensional_cellular_automata/[1-7][2-1][3-3].wasm,a14ff9cfb9fa769369d79520ac4e1bb8
all5/One-dimensional_cellular_automata/[1-7][2-1][3-4].wasm,a14ff9cfb9fa769369d79520ac4e1bb8
all5/One-dimensional_cellular_automata/[1-7][2-2].wasm,a14ff9cfb9fa769369d79520ac4e1bb8
all5/One-dimensional_cellular_automata/[1-7][2-2][3-1].wasm,a14ff9cfb9fa769369d79520ac4e1bb8
all5/One-dimensional_cellular_automata/[1-7][2-2][3-2].wasm,a14ff9cfb9fa769369d79520ac4e1bb8
all5/One-dimensional_cellular_automata/[1-7][2-2][3-3].wasm,a14ff9cfb9fa769369d79520ac4e1bb8
all5/One-dimensional_cellular_automata/[1-7][2-2][3-4].wasm,a14ff9cfb9fa769369d79520ac4e1bb8
all5/One-dimensional_cellular_automata/[1-7][2-3].wasm,a14ff9cfb9fa769369d79520ac4e1bb8
all5/One-dimensional_cellular_automata/[1-7][2-3][3-1].wasm,a14ff9cfb9fa769369d79520ac4e1bb8
all5/One-dimensional_cellular_automata/[1-7][2-3][3-2].wasm,a14ff9cfb9fa769369d79520ac4e1bb8
all5/One-dimensional_cellular_automata/[1-7][2-3][3-3].wasm,a14ff9cfb9fa769369d79520ac4e1bb8
all5/One-dimensional_cellular_automata/[1-7][2-3][3-4].wasm,a14ff9cfb9fa769369d79520ac4e1bb8
all5/One-dimensional_cellular_automata/[1-7][2-4].wasm,a14ff9cfb9fa769369d79520ac4e1bb8
all5/One-dimensional_cellular_automata/[1-7][2-4][3-1].wasm,a14ff9cfb9fa769369d79520ac4e1bb8
all5/One-dimensional_cellular_automata/[1-7][2-4][3-2].wasm,a14ff9cfb9fa769369d79520ac4e1bb8
all5/One-dimensional_cellular_automata/[1-7][2-4][3-3].wasm,a14ff9cfb9fa769369d79520ac4e1bb8
all5/One-dimensional_cellular_automata/[1-7][2-4][3-4].wasm,a14ff9cfb9fa769369d79520ac4e1bb8
all5/One-dimensional_cellular_automata/[1-7][2-5].wasm,a14ff9cfb9fa769369d79520ac4e1bb8
all5/One-dimensional_cellular_automata/[1-7][2-5][3-1].wasm,a14ff9cfb9fa769369d79520ac4e1bb8
all5/One-dimensional_cellular_automata/[1-7][2-5][3-2].wasm,a14ff9cfb9fa769369d79520ac4e1bb8
all5/One-dimensional_cellular_automata/[1-7][2-5][3-3].wasm,a14ff9cfb9fa769369d79520ac4e1bb8
all5/One-dimensional_cellular_automata/[1-7][2-5][3-4].wasm,a14ff9cfb9fa769369d79520ac4e1bb8
all5/One-dimensional_cellular_automata/[1-7][2-6].wasm,a14ff9cfb9fa769369d79520ac4e1bb8
all5/One-dimensional_cellular_automata/[1-7][2-6][3-1].wasm,a14ff9cfb9fa769369d79520ac4e1bb8
all5/One-dimensional_cellular_automata/[1-7][2-6][3-2].wasm,a14ff9cfb9fa769369d79520ac4e1bb8
all5/One-dimensional_cellular_automata/[1-7][2-6][3-3].wasm,a14ff9cfb9fa769369d79520ac4e1bb8
all5/One-dimensional_cellular_automata/[1-7][2-6][3-4].wasm,a14ff9cfb9fa769369d79520ac4e1bb8
all5/One-dimensional_cellular_automata/[1-7][2-7].wasm,a14ff9cfb9fa769369d79520ac4e1bb8
all5/One-dimensional_cellular_automata/[1-7][2-7][3-1].wasm,a14ff9cfb9fa769369d79520ac4e1bb8
all5/One-dimensional_cellular_automata/[1-7][2-7][3-2].wasm,a14ff9cfb9fa769369d79520ac4e1bb8
all5/One-dimensional_cellular_automata/[1-7][2-7][3-3].wasm,a14ff9cfb9fa769369d79520ac4e1bb8
all5/One-dimensional_cellular_automata/[1-7][2-7][3-4].wasm,a14ff9cfb9fa769369d79520ac4e1bb8
all5/One-dimensional_cellular_automata/[1-7][3-1].wasm,a14ff9cfb9fa769369d79520ac4e1bb8
all5/One-dimensional_cellular_automata/[1-7][3-2].wasm,a14ff9cfb9fa769369d79520ac4e1bb8
all5/One-dimensional_cellular_automata/[1-7][3-3].wasm,a14ff9cfb9fa769369d79520ac4e1bb8
all5/One-dimensional_cellular_automata/[1-7][3-4].wasm,a14ff9cfb9fa769369d79520ac4e1bb8
all5/One-dimensional_cellular_automata/[1-8].wasm,c1df66b60836c4a1811d6f5eb9912e72
all5/One-dimensional_cellular_automata/[1-8][2-1].wasm,c1df66b60836c4a1811d6f5eb9912e72
all5/One-dimensional_cellular_automata/[1-8][2-1][3-1].wasm,c1df66b60836c4a1811d6f5eb9912e72
all5/One-dimensional_cellular_automata/[1-8][2-1][3-2].wasm,c1df66b60836c4a1811d6f5eb9912e72
all5/One-dimensional_cellular_automata/[1-8][2-1][3-3].wasm,c1df66b60836c4a1811d6f5eb9912e72
all5/One-dimensional_cellular_automata/[1-8][2-1][3-4].wasm,c1df66b60836c4a1811d6f5eb9912e72
all5/One-dimensional_cellular_automata/[1-8][2-2].wasm,c1df66b60836c4a1811d6f5eb9912e72
all5/One-dimensional_cellular_automata/[1-8][2-2][3-1].wasm,c1df66b60836c4a1811d6f5eb9912e72
all5/One-dimensional_cellular_automata/[1-8][2-2][3-2].wasm,c1df66b60836c4a1811d6f5eb9912e72
all5/One-dimensional_cellular_automata/[1-8][2-2][3-3].wasm,c1df66b60836c4a1811d6f5eb9912e72
all5/One-dimensional_cellular_automata/[1-8][2-2][3-4].wasm,c1df66b60836c4a1811d6f5eb9912e72
all5/One-dimensional_cellular_automata/[1-8][2-3].wasm,c1df66b60836c4a1811d6f5eb9912e72
all5/One-dimensional_cellular_automata/[1-8][2-3][3-1].wasm,c1df66b60836c4a1811d6f5eb9912e72
all5/One-dimensional_cellular_automata/[1-8][2-3][3-2].wasm,c1df66b60836c4a1811d6f5eb9912e72
all5/One-dimensional_cellular_automata/[1-8][2-3][3-3].wasm,c1df66b60836c4a1811d6f5eb9912e72
all5/One-dimensional_cellular_automata/[1-8][2-3][3-4].wasm,c1df66b60836c4a1811d6f5eb9912e72
all5/One-dimensional_cellular_automata/[1-8][2-4].wasm,c1df66b60836c4a1811d6f5eb9912e72
all5/One-dimensional_cellular_automata/[1-8][2-4][3-1].wasm,c1df66b60836c4a1811d6f5eb9912e72
all5/One-dimensional_cellular_automata/[1-8][2-4][3-2].wasm,c1df66b60836c4a1811d6f5eb9912e72
all5/One-dimensional_cellular_automata/[1-8][2-4][3-3].wasm,c1df66b60836c4a1811d6f5eb9912e72
all5/One-dimensional_cellular_automata/[1-8][2-4][3-4].wasm,c1df66b60836c4a1811d6f5eb9912e72
all5/One-dimensional_cellular_automata/[1-8][2-5].wasm,c1df66b60836c4a1811d6f5eb9912e72
all5/One-dimensional_cellular_automata/[1-8][2-5][3-1].wasm,c1df66b60836c4a1811d6f5eb9912e72
all5/One-dimensional_cellular_automata/[1-8][2-5][3-2].wasm,c1df66b60836c4a1811d6f5eb9912e72
all5/One-dimensional_cellular_automata/[1-8][2-5][3-3].wasm,c1df66b60836c4a1811d6f5eb9912e72
all5/One-dimensional_cellular_automata/[1-8][2-5][3-4].wasm,c1df66b60836c4a1811d6f5eb9912e72
all5/One-dimensional_cellular_automata/[1-8][2-6].wasm,c1df66b60836c4a1811d6f5eb9912e72
all5/One-dimensional_cellular_automata/[1-8][2-6][3-1].wasm,c1df66b60836c4a1811d6f5eb9912e72
all5/One-dimensional_cellular_automata/[1-8][2-6][3-2].wasm,c1df66b60836c4a1811d6f5eb9912e72
all5/One-dimensional_cellular_automata/[1-8][2-6][3-3].wasm,c1df66b60836c4a1811d6f5eb9912e72
all5/One-dimensional_cellular_automata/[1-8][2-6][3-4].wasm,c1df66b60836c4a1811d6f5eb9912e72
all5/One-dimensional_cellular_automata/[1-8][2-7].wasm,c1df66b60836c4a1811d6f5eb9912e72
all5/One-dimensional_cellular_automata/[1-8][2-7][3-1].wasm,c1df66b60836c4a1811d6f5eb9912e72
all5/One-dimensional_cellular_automata/[1-8][2-7][3-2].wasm,c1df66b60836c4a1811d6f5eb9912e72
all5/One-dimensional_cellular_automata/[1-8][2-7][3-3].wasm,c1df66b60836c4a1811d6f5eb9912e72
all5/One-dimensional_cellular_automata/[1-8][2-7][3-4].wasm,c1df66b60836c4a1811d6f5eb9912e72
all5/One-dimensional_cellular_automata/[1-8][3-1].wasm,c1df66b60836c4a1811d6f5eb9912e72
all5/One-dimensional_cellular_automata/[1-8][3-2].wasm,c1df66b60836c4a1811d6f5eb9912e72
all5/One-dimensional_cellular_automata/[1-8][3-3].wasm,c1df66b60836c4a1811d6f5eb9912e72
all5/One-dimensional_cellular_automata/[1-8][3-4].wasm,c1df66b60836c4a1811d6f5eb9912e72
all5/One-dimensional_cellular_automata/[1-9].wasm,a14ff9cfb9fa769369d79520ac4e1bb8
all5/One-dimensional_cellular_automata/[1-9][2-1].wasm,a14ff9cfb9fa769369d79520ac4e1bb8
all5/One-dimensional_cellular_automata/[1-9][2-1][3-1].wasm,a14ff9cfb9fa769369d79520ac4e1bb8
all5/One-dimensional_cellular_automata/[1-9][2-1][3-2].wasm,a14ff9cfb9fa769369d79520ac4e1bb8
all5/One-dimensional_cellular_automata/[1-9][2-1][3-3].wasm,a14ff9cfb9fa769369d79520ac4e1bb8
all5/One-dimensional_cellular_automata/[1-9][2-1][3-4].wasm,a14ff9cfb9fa769369d79520ac4e1bb8
all5/One-dimensional_cellular_automata/[1-9][2-2].wasm,a14ff9cfb9fa769369d79520ac4e1bb8
all5/One-dimensional_cellular_automata/[1-9][2-2][3-1].wasm,a14ff9cfb9fa769369d79520ac4e1bb8
all5/One-dimensional_cellular_automata/[1-9][2-2][3-2].wasm,a14ff9cfb9fa769369d79520ac4e1bb8
all5/One-dimensional_cellular_automata/[1-9][2-2][3-3].wasm,a14ff9cfb9fa769369d79520ac4e1bb8
all5/One-dimensional_cellular_automata/[1-9][2-2][3-4].wasm,a14ff9cfb9fa769369d79520ac4e1bb8
all5/One-dimensional_cellular_automata/[1-9][2-3].wasm,a14ff9cfb9fa769369d79520ac4e1bb8
all5/One-dimensional_cellular_automata/[1-9][2-3][3-1].wasm,a14ff9cfb9fa769369d79520ac4e1bb8
all5/One-dimensional_cellular_automata/[1-9][2-3][3-2].wasm,a14ff9cfb9fa769369d79520ac4e1bb8
all5/One-dimensional_cellular_automata/[1-9][2-3][3-3].wasm,a14ff9cfb9fa769369d79520ac4e1bb8
all5/One-dimensional_cellular_automata/[1-9][2-3][3-4].wasm,a14ff9cfb9fa769369d79520ac4e1bb8
all5/One-dimensional_cellular_automata/[1-9][2-4].wasm,a14ff9cfb9fa769369d79520ac4e1bb8
all5/One-dimensional_cellular_automata/[1-9][2-4][3-1].wasm,a14ff9cfb9fa769369d79520ac4e1bb8
all5/One-dimensional_cellular_automata/[1-9][2-4][3-2].wasm,a14ff9cfb9fa769369d79520ac4e1bb8
all5/One-dimensional_cellular_automata/[1-9][2-4][3-3].wasm,a14ff9cfb9fa769369d79520ac4e1bb8
all5/One-dimensional_cellular_automata/[1-9][2-4][3-4].wasm,a14ff9cfb9fa769369d79520ac4e1bb8
all5/One-dimensional_cellular_automata/[1-9][2-5].wasm,a14ff9cfb9fa769369d79520ac4e1bb8
all5/One-dimensional_cellular_automata/[1-9][2-5][3-1].wasm,a14ff9cfb9fa769369d79520ac4e1bb8
all5/One-dimensional_cellular_automata/[1-9][2-5][3-2].wasm,a14ff9cfb9fa769369d79520ac4e1bb8
all5/One-dimensional_cellular_automata/[1-9][2-5][3-3].wasm,a14ff9cfb9fa769369d79520ac4e1bb8
all5/One-dimensional_cellular_automata/[1-9][2-5][3-4].wasm,a14ff9cfb9fa769369d79520ac4e1bb8
all5/One-dimensional_cellular_automata/[1-9][2-6].wasm,a14ff9cfb9fa769369d79520ac4e1bb8
all5/One-dimensional_cellular_automata/[1-9][2-6][3-1].wasm,a14ff9cfb9fa769369d79520ac4e1bb8
all5/One-dimensional_cellular_automata/[1-9][2-6][3-2].wasm,a14ff9cfb9fa769369d79520ac4e1bb8
all5/One-dimensional_cellular_automata/[1-9][2-6][3-3].wasm,a14ff9cfb9fa769369d79520ac4e1bb8
all5/One-dimensional_cellular_automata/[1-9][2-6][3-4].wasm,a14ff9cfb9fa769369d79520ac4e1bb8
all5/One-dimensional_cellular_automata/[1-9][2-7].wasm,a14ff9cfb9fa769369d79520ac4e1bb8
all5/One-dimensional_cellular_automata/[1-9][2-7][3-1].wasm,a14ff9cfb9fa769369d79520ac4e1bb8
all5/One-dimensional_cellular_automata/[1-9][2-7][3-2].wasm,a14ff9cfb9fa769369d79520ac4e1bb8
all5/One-dimensional_cellular_automata/[1-9][2-7][3-3].wasm,a14ff9cfb9fa769369d79520ac4e1bb8
all5/One-dimensional_cellular_automata/[1-9][2-7][3-4].wasm,a14ff9cfb9fa769369d79520ac4e1bb8
all5/One-dimensional_cellular_automata/[1-9][3-1].wasm,a14ff9cfb9fa769369d79520ac4e1bb8
all5/One-dimensional_cellular_automata/[1-9][3-2].wasm,a14ff9cfb9fa769369d79520ac4e1bb8
all5/One-dimensional_cellular_automata/[1-9][3-3].wasm,a14ff9cfb9fa769369d79520ac4e1bb8
all5/One-dimensional_cellular_automata/[1-9][3-4].wasm,a14ff9cfb9fa769369d79520ac4e1bb8
all5/One-dimensional_cellular_automata/[2-1].wasm,a14ff9cfb9fa769369d79520ac4e1bb8
all5/One-dimensional_cellular_automata/[2-1][3-1].wasm,a14ff9cfb9fa769369d79520ac4e1bb8
all5/One-dimensional_cellular_automata/[2-1][3-2].wasm,a14ff9cfb9fa769369d79520ac4e1bb8
all5/One-dimensional_cellular_automata/[2-1][3-3].wasm,a14ff9cfb9fa769369d79520ac4e1bb8
all5/One-dimensional_cellular_automata/[2-1][3-4].wasm,a14ff9cfb9fa769369d79520ac4e1bb8
all5/One-dimensional_cellular_automata/[2-2].wasm,a14ff9cfb9fa769369d79520ac4e1bb8
all5/One-dimensional_cellular_automata/[2-2][3-1].wasm,a14ff9cfb9fa769369d79520ac4e1bb8
all5/One-dimensional_cellular_automata/[2-2][3-2].wasm,a14ff9cfb9fa769369d79520ac4e1bb8
all5/One-dimensional_cellular_automata/[2-2][3-3].wasm,a14ff9cfb9fa769369d79520ac4e1bb8
all5/One-dimensional_cellular_automata/[2-2][3-4].wasm,a14ff9cfb9fa769369d79520ac4e1bb8
all5/One-dimensional_cellular_automata/[2-3].wasm,a14ff9cfb9fa769369d79520ac4e1bb8
all5/One-dimensional_cellular_automata/[2-3][3-1].wasm,a14ff9cfb9fa769369d79520ac4e1bb8
all5/One-dimensional_cellular_automata/[2-3][3-2].wasm,a14ff9cfb9fa769369d79520ac4e1bb8
all5/One-dimensional_cellular_automata/[2-3][3-3].wasm,a14ff9cfb9fa769369d79520ac4e1bb8
all5/One-dimensional_cellular_automata/[2-3][3-4].wasm,a14ff9cfb9fa769369d79520ac4e1bb8
all5/One-dimensional_cellular_automata/[2-4].wasm,a14ff9cfb9fa769369d79520ac4e1bb8
all5/One-dimensional_cellular_automata/[2-4][3-1].wasm,a14ff9cfb9fa769369d79520ac4e1bb8
all5/One-dimensional_cellular_automata/[2-4][3-2].wasm,a14ff9cfb9fa769369d79520ac4e1bb8
all5/One-dimensional_cellular_automata/[2-4][3-3].wasm,a14ff9cfb9fa769369d79520ac4e1bb8
all5/One-dimensional_cellular_automata/[2-4][3-4].wasm,a14ff9cfb9fa769369d79520ac4e1bb8
all5/One-dimensional_cellular_automata/[2-5].wasm,a14ff9cfb9fa769369d79520ac4e1bb8
all5/One-dimensional_cellular_automata/[2-5][3-1].wasm,a14ff9cfb9fa769369d79520ac4e1bb8
all5/One-dimensional_cellular_automata/[2-5][3-2].wasm,a14ff9cfb9fa769369d79520ac4e1bb8
all5/One-dimensional_cellular_automata/[2-5][3-3].wasm,a14ff9cfb9fa769369d79520ac4e1bb8
all5/One-dimensional_cellular_automata/[2-5][3-4].wasm,a14ff9cfb9fa769369d79520ac4e1bb8
all5/One-dimensional_cellular_automata/[2-6].wasm,a14ff9cfb9fa769369d79520ac4e1bb8
all5/One-dimensional_cellular_automata/[2-6][3-1].wasm,a14ff9cfb9fa769369d79520ac4e1bb8
all5/One-dimensional_cellular_automata/[2-6][3-2].wasm,a14ff9cfb9fa769369d79520ac4e1bb8
all5/One-dimensional_cellular_automata/[2-6][3-3].wasm,a14ff9cfb9fa769369d79520ac4e1bb8
all5/One-dimensional_cellular_automata/[2-6][3-4].wasm,a14ff9cfb9fa769369d79520ac4e1bb8
all5/One-dimensional_cellular_automata/[2-7].wasm,a14ff9cfb9fa769369d79520ac4e1bb8
all5/One-dimensional_cellular_automata/[2-7][3-1].wasm,a14ff9cfb9fa769369d79520ac4e1bb8
all5/One-dimensional_cellular_automata/[2-7][3-2].wasm,a14ff9cfb9fa769369d79520ac4e1bb8
all5/One-dimensional_cellular_automata/[2-7][3-3].wasm,a14ff9cfb9fa769369d79520ac4e1bb8
all5/One-dimensional_cellular_automata/[2-7][3-4].wasm,a14ff9cfb9fa769369d79520ac4e1bb8
all5/One-dimensional_cellular_automata/[3-1].wasm,a14ff9cfb9fa769369d79520ac4e1bb8
all5/One-dimensional_cellular_automata/[3-2].wasm,a14ff9cfb9fa769369d79520ac4e1bb8
all5/One-dimensional_cellular_automata/[3-3].wasm,a14ff9cfb9fa769369d79520ac4e1bb8
all5/One-dimensional_cellular_automata/[3-4].wasm,a14ff9cfb9fa769369d79520ac4e1bb8
