name, hash
all5/Optional_parameters/Optional_parameters.wasm,43e7e7aea68f0048868f358ed81d5ce8
all5/Optional_parameters/Optional_parameters.wasm.~1~,43e7e7aea68f0048868f358ed81d5ce8
all5/Optional_parameters/Optional_parameters.wasm.~2~,76703594a214a49c80448efd7af483f3
all5/Optional_parameters/Optional_parameters.wasm.~3~,76703594a214a49c80448efd7af483f3
all5/Optional_parameters/[2-1].wasm,23e6fcee53305cb9404bd14161d14887
all5/Optional_parameters/[2-1][23-1].wasm,23e6fcee53305cb9404bd14161d14887
all5/Optional_parameters/[2-1][23-1][26-1].wasm,72e326cdfa7ce6a4c3d418a993c10fd1
all5/Optional_parameters/[2-1][23-1][26-1][27-1].wasm,a804a61bdd53c8abac6b436b813ee50a
all5/Optional_parameters/[2-1][23-1][26-1][27-1][43-1].wasm,dd1e61d85daa0a28d5f5edc21fd7de19
all5/Optional_parameters/[2-1][23-1][26-1][27-1][43-1][51-1].wasm,22e8960a808fc108252df0f516c1b087
all5/Optional_parameters/[2-1][23-1][26-1][27-1][43-1][51-1][52-1].wasm,22e8960a808fc108252df0f516c1b087
all5/Optional_parameters/[2-1][23-1][26-1][27-1][43-1][52-1].wasm,22e8960a808fc108252df0f516c1b087
all5/Optional_parameters/[2-1][23-1][26-1][27-1][51-1].wasm,05cb0a302dd1dec9f1996fd39e748581
all5/Optional_parameters/[2-1][23-1][26-1][27-1][51-1][52-1].wasm,05cb0a302dd1dec9f1996fd39e748581
all5/Optional_parameters/[2-1][23-1][26-1][27-1][52-1].wasm,05cb0a302dd1dec9f1996fd39e748581
all5/Optional_parameters/[2-1][23-1][26-1][43-1].wasm,0320ee6176436eb9a94f4a065103d8a9
all5/Optional_parameters/[2-1][23-1][26-1][43-1][51-1].wasm,22e8960a808fc108252df0f516c1b087
all5/Optional_parameters/[2-1][23-1][26-1][43-1][51-1][52-1].wasm,22e8960a808fc108252df0f516c1b087
all5/Optional_parameters/[2-1][23-1][26-1][43-1][52-1].wasm,3e1c347291225412f42de59d7570f01c
all5/Optional_parameters/[2-1][23-1][26-1][51-1].wasm,05cb0a302dd1dec9f1996fd39e748581
all5/Optional_parameters/[2-1][23-1][26-1][51-1][52-1].wasm,05cb0a302dd1dec9f1996fd39e748581
all5/Optional_parameters/[2-1][23-1][26-1][52-1].wasm,5ed9cf3364022455d547df81a16c6a7f
all5/Optional_parameters/[2-1][23-1][27-1].wasm,30c02feef28d06cf218e5e8d72b260a4
all5/Optional_parameters/[2-1][23-1][27-1][43-1].wasm,a82ac08d019f73ddab4cffd4865519ae
all5/Optional_parameters/[2-1][23-1][27-1][43-1][51-1].wasm,d8cfc4d81b2f674ec2caca79a2a819f7
all5/Optional_parameters/[2-1][23-1][27-1][43-1][51-1][52-1].wasm,d8cfc4d81b2f674ec2caca79a2a819f7
all5/Optional_parameters/[2-1][23-1][27-1][43-1][52-1].wasm,d8cfc4d81b2f674ec2caca79a2a819f7
all5/Optional_parameters/[2-1][23-1][27-1][51-1].wasm,a5ddfb5c595f7d48279e12d8aca721c3
all5/Optional_parameters/[2-1][23-1][27-1][51-1][52-1].wasm,a5ddfb5c595f7d48279e12d8aca721c3
all5/Optional_parameters/[2-1][23-1][27-1][52-1].wasm,a5ddfb5c595f7d48279e12d8aca721c3
all5/Optional_parameters/[2-1][23-1][43-1].wasm,ce309b7bda84d4564c6de10dd7330785
all5/Optional_parameters/[2-1][23-1][43-1][51-1].wasm,d8cfc4d81b2f674ec2caca79a2a819f7
all5/Optional_parameters/[2-1][23-1][43-1][51-1][52-1].wasm,d8cfc4d81b2f674ec2caca79a2a819f7
all5/Optional_parameters/[2-1][23-1][43-1][52-1].wasm,b8ccac2466e4c05a1ea1473470ed9b3d
all5/Optional_parameters/[2-1][23-1][51-1].wasm,a5ddfb5c595f7d48279e12d8aca721c3
all5/Optional_parameters/[2-1][23-1][51-1][52-1].wasm,a5ddfb5c595f7d48279e12d8aca721c3
all5/Optional_parameters/[2-1][23-1][52-1].wasm,b40c54e899f53c8f9debb67a4ad4ac26
all5/Optional_parameters/[2-1][26-1].wasm,72e326cdfa7ce6a4c3d418a993c10fd1
all5/Optional_parameters/[2-1][26-1][27-1].wasm,a804a61bdd53c8abac6b436b813ee50a
all5/Optional_parameters/[2-1][26-1][27-1][43-1].wasm,dd1e61d85daa0a28d5f5edc21fd7de19
all5/Optional_parameters/[2-1][26-1][27-1][43-1][51-1].wasm,22e8960a808fc108252df0f516c1b087
all5/Optional_parameters/[2-1][26-1][27-1][43-1][51-1][52-1].wasm,22e8960a808fc108252df0f516c1b087
all5/Optional_parameters/[2-1][26-1][27-1][43-1][52-1].wasm,22e8960a808fc108252df0f516c1b087
all5/Optional_parameters/[2-1][26-1][27-1][51-1].wasm,05cb0a302dd1dec9f1996fd39e748581
all5/Optional_parameters/[2-1][26-1][27-1][51-1][52-1].wasm,05cb0a302dd1dec9f1996fd39e748581
all5/Optional_parameters/[2-1][26-1][27-1][52-1].wasm,05cb0a302dd1dec9f1996fd39e748581
all5/Optional_parameters/[2-1][26-1][43-1].wasm,0320ee6176436eb9a94f4a065103d8a9
all5/Optional_parameters/[2-1][26-1][43-1][51-1].wasm,22e8960a808fc108252df0f516c1b087
all5/Optional_parameters/[2-1][26-1][43-1][51-1][52-1].wasm,22e8960a808fc108252df0f516c1b087
all5/Optional_parameters/[2-1][26-1][43-1][52-1].wasm,3e1c347291225412f42de59d7570f01c
all5/Optional_parameters/[2-1][26-1][51-1].wasm,05cb0a302dd1dec9f1996fd39e748581
all5/Optional_parameters/[2-1][26-1][51-1][52-1].wasm,05cb0a302dd1dec9f1996fd39e748581
all5/Optional_parameters/[2-1][26-1][52-1].wasm,5ed9cf3364022455d547df81a16c6a7f
all5/Optional_parameters/[2-1][27-1].wasm,30c02feef28d06cf218e5e8d72b260a4
all5/Optional_parameters/[2-1][27-1][43-1].wasm,a82ac08d019f73ddab4cffd4865519ae
all5/Optional_parameters/[2-1][27-1][43-1][51-1].wasm,d8cfc4d81b2f674ec2caca79a2a819f7
all5/Optional_parameters/[2-1][27-1][43-1][51-1][52-1].wasm,d8cfc4d81b2f674ec2caca79a2a819f7
all5/Optional_parameters/[2-1][27-1][43-1][52-1].wasm,d8cfc4d81b2f674ec2caca79a2a819f7
all5/Optional_parameters/[2-1][27-1][51-1].wasm,a5ddfb5c595f7d48279e12d8aca721c3
all5/Optional_parameters/[2-1][27-1][51-1][52-1].wasm,a5ddfb5c595f7d48279e12d8aca721c3
all5/Optional_parameters/[2-1][27-1][52-1].wasm,a5ddfb5c595f7d48279e12d8aca721c3
all5/Optional_parameters/[2-1][3-1].wasm,23e6fcee53305cb9404bd14161d14887
all5/Optional_parameters/[2-1][3-1][23-1].wasm,23e6fcee53305cb9404bd14161d14887
all5/Optional_parameters/[2-1][3-1][23-1][26-1].wasm,72e326cdfa7ce6a4c3d418a993c10fd1
all5/Optional_parameters/[2-1][3-1][23-1][26-1][27-1].wasm,a804a61bdd53c8abac6b436b813ee50a
all5/Optional_parameters/[2-1][3-1][23-1][26-1][27-1][43-1].wasm,dd1e61d85daa0a28d5f5edc21fd7de19
all5/Optional_parameters/[2-1][3-1][23-1][26-1][27-1][43-1][51-1].wasm,22e8960a808fc108252df0f516c1b087
all5/Optional_parameters/[2-1][3-1][23-1][26-1][27-1][43-1][51-1][52-1].wasm,22e8960a808fc108252df0f516c1b087
all5/Optional_parameters/[2-1][3-1][23-1][26-1][27-1][43-1][52-1].wasm,22e8960a808fc108252df0f516c1b087
all5/Optional_parameters/[2-1][3-1][23-1][26-1][27-1][51-1].wasm,05cb0a302dd1dec9f1996fd39e748581
all5/Optional_parameters/[2-1][3-1][23-1][26-1][27-1][51-1][52-1].wasm,05cb0a302dd1dec9f1996fd39e748581
all5/Optional_parameters/[2-1][3-1][23-1][26-1][27-1][52-1].wasm,05cb0a302dd1dec9f1996fd39e748581
all5/Optional_parameters/[2-1][3-1][23-1][26-1][43-1].wasm,0320ee6176436eb9a94f4a065103d8a9
all5/Optional_parameters/[2-1][3-1][23-1][26-1][43-1][51-1].wasm,22e8960a808fc108252df0f516c1b087
all5/Optional_parameters/[2-1][3-1][23-1][26-1][43-1][51-1][52-1].wasm,22e8960a808fc108252df0f516c1b087
all5/Optional_parameters/[2-1][3-1][23-1][26-1][43-1][52-1].wasm,3e1c347291225412f42de59d7570f01c
all5/Optional_parameters/[2-1][3-1][23-1][26-1][51-1].wasm,05cb0a302dd1dec9f1996fd39e748581
all5/Optional_parameters/[2-1][3-1][23-1][26-1][51-1][52-1].wasm,05cb0a302dd1dec9f1996fd39e748581
all5/Optional_parameters/[2-1][3-1][23-1][26-1][52-1].wasm,5ed9cf3364022455d547df81a16c6a7f
all5/Optional_parameters/[2-1][3-1][23-1][27-1].wasm,30c02feef28d06cf218e5e8d72b260a4
all5/Optional_parameters/[2-1][3-1][23-1][27-1][43-1].wasm,a82ac08d019f73ddab4cffd4865519ae
all5/Optional_parameters/[2-1][3-1][23-1][27-1][43-1][51-1].wasm,d8cfc4d81b2f674ec2caca79a2a819f7
all5/Optional_parameters/[2-1][3-1][23-1][27-1][43-1][51-1][52-1].wasm,d8cfc4d81b2f674ec2caca79a2a819f7
all5/Optional_parameters/[2-1][3-1][23-1][27-1][43-1][52-1].wasm,d8cfc4d81b2f674ec2caca79a2a819f7
all5/Optional_parameters/[2-1][3-1][23-1][27-1][51-1].wasm,a5ddfb5c595f7d48279e12d8aca721c3
all5/Optional_parameters/[2-1][3-1][23-1][27-1][51-1][52-1].wasm,a5ddfb5c595f7d48279e12d8aca721c3
all5/Optional_parameters/[2-1][3-1][23-1][27-1][52-1].wasm,a5ddfb5c595f7d48279e12d8aca721c3
all5/Optional_parameters/[2-1][3-1][23-1][43-1].wasm,ce309b7bda84d4564c6de10dd7330785
all5/Optional_parameters/[2-1][3-1][23-1][43-1][51-1].wasm,d8cfc4d81b2f674ec2caca79a2a819f7
all5/Optional_parameters/[2-1][3-1][23-1][43-1][51-1][52-1].wasm,d8cfc4d81b2f674ec2caca79a2a819f7
all5/Optional_parameters/[2-1][3-1][23-1][43-1][52-1].wasm,b8ccac2466e4c05a1ea1473470ed9b3d
all5/Optional_parameters/[2-1][3-1][23-1][51-1].wasm,a5ddfb5c595f7d48279e12d8aca721c3
all5/Optional_parameters/[2-1][3-1][23-1][51-1][52-1].wasm,a5ddfb5c595f7d48279e12d8aca721c3
all5/Optional_parameters/[2-1][3-1][23-1][52-1].wasm,b40c54e899f53c8f9debb67a4ad4ac26
all5/Optional_parameters/[2-1][3-1][26-1].wasm,72e326cdfa7ce6a4c3d418a993c10fd1
all5/Optional_parameters/[2-1][3-1][26-1][27-1].wasm,a804a61bdd53c8abac6b436b813ee50a
all5/Optional_parameters/[2-1][3-1][26-1][27-1][43-1].wasm,dd1e61d85daa0a28d5f5edc21fd7de19
all5/Optional_parameters/[2-1][3-1][26-1][27-1][43-1][51-1].wasm,22e8960a808fc108252df0f516c1b087
all5/Optional_parameters/[2-1][3-1][26-1][27-1][43-1][51-1][52-1].wasm,22e8960a808fc108252df0f516c1b087
all5/Optional_parameters/[2-1][3-1][26-1][27-1][43-1][52-1].wasm,22e8960a808fc108252df0f516c1b087
all5/Optional_parameters/[2-1][3-1][26-1][27-1][51-1].wasm,05cb0a302dd1dec9f1996fd39e748581
all5/Optional_parameters/[2-1][3-1][26-1][27-1][51-1][52-1].wasm,05cb0a302dd1dec9f1996fd39e748581
all5/Optional_parameters/[2-1][3-1][26-1][27-1][52-1].wasm,05cb0a302dd1dec9f1996fd39e748581
all5/Optional_parameters/[2-1][3-1][26-1][43-1].wasm,0320ee6176436eb9a94f4a065103d8a9
all5/Optional_parameters/[2-1][3-1][26-1][43-1][51-1].wasm,22e8960a808fc108252df0f516c1b087
all5/Optional_parameters/[2-1][3-1][26-1][43-1][51-1][52-1].wasm,22e8960a808fc108252df0f516c1b087
all5/Optional_parameters/[2-1][3-1][26-1][43-1][52-1].wasm,3e1c347291225412f42de59d7570f01c
all5/Optional_parameters/[2-1][3-1][26-1][51-1].wasm,05cb0a302dd1dec9f1996fd39e748581
all5/Optional_parameters/[2-1][3-1][26-1][51-1][52-1].wasm,05cb0a302dd1dec9f1996fd39e748581
all5/Optional_parameters/[2-1][3-1][26-1][52-1].wasm,5ed9cf3364022455d547df81a16c6a7f
all5/Optional_parameters/[2-1][3-1][27-1].wasm,30c02feef28d06cf218e5e8d72b260a4
all5/Optional_parameters/[2-1][3-1][27-1][43-1].wasm,a82ac08d019f73ddab4cffd4865519ae
all5/Optional_parameters/[2-1][3-1][27-1][43-1][51-1].wasm,d8cfc4d81b2f674ec2caca79a2a819f7
all5/Optional_parameters/[2-1][3-1][27-1][43-1][51-1][52-1].wasm,d8cfc4d81b2f674ec2caca79a2a819f7
all5/Optional_parameters/[2-1][3-1][27-1][43-1][52-1].wasm,d8cfc4d81b2f674ec2caca79a2a819f7
all5/Optional_parameters/[2-1][3-1][27-1][51-1].wasm,a5ddfb5c595f7d48279e12d8aca721c3
all5/Optional_parameters/[2-1][3-1][27-1][51-1][52-1].wasm,a5ddfb5c595f7d48279e12d8aca721c3
all5/Optional_parameters/[2-1][3-1][27-1][52-1].wasm,a5ddfb5c595f7d48279e12d8aca721c3
all5/Optional_parameters/[2-1][3-1][4-1].wasm,23e6fcee53305cb9404bd14161d14887
all5/Optional_parameters/[2-1][3-1][4-1][23-1].wasm,23e6fcee53305cb9404bd14161d14887
all5/Optional_parameters/[2-1][3-1][4-1][23-1][26-1].wasm,72e326cdfa7ce6a4c3d418a993c10fd1
all5/Optional_parameters/[2-1][3-1][4-1][23-1][26-1][27-1].wasm,a804a61bdd53c8abac6b436b813ee50a
all5/Optional_parameters/[2-1][3-1][4-1][23-1][26-1][27-1][43-1].wasm,dd1e61d85daa0a28d5f5edc21fd7de19
all5/Optional_parameters/[2-1][3-1][4-1][23-1][26-1][27-1][43-1][51-1].wasm,22e8960a808fc108252df0f516c1b087
all5/Optional_parameters/[2-1][3-1][4-1][23-1][26-1][27-1][43-1][51-1][52-1].wasm,22e8960a808fc108252df0f516c1b087
all5/Optional_parameters/[2-1][3-1][4-1][23-1][26-1][27-1][43-1][52-1].wasm,22e8960a808fc108252df0f516c1b087
all5/Optional_parameters/[2-1][3-1][4-1][23-1][26-1][27-1][51-1].wasm,05cb0a302dd1dec9f1996fd39e748581
all5/Optional_parameters/[2-1][3-1][4-1][23-1][26-1][27-1][51-1][52-1].wasm,05cb0a302dd1dec9f1996fd39e748581
all5/Optional_parameters/[2-1][3-1][4-1][23-1][26-1][27-1][52-1].wasm,05cb0a302dd1dec9f1996fd39e748581
all5/Optional_parameters/[2-1][3-1][4-1][23-1][26-1][43-1].wasm,0320ee6176436eb9a94f4a065103d8a9
all5/Optional_parameters/[2-1][3-1][4-1][23-1][26-1][43-1][51-1].wasm,22e8960a808fc108252df0f516c1b087
all5/Optional_parameters/[2-1][3-1][4-1][23-1][26-1][43-1][51-1][52-1].wasm,22e8960a808fc108252df0f516c1b087
all5/Optional_parameters/[2-1][3-1][4-1][23-1][26-1][43-1][52-1].wasm,3e1c347291225412f42de59d7570f01c
all5/Optional_parameters/[2-1][3-1][4-1][23-1][26-1][51-1].wasm,05cb0a302dd1dec9f1996fd39e748581
all5/Optional_parameters/[2-1][3-1][4-1][23-1][26-1][51-1][52-1].wasm,05cb0a302dd1dec9f1996fd39e748581
all5/Optional_parameters/[2-1][3-1][4-1][23-1][26-1][52-1].wasm,5ed9cf3364022455d547df81a16c6a7f
all5/Optional_parameters/[2-1][3-1][4-1][23-1][27-1].wasm,30c02feef28d06cf218e5e8d72b260a4
all5/Optional_parameters/[2-1][3-1][4-1][23-1][27-1][43-1].wasm,a82ac08d019f73ddab4cffd4865519ae
all5/Optional_parameters/[2-1][3-1][4-1][23-1][27-1][43-1][51-1].wasm,d8cfc4d81b2f674ec2caca79a2a819f7
all5/Optional_parameters/[2-1][3-1][4-1][23-1][27-1][43-1][51-1][52-1].wasm,d8cfc4d81b2f674ec2caca79a2a819f7
all5/Optional_parameters/[2-1][3-1][4-1][23-1][27-1][43-1][52-1].wasm,d8cfc4d81b2f674ec2caca79a2a819f7
all5/Optional_parameters/[2-1][3-1][4-1][23-1][27-1][51-1].wasm,a5ddfb5c595f7d48279e12d8aca721c3
all5/Optional_parameters/[2-1][3-1][4-1][23-1][27-1][51-1][52-1].wasm,a5ddfb5c595f7d48279e12d8aca721c3
all5/Optional_parameters/[2-1][3-1][4-1][23-1][27-1][52-1].wasm,a5ddfb5c595f7d48279e12d8aca721c3
all5/Optional_parameters/[2-1][3-1][4-1][23-1][43-1].wasm,ce309b7bda84d4564c6de10dd7330785
all5/Optional_parameters/[2-1][3-1][4-1][23-1][43-1][51-1].wasm,d8cfc4d81b2f674ec2caca79a2a819f7
all5/Optional_parameters/[2-1][3-1][4-1][23-1][43-1][51-1][52-1].wasm,d8cfc4d81b2f674ec2caca79a2a819f7
all5/Optional_parameters/[2-1][3-1][4-1][23-1][43-1][52-1].wasm,b8ccac2466e4c05a1ea1473470ed9b3d
all5/Optional_parameters/[2-1][3-1][4-1][23-1][51-1].wasm,a5ddfb5c595f7d48279e12d8aca721c3
all5/Optional_parameters/[2-1][3-1][4-1][23-1][51-1][52-1].wasm,a5ddfb5c595f7d48279e12d8aca721c3
all5/Optional_parameters/[2-1][3-1][4-1][23-1][52-1].wasm,b40c54e899f53c8f9debb67a4ad4ac26
all5/Optional_parameters/[2-1][3-1][4-1][26-1].wasm,72e326cdfa7ce6a4c3d418a993c10fd1
all5/Optional_parameters/[2-1][3-1][4-1][26-1][27-1].wasm,a804a61bdd53c8abac6b436b813ee50a
all5/Optional_parameters/[2-1][3-1][4-1][26-1][27-1][43-1].wasm,dd1e61d85daa0a28d5f5edc21fd7de19
all5/Optional_parameters/[2-1][3-1][4-1][26-1][27-1][43-1][51-1].wasm,22e8960a808fc108252df0f516c1b087
all5/Optional_parameters/[2-1][3-1][4-1][26-1][27-1][43-1][51-1][52-1].wasm,22e8960a808fc108252df0f516c1b087
all5/Optional_parameters/[2-1][3-1][4-1][26-1][27-1][43-1][52-1].wasm,22e8960a808fc108252df0f516c1b087
all5/Optional_parameters/[2-1][3-1][4-1][26-1][27-1][51-1].wasm,05cb0a302dd1dec9f1996fd39e748581
all5/Optional_parameters/[2-1][3-1][4-1][26-1][27-1][51-1][52-1].wasm,05cb0a302dd1dec9f1996fd39e748581
all5/Optional_parameters/[2-1][3-1][4-1][26-1][27-1][52-1].wasm,05cb0a302dd1dec9f1996fd39e748581
all5/Optional_parameters/[2-1][3-1][4-1][26-1][43-1].wasm,0320ee6176436eb9a94f4a065103d8a9
all5/Optional_parameters/[2-1][3-1][4-1][26-1][43-1][51-1].wasm,22e8960a808fc108252df0f516c1b087
all5/Optional_parameters/[2-1][3-1][4-1][26-1][43-1][51-1][52-1].wasm,22e8960a808fc108252df0f516c1b087
all5/Optional_parameters/[2-1][3-1][4-1][26-1][43-1][52-1].wasm,3e1c347291225412f42de59d7570f01c
all5/Optional_parameters/[2-1][3-1][4-1][26-1][51-1].wasm,05cb0a302dd1dec9f1996fd39e748581
all5/Optional_parameters/[2-1][3-1][4-1][26-1][51-1][52-1].wasm,05cb0a302dd1dec9f1996fd39e748581
all5/Optional_parameters/[2-1][3-1][4-1][26-1][52-1].wasm,5ed9cf3364022455d547df81a16c6a7f
all5/Optional_parameters/[2-1][3-1][4-1][27-1].wasm,30c02feef28d06cf218e5e8d72b260a4
all5/Optional_parameters/[2-1][3-1][4-1][27-1][43-1].wasm,a82ac08d019f73ddab4cffd4865519ae
all5/Optional_parameters/[2-1][3-1][4-1][27-1][43-1][51-1].wasm,d8cfc4d81b2f674ec2caca79a2a819f7
all5/Optional_parameters/[2-1][3-1][4-1][27-1][43-1][51-1][52-1].wasm,d8cfc4d81b2f674ec2caca79a2a819f7
all5/Optional_parameters/[2-1][3-1][4-1][27-1][43-1][52-1].wasm,d8cfc4d81b2f674ec2caca79a2a819f7
all5/Optional_parameters/[2-1][3-1][4-1][27-1][51-1].wasm,a5ddfb5c595f7d48279e12d8aca721c3
all5/Optional_parameters/[2-1][3-1][4-1][27-1][51-1][52-1].wasm,a5ddfb5c595f7d48279e12d8aca721c3
all5/Optional_parameters/[2-1][3-1][4-1][27-1][52-1].wasm,a5ddfb5c595f7d48279e12d8aca721c3
all5/Optional_parameters/[2-1][3-1][4-1][43-1].wasm,ce309b7bda84d4564c6de10dd7330785
all5/Optional_parameters/[2-1][3-1][4-1][43-1][51-1].wasm,d8cfc4d81b2f674ec2caca79a2a819f7
all5/Optional_parameters/[2-1][3-1][4-1][43-1][51-1][52-1].wasm,d8cfc4d81b2f674ec2caca79a2a819f7
all5/Optional_parameters/[2-1][3-1][4-1][43-1][52-1].wasm,b8ccac2466e4c05a1ea1473470ed9b3d
all5/Optional_parameters/[2-1][3-1][4-1][5-1].wasm,23e6fcee53305cb9404bd14161d14887
all5/Optional_parameters/[2-1][3-1][4-1][5-1][23-1].wasm,23e6fcee53305cb9404bd14161d14887
all5/Optional_parameters/[2-1][3-1][4-1][5-1][23-1][43-1].wasm,ce309b7bda84d4564c6de10dd7330785
all5/Optional_parameters/[2-1][3-1][4-1][5-1][23-1][43-1][52-1].wasm,b8ccac2466e4c05a1ea1473470ed9b3d
all5/Optional_parameters/[2-1][3-1][4-1][5-1][23-1][52-1].wasm,b40c54e899f53c8f9debb67a4ad4ac26
all5/Optional_parameters/[2-1][3-1][4-1][5-1][26-1].wasm,72e326cdfa7ce6a4c3d418a993c10fd1
all5/Optional_parameters/[2-1][3-1][4-1][5-1][26-1][27-1].wasm,a804a61bdd53c8abac6b436b813ee50a
all5/Optional_parameters/[2-1][3-1][4-1][5-1][26-1][27-1][43-1].wasm,dd1e61d85daa0a28d5f5edc21fd7de19
all5/Optional_parameters/[2-1][3-1][4-1][5-1][26-1][27-1][43-1][52-1].wasm,22e8960a808fc108252df0f516c1b087
all5/Optional_parameters/[2-1][3-1][4-1][5-1][26-1][27-1][52-1].wasm,05cb0a302dd1dec9f1996fd39e748581
all5/Optional_parameters/[2-1][3-1][4-1][5-1][26-1][43-1].wasm,0320ee6176436eb9a94f4a065103d8a9
all5/Optional_parameters/[2-1][3-1][4-1][5-1][26-1][43-1][52-1].wasm,3e1c347291225412f42de59d7570f01c
all5/Optional_parameters/[2-1][3-1][4-1][5-1][26-1][51-1].wasm,05cb0a302dd1dec9f1996fd39e748581
all5/Optional_parameters/[2-1][3-1][4-1][5-1][26-1][51-1][52-1].wasm,05cb0a302dd1dec9f1996fd39e748581
all5/Optional_parameters/[2-1][3-1][4-1][5-1][26-1][52-1].wasm,5ed9cf3364022455d547df81a16c6a7f
all5/Optional_parameters/[2-1][3-1][4-1][5-1][27-1].wasm,30c02feef28d06cf218e5e8d72b260a4
all5/Optional_parameters/[2-1][3-1][4-1][5-1][27-1][43-1].wasm,a82ac08d019f73ddab4cffd4865519ae
all5/Optional_parameters/[2-1][3-1][4-1][5-1][27-1][43-1][51-1].wasm,d8cfc4d81b2f674ec2caca79a2a819f7
all5/Optional_parameters/[2-1][3-1][4-1][5-1][27-1][43-1][51-1][52-1].wasm,d8cfc4d81b2f674ec2caca79a2a819f7
all5/Optional_parameters/[2-1][3-1][4-1][5-1][27-1][43-1][52-1].wasm,d8cfc4d81b2f674ec2caca79a2a819f7
all5/Optional_parameters/[2-1][3-1][4-1][5-1][27-1][51-1].wasm,a5ddfb5c595f7d48279e12d8aca721c3
all5/Optional_parameters/[2-1][3-1][4-1][5-1][27-1][51-1][52-1].wasm,a5ddfb5c595f7d48279e12d8aca721c3
all5/Optional_parameters/[2-1][3-1][4-1][5-1][27-1][52-1].wasm,a5ddfb5c595f7d48279e12d8aca721c3
all5/Optional_parameters/[2-1][3-1][4-1][5-1][43-1].wasm,ce309b7bda84d4564c6de10dd7330785
all5/Optional_parameters/[2-1][3-1][4-1][5-1][43-1][51-1].wasm,d8cfc4d81b2f674ec2caca79a2a819f7
all5/Optional_parameters/[2-1][3-1][4-1][5-1][43-1][51-1][52-1].wasm,d8cfc4d81b2f674ec2caca79a2a819f7
all5/Optional_parameters/[2-1][3-1][4-1][5-1][43-1][52-1].wasm,b8ccac2466e4c05a1ea1473470ed9b3d
all5/Optional_parameters/[2-1][3-1][4-1][5-1][51-1].wasm,a5ddfb5c595f7d48279e12d8aca721c3
all5/Optional_parameters/[2-1][3-1][4-1][5-1][51-1][52-1].wasm,a5ddfb5c595f7d48279e12d8aca721c3
all5/Optional_parameters/[2-1][3-1][4-1][5-1][52-1].wasm,b40c54e899f53c8f9debb67a4ad4ac26
all5/Optional_parameters/[2-1][3-1][4-1][51-1].wasm,a5ddfb5c595f7d48279e12d8aca721c3
all5/Optional_parameters/[2-1][3-1][4-1][51-1][52-1].wasm,a5ddfb5c595f7d48279e12d8aca721c3
all5/Optional_parameters/[2-1][3-1][4-1][52-1].wasm,b40c54e899f53c8f9debb67a4ad4ac26
all5/Optional_parameters/[2-1][3-1][43-1].wasm,ce309b7bda84d4564c6de10dd7330785
all5/Optional_parameters/[2-1][3-1][43-1][51-1].wasm,d8cfc4d81b2f674ec2caca79a2a819f7
all5/Optional_parameters/[2-1][3-1][43-1][51-1][52-1].wasm,d8cfc4d81b2f674ec2caca79a2a819f7
all5/Optional_parameters/[2-1][3-1][43-1][52-1].wasm,b8ccac2466e4c05a1ea1473470ed9b3d
all5/Optional_parameters/[2-1][3-1][5-1].wasm,23e6fcee53305cb9404bd14161d14887
all5/Optional_parameters/[2-1][3-1][5-1][23-1].wasm,23e6fcee53305cb9404bd14161d14887
all5/Optional_parameters/[2-1][3-1][5-1][23-1][26-1].wasm,72e326cdfa7ce6a4c3d418a993c10fd1
all5/Optional_parameters/[2-1][3-1][5-1][23-1][26-1][27-1].wasm,a804a61bdd53c8abac6b436b813ee50a
all5/Optional_parameters/[2-1][3-1][5-1][23-1][26-1][27-1][43-1].wasm,dd1e61d85daa0a28d5f5edc21fd7de19
all5/Optional_parameters/[2-1][3-1][5-1][23-1][26-1][27-1][43-1][51-1].wasm,22e8960a808fc108252df0f516c1b087
all5/Optional_parameters/[2-1][3-1][5-1][23-1][26-1][27-1][43-1][51-1][52-1].wasm,22e8960a808fc108252df0f516c1b087
all5/Optional_parameters/[2-1][3-1][5-1][23-1][26-1][27-1][43-1][52-1].wasm,22e8960a808fc108252df0f516c1b087
all5/Optional_parameters/[2-1][3-1][5-1][23-1][26-1][27-1][51-1].wasm,05cb0a302dd1dec9f1996fd39e748581
all5/Optional_parameters/[2-1][3-1][5-1][23-1][26-1][27-1][51-1][52-1].wasm,05cb0a302dd1dec9f1996fd39e748581
all5/Optional_parameters/[2-1][3-1][5-1][23-1][26-1][27-1][52-1].wasm,05cb0a302dd1dec9f1996fd39e748581
all5/Optional_parameters/[2-1][3-1][5-1][23-1][26-1][43-1].wasm,0320ee6176436eb9a94f4a065103d8a9
all5/Optional_parameters/[2-1][3-1][5-1][23-1][26-1][43-1][51-1].wasm,22e8960a808fc108252df0f516c1b087
all5/Optional_parameters/[2-1][3-1][5-1][23-1][26-1][43-1][51-1][52-1].wasm,22e8960a808fc108252df0f516c1b087
all5/Optional_parameters/[2-1][3-1][5-1][23-1][26-1][43-1][52-1].wasm,3e1c347291225412f42de59d7570f01c
all5/Optional_parameters/[2-1][3-1][5-1][23-1][26-1][51-1].wasm,05cb0a302dd1dec9f1996fd39e748581
all5/Optional_parameters/[2-1][3-1][5-1][23-1][26-1][51-1][52-1].wasm,05cb0a302dd1dec9f1996fd39e748581
all5/Optional_parameters/[2-1][3-1][5-1][23-1][26-1][52-1].wasm,5ed9cf3364022455d547df81a16c6a7f
all5/Optional_parameters/[2-1][3-1][5-1][23-1][27-1].wasm,30c02feef28d06cf218e5e8d72b260a4
all5/Optional_parameters/[2-1][3-1][5-1][23-1][27-1][43-1].wasm,a82ac08d019f73ddab4cffd4865519ae
all5/Optional_parameters/[2-1][3-1][5-1][23-1][27-1][43-1][51-1].wasm,d8cfc4d81b2f674ec2caca79a2a819f7
all5/Optional_parameters/[2-1][3-1][5-1][23-1][27-1][43-1][51-1][52-1].wasm,d8cfc4d81b2f674ec2caca79a2a819f7
all5/Optional_parameters/[2-1][3-1][5-1][23-1][27-1][43-1][52-1].wasm,d8cfc4d81b2f674ec2caca79a2a819f7
all5/Optional_parameters/[2-1][3-1][5-1][23-1][27-1][51-1].wasm,a5ddfb5c595f7d48279e12d8aca721c3
all5/Optional_parameters/[2-1][3-1][5-1][23-1][27-1][51-1][52-1].wasm,a5ddfb5c595f7d48279e12d8aca721c3
all5/Optional_parameters/[2-1][3-1][5-1][23-1][27-1][52-1].wasm,a5ddfb5c595f7d48279e12d8aca721c3
all5/Optional_parameters/[2-1][3-1][5-1][23-1][43-1].wasm,ce309b7bda84d4564c6de10dd7330785
all5/Optional_parameters/[2-1][3-1][5-1][23-1][43-1][51-1].wasm,d8cfc4d81b2f674ec2caca79a2a819f7
all5/Optional_parameters/[2-1][3-1][5-1][23-1][43-1][51-1][52-1].wasm,d8cfc4d81b2f674ec2caca79a2a819f7
all5/Optional_parameters/[2-1][3-1][5-1][23-1][43-1][52-1].wasm,b8ccac2466e4c05a1ea1473470ed9b3d
all5/Optional_parameters/[2-1][3-1][5-1][23-1][51-1].wasm,a5ddfb5c595f7d48279e12d8aca721c3
all5/Optional_parameters/[2-1][3-1][5-1][23-1][51-1][52-1].wasm,a5ddfb5c595f7d48279e12d8aca721c3
all5/Optional_parameters/[2-1][3-1][5-1][23-1][52-1].wasm,b40c54e899f53c8f9debb67a4ad4ac26
all5/Optional_parameters/[2-1][3-1][5-1][26-1].wasm,72e326cdfa7ce6a4c3d418a993c10fd1
all5/Optional_parameters/[2-1][3-1][5-1][26-1][27-1].wasm,a804a61bdd53c8abac6b436b813ee50a
all5/Optional_parameters/[2-1][3-1][5-1][26-1][27-1][43-1].wasm,dd1e61d85daa0a28d5f5edc21fd7de19
all5/Optional_parameters/[2-1][3-1][5-1][26-1][27-1][43-1][51-1].wasm,22e8960a808fc108252df0f516c1b087
all5/Optional_parameters/[2-1][3-1][5-1][26-1][27-1][43-1][51-1][52-1].wasm,22e8960a808fc108252df0f516c1b087
all5/Optional_parameters/[2-1][3-1][5-1][26-1][27-1][43-1][52-1].wasm,22e8960a808fc108252df0f516c1b087
all5/Optional_parameters/[2-1][3-1][5-1][26-1][27-1][51-1].wasm,05cb0a302dd1dec9f1996fd39e748581
all5/Optional_parameters/[2-1][3-1][5-1][26-1][27-1][51-1][52-1].wasm,05cb0a302dd1dec9f1996fd39e748581
all5/Optional_parameters/[2-1][3-1][5-1][26-1][27-1][52-1].wasm,05cb0a302dd1dec9f1996fd39e748581
all5/Optional_parameters/[2-1][3-1][5-1][26-1][43-1].wasm,0320ee6176436eb9a94f4a065103d8a9
all5/Optional_parameters/[2-1][3-1][5-1][26-1][43-1][51-1].wasm,22e8960a808fc108252df0f516c1b087
all5/Optional_parameters/[2-1][3-1][5-1][26-1][43-1][51-1][52-1].wasm,22e8960a808fc108252df0f516c1b087
all5/Optional_parameters/[2-1][3-1][5-1][26-1][43-1][52-1].wasm,3e1c347291225412f42de59d7570f01c
all5/Optional_parameters/[2-1][3-1][5-1][26-1][51-1].wasm,05cb0a302dd1dec9f1996fd39e748581
all5/Optional_parameters/[2-1][3-1][5-1][26-1][51-1][52-1].wasm,05cb0a302dd1dec9f1996fd39e748581
all5/Optional_parameters/[2-1][3-1][5-1][26-1][52-1].wasm,5ed9cf3364022455d547df81a16c6a7f
all5/Optional_parameters/[2-1][3-1][5-1][27-1].wasm,30c02feef28d06cf218e5e8d72b260a4
all5/Optional_parameters/[2-1][3-1][5-1][27-1][43-1].wasm,a82ac08d019f73ddab4cffd4865519ae
all5/Optional_parameters/[2-1][3-1][5-1][27-1][43-1][51-1].wasm,d8cfc4d81b2f674ec2caca79a2a819f7
all5/Optional_parameters/[2-1][3-1][5-1][27-1][43-1][51-1][52-1].wasm,d8cfc4d81b2f674ec2caca79a2a819f7
all5/Optional_parameters/[2-1][3-1][5-1][27-1][43-1][52-1].wasm,d8cfc4d81b2f674ec2caca79a2a819f7
all5/Optional_parameters/[2-1][3-1][5-1][27-1][51-1].wasm,a5ddfb5c595f7d48279e12d8aca721c3
all5/Optional_parameters/[2-1][3-1][5-1][27-1][51-1][52-1].wasm,a5ddfb5c595f7d48279e12d8aca721c3
all5/Optional_parameters/[2-1][3-1][5-1][27-1][52-1].wasm,a5ddfb5c595f7d48279e12d8aca721c3
all5/Optional_parameters/[2-1][3-1][5-1][43-1].wasm,ce309b7bda84d4564c6de10dd7330785
all5/Optional_parameters/[2-1][3-1][5-1][43-1][51-1].wasm,d8cfc4d81b2f674ec2caca79a2a819f7
all5/Optional_parameters/[2-1][3-1][5-1][43-1][51-1][52-1].wasm,d8cfc4d81b2f674ec2caca79a2a819f7
all5/Optional_parameters/[2-1][3-1][5-1][43-1][52-1].wasm,b8ccac2466e4c05a1ea1473470ed9b3d
all5/Optional_parameters/[2-1][3-1][5-1][51-1].wasm,a5ddfb5c595f7d48279e12d8aca721c3
all5/Optional_parameters/[2-1][3-1][5-1][51-1][52-1].wasm,a5ddfb5c595f7d48279e12d8aca721c3
all5/Optional_parameters/[2-1][3-1][5-1][52-1].wasm,b40c54e899f53c8f9debb67a4ad4ac26
all5/Optional_parameters/[2-1][3-1][51-1].wasm,a5ddfb5c595f7d48279e12d8aca721c3
all5/Optional_parameters/[2-1][3-1][51-1][52-1].wasm,a5ddfb5c595f7d48279e12d8aca721c3
all5/Optional_parameters/[2-1][3-1][52-1].wasm,b40c54e899f53c8f9debb67a4ad4ac26
all5/Optional_parameters/[2-1][4-1].wasm,23e6fcee53305cb9404bd14161d14887
all5/Optional_parameters/[2-1][4-1][23-1].wasm,23e6fcee53305cb9404bd14161d14887
all5/Optional_parameters/[2-1][4-1][23-1][26-1].wasm,72e326cdfa7ce6a4c3d418a993c10fd1
all5/Optional_parameters/[2-1][4-1][23-1][26-1][27-1].wasm,a804a61bdd53c8abac6b436b813ee50a
all5/Optional_parameters/[2-1][4-1][23-1][26-1][27-1][43-1].wasm,dd1e61d85daa0a28d5f5edc21fd7de19
all5/Optional_parameters/[2-1][4-1][23-1][26-1][27-1][43-1][51-1].wasm,22e8960a808fc108252df0f516c1b087
all5/Optional_parameters/[2-1][4-1][23-1][26-1][27-1][43-1][51-1][52-1].wasm,22e8960a808fc108252df0f516c1b087
all5/Optional_parameters/[2-1][4-1][23-1][26-1][27-1][43-1][52-1].wasm,22e8960a808fc108252df0f516c1b087
all5/Optional_parameters/[2-1][4-1][23-1][26-1][27-1][51-1].wasm,05cb0a302dd1dec9f1996fd39e748581
all5/Optional_parameters/[2-1][4-1][23-1][26-1][27-1][51-1][52-1].wasm,05cb0a302dd1dec9f1996fd39e748581
all5/Optional_parameters/[2-1][4-1][23-1][26-1][27-1][52-1].wasm,05cb0a302dd1dec9f1996fd39e748581
all5/Optional_parameters/[2-1][4-1][23-1][26-1][43-1].wasm,0320ee6176436eb9a94f4a065103d8a9
all5/Optional_parameters/[2-1][4-1][23-1][26-1][43-1][51-1].wasm,22e8960a808fc108252df0f516c1b087
all5/Optional_parameters/[2-1][4-1][23-1][26-1][43-1][51-1][52-1].wasm,22e8960a808fc108252df0f516c1b087
all5/Optional_parameters/[2-1][4-1][23-1][26-1][43-1][52-1].wasm,3e1c347291225412f42de59d7570f01c
all5/Optional_parameters/[2-1][4-1][23-1][26-1][51-1].wasm,05cb0a302dd1dec9f1996fd39e748581
all5/Optional_parameters/[2-1][4-1][23-1][26-1][51-1][52-1].wasm,05cb0a302dd1dec9f1996fd39e748581
all5/Optional_parameters/[2-1][4-1][23-1][26-1][52-1].wasm,5ed9cf3364022455d547df81a16c6a7f
all5/Optional_parameters/[2-1][4-1][23-1][27-1].wasm,30c02feef28d06cf218e5e8d72b260a4
all5/Optional_parameters/[2-1][4-1][23-1][27-1][43-1].wasm,a82ac08d019f73ddab4cffd4865519ae
all5/Optional_parameters/[2-1][4-1][23-1][27-1][43-1][51-1].wasm,d8cfc4d81b2f674ec2caca79a2a819f7
all5/Optional_parameters/[2-1][4-1][23-1][27-1][43-1][51-1][52-1].wasm,d8cfc4d81b2f674ec2caca79a2a819f7
all5/Optional_parameters/[2-1][4-1][23-1][27-1][43-1][52-1].wasm,d8cfc4d81b2f674ec2caca79a2a819f7
all5/Optional_parameters/[2-1][4-1][23-1][27-1][51-1].wasm,a5ddfb5c595f7d48279e12d8aca721c3
all5/Optional_parameters/[2-1][4-1][23-1][27-1][51-1][52-1].wasm,a5ddfb5c595f7d48279e12d8aca721c3
all5/Optional_parameters/[2-1][4-1][23-1][27-1][52-1].wasm,a5ddfb5c595f7d48279e12d8aca721c3
all5/Optional_parameters/[2-1][4-1][23-1][43-1].wasm,ce309b7bda84d4564c6de10dd7330785
all5/Optional_parameters/[2-1][4-1][23-1][43-1][51-1].wasm,d8cfc4d81b2f674ec2caca79a2a819f7
all5/Optional_parameters/[2-1][4-1][23-1][43-1][51-1][52-1].wasm,d8cfc4d81b2f674ec2caca79a2a819f7
all5/Optional_parameters/[2-1][4-1][23-1][43-1][52-1].wasm,b8ccac2466e4c05a1ea1473470ed9b3d
all5/Optional_parameters/[2-1][4-1][23-1][51-1].wasm,a5ddfb5c595f7d48279e12d8aca721c3
all5/Optional_parameters/[2-1][4-1][23-1][51-1][52-1].wasm,a5ddfb5c595f7d48279e12d8aca721c3
all5/Optional_parameters/[2-1][4-1][23-1][52-1].wasm,b40c54e899f53c8f9debb67a4ad4ac26
all5/Optional_parameters/[2-1][4-1][26-1].wasm,72e326cdfa7ce6a4c3d418a993c10fd1
all5/Optional_parameters/[2-1][4-1][26-1][27-1].wasm,a804a61bdd53c8abac6b436b813ee50a
all5/Optional_parameters/[2-1][4-1][26-1][27-1][43-1].wasm,dd1e61d85daa0a28d5f5edc21fd7de19
all5/Optional_parameters/[2-1][4-1][26-1][27-1][43-1][51-1].wasm,22e8960a808fc108252df0f516c1b087
all5/Optional_parameters/[2-1][4-1][26-1][27-1][43-1][51-1][52-1].wasm,22e8960a808fc108252df0f516c1b087
all5/Optional_parameters/[2-1][4-1][26-1][27-1][43-1][52-1].wasm,22e8960a808fc108252df0f516c1b087
all5/Optional_parameters/[2-1][4-1][26-1][27-1][51-1].wasm,05cb0a302dd1dec9f1996fd39e748581
all5/Optional_parameters/[2-1][4-1][26-1][27-1][51-1][52-1].wasm,05cb0a302dd1dec9f1996fd39e748581
all5/Optional_parameters/[2-1][4-1][26-1][27-1][52-1].wasm,05cb0a302dd1dec9f1996fd39e748581
all5/Optional_parameters/[2-1][4-1][26-1][43-1].wasm,0320ee6176436eb9a94f4a065103d8a9
all5/Optional_parameters/[2-1][4-1][26-1][43-1][51-1].wasm,22e8960a808fc108252df0f516c1b087
all5/Optional_parameters/[2-1][4-1][26-1][43-1][51-1][52-1].wasm,22e8960a808fc108252df0f516c1b087
all5/Optional_parameters/[2-1][4-1][26-1][43-1][52-1].wasm,3e1c347291225412f42de59d7570f01c
all5/Optional_parameters/[2-1][4-1][26-1][51-1].wasm,05cb0a302dd1dec9f1996fd39e748581
all5/Optional_parameters/[2-1][4-1][26-1][51-1][52-1].wasm,05cb0a302dd1dec9f1996fd39e748581
all5/Optional_parameters/[2-1][4-1][26-1][52-1].wasm,5ed9cf3364022455d547df81a16c6a7f
all5/Optional_parameters/[2-1][4-1][27-1].wasm,30c02feef28d06cf218e5e8d72b260a4
all5/Optional_parameters/[2-1][4-1][27-1][43-1].wasm,a82ac08d019f73ddab4cffd4865519ae
all5/Optional_parameters/[2-1][4-1][27-1][43-1][51-1].wasm,d8cfc4d81b2f674ec2caca79a2a819f7
all5/Optional_parameters/[2-1][4-1][27-1][43-1][51-1][52-1].wasm,d8cfc4d81b2f674ec2caca79a2a819f7
all5/Optional_parameters/[2-1][4-1][27-1][43-1][52-1].wasm,d8cfc4d81b2f674ec2caca79a2a819f7
all5/Optional_parameters/[2-1][4-1][27-1][51-1].wasm,a5ddfb5c595f7d48279e12d8aca721c3
all5/Optional_parameters/[2-1][4-1][27-1][51-1][52-1].wasm,a5ddfb5c595f7d48279e12d8aca721c3
all5/Optional_parameters/[2-1][4-1][27-1][52-1].wasm,a5ddfb5c595f7d48279e12d8aca721c3
all5/Optional_parameters/[2-1][4-1][43-1].wasm,ce309b7bda84d4564c6de10dd7330785
all5/Optional_parameters/[2-1][4-1][43-1][51-1].wasm,d8cfc4d81b2f674ec2caca79a2a819f7
all5/Optional_parameters/[2-1][4-1][43-1][51-1][52-1].wasm,d8cfc4d81b2f674ec2caca79a2a819f7
all5/Optional_parameters/[2-1][4-1][43-1][52-1].wasm,b8ccac2466e4c05a1ea1473470ed9b3d
all5/Optional_parameters/[2-1][4-1][5-1].wasm,23e6fcee53305cb9404bd14161d14887
all5/Optional_parameters/[2-1][4-1][5-1][23-1].wasm,23e6fcee53305cb9404bd14161d14887
all5/Optional_parameters/[2-1][4-1][5-1][23-1][26-1].wasm,72e326cdfa7ce6a4c3d418a993c10fd1
all5/Optional_parameters/[2-1][4-1][5-1][23-1][26-1][27-1].wasm,a804a61bdd53c8abac6b436b813ee50a
all5/Optional_parameters/[2-1][4-1][5-1][23-1][26-1][27-1][43-1].wasm,dd1e61d85daa0a28d5f5edc21fd7de19
all5/Optional_parameters/[2-1][4-1][5-1][23-1][26-1][27-1][43-1][51-1].wasm,22e8960a808fc108252df0f516c1b087
all5/Optional_parameters/[2-1][4-1][5-1][23-1][26-1][27-1][43-1][51-1][52-1].wasm,22e8960a808fc108252df0f516c1b087
all5/Optional_parameters/[2-1][4-1][5-1][23-1][26-1][27-1][43-1][52-1].wasm,22e8960a808fc108252df0f516c1b087
all5/Optional_parameters/[2-1][4-1][5-1][23-1][26-1][27-1][51-1].wasm,05cb0a302dd1dec9f1996fd39e748581
all5/Optional_parameters/[2-1][4-1][5-1][23-1][26-1][27-1][51-1][52-1].wasm,05cb0a302dd1dec9f1996fd39e748581
all5/Optional_parameters/[2-1][4-1][5-1][23-1][26-1][27-1][52-1].wasm,05cb0a302dd1dec9f1996fd39e748581
all5/Optional_parameters/[2-1][4-1][5-1][23-1][26-1][43-1].wasm,0320ee6176436eb9a94f4a065103d8a9
all5/Optional_parameters/[2-1][4-1][5-1][23-1][26-1][43-1][51-1].wasm,22e8960a808fc108252df0f516c1b087
all5/Optional_parameters/[2-1][4-1][5-1][23-1][26-1][43-1][51-1][52-1].wasm,22e8960a808fc108252df0f516c1b087
all5/Optional_parameters/[2-1][4-1][5-1][23-1][26-1][43-1][52-1].wasm,3e1c347291225412f42de59d7570f01c
all5/Optional_parameters/[2-1][4-1][5-1][23-1][26-1][51-1].wasm,05cb0a302dd1dec9f1996fd39e748581
all5/Optional_parameters/[2-1][4-1][5-1][23-1][26-1][51-1][52-1].wasm,05cb0a302dd1dec9f1996fd39e748581
all5/Optional_parameters/[2-1][4-1][5-1][23-1][26-1][52-1].wasm,5ed9cf3364022455d547df81a16c6a7f
all5/Optional_parameters/[2-1][4-1][5-1][23-1][27-1].wasm,30c02feef28d06cf218e5e8d72b260a4
all5/Optional_parameters/[2-1][4-1][5-1][23-1][27-1][43-1].wasm,a82ac08d019f73ddab4cffd4865519ae
all5/Optional_parameters/[2-1][4-1][5-1][23-1][27-1][43-1][51-1].wasm,d8cfc4d81b2f674ec2caca79a2a819f7
all5/Optional_parameters/[2-1][4-1][5-1][23-1][27-1][43-1][51-1][52-1].wasm,d8cfc4d81b2f674ec2caca79a2a819f7
all5/Optional_parameters/[2-1][4-1][5-1][23-1][27-1][43-1][52-1].wasm,d8cfc4d81b2f674ec2caca79a2a819f7
all5/Optional_parameters/[2-1][4-1][5-1][23-1][27-1][51-1].wasm,a5ddfb5c595f7d48279e12d8aca721c3
all5/Optional_parameters/[2-1][4-1][5-1][23-1][27-1][51-1][52-1].wasm,a5ddfb5c595f7d48279e12d8aca721c3
all5/Optional_parameters/[2-1][4-1][5-1][23-1][27-1][52-1].wasm,a5ddfb5c595f7d48279e12d8aca721c3
all5/Optional_parameters/[2-1][4-1][5-1][23-1][43-1].wasm,ce309b7bda84d4564c6de10dd7330785
all5/Optional_parameters/[2-1][4-1][5-1][23-1][43-1][51-1].wasm,d8cfc4d81b2f674ec2caca79a2a819f7
all5/Optional_parameters/[2-1][4-1][5-1][23-1][43-1][51-1][52-1].wasm,d8cfc4d81b2f674ec2caca79a2a819f7
all5/Optional_parameters/[2-1][4-1][5-1][23-1][43-1][52-1].wasm,b8ccac2466e4c05a1ea1473470ed9b3d
all5/Optional_parameters/[2-1][4-1][5-1][23-1][51-1].wasm,a5ddfb5c595f7d48279e12d8aca721c3
all5/Optional_parameters/[2-1][4-1][5-1][23-1][51-1][52-1].wasm,a5ddfb5c595f7d48279e12d8aca721c3
all5/Optional_parameters/[2-1][4-1][5-1][23-1][52-1].wasm,b40c54e899f53c8f9debb67a4ad4ac26
all5/Optional_parameters/[2-1][4-1][5-1][26-1].wasm,72e326cdfa7ce6a4c3d418a993c10fd1
all5/Optional_parameters/[2-1][4-1][5-1][26-1][27-1].wasm,a804a61bdd53c8abac6b436b813ee50a
all5/Optional_parameters/[2-1][4-1][5-1][26-1][27-1][43-1].wasm,dd1e61d85daa0a28d5f5edc21fd7de19
all5/Optional_parameters/[2-1][4-1][5-1][26-1][27-1][43-1][51-1].wasm,22e8960a808fc108252df0f516c1b087
all5/Optional_parameters/[2-1][4-1][5-1][26-1][27-1][43-1][51-1][52-1].wasm,22e8960a808fc108252df0f516c1b087
all5/Optional_parameters/[2-1][4-1][5-1][26-1][27-1][43-1][52-1].wasm,22e8960a808fc108252df0f516c1b087
all5/Optional_parameters/[2-1][4-1][5-1][26-1][27-1][51-1].wasm,05cb0a302dd1dec9f1996fd39e748581
all5/Optional_parameters/[2-1][4-1][5-1][26-1][27-1][51-1][52-1].wasm,05cb0a302dd1dec9f1996fd39e748581
all5/Optional_parameters/[2-1][4-1][5-1][26-1][27-1][52-1].wasm,05cb0a302dd1dec9f1996fd39e748581
all5/Optional_parameters/[2-1][4-1][5-1][26-1][43-1].wasm,0320ee6176436eb9a94f4a065103d8a9
all5/Optional_parameters/[2-1][4-1][5-1][26-1][43-1][51-1].wasm,22e8960a808fc108252df0f516c1b087
all5/Optional_parameters/[2-1][4-1][5-1][26-1][43-1][51-1][52-1].wasm,22e8960a808fc108252df0f516c1b087
all5/Optional_parameters/[2-1][4-1][5-1][26-1][43-1][52-1].wasm,3e1c347291225412f42de59d7570f01c
all5/Optional_parameters/[2-1][4-1][5-1][26-1][51-1].wasm,05cb0a302dd1dec9f1996fd39e748581
all5/Optional_parameters/[2-1][4-1][5-1][26-1][51-1][52-1].wasm,05cb0a302dd1dec9f1996fd39e748581
all5/Optional_parameters/[2-1][4-1][5-1][26-1][52-1].wasm,5ed9cf3364022455d547df81a16c6a7f
all5/Optional_parameters/[2-1][4-1][5-1][27-1].wasm,30c02feef28d06cf218e5e8d72b260a4
all5/Optional_parameters/[2-1][4-1][5-1][27-1][43-1].wasm,a82ac08d019f73ddab4cffd4865519ae
all5/Optional_parameters/[2-1][4-1][5-1][27-1][43-1][51-1].wasm,d8cfc4d81b2f674ec2caca79a2a819f7
all5/Optional_parameters/[2-1][4-1][5-1][27-1][43-1][51-1][52-1].wasm,d8cfc4d81b2f674ec2caca79a2a819f7
all5/Optional_parameters/[2-1][4-1][5-1][27-1][43-1][52-1].wasm,d8cfc4d81b2f674ec2caca79a2a819f7
all5/Optional_parameters/[2-1][4-1][5-1][27-1][51-1].wasm,a5ddfb5c595f7d48279e12d8aca721c3
all5/Optional_parameters/[2-1][4-1][5-1][27-1][51-1][52-1].wasm,a5ddfb5c595f7d48279e12d8aca721c3
all5/Optional_parameters/[2-1][4-1][5-1][27-1][52-1].wasm,a5ddfb5c595f7d48279e12d8aca721c3
all5/Optional_parameters/[2-1][4-1][5-1][43-1].wasm,ce309b7bda84d4564c6de10dd7330785
all5/Optional_parameters/[2-1][4-1][5-1][43-1][51-1].wasm,d8cfc4d81b2f674ec2caca79a2a819f7
all5/Optional_parameters/[2-1][4-1][5-1][43-1][51-1][52-1].wasm,d8cfc4d81b2f674ec2caca79a2a819f7
all5/Optional_parameters/[2-1][4-1][5-1][43-1][52-1].wasm,b8ccac2466e4c05a1ea1473470ed9b3d
all5/Optional_parameters/[2-1][4-1][5-1][51-1].wasm,a5ddfb5c595f7d48279e12d8aca721c3
all5/Optional_parameters/[2-1][4-1][5-1][51-1][52-1].wasm,a5ddfb5c595f7d48279e12d8aca721c3
all5/Optional_parameters/[2-1][4-1][5-1][52-1].wasm,b40c54e899f53c8f9debb67a4ad4ac26
all5/Optional_parameters/[2-1][4-1][51-1].wasm,a5ddfb5c595f7d48279e12d8aca721c3
all5/Optional_parameters/[2-1][4-1][51-1][52-1].wasm,a5ddfb5c595f7d48279e12d8aca721c3
all5/Optional_parameters/[2-1][4-1][52-1].wasm,b40c54e899f53c8f9debb67a4ad4ac26
all5/Optional_parameters/[2-1][43-1].wasm,ce309b7bda84d4564c6de10dd7330785
all5/Optional_parameters/[2-1][43-1][51-1].wasm,d8cfc4d81b2f674ec2caca79a2a819f7
all5/Optional_parameters/[2-1][43-1][51-1][52-1].wasm,d8cfc4d81b2f674ec2caca79a2a819f7
all5/Optional_parameters/[2-1][43-1][52-1].wasm,b8ccac2466e4c05a1ea1473470ed9b3d
all5/Optional_parameters/[2-1][5-1].wasm,23e6fcee53305cb9404bd14161d14887
all5/Optional_parameters/[2-1][5-1][23-1].wasm,23e6fcee53305cb9404bd14161d14887
all5/Optional_parameters/[2-1][5-1][23-1][26-1].wasm,72e326cdfa7ce6a4c3d418a993c10fd1
all5/Optional_parameters/[2-1][5-1][23-1][26-1][27-1].wasm,a804a61bdd53c8abac6b436b813ee50a
all5/Optional_parameters/[2-1][5-1][23-1][26-1][27-1][43-1].wasm,dd1e61d85daa0a28d5f5edc21fd7de19
all5/Optional_parameters/[2-1][5-1][23-1][26-1][27-1][43-1][51-1].wasm,22e8960a808fc108252df0f516c1b087
all5/Optional_parameters/[2-1][5-1][23-1][26-1][27-1][43-1][51-1][52-1].wasm,22e8960a808fc108252df0f516c1b087
all5/Optional_parameters/[2-1][5-1][23-1][26-1][27-1][43-1][52-1].wasm,22e8960a808fc108252df0f516c1b087
all5/Optional_parameters/[2-1][5-1][23-1][26-1][27-1][51-1].wasm,05cb0a302dd1dec9f1996fd39e748581
all5/Optional_parameters/[2-1][5-1][23-1][26-1][27-1][51-1][52-1].wasm,05cb0a302dd1dec9f1996fd39e748581
all5/Optional_parameters/[2-1][5-1][23-1][26-1][27-1][52-1].wasm,05cb0a302dd1dec9f1996fd39e748581
all5/Optional_parameters/[2-1][5-1][23-1][26-1][43-1].wasm,0320ee6176436eb9a94f4a065103d8a9
all5/Optional_parameters/[2-1][5-1][23-1][26-1][43-1][51-1].wasm,22e8960a808fc108252df0f516c1b087
all5/Optional_parameters/[2-1][5-1][23-1][26-1][43-1][51-1][52-1].wasm,22e8960a808fc108252df0f516c1b087
all5/Optional_parameters/[2-1][5-1][23-1][26-1][43-1][52-1].wasm,3e1c347291225412f42de59d7570f01c
all5/Optional_parameters/[2-1][5-1][23-1][26-1][51-1].wasm,05cb0a302dd1dec9f1996fd39e748581
all5/Optional_parameters/[2-1][5-1][23-1][26-1][51-1][52-1].wasm,05cb0a302dd1dec9f1996fd39e748581
all5/Optional_parameters/[2-1][5-1][23-1][26-1][52-1].wasm,5ed9cf3364022455d547df81a16c6a7f
all5/Optional_parameters/[2-1][5-1][23-1][27-1].wasm,30c02feef28d06cf218e5e8d72b260a4
all5/Optional_parameters/[2-1][5-1][23-1][27-1][43-1].wasm,a82ac08d019f73ddab4cffd4865519ae
all5/Optional_parameters/[2-1][5-1][23-1][27-1][43-1][51-1].wasm,d8cfc4d81b2f674ec2caca79a2a819f7
all5/Optional_parameters/[2-1][5-1][23-1][27-1][43-1][51-1][52-1].wasm,d8cfc4d81b2f674ec2caca79a2a819f7
all5/Optional_parameters/[2-1][5-1][23-1][27-1][43-1][52-1].wasm,d8cfc4d81b2f674ec2caca79a2a819f7
all5/Optional_parameters/[2-1][5-1][23-1][27-1][51-1].wasm,a5ddfb5c595f7d48279e12d8aca721c3
all5/Optional_parameters/[2-1][5-1][23-1][27-1][51-1][52-1].wasm,a5ddfb5c595f7d48279e12d8aca721c3
all5/Optional_parameters/[2-1][5-1][23-1][27-1][52-1].wasm,a5ddfb5c595f7d48279e12d8aca721c3
all5/Optional_parameters/[2-1][5-1][23-1][43-1].wasm,ce309b7bda84d4564c6de10dd7330785
all5/Optional_parameters/[2-1][5-1][23-1][43-1][51-1].wasm,d8cfc4d81b2f674ec2caca79a2a819f7
all5/Optional_parameters/[2-1][5-1][23-1][43-1][51-1][52-1].wasm,d8cfc4d81b2f674ec2caca79a2a819f7
all5/Optional_parameters/[2-1][5-1][23-1][43-1][52-1].wasm,b8ccac2466e4c05a1ea1473470ed9b3d
all5/Optional_parameters/[2-1][5-1][23-1][51-1].wasm,a5ddfb5c595f7d48279e12d8aca721c3
all5/Optional_parameters/[2-1][5-1][23-1][51-1][52-1].wasm,a5ddfb5c595f7d48279e12d8aca721c3
all5/Optional_parameters/[2-1][5-1][23-1][52-1].wasm,b40c54e899f53c8f9debb67a4ad4ac26
all5/Optional_parameters/[2-1][5-1][26-1].wasm,72e326cdfa7ce6a4c3d418a993c10fd1
all5/Optional_parameters/[2-1][5-1][26-1][27-1].wasm,a804a61bdd53c8abac6b436b813ee50a
all5/Optional_parameters/[2-1][5-1][26-1][27-1][43-1].wasm,dd1e61d85daa0a28d5f5edc21fd7de19
all5/Optional_parameters/[2-1][5-1][26-1][27-1][43-1][51-1].wasm,22e8960a808fc108252df0f516c1b087
all5/Optional_parameters/[2-1][5-1][26-1][27-1][43-1][51-1][52-1].wasm,22e8960a808fc108252df0f516c1b087
all5/Optional_parameters/[2-1][5-1][26-1][27-1][43-1][52-1].wasm,22e8960a808fc108252df0f516c1b087
all5/Optional_parameters/[2-1][5-1][26-1][27-1][51-1].wasm,05cb0a302dd1dec9f1996fd39e748581
all5/Optional_parameters/[2-1][5-1][26-1][27-1][51-1][52-1].wasm,05cb0a302dd1dec9f1996fd39e748581
all5/Optional_parameters/[2-1][5-1][26-1][27-1][52-1].wasm,05cb0a302dd1dec9f1996fd39e748581
all5/Optional_parameters/[2-1][5-1][26-1][43-1].wasm,0320ee6176436eb9a94f4a065103d8a9
all5/Optional_parameters/[2-1][5-1][26-1][43-1][51-1].wasm,22e8960a808fc108252df0f516c1b087
all5/Optional_parameters/[2-1][5-1][26-1][43-1][51-1][52-1].wasm,22e8960a808fc108252df0f516c1b087
all5/Optional_parameters/[2-1][5-1][26-1][43-1][52-1].wasm,3e1c347291225412f42de59d7570f01c
all5/Optional_parameters/[2-1][5-1][26-1][51-1].wasm,05cb0a302dd1dec9f1996fd39e748581
all5/Optional_parameters/[2-1][5-1][26-1][51-1][52-1].wasm,05cb0a302dd1dec9f1996fd39e748581
all5/Optional_parameters/[2-1][5-1][26-1][52-1].wasm,5ed9cf3364022455d547df81a16c6a7f
all5/Optional_parameters/[2-1][5-1][27-1].wasm,30c02feef28d06cf218e5e8d72b260a4
all5/Optional_parameters/[2-1][5-1][27-1][43-1].wasm,a82ac08d019f73ddab4cffd4865519ae
all5/Optional_parameters/[2-1][5-1][27-1][43-1][51-1].wasm,d8cfc4d81b2f674ec2caca79a2a819f7
all5/Optional_parameters/[2-1][5-1][27-1][43-1][51-1][52-1].wasm,d8cfc4d81b2f674ec2caca79a2a819f7
all5/Optional_parameters/[2-1][5-1][27-1][43-1][52-1].wasm,d8cfc4d81b2f674ec2caca79a2a819f7
all5/Optional_parameters/[2-1][5-1][27-1][51-1].wasm,a5ddfb5c595f7d48279e12d8aca721c3
all5/Optional_parameters/[2-1][5-1][27-1][51-1][52-1].wasm,a5ddfb5c595f7d48279e12d8aca721c3
all5/Optional_parameters/[2-1][5-1][27-1][52-1].wasm,a5ddfb5c595f7d48279e12d8aca721c3
all5/Optional_parameters/[2-1][5-1][43-1].wasm,ce309b7bda84d4564c6de10dd7330785
all5/Optional_parameters/[2-1][5-1][43-1][51-1].wasm,d8cfc4d81b2f674ec2caca79a2a819f7
all5/Optional_parameters/[2-1][5-1][43-1][51-1][52-1].wasm,d8cfc4d81b2f674ec2caca79a2a819f7
all5/Optional_parameters/[2-1][5-1][43-1][52-1].wasm,b8ccac2466e4c05a1ea1473470ed9b3d
all5/Optional_parameters/[2-1][5-1][51-1].wasm,a5ddfb5c595f7d48279e12d8aca721c3
all5/Optional_parameters/[2-1][5-1][51-1][52-1].wasm,a5ddfb5c595f7d48279e12d8aca721c3
all5/Optional_parameters/[2-1][5-1][52-1].wasm,b40c54e899f53c8f9debb67a4ad4ac26
all5/Optional_parameters/[2-1][51-1].wasm,a5ddfb5c595f7d48279e12d8aca721c3
all5/Optional_parameters/[2-1][51-1][52-1].wasm,a5ddfb5c595f7d48279e12d8aca721c3
all5/Optional_parameters/[2-1][52-1].wasm,b40c54e899f53c8f9debb67a4ad4ac26
all5/Optional_parameters/[23-1].wasm,23e6fcee53305cb9404bd14161d14887
all5/Optional_parameters/[23-1][26-1].wasm,72e326cdfa7ce6a4c3d418a993c10fd1
all5/Optional_parameters/[23-1][26-1][27-1].wasm,a804a61bdd53c8abac6b436b813ee50a
all5/Optional_parameters/[23-1][26-1][27-1][43-1].wasm,dd1e61d85daa0a28d5f5edc21fd7de19
all5/Optional_parameters/[23-1][26-1][27-1][43-1][51-1].wasm,22e8960a808fc108252df0f516c1b087
all5/Optional_parameters/[23-1][26-1][27-1][43-1][51-1][52-1].wasm,22e8960a808fc108252df0f516c1b087
all5/Optional_parameters/[23-1][26-1][27-1][43-1][52-1].wasm,22e8960a808fc108252df0f516c1b087
all5/Optional_parameters/[23-1][26-1][27-1][51-1].wasm,05cb0a302dd1dec9f1996fd39e748581
all5/Optional_parameters/[23-1][26-1][27-1][51-1][52-1].wasm,05cb0a302dd1dec9f1996fd39e748581
all5/Optional_parameters/[23-1][26-1][27-1][52-1].wasm,05cb0a302dd1dec9f1996fd39e748581
all5/Optional_parameters/[23-1][26-1][43-1].wasm,0320ee6176436eb9a94f4a065103d8a9
all5/Optional_parameters/[23-1][26-1][43-1][51-1].wasm,22e8960a808fc108252df0f516c1b087
all5/Optional_parameters/[23-1][26-1][43-1][51-1][52-1].wasm,22e8960a808fc108252df0f516c1b087
all5/Optional_parameters/[23-1][26-1][43-1][52-1].wasm,3e1c347291225412f42de59d7570f01c
all5/Optional_parameters/[23-1][26-1][51-1].wasm,05cb0a302dd1dec9f1996fd39e748581
all5/Optional_parameters/[23-1][26-1][51-1][52-1].wasm,05cb0a302dd1dec9f1996fd39e748581
all5/Optional_parameters/[23-1][26-1][52-1].wasm,5ed9cf3364022455d547df81a16c6a7f
all5/Optional_parameters/[23-1][27-1].wasm,30c02feef28d06cf218e5e8d72b260a4
all5/Optional_parameters/[23-1][27-1][43-1].wasm,a82ac08d019f73ddab4cffd4865519ae
all5/Optional_parameters/[23-1][27-1][43-1][51-1].wasm,d8cfc4d81b2f674ec2caca79a2a819f7
all5/Optional_parameters/[23-1][27-1][43-1][51-1][52-1].wasm,d8cfc4d81b2f674ec2caca79a2a819f7
all5/Optional_parameters/[23-1][27-1][43-1][52-1].wasm,d8cfc4d81b2f674ec2caca79a2a819f7
all5/Optional_parameters/[23-1][27-1][51-1].wasm,a5ddfb5c595f7d48279e12d8aca721c3
all5/Optional_parameters/[23-1][27-1][51-1][52-1].wasm,a5ddfb5c595f7d48279e12d8aca721c3
all5/Optional_parameters/[23-1][27-1][52-1].wasm,a5ddfb5c595f7d48279e12d8aca721c3
all5/Optional_parameters/[23-1][43-1].wasm,ce309b7bda84d4564c6de10dd7330785
all5/Optional_parameters/[23-1][43-1][51-1].wasm,d8cfc4d81b2f674ec2caca79a2a819f7
all5/Optional_parameters/[23-1][43-1][51-1][52-1].wasm,d8cfc4d81b2f674ec2caca79a2a819f7
all5/Optional_parameters/[23-1][43-1][52-1].wasm,b8ccac2466e4c05a1ea1473470ed9b3d
all5/Optional_parameters/[23-1][51-1].wasm,a5ddfb5c595f7d48279e12d8aca721c3
all5/Optional_parameters/[23-1][51-1][52-1].wasm,a5ddfb5c595f7d48279e12d8aca721c3
all5/Optional_parameters/[23-1][52-1].wasm,b40c54e899f53c8f9debb67a4ad4ac26
all5/Optional_parameters/[24-1][35-1].wasm,23e6fcee53305cb9404bd14161d14887
all5/Optional_parameters/[24-1][35-1][36-1][39-1][41-1].wasm,b40c54e899f53c8f9debb67a4ad4ac26
all5/Optional_parameters/[24-1][35-1][36-1][39-1][41-1][44-1].wasm,5ed9cf3364022455d547df81a16c6a7f
all5/Optional_parameters/[24-1][35-1][36-1][39-1][41-1][44-1][50-1][51-1].wasm,05cb0a302dd1dec9f1996fd39e748581
all5/Optional_parameters/[24-1][35-1][36-1][39-1][41-1][50-1][51-1].wasm,a5ddfb5c595f7d48279e12d8aca721c3
all5/Optional_parameters/[24-1][35-1][36-1][39-1][44-1].wasm,72e326cdfa7ce6a4c3d418a993c10fd1
all5/Optional_parameters/[24-1][36-1][39-1][41-1].wasm,614da025ff1c60812eb5262bb9ebe4c5
all5/Optional_parameters/[24-1][36-1][39-1][41-1][44-1].wasm,777084f8173800aed1e2d24b02b88a54
all5/Optional_parameters/[24-1][36-1][39-1][41-1][44-1][50-1][51-1].wasm,5c36f1d9572290af18dc865b87464375
all5/Optional_parameters/[24-1][36-1][39-1][41-1][50-1][51-1].wasm,5ee4aae5337cd74e72be25d5d8fb5a66
all5/Optional_parameters/[24-1][36-1][39-1][44-1].wasm,c11adb11a30d0757d40f01a8d46c3b38
all5/Optional_parameters/[26-1].wasm,c11adb11a30d0757d40f01a8d46c3b38
all5/Optional_parameters/[26-1][27-1].wasm,5dcf1d5b7cd9194fd9a6c64b99afdfc5
all5/Optional_parameters/[26-1][27-1][43-1].wasm,602a81c95960764a1e806f4883f1fcfb
all5/Optional_parameters/[26-1][27-1][43-1][51-1].wasm,aeb879a3e3dc0ef2dfedc65bb7933264
all5/Optional_parameters/[26-1][27-1][43-1][51-1][52-1].wasm,aeb879a3e3dc0ef2dfedc65bb7933264
all5/Optional_parameters/[26-1][27-1][43-1][52-1].wasm,aeb879a3e3dc0ef2dfedc65bb7933264
all5/Optional_parameters/[26-1][27-1][51-1].wasm,5c36f1d9572290af18dc865b87464375
all5/Optional_parameters/[26-1][27-1][51-1][52-1].wasm,5c36f1d9572290af18dc865b87464375
all5/Optional_parameters/[26-1][27-1][52-1].wasm,5c36f1d9572290af18dc865b87464375
all5/Optional_parameters/[26-1][43-1].wasm,6a1dfad353ecb5772e67cfd309a9546f
all5/Optional_parameters/[26-1][43-1][51-1].wasm,aeb879a3e3dc0ef2dfedc65bb7933264
all5/Optional_parameters/[26-1][43-1][51-1][52-1].wasm,aeb879a3e3dc0ef2dfedc65bb7933264
all5/Optional_parameters/[26-1][43-1][52-1].wasm,579b5dda038ba01b4c8e593bf1f69566
all5/Optional_parameters/[26-1][51-1].wasm,5c36f1d9572290af18dc865b87464375
all5/Optional_parameters/[26-1][51-1][52-1].wasm,5c36f1d9572290af18dc865b87464375
all5/Optional_parameters/[26-1][52-1].wasm,777084f8173800aed1e2d24b02b88a54
all5/Optional_parameters/[27-1].wasm,4c76d01265a739c6496b7de1b4ada177
all5/Optional_parameters/[27-1][43-1].wasm,dd1e61d85daa0a28d5f5edc21fd7de19
all5/Optional_parameters/[27-1][43-1][51-1].wasm,d366992774be533a2b9ad3ecd8e0f102
all5/Optional_parameters/[27-1][43-1][51-1][52-1].wasm,d366992774be533a2b9ad3ecd8e0f102
all5/Optional_parameters/[27-1][43-1][52-1].wasm,d366992774be533a2b9ad3ecd8e0f102
all5/Optional_parameters/[27-1][51-1].wasm,5ee4aae5337cd74e72be25d5d8fb5a66
all5/Optional_parameters/[27-1][51-1][52-1].wasm,22e8960a808fc108252df0f516c1b087
all5/Optional_parameters/[27-1][52-1].wasm,5ee4aae5337cd74e72be25d5d8fb5a66
all5/Optional_parameters/[3-1].wasm,43e7e7aea68f0048868f358ed81d5ce8
all5/Optional_parameters/[3-1][23-1].wasm,23e6fcee53305cb9404bd14161d14887
all5/Optional_parameters/[3-1][23-1][26-1].wasm,72e326cdfa7ce6a4c3d418a993c10fd1
all5/Optional_parameters/[3-1][23-1][26-1][27-1].wasm,a804a61bdd53c8abac6b436b813ee50a
all5/Optional_parameters/[3-1][23-1][26-1][27-1][43-1].wasm,dd1e61d85daa0a28d5f5edc21fd7de19
all5/Optional_parameters/[3-1][23-1][26-1][27-1][43-1][51-1].wasm,22e8960a808fc108252df0f516c1b087
all5/Optional_parameters/[3-1][23-1][26-1][27-1][43-1][51-1][52-1].wasm,22e8960a808fc108252df0f516c1b087
all5/Optional_parameters/[3-1][23-1][26-1][27-1][43-1][52-1].wasm,22e8960a808fc108252df0f516c1b087
all5/Optional_parameters/[3-1][23-1][26-1][27-1][51-1].wasm,05cb0a302dd1dec9f1996fd39e748581
all5/Optional_parameters/[3-1][23-1][26-1][27-1][51-1][52-1].wasm,05cb0a302dd1dec9f1996fd39e748581
all5/Optional_parameters/[3-1][23-1][26-1][27-1][52-1].wasm,05cb0a302dd1dec9f1996fd39e748581
all5/Optional_parameters/[3-1][23-1][26-1][43-1].wasm,0320ee6176436eb9a94f4a065103d8a9
all5/Optional_parameters/[3-1][23-1][26-1][43-1][51-1].wasm,22e8960a808fc108252df0f516c1b087
all5/Optional_parameters/[3-1][23-1][26-1][43-1][51-1][52-1].wasm,22e8960a808fc108252df0f516c1b087
all5/Optional_parameters/[3-1][23-1][26-1][43-1][52-1].wasm,3e1c347291225412f42de59d7570f01c
all5/Optional_parameters/[3-1][23-1][26-1][51-1].wasm,05cb0a302dd1dec9f1996fd39e748581
all5/Optional_parameters/[3-1][23-1][26-1][51-1][52-1].wasm,05cb0a302dd1dec9f1996fd39e748581
all5/Optional_parameters/[3-1][23-1][26-1][52-1].wasm,5ed9cf3364022455d547df81a16c6a7f
all5/Optional_parameters/[3-1][23-1][27-1].wasm,30c02feef28d06cf218e5e8d72b260a4
all5/Optional_parameters/[3-1][23-1][27-1][43-1].wasm,a82ac08d019f73ddab4cffd4865519ae
all5/Optional_parameters/[3-1][23-1][27-1][43-1][51-1].wasm,d8cfc4d81b2f674ec2caca79a2a819f7
all5/Optional_parameters/[3-1][23-1][27-1][43-1][51-1][52-1].wasm,d8cfc4d81b2f674ec2caca79a2a819f7
all5/Optional_parameters/[3-1][23-1][27-1][43-1][52-1].wasm,d8cfc4d81b2f674ec2caca79a2a819f7
all5/Optional_parameters/[3-1][23-1][27-1][51-1].wasm,a5ddfb5c595f7d48279e12d8aca721c3
all5/Optional_parameters/[3-1][23-1][27-1][51-1][52-1].wasm,a5ddfb5c595f7d48279e12d8aca721c3
all5/Optional_parameters/[3-1][23-1][27-1][52-1].wasm,a5ddfb5c595f7d48279e12d8aca721c3
all5/Optional_parameters/[3-1][23-1][43-1].wasm,ce309b7bda84d4564c6de10dd7330785
all5/Optional_parameters/[3-1][23-1][43-1][51-1].wasm,d8cfc4d81b2f674ec2caca79a2a819f7
all5/Optional_parameters/[3-1][23-1][43-1][51-1][52-1].wasm,d8cfc4d81b2f674ec2caca79a2a819f7
all5/Optional_parameters/[3-1][23-1][43-1][52-1].wasm,b8ccac2466e4c05a1ea1473470ed9b3d
all5/Optional_parameters/[3-1][23-1][51-1].wasm,a5ddfb5c595f7d48279e12d8aca721c3
all5/Optional_parameters/[3-1][23-1][51-1][52-1].wasm,a5ddfb5c595f7d48279e12d8aca721c3
all5/Optional_parameters/[3-1][23-1][52-1].wasm,b40c54e899f53c8f9debb67a4ad4ac26
all5/Optional_parameters/[3-1][26-1].wasm,c11adb11a30d0757d40f01a8d46c3b38
all5/Optional_parameters/[3-1][26-1][27-1].wasm,5dcf1d5b7cd9194fd9a6c64b99afdfc5
all5/Optional_parameters/[3-1][26-1][27-1][43-1].wasm,602a81c95960764a1e806f4883f1fcfb
all5/Optional_parameters/[3-1][26-1][27-1][43-1][51-1].wasm,aeb879a3e3dc0ef2dfedc65bb7933264
all5/Optional_parameters/[3-1][26-1][27-1][43-1][51-1][52-1].wasm,aeb879a3e3dc0ef2dfedc65bb7933264
all5/Optional_parameters/[3-1][26-1][27-1][43-1][52-1].wasm,aeb879a3e3dc0ef2dfedc65bb7933264
all5/Optional_parameters/[3-1][26-1][27-1][51-1].wasm,5c36f1d9572290af18dc865b87464375
all5/Optional_parameters/[3-1][26-1][27-1][51-1][52-1].wasm,5c36f1d9572290af18dc865b87464375
all5/Optional_parameters/[3-1][26-1][27-1][52-1].wasm,5c36f1d9572290af18dc865b87464375
all5/Optional_parameters/[3-1][26-1][43-1].wasm,6a1dfad353ecb5772e67cfd309a9546f
all5/Optional_parameters/[3-1][26-1][43-1][51-1].wasm,aeb879a3e3dc0ef2dfedc65bb7933264
all5/Optional_parameters/[3-1][26-1][43-1][51-1][52-1].wasm,aeb879a3e3dc0ef2dfedc65bb7933264
all5/Optional_parameters/[3-1][26-1][43-1][52-1].wasm,579b5dda038ba01b4c8e593bf1f69566
all5/Optional_parameters/[3-1][26-1][51-1].wasm,5c36f1d9572290af18dc865b87464375
all5/Optional_parameters/[3-1][26-1][51-1][52-1].wasm,5c36f1d9572290af18dc865b87464375
all5/Optional_parameters/[3-1][26-1][52-1].wasm,777084f8173800aed1e2d24b02b88a54
all5/Optional_parameters/[3-1][27-1].wasm,4c76d01265a739c6496b7de1b4ada177
all5/Optional_parameters/[3-1][27-1][43-1].wasm,34e73d0badb297d1efd84f47919f56a4
all5/Optional_parameters/[3-1][27-1][43-1][51-1].wasm,d366992774be533a2b9ad3ecd8e0f102
all5/Optional_parameters/[3-1][27-1][43-1][51-1][52-1].wasm,d366992774be533a2b9ad3ecd8e0f102
all5/Optional_parameters/[3-1][27-1][43-1][52-1].wasm,d366992774be533a2b9ad3ecd8e0f102
all5/Optional_parameters/[3-1][27-1][51-1].wasm,5ee4aae5337cd74e72be25d5d8fb5a66
all5/Optional_parameters/[3-1][27-1][51-1][52-1].wasm,5ee4aae5337cd74e72be25d5d8fb5a66
all5/Optional_parameters/[3-1][27-1][52-1].wasm,5ee4aae5337cd74e72be25d5d8fb5a66
all5/Optional_parameters/[3-1][4-1].wasm,43e7e7aea68f0048868f358ed81d5ce8
all5/Optional_parameters/[3-1][4-1][23-1].wasm,23e6fcee53305cb9404bd14161d14887
all5/Optional_parameters/[3-1][4-1][23-1][26-1].wasm,72e326cdfa7ce6a4c3d418a993c10fd1
all5/Optional_parameters/[3-1][4-1][23-1][26-1][27-1].wasm,a804a61bdd53c8abac6b436b813ee50a
all5/Optional_parameters/[3-1][4-1][23-1][26-1][27-1][43-1].wasm,dd1e61d85daa0a28d5f5edc21fd7de19
all5/Optional_parameters/[3-1][4-1][23-1][26-1][27-1][43-1][51-1].wasm,22e8960a808fc108252df0f516c1b087
all5/Optional_parameters/[3-1][4-1][23-1][26-1][27-1][43-1][51-1][52-1].wasm,22e8960a808fc108252df0f516c1b087
all5/Optional_parameters/[3-1][4-1][23-1][26-1][27-1][43-1][52-1].wasm,22e8960a808fc108252df0f516c1b087
all5/Optional_parameters/[3-1][4-1][23-1][26-1][27-1][51-1].wasm,05cb0a302dd1dec9f1996fd39e748581
all5/Optional_parameters/[3-1][4-1][23-1][26-1][27-1][51-1][52-1].wasm,05cb0a302dd1dec9f1996fd39e748581
all5/Optional_parameters/[3-1][4-1][23-1][26-1][27-1][52-1].wasm,05cb0a302dd1dec9f1996fd39e748581
all5/Optional_parameters/[3-1][4-1][23-1][26-1][43-1].wasm,0320ee6176436eb9a94f4a065103d8a9
all5/Optional_parameters/[3-1][4-1][23-1][26-1][43-1][51-1].wasm,22e8960a808fc108252df0f516c1b087
all5/Optional_parameters/[3-1][4-1][23-1][26-1][43-1][51-1][52-1].wasm,22e8960a808fc108252df0f516c1b087
all5/Optional_parameters/[3-1][4-1][23-1][26-1][43-1][52-1].wasm,3e1c347291225412f42de59d7570f01c
all5/Optional_parameters/[3-1][4-1][23-1][26-1][51-1].wasm,05cb0a302dd1dec9f1996fd39e748581
all5/Optional_parameters/[3-1][4-1][23-1][26-1][51-1][52-1].wasm,05cb0a302dd1dec9f1996fd39e748581
all5/Optional_parameters/[3-1][4-1][23-1][26-1][52-1].wasm,5ed9cf3364022455d547df81a16c6a7f
all5/Optional_parameters/[3-1][4-1][23-1][27-1].wasm,30c02feef28d06cf218e5e8d72b260a4
all5/Optional_parameters/[3-1][4-1][23-1][27-1][43-1].wasm,a82ac08d019f73ddab4cffd4865519ae
all5/Optional_parameters/[3-1][4-1][23-1][27-1][43-1][51-1].wasm,d8cfc4d81b2f674ec2caca79a2a819f7
all5/Optional_parameters/[3-1][4-1][23-1][27-1][43-1][51-1][52-1].wasm,d8cfc4d81b2f674ec2caca79a2a819f7
all5/Optional_parameters/[3-1][4-1][23-1][27-1][43-1][52-1].wasm,d8cfc4d81b2f674ec2caca79a2a819f7
all5/Optional_parameters/[3-1][4-1][23-1][27-1][51-1].wasm,a5ddfb5c595f7d48279e12d8aca721c3
all5/Optional_parameters/[3-1][4-1][23-1][27-1][51-1][52-1].wasm,a5ddfb5c595f7d48279e12d8aca721c3
all5/Optional_parameters/[3-1][4-1][23-1][27-1][52-1].wasm,a5ddfb5c595f7d48279e12d8aca721c3
all5/Optional_parameters/[3-1][4-1][23-1][43-1].wasm,ce309b7bda84d4564c6de10dd7330785
all5/Optional_parameters/[3-1][4-1][23-1][43-1][51-1].wasm,d8cfc4d81b2f674ec2caca79a2a819f7
all5/Optional_parameters/[3-1][4-1][23-1][43-1][51-1][52-1].wasm,d8cfc4d81b2f674ec2caca79a2a819f7
all5/Optional_parameters/[3-1][4-1][23-1][43-1][52-1].wasm,b8ccac2466e4c05a1ea1473470ed9b3d
all5/Optional_parameters/[3-1][4-1][23-1][51-1].wasm,a5ddfb5c595f7d48279e12d8aca721c3
all5/Optional_parameters/[3-1][4-1][23-1][51-1][52-1].wasm,a5ddfb5c595f7d48279e12d8aca721c3
all5/Optional_parameters/[3-1][4-1][23-1][52-1].wasm,b40c54e899f53c8f9debb67a4ad4ac26
all5/Optional_parameters/[3-1][4-1][26-1].wasm,c11adb11a30d0757d40f01a8d46c3b38
all5/Optional_parameters/[3-1][4-1][26-1][27-1].wasm,5dcf1d5b7cd9194fd9a6c64b99afdfc5
all5/Optional_parameters/[3-1][4-1][26-1][27-1][43-1].wasm,602a81c95960764a1e806f4883f1fcfb
all5/Optional_parameters/[3-1][4-1][26-1][27-1][43-1][51-1].wasm,aeb879a3e3dc0ef2dfedc65bb7933264
all5/Optional_parameters/[3-1][4-1][26-1][27-1][43-1][51-1][52-1].wasm,aeb879a3e3dc0ef2dfedc65bb7933264
all5/Optional_parameters/[3-1][4-1][26-1][27-1][43-1][52-1].wasm,aeb879a3e3dc0ef2dfedc65bb7933264
all5/Optional_parameters/[3-1][4-1][26-1][27-1][51-1].wasm,5c36f1d9572290af18dc865b87464375
all5/Optional_parameters/[3-1][4-1][26-1][27-1][51-1][52-1].wasm,5c36f1d9572290af18dc865b87464375
all5/Optional_parameters/[3-1][4-1][26-1][27-1][52-1].wasm,5c36f1d9572290af18dc865b87464375
all5/Optional_parameters/[3-1][4-1][26-1][43-1].wasm,6a1dfad353ecb5772e67cfd309a9546f
all5/Optional_parameters/[3-1][4-1][26-1][43-1][51-1].wasm,aeb879a3e3dc0ef2dfedc65bb7933264
all5/Optional_parameters/[3-1][4-1][26-1][43-1][51-1][52-1].wasm,aeb879a3e3dc0ef2dfedc65bb7933264
all5/Optional_parameters/[3-1][4-1][26-1][43-1][52-1].wasm,579b5dda038ba01b4c8e593bf1f69566
all5/Optional_parameters/[3-1][4-1][26-1][51-1].wasm,5c36f1d9572290af18dc865b87464375
all5/Optional_parameters/[3-1][4-1][26-1][51-1][52-1].wasm,5c36f1d9572290af18dc865b87464375
all5/Optional_parameters/[3-1][4-1][26-1][52-1].wasm,777084f8173800aed1e2d24b02b88a54
all5/Optional_parameters/[3-1][4-1][27-1].wasm,4c76d01265a739c6496b7de1b4ada177
all5/Optional_parameters/[3-1][4-1][27-1][43-1].wasm,34e73d0badb297d1efd84f47919f56a4
all5/Optional_parameters/[3-1][4-1][27-1][43-1][51-1].wasm,d366992774be533a2b9ad3ecd8e0f102
all5/Optional_parameters/[3-1][4-1][27-1][43-1][51-1][52-1].wasm,d366992774be533a2b9ad3ecd8e0f102
all5/Optional_parameters/[3-1][4-1][27-1][43-1][52-1].wasm,d366992774be533a2b9ad3ecd8e0f102
all5/Optional_parameters/[3-1][4-1][27-1][51-1].wasm,5ee4aae5337cd74e72be25d5d8fb5a66
all5/Optional_parameters/[3-1][4-1][27-1][51-1][52-1].wasm,5ee4aae5337cd74e72be25d5d8fb5a66
all5/Optional_parameters/[3-1][4-1][27-1][52-1].wasm,5ee4aae5337cd74e72be25d5d8fb5a66
all5/Optional_parameters/[3-1][4-1][43-1].wasm,8d7b7c821ebc0e3a50b2916789d4f0c8
all5/Optional_parameters/[3-1][4-1][43-1][51-1].wasm,d366992774be533a2b9ad3ecd8e0f102
all5/Optional_parameters/[3-1][4-1][43-1][51-1][52-1].wasm,d366992774be533a2b9ad3ecd8e0f102
all5/Optional_parameters/[3-1][4-1][43-1][52-1].wasm,c18a70ce4100a31afb4644b6e4dc282d
all5/Optional_parameters/[3-1][4-1][5-1].wasm,43e7e7aea68f0048868f358ed81d5ce8
all5/Optional_parameters/[3-1][4-1][5-1][23-1].wasm,23e6fcee53305cb9404bd14161d14887
all5/Optional_parameters/[3-1][4-1][5-1][23-1][26-1].wasm,72e326cdfa7ce6a4c3d418a993c10fd1
all5/Optional_parameters/[3-1][4-1][5-1][23-1][26-1][27-1].wasm,a804a61bdd53c8abac6b436b813ee50a
all5/Optional_parameters/[3-1][4-1][5-1][23-1][26-1][27-1][43-1].wasm,dd1e61d85daa0a28d5f5edc21fd7de19
all5/Optional_parameters/[3-1][4-1][5-1][23-1][26-1][27-1][43-1][51-1].wasm,22e8960a808fc108252df0f516c1b087
all5/Optional_parameters/[3-1][4-1][5-1][23-1][26-1][27-1][43-1][51-1][52-1].wasm,22e8960a808fc108252df0f516c1b087
all5/Optional_parameters/[3-1][4-1][5-1][23-1][26-1][27-1][43-1][52-1].wasm,22e8960a808fc108252df0f516c1b087
all5/Optional_parameters/[3-1][4-1][5-1][23-1][26-1][27-1][51-1].wasm,05cb0a302dd1dec9f1996fd39e748581
all5/Optional_parameters/[3-1][4-1][5-1][23-1][26-1][27-1][51-1][52-1].wasm,05cb0a302dd1dec9f1996fd39e748581
all5/Optional_parameters/[3-1][4-1][5-1][23-1][26-1][27-1][52-1].wasm,05cb0a302dd1dec9f1996fd39e748581
all5/Optional_parameters/[3-1][4-1][5-1][23-1][26-1][43-1].wasm,0320ee6176436eb9a94f4a065103d8a9
all5/Optional_parameters/[3-1][4-1][5-1][23-1][26-1][43-1][51-1].wasm,22e8960a808fc108252df0f516c1b087
all5/Optional_parameters/[3-1][4-1][5-1][23-1][26-1][43-1][51-1][52-1].wasm,22e8960a808fc108252df0f516c1b087
all5/Optional_parameters/[3-1][4-1][5-1][23-1][26-1][43-1][52-1].wasm,3e1c347291225412f42de59d7570f01c
all5/Optional_parameters/[3-1][4-1][5-1][23-1][26-1][51-1].wasm,05cb0a302dd1dec9f1996fd39e748581
all5/Optional_parameters/[3-1][4-1][5-1][23-1][26-1][51-1][52-1].wasm,05cb0a302dd1dec9f1996fd39e748581
all5/Optional_parameters/[3-1][4-1][5-1][23-1][26-1][52-1].wasm,5ed9cf3364022455d547df81a16c6a7f
all5/Optional_parameters/[3-1][4-1][5-1][23-1][27-1].wasm,30c02feef28d06cf218e5e8d72b260a4
all5/Optional_parameters/[3-1][4-1][5-1][23-1][27-1][43-1].wasm,a82ac08d019f73ddab4cffd4865519ae
all5/Optional_parameters/[3-1][4-1][5-1][23-1][27-1][43-1][51-1].wasm,d8cfc4d81b2f674ec2caca79a2a819f7
all5/Optional_parameters/[3-1][4-1][5-1][23-1][27-1][43-1][51-1][52-1].wasm,d8cfc4d81b2f674ec2caca79a2a819f7
all5/Optional_parameters/[3-1][4-1][5-1][23-1][27-1][43-1][52-1].wasm,d8cfc4d81b2f674ec2caca79a2a819f7
all5/Optional_parameters/[3-1][4-1][5-1][23-1][27-1][51-1].wasm,a5ddfb5c595f7d48279e12d8aca721c3
all5/Optional_parameters/[3-1][4-1][5-1][23-1][27-1][51-1][52-1].wasm,a5ddfb5c595f7d48279e12d8aca721c3
all5/Optional_parameters/[3-1][4-1][5-1][23-1][27-1][52-1].wasm,a5ddfb5c595f7d48279e12d8aca721c3
all5/Optional_parameters/[3-1][4-1][5-1][23-1][43-1].wasm,ce309b7bda84d4564c6de10dd7330785
all5/Optional_parameters/[3-1][4-1][5-1][23-1][43-1][51-1].wasm,d8cfc4d81b2f674ec2caca79a2a819f7
all5/Optional_parameters/[3-1][4-1][5-1][23-1][43-1][51-1][52-1].wasm,d8cfc4d81b2f674ec2caca79a2a819f7
all5/Optional_parameters/[3-1][4-1][5-1][23-1][43-1][52-1].wasm,b8ccac2466e4c05a1ea1473470ed9b3d
all5/Optional_parameters/[3-1][4-1][5-1][23-1][51-1].wasm,a5ddfb5c595f7d48279e12d8aca721c3
all5/Optional_parameters/[3-1][4-1][5-1][23-1][51-1][52-1].wasm,a5ddfb5c595f7d48279e12d8aca721c3
all5/Optional_parameters/[3-1][4-1][5-1][23-1][52-1].wasm,b40c54e899f53c8f9debb67a4ad4ac26
all5/Optional_parameters/[3-1][4-1][5-1][26-1].wasm,c11adb11a30d0757d40f01a8d46c3b38
all5/Optional_parameters/[3-1][4-1][5-1][26-1][27-1].wasm,5dcf1d5b7cd9194fd9a6c64b99afdfc5
all5/Optional_parameters/[3-1][4-1][5-1][26-1][27-1][43-1].wasm,602a81c95960764a1e806f4883f1fcfb
all5/Optional_parameters/[3-1][4-1][5-1][26-1][27-1][43-1][51-1].wasm,aeb879a3e3dc0ef2dfedc65bb7933264
all5/Optional_parameters/[3-1][4-1][5-1][26-1][27-1][43-1][51-1][52-1].wasm,aeb879a3e3dc0ef2dfedc65bb7933264
all5/Optional_parameters/[3-1][4-1][5-1][26-1][27-1][43-1][52-1].wasm,aeb879a3e3dc0ef2dfedc65bb7933264
all5/Optional_parameters/[3-1][4-1][5-1][26-1][27-1][51-1].wasm,5c36f1d9572290af18dc865b87464375
all5/Optional_parameters/[3-1][4-1][5-1][26-1][27-1][51-1][52-1].wasm,5c36f1d9572290af18dc865b87464375
all5/Optional_parameters/[3-1][4-1][5-1][26-1][27-1][52-1].wasm,5c36f1d9572290af18dc865b87464375
all5/Optional_parameters/[3-1][4-1][5-1][26-1][43-1].wasm,6a1dfad353ecb5772e67cfd309a9546f
all5/Optional_parameters/[3-1][4-1][5-1][26-1][43-1][51-1].wasm,aeb879a3e3dc0ef2dfedc65bb7933264
all5/Optional_parameters/[3-1][4-1][5-1][26-1][43-1][51-1][52-1].wasm,aeb879a3e3dc0ef2dfedc65bb7933264
all5/Optional_parameters/[3-1][4-1][5-1][26-1][43-1][52-1].wasm,579b5dda038ba01b4c8e593bf1f69566
all5/Optional_parameters/[3-1][4-1][5-1][26-1][51-1].wasm,5c36f1d9572290af18dc865b87464375
all5/Optional_parameters/[3-1][4-1][5-1][26-1][51-1][52-1].wasm,5c36f1d9572290af18dc865b87464375
all5/Optional_parameters/[3-1][4-1][5-1][26-1][52-1].wasm,777084f8173800aed1e2d24b02b88a54
all5/Optional_parameters/[3-1][4-1][5-1][27-1].wasm,4c76d01265a739c6496b7de1b4ada177
all5/Optional_parameters/[3-1][4-1][5-1][27-1][43-1].wasm,34e73d0badb297d1efd84f47919f56a4
all5/Optional_parameters/[3-1][4-1][5-1][27-1][43-1][51-1].wasm,d366992774be533a2b9ad3ecd8e0f102
all5/Optional_parameters/[3-1][4-1][5-1][27-1][43-1][51-1][52-1].wasm,d366992774be533a2b9ad3ecd8e0f102
all5/Optional_parameters/[3-1][4-1][5-1][27-1][43-1][52-1].wasm,d366992774be533a2b9ad3ecd8e0f102
all5/Optional_parameters/[3-1][4-1][5-1][27-1][51-1].wasm,5ee4aae5337cd74e72be25d5d8fb5a66
all5/Optional_parameters/[3-1][4-1][5-1][27-1][51-1][52-1].wasm,5ee4aae5337cd74e72be25d5d8fb5a66
all5/Optional_parameters/[3-1][4-1][5-1][27-1][52-1].wasm,5ee4aae5337cd74e72be25d5d8fb5a66
all5/Optional_parameters/[3-1][4-1][5-1][43-1].wasm,8d7b7c821ebc0e3a50b2916789d4f0c8
all5/Optional_parameters/[3-1][4-1][5-1][43-1][51-1].wasm,d366992774be533a2b9ad3ecd8e0f102
all5/Optional_parameters/[3-1][4-1][5-1][43-1][51-1][52-1].wasm,d366992774be533a2b9ad3ecd8e0f102
all5/Optional_parameters/[3-1][4-1][5-1][43-1][52-1].wasm,c18a70ce4100a31afb4644b6e4dc282d
all5/Optional_parameters/[3-1][4-1][5-1][51-1].wasm,5ee4aae5337cd74e72be25d5d8fb5a66
all5/Optional_parameters/[3-1][4-1][5-1][51-1][52-1].wasm,5ee4aae5337cd74e72be25d5d8fb5a66
all5/Optional_parameters/[3-1][4-1][5-1][52-1].wasm,614da025ff1c60812eb5262bb9ebe4c5
all5/Optional_parameters/[3-1][4-1][51-1].wasm,5ee4aae5337cd74e72be25d5d8fb5a66
all5/Optional_parameters/[3-1][4-1][51-1][52-1].wasm,5ee4aae5337cd74e72be25d5d8fb5a66
all5/Optional_parameters/[3-1][4-1][52-1].wasm,614da025ff1c60812eb5262bb9ebe4c5
all5/Optional_parameters/[3-1][43-1].wasm,8d7b7c821ebc0e3a50b2916789d4f0c8
all5/Optional_parameters/[3-1][43-1][51-1].wasm,d366992774be533a2b9ad3ecd8e0f102
all5/Optional_parameters/[3-1][43-1][51-1][52-1].wasm,d366992774be533a2b9ad3ecd8e0f102
all5/Optional_parameters/[3-1][43-1][52-1].wasm,c18a70ce4100a31afb4644b6e4dc282d
all5/Optional_parameters/[3-1][5-1].wasm,43e7e7aea68f0048868f358ed81d5ce8
all5/Optional_parameters/[3-1][5-1][23-1].wasm,23e6fcee53305cb9404bd14161d14887
all5/Optional_parameters/[3-1][5-1][23-1][26-1].wasm,72e326cdfa7ce6a4c3d418a993c10fd1
all5/Optional_parameters/[3-1][5-1][23-1][26-1][27-1].wasm,a804a61bdd53c8abac6b436b813ee50a
all5/Optional_parameters/[3-1][5-1][23-1][26-1][27-1][43-1].wasm,dd1e61d85daa0a28d5f5edc21fd7de19
all5/Optional_parameters/[3-1][5-1][23-1][26-1][27-1][43-1][51-1].wasm,22e8960a808fc108252df0f516c1b087
all5/Optional_parameters/[3-1][5-1][23-1][26-1][27-1][43-1][51-1][52-1].wasm,22e8960a808fc108252df0f516c1b087
all5/Optional_parameters/[3-1][5-1][23-1][26-1][27-1][43-1][52-1].wasm,22e8960a808fc108252df0f516c1b087
all5/Optional_parameters/[3-1][5-1][23-1][26-1][27-1][51-1].wasm,05cb0a302dd1dec9f1996fd39e748581
all5/Optional_parameters/[3-1][5-1][23-1][26-1][27-1][51-1][52-1].wasm,05cb0a302dd1dec9f1996fd39e748581
all5/Optional_parameters/[3-1][5-1][23-1][26-1][27-1][52-1].wasm,05cb0a302dd1dec9f1996fd39e748581
all5/Optional_parameters/[3-1][5-1][23-1][26-1][43-1].wasm,0320ee6176436eb9a94f4a065103d8a9
all5/Optional_parameters/[3-1][5-1][23-1][26-1][43-1][51-1].wasm,22e8960a808fc108252df0f516c1b087
all5/Optional_parameters/[3-1][5-1][23-1][26-1][43-1][51-1][52-1].wasm,22e8960a808fc108252df0f516c1b087
all5/Optional_parameters/[3-1][5-1][23-1][26-1][43-1][52-1].wasm,3e1c347291225412f42de59d7570f01c
all5/Optional_parameters/[3-1][5-1][23-1][26-1][51-1].wasm,05cb0a302dd1dec9f1996fd39e748581
all5/Optional_parameters/[3-1][5-1][23-1][26-1][51-1][52-1].wasm,05cb0a302dd1dec9f1996fd39e748581
all5/Optional_parameters/[3-1][5-1][23-1][26-1][52-1].wasm,5ed9cf3364022455d547df81a16c6a7f
all5/Optional_parameters/[3-1][5-1][23-1][27-1].wasm,30c02feef28d06cf218e5e8d72b260a4
all5/Optional_parameters/[3-1][5-1][23-1][27-1][43-1].wasm,a82ac08d019f73ddab4cffd4865519ae
all5/Optional_parameters/[3-1][5-1][23-1][27-1][43-1][51-1].wasm,d8cfc4d81b2f674ec2caca79a2a819f7
all5/Optional_parameters/[3-1][5-1][23-1][27-1][43-1][51-1][52-1].wasm,d8cfc4d81b2f674ec2caca79a2a819f7
all5/Optional_parameters/[3-1][5-1][23-1][27-1][43-1][52-1].wasm,d8cfc4d81b2f674ec2caca79a2a819f7
all5/Optional_parameters/[3-1][5-1][23-1][27-1][51-1].wasm,a5ddfb5c595f7d48279e12d8aca721c3
all5/Optional_parameters/[3-1][5-1][23-1][27-1][51-1][52-1].wasm,a5ddfb5c595f7d48279e12d8aca721c3
all5/Optional_parameters/[3-1][5-1][23-1][27-1][52-1].wasm,a5ddfb5c595f7d48279e12d8aca721c3
all5/Optional_parameters/[3-1][5-1][23-1][43-1].wasm,ce309b7bda84d4564c6de10dd7330785
all5/Optional_parameters/[3-1][5-1][23-1][43-1][51-1].wasm,d8cfc4d81b2f674ec2caca79a2a819f7
all5/Optional_parameters/[3-1][5-1][23-1][43-1][51-1][52-1].wasm,d8cfc4d81b2f674ec2caca79a2a819f7
all5/Optional_parameters/[3-1][5-1][23-1][43-1][52-1].wasm,b8ccac2466e4c05a1ea1473470ed9b3d
all5/Optional_parameters/[3-1][5-1][23-1][51-1].wasm,a5ddfb5c595f7d48279e12d8aca721c3
all5/Optional_parameters/[3-1][5-1][23-1][51-1][52-1].wasm,a5ddfb5c595f7d48279e12d8aca721c3
all5/Optional_parameters/[3-1][5-1][23-1][52-1].wasm,b40c54e899f53c8f9debb67a4ad4ac26
all5/Optional_parameters/[3-1][5-1][26-1].wasm,c11adb11a30d0757d40f01a8d46c3b38
all5/Optional_parameters/[3-1][5-1][26-1][27-1].wasm,5dcf1d5b7cd9194fd9a6c64b99afdfc5
all5/Optional_parameters/[3-1][5-1][26-1][27-1][43-1].wasm,602a81c95960764a1e806f4883f1fcfb
all5/Optional_parameters/[3-1][5-1][26-1][27-1][43-1][51-1].wasm,aeb879a3e3dc0ef2dfedc65bb7933264
all5/Optional_parameters/[3-1][5-1][26-1][27-1][43-1][51-1][52-1].wasm,aeb879a3e3dc0ef2dfedc65bb7933264
all5/Optional_parameters/[3-1][5-1][26-1][27-1][43-1][52-1].wasm,aeb879a3e3dc0ef2dfedc65bb7933264
all5/Optional_parameters/[3-1][5-1][26-1][27-1][51-1].wasm,5c36f1d9572290af18dc865b87464375
all5/Optional_parameters/[3-1][5-1][26-1][27-1][51-1][52-1].wasm,5c36f1d9572290af18dc865b87464375
all5/Optional_parameters/[3-1][5-1][26-1][27-1][52-1].wasm,5c36f1d9572290af18dc865b87464375
all5/Optional_parameters/[3-1][5-1][26-1][43-1].wasm,6a1dfad353ecb5772e67cfd309a9546f
all5/Optional_parameters/[3-1][5-1][26-1][43-1][51-1].wasm,aeb879a3e3dc0ef2dfedc65bb7933264
all5/Optional_parameters/[3-1][5-1][26-1][43-1][51-1][52-1].wasm,aeb879a3e3dc0ef2dfedc65bb7933264
all5/Optional_parameters/[3-1][5-1][26-1][43-1][52-1].wasm,579b5dda038ba01b4c8e593bf1f69566
all5/Optional_parameters/[3-1][5-1][26-1][51-1].wasm,5c36f1d9572290af18dc865b87464375
all5/Optional_parameters/[3-1][5-1][26-1][51-1][52-1].wasm,5c36f1d9572290af18dc865b87464375
all5/Optional_parameters/[3-1][5-1][26-1][52-1].wasm,777084f8173800aed1e2d24b02b88a54
all5/Optional_parameters/[3-1][5-1][27-1].wasm,4c76d01265a739c6496b7de1b4ada177
all5/Optional_parameters/[3-1][5-1][27-1][43-1].wasm,34e73d0badb297d1efd84f47919f56a4
all5/Optional_parameters/[3-1][5-1][27-1][43-1][51-1].wasm,d366992774be533a2b9ad3ecd8e0f102
all5/Optional_parameters/[3-1][5-1][27-1][43-1][51-1][52-1].wasm,d366992774be533a2b9ad3ecd8e0f102
all5/Optional_parameters/[3-1][5-1][27-1][43-1][52-1].wasm,d366992774be533a2b9ad3ecd8e0f102
all5/Optional_parameters/[3-1][5-1][27-1][51-1].wasm,5ee4aae5337cd74e72be25d5d8fb5a66
all5/Optional_parameters/[3-1][5-1][27-1][51-1][52-1].wasm,5ee4aae5337cd74e72be25d5d8fb5a66
all5/Optional_parameters/[3-1][5-1][27-1][52-1].wasm,5ee4aae5337cd74e72be25d5d8fb5a66
all5/Optional_parameters/[3-1][5-1][43-1].wasm,8d7b7c821ebc0e3a50b2916789d4f0c8
all5/Optional_parameters/[3-1][5-1][43-1][51-1].wasm,d366992774be533a2b9ad3ecd8e0f102
all5/Optional_parameters/[3-1][5-1][43-1][51-1][52-1].wasm,d366992774be533a2b9ad3ecd8e0f102
all5/Optional_parameters/[3-1][5-1][43-1][52-1].wasm,c18a70ce4100a31afb4644b6e4dc282d
all5/Optional_parameters/[3-1][5-1][51-1].wasm,5ee4aae5337cd74e72be25d5d8fb5a66
all5/Optional_parameters/[3-1][5-1][51-1][52-1].wasm,5ee4aae5337cd74e72be25d5d8fb5a66
all5/Optional_parameters/[3-1][5-1][52-1].wasm,614da025ff1c60812eb5262bb9ebe4c5
all5/Optional_parameters/[3-1][51-1].wasm,5ee4aae5337cd74e72be25d5d8fb5a66
all5/Optional_parameters/[3-1][51-1][52-1].wasm,5ee4aae5337cd74e72be25d5d8fb5a66
all5/Optional_parameters/[3-1][52-1].wasm,614da025ff1c60812eb5262bb9ebe4c5
all5/Optional_parameters/[4-1].wasm,43e7e7aea68f0048868f358ed81d5ce8
all5/Optional_parameters/[4-1][23-1].wasm,23e6fcee53305cb9404bd14161d14887
all5/Optional_parameters/[4-1][23-1][26-1].wasm,72e326cdfa7ce6a4c3d418a993c10fd1
all5/Optional_parameters/[4-1][23-1][26-1][27-1].wasm,a804a61bdd53c8abac6b436b813ee50a
all5/Optional_parameters/[4-1][23-1][26-1][27-1][43-1].wasm,dd1e61d85daa0a28d5f5edc21fd7de19
all5/Optional_parameters/[4-1][23-1][26-1][27-1][43-1][51-1].wasm,22e8960a808fc108252df0f516c1b087
all5/Optional_parameters/[4-1][23-1][26-1][27-1][43-1][51-1][52-1].wasm,22e8960a808fc108252df0f516c1b087
all5/Optional_parameters/[4-1][23-1][26-1][27-1][43-1][52-1].wasm,22e8960a808fc108252df0f516c1b087
all5/Optional_parameters/[4-1][23-1][26-1][27-1][51-1].wasm,05cb0a302dd1dec9f1996fd39e748581
all5/Optional_parameters/[4-1][23-1][26-1][27-1][51-1][52-1].wasm,05cb0a302dd1dec9f1996fd39e748581
all5/Optional_parameters/[4-1][23-1][26-1][27-1][52-1].wasm,05cb0a302dd1dec9f1996fd39e748581
all5/Optional_parameters/[4-1][23-1][26-1][43-1].wasm,0320ee6176436eb9a94f4a065103d8a9
all5/Optional_parameters/[4-1][23-1][26-1][43-1][51-1].wasm,22e8960a808fc108252df0f516c1b087
all5/Optional_parameters/[4-1][23-1][26-1][43-1][51-1][52-1].wasm,22e8960a808fc108252df0f516c1b087
all5/Optional_parameters/[4-1][23-1][26-1][43-1][52-1].wasm,3e1c347291225412f42de59d7570f01c
all5/Optional_parameters/[4-1][23-1][26-1][51-1].wasm,05cb0a302dd1dec9f1996fd39e748581
all5/Optional_parameters/[4-1][23-1][26-1][51-1][52-1].wasm,05cb0a302dd1dec9f1996fd39e748581
all5/Optional_parameters/[4-1][23-1][26-1][52-1].wasm,5ed9cf3364022455d547df81a16c6a7f
all5/Optional_parameters/[4-1][23-1][27-1].wasm,30c02feef28d06cf218e5e8d72b260a4
all5/Optional_parameters/[4-1][23-1][27-1][43-1].wasm,a82ac08d019f73ddab4cffd4865519ae
all5/Optional_parameters/[4-1][23-1][27-1][43-1][51-1].wasm,d8cfc4d81b2f674ec2caca79a2a819f7
all5/Optional_parameters/[4-1][23-1][27-1][43-1][51-1][52-1].wasm,d8cfc4d81b2f674ec2caca79a2a819f7
all5/Optional_parameters/[4-1][23-1][27-1][43-1][52-1].wasm,d8cfc4d81b2f674ec2caca79a2a819f7
all5/Optional_parameters/[4-1][23-1][27-1][51-1].wasm,a5ddfb5c595f7d48279e12d8aca721c3
all5/Optional_parameters/[4-1][23-1][27-1][51-1][52-1].wasm,a5ddfb5c595f7d48279e12d8aca721c3
all5/Optional_parameters/[4-1][23-1][27-1][52-1].wasm,a5ddfb5c595f7d48279e12d8aca721c3
all5/Optional_parameters/[4-1][23-1][43-1].wasm,ce309b7bda84d4564c6de10dd7330785
all5/Optional_parameters/[4-1][23-1][43-1][51-1].wasm,d8cfc4d81b2f674ec2caca79a2a819f7
all5/Optional_parameters/[4-1][23-1][43-1][51-1][52-1].wasm,d8cfc4d81b2f674ec2caca79a2a819f7
all5/Optional_parameters/[4-1][23-1][43-1][52-1].wasm,b8ccac2466e4c05a1ea1473470ed9b3d
all5/Optional_parameters/[4-1][23-1][51-1].wasm,a5ddfb5c595f7d48279e12d8aca721c3
all5/Optional_parameters/[4-1][23-1][51-1][52-1].wasm,a5ddfb5c595f7d48279e12d8aca721c3
all5/Optional_parameters/[4-1][23-1][52-1].wasm,b40c54e899f53c8f9debb67a4ad4ac26
all5/Optional_parameters/[4-1][26-1].wasm,c11adb11a30d0757d40f01a8d46c3b38
all5/Optional_parameters/[4-1][26-1][27-1].wasm,5dcf1d5b7cd9194fd9a6c64b99afdfc5
all5/Optional_parameters/[4-1][26-1][27-1][43-1].wasm,602a81c95960764a1e806f4883f1fcfb
all5/Optional_parameters/[4-1][26-1][27-1][43-1][51-1].wasm,aeb879a3e3dc0ef2dfedc65bb7933264
all5/Optional_parameters/[4-1][26-1][27-1][43-1][51-1][52-1].wasm,aeb879a3e3dc0ef2dfedc65bb7933264
all5/Optional_parameters/[4-1][26-1][27-1][43-1][52-1].wasm,aeb879a3e3dc0ef2dfedc65bb7933264
all5/Optional_parameters/[4-1][26-1][27-1][51-1].wasm,5c36f1d9572290af18dc865b87464375
all5/Optional_parameters/[4-1][26-1][27-1][51-1][52-1].wasm,5c36f1d9572290af18dc865b87464375
all5/Optional_parameters/[4-1][26-1][27-1][52-1].wasm,5c36f1d9572290af18dc865b87464375
all5/Optional_parameters/[4-1][26-1][43-1].wasm,6a1dfad353ecb5772e67cfd309a9546f
all5/Optional_parameters/[4-1][26-1][43-1][51-1].wasm,aeb879a3e3dc0ef2dfedc65bb7933264
all5/Optional_parameters/[4-1][26-1][43-1][51-1][52-1].wasm,aeb879a3e3dc0ef2dfedc65bb7933264
all5/Optional_parameters/[4-1][26-1][43-1][52-1].wasm,579b5dda038ba01b4c8e593bf1f69566
all5/Optional_parameters/[4-1][26-1][51-1].wasm,5c36f1d9572290af18dc865b87464375
all5/Optional_parameters/[4-1][26-1][51-1][52-1].wasm,5c36f1d9572290af18dc865b87464375
all5/Optional_parameters/[4-1][26-1][52-1].wasm,777084f8173800aed1e2d24b02b88a54
all5/Optional_parameters/[4-1][27-1].wasm,4c76d01265a739c6496b7de1b4ada177
all5/Optional_parameters/[4-1][27-1][43-1].wasm,34e73d0badb297d1efd84f47919f56a4
all5/Optional_parameters/[4-1][27-1][43-1][51-1].wasm,d366992774be533a2b9ad3ecd8e0f102
all5/Optional_parameters/[4-1][27-1][43-1][51-1][52-1].wasm,d366992774be533a2b9ad3ecd8e0f102
all5/Optional_parameters/[4-1][27-1][43-1][52-1].wasm,d366992774be533a2b9ad3ecd8e0f102
all5/Optional_parameters/[4-1][27-1][51-1].wasm,5ee4aae5337cd74e72be25d5d8fb5a66
all5/Optional_parameters/[4-1][27-1][51-1][52-1].wasm,5ee4aae5337cd74e72be25d5d8fb5a66
all5/Optional_parameters/[4-1][27-1][52-1].wasm,5ee4aae5337cd74e72be25d5d8fb5a66
all5/Optional_parameters/[4-1][43-1].wasm,8d7b7c821ebc0e3a50b2916789d4f0c8
all5/Optional_parameters/[4-1][43-1][51-1].wasm,d366992774be533a2b9ad3ecd8e0f102
all5/Optional_parameters/[4-1][43-1][51-1][52-1].wasm,d366992774be533a2b9ad3ecd8e0f102
all5/Optional_parameters/[4-1][43-1][52-1].wasm,c18a70ce4100a31afb4644b6e4dc282d
all5/Optional_parameters/[4-1][5-1].wasm,43e7e7aea68f0048868f358ed81d5ce8
all5/Optional_parameters/[4-1][5-1][23-1].wasm,23e6fcee53305cb9404bd14161d14887
all5/Optional_parameters/[4-1][5-1][23-1][26-1].wasm,72e326cdfa7ce6a4c3d418a993c10fd1
all5/Optional_parameters/[4-1][5-1][23-1][26-1][27-1].wasm,a804a61bdd53c8abac6b436b813ee50a
all5/Optional_parameters/[4-1][5-1][23-1][26-1][27-1][43-1].wasm,dd1e61d85daa0a28d5f5edc21fd7de19
all5/Optional_parameters/[4-1][5-1][23-1][26-1][27-1][43-1][51-1].wasm,22e8960a808fc108252df0f516c1b087
all5/Optional_parameters/[4-1][5-1][23-1][26-1][27-1][43-1][51-1][52-1].wasm,22e8960a808fc108252df0f516c1b087
all5/Optional_parameters/[4-1][5-1][23-1][26-1][27-1][43-1][52-1].wasm,22e8960a808fc108252df0f516c1b087
all5/Optional_parameters/[4-1][5-1][23-1][26-1][27-1][51-1].wasm,05cb0a302dd1dec9f1996fd39e748581
all5/Optional_parameters/[4-1][5-1][23-1][26-1][27-1][51-1][52-1].wasm,05cb0a302dd1dec9f1996fd39e748581
all5/Optional_parameters/[4-1][5-1][23-1][26-1][27-1][52-1].wasm,05cb0a302dd1dec9f1996fd39e748581
all5/Optional_parameters/[4-1][5-1][23-1][26-1][43-1].wasm,0320ee6176436eb9a94f4a065103d8a9
all5/Optional_parameters/[4-1][5-1][23-1][26-1][43-1][51-1].wasm,22e8960a808fc108252df0f516c1b087
all5/Optional_parameters/[4-1][5-1][23-1][26-1][43-1][51-1][52-1].wasm,22e8960a808fc108252df0f516c1b087
all5/Optional_parameters/[4-1][5-1][23-1][26-1][43-1][52-1].wasm,3e1c347291225412f42de59d7570f01c
all5/Optional_parameters/[4-1][5-1][23-1][26-1][51-1].wasm,05cb0a302dd1dec9f1996fd39e748581
all5/Optional_parameters/[4-1][5-1][23-1][26-1][51-1][52-1].wasm,05cb0a302dd1dec9f1996fd39e748581
all5/Optional_parameters/[4-1][5-1][23-1][26-1][52-1].wasm,5ed9cf3364022455d547df81a16c6a7f
all5/Optional_parameters/[4-1][5-1][23-1][27-1].wasm,30c02feef28d06cf218e5e8d72b260a4
all5/Optional_parameters/[4-1][5-1][23-1][27-1][43-1].wasm,a82ac08d019f73ddab4cffd4865519ae
all5/Optional_parameters/[4-1][5-1][23-1][27-1][43-1][51-1].wasm,d8cfc4d81b2f674ec2caca79a2a819f7
all5/Optional_parameters/[4-1][5-1][23-1][27-1][43-1][51-1][52-1].wasm,d8cfc4d81b2f674ec2caca79a2a819f7
all5/Optional_parameters/[4-1][5-1][23-1][27-1][43-1][52-1].wasm,d8cfc4d81b2f674ec2caca79a2a819f7
all5/Optional_parameters/[4-1][5-1][23-1][27-1][51-1].wasm,a5ddfb5c595f7d48279e12d8aca721c3
all5/Optional_parameters/[4-1][5-1][23-1][27-1][51-1][52-1].wasm,a5ddfb5c595f7d48279e12d8aca721c3
all5/Optional_parameters/[4-1][5-1][23-1][27-1][52-1].wasm,a5ddfb5c595f7d48279e12d8aca721c3
all5/Optional_parameters/[4-1][5-1][23-1][43-1].wasm,ce309b7bda84d4564c6de10dd7330785
all5/Optional_parameters/[4-1][5-1][23-1][43-1][51-1].wasm,d8cfc4d81b2f674ec2caca79a2a819f7
all5/Optional_parameters/[4-1][5-1][23-1][43-1][51-1][52-1].wasm,d8cfc4d81b2f674ec2caca79a2a819f7
all5/Optional_parameters/[4-1][5-1][23-1][43-1][52-1].wasm,b8ccac2466e4c05a1ea1473470ed9b3d
all5/Optional_parameters/[4-1][5-1][23-1][51-1].wasm,a5ddfb5c595f7d48279e12d8aca721c3
all5/Optional_parameters/[4-1][5-1][23-1][51-1][52-1].wasm,a5ddfb5c595f7d48279e12d8aca721c3
all5/Optional_parameters/[4-1][5-1][23-1][52-1].wasm,b40c54e899f53c8f9debb67a4ad4ac26
all5/Optional_parameters/[4-1][5-1][26-1].wasm,c11adb11a30d0757d40f01a8d46c3b38
all5/Optional_parameters/[4-1][5-1][26-1][27-1].wasm,5dcf1d5b7cd9194fd9a6c64b99afdfc5
all5/Optional_parameters/[4-1][5-1][26-1][27-1][43-1].wasm,602a81c95960764a1e806f4883f1fcfb
all5/Optional_parameters/[4-1][5-1][26-1][27-1][43-1][51-1].wasm,aeb879a3e3dc0ef2dfedc65bb7933264
all5/Optional_parameters/[4-1][5-1][26-1][27-1][43-1][51-1][52-1].wasm,aeb879a3e3dc0ef2dfedc65bb7933264
all5/Optional_parameters/[4-1][5-1][26-1][27-1][43-1][52-1].wasm,aeb879a3e3dc0ef2dfedc65bb7933264
all5/Optional_parameters/[4-1][5-1][26-1][27-1][51-1].wasm,5c36f1d9572290af18dc865b87464375
all5/Optional_parameters/[4-1][5-1][26-1][27-1][51-1][52-1].wasm,5c36f1d9572290af18dc865b87464375
all5/Optional_parameters/[4-1][5-1][26-1][27-1][52-1].wasm,5c36f1d9572290af18dc865b87464375
all5/Optional_parameters/[4-1][5-1][26-1][43-1].wasm,6a1dfad353ecb5772e67cfd309a9546f
all5/Optional_parameters/[4-1][5-1][26-1][43-1][51-1].wasm,aeb879a3e3dc0ef2dfedc65bb7933264
all5/Optional_parameters/[4-1][5-1][26-1][43-1][51-1][52-1].wasm,aeb879a3e3dc0ef2dfedc65bb7933264
all5/Optional_parameters/[4-1][5-1][26-1][43-1][52-1].wasm,579b5dda038ba01b4c8e593bf1f69566
all5/Optional_parameters/[4-1][5-1][26-1][51-1].wasm,5c36f1d9572290af18dc865b87464375
all5/Optional_parameters/[4-1][5-1][26-1][51-1][52-1].wasm,5c36f1d9572290af18dc865b87464375
all5/Optional_parameters/[4-1][5-1][26-1][52-1].wasm,777084f8173800aed1e2d24b02b88a54
all5/Optional_parameters/[4-1][5-1][27-1].wasm,4c76d01265a739c6496b7de1b4ada177
all5/Optional_parameters/[4-1][5-1][27-1][43-1].wasm,34e73d0badb297d1efd84f47919f56a4
all5/Optional_parameters/[4-1][5-1][27-1][43-1][51-1].wasm,d366992774be533a2b9ad3ecd8e0f102
all5/Optional_parameters/[4-1][5-1][27-1][43-1][51-1][52-1].wasm,d366992774be533a2b9ad3ecd8e0f102
all5/Optional_parameters/[4-1][5-1][27-1][43-1][52-1].wasm,d366992774be533a2b9ad3ecd8e0f102
all5/Optional_parameters/[4-1][5-1][27-1][51-1].wasm,5ee4aae5337cd74e72be25d5d8fb5a66
all5/Optional_parameters/[4-1][5-1][27-1][51-1][52-1].wasm,5ee4aae5337cd74e72be25d5d8fb5a66
all5/Optional_parameters/[4-1][5-1][27-1][52-1].wasm,5ee4aae5337cd74e72be25d5d8fb5a66
all5/Optional_parameters/[4-1][5-1][43-1].wasm,8d7b7c821ebc0e3a50b2916789d4f0c8
all5/Optional_parameters/[4-1][5-1][43-1][51-1].wasm,d366992774be533a2b9ad3ecd8e0f102
all5/Optional_parameters/[4-1][5-1][43-1][51-1][52-1].wasm,d366992774be533a2b9ad3ecd8e0f102
all5/Optional_parameters/[4-1][5-1][43-1][52-1].wasm,c18a70ce4100a31afb4644b6e4dc282d
all5/Optional_parameters/[4-1][5-1][51-1].wasm,5ee4aae5337cd74e72be25d5d8fb5a66
all5/Optional_parameters/[4-1][5-1][51-1][52-1].wasm,5ee4aae5337cd74e72be25d5d8fb5a66
all5/Optional_parameters/[4-1][5-1][52-1].wasm,614da025ff1c60812eb5262bb9ebe4c5
all5/Optional_parameters/[4-1][51-1].wasm,5ee4aae5337cd74e72be25d5d8fb5a66
all5/Optional_parameters/[4-1][51-1][52-1].wasm,5ee4aae5337cd74e72be25d5d8fb5a66
all5/Optional_parameters/[4-1][52-1].wasm,614da025ff1c60812eb5262bb9ebe4c5
all5/Optional_parameters/[43-1].wasm,8d7b7c821ebc0e3a50b2916789d4f0c8
all5/Optional_parameters/[43-1][51-1].wasm,d366992774be533a2b9ad3ecd8e0f102
all5/Optional_parameters/[43-1][51-1][52-1].wasm,d366992774be533a2b9ad3ecd8e0f102
all5/Optional_parameters/[43-1][52-1].wasm,c18a70ce4100a31afb4644b6e4dc282d
all5/Optional_parameters/[5-1].wasm,43e7e7aea68f0048868f358ed81d5ce8
all5/Optional_parameters/[5-1][23-1].wasm,23e6fcee53305cb9404bd14161d14887
all5/Optional_parameters/[5-1][23-1][26-1].wasm,72e326cdfa7ce6a4c3d418a993c10fd1
all5/Optional_parameters/[5-1][23-1][26-1][27-1].wasm,a804a61bdd53c8abac6b436b813ee50a
all5/Optional_parameters/[5-1][23-1][26-1][27-1][43-1].wasm,dd1e61d85daa0a28d5f5edc21fd7de19
all5/Optional_parameters/[5-1][23-1][26-1][27-1][43-1][51-1].wasm,22e8960a808fc108252df0f516c1b087
all5/Optional_parameters/[5-1][23-1][26-1][27-1][43-1][51-1][52-1].wasm,22e8960a808fc108252df0f516c1b087
all5/Optional_parameters/[5-1][23-1][26-1][27-1][43-1][52-1].wasm,22e8960a808fc108252df0f516c1b087
all5/Optional_parameters/[5-1][23-1][26-1][27-1][51-1].wasm,05cb0a302dd1dec9f1996fd39e748581
all5/Optional_parameters/[5-1][23-1][26-1][27-1][51-1][52-1].wasm,05cb0a302dd1dec9f1996fd39e748581
all5/Optional_parameters/[5-1][23-1][26-1][27-1][52-1].wasm,05cb0a302dd1dec9f1996fd39e748581
all5/Optional_parameters/[5-1][23-1][26-1][43-1].wasm,0320ee6176436eb9a94f4a065103d8a9
all5/Optional_parameters/[5-1][23-1][26-1][43-1][51-1].wasm,22e8960a808fc108252df0f516c1b087
all5/Optional_parameters/[5-1][23-1][26-1][43-1][51-1][52-1].wasm,22e8960a808fc108252df0f516c1b087
all5/Optional_parameters/[5-1][23-1][26-1][43-1][52-1].wasm,3e1c347291225412f42de59d7570f01c
all5/Optional_parameters/[5-1][23-1][26-1][51-1].wasm,05cb0a302dd1dec9f1996fd39e748581
all5/Optional_parameters/[5-1][23-1][26-1][51-1][52-1].wasm,05cb0a302dd1dec9f1996fd39e748581
all5/Optional_parameters/[5-1][23-1][26-1][52-1].wasm,5ed9cf3364022455d547df81a16c6a7f
all5/Optional_parameters/[5-1][23-1][27-1].wasm,30c02feef28d06cf218e5e8d72b260a4
all5/Optional_parameters/[5-1][23-1][27-1][43-1].wasm,a82ac08d019f73ddab4cffd4865519ae
all5/Optional_parameters/[5-1][23-1][27-1][43-1][51-1].wasm,d8cfc4d81b2f674ec2caca79a2a819f7
all5/Optional_parameters/[5-1][23-1][27-1][43-1][51-1][52-1].wasm,d8cfc4d81b2f674ec2caca79a2a819f7
all5/Optional_parameters/[5-1][23-1][27-1][43-1][52-1].wasm,d8cfc4d81b2f674ec2caca79a2a819f7
all5/Optional_parameters/[5-1][23-1][27-1][51-1].wasm,a5ddfb5c595f7d48279e12d8aca721c3
all5/Optional_parameters/[5-1][23-1][27-1][51-1][52-1].wasm,a5ddfb5c595f7d48279e12d8aca721c3
all5/Optional_parameters/[5-1][23-1][27-1][52-1].wasm,a5ddfb5c595f7d48279e12d8aca721c3
all5/Optional_parameters/[5-1][23-1][43-1].wasm,ce309b7bda84d4564c6de10dd7330785
all5/Optional_parameters/[5-1][23-1][43-1][51-1].wasm,d8cfc4d81b2f674ec2caca79a2a819f7
all5/Optional_parameters/[5-1][23-1][43-1][51-1][52-1].wasm,d8cfc4d81b2f674ec2caca79a2a819f7
all5/Optional_parameters/[5-1][23-1][43-1][52-1].wasm,b8ccac2466e4c05a1ea1473470ed9b3d
all5/Optional_parameters/[5-1][23-1][51-1].wasm,a5ddfb5c595f7d48279e12d8aca721c3
all5/Optional_parameters/[5-1][23-1][51-1][52-1].wasm,a5ddfb5c595f7d48279e12d8aca721c3
all5/Optional_parameters/[5-1][23-1][52-1].wasm,b40c54e899f53c8f9debb67a4ad4ac26
all5/Optional_parameters/[5-1][26-1].wasm,c11adb11a30d0757d40f01a8d46c3b38
all5/Optional_parameters/[5-1][26-1][27-1].wasm,5dcf1d5b7cd9194fd9a6c64b99afdfc5
all5/Optional_parameters/[5-1][26-1][27-1][43-1].wasm,602a81c95960764a1e806f4883f1fcfb
all5/Optional_parameters/[5-1][26-1][27-1][43-1][51-1].wasm,aeb879a3e3dc0ef2dfedc65bb7933264
all5/Optional_parameters/[5-1][26-1][27-1][43-1][51-1][52-1].wasm,aeb879a3e3dc0ef2dfedc65bb7933264
all5/Optional_parameters/[5-1][26-1][27-1][43-1][52-1].wasm,aeb879a3e3dc0ef2dfedc65bb7933264
all5/Optional_parameters/[5-1][26-1][27-1][51-1].wasm,5c36f1d9572290af18dc865b87464375
all5/Optional_parameters/[5-1][26-1][27-1][51-1][52-1].wasm,5c36f1d9572290af18dc865b87464375
all5/Optional_parameters/[5-1][26-1][27-1][52-1].wasm,5c36f1d9572290af18dc865b87464375
all5/Optional_parameters/[5-1][26-1][43-1].wasm,6a1dfad353ecb5772e67cfd309a9546f
all5/Optional_parameters/[5-1][26-1][43-1][51-1].wasm,aeb879a3e3dc0ef2dfedc65bb7933264
all5/Optional_parameters/[5-1][26-1][43-1][51-1][52-1].wasm,aeb879a3e3dc0ef2dfedc65bb7933264
all5/Optional_parameters/[5-1][26-1][43-1][52-1].wasm,579b5dda038ba01b4c8e593bf1f69566
all5/Optional_parameters/[5-1][26-1][51-1].wasm,5c36f1d9572290af18dc865b87464375
all5/Optional_parameters/[5-1][26-1][51-1][52-1].wasm,5c36f1d9572290af18dc865b87464375
all5/Optional_parameters/[5-1][26-1][52-1].wasm,777084f8173800aed1e2d24b02b88a54
all5/Optional_parameters/[5-1][27-1].wasm,4c76d01265a739c6496b7de1b4ada177
all5/Optional_parameters/[5-1][27-1][43-1].wasm,34e73d0badb297d1efd84f47919f56a4
all5/Optional_parameters/[5-1][27-1][43-1][51-1].wasm,d366992774be533a2b9ad3ecd8e0f102
all5/Optional_parameters/[5-1][27-1][43-1][51-1][52-1].wasm,d366992774be533a2b9ad3ecd8e0f102
all5/Optional_parameters/[5-1][27-1][43-1][52-1].wasm,d366992774be533a2b9ad3ecd8e0f102
all5/Optional_parameters/[5-1][27-1][51-1].wasm,5ee4aae5337cd74e72be25d5d8fb5a66
all5/Optional_parameters/[5-1][27-1][51-1][52-1].wasm,5ee4aae5337cd74e72be25d5d8fb5a66
all5/Optional_parameters/[5-1][27-1][52-1].wasm,5ee4aae5337cd74e72be25d5d8fb5a66
all5/Optional_parameters/[5-1][43-1].wasm,8d7b7c821ebc0e3a50b2916789d4f0c8
all5/Optional_parameters/[5-1][43-1][51-1].wasm,d366992774be533a2b9ad3ecd8e0f102
all5/Optional_parameters/[5-1][43-1][51-1][52-1].wasm,d366992774be533a2b9ad3ecd8e0f102
all5/Optional_parameters/[5-1][43-1][52-1].wasm,c18a70ce4100a31afb4644b6e4dc282d
all5/Optional_parameters/[5-1][51-1].wasm,5ee4aae5337cd74e72be25d5d8fb5a66
all5/Optional_parameters/[5-1][51-1][52-1].wasm,5ee4aae5337cd74e72be25d5d8fb5a66
all5/Optional_parameters/[5-1][52-1].wasm,614da025ff1c60812eb5262bb9ebe4c5
all5/Optional_parameters/[51-1].wasm,5ee4aae5337cd74e72be25d5d8fb5a66
all5/Optional_parameters/[51-1][52-1].wasm,5ee4aae5337cd74e72be25d5d8fb5a66
all5/Optional_parameters/[52-1].wasm,614da025ff1c60812eb5262bb9ebe4c5
