name, hash
all5/Ordered_Partitions/Ordered_Partitions.wasm,5007c65a410e1c674054896d6d351bd7
all5/Ordered_Partitions/Ordered_Partitions.wasm.~1~,5007c65a410e1c674054896d6d351bd7
all5/Ordered_Partitions/Ordered_Partitions.wasm.~2~,084a3759302edfd38874fa25ef8b64fc
all5/Ordered_Partitions/[0-1].wasm,5007c65a410e1c674054896d6d351bd7
all5/Ordered_Partitions/[0-1][1-1].wasm,5007c65a410e1c674054896d6d351bd7
all5/Ordered_Partitions/[0-1][1-1][2-1].wasm,5007c65a410e1c674054896d6d351bd7
all5/Ordered_Partitions/[0-1][1-1][2-2].wasm,5007c65a410e1c674054896d6d351bd7
all5/Ordered_Partitions/[0-1][1-1][2-3].wasm,5007c65a410e1c674054896d6d351bd7
all5/Ordered_Partitions/[0-1][1-1][2-4].wasm,5007c65a410e1c674054896d6d351bd7
all5/Ordered_Partitions/[0-1][1-1][2-5].wasm,5007c65a410e1c674054896d6d351bd7
all5/Ordered_Partitions/[0-1][1-1][2-6].wasm,5007c65a410e1c674054896d6d351bd7
all5/Ordered_Partitions/[0-1][1-1][2-7].wasm,5007c65a410e1c674054896d6d351bd7
all5/Ordered_Partitions/[0-1][1-1][2-8].wasm,5007c65a410e1c674054896d6d351bd7
all5/Ordered_Partitions/[0-1][2-1].wasm,5007c65a410e1c674054896d6d351bd7
all5/Ordered_Partitions/[0-1][2-2].wasm,5007c65a410e1c674054896d6d351bd7
all5/Ordered_Partitions/[0-1][2-3].wasm,5007c65a410e1c674054896d6d351bd7
all5/Ordered_Partitions/[0-1][2-4].wasm,5007c65a410e1c674054896d6d351bd7
all5/Ordered_Partitions/[0-1][2-5].wasm,5007c65a410e1c674054896d6d351bd7
all5/Ordered_Partitions/[0-1][2-6].wasm,5007c65a410e1c674054896d6d351bd7
all5/Ordered_Partitions/[0-1][2-7].wasm,5007c65a410e1c674054896d6d351bd7
all5/Ordered_Partitions/[0-1][2-8].wasm,5007c65a410e1c674054896d6d351bd7
all5/Ordered_Partitions/[0-2].wasm,5007c65a410e1c674054896d6d351bd7
all5/Ordered_Partitions/[0-2][1-1].wasm,5007c65a410e1c674054896d6d351bd7
all5/Ordered_Partitions/[0-2][1-1][2-1].wasm,5007c65a410e1c674054896d6d351bd7
all5/Ordered_Partitions/[0-2][1-1][2-2].wasm,5007c65a410e1c674054896d6d351bd7
all5/Ordered_Partitions/[0-2][1-1][2-3].wasm,5007c65a410e1c674054896d6d351bd7
all5/Ordered_Partitions/[0-2][1-1][2-4].wasm,5007c65a410e1c674054896d6d351bd7
all5/Ordered_Partitions/[0-2][1-1][2-5].wasm,5007c65a410e1c674054896d6d351bd7
all5/Ordered_Partitions/[0-2][1-1][2-6].wasm,5007c65a410e1c674054896d6d351bd7
all5/Ordered_Partitions/[0-2][1-1][2-7].wasm,5007c65a410e1c674054896d6d351bd7
all5/Ordered_Partitions/[0-2][1-1][2-8].wasm,5007c65a410e1c674054896d6d351bd7
all5/Ordered_Partitions/[0-2][2-1].wasm,5007c65a410e1c674054896d6d351bd7
all5/Ordered_Partitions/[0-2][2-2].wasm,5007c65a410e1c674054896d6d351bd7
all5/Ordered_Partitions/[0-2][2-3].wasm,5007c65a410e1c674054896d6d351bd7
all5/Ordered_Partitions/[0-2][2-4].wasm,5007c65a410e1c674054896d6d351bd7
all5/Ordered_Partitions/[0-2][2-5].wasm,5007c65a410e1c674054896d6d351bd7
all5/Ordered_Partitions/[0-2][2-6].wasm,5007c65a410e1c674054896d6d351bd7
all5/Ordered_Partitions/[0-2][2-7].wasm,5007c65a410e1c674054896d6d351bd7
all5/Ordered_Partitions/[0-2][2-8].wasm,5007c65a410e1c674054896d6d351bd7
all5/Ordered_Partitions/[0-3].wasm,5007c65a410e1c674054896d6d351bd7
all5/Ordered_Partitions/[0-3][1-1].wasm,5007c65a410e1c674054896d6d351bd7
all5/Ordered_Partitions/[0-3][1-1][2-1].wasm,5007c65a410e1c674054896d6d351bd7
all5/Ordered_Partitions/[0-3][1-1][2-2].wasm,5007c65a410e1c674054896d6d351bd7
all5/Ordered_Partitions/[0-3][1-1][2-3].wasm,5007c65a410e1c674054896d6d351bd7
all5/Ordered_Partitions/[0-3][1-1][2-4].wasm,5007c65a410e1c674054896d6d351bd7
all5/Ordered_Partitions/[0-3][1-1][2-5].wasm,5007c65a410e1c674054896d6d351bd7
all5/Ordered_Partitions/[0-3][1-1][2-6].wasm,5007c65a410e1c674054896d6d351bd7
all5/Ordered_Partitions/[0-3][1-1][2-7].wasm,5007c65a410e1c674054896d6d351bd7
all5/Ordered_Partitions/[0-3][1-1][2-8].wasm,5007c65a410e1c674054896d6d351bd7
all5/Ordered_Partitions/[0-3][2-1].wasm,5007c65a410e1c674054896d6d351bd7
all5/Ordered_Partitions/[0-3][2-2].wasm,5007c65a410e1c674054896d6d351bd7
all5/Ordered_Partitions/[0-3][2-3].wasm,5007c65a410e1c674054896d6d351bd7
all5/Ordered_Partitions/[0-3][2-4].wasm,5007c65a410e1c674054896d6d351bd7
all5/Ordered_Partitions/[0-3][2-5].wasm,5007c65a410e1c674054896d6d351bd7
all5/Ordered_Partitions/[0-3][2-6].wasm,5007c65a410e1c674054896d6d351bd7
all5/Ordered_Partitions/[0-3][2-7].wasm,5007c65a410e1c674054896d6d351bd7
all5/Ordered_Partitions/[0-3][2-8].wasm,5007c65a410e1c674054896d6d351bd7
all5/Ordered_Partitions/[0-4].wasm,5007c65a410e1c674054896d6d351bd7
all5/Ordered_Partitions/[0-4][1-1].wasm,5007c65a410e1c674054896d6d351bd7
all5/Ordered_Partitions/[0-4][2-1].wasm,5007c65a410e1c674054896d6d351bd7
all5/Ordered_Partitions/[0-4][2-2].wasm,5007c65a410e1c674054896d6d351bd7
all5/Ordered_Partitions/[0-4][2-3].wasm,5007c65a410e1c674054896d6d351bd7
all5/Ordered_Partitions/[0-4][2-4].wasm,5007c65a410e1c674054896d6d351bd7
all5/Ordered_Partitions/[0-4][2-5].wasm,5007c65a410e1c674054896d6d351bd7
all5/Ordered_Partitions/[0-4][2-6].wasm,5007c65a410e1c674054896d6d351bd7
all5/Ordered_Partitions/[0-4][2-7].wasm,5007c65a410e1c674054896d6d351bd7
all5/Ordered_Partitions/[1-1].wasm,5007c65a410e1c674054896d6d351bd7
all5/Ordered_Partitions/[1-1][2-1].wasm,5007c65a410e1c674054896d6d351bd7
all5/Ordered_Partitions/[1-1][2-2].wasm,5007c65a410e1c674054896d6d351bd7
all5/Ordered_Partitions/[1-1][2-3].wasm,5007c65a410e1c674054896d6d351bd7
all5/Ordered_Partitions/[1-1][2-4].wasm,5007c65a410e1c674054896d6d351bd7
all5/Ordered_Partitions/[1-1][2-5].wasm,5007c65a410e1c674054896d6d351bd7
all5/Ordered_Partitions/[1-1][2-6].wasm,5007c65a410e1c674054896d6d351bd7
all5/Ordered_Partitions/[1-1][2-7].wasm,5007c65a410e1c674054896d6d351bd7
all5/Ordered_Partitions/[1-1][2-8].wasm,5007c65a410e1c674054896d6d351bd7
all5/Ordered_Partitions/[2-1].wasm,5007c65a410e1c674054896d6d351bd7
all5/Ordered_Partitions/[2-2].wasm,5007c65a410e1c674054896d6d351bd7
all5/Ordered_Partitions/[2-3].wasm,5007c65a410e1c674054896d6d351bd7
all5/Ordered_Partitions/[2-4].wasm,5007c65a410e1c674054896d6d351bd7
all5/Ordered_Partitions/[2-5].wasm,5007c65a410e1c674054896d6d351bd7
all5/Ordered_Partitions/[2-6].wasm,5007c65a410e1c674054896d6d351bd7
all5/Ordered_Partitions/[2-7].wasm,5007c65a410e1c674054896d6d351bd7
all5/Ordered_Partitions/[2-8].wasm,5007c65a410e1c674054896d6d351bd7
