name, hash
all5/P-value_correction/P-value_correction.wasm,5c819cf864f9c408daa81640fba7a438
all5/P-value_correction/P-value_correction.wasm.~1~,5c819cf864f9c408daa81640fba7a438
all5/P-value_correction/P-value_correction.wasm.~2~,d5c6698545549d743553cda86dac6bea
all5/P-value_correction/[0-1].wasm,5c819cf864f9c408daa81640fba7a438
all5/P-value_correction/[0-1][1-1].wasm,5c819cf864f9c408daa81640fba7a438
all5/P-value_correction/[0-1][1-1][2-1].wasm,5c819cf864f9c408daa81640fba7a438
all5/P-value_correction/[0-1][1-1][2-1][60-1].wasm,6b5ce1735d91644952edb555fc254fc0
all5/P-value_correction/[0-1][1-1][2-1][60-1][74-1].wasm,6b5ce1735d91644952edb555fc254fc0
all5/P-value_correction/[0-1][1-1][2-1][74-1].wasm,5c819cf864f9c408daa81640fba7a438
all5/P-value_correction/[0-1][1-1][47-1].wasm,6b5ce1735d91644952edb555fc254fc0
all5/P-value_correction/[0-1][1-1][47-1][60-1].wasm,6b5ce1735d91644952edb555fc254fc0
all5/P-value_correction/[0-1][1-1][47-1][60-1][74-1].wasm,6b5ce1735d91644952edb555fc254fc0
all5/P-value_correction/[0-1][1-1][47-1][74-1].wasm,6b5ce1735d91644952edb555fc254fc0
all5/P-value_correction/[0-1][1-1][60-1].wasm,6b5ce1735d91644952edb555fc254fc0
all5/P-value_correction/[0-1][1-1][60-1][74-1].wasm,6b5ce1735d91644952edb555fc254fc0
all5/P-value_correction/[0-1][1-1][74-1].wasm,5c819cf864f9c408daa81640fba7a438
all5/P-value_correction/[0-1][2-1].wasm,5c819cf864f9c408daa81640fba7a438
all5/P-value_correction/[0-1][2-1][47-1].wasm,6b5ce1735d91644952edb555fc254fc0
all5/P-value_correction/[0-1][2-1][47-1][60-1].wasm,6b5ce1735d91644952edb555fc254fc0
all5/P-value_correction/[0-1][2-1][47-1][60-1][74-1].wasm,6b5ce1735d91644952edb555fc254fc0
all5/P-value_correction/[0-1][2-1][47-1][74-1].wasm,6b5ce1735d91644952edb555fc254fc0
all5/P-value_correction/[0-1][2-1][60-1].wasm,6b5ce1735d91644952edb555fc254fc0
all5/P-value_correction/[0-1][2-1][60-1][74-1].wasm,6b5ce1735d91644952edb555fc254fc0
all5/P-value_correction/[0-1][2-1][74-1].wasm,5c819cf864f9c408daa81640fba7a438
all5/P-value_correction/[0-1][47-1].wasm,6b5ce1735d91644952edb555fc254fc0
all5/P-value_correction/[0-1][47-1][60-1].wasm,6b5ce1735d91644952edb555fc254fc0
all5/P-value_correction/[0-1][47-1][60-1][74-1].wasm,6b5ce1735d91644952edb555fc254fc0
all5/P-value_correction/[0-1][47-1][74-1].wasm,6b5ce1735d91644952edb555fc254fc0
all5/P-value_correction/[0-1][60-1].wasm,6b5ce1735d91644952edb555fc254fc0
all5/P-value_correction/[0-1][60-1][74-1].wasm,6b5ce1735d91644952edb555fc254fc0
all5/P-value_correction/[0-1][74-1].wasm,5c819cf864f9c408daa81640fba7a438
all5/P-value_correction/[1-1].wasm,5c819cf864f9c408daa81640fba7a438
all5/P-value_correction/[1-1][2-1].wasm,5c819cf864f9c408daa81640fba7a438
all5/P-value_correction/[1-1][2-1][47-1].wasm,6b5ce1735d91644952edb555fc254fc0
all5/P-value_correction/[1-1][2-1][47-1][60-1].wasm,6b5ce1735d91644952edb555fc254fc0
all5/P-value_correction/[1-1][2-1][47-1][60-1][74-1].wasm,6b5ce1735d91644952edb555fc254fc0
all5/P-value_correction/[1-1][2-1][47-1][74-1].wasm,6b5ce1735d91644952edb555fc254fc0
all5/P-value_correction/[1-1][2-1][60-1].wasm,6b5ce1735d91644952edb555fc254fc0
all5/P-value_correction/[1-1][2-1][60-1][74-1].wasm,6b5ce1735d91644952edb555fc254fc0
all5/P-value_correction/[1-1][2-1][74-1].wasm,5c819cf864f9c408daa81640fba7a438
all5/P-value_correction/[1-1][47-1].wasm,6b5ce1735d91644952edb555fc254fc0
all5/P-value_correction/[1-1][47-1][60-1].wasm,6b5ce1735d91644952edb555fc254fc0
all5/P-value_correction/[1-1][47-1][60-1][74-1].wasm,6b5ce1735d91644952edb555fc254fc0
all5/P-value_correction/[1-1][47-1][74-1].wasm,6b5ce1735d91644952edb555fc254fc0
all5/P-value_correction/[1-1][60-1].wasm,6b5ce1735d91644952edb555fc254fc0
all5/P-value_correction/[1-1][60-1][74-1].wasm,6b5ce1735d91644952edb555fc254fc0
all5/P-value_correction/[1-1][74-1].wasm,5c819cf864f9c408daa81640fba7a438
all5/P-value_correction/[2-1].wasm,5c819cf864f9c408daa81640fba7a438
all5/P-value_correction/[2-1][47-1].wasm,6b5ce1735d91644952edb555fc254fc0
all5/P-value_correction/[2-1][47-1][60-1].wasm,6b5ce1735d91644952edb555fc254fc0
all5/P-value_correction/[2-1][47-1][60-1][74-1].wasm,6b5ce1735d91644952edb555fc254fc0
all5/P-value_correction/[2-1][47-1][74-1].wasm,6b5ce1735d91644952edb555fc254fc0
all5/P-value_correction/[2-1][60-1].wasm,6b5ce1735d91644952edb555fc254fc0
all5/P-value_correction/[2-1][60-1][74-1].wasm,6b5ce1735d91644952edb555fc254fc0
all5/P-value_correction/[2-1][74-1].wasm,5c819cf864f9c408daa81640fba7a438
all5/P-value_correction/[47-1].wasm,6b5ce1735d91644952edb555fc254fc0
all5/P-value_correction/[47-1][60-1].wasm,6b5ce1735d91644952edb555fc254fc0
all5/P-value_correction/[47-1][60-1][74-1].wasm,6b5ce1735d91644952edb555fc254fc0
all5/P-value_correction/[47-1][74-1].wasm,6b5ce1735d91644952edb555fc254fc0
all5/P-value_correction/[49-1].wasm,56c7499b88faec9c7f4dd83b806e4197
all5/P-value_correction/[49-1][58-1].wasm,1d81683222bd3310ec8c2caa10025ea8
all5/P-value_correction/[49-1][58-1][73-1].wasm,70777fde3f850c18a4ecb9d569bab51e
all5/P-value_correction/[49-1][67-1].wasm,d3a790c4bd6a957283630d55754867f6
all5/P-value_correction/[49-1][67-1][73-1].wasm,050cf4cc3016b5a4636b7f223eba1992
all5/P-value_correction/[49-1][73-1].wasm,60357ab7103fcb496ffa61e4b72a0b45
all5/P-value_correction/[49-2][58-1].wasm,ed768a224195b29f2e872329c81718fe
all5/P-value_correction/[49-2][58-1][67-1].wasm,a89ee354d0992d012f3ad348ef261f95
all5/P-value_correction/[49-2][58-1][67-1][73-1].wasm,366db1fe8ee952411f8768290f1250e2
all5/P-value_correction/[49-2][58-1][73-1].wasm,90362f0e41a50d81ad5ec05b6702988e
all5/P-value_correction/[49-2][67-1].wasm,6ec2b108c85fc0f2fa39f3de18f619ab
all5/P-value_correction/[60-1].wasm,6b5ce1735d91644952edb555fc254fc0
all5/P-value_correction/[60-1][74-1].wasm,6b5ce1735d91644952edb555fc254fc0
all5/P-value_correction/[73-1].wasm,922f6aee797c81da977ad742faf22a3d
all5/P-value_correction/[74-1].wasm,5c819cf864f9c408daa81640fba7a438
all5/P-value_correction/[8-1].wasm,e1dab149fa5271b9cc0a67d54dd621cc
all5/P-value_correction/[8-1][49-1].wasm,e1dab149fa5271b9cc0a67d54dd621cc
all5/P-value_correction/[8-1][49-1][58-1].wasm,3c619f64f787f89b181cb8b210250523
all5/P-value_correction/[8-1][49-1][58-1][67-1].wasm,16cdd09aee71a82274b52d8e44a3895f
all5/P-value_correction/[8-1][49-1][58-1][67-1][73-1].wasm,f0a646ee5e44ada1a790751f2880eff9
all5/P-value_correction/[8-1][49-1][58-1][73-1].wasm,671eb5e8198086ab7af77ffa10e3071a
all5/P-value_correction/[8-1][49-1][67-1].wasm,4d351f7f3ec3fa216450918ea1bb223d
all5/P-value_correction/[8-1][49-1][67-1][73-1].wasm,3440ffea4e93acc949c26c4012bca522
all5/P-value_correction/[8-1][49-1][73-1].wasm,82f5c53ceb81da5c2b5eddd38f66fd3a
all5/P-value_correction/[8-1][58-1].wasm,771e3383f5cb5991554a58c17b171421
all5/P-value_correction/[8-1][58-1][67-1].wasm,d72898c9b4df1e891378995ad11e4fd3
all5/P-value_correction/[8-1][58-1][67-1][73-1].wasm,e8d126c9a7db7299d38754b4d7f6d946
all5/P-value_correction/[8-1][58-1][73-1].wasm,671eb5e8198086ab7af77ffa10e3071a
all5/P-value_correction/[8-1][67-1].wasm,5ac666cba24ec8627058bb3531421503
all5/P-value_correction/[8-1][67-1][73-1].wasm,53a0c691c344bf9562f12eec39ddc6ab
all5/P-value_correction/[8-1][73-1].wasm,80d39ffcadd7e9a07e10f0f457b080da
