name, hash
all5/Paraffins/Paraffins.wasm,bf0fd2f6f0d85074ad099ef42d1a54a1
all5/Paraffins/Paraffins.wasm.~1~,bf0fd2f6f0d85074ad099ef42d1a54a1
all5/Paraffins/Paraffins.wasm.~2~,9b7ca72dd72dadb30f80963e5c09f542
all5/Paraffins/[10-1].wasm,c4033b3d3e20b25d362f5ff7f6424431
all5/Paraffins/[3-1].wasm,c4033b3d3e20b25d362f5ff7f6424431
all5/Paraffins/[3-1][4-1].wasm,ff9114384e04011c1bab7f9599693939
all5/Paraffins/[4-10].wasm,ff9114384e04011c1bab7f9599693939
all5/Paraffins/[4-11].wasm,ff9114384e04011c1bab7f9599693939
all5/Paraffins/[4-12].wasm,ff9114384e04011c1bab7f9599693939
all5/Paraffins/[4-13].wasm,ff9114384e04011c1bab7f9599693939
all5/Paraffins/[4-14].wasm,ff9114384e04011c1bab7f9599693939
all5/Paraffins/[4-15].wasm,ff9114384e04011c1bab7f9599693939
all5/Paraffins/[4-16].wasm,ff9114384e04011c1bab7f9599693939
all5/Paraffins/[4-17].wasm,ff9114384e04011c1bab7f9599693939
all5/Paraffins/[4-1].wasm,ff9114384e04011c1bab7f9599693939
all5/Paraffins/[4-2].wasm,ff9114384e04011c1bab7f9599693939
all5/Paraffins/[4-3].wasm,ff9114384e04011c1bab7f9599693939
all5/Paraffins/[4-4].wasm,ff9114384e04011c1bab7f9599693939
all5/Paraffins/[4-5].wasm,ff9114384e04011c1bab7f9599693939
all5/Paraffins/[4-6].wasm,ff9114384e04011c1bab7f9599693939
all5/Paraffins/[4-7].wasm,ff9114384e04011c1bab7f9599693939
all5/Paraffins/[4-8].wasm,ff9114384e04011c1bab7f9599693939
all5/Paraffins/[4-9].wasm,ff9114384e04011c1bab7f9599693939
