name, hash
all5/Pascals_triangle/Pascals_triangle.wasm,e584064911a84ff5765161a0a4b71f15
all5/Pascals_triangle/Pascals_triangle.wasm.~1~,e584064911a84ff5765161a0a4b71f15
all5/Pascals_triangle/Pascals_triangle.wasm.~2~,872f308ff326720a55074e3cb3663683
all5/Pascals_triangle/[0-1].wasm,872f308ff326720a55074e3cb3663683
all5/Pascals_triangle/[0-1][2-1].wasm,ab913413517fb8d3bf3a5029383a1157
all5/Pascals_triangle/[0-1][2-1][3-1].wasm,ab913413517fb8d3bf3a5029383a1157
all5/Pascals_triangle/[0-1][3-1].wasm,872f308ff326720a55074e3cb3663683
all5/Pascals_triangle/[0-2].wasm,872f308ff326720a55074e3cb3663683
all5/Pascals_triangle/[0-2][2-1].wasm,ab913413517fb8d3bf3a5029383a1157
all5/Pascals_triangle/[0-2][2-1][3-1].wasm,ab913413517fb8d3bf3a5029383a1157
all5/Pascals_triangle/[0-2][3-1].wasm,872f308ff326720a55074e3cb3663683
all5/Pascals_triangle/[0-3].wasm,872f308ff326720a55074e3cb3663683
all5/Pascals_triangle/[0-3][2-1].wasm,ab913413517fb8d3bf3a5029383a1157
all5/Pascals_triangle/[0-3][2-1][3-1].wasm,ab913413517fb8d3bf3a5029383a1157
all5/Pascals_triangle/[0-3][3-1].wasm,872f308ff326720a55074e3cb3663683
all5/Pascals_triangle/[0-4].wasm,872f308ff326720a55074e3cb3663683
all5/Pascals_triangle/[0-4][2-1].wasm,ab913413517fb8d3bf3a5029383a1157
all5/Pascals_triangle/[0-4][2-1][3-1].wasm,ab913413517fb8d3bf3a5029383a1157
all5/Pascals_triangle/[0-4][3-1].wasm,872f308ff326720a55074e3cb3663683
all5/Pascals_triangle/[1-1].wasm,e584064911a84ff5765161a0a4b71f15
all5/Pascals_triangle/[1-1][2-1].wasm,e584064911a84ff5765161a0a4b71f15
all5/Pascals_triangle/[1-1][2-1][3-1].wasm,0b7a454fb8e4b7b015596fbe784fdb0e
all5/Pascals_triangle/[1-1][3-1].wasm,0b7a454fb8e4b7b015596fbe784fdb0e
all5/Pascals_triangle/[1-2].wasm,e584064911a84ff5765161a0a4b71f15
all5/Pascals_triangle/[1-2][3-1].wasm,0b7a454fb8e4b7b015596fbe784fdb0e
all5/Pascals_triangle/[2-1].wasm,e584064911a84ff5765161a0a4b71f15
all5/Pascals_triangle/[2-1].wasm.~1~,ab913413517fb8d3bf3a5029383a1157
all5/Pascals_triangle/[2-1][3-1].wasm,0b7a454fb8e4b7b015596fbe784fdb0e
all5/Pascals_triangle/[2-1][3-1].wasm.~1~,ab913413517fb8d3bf3a5029383a1157
all5/Pascals_triangle/[3-1].wasm,0b7a454fb8e4b7b015596fbe784fdb0e
all5/Pascals_triangle/[3-1].wasm.~1~,872f308ff326720a55074e3cb3663683
