name, hash
all5/Pernicious_numbers/Pernicious_numbers.wasm,1276c935982415115adbe802328ebed8
all5/Pernicious_numbers/Pernicious_numbers.wasm.~1~,bf5f8441af3b375ce54b3b21cb1eb9c1
all5/Pernicious_numbers/Pernicious_numbers.wasm.~2~,1276c935982415115adbe802328ebed8
all5/Pernicious_numbers/Pernicious_numbers.wasm.~3~,bf5f8441af3b375ce54b3b21cb1eb9c1
all5/Pernicious_numbers/[1-1].wasm,bf5f8441af3b375ce54b3b21cb1eb9c1
all5/Pernicious_numbers/[1-1][10-1].wasm,b8ec8cb1b8655b428d2fdb538dfc5844
all5/Pernicious_numbers/[1-1][10-1][12-1].wasm,b8ec8cb1b8655b428d2fdb538dfc5844
all5/Pernicious_numbers/[1-1][10-1][12-1][15-1].wasm,b8ec8cb1b8655b428d2fdb538dfc5844
all5/Pernicious_numbers/[1-1][10-1][15-1].wasm,b8ec8cb1b8655b428d2fdb538dfc5844
all5/Pernicious_numbers/[1-1][12-1].wasm,bf5f8441af3b375ce54b3b21cb1eb9c1
all5/Pernicious_numbers/[1-1][12-1][15-1].wasm,bf5f8441af3b375ce54b3b21cb1eb9c1
all5/Pernicious_numbers/[1-1][15-1].wasm,bf5f8441af3b375ce54b3b21cb1eb9c1
all5/Pernicious_numbers/[1-1][2-1].wasm,bf5f8441af3b375ce54b3b21cb1eb9c1
all5/Pernicious_numbers/[1-1][2-1][10-1].wasm,b8ec8cb1b8655b428d2fdb538dfc5844
all5/Pernicious_numbers/[1-1][2-1][10-1][12-1].wasm,b8ec8cb1b8655b428d2fdb538dfc5844
all5/Pernicious_numbers/[1-1][2-1][10-1][12-1][15-1].wasm,b8ec8cb1b8655b428d2fdb538dfc5844
all5/Pernicious_numbers/[1-1][2-1][10-1][15-1].wasm,b8ec8cb1b8655b428d2fdb538dfc5844
all5/Pernicious_numbers/[1-1][2-1][12-1].wasm,bf5f8441af3b375ce54b3b21cb1eb9c1
all5/Pernicious_numbers/[1-1][2-1][12-1][15-1].wasm,bf5f8441af3b375ce54b3b21cb1eb9c1
all5/Pernicious_numbers/[1-1][2-1][15-1].wasm,bf5f8441af3b375ce54b3b21cb1eb9c1
all5/Pernicious_numbers/[1-1][2-1][7-1].wasm,bf5f8441af3b375ce54b3b21cb1eb9c1
all5/Pernicious_numbers/[1-1][2-1][7-1][10-1].wasm,b8ec8cb1b8655b428d2fdb538dfc5844
all5/Pernicious_numbers/[1-1][2-1][7-1][10-1][12-1].wasm,b8ec8cb1b8655b428d2fdb538dfc5844
all5/Pernicious_numbers/[1-1][2-1][7-1][10-1][12-1][15-1].wasm,b8ec8cb1b8655b428d2fdb538dfc5844
all5/Pernicious_numbers/[1-1][2-1][7-1][10-1][15-1].wasm,b8ec8cb1b8655b428d2fdb538dfc5844
all5/Pernicious_numbers/[1-1][2-1][7-1][12-1].wasm,bf5f8441af3b375ce54b3b21cb1eb9c1
all5/Pernicious_numbers/[1-1][2-1][7-1][12-1][15-1].wasm,bf5f8441af3b375ce54b3b21cb1eb9c1
all5/Pernicious_numbers/[1-1][2-1][7-1][15-1].wasm,bf5f8441af3b375ce54b3b21cb1eb9c1
all5/Pernicious_numbers/[1-1][2-2].wasm,bf5f8441af3b375ce54b3b21cb1eb9c1
all5/Pernicious_numbers/[1-1][2-2][10-1].wasm,b8ec8cb1b8655b428d2fdb538dfc5844
all5/Pernicious_numbers/[1-1][2-2][10-1][12-1].wasm,b8ec8cb1b8655b428d2fdb538dfc5844
all5/Pernicious_numbers/[1-1][2-2][10-1][12-1][15-1].wasm,b8ec8cb1b8655b428d2fdb538dfc5844
all5/Pernicious_numbers/[1-1][2-2][10-1][15-1].wasm,b8ec8cb1b8655b428d2fdb538dfc5844
all5/Pernicious_numbers/[1-1][2-2][12-1].wasm,bf5f8441af3b375ce54b3b21cb1eb9c1
all5/Pernicious_numbers/[1-1][2-2][12-1][15-1].wasm,bf5f8441af3b375ce54b3b21cb1eb9c1
all5/Pernicious_numbers/[1-1][2-2][15-1].wasm,bf5f8441af3b375ce54b3b21cb1eb9c1
all5/Pernicious_numbers/[1-1][2-2][7-1].wasm,bf5f8441af3b375ce54b3b21cb1eb9c1
all5/Pernicious_numbers/[1-1][2-2][7-1][10-1].wasm,b8ec8cb1b8655b428d2fdb538dfc5844
all5/Pernicious_numbers/[1-1][2-2][7-1][10-1][12-1].wasm,b8ec8cb1b8655b428d2fdb538dfc5844
all5/Pernicious_numbers/[1-1][2-2][7-1][10-1][12-1][15-1].wasm,b8ec8cb1b8655b428d2fdb538dfc5844
all5/Pernicious_numbers/[1-1][2-2][7-1][10-1][15-1].wasm,b8ec8cb1b8655b428d2fdb538dfc5844
all5/Pernicious_numbers/[1-1][2-2][7-1][12-1].wasm,bf5f8441af3b375ce54b3b21cb1eb9c1
all5/Pernicious_numbers/[1-1][2-2][7-1][12-1][15-1].wasm,bf5f8441af3b375ce54b3b21cb1eb9c1
all5/Pernicious_numbers/[1-1][2-2][7-1][15-1].wasm,bf5f8441af3b375ce54b3b21cb1eb9c1
all5/Pernicious_numbers/[1-1][2-3].wasm,bf5f8441af3b375ce54b3b21cb1eb9c1
all5/Pernicious_numbers/[1-1][2-3][10-1].wasm,b8ec8cb1b8655b428d2fdb538dfc5844
all5/Pernicious_numbers/[1-1][2-3][10-1][12-1].wasm,b8ec8cb1b8655b428d2fdb538dfc5844
all5/Pernicious_numbers/[1-1][2-3][10-1][12-1][15-1].wasm,b8ec8cb1b8655b428d2fdb538dfc5844
all5/Pernicious_numbers/[1-1][2-3][10-1][15-1].wasm,b8ec8cb1b8655b428d2fdb538dfc5844
all5/Pernicious_numbers/[1-1][2-3][12-1].wasm,bf5f8441af3b375ce54b3b21cb1eb9c1
all5/Pernicious_numbers/[1-1][2-3][12-1][15-1].wasm,bf5f8441af3b375ce54b3b21cb1eb9c1
all5/Pernicious_numbers/[1-1][2-3][15-1].wasm,bf5f8441af3b375ce54b3b21cb1eb9c1
all5/Pernicious_numbers/[1-1][2-3][7-1].wasm,bf5f8441af3b375ce54b3b21cb1eb9c1
all5/Pernicious_numbers/[1-1][2-3][7-1][10-1].wasm,b8ec8cb1b8655b428d2fdb538dfc5844
all5/Pernicious_numbers/[1-1][2-3][7-1][10-1][12-1].wasm,b8ec8cb1b8655b428d2fdb538dfc5844
all5/Pernicious_numbers/[1-1][2-3][7-1][10-1][12-1][15-1].wasm,b8ec8cb1b8655b428d2fdb538dfc5844
all5/Pernicious_numbers/[1-1][2-3][7-1][10-1][15-1].wasm,b8ec8cb1b8655b428d2fdb538dfc5844
all5/Pernicious_numbers/[1-1][2-3][7-1][12-1].wasm,bf5f8441af3b375ce54b3b21cb1eb9c1
all5/Pernicious_numbers/[1-1][2-3][7-1][12-1][15-1].wasm,bf5f8441af3b375ce54b3b21cb1eb9c1
all5/Pernicious_numbers/[1-1][2-3][7-1][15-1].wasm,bf5f8441af3b375ce54b3b21cb1eb9c1
all5/Pernicious_numbers/[1-1][2-4].wasm,bf5f8441af3b375ce54b3b21cb1eb9c1
all5/Pernicious_numbers/[1-1][2-4][10-1].wasm,b8ec8cb1b8655b428d2fdb538dfc5844
all5/Pernicious_numbers/[1-1][2-4][10-1][12-1].wasm,b8ec8cb1b8655b428d2fdb538dfc5844
all5/Pernicious_numbers/[1-1][2-4][10-1][12-1][15-1].wasm,b8ec8cb1b8655b428d2fdb538dfc5844
all5/Pernicious_numbers/[1-1][2-4][10-1][15-1].wasm,b8ec8cb1b8655b428d2fdb538dfc5844
all5/Pernicious_numbers/[1-1][2-4][12-1].wasm,bf5f8441af3b375ce54b3b21cb1eb9c1
all5/Pernicious_numbers/[1-1][2-4][12-1][15-1].wasm,bf5f8441af3b375ce54b3b21cb1eb9c1
all5/Pernicious_numbers/[1-1][2-4][15-1].wasm,bf5f8441af3b375ce54b3b21cb1eb9c1
all5/Pernicious_numbers/[1-1][2-4][7-1].wasm,bf5f8441af3b375ce54b3b21cb1eb9c1
all5/Pernicious_numbers/[1-1][2-4][7-1][10-1].wasm,b8ec8cb1b8655b428d2fdb538dfc5844
all5/Pernicious_numbers/[1-1][2-4][7-1][10-1][12-1].wasm,b8ec8cb1b8655b428d2fdb538dfc5844
all5/Pernicious_numbers/[1-1][2-4][7-1][10-1][12-1][15-1].wasm,b8ec8cb1b8655b428d2fdb538dfc5844
all5/Pernicious_numbers/[1-1][2-4][7-1][10-1][15-1].wasm,b8ec8cb1b8655b428d2fdb538dfc5844
all5/Pernicious_numbers/[1-1][2-4][7-1][12-1].wasm,bf5f8441af3b375ce54b3b21cb1eb9c1
all5/Pernicious_numbers/[1-1][2-4][7-1][12-1][15-1].wasm,bf5f8441af3b375ce54b3b21cb1eb9c1
all5/Pernicious_numbers/[1-1][2-4][7-1][15-1].wasm,bf5f8441af3b375ce54b3b21cb1eb9c1
all5/Pernicious_numbers/[1-1][2-5].wasm,bf5f8441af3b375ce54b3b21cb1eb9c1
all5/Pernicious_numbers/[1-1][2-5][10-1].wasm,b8ec8cb1b8655b428d2fdb538dfc5844
all5/Pernicious_numbers/[1-1][2-5][10-1][12-1].wasm,b8ec8cb1b8655b428d2fdb538dfc5844
all5/Pernicious_numbers/[1-1][2-5][10-1][12-1][15-1].wasm,b8ec8cb1b8655b428d2fdb538dfc5844
all5/Pernicious_numbers/[1-1][2-5][10-1][15-1].wasm,b8ec8cb1b8655b428d2fdb538dfc5844
all5/Pernicious_numbers/[1-1][2-5][12-1].wasm,bf5f8441af3b375ce54b3b21cb1eb9c1
all5/Pernicious_numbers/[1-1][2-5][12-1][15-1].wasm,bf5f8441af3b375ce54b3b21cb1eb9c1
all5/Pernicious_numbers/[1-1][2-5][15-1].wasm,bf5f8441af3b375ce54b3b21cb1eb9c1
all5/Pernicious_numbers/[1-1][2-5][7-1].wasm,bf5f8441af3b375ce54b3b21cb1eb9c1
all5/Pernicious_numbers/[1-1][2-5][7-1][10-1].wasm,b8ec8cb1b8655b428d2fdb538dfc5844
all5/Pernicious_numbers/[1-1][2-5][7-1][10-1][12-1].wasm,b8ec8cb1b8655b428d2fdb538dfc5844
all5/Pernicious_numbers/[1-1][2-5][7-1][10-1][12-1][15-1].wasm,b8ec8cb1b8655b428d2fdb538dfc5844
all5/Pernicious_numbers/[1-1][2-5][7-1][10-1][15-1].wasm,b8ec8cb1b8655b428d2fdb538dfc5844
all5/Pernicious_numbers/[1-1][2-5][7-1][12-1].wasm,bf5f8441af3b375ce54b3b21cb1eb9c1
all5/Pernicious_numbers/[1-1][2-5][7-1][12-1][15-1].wasm,bf5f8441af3b375ce54b3b21cb1eb9c1
all5/Pernicious_numbers/[1-1][2-5][7-1][15-1].wasm,bf5f8441af3b375ce54b3b21cb1eb9c1
all5/Pernicious_numbers/[1-1][2-6].wasm,bf5f8441af3b375ce54b3b21cb1eb9c1
all5/Pernicious_numbers/[1-1][2-6][10-1].wasm,b8ec8cb1b8655b428d2fdb538dfc5844
all5/Pernicious_numbers/[1-1][2-6][10-1][12-1].wasm,b8ec8cb1b8655b428d2fdb538dfc5844
all5/Pernicious_numbers/[1-1][2-6][10-1][12-1][15-1].wasm,b8ec8cb1b8655b428d2fdb538dfc5844
all5/Pernicious_numbers/[1-1][2-6][10-1][15-1].wasm,b8ec8cb1b8655b428d2fdb538dfc5844
all5/Pernicious_numbers/[1-1][2-6][12-1].wasm,bf5f8441af3b375ce54b3b21cb1eb9c1
all5/Pernicious_numbers/[1-1][2-6][12-1][15-1].wasm,bf5f8441af3b375ce54b3b21cb1eb9c1
all5/Pernicious_numbers/[1-1][2-6][15-1].wasm,bf5f8441af3b375ce54b3b21cb1eb9c1
all5/Pernicious_numbers/[1-1][2-6][7-1].wasm,bf5f8441af3b375ce54b3b21cb1eb9c1
all5/Pernicious_numbers/[1-1][2-6][7-1][10-1].wasm,b8ec8cb1b8655b428d2fdb538dfc5844
all5/Pernicious_numbers/[1-1][2-6][7-1][10-1][12-1].wasm,b8ec8cb1b8655b428d2fdb538dfc5844
all5/Pernicious_numbers/[1-1][2-6][7-1][10-1][12-1][15-1].wasm,b8ec8cb1b8655b428d2fdb538dfc5844
all5/Pernicious_numbers/[1-1][2-6][7-1][10-1][15-1].wasm,b8ec8cb1b8655b428d2fdb538dfc5844
all5/Pernicious_numbers/[1-1][2-6][7-1][12-1].wasm,bf5f8441af3b375ce54b3b21cb1eb9c1
all5/Pernicious_numbers/[1-1][2-6][7-1][12-1][15-1].wasm,bf5f8441af3b375ce54b3b21cb1eb9c1
all5/Pernicious_numbers/[1-1][2-6][7-1][15-1].wasm,bf5f8441af3b375ce54b3b21cb1eb9c1
all5/Pernicious_numbers/[1-1][7-1].wasm,bf5f8441af3b375ce54b3b21cb1eb9c1
all5/Pernicious_numbers/[1-1][7-1][10-1].wasm,b8ec8cb1b8655b428d2fdb538dfc5844
all5/Pernicious_numbers/[1-1][7-1][10-1][12-1].wasm,b8ec8cb1b8655b428d2fdb538dfc5844
all5/Pernicious_numbers/[1-1][7-1][10-1][12-1][15-1].wasm,b8ec8cb1b8655b428d2fdb538dfc5844
all5/Pernicious_numbers/[1-1][7-1][10-1][15-1].wasm,b8ec8cb1b8655b428d2fdb538dfc5844
all5/Pernicious_numbers/[1-1][7-1][12-1].wasm,bf5f8441af3b375ce54b3b21cb1eb9c1
all5/Pernicious_numbers/[1-1][7-1][12-1][15-1].wasm,bf5f8441af3b375ce54b3b21cb1eb9c1
all5/Pernicious_numbers/[1-1][7-1][15-1].wasm,bf5f8441af3b375ce54b3b21cb1eb9c1
all5/Pernicious_numbers/[1-2].wasm,bf5f8441af3b375ce54b3b21cb1eb9c1
all5/Pernicious_numbers/[1-2][10-1].wasm,b8ec8cb1b8655b428d2fdb538dfc5844
all5/Pernicious_numbers/[1-2][10-1][12-1].wasm,b8ec8cb1b8655b428d2fdb538dfc5844
all5/Pernicious_numbers/[1-2][10-1][12-1][15-1].wasm,b8ec8cb1b8655b428d2fdb538dfc5844
all5/Pernicious_numbers/[1-2][10-1][15-1].wasm,b8ec8cb1b8655b428d2fdb538dfc5844
all5/Pernicious_numbers/[1-2][12-1].wasm,bf5f8441af3b375ce54b3b21cb1eb9c1
all5/Pernicious_numbers/[1-2][12-1][15-1].wasm,bf5f8441af3b375ce54b3b21cb1eb9c1
all5/Pernicious_numbers/[1-2][15-1].wasm,bf5f8441af3b375ce54b3b21cb1eb9c1
all5/Pernicious_numbers/[1-2][2-1].wasm,bf5f8441af3b375ce54b3b21cb1eb9c1
all5/Pernicious_numbers/[1-2][2-1][10-1].wasm,b8ec8cb1b8655b428d2fdb538dfc5844
all5/Pernicious_numbers/[1-2][2-1][10-1][12-1].wasm,b8ec8cb1b8655b428d2fdb538dfc5844
all5/Pernicious_numbers/[1-2][2-1][10-1][12-1][15-1].wasm,b8ec8cb1b8655b428d2fdb538dfc5844
all5/Pernicious_numbers/[1-2][2-1][10-1][15-1].wasm,b8ec8cb1b8655b428d2fdb538dfc5844
all5/Pernicious_numbers/[1-2][2-1][12-1].wasm,bf5f8441af3b375ce54b3b21cb1eb9c1
all5/Pernicious_numbers/[1-2][2-1][12-1][15-1].wasm,bf5f8441af3b375ce54b3b21cb1eb9c1
all5/Pernicious_numbers/[1-2][2-1][15-1].wasm,bf5f8441af3b375ce54b3b21cb1eb9c1
all5/Pernicious_numbers/[1-2][2-1][7-1].wasm,bf5f8441af3b375ce54b3b21cb1eb9c1
all5/Pernicious_numbers/[1-2][2-1][7-1][10-1].wasm,b8ec8cb1b8655b428d2fdb538dfc5844
all5/Pernicious_numbers/[1-2][2-1][7-1][10-1][12-1].wasm,b8ec8cb1b8655b428d2fdb538dfc5844
all5/Pernicious_numbers/[1-2][2-1][7-1][10-1][12-1][15-1].wasm,b8ec8cb1b8655b428d2fdb538dfc5844
all5/Pernicious_numbers/[1-2][2-1][7-1][10-1][15-1].wasm,b8ec8cb1b8655b428d2fdb538dfc5844
all5/Pernicious_numbers/[1-2][2-1][7-1][12-1].wasm,bf5f8441af3b375ce54b3b21cb1eb9c1
all5/Pernicious_numbers/[1-2][2-1][7-1][12-1][15-1].wasm,bf5f8441af3b375ce54b3b21cb1eb9c1
all5/Pernicious_numbers/[1-2][2-1][7-1][15-1].wasm,bf5f8441af3b375ce54b3b21cb1eb9c1
all5/Pernicious_numbers/[1-2][2-2].wasm,bf5f8441af3b375ce54b3b21cb1eb9c1
all5/Pernicious_numbers/[1-2][2-2][10-1].wasm,b8ec8cb1b8655b428d2fdb538dfc5844
all5/Pernicious_numbers/[1-2][2-2][10-1][12-1].wasm,b8ec8cb1b8655b428d2fdb538dfc5844
all5/Pernicious_numbers/[1-2][2-2][10-1][12-1][15-1].wasm,b8ec8cb1b8655b428d2fdb538dfc5844
all5/Pernicious_numbers/[1-2][2-2][10-1][15-1].wasm,b8ec8cb1b8655b428d2fdb538dfc5844
all5/Pernicious_numbers/[1-2][2-2][12-1].wasm,bf5f8441af3b375ce54b3b21cb1eb9c1
all5/Pernicious_numbers/[1-2][2-2][12-1][15-1].wasm,bf5f8441af3b375ce54b3b21cb1eb9c1
all5/Pernicious_numbers/[1-2][2-2][15-1].wasm,bf5f8441af3b375ce54b3b21cb1eb9c1
all5/Pernicious_numbers/[1-2][2-2][7-1].wasm,bf5f8441af3b375ce54b3b21cb1eb9c1
all5/Pernicious_numbers/[1-2][2-2][7-1][10-1].wasm,b8ec8cb1b8655b428d2fdb538dfc5844
all5/Pernicious_numbers/[1-2][2-2][7-1][10-1][12-1].wasm,b8ec8cb1b8655b428d2fdb538dfc5844
all5/Pernicious_numbers/[1-2][2-2][7-1][10-1][12-1][15-1].wasm,b8ec8cb1b8655b428d2fdb538dfc5844
all5/Pernicious_numbers/[1-2][2-2][7-1][10-1][15-1].wasm,b8ec8cb1b8655b428d2fdb538dfc5844
all5/Pernicious_numbers/[1-2][2-2][7-1][12-1].wasm,bf5f8441af3b375ce54b3b21cb1eb9c1
all5/Pernicious_numbers/[1-2][2-2][7-1][12-1][15-1].wasm,bf5f8441af3b375ce54b3b21cb1eb9c1
all5/Pernicious_numbers/[1-2][2-2][7-1][15-1].wasm,bf5f8441af3b375ce54b3b21cb1eb9c1
all5/Pernicious_numbers/[1-2][2-3].wasm,bf5f8441af3b375ce54b3b21cb1eb9c1
all5/Pernicious_numbers/[1-2][2-3][10-1].wasm,b8ec8cb1b8655b428d2fdb538dfc5844
all5/Pernicious_numbers/[1-2][2-3][10-1][12-1].wasm,b8ec8cb1b8655b428d2fdb538dfc5844
all5/Pernicious_numbers/[1-2][2-3][10-1][12-1][15-1].wasm,b8ec8cb1b8655b428d2fdb538dfc5844
all5/Pernicious_numbers/[1-2][2-3][10-1][15-1].wasm,b8ec8cb1b8655b428d2fdb538dfc5844
all5/Pernicious_numbers/[1-2][2-3][12-1].wasm,bf5f8441af3b375ce54b3b21cb1eb9c1
all5/Pernicious_numbers/[1-2][2-3][12-1][15-1].wasm,bf5f8441af3b375ce54b3b21cb1eb9c1
all5/Pernicious_numbers/[1-2][2-3][15-1].wasm,bf5f8441af3b375ce54b3b21cb1eb9c1
all5/Pernicious_numbers/[1-2][2-3][7-1].wasm,bf5f8441af3b375ce54b3b21cb1eb9c1
all5/Pernicious_numbers/[1-2][2-3][7-1][10-1].wasm,b8ec8cb1b8655b428d2fdb538dfc5844
all5/Pernicious_numbers/[1-2][2-3][7-1][10-1][12-1].wasm,b8ec8cb1b8655b428d2fdb538dfc5844
all5/Pernicious_numbers/[1-2][2-3][7-1][10-1][12-1][15-1].wasm,b8ec8cb1b8655b428d2fdb538dfc5844
all5/Pernicious_numbers/[1-2][2-3][7-1][10-1][15-1].wasm,b8ec8cb1b8655b428d2fdb538dfc5844
all5/Pernicious_numbers/[1-2][2-3][7-1][12-1].wasm,bf5f8441af3b375ce54b3b21cb1eb9c1
all5/Pernicious_numbers/[1-2][2-3][7-1][12-1][15-1].wasm,bf5f8441af3b375ce54b3b21cb1eb9c1
all5/Pernicious_numbers/[1-2][2-3][7-1][15-1].wasm,bf5f8441af3b375ce54b3b21cb1eb9c1
all5/Pernicious_numbers/[1-2][2-4].wasm,bf5f8441af3b375ce54b3b21cb1eb9c1
all5/Pernicious_numbers/[1-2][2-4][10-1].wasm,b8ec8cb1b8655b428d2fdb538dfc5844
all5/Pernicious_numbers/[1-2][2-4][10-1][12-1].wasm,b8ec8cb1b8655b428d2fdb538dfc5844
all5/Pernicious_numbers/[1-2][2-4][10-1][12-1][15-1].wasm,b8ec8cb1b8655b428d2fdb538dfc5844
all5/Pernicious_numbers/[1-2][2-4][10-1][15-1].wasm,b8ec8cb1b8655b428d2fdb538dfc5844
all5/Pernicious_numbers/[1-2][2-4][12-1].wasm,bf5f8441af3b375ce54b3b21cb1eb9c1
all5/Pernicious_numbers/[1-2][2-4][12-1][15-1].wasm,bf5f8441af3b375ce54b3b21cb1eb9c1
all5/Pernicious_numbers/[1-2][2-4][15-1].wasm,bf5f8441af3b375ce54b3b21cb1eb9c1
all5/Pernicious_numbers/[1-2][2-4][7-1].wasm,bf5f8441af3b375ce54b3b21cb1eb9c1
all5/Pernicious_numbers/[1-2][2-4][7-1][10-1].wasm,b8ec8cb1b8655b428d2fdb538dfc5844
all5/Pernicious_numbers/[1-2][2-4][7-1][10-1][12-1].wasm,b8ec8cb1b8655b428d2fdb538dfc5844
all5/Pernicious_numbers/[1-2][2-4][7-1][10-1][12-1][15-1].wasm,b8ec8cb1b8655b428d2fdb538dfc5844
all5/Pernicious_numbers/[1-2][2-4][7-1][10-1][15-1].wasm,b8ec8cb1b8655b428d2fdb538dfc5844
all5/Pernicious_numbers/[1-2][2-4][7-1][12-1].wasm,bf5f8441af3b375ce54b3b21cb1eb9c1
all5/Pernicious_numbers/[1-2][2-4][7-1][12-1][15-1].wasm,bf5f8441af3b375ce54b3b21cb1eb9c1
all5/Pernicious_numbers/[1-2][2-4][7-1][15-1].wasm,bf5f8441af3b375ce54b3b21cb1eb9c1
all5/Pernicious_numbers/[1-2][2-5].wasm,bf5f8441af3b375ce54b3b21cb1eb9c1
all5/Pernicious_numbers/[1-2][2-5][10-1].wasm,b8ec8cb1b8655b428d2fdb538dfc5844
all5/Pernicious_numbers/[1-2][2-5][10-1][12-1].wasm,b8ec8cb1b8655b428d2fdb538dfc5844
all5/Pernicious_numbers/[1-2][2-5][10-1][12-1][15-1].wasm,b8ec8cb1b8655b428d2fdb538dfc5844
all5/Pernicious_numbers/[1-2][2-5][10-1][15-1].wasm,b8ec8cb1b8655b428d2fdb538dfc5844
all5/Pernicious_numbers/[1-2][2-5][12-1].wasm,bf5f8441af3b375ce54b3b21cb1eb9c1
all5/Pernicious_numbers/[1-2][2-5][12-1][15-1].wasm,bf5f8441af3b375ce54b3b21cb1eb9c1
all5/Pernicious_numbers/[1-2][2-5][15-1].wasm,bf5f8441af3b375ce54b3b21cb1eb9c1
all5/Pernicious_numbers/[1-2][2-5][7-1].wasm,bf5f8441af3b375ce54b3b21cb1eb9c1
all5/Pernicious_numbers/[1-2][2-5][7-1][10-1].wasm,b8ec8cb1b8655b428d2fdb538dfc5844
all5/Pernicious_numbers/[1-2][2-5][7-1][10-1][12-1].wasm,b8ec8cb1b8655b428d2fdb538dfc5844
all5/Pernicious_numbers/[1-2][2-5][7-1][10-1][12-1][15-1].wasm,b8ec8cb1b8655b428d2fdb538dfc5844
all5/Pernicious_numbers/[1-2][2-5][7-1][10-1][15-1].wasm,b8ec8cb1b8655b428d2fdb538dfc5844
all5/Pernicious_numbers/[1-2][2-5][7-1][12-1].wasm,bf5f8441af3b375ce54b3b21cb1eb9c1
all5/Pernicious_numbers/[1-2][2-5][7-1][12-1][15-1].wasm,bf5f8441af3b375ce54b3b21cb1eb9c1
all5/Pernicious_numbers/[1-2][2-5][7-1][15-1].wasm,bf5f8441af3b375ce54b3b21cb1eb9c1
all5/Pernicious_numbers/[1-2][2-6].wasm,bf5f8441af3b375ce54b3b21cb1eb9c1
all5/Pernicious_numbers/[1-2][2-6][10-1].wasm,b8ec8cb1b8655b428d2fdb538dfc5844
all5/Pernicious_numbers/[1-2][2-6][10-1][12-1].wasm,b8ec8cb1b8655b428d2fdb538dfc5844
all5/Pernicious_numbers/[1-2][2-6][10-1][12-1][15-1].wasm,b8ec8cb1b8655b428d2fdb538dfc5844
all5/Pernicious_numbers/[1-2][2-6][10-1][15-1].wasm,b8ec8cb1b8655b428d2fdb538dfc5844
all5/Pernicious_numbers/[1-2][2-6][12-1].wasm,bf5f8441af3b375ce54b3b21cb1eb9c1
all5/Pernicious_numbers/[1-2][2-6][12-1][15-1].wasm,bf5f8441af3b375ce54b3b21cb1eb9c1
all5/Pernicious_numbers/[1-2][2-6][15-1].wasm,bf5f8441af3b375ce54b3b21cb1eb9c1
all5/Pernicious_numbers/[1-2][2-6][7-1].wasm,bf5f8441af3b375ce54b3b21cb1eb9c1
all5/Pernicious_numbers/[1-2][2-6][7-1][10-1].wasm,b8ec8cb1b8655b428d2fdb538dfc5844
all5/Pernicious_numbers/[1-2][2-6][7-1][10-1][12-1].wasm,b8ec8cb1b8655b428d2fdb538dfc5844
all5/Pernicious_numbers/[1-2][2-6][7-1][10-1][12-1][15-1].wasm,b8ec8cb1b8655b428d2fdb538dfc5844
all5/Pernicious_numbers/[1-2][2-6][7-1][10-1][15-1].wasm,b8ec8cb1b8655b428d2fdb538dfc5844
all5/Pernicious_numbers/[1-2][2-6][7-1][12-1].wasm,bf5f8441af3b375ce54b3b21cb1eb9c1
all5/Pernicious_numbers/[1-2][2-6][7-1][12-1][15-1].wasm,bf5f8441af3b375ce54b3b21cb1eb9c1
all5/Pernicious_numbers/[1-2][2-6][7-1][15-1].wasm,bf5f8441af3b375ce54b3b21cb1eb9c1
all5/Pernicious_numbers/[1-2][7-1].wasm,bf5f8441af3b375ce54b3b21cb1eb9c1
all5/Pernicious_numbers/[1-2][7-1][10-1].wasm,b8ec8cb1b8655b428d2fdb538dfc5844
all5/Pernicious_numbers/[1-2][7-1][10-1][12-1].wasm,b8ec8cb1b8655b428d2fdb538dfc5844
all5/Pernicious_numbers/[1-2][7-1][10-1][12-1][15-1].wasm,b8ec8cb1b8655b428d2fdb538dfc5844
all5/Pernicious_numbers/[1-2][7-1][10-1][15-1].wasm,b8ec8cb1b8655b428d2fdb538dfc5844
all5/Pernicious_numbers/[1-2][7-1][12-1].wasm,bf5f8441af3b375ce54b3b21cb1eb9c1
all5/Pernicious_numbers/[1-2][7-1][12-1][15-1].wasm,bf5f8441af3b375ce54b3b21cb1eb9c1
all5/Pernicious_numbers/[1-2][7-1][15-1].wasm,bf5f8441af3b375ce54b3b21cb1eb9c1
all5/Pernicious_numbers/[1-3].wasm,bf5f8441af3b375ce54b3b21cb1eb9c1
all5/Pernicious_numbers/[1-3][10-1].wasm,b8ec8cb1b8655b428d2fdb538dfc5844
all5/Pernicious_numbers/[1-3][10-1][12-1].wasm,b8ec8cb1b8655b428d2fdb538dfc5844
all5/Pernicious_numbers/[1-3][10-1][12-1][15-1].wasm,b8ec8cb1b8655b428d2fdb538dfc5844
all5/Pernicious_numbers/[1-3][10-1][15-1].wasm,b8ec8cb1b8655b428d2fdb538dfc5844
all5/Pernicious_numbers/[1-3][12-1].wasm,bf5f8441af3b375ce54b3b21cb1eb9c1
all5/Pernicious_numbers/[1-3][12-1][15-1].wasm,bf5f8441af3b375ce54b3b21cb1eb9c1
all5/Pernicious_numbers/[1-3][15-1].wasm,bf5f8441af3b375ce54b3b21cb1eb9c1
all5/Pernicious_numbers/[1-3][2-1].wasm,bf5f8441af3b375ce54b3b21cb1eb9c1
all5/Pernicious_numbers/[1-3][2-1][10-1].wasm,b8ec8cb1b8655b428d2fdb538dfc5844
all5/Pernicious_numbers/[1-3][2-1][10-1][12-1].wasm,b8ec8cb1b8655b428d2fdb538dfc5844
all5/Pernicious_numbers/[1-3][2-1][10-1][12-1][15-1].wasm,b8ec8cb1b8655b428d2fdb538dfc5844
all5/Pernicious_numbers/[1-3][2-1][10-1][15-1].wasm,b8ec8cb1b8655b428d2fdb538dfc5844
all5/Pernicious_numbers/[1-3][2-1][12-1].wasm,bf5f8441af3b375ce54b3b21cb1eb9c1
all5/Pernicious_numbers/[1-3][2-1][12-1][15-1].wasm,bf5f8441af3b375ce54b3b21cb1eb9c1
all5/Pernicious_numbers/[1-3][2-1][15-1].wasm,bf5f8441af3b375ce54b3b21cb1eb9c1
all5/Pernicious_numbers/[1-3][2-1][7-1].wasm,bf5f8441af3b375ce54b3b21cb1eb9c1
all5/Pernicious_numbers/[1-3][2-1][7-1][10-1].wasm,b8ec8cb1b8655b428d2fdb538dfc5844
all5/Pernicious_numbers/[1-3][2-1][7-1][10-1][12-1].wasm,b8ec8cb1b8655b428d2fdb538dfc5844
all5/Pernicious_numbers/[1-3][2-1][7-1][10-1][12-1][15-1].wasm,b8ec8cb1b8655b428d2fdb538dfc5844
all5/Pernicious_numbers/[1-3][2-1][7-1][10-1][15-1].wasm,b8ec8cb1b8655b428d2fdb538dfc5844
all5/Pernicious_numbers/[1-3][2-1][7-1][12-1].wasm,bf5f8441af3b375ce54b3b21cb1eb9c1
all5/Pernicious_numbers/[1-3][2-1][7-1][12-1][15-1].wasm,bf5f8441af3b375ce54b3b21cb1eb9c1
all5/Pernicious_numbers/[1-3][2-1][7-1][15-1].wasm,bf5f8441af3b375ce54b3b21cb1eb9c1
all5/Pernicious_numbers/[1-3][2-2].wasm,bf5f8441af3b375ce54b3b21cb1eb9c1
all5/Pernicious_numbers/[1-3][2-2][10-1].wasm,b8ec8cb1b8655b428d2fdb538dfc5844
all5/Pernicious_numbers/[1-3][2-2][10-1][12-1].wasm,b8ec8cb1b8655b428d2fdb538dfc5844
all5/Pernicious_numbers/[1-3][2-2][10-1][12-1][15-1].wasm,b8ec8cb1b8655b428d2fdb538dfc5844
all5/Pernicious_numbers/[1-3][2-2][10-1][15-1].wasm,b8ec8cb1b8655b428d2fdb538dfc5844
all5/Pernicious_numbers/[1-3][2-2][12-1].wasm,bf5f8441af3b375ce54b3b21cb1eb9c1
all5/Pernicious_numbers/[1-3][2-2][12-1][15-1].wasm,bf5f8441af3b375ce54b3b21cb1eb9c1
all5/Pernicious_numbers/[1-3][2-2][15-1].wasm,bf5f8441af3b375ce54b3b21cb1eb9c1
all5/Pernicious_numbers/[1-3][2-2][7-1].wasm,bf5f8441af3b375ce54b3b21cb1eb9c1
all5/Pernicious_numbers/[1-3][2-2][7-1][10-1].wasm,b8ec8cb1b8655b428d2fdb538dfc5844
all5/Pernicious_numbers/[1-3][2-2][7-1][10-1][12-1].wasm,b8ec8cb1b8655b428d2fdb538dfc5844
all5/Pernicious_numbers/[1-3][2-2][7-1][10-1][12-1][15-1].wasm,b8ec8cb1b8655b428d2fdb538dfc5844
all5/Pernicious_numbers/[1-3][2-2][7-1][10-1][15-1].wasm,b8ec8cb1b8655b428d2fdb538dfc5844
all5/Pernicious_numbers/[1-3][2-2][7-1][12-1].wasm,bf5f8441af3b375ce54b3b21cb1eb9c1
all5/Pernicious_numbers/[1-3][2-2][7-1][12-1][15-1].wasm,bf5f8441af3b375ce54b3b21cb1eb9c1
all5/Pernicious_numbers/[1-3][2-2][7-1][15-1].wasm,bf5f8441af3b375ce54b3b21cb1eb9c1
all5/Pernicious_numbers/[1-3][2-3].wasm,bf5f8441af3b375ce54b3b21cb1eb9c1
all5/Pernicious_numbers/[1-3][2-3][10-1].wasm,b8ec8cb1b8655b428d2fdb538dfc5844
all5/Pernicious_numbers/[1-3][2-3][10-1][12-1].wasm,b8ec8cb1b8655b428d2fdb538dfc5844
all5/Pernicious_numbers/[1-3][2-3][10-1][12-1][15-1].wasm,b8ec8cb1b8655b428d2fdb538dfc5844
all5/Pernicious_numbers/[1-3][2-3][10-1][15-1].wasm,b8ec8cb1b8655b428d2fdb538dfc5844
all5/Pernicious_numbers/[1-3][2-3][12-1].wasm,bf5f8441af3b375ce54b3b21cb1eb9c1
all5/Pernicious_numbers/[1-3][2-3][12-1][15-1].wasm,bf5f8441af3b375ce54b3b21cb1eb9c1
all5/Pernicious_numbers/[1-3][2-3][15-1].wasm,bf5f8441af3b375ce54b3b21cb1eb9c1
all5/Pernicious_numbers/[1-3][2-3][7-1].wasm,bf5f8441af3b375ce54b3b21cb1eb9c1
all5/Pernicious_numbers/[1-3][2-3][7-1][10-1].wasm,b8ec8cb1b8655b428d2fdb538dfc5844
all5/Pernicious_numbers/[1-3][2-3][7-1][10-1][12-1].wasm,b8ec8cb1b8655b428d2fdb538dfc5844
all5/Pernicious_numbers/[1-3][2-3][7-1][10-1][12-1][15-1].wasm,b8ec8cb1b8655b428d2fdb538dfc5844
all5/Pernicious_numbers/[1-3][2-3][7-1][10-1][15-1].wasm,b8ec8cb1b8655b428d2fdb538dfc5844
all5/Pernicious_numbers/[1-3][2-3][7-1][12-1].wasm,bf5f8441af3b375ce54b3b21cb1eb9c1
all5/Pernicious_numbers/[1-3][2-3][7-1][12-1][15-1].wasm,bf5f8441af3b375ce54b3b21cb1eb9c1
all5/Pernicious_numbers/[1-3][2-3][7-1][15-1].wasm,bf5f8441af3b375ce54b3b21cb1eb9c1
all5/Pernicious_numbers/[1-3][2-4].wasm,bf5f8441af3b375ce54b3b21cb1eb9c1
all5/Pernicious_numbers/[1-3][2-4][10-1].wasm,b8ec8cb1b8655b428d2fdb538dfc5844
all5/Pernicious_numbers/[1-3][2-4][10-1][12-1].wasm,b8ec8cb1b8655b428d2fdb538dfc5844
all5/Pernicious_numbers/[1-3][2-4][10-1][12-1][15-1].wasm,b8ec8cb1b8655b428d2fdb538dfc5844
all5/Pernicious_numbers/[1-3][2-4][10-1][15-1].wasm,b8ec8cb1b8655b428d2fdb538dfc5844
all5/Pernicious_numbers/[1-3][2-4][12-1].wasm,bf5f8441af3b375ce54b3b21cb1eb9c1
all5/Pernicious_numbers/[1-3][2-4][12-1][15-1].wasm,bf5f8441af3b375ce54b3b21cb1eb9c1
all5/Pernicious_numbers/[1-3][2-4][15-1].wasm,bf5f8441af3b375ce54b3b21cb1eb9c1
all5/Pernicious_numbers/[1-3][2-4][7-1].wasm,bf5f8441af3b375ce54b3b21cb1eb9c1
all5/Pernicious_numbers/[1-3][2-4][7-1][10-1].wasm,b8ec8cb1b8655b428d2fdb538dfc5844
all5/Pernicious_numbers/[1-3][2-4][7-1][10-1][12-1].wasm,b8ec8cb1b8655b428d2fdb538dfc5844
all5/Pernicious_numbers/[1-3][2-4][7-1][10-1][12-1][15-1].wasm,b8ec8cb1b8655b428d2fdb538dfc5844
all5/Pernicious_numbers/[1-3][2-4][7-1][10-1][15-1].wasm,b8ec8cb1b8655b428d2fdb538dfc5844
all5/Pernicious_numbers/[1-3][2-4][7-1][12-1].wasm,bf5f8441af3b375ce54b3b21cb1eb9c1
all5/Pernicious_numbers/[1-3][2-4][7-1][12-1][15-1].wasm,bf5f8441af3b375ce54b3b21cb1eb9c1
all5/Pernicious_numbers/[1-3][2-4][7-1][15-1].wasm,bf5f8441af3b375ce54b3b21cb1eb9c1
all5/Pernicious_numbers/[1-3][2-5].wasm,bf5f8441af3b375ce54b3b21cb1eb9c1
all5/Pernicious_numbers/[1-3][2-5][10-1].wasm,b8ec8cb1b8655b428d2fdb538dfc5844
all5/Pernicious_numbers/[1-3][2-5][10-1][12-1].wasm,b8ec8cb1b8655b428d2fdb538dfc5844
all5/Pernicious_numbers/[1-3][2-5][10-1][12-1][15-1].wasm,b8ec8cb1b8655b428d2fdb538dfc5844
all5/Pernicious_numbers/[1-3][2-5][10-1][15-1].wasm,b8ec8cb1b8655b428d2fdb538dfc5844
all5/Pernicious_numbers/[1-3][2-5][12-1].wasm,bf5f8441af3b375ce54b3b21cb1eb9c1
all5/Pernicious_numbers/[1-3][2-5][12-1][15-1].wasm,bf5f8441af3b375ce54b3b21cb1eb9c1
all5/Pernicious_numbers/[1-3][2-5][15-1].wasm,bf5f8441af3b375ce54b3b21cb1eb9c1
all5/Pernicious_numbers/[1-3][2-5][7-1].wasm,bf5f8441af3b375ce54b3b21cb1eb9c1
all5/Pernicious_numbers/[1-3][2-5][7-1][10-1].wasm,b8ec8cb1b8655b428d2fdb538dfc5844
all5/Pernicious_numbers/[1-3][2-5][7-1][10-1][12-1].wasm,b8ec8cb1b8655b428d2fdb538dfc5844
all5/Pernicious_numbers/[1-3][2-5][7-1][10-1][12-1][15-1].wasm,b8ec8cb1b8655b428d2fdb538dfc5844
all5/Pernicious_numbers/[1-3][2-5][7-1][10-1][15-1].wasm,b8ec8cb1b8655b428d2fdb538dfc5844
all5/Pernicious_numbers/[1-3][2-5][7-1][12-1].wasm,bf5f8441af3b375ce54b3b21cb1eb9c1
all5/Pernicious_numbers/[1-3][2-5][7-1][12-1][15-1].wasm,bf5f8441af3b375ce54b3b21cb1eb9c1
all5/Pernicious_numbers/[1-3][2-5][7-1][15-1].wasm,bf5f8441af3b375ce54b3b21cb1eb9c1
all5/Pernicious_numbers/[1-3][2-6].wasm,bf5f8441af3b375ce54b3b21cb1eb9c1
all5/Pernicious_numbers/[1-3][2-6][10-1].wasm,b8ec8cb1b8655b428d2fdb538dfc5844
all5/Pernicious_numbers/[1-3][2-6][10-1][12-1].wasm,b8ec8cb1b8655b428d2fdb538dfc5844
all5/Pernicious_numbers/[1-3][2-6][10-1][12-1][15-1].wasm,b8ec8cb1b8655b428d2fdb538dfc5844
all5/Pernicious_numbers/[1-3][2-6][10-1][15-1].wasm,b8ec8cb1b8655b428d2fdb538dfc5844
all5/Pernicious_numbers/[1-3][2-6][12-1].wasm,bf5f8441af3b375ce54b3b21cb1eb9c1
all5/Pernicious_numbers/[1-3][2-6][12-1][15-1].wasm,bf5f8441af3b375ce54b3b21cb1eb9c1
all5/Pernicious_numbers/[1-3][2-6][15-1].wasm,bf5f8441af3b375ce54b3b21cb1eb9c1
all5/Pernicious_numbers/[1-3][2-6][7-1].wasm,bf5f8441af3b375ce54b3b21cb1eb9c1
all5/Pernicious_numbers/[1-3][2-6][7-1][10-1].wasm,b8ec8cb1b8655b428d2fdb538dfc5844
all5/Pernicious_numbers/[1-3][2-6][7-1][10-1][12-1].wasm,b8ec8cb1b8655b428d2fdb538dfc5844
all5/Pernicious_numbers/[1-3][2-6][7-1][10-1][12-1][15-1].wasm,b8ec8cb1b8655b428d2fdb538dfc5844
all5/Pernicious_numbers/[1-3][2-6][7-1][10-1][15-1].wasm,b8ec8cb1b8655b428d2fdb538dfc5844
all5/Pernicious_numbers/[1-3][2-6][7-1][12-1].wasm,bf5f8441af3b375ce54b3b21cb1eb9c1
all5/Pernicious_numbers/[1-3][2-6][7-1][12-1][15-1].wasm,bf5f8441af3b375ce54b3b21cb1eb9c1
all5/Pernicious_numbers/[1-3][2-6][7-1][15-1].wasm,bf5f8441af3b375ce54b3b21cb1eb9c1
all5/Pernicious_numbers/[1-3][7-1].wasm,bf5f8441af3b375ce54b3b21cb1eb9c1
all5/Pernicious_numbers/[1-3][7-1][10-1].wasm,b8ec8cb1b8655b428d2fdb538dfc5844
all5/Pernicious_numbers/[1-3][7-1][10-1][12-1].wasm,b8ec8cb1b8655b428d2fdb538dfc5844
all5/Pernicious_numbers/[1-3][7-1][10-1][12-1][15-1].wasm,b8ec8cb1b8655b428d2fdb538dfc5844
all5/Pernicious_numbers/[1-3][7-1][10-1][15-1].wasm,b8ec8cb1b8655b428d2fdb538dfc5844
all5/Pernicious_numbers/[1-3][7-1][12-1].wasm,bf5f8441af3b375ce54b3b21cb1eb9c1
all5/Pernicious_numbers/[1-3][7-1][12-1][15-1].wasm,bf5f8441af3b375ce54b3b21cb1eb9c1
all5/Pernicious_numbers/[1-3][7-1][15-1].wasm,bf5f8441af3b375ce54b3b21cb1eb9c1
all5/Pernicious_numbers/[1-4].wasm,bf5f8441af3b375ce54b3b21cb1eb9c1
all5/Pernicious_numbers/[1-4][10-1].wasm,b8ec8cb1b8655b428d2fdb538dfc5844
all5/Pernicious_numbers/[1-4][10-1][12-1].wasm,b8ec8cb1b8655b428d2fdb538dfc5844
all5/Pernicious_numbers/[1-4][10-1][12-1][15-1].wasm,b8ec8cb1b8655b428d2fdb538dfc5844
all5/Pernicious_numbers/[1-4][10-1][15-1].wasm,b8ec8cb1b8655b428d2fdb538dfc5844
all5/Pernicious_numbers/[1-4][12-1].wasm,bf5f8441af3b375ce54b3b21cb1eb9c1
all5/Pernicious_numbers/[1-4][12-1][15-1].wasm,bf5f8441af3b375ce54b3b21cb1eb9c1
all5/Pernicious_numbers/[1-4][15-1].wasm,bf5f8441af3b375ce54b3b21cb1eb9c1
all5/Pernicious_numbers/[1-4][2-1].wasm,bf5f8441af3b375ce54b3b21cb1eb9c1
all5/Pernicious_numbers/[1-4][2-1][10-1].wasm,b8ec8cb1b8655b428d2fdb538dfc5844
all5/Pernicious_numbers/[1-4][2-1][10-1][12-1].wasm,b8ec8cb1b8655b428d2fdb538dfc5844
all5/Pernicious_numbers/[1-4][2-1][10-1][12-1][15-1].wasm,b8ec8cb1b8655b428d2fdb538dfc5844
all5/Pernicious_numbers/[1-4][2-1][10-1][15-1].wasm,b8ec8cb1b8655b428d2fdb538dfc5844
all5/Pernicious_numbers/[1-4][2-1][12-1].wasm,bf5f8441af3b375ce54b3b21cb1eb9c1
all5/Pernicious_numbers/[1-4][2-1][12-1][15-1].wasm,bf5f8441af3b375ce54b3b21cb1eb9c1
all5/Pernicious_numbers/[1-4][2-1][15-1].wasm,bf5f8441af3b375ce54b3b21cb1eb9c1
all5/Pernicious_numbers/[1-4][2-1][7-1].wasm,bf5f8441af3b375ce54b3b21cb1eb9c1
all5/Pernicious_numbers/[1-4][2-1][7-1][10-1].wasm,b8ec8cb1b8655b428d2fdb538dfc5844
all5/Pernicious_numbers/[1-4][2-1][7-1][10-1][12-1].wasm,b8ec8cb1b8655b428d2fdb538dfc5844
all5/Pernicious_numbers/[1-4][2-1][7-1][10-1][12-1][15-1].wasm,b8ec8cb1b8655b428d2fdb538dfc5844
all5/Pernicious_numbers/[1-4][2-1][7-1][10-1][15-1].wasm,b8ec8cb1b8655b428d2fdb538dfc5844
all5/Pernicious_numbers/[1-4][2-1][7-1][12-1].wasm,bf5f8441af3b375ce54b3b21cb1eb9c1
all5/Pernicious_numbers/[1-4][2-1][7-1][12-1][15-1].wasm,bf5f8441af3b375ce54b3b21cb1eb9c1
all5/Pernicious_numbers/[1-4][2-1][7-1][15-1].wasm,bf5f8441af3b375ce54b3b21cb1eb9c1
all5/Pernicious_numbers/[1-4][2-2].wasm,bf5f8441af3b375ce54b3b21cb1eb9c1
all5/Pernicious_numbers/[1-4][2-2][10-1].wasm,b8ec8cb1b8655b428d2fdb538dfc5844
all5/Pernicious_numbers/[1-4][2-2][10-1][12-1].wasm,b8ec8cb1b8655b428d2fdb538dfc5844
all5/Pernicious_numbers/[1-4][2-2][10-1][12-1][15-1].wasm,b8ec8cb1b8655b428d2fdb538dfc5844
all5/Pernicious_numbers/[1-4][2-2][10-1][15-1].wasm,b8ec8cb1b8655b428d2fdb538dfc5844
all5/Pernicious_numbers/[1-4][2-2][12-1].wasm,bf5f8441af3b375ce54b3b21cb1eb9c1
all5/Pernicious_numbers/[1-4][2-2][12-1][15-1].wasm,bf5f8441af3b375ce54b3b21cb1eb9c1
all5/Pernicious_numbers/[1-4][2-2][15-1].wasm,bf5f8441af3b375ce54b3b21cb1eb9c1
all5/Pernicious_numbers/[1-4][2-2][7-1].wasm,bf5f8441af3b375ce54b3b21cb1eb9c1
all5/Pernicious_numbers/[1-4][2-2][7-1][10-1].wasm,b8ec8cb1b8655b428d2fdb538dfc5844
all5/Pernicious_numbers/[1-4][2-2][7-1][10-1][12-1].wasm,b8ec8cb1b8655b428d2fdb538dfc5844
all5/Pernicious_numbers/[1-4][2-2][7-1][10-1][12-1][15-1].wasm,b8ec8cb1b8655b428d2fdb538dfc5844
all5/Pernicious_numbers/[1-4][2-2][7-1][10-1][15-1].wasm,b8ec8cb1b8655b428d2fdb538dfc5844
all5/Pernicious_numbers/[1-4][2-2][7-1][12-1].wasm,bf5f8441af3b375ce54b3b21cb1eb9c1
all5/Pernicious_numbers/[1-4][2-2][7-1][12-1][15-1].wasm,bf5f8441af3b375ce54b3b21cb1eb9c1
all5/Pernicious_numbers/[1-4][2-2][7-1][15-1].wasm,bf5f8441af3b375ce54b3b21cb1eb9c1
all5/Pernicious_numbers/[1-4][2-3].wasm,bf5f8441af3b375ce54b3b21cb1eb9c1
all5/Pernicious_numbers/[1-4][2-3][10-1].wasm,b8ec8cb1b8655b428d2fdb538dfc5844
all5/Pernicious_numbers/[1-4][2-3][10-1][12-1].wasm,b8ec8cb1b8655b428d2fdb538dfc5844
all5/Pernicious_numbers/[1-4][2-3][10-1][12-1][15-1].wasm,b8ec8cb1b8655b428d2fdb538dfc5844
all5/Pernicious_numbers/[1-4][2-3][10-1][15-1].wasm,b8ec8cb1b8655b428d2fdb538dfc5844
all5/Pernicious_numbers/[1-4][2-3][12-1].wasm,bf5f8441af3b375ce54b3b21cb1eb9c1
all5/Pernicious_numbers/[1-4][2-3][12-1][15-1].wasm,bf5f8441af3b375ce54b3b21cb1eb9c1
all5/Pernicious_numbers/[1-4][2-3][15-1].wasm,bf5f8441af3b375ce54b3b21cb1eb9c1
all5/Pernicious_numbers/[1-4][2-3][7-1].wasm,bf5f8441af3b375ce54b3b21cb1eb9c1
all5/Pernicious_numbers/[1-4][2-3][7-1][10-1].wasm,b8ec8cb1b8655b428d2fdb538dfc5844
all5/Pernicious_numbers/[1-4][2-3][7-1][10-1][12-1].wasm,b8ec8cb1b8655b428d2fdb538dfc5844
all5/Pernicious_numbers/[1-4][2-3][7-1][10-1][12-1][15-1].wasm,b8ec8cb1b8655b428d2fdb538dfc5844
all5/Pernicious_numbers/[1-4][2-3][7-1][10-1][15-1].wasm,b8ec8cb1b8655b428d2fdb538dfc5844
all5/Pernicious_numbers/[1-4][2-3][7-1][12-1].wasm,bf5f8441af3b375ce54b3b21cb1eb9c1
all5/Pernicious_numbers/[1-4][2-3][7-1][12-1][15-1].wasm,bf5f8441af3b375ce54b3b21cb1eb9c1
all5/Pernicious_numbers/[1-4][2-3][7-1][15-1].wasm,bf5f8441af3b375ce54b3b21cb1eb9c1
all5/Pernicious_numbers/[1-4][2-4].wasm,bf5f8441af3b375ce54b3b21cb1eb9c1
all5/Pernicious_numbers/[1-4][2-4][10-1].wasm,b8ec8cb1b8655b428d2fdb538dfc5844
all5/Pernicious_numbers/[1-4][2-4][10-1][12-1].wasm,b8ec8cb1b8655b428d2fdb538dfc5844
all5/Pernicious_numbers/[1-4][2-4][10-1][12-1][15-1].wasm,b8ec8cb1b8655b428d2fdb538dfc5844
all5/Pernicious_numbers/[1-4][2-4][10-1][15-1].wasm,b8ec8cb1b8655b428d2fdb538dfc5844
all5/Pernicious_numbers/[1-4][2-4][12-1].wasm,bf5f8441af3b375ce54b3b21cb1eb9c1
all5/Pernicious_numbers/[1-4][2-4][12-1][15-1].wasm,bf5f8441af3b375ce54b3b21cb1eb9c1
all5/Pernicious_numbers/[1-4][2-4][15-1].wasm,bf5f8441af3b375ce54b3b21cb1eb9c1
all5/Pernicious_numbers/[1-4][2-4][7-1].wasm,bf5f8441af3b375ce54b3b21cb1eb9c1
all5/Pernicious_numbers/[1-4][2-4][7-1][10-1].wasm,b8ec8cb1b8655b428d2fdb538dfc5844
all5/Pernicious_numbers/[1-4][2-4][7-1][10-1][12-1].wasm,b8ec8cb1b8655b428d2fdb538dfc5844
all5/Pernicious_numbers/[1-4][2-4][7-1][10-1][12-1][15-1].wasm,b8ec8cb1b8655b428d2fdb538dfc5844
all5/Pernicious_numbers/[1-4][2-4][7-1][10-1][15-1].wasm,b8ec8cb1b8655b428d2fdb538dfc5844
all5/Pernicious_numbers/[1-4][2-4][7-1][12-1].wasm,bf5f8441af3b375ce54b3b21cb1eb9c1
all5/Pernicious_numbers/[1-4][2-4][7-1][12-1][15-1].wasm,bf5f8441af3b375ce54b3b21cb1eb9c1
all5/Pernicious_numbers/[1-4][2-4][7-1][15-1].wasm,bf5f8441af3b375ce54b3b21cb1eb9c1
all5/Pernicious_numbers/[1-4][2-5].wasm,bf5f8441af3b375ce54b3b21cb1eb9c1
all5/Pernicious_numbers/[1-4][2-5][10-1].wasm,b8ec8cb1b8655b428d2fdb538dfc5844
all5/Pernicious_numbers/[1-4][2-5][10-1][12-1].wasm,b8ec8cb1b8655b428d2fdb538dfc5844
all5/Pernicious_numbers/[1-4][2-5][10-1][12-1][15-1].wasm,b8ec8cb1b8655b428d2fdb538dfc5844
all5/Pernicious_numbers/[1-4][2-5][10-1][15-1].wasm,b8ec8cb1b8655b428d2fdb538dfc5844
all5/Pernicious_numbers/[1-4][2-5][12-1].wasm,bf5f8441af3b375ce54b3b21cb1eb9c1
all5/Pernicious_numbers/[1-4][2-5][12-1][15-1].wasm,bf5f8441af3b375ce54b3b21cb1eb9c1
all5/Pernicious_numbers/[1-4][2-5][15-1].wasm,bf5f8441af3b375ce54b3b21cb1eb9c1
all5/Pernicious_numbers/[1-4][2-5][7-1].wasm,bf5f8441af3b375ce54b3b21cb1eb9c1
all5/Pernicious_numbers/[1-4][2-5][7-1][10-1].wasm,b8ec8cb1b8655b428d2fdb538dfc5844
all5/Pernicious_numbers/[1-4][2-5][7-1][10-1][12-1].wasm,b8ec8cb1b8655b428d2fdb538dfc5844
all5/Pernicious_numbers/[1-4][2-5][7-1][10-1][12-1][15-1].wasm,b8ec8cb1b8655b428d2fdb538dfc5844
all5/Pernicious_numbers/[1-4][2-5][7-1][10-1][15-1].wasm,b8ec8cb1b8655b428d2fdb538dfc5844
all5/Pernicious_numbers/[1-4][2-5][7-1][12-1].wasm,bf5f8441af3b375ce54b3b21cb1eb9c1
all5/Pernicious_numbers/[1-4][2-5][7-1][12-1][15-1].wasm,bf5f8441af3b375ce54b3b21cb1eb9c1
all5/Pernicious_numbers/[1-4][2-5][7-1][15-1].wasm,bf5f8441af3b375ce54b3b21cb1eb9c1
all5/Pernicious_numbers/[1-4][2-6].wasm,bf5f8441af3b375ce54b3b21cb1eb9c1
all5/Pernicious_numbers/[1-4][2-6][10-1].wasm,b8ec8cb1b8655b428d2fdb538dfc5844
all5/Pernicious_numbers/[1-4][2-6][10-1][12-1].wasm,b8ec8cb1b8655b428d2fdb538dfc5844
all5/Pernicious_numbers/[1-4][2-6][10-1][12-1][15-1].wasm,b8ec8cb1b8655b428d2fdb538dfc5844
all5/Pernicious_numbers/[1-4][2-6][10-1][15-1].wasm,b8ec8cb1b8655b428d2fdb538dfc5844
all5/Pernicious_numbers/[1-4][2-6][12-1].wasm,bf5f8441af3b375ce54b3b21cb1eb9c1
all5/Pernicious_numbers/[1-4][2-6][12-1][15-1].wasm,bf5f8441af3b375ce54b3b21cb1eb9c1
all5/Pernicious_numbers/[1-4][2-6][15-1].wasm,bf5f8441af3b375ce54b3b21cb1eb9c1
all5/Pernicious_numbers/[1-4][2-6][7-1].wasm,bf5f8441af3b375ce54b3b21cb1eb9c1
all5/Pernicious_numbers/[1-4][2-6][7-1][10-1].wasm,b8ec8cb1b8655b428d2fdb538dfc5844
all5/Pernicious_numbers/[1-4][2-6][7-1][10-1][12-1].wasm,b8ec8cb1b8655b428d2fdb538dfc5844
all5/Pernicious_numbers/[1-4][2-6][7-1][10-1][12-1][15-1].wasm,b8ec8cb1b8655b428d2fdb538dfc5844
all5/Pernicious_numbers/[1-4][2-6][7-1][10-1][15-1].wasm,b8ec8cb1b8655b428d2fdb538dfc5844
all5/Pernicious_numbers/[1-4][2-6][7-1][12-1].wasm,bf5f8441af3b375ce54b3b21cb1eb9c1
all5/Pernicious_numbers/[1-4][2-6][7-1][12-1][15-1].wasm,bf5f8441af3b375ce54b3b21cb1eb9c1
all5/Pernicious_numbers/[1-4][2-6][7-1][15-1].wasm,bf5f8441af3b375ce54b3b21cb1eb9c1
all5/Pernicious_numbers/[1-4][7-1].wasm,bf5f8441af3b375ce54b3b21cb1eb9c1
all5/Pernicious_numbers/[1-4][7-1][10-1].wasm,b8ec8cb1b8655b428d2fdb538dfc5844
all5/Pernicious_numbers/[1-4][7-1][10-1][12-1].wasm,b8ec8cb1b8655b428d2fdb538dfc5844
all5/Pernicious_numbers/[1-4][7-1][10-1][12-1][15-1].wasm,b8ec8cb1b8655b428d2fdb538dfc5844
all5/Pernicious_numbers/[1-4][7-1][10-1][15-1].wasm,b8ec8cb1b8655b428d2fdb538dfc5844
all5/Pernicious_numbers/[1-4][7-1][12-1].wasm,bf5f8441af3b375ce54b3b21cb1eb9c1
all5/Pernicious_numbers/[1-4][7-1][12-1][15-1].wasm,bf5f8441af3b375ce54b3b21cb1eb9c1
all5/Pernicious_numbers/[1-4][7-1][15-1].wasm,bf5f8441af3b375ce54b3b21cb1eb9c1
all5/Pernicious_numbers/[1-5].wasm,bf5f8441af3b375ce54b3b21cb1eb9c1
all5/Pernicious_numbers/[1-5][10-1].wasm,b8ec8cb1b8655b428d2fdb538dfc5844
all5/Pernicious_numbers/[1-5][10-1][12-1].wasm,b8ec8cb1b8655b428d2fdb538dfc5844
all5/Pernicious_numbers/[1-5][10-1][12-1][15-1].wasm,b8ec8cb1b8655b428d2fdb538dfc5844
all5/Pernicious_numbers/[1-5][10-1][15-1].wasm,b8ec8cb1b8655b428d2fdb538dfc5844
all5/Pernicious_numbers/[1-5][12-1].wasm,bf5f8441af3b375ce54b3b21cb1eb9c1
all5/Pernicious_numbers/[1-5][12-1][15-1].wasm,bf5f8441af3b375ce54b3b21cb1eb9c1
all5/Pernicious_numbers/[1-5][15-1].wasm,bf5f8441af3b375ce54b3b21cb1eb9c1
all5/Pernicious_numbers/[1-5][2-1].wasm,bf5f8441af3b375ce54b3b21cb1eb9c1
all5/Pernicious_numbers/[1-5][2-1][10-1].wasm,b8ec8cb1b8655b428d2fdb538dfc5844
all5/Pernicious_numbers/[1-5][2-1][10-1][12-1].wasm,b8ec8cb1b8655b428d2fdb538dfc5844
all5/Pernicious_numbers/[1-5][2-1][10-1][12-1][15-1].wasm,b8ec8cb1b8655b428d2fdb538dfc5844
all5/Pernicious_numbers/[1-5][2-1][10-1][15-1].wasm,b8ec8cb1b8655b428d2fdb538dfc5844
all5/Pernicious_numbers/[1-5][2-1][12-1].wasm,bf5f8441af3b375ce54b3b21cb1eb9c1
all5/Pernicious_numbers/[1-5][2-1][12-1][15-1].wasm,bf5f8441af3b375ce54b3b21cb1eb9c1
all5/Pernicious_numbers/[1-5][2-1][15-1].wasm,bf5f8441af3b375ce54b3b21cb1eb9c1
all5/Pernicious_numbers/[1-5][2-1][7-1].wasm,bf5f8441af3b375ce54b3b21cb1eb9c1
all5/Pernicious_numbers/[1-5][2-1][7-1][10-1].wasm,b8ec8cb1b8655b428d2fdb538dfc5844
all5/Pernicious_numbers/[1-5][2-1][7-1][10-1][12-1].wasm,b8ec8cb1b8655b428d2fdb538dfc5844
all5/Pernicious_numbers/[1-5][2-1][7-1][10-1][12-1][15-1].wasm,b8ec8cb1b8655b428d2fdb538dfc5844
all5/Pernicious_numbers/[1-5][2-1][7-1][10-1][15-1].wasm,b8ec8cb1b8655b428d2fdb538dfc5844
all5/Pernicious_numbers/[1-5][2-1][7-1][12-1].wasm,bf5f8441af3b375ce54b3b21cb1eb9c1
all5/Pernicious_numbers/[1-5][2-1][7-1][12-1][15-1].wasm,bf5f8441af3b375ce54b3b21cb1eb9c1
all5/Pernicious_numbers/[1-5][2-1][7-1][15-1].wasm,bf5f8441af3b375ce54b3b21cb1eb9c1
all5/Pernicious_numbers/[1-5][2-2].wasm,bf5f8441af3b375ce54b3b21cb1eb9c1
all5/Pernicious_numbers/[1-5][2-2][10-1].wasm,b8ec8cb1b8655b428d2fdb538dfc5844
all5/Pernicious_numbers/[1-5][2-2][10-1][12-1].wasm,b8ec8cb1b8655b428d2fdb538dfc5844
all5/Pernicious_numbers/[1-5][2-2][10-1][12-1][15-1].wasm,b8ec8cb1b8655b428d2fdb538dfc5844
all5/Pernicious_numbers/[1-5][2-2][10-1][15-1].wasm,b8ec8cb1b8655b428d2fdb538dfc5844
all5/Pernicious_numbers/[1-5][2-2][12-1].wasm,bf5f8441af3b375ce54b3b21cb1eb9c1
all5/Pernicious_numbers/[1-5][2-2][12-1][15-1].wasm,bf5f8441af3b375ce54b3b21cb1eb9c1
all5/Pernicious_numbers/[1-5][2-2][15-1].wasm,bf5f8441af3b375ce54b3b21cb1eb9c1
all5/Pernicious_numbers/[1-5][2-2][7-1].wasm,bf5f8441af3b375ce54b3b21cb1eb9c1
all5/Pernicious_numbers/[1-5][2-2][7-1][10-1].wasm,b8ec8cb1b8655b428d2fdb538dfc5844
all5/Pernicious_numbers/[1-5][2-2][7-1][10-1][12-1].wasm,b8ec8cb1b8655b428d2fdb538dfc5844
all5/Pernicious_numbers/[1-5][2-2][7-1][10-1][12-1][15-1].wasm,b8ec8cb1b8655b428d2fdb538dfc5844
all5/Pernicious_numbers/[1-5][2-2][7-1][10-1][15-1].wasm,b8ec8cb1b8655b428d2fdb538dfc5844
all5/Pernicious_numbers/[1-5][2-2][7-1][12-1].wasm,bf5f8441af3b375ce54b3b21cb1eb9c1
all5/Pernicious_numbers/[1-5][2-2][7-1][12-1][15-1].wasm,bf5f8441af3b375ce54b3b21cb1eb9c1
all5/Pernicious_numbers/[1-5][2-2][7-1][15-1].wasm,bf5f8441af3b375ce54b3b21cb1eb9c1
all5/Pernicious_numbers/[1-5][2-3].wasm,bf5f8441af3b375ce54b3b21cb1eb9c1
all5/Pernicious_numbers/[1-5][2-3][10-1].wasm,b8ec8cb1b8655b428d2fdb538dfc5844
all5/Pernicious_numbers/[1-5][2-3][10-1][12-1].wasm,b8ec8cb1b8655b428d2fdb538dfc5844
all5/Pernicious_numbers/[1-5][2-3][10-1][12-1][15-1].wasm,b8ec8cb1b8655b428d2fdb538dfc5844
all5/Pernicious_numbers/[1-5][2-3][10-1][15-1].wasm,b8ec8cb1b8655b428d2fdb538dfc5844
all5/Pernicious_numbers/[1-5][2-3][12-1].wasm,bf5f8441af3b375ce54b3b21cb1eb9c1
all5/Pernicious_numbers/[1-5][2-3][12-1][15-1].wasm,bf5f8441af3b375ce54b3b21cb1eb9c1
all5/Pernicious_numbers/[1-5][2-3][15-1].wasm,bf5f8441af3b375ce54b3b21cb1eb9c1
all5/Pernicious_numbers/[1-5][2-3][7-1].wasm,bf5f8441af3b375ce54b3b21cb1eb9c1
all5/Pernicious_numbers/[1-5][2-3][7-1][10-1].wasm,b8ec8cb1b8655b428d2fdb538dfc5844
all5/Pernicious_numbers/[1-5][2-3][7-1][10-1][12-1].wasm,b8ec8cb1b8655b428d2fdb538dfc5844
all5/Pernicious_numbers/[1-5][2-3][7-1][10-1][12-1][15-1].wasm,b8ec8cb1b8655b428d2fdb538dfc5844
all5/Pernicious_numbers/[1-5][2-3][7-1][10-1][15-1].wasm,b8ec8cb1b8655b428d2fdb538dfc5844
all5/Pernicious_numbers/[1-5][2-3][7-1][12-1].wasm,bf5f8441af3b375ce54b3b21cb1eb9c1
all5/Pernicious_numbers/[1-5][2-3][7-1][12-1][15-1].wasm,bf5f8441af3b375ce54b3b21cb1eb9c1
all5/Pernicious_numbers/[1-5][2-3][7-1][15-1].wasm,bf5f8441af3b375ce54b3b21cb1eb9c1
all5/Pernicious_numbers/[1-5][2-4].wasm,bf5f8441af3b375ce54b3b21cb1eb9c1
all5/Pernicious_numbers/[1-5][2-4][10-1].wasm,b8ec8cb1b8655b428d2fdb538dfc5844
all5/Pernicious_numbers/[1-5][2-4][10-1][12-1].wasm,b8ec8cb1b8655b428d2fdb538dfc5844
all5/Pernicious_numbers/[1-5][2-4][10-1][12-1][15-1].wasm,b8ec8cb1b8655b428d2fdb538dfc5844
all5/Pernicious_numbers/[1-5][2-4][10-1][15-1].wasm,b8ec8cb1b8655b428d2fdb538dfc5844
all5/Pernicious_numbers/[1-5][2-4][12-1].wasm,bf5f8441af3b375ce54b3b21cb1eb9c1
all5/Pernicious_numbers/[1-5][2-4][12-1][15-1].wasm,bf5f8441af3b375ce54b3b21cb1eb9c1
all5/Pernicious_numbers/[1-5][2-4][15-1].wasm,bf5f8441af3b375ce54b3b21cb1eb9c1
all5/Pernicious_numbers/[1-5][2-4][7-1].wasm,bf5f8441af3b375ce54b3b21cb1eb9c1
all5/Pernicious_numbers/[1-5][2-4][7-1][10-1].wasm,b8ec8cb1b8655b428d2fdb538dfc5844
all5/Pernicious_numbers/[1-5][2-4][7-1][10-1][12-1].wasm,b8ec8cb1b8655b428d2fdb538dfc5844
all5/Pernicious_numbers/[1-5][2-4][7-1][10-1][12-1][15-1].wasm,b8ec8cb1b8655b428d2fdb538dfc5844
all5/Pernicious_numbers/[1-5][2-4][7-1][10-1][15-1].wasm,b8ec8cb1b8655b428d2fdb538dfc5844
all5/Pernicious_numbers/[1-5][2-4][7-1][12-1].wasm,bf5f8441af3b375ce54b3b21cb1eb9c1
all5/Pernicious_numbers/[1-5][2-4][7-1][12-1][15-1].wasm,bf5f8441af3b375ce54b3b21cb1eb9c1
all5/Pernicious_numbers/[1-5][2-4][7-1][15-1].wasm,bf5f8441af3b375ce54b3b21cb1eb9c1
all5/Pernicious_numbers/[1-5][2-5].wasm,bf5f8441af3b375ce54b3b21cb1eb9c1
all5/Pernicious_numbers/[1-5][2-5][10-1].wasm,b8ec8cb1b8655b428d2fdb538dfc5844
all5/Pernicious_numbers/[1-5][2-5][10-1][12-1].wasm,b8ec8cb1b8655b428d2fdb538dfc5844
all5/Pernicious_numbers/[1-5][2-5][10-1][12-1][15-1].wasm,b8ec8cb1b8655b428d2fdb538dfc5844
all5/Pernicious_numbers/[1-5][2-5][10-1][15-1].wasm,b8ec8cb1b8655b428d2fdb538dfc5844
all5/Pernicious_numbers/[1-5][2-5][12-1].wasm,bf5f8441af3b375ce54b3b21cb1eb9c1
all5/Pernicious_numbers/[1-5][2-5][12-1][15-1].wasm,bf5f8441af3b375ce54b3b21cb1eb9c1
all5/Pernicious_numbers/[1-5][2-5][15-1].wasm,bf5f8441af3b375ce54b3b21cb1eb9c1
all5/Pernicious_numbers/[1-5][2-5][7-1].wasm,bf5f8441af3b375ce54b3b21cb1eb9c1
all5/Pernicious_numbers/[1-5][2-5][7-1][10-1].wasm,b8ec8cb1b8655b428d2fdb538dfc5844
all5/Pernicious_numbers/[1-5][2-5][7-1][10-1][12-1].wasm,b8ec8cb1b8655b428d2fdb538dfc5844
all5/Pernicious_numbers/[1-5][2-5][7-1][10-1][12-1][15-1].wasm,b8ec8cb1b8655b428d2fdb538dfc5844
all5/Pernicious_numbers/[1-5][2-5][7-1][10-1][15-1].wasm,b8ec8cb1b8655b428d2fdb538dfc5844
all5/Pernicious_numbers/[1-5][2-5][7-1][12-1].wasm,bf5f8441af3b375ce54b3b21cb1eb9c1
all5/Pernicious_numbers/[1-5][2-5][7-1][12-1][15-1].wasm,bf5f8441af3b375ce54b3b21cb1eb9c1
all5/Pernicious_numbers/[1-5][2-5][7-1][15-1].wasm,bf5f8441af3b375ce54b3b21cb1eb9c1
all5/Pernicious_numbers/[1-5][2-6].wasm,bf5f8441af3b375ce54b3b21cb1eb9c1
all5/Pernicious_numbers/[1-5][2-6][10-1].wasm,b8ec8cb1b8655b428d2fdb538dfc5844
all5/Pernicious_numbers/[1-5][2-6][10-1][12-1].wasm,b8ec8cb1b8655b428d2fdb538dfc5844
all5/Pernicious_numbers/[1-5][2-6][10-1][12-1][15-1].wasm,b8ec8cb1b8655b428d2fdb538dfc5844
all5/Pernicious_numbers/[1-5][2-6][10-1][15-1].wasm,b8ec8cb1b8655b428d2fdb538dfc5844
all5/Pernicious_numbers/[1-5][2-6][12-1].wasm,bf5f8441af3b375ce54b3b21cb1eb9c1
all5/Pernicious_numbers/[1-5][2-6][12-1][15-1].wasm,bf5f8441af3b375ce54b3b21cb1eb9c1
all5/Pernicious_numbers/[1-5][2-6][15-1].wasm,bf5f8441af3b375ce54b3b21cb1eb9c1
all5/Pernicious_numbers/[1-5][2-6][7-1].wasm,bf5f8441af3b375ce54b3b21cb1eb9c1
all5/Pernicious_numbers/[1-5][2-6][7-1][10-1].wasm,b8ec8cb1b8655b428d2fdb538dfc5844
all5/Pernicious_numbers/[1-5][2-6][7-1][10-1][12-1].wasm,b8ec8cb1b8655b428d2fdb538dfc5844
all5/Pernicious_numbers/[1-5][2-6][7-1][10-1][12-1][15-1].wasm,b8ec8cb1b8655b428d2fdb538dfc5844
all5/Pernicious_numbers/[1-5][2-6][7-1][10-1][15-1].wasm,b8ec8cb1b8655b428d2fdb538dfc5844
all5/Pernicious_numbers/[1-5][2-6][7-1][12-1].wasm,bf5f8441af3b375ce54b3b21cb1eb9c1
all5/Pernicious_numbers/[1-5][2-6][7-1][12-1][15-1].wasm,bf5f8441af3b375ce54b3b21cb1eb9c1
all5/Pernicious_numbers/[1-5][2-6][7-1][15-1].wasm,bf5f8441af3b375ce54b3b21cb1eb9c1
all5/Pernicious_numbers/[1-5][7-1].wasm,bf5f8441af3b375ce54b3b21cb1eb9c1
all5/Pernicious_numbers/[1-5][7-1][10-1].wasm,b8ec8cb1b8655b428d2fdb538dfc5844
all5/Pernicious_numbers/[1-5][7-1][10-1][12-1].wasm,b8ec8cb1b8655b428d2fdb538dfc5844
all5/Pernicious_numbers/[1-5][7-1][10-1][12-1][15-1].wasm,b8ec8cb1b8655b428d2fdb538dfc5844
all5/Pernicious_numbers/[1-5][7-1][10-1][15-1].wasm,b8ec8cb1b8655b428d2fdb538dfc5844
all5/Pernicious_numbers/[1-5][7-1][12-1].wasm,bf5f8441af3b375ce54b3b21cb1eb9c1
all5/Pernicious_numbers/[1-5][7-1][12-1][15-1].wasm,bf5f8441af3b375ce54b3b21cb1eb9c1
all5/Pernicious_numbers/[1-5][7-1][15-1].wasm,bf5f8441af3b375ce54b3b21cb1eb9c1
all5/Pernicious_numbers/[1-6].wasm,bf5f8441af3b375ce54b3b21cb1eb9c1
all5/Pernicious_numbers/[1-6][10-1].wasm,b8ec8cb1b8655b428d2fdb538dfc5844
all5/Pernicious_numbers/[1-6][10-1][12-1].wasm,b8ec8cb1b8655b428d2fdb538dfc5844
all5/Pernicious_numbers/[1-6][10-1][12-1][15-1].wasm,b8ec8cb1b8655b428d2fdb538dfc5844
all5/Pernicious_numbers/[1-6][10-1][15-1].wasm,b8ec8cb1b8655b428d2fdb538dfc5844
all5/Pernicious_numbers/[1-6][12-1].wasm,bf5f8441af3b375ce54b3b21cb1eb9c1
all5/Pernicious_numbers/[1-6][12-1][15-1].wasm,bf5f8441af3b375ce54b3b21cb1eb9c1
all5/Pernicious_numbers/[1-6][15-1].wasm,bf5f8441af3b375ce54b3b21cb1eb9c1
all5/Pernicious_numbers/[1-6][2-1].wasm,bf5f8441af3b375ce54b3b21cb1eb9c1
all5/Pernicious_numbers/[1-6][2-1][10-1].wasm,b8ec8cb1b8655b428d2fdb538dfc5844
all5/Pernicious_numbers/[1-6][2-1][10-1][12-1].wasm,b8ec8cb1b8655b428d2fdb538dfc5844
all5/Pernicious_numbers/[1-6][2-1][10-1][12-1][15-1].wasm,b8ec8cb1b8655b428d2fdb538dfc5844
all5/Pernicious_numbers/[1-6][2-1][10-1][15-1].wasm,b8ec8cb1b8655b428d2fdb538dfc5844
all5/Pernicious_numbers/[1-6][2-1][12-1].wasm,bf5f8441af3b375ce54b3b21cb1eb9c1
all5/Pernicious_numbers/[1-6][2-1][12-1][15-1].wasm,bf5f8441af3b375ce54b3b21cb1eb9c1
all5/Pernicious_numbers/[1-6][2-1][15-1].wasm,bf5f8441af3b375ce54b3b21cb1eb9c1
all5/Pernicious_numbers/[1-6][2-1][7-1].wasm,bf5f8441af3b375ce54b3b21cb1eb9c1
all5/Pernicious_numbers/[1-6][2-1][7-1][10-1].wasm,b8ec8cb1b8655b428d2fdb538dfc5844
all5/Pernicious_numbers/[1-6][2-1][7-1][10-1][12-1].wasm,b8ec8cb1b8655b428d2fdb538dfc5844
all5/Pernicious_numbers/[1-6][2-1][7-1][10-1][12-1][15-1].wasm,b8ec8cb1b8655b428d2fdb538dfc5844
all5/Pernicious_numbers/[1-6][2-1][7-1][10-1][15-1].wasm,b8ec8cb1b8655b428d2fdb538dfc5844
all5/Pernicious_numbers/[1-6][2-1][7-1][12-1].wasm,bf5f8441af3b375ce54b3b21cb1eb9c1
all5/Pernicious_numbers/[1-6][2-1][7-1][12-1][15-1].wasm,bf5f8441af3b375ce54b3b21cb1eb9c1
all5/Pernicious_numbers/[1-6][2-1][7-1][15-1].wasm,bf5f8441af3b375ce54b3b21cb1eb9c1
all5/Pernicious_numbers/[1-6][2-2].wasm,bf5f8441af3b375ce54b3b21cb1eb9c1
all5/Pernicious_numbers/[1-6][2-2][10-1].wasm,b8ec8cb1b8655b428d2fdb538dfc5844
all5/Pernicious_numbers/[1-6][2-2][10-1][12-1].wasm,b8ec8cb1b8655b428d2fdb538dfc5844
all5/Pernicious_numbers/[1-6][2-2][10-1][12-1][15-1].wasm,b8ec8cb1b8655b428d2fdb538dfc5844
all5/Pernicious_numbers/[1-6][2-2][10-1][15-1].wasm,b8ec8cb1b8655b428d2fdb538dfc5844
all5/Pernicious_numbers/[1-6][2-2][12-1].wasm,bf5f8441af3b375ce54b3b21cb1eb9c1
all5/Pernicious_numbers/[1-6][2-2][12-1][15-1].wasm,bf5f8441af3b375ce54b3b21cb1eb9c1
all5/Pernicious_numbers/[1-6][2-2][15-1].wasm,bf5f8441af3b375ce54b3b21cb1eb9c1
all5/Pernicious_numbers/[1-6][2-2][7-1].wasm,bf5f8441af3b375ce54b3b21cb1eb9c1
all5/Pernicious_numbers/[1-6][2-2][7-1][10-1].wasm,b8ec8cb1b8655b428d2fdb538dfc5844
all5/Pernicious_numbers/[1-6][2-2][7-1][10-1][12-1].wasm,b8ec8cb1b8655b428d2fdb538dfc5844
all5/Pernicious_numbers/[1-6][2-2][7-1][10-1][12-1][15-1].wasm,b8ec8cb1b8655b428d2fdb538dfc5844
all5/Pernicious_numbers/[1-6][2-2][7-1][10-1][15-1].wasm,b8ec8cb1b8655b428d2fdb538dfc5844
all5/Pernicious_numbers/[1-6][2-2][7-1][12-1].wasm,bf5f8441af3b375ce54b3b21cb1eb9c1
all5/Pernicious_numbers/[1-6][2-2][7-1][12-1][15-1].wasm,bf5f8441af3b375ce54b3b21cb1eb9c1
all5/Pernicious_numbers/[1-6][2-2][7-1][15-1].wasm,bf5f8441af3b375ce54b3b21cb1eb9c1
all5/Pernicious_numbers/[1-6][2-3].wasm,bf5f8441af3b375ce54b3b21cb1eb9c1
all5/Pernicious_numbers/[1-6][2-3][10-1].wasm,b8ec8cb1b8655b428d2fdb538dfc5844
all5/Pernicious_numbers/[1-6][2-3][10-1][12-1].wasm,b8ec8cb1b8655b428d2fdb538dfc5844
all5/Pernicious_numbers/[1-6][2-3][10-1][12-1][15-1].wasm,b8ec8cb1b8655b428d2fdb538dfc5844
all5/Pernicious_numbers/[1-6][2-3][10-1][15-1].wasm,b8ec8cb1b8655b428d2fdb538dfc5844
all5/Pernicious_numbers/[1-6][2-3][12-1].wasm,bf5f8441af3b375ce54b3b21cb1eb9c1
all5/Pernicious_numbers/[1-6][2-3][12-1][15-1].wasm,bf5f8441af3b375ce54b3b21cb1eb9c1
all5/Pernicious_numbers/[1-6][2-3][15-1].wasm,bf5f8441af3b375ce54b3b21cb1eb9c1
all5/Pernicious_numbers/[1-6][2-3][7-1].wasm,bf5f8441af3b375ce54b3b21cb1eb9c1
all5/Pernicious_numbers/[1-6][2-3][7-1][10-1].wasm,b8ec8cb1b8655b428d2fdb538dfc5844
all5/Pernicious_numbers/[1-6][2-3][7-1][10-1][12-1].wasm,b8ec8cb1b8655b428d2fdb538dfc5844
all5/Pernicious_numbers/[1-6][2-3][7-1][10-1][12-1][15-1].wasm,b8ec8cb1b8655b428d2fdb538dfc5844
all5/Pernicious_numbers/[1-6][2-3][7-1][10-1][15-1].wasm,b8ec8cb1b8655b428d2fdb538dfc5844
all5/Pernicious_numbers/[1-6][2-3][7-1][12-1].wasm,bf5f8441af3b375ce54b3b21cb1eb9c1
all5/Pernicious_numbers/[1-6][2-3][7-1][12-1][15-1].wasm,bf5f8441af3b375ce54b3b21cb1eb9c1
all5/Pernicious_numbers/[1-6][2-3][7-1][15-1].wasm,bf5f8441af3b375ce54b3b21cb1eb9c1
all5/Pernicious_numbers/[1-6][2-4].wasm,bf5f8441af3b375ce54b3b21cb1eb9c1
all5/Pernicious_numbers/[1-6][2-4][10-1].wasm,b8ec8cb1b8655b428d2fdb538dfc5844
all5/Pernicious_numbers/[1-6][2-4][10-1][12-1].wasm,b8ec8cb1b8655b428d2fdb538dfc5844
all5/Pernicious_numbers/[1-6][2-4][10-1][12-1][15-1].wasm,b8ec8cb1b8655b428d2fdb538dfc5844
all5/Pernicious_numbers/[1-6][2-4][10-1][15-1].wasm,b8ec8cb1b8655b428d2fdb538dfc5844
all5/Pernicious_numbers/[1-6][2-4][12-1].wasm,bf5f8441af3b375ce54b3b21cb1eb9c1
all5/Pernicious_numbers/[1-6][2-4][12-1][15-1].wasm,bf5f8441af3b375ce54b3b21cb1eb9c1
all5/Pernicious_numbers/[1-6][2-4][15-1].wasm,bf5f8441af3b375ce54b3b21cb1eb9c1
all5/Pernicious_numbers/[1-6][2-4][7-1].wasm,bf5f8441af3b375ce54b3b21cb1eb9c1
all5/Pernicious_numbers/[1-6][2-4][7-1][10-1].wasm,b8ec8cb1b8655b428d2fdb538dfc5844
all5/Pernicious_numbers/[1-6][2-4][7-1][10-1][12-1].wasm,b8ec8cb1b8655b428d2fdb538dfc5844
all5/Pernicious_numbers/[1-6][2-4][7-1][10-1][12-1][15-1].wasm,b8ec8cb1b8655b428d2fdb538dfc5844
all5/Pernicious_numbers/[1-6][2-4][7-1][10-1][15-1].wasm,b8ec8cb1b8655b428d2fdb538dfc5844
all5/Pernicious_numbers/[1-6][2-4][7-1][12-1].wasm,bf5f8441af3b375ce54b3b21cb1eb9c1
all5/Pernicious_numbers/[1-6][2-4][7-1][12-1][15-1].wasm,bf5f8441af3b375ce54b3b21cb1eb9c1
all5/Pernicious_numbers/[1-6][2-4][7-1][15-1].wasm,bf5f8441af3b375ce54b3b21cb1eb9c1
all5/Pernicious_numbers/[1-6][2-5].wasm,bf5f8441af3b375ce54b3b21cb1eb9c1
all5/Pernicious_numbers/[1-6][2-5][10-1].wasm,b8ec8cb1b8655b428d2fdb538dfc5844
all5/Pernicious_numbers/[1-6][2-5][10-1][12-1].wasm,b8ec8cb1b8655b428d2fdb538dfc5844
all5/Pernicious_numbers/[1-6][2-5][10-1][12-1][15-1].wasm,b8ec8cb1b8655b428d2fdb538dfc5844
all5/Pernicious_numbers/[1-6][2-5][10-1][15-1].wasm,b8ec8cb1b8655b428d2fdb538dfc5844
all5/Pernicious_numbers/[1-6][2-5][12-1].wasm,bf5f8441af3b375ce54b3b21cb1eb9c1
all5/Pernicious_numbers/[1-6][2-5][12-1][15-1].wasm,bf5f8441af3b375ce54b3b21cb1eb9c1
all5/Pernicious_numbers/[1-6][2-5][15-1].wasm,bf5f8441af3b375ce54b3b21cb1eb9c1
all5/Pernicious_numbers/[1-6][2-5][7-1].wasm,bf5f8441af3b375ce54b3b21cb1eb9c1
all5/Pernicious_numbers/[1-6][2-5][7-1][10-1].wasm,b8ec8cb1b8655b428d2fdb538dfc5844
all5/Pernicious_numbers/[1-6][2-5][7-1][10-1][12-1].wasm,b8ec8cb1b8655b428d2fdb538dfc5844
all5/Pernicious_numbers/[1-6][2-5][7-1][10-1][12-1][15-1].wasm,b8ec8cb1b8655b428d2fdb538dfc5844
all5/Pernicious_numbers/[1-6][2-5][7-1][10-1][15-1].wasm,b8ec8cb1b8655b428d2fdb538dfc5844
all5/Pernicious_numbers/[1-6][2-5][7-1][12-1].wasm,bf5f8441af3b375ce54b3b21cb1eb9c1
all5/Pernicious_numbers/[1-6][2-5][7-1][12-1][15-1].wasm,bf5f8441af3b375ce54b3b21cb1eb9c1
all5/Pernicious_numbers/[1-6][2-5][7-1][15-1].wasm,bf5f8441af3b375ce54b3b21cb1eb9c1
all5/Pernicious_numbers/[1-6][2-6].wasm,bf5f8441af3b375ce54b3b21cb1eb9c1
all5/Pernicious_numbers/[1-6][2-6][10-1].wasm,b8ec8cb1b8655b428d2fdb538dfc5844
all5/Pernicious_numbers/[1-6][2-6][10-1][12-1].wasm,b8ec8cb1b8655b428d2fdb538dfc5844
all5/Pernicious_numbers/[1-6][2-6][10-1][12-1][15-1].wasm,b8ec8cb1b8655b428d2fdb538dfc5844
all5/Pernicious_numbers/[1-6][2-6][10-1][15-1].wasm,b8ec8cb1b8655b428d2fdb538dfc5844
all5/Pernicious_numbers/[1-6][2-6][12-1].wasm,bf5f8441af3b375ce54b3b21cb1eb9c1
all5/Pernicious_numbers/[1-6][2-6][12-1][15-1].wasm,bf5f8441af3b375ce54b3b21cb1eb9c1
all5/Pernicious_numbers/[1-6][2-6][15-1].wasm,bf5f8441af3b375ce54b3b21cb1eb9c1
all5/Pernicious_numbers/[1-6][2-6][7-1].wasm,bf5f8441af3b375ce54b3b21cb1eb9c1
all5/Pernicious_numbers/[1-6][2-6][7-1][10-1].wasm,b8ec8cb1b8655b428d2fdb538dfc5844
all5/Pernicious_numbers/[1-6][2-6][7-1][10-1][12-1].wasm,b8ec8cb1b8655b428d2fdb538dfc5844
all5/Pernicious_numbers/[1-6][2-6][7-1][10-1][12-1][15-1].wasm,b8ec8cb1b8655b428d2fdb538dfc5844
all5/Pernicious_numbers/[1-6][2-6][7-1][10-1][15-1].wasm,b8ec8cb1b8655b428d2fdb538dfc5844
all5/Pernicious_numbers/[1-6][2-6][7-1][12-1].wasm,bf5f8441af3b375ce54b3b21cb1eb9c1
all5/Pernicious_numbers/[1-6][2-6][7-1][12-1][15-1].wasm,bf5f8441af3b375ce54b3b21cb1eb9c1
all5/Pernicious_numbers/[1-6][2-6][7-1][15-1].wasm,bf5f8441af3b375ce54b3b21cb1eb9c1
all5/Pernicious_numbers/[1-6][7-1].wasm,bf5f8441af3b375ce54b3b21cb1eb9c1
all5/Pernicious_numbers/[1-6][7-1][10-1].wasm,b8ec8cb1b8655b428d2fdb538dfc5844
all5/Pernicious_numbers/[1-6][7-1][10-1][12-1].wasm,b8ec8cb1b8655b428d2fdb538dfc5844
all5/Pernicious_numbers/[1-6][7-1][10-1][12-1][15-1].wasm,b8ec8cb1b8655b428d2fdb538dfc5844
all5/Pernicious_numbers/[1-6][7-1][10-1][15-1].wasm,b8ec8cb1b8655b428d2fdb538dfc5844
all5/Pernicious_numbers/[1-6][7-1][12-1].wasm,bf5f8441af3b375ce54b3b21cb1eb9c1
all5/Pernicious_numbers/[1-6][7-1][12-1][15-1].wasm,bf5f8441af3b375ce54b3b21cb1eb9c1
all5/Pernicious_numbers/[1-6][7-1][15-1].wasm,bf5f8441af3b375ce54b3b21cb1eb9c1
all5/Pernicious_numbers/[1-7].wasm,bf5f8441af3b375ce54b3b21cb1eb9c1
all5/Pernicious_numbers/[1-7][10-1].wasm,b8ec8cb1b8655b428d2fdb538dfc5844
all5/Pernicious_numbers/[1-7][10-1][12-1].wasm,b8ec8cb1b8655b428d2fdb538dfc5844
all5/Pernicious_numbers/[1-7][10-1][12-1][15-1].wasm,b8ec8cb1b8655b428d2fdb538dfc5844
all5/Pernicious_numbers/[1-7][10-1][15-1].wasm,b8ec8cb1b8655b428d2fdb538dfc5844
all5/Pernicious_numbers/[1-7][12-1].wasm,bf5f8441af3b375ce54b3b21cb1eb9c1
all5/Pernicious_numbers/[1-7][12-1][15-1].wasm,bf5f8441af3b375ce54b3b21cb1eb9c1
all5/Pernicious_numbers/[1-7][15-1].wasm,bf5f8441af3b375ce54b3b21cb1eb9c1
all5/Pernicious_numbers/[1-7][2-1].wasm,bf5f8441af3b375ce54b3b21cb1eb9c1
all5/Pernicious_numbers/[1-7][2-1][10-1].wasm,b8ec8cb1b8655b428d2fdb538dfc5844
all5/Pernicious_numbers/[1-7][2-1][10-1][12-1].wasm,b8ec8cb1b8655b428d2fdb538dfc5844
all5/Pernicious_numbers/[1-7][2-1][10-1][12-1][15-1].wasm,b8ec8cb1b8655b428d2fdb538dfc5844
all5/Pernicious_numbers/[1-7][2-1][10-1][15-1].wasm,b8ec8cb1b8655b428d2fdb538dfc5844
all5/Pernicious_numbers/[1-7][2-1][12-1].wasm,bf5f8441af3b375ce54b3b21cb1eb9c1
all5/Pernicious_numbers/[1-7][2-1][12-1][15-1].wasm,bf5f8441af3b375ce54b3b21cb1eb9c1
all5/Pernicious_numbers/[1-7][2-1][15-1].wasm,bf5f8441af3b375ce54b3b21cb1eb9c1
all5/Pernicious_numbers/[1-7][2-1][7-1].wasm,bf5f8441af3b375ce54b3b21cb1eb9c1
all5/Pernicious_numbers/[1-7][2-1][7-1][10-1].wasm,b8ec8cb1b8655b428d2fdb538dfc5844
all5/Pernicious_numbers/[1-7][2-1][7-1][10-1][12-1].wasm,b8ec8cb1b8655b428d2fdb538dfc5844
all5/Pernicious_numbers/[1-7][2-1][7-1][10-1][12-1][15-1].wasm,b8ec8cb1b8655b428d2fdb538dfc5844
all5/Pernicious_numbers/[1-7][2-1][7-1][10-1][15-1].wasm,b8ec8cb1b8655b428d2fdb538dfc5844
all5/Pernicious_numbers/[1-7][2-1][7-1][12-1].wasm,bf5f8441af3b375ce54b3b21cb1eb9c1
all5/Pernicious_numbers/[1-7][2-1][7-1][12-1][15-1].wasm,bf5f8441af3b375ce54b3b21cb1eb9c1
all5/Pernicious_numbers/[1-7][2-1][7-1][15-1].wasm,bf5f8441af3b375ce54b3b21cb1eb9c1
all5/Pernicious_numbers/[1-7][2-2].wasm,bf5f8441af3b375ce54b3b21cb1eb9c1
all5/Pernicious_numbers/[1-7][2-2][10-1].wasm,b8ec8cb1b8655b428d2fdb538dfc5844
all5/Pernicious_numbers/[1-7][2-2][10-1][12-1].wasm,b8ec8cb1b8655b428d2fdb538dfc5844
all5/Pernicious_numbers/[1-7][2-2][10-1][12-1][15-1].wasm,b8ec8cb1b8655b428d2fdb538dfc5844
all5/Pernicious_numbers/[1-7][2-2][10-1][15-1].wasm,b8ec8cb1b8655b428d2fdb538dfc5844
all5/Pernicious_numbers/[1-7][2-2][12-1].wasm,bf5f8441af3b375ce54b3b21cb1eb9c1
all5/Pernicious_numbers/[1-7][2-2][12-1][15-1].wasm,bf5f8441af3b375ce54b3b21cb1eb9c1
all5/Pernicious_numbers/[1-7][2-2][15-1].wasm,bf5f8441af3b375ce54b3b21cb1eb9c1
all5/Pernicious_numbers/[1-7][2-2][7-1].wasm,bf5f8441af3b375ce54b3b21cb1eb9c1
all5/Pernicious_numbers/[1-7][2-2][7-1][10-1].wasm,b8ec8cb1b8655b428d2fdb538dfc5844
all5/Pernicious_numbers/[1-7][2-2][7-1][10-1][12-1].wasm,b8ec8cb1b8655b428d2fdb538dfc5844
all5/Pernicious_numbers/[1-7][2-2][7-1][10-1][12-1][15-1].wasm,b8ec8cb1b8655b428d2fdb538dfc5844
all5/Pernicious_numbers/[1-7][2-2][7-1][10-1][15-1].wasm,b8ec8cb1b8655b428d2fdb538dfc5844
all5/Pernicious_numbers/[1-7][2-2][7-1][12-1].wasm,bf5f8441af3b375ce54b3b21cb1eb9c1
all5/Pernicious_numbers/[1-7][2-2][7-1][12-1][15-1].wasm,bf5f8441af3b375ce54b3b21cb1eb9c1
all5/Pernicious_numbers/[1-7][2-2][7-1][15-1].wasm,bf5f8441af3b375ce54b3b21cb1eb9c1
all5/Pernicious_numbers/[1-7][2-3].wasm,bf5f8441af3b375ce54b3b21cb1eb9c1
all5/Pernicious_numbers/[1-7][2-3][10-1].wasm,b8ec8cb1b8655b428d2fdb538dfc5844
all5/Pernicious_numbers/[1-7][2-3][10-1][12-1].wasm,b8ec8cb1b8655b428d2fdb538dfc5844
all5/Pernicious_numbers/[1-7][2-3][10-1][12-1][15-1].wasm,b8ec8cb1b8655b428d2fdb538dfc5844
all5/Pernicious_numbers/[1-7][2-3][10-1][15-1].wasm,b8ec8cb1b8655b428d2fdb538dfc5844
all5/Pernicious_numbers/[1-7][2-3][12-1].wasm,bf5f8441af3b375ce54b3b21cb1eb9c1
all5/Pernicious_numbers/[1-7][2-3][12-1][15-1].wasm,bf5f8441af3b375ce54b3b21cb1eb9c1
all5/Pernicious_numbers/[1-7][2-3][15-1].wasm,bf5f8441af3b375ce54b3b21cb1eb9c1
all5/Pernicious_numbers/[1-7][2-3][7-1].wasm,bf5f8441af3b375ce54b3b21cb1eb9c1
all5/Pernicious_numbers/[1-7][2-3][7-1][10-1].wasm,b8ec8cb1b8655b428d2fdb538dfc5844
all5/Pernicious_numbers/[1-7][2-3][7-1][10-1][12-1].wasm,b8ec8cb1b8655b428d2fdb538dfc5844
all5/Pernicious_numbers/[1-7][2-3][7-1][10-1][12-1][15-1].wasm,b8ec8cb1b8655b428d2fdb538dfc5844
all5/Pernicious_numbers/[1-7][2-3][7-1][10-1][15-1].wasm,b8ec8cb1b8655b428d2fdb538dfc5844
all5/Pernicious_numbers/[1-7][2-3][7-1][12-1].wasm,bf5f8441af3b375ce54b3b21cb1eb9c1
all5/Pernicious_numbers/[1-7][2-3][7-1][12-1][15-1].wasm,bf5f8441af3b375ce54b3b21cb1eb9c1
all5/Pernicious_numbers/[1-7][2-3][7-1][15-1].wasm,bf5f8441af3b375ce54b3b21cb1eb9c1
all5/Pernicious_numbers/[1-7][2-4].wasm,bf5f8441af3b375ce54b3b21cb1eb9c1
all5/Pernicious_numbers/[1-7][2-4][10-1].wasm,b8ec8cb1b8655b428d2fdb538dfc5844
all5/Pernicious_numbers/[1-7][2-4][10-1][12-1].wasm,b8ec8cb1b8655b428d2fdb538dfc5844
all5/Pernicious_numbers/[1-7][2-4][10-1][12-1][15-1].wasm,b8ec8cb1b8655b428d2fdb538dfc5844
all5/Pernicious_numbers/[1-7][2-4][10-1][15-1].wasm,b8ec8cb1b8655b428d2fdb538dfc5844
all5/Pernicious_numbers/[1-7][2-4][12-1].wasm,bf5f8441af3b375ce54b3b21cb1eb9c1
all5/Pernicious_numbers/[1-7][2-4][12-1][15-1].wasm,bf5f8441af3b375ce54b3b21cb1eb9c1
all5/Pernicious_numbers/[1-7][2-4][15-1].wasm,bf5f8441af3b375ce54b3b21cb1eb9c1
all5/Pernicious_numbers/[1-7][2-4][7-1].wasm,bf5f8441af3b375ce54b3b21cb1eb9c1
all5/Pernicious_numbers/[1-7][2-4][7-1][10-1].wasm,b8ec8cb1b8655b428d2fdb538dfc5844
all5/Pernicious_numbers/[1-7][2-4][7-1][10-1][12-1].wasm,b8ec8cb1b8655b428d2fdb538dfc5844
all5/Pernicious_numbers/[1-7][2-4][7-1][10-1][12-1][15-1].wasm,b8ec8cb1b8655b428d2fdb538dfc5844
all5/Pernicious_numbers/[1-7][2-4][7-1][10-1][15-1].wasm,b8ec8cb1b8655b428d2fdb538dfc5844
all5/Pernicious_numbers/[1-7][2-4][7-1][12-1].wasm,bf5f8441af3b375ce54b3b21cb1eb9c1
all5/Pernicious_numbers/[1-7][2-4][7-1][12-1][15-1].wasm,bf5f8441af3b375ce54b3b21cb1eb9c1
all5/Pernicious_numbers/[1-7][2-4][7-1][15-1].wasm,bf5f8441af3b375ce54b3b21cb1eb9c1
all5/Pernicious_numbers/[1-7][2-5].wasm,bf5f8441af3b375ce54b3b21cb1eb9c1
all5/Pernicious_numbers/[1-7][2-5][10-1].wasm,b8ec8cb1b8655b428d2fdb538dfc5844
all5/Pernicious_numbers/[1-7][2-5][10-1][12-1].wasm,b8ec8cb1b8655b428d2fdb538dfc5844
all5/Pernicious_numbers/[1-7][2-5][10-1][12-1][15-1].wasm,b8ec8cb1b8655b428d2fdb538dfc5844
all5/Pernicious_numbers/[1-7][2-5][10-1][15-1].wasm,b8ec8cb1b8655b428d2fdb538dfc5844
all5/Pernicious_numbers/[1-7][2-5][12-1].wasm,bf5f8441af3b375ce54b3b21cb1eb9c1
all5/Pernicious_numbers/[1-7][2-5][12-1][15-1].wasm,bf5f8441af3b375ce54b3b21cb1eb9c1
all5/Pernicious_numbers/[1-7][2-5][15-1].wasm,bf5f8441af3b375ce54b3b21cb1eb9c1
all5/Pernicious_numbers/[1-7][2-5][7-1].wasm,bf5f8441af3b375ce54b3b21cb1eb9c1
all5/Pernicious_numbers/[1-7][2-5][7-1][10-1].wasm,b8ec8cb1b8655b428d2fdb538dfc5844
all5/Pernicious_numbers/[1-7][2-5][7-1][10-1][12-1].wasm,b8ec8cb1b8655b428d2fdb538dfc5844
all5/Pernicious_numbers/[1-7][2-5][7-1][10-1][12-1][15-1].wasm,b8ec8cb1b8655b428d2fdb538dfc5844
all5/Pernicious_numbers/[1-7][2-5][7-1][10-1][15-1].wasm,b8ec8cb1b8655b428d2fdb538dfc5844
all5/Pernicious_numbers/[1-7][2-5][7-1][12-1].wasm,bf5f8441af3b375ce54b3b21cb1eb9c1
all5/Pernicious_numbers/[1-7][2-5][7-1][12-1][15-1].wasm,bf5f8441af3b375ce54b3b21cb1eb9c1
all5/Pernicious_numbers/[1-7][2-5][7-1][15-1].wasm,bf5f8441af3b375ce54b3b21cb1eb9c1
all5/Pernicious_numbers/[1-7][2-6].wasm,bf5f8441af3b375ce54b3b21cb1eb9c1
all5/Pernicious_numbers/[1-7][2-6][10-1].wasm,b8ec8cb1b8655b428d2fdb538dfc5844
all5/Pernicious_numbers/[1-7][2-6][10-1][12-1].wasm,b8ec8cb1b8655b428d2fdb538dfc5844
all5/Pernicious_numbers/[1-7][2-6][10-1][12-1][15-1].wasm,b8ec8cb1b8655b428d2fdb538dfc5844
all5/Pernicious_numbers/[1-7][2-6][10-1][15-1].wasm,b8ec8cb1b8655b428d2fdb538dfc5844
all5/Pernicious_numbers/[1-7][2-6][12-1].wasm,bf5f8441af3b375ce54b3b21cb1eb9c1
all5/Pernicious_numbers/[1-7][2-6][12-1][15-1].wasm,bf5f8441af3b375ce54b3b21cb1eb9c1
all5/Pernicious_numbers/[1-7][2-6][15-1].wasm,bf5f8441af3b375ce54b3b21cb1eb9c1
all5/Pernicious_numbers/[1-7][2-6][7-1].wasm,bf5f8441af3b375ce54b3b21cb1eb9c1
all5/Pernicious_numbers/[1-7][2-6][7-1][10-1].wasm,b8ec8cb1b8655b428d2fdb538dfc5844
all5/Pernicious_numbers/[1-7][2-6][7-1][10-1][12-1].wasm,b8ec8cb1b8655b428d2fdb538dfc5844
all5/Pernicious_numbers/[1-7][2-6][7-1][10-1][12-1][15-1].wasm,b8ec8cb1b8655b428d2fdb538dfc5844
all5/Pernicious_numbers/[1-7][2-6][7-1][10-1][15-1].wasm,b8ec8cb1b8655b428d2fdb538dfc5844
all5/Pernicious_numbers/[1-7][2-6][7-1][12-1].wasm,bf5f8441af3b375ce54b3b21cb1eb9c1
all5/Pernicious_numbers/[1-7][2-6][7-1][12-1][15-1].wasm,bf5f8441af3b375ce54b3b21cb1eb9c1
all5/Pernicious_numbers/[1-7][2-6][7-1][15-1].wasm,bf5f8441af3b375ce54b3b21cb1eb9c1
all5/Pernicious_numbers/[1-7][7-1].wasm,bf5f8441af3b375ce54b3b21cb1eb9c1
all5/Pernicious_numbers/[1-7][7-1][10-1].wasm,b8ec8cb1b8655b428d2fdb538dfc5844
all5/Pernicious_numbers/[1-7][7-1][10-1][12-1].wasm,b8ec8cb1b8655b428d2fdb538dfc5844
all5/Pernicious_numbers/[1-7][7-1][10-1][12-1][15-1].wasm,b8ec8cb1b8655b428d2fdb538dfc5844
all5/Pernicious_numbers/[1-7][7-1][10-1][15-1].wasm,b8ec8cb1b8655b428d2fdb538dfc5844
all5/Pernicious_numbers/[1-7][7-1][12-1].wasm,bf5f8441af3b375ce54b3b21cb1eb9c1
all5/Pernicious_numbers/[1-7][7-1][12-1][15-1].wasm,bf5f8441af3b375ce54b3b21cb1eb9c1
all5/Pernicious_numbers/[1-7][7-1][15-1].wasm,bf5f8441af3b375ce54b3b21cb1eb9c1
all5/Pernicious_numbers/[1-8].wasm,bf5f8441af3b375ce54b3b21cb1eb9c1
all5/Pernicious_numbers/[1-8][10-1].wasm,b8ec8cb1b8655b428d2fdb538dfc5844
all5/Pernicious_numbers/[1-8][10-1][12-1].wasm,b8ec8cb1b8655b428d2fdb538dfc5844
all5/Pernicious_numbers/[1-8][10-1][12-1][15-1].wasm,b8ec8cb1b8655b428d2fdb538dfc5844
all5/Pernicious_numbers/[1-8][10-1][15-1].wasm,b8ec8cb1b8655b428d2fdb538dfc5844
all5/Pernicious_numbers/[1-8][12-1].wasm,bf5f8441af3b375ce54b3b21cb1eb9c1
all5/Pernicious_numbers/[1-8][12-1][15-1].wasm,bf5f8441af3b375ce54b3b21cb1eb9c1
all5/Pernicious_numbers/[1-8][15-1].wasm,bf5f8441af3b375ce54b3b21cb1eb9c1
all5/Pernicious_numbers/[1-8][2-1].wasm,bf5f8441af3b375ce54b3b21cb1eb9c1
all5/Pernicious_numbers/[1-8][2-1][10-1].wasm,b8ec8cb1b8655b428d2fdb538dfc5844
all5/Pernicious_numbers/[1-8][2-1][10-1][12-1].wasm,b8ec8cb1b8655b428d2fdb538dfc5844
all5/Pernicious_numbers/[1-8][2-1][10-1][12-1][15-1].wasm,b8ec8cb1b8655b428d2fdb538dfc5844
all5/Pernicious_numbers/[1-8][2-1][10-1][15-1].wasm,b8ec8cb1b8655b428d2fdb538dfc5844
all5/Pernicious_numbers/[1-8][2-1][12-1].wasm,bf5f8441af3b375ce54b3b21cb1eb9c1
all5/Pernicious_numbers/[1-8][2-1][12-1][15-1].wasm,bf5f8441af3b375ce54b3b21cb1eb9c1
all5/Pernicious_numbers/[1-8][2-1][15-1].wasm,bf5f8441af3b375ce54b3b21cb1eb9c1
all5/Pernicious_numbers/[1-8][2-1][7-1].wasm,bf5f8441af3b375ce54b3b21cb1eb9c1
all5/Pernicious_numbers/[1-8][2-1][7-1][10-1].wasm,b8ec8cb1b8655b428d2fdb538dfc5844
all5/Pernicious_numbers/[1-8][2-1][7-1][10-1][12-1].wasm,b8ec8cb1b8655b428d2fdb538dfc5844
all5/Pernicious_numbers/[1-8][2-1][7-1][10-1][12-1][15-1].wasm,b8ec8cb1b8655b428d2fdb538dfc5844
all5/Pernicious_numbers/[1-8][2-1][7-1][10-1][15-1].wasm,b8ec8cb1b8655b428d2fdb538dfc5844
all5/Pernicious_numbers/[1-8][2-1][7-1][12-1].wasm,bf5f8441af3b375ce54b3b21cb1eb9c1
all5/Pernicious_numbers/[1-8][2-1][7-1][12-1][15-1].wasm,bf5f8441af3b375ce54b3b21cb1eb9c1
all5/Pernicious_numbers/[1-8][2-1][7-1][15-1].wasm,bf5f8441af3b375ce54b3b21cb1eb9c1
all5/Pernicious_numbers/[1-8][2-2].wasm,bf5f8441af3b375ce54b3b21cb1eb9c1
all5/Pernicious_numbers/[1-8][2-2][10-1].wasm,b8ec8cb1b8655b428d2fdb538dfc5844
all5/Pernicious_numbers/[1-8][2-2][10-1][12-1].wasm,b8ec8cb1b8655b428d2fdb538dfc5844
all5/Pernicious_numbers/[1-8][2-2][10-1][12-1][15-1].wasm,b8ec8cb1b8655b428d2fdb538dfc5844
all5/Pernicious_numbers/[1-8][2-2][10-1][15-1].wasm,b8ec8cb1b8655b428d2fdb538dfc5844
all5/Pernicious_numbers/[1-8][2-2][12-1].wasm,bf5f8441af3b375ce54b3b21cb1eb9c1
all5/Pernicious_numbers/[1-8][2-2][12-1][15-1].wasm,bf5f8441af3b375ce54b3b21cb1eb9c1
all5/Pernicious_numbers/[1-8][2-2][15-1].wasm,bf5f8441af3b375ce54b3b21cb1eb9c1
all5/Pernicious_numbers/[1-8][2-2][7-1].wasm,bf5f8441af3b375ce54b3b21cb1eb9c1
all5/Pernicious_numbers/[1-8][2-2][7-1][10-1].wasm,b8ec8cb1b8655b428d2fdb538dfc5844
all5/Pernicious_numbers/[1-8][2-2][7-1][10-1][12-1].wasm,b8ec8cb1b8655b428d2fdb538dfc5844
all5/Pernicious_numbers/[1-8][2-2][7-1][10-1][12-1][15-1].wasm,b8ec8cb1b8655b428d2fdb538dfc5844
all5/Pernicious_numbers/[1-8][2-2][7-1][10-1][15-1].wasm,b8ec8cb1b8655b428d2fdb538dfc5844
all5/Pernicious_numbers/[1-8][2-2][7-1][12-1].wasm,bf5f8441af3b375ce54b3b21cb1eb9c1
all5/Pernicious_numbers/[1-8][2-2][7-1][12-1][15-1].wasm,bf5f8441af3b375ce54b3b21cb1eb9c1
all5/Pernicious_numbers/[1-8][2-2][7-1][15-1].wasm,bf5f8441af3b375ce54b3b21cb1eb9c1
all5/Pernicious_numbers/[1-8][2-3].wasm,bf5f8441af3b375ce54b3b21cb1eb9c1
all5/Pernicious_numbers/[1-8][2-3][10-1].wasm,b8ec8cb1b8655b428d2fdb538dfc5844
all5/Pernicious_numbers/[1-8][2-3][10-1][12-1].wasm,b8ec8cb1b8655b428d2fdb538dfc5844
all5/Pernicious_numbers/[1-8][2-3][10-1][12-1][15-1].wasm,b8ec8cb1b8655b428d2fdb538dfc5844
all5/Pernicious_numbers/[1-8][2-3][10-1][15-1].wasm,b8ec8cb1b8655b428d2fdb538dfc5844
all5/Pernicious_numbers/[1-8][2-3][12-1].wasm,bf5f8441af3b375ce54b3b21cb1eb9c1
all5/Pernicious_numbers/[1-8][2-3][12-1][15-1].wasm,bf5f8441af3b375ce54b3b21cb1eb9c1
all5/Pernicious_numbers/[1-8][2-3][15-1].wasm,bf5f8441af3b375ce54b3b21cb1eb9c1
all5/Pernicious_numbers/[1-8][2-3][7-1].wasm,bf5f8441af3b375ce54b3b21cb1eb9c1
all5/Pernicious_numbers/[1-8][2-3][7-1][10-1].wasm,b8ec8cb1b8655b428d2fdb538dfc5844
all5/Pernicious_numbers/[1-8][2-3][7-1][10-1][12-1].wasm,b8ec8cb1b8655b428d2fdb538dfc5844
all5/Pernicious_numbers/[1-8][2-3][7-1][10-1][12-1][15-1].wasm,b8ec8cb1b8655b428d2fdb538dfc5844
all5/Pernicious_numbers/[1-8][2-3][7-1][10-1][15-1].wasm,b8ec8cb1b8655b428d2fdb538dfc5844
all5/Pernicious_numbers/[1-8][2-3][7-1][12-1].wasm,bf5f8441af3b375ce54b3b21cb1eb9c1
all5/Pernicious_numbers/[1-8][2-3][7-1][12-1][15-1].wasm,bf5f8441af3b375ce54b3b21cb1eb9c1
all5/Pernicious_numbers/[1-8][2-3][7-1][15-1].wasm,bf5f8441af3b375ce54b3b21cb1eb9c1
all5/Pernicious_numbers/[1-8][2-4].wasm,bf5f8441af3b375ce54b3b21cb1eb9c1
all5/Pernicious_numbers/[1-8][2-4][10-1].wasm,b8ec8cb1b8655b428d2fdb538dfc5844
all5/Pernicious_numbers/[1-8][2-4][10-1][12-1].wasm,b8ec8cb1b8655b428d2fdb538dfc5844
all5/Pernicious_numbers/[1-8][2-4][10-1][12-1][15-1].wasm,b8ec8cb1b8655b428d2fdb538dfc5844
all5/Pernicious_numbers/[1-8][2-4][10-1][15-1].wasm,b8ec8cb1b8655b428d2fdb538dfc5844
all5/Pernicious_numbers/[1-8][2-4][12-1].wasm,bf5f8441af3b375ce54b3b21cb1eb9c1
all5/Pernicious_numbers/[1-8][2-4][12-1][15-1].wasm,bf5f8441af3b375ce54b3b21cb1eb9c1
all5/Pernicious_numbers/[1-8][2-4][15-1].wasm,bf5f8441af3b375ce54b3b21cb1eb9c1
all5/Pernicious_numbers/[1-8][2-4][7-1].wasm,bf5f8441af3b375ce54b3b21cb1eb9c1
all5/Pernicious_numbers/[1-8][2-4][7-1][10-1].wasm,b8ec8cb1b8655b428d2fdb538dfc5844
all5/Pernicious_numbers/[1-8][2-4][7-1][10-1][12-1].wasm,b8ec8cb1b8655b428d2fdb538dfc5844
all5/Pernicious_numbers/[1-8][2-4][7-1][10-1][12-1][15-1].wasm,b8ec8cb1b8655b428d2fdb538dfc5844
all5/Pernicious_numbers/[1-8][2-4][7-1][10-1][15-1].wasm,b8ec8cb1b8655b428d2fdb538dfc5844
all5/Pernicious_numbers/[1-8][2-4][7-1][12-1].wasm,bf5f8441af3b375ce54b3b21cb1eb9c1
all5/Pernicious_numbers/[1-8][2-4][7-1][12-1][15-1].wasm,bf5f8441af3b375ce54b3b21cb1eb9c1
all5/Pernicious_numbers/[1-8][2-4][7-1][15-1].wasm,bf5f8441af3b375ce54b3b21cb1eb9c1
all5/Pernicious_numbers/[1-8][2-5].wasm,bf5f8441af3b375ce54b3b21cb1eb9c1
all5/Pernicious_numbers/[1-8][2-5][10-1].wasm,b8ec8cb1b8655b428d2fdb538dfc5844
all5/Pernicious_numbers/[1-8][2-5][10-1][12-1].wasm,b8ec8cb1b8655b428d2fdb538dfc5844
all5/Pernicious_numbers/[1-8][2-5][10-1][12-1][15-1].wasm,b8ec8cb1b8655b428d2fdb538dfc5844
all5/Pernicious_numbers/[1-8][2-5][10-1][15-1].wasm,b8ec8cb1b8655b428d2fdb538dfc5844
all5/Pernicious_numbers/[1-8][2-5][12-1].wasm,bf5f8441af3b375ce54b3b21cb1eb9c1
all5/Pernicious_numbers/[1-8][2-5][12-1][15-1].wasm,bf5f8441af3b375ce54b3b21cb1eb9c1
all5/Pernicious_numbers/[1-8][2-5][15-1].wasm,bf5f8441af3b375ce54b3b21cb1eb9c1
all5/Pernicious_numbers/[1-8][2-5][7-1].wasm,bf5f8441af3b375ce54b3b21cb1eb9c1
all5/Pernicious_numbers/[1-8][2-5][7-1][10-1].wasm,b8ec8cb1b8655b428d2fdb538dfc5844
all5/Pernicious_numbers/[1-8][2-5][7-1][10-1][12-1].wasm,b8ec8cb1b8655b428d2fdb538dfc5844
all5/Pernicious_numbers/[1-8][2-5][7-1][10-1][12-1][15-1].wasm,b8ec8cb1b8655b428d2fdb538dfc5844
all5/Pernicious_numbers/[1-8][2-5][7-1][10-1][15-1].wasm,b8ec8cb1b8655b428d2fdb538dfc5844
all5/Pernicious_numbers/[1-8][2-5][7-1][12-1].wasm,bf5f8441af3b375ce54b3b21cb1eb9c1
all5/Pernicious_numbers/[1-8][2-5][7-1][12-1][15-1].wasm,bf5f8441af3b375ce54b3b21cb1eb9c1
all5/Pernicious_numbers/[1-8][2-5][7-1][15-1].wasm,bf5f8441af3b375ce54b3b21cb1eb9c1
all5/Pernicious_numbers/[1-8][2-6].wasm,bf5f8441af3b375ce54b3b21cb1eb9c1
all5/Pernicious_numbers/[1-8][2-6][10-1].wasm,b8ec8cb1b8655b428d2fdb538dfc5844
all5/Pernicious_numbers/[1-8][2-6][10-1][12-1].wasm,b8ec8cb1b8655b428d2fdb538dfc5844
all5/Pernicious_numbers/[1-8][2-6][10-1][12-1][15-1].wasm,b8ec8cb1b8655b428d2fdb538dfc5844
all5/Pernicious_numbers/[1-8][2-6][10-1][15-1].wasm,b8ec8cb1b8655b428d2fdb538dfc5844
all5/Pernicious_numbers/[1-8][2-6][12-1].wasm,bf5f8441af3b375ce54b3b21cb1eb9c1
all5/Pernicious_numbers/[1-8][2-6][12-1][15-1].wasm,bf5f8441af3b375ce54b3b21cb1eb9c1
all5/Pernicious_numbers/[1-8][2-6][15-1].wasm,bf5f8441af3b375ce54b3b21cb1eb9c1
all5/Pernicious_numbers/[1-8][2-6][7-1].wasm,bf5f8441af3b375ce54b3b21cb1eb9c1
all5/Pernicious_numbers/[1-8][2-6][7-1][10-1].wasm,b8ec8cb1b8655b428d2fdb538dfc5844
all5/Pernicious_numbers/[1-8][2-6][7-1][12-1][15-1].wasm,bf5f8441af3b375ce54b3b21cb1eb9c1
all5/Pernicious_numbers/[1-8][2-6][7-1][15-1].wasm,bf5f8441af3b375ce54b3b21cb1eb9c1
all5/Pernicious_numbers/[1-8][7-1].wasm,bf5f8441af3b375ce54b3b21cb1eb9c1
all5/Pernicious_numbers/[1-8][7-1][10-1].wasm,b8ec8cb1b8655b428d2fdb538dfc5844
all5/Pernicious_numbers/[1-8][7-1][10-1][12-1].wasm,b8ec8cb1b8655b428d2fdb538dfc5844
all5/Pernicious_numbers/[1-8][7-1][10-1][12-1][15-1].wasm,b8ec8cb1b8655b428d2fdb538dfc5844
all5/Pernicious_numbers/[1-8][7-1][10-1][15-1].wasm,b8ec8cb1b8655b428d2fdb538dfc5844
all5/Pernicious_numbers/[1-8][7-1][12-1].wasm,bf5f8441af3b375ce54b3b21cb1eb9c1
all5/Pernicious_numbers/[1-8][7-1][12-1][15-1].wasm,bf5f8441af3b375ce54b3b21cb1eb9c1
all5/Pernicious_numbers/[1-8][7-1][15-1].wasm,bf5f8441af3b375ce54b3b21cb1eb9c1
all5/Pernicious_numbers/[10-1].wasm,b8ec8cb1b8655b428d2fdb538dfc5844
all5/Pernicious_numbers/[10-1][12-1].wasm,b8ec8cb1b8655b428d2fdb538dfc5844
all5/Pernicious_numbers/[10-1][12-1][15-1].wasm,b8ec8cb1b8655b428d2fdb538dfc5844
all5/Pernicious_numbers/[10-1][15-1].wasm,b8ec8cb1b8655b428d2fdb538dfc5844
all5/Pernicious_numbers/[12-1].wasm,bf5f8441af3b375ce54b3b21cb1eb9c1
all5/Pernicious_numbers/[12-1][15-1].wasm,bf5f8441af3b375ce54b3b21cb1eb9c1
all5/Pernicious_numbers/[15-1].wasm,bf5f8441af3b375ce54b3b21cb1eb9c1
all5/Pernicious_numbers/[2-1].wasm,bf5f8441af3b375ce54b3b21cb1eb9c1
all5/Pernicious_numbers/[2-1][10-1].wasm,b8ec8cb1b8655b428d2fdb538dfc5844
all5/Pernicious_numbers/[2-1][10-1][12-1].wasm,b8ec8cb1b8655b428d2fdb538dfc5844
all5/Pernicious_numbers/[2-1][10-1][12-1][15-1].wasm,b8ec8cb1b8655b428d2fdb538dfc5844
all5/Pernicious_numbers/[2-1][10-1][15-1].wasm,b8ec8cb1b8655b428d2fdb538dfc5844
all5/Pernicious_numbers/[2-1][12-1].wasm,bf5f8441af3b375ce54b3b21cb1eb9c1
all5/Pernicious_numbers/[2-1][12-1][15-1].wasm,bf5f8441af3b375ce54b3b21cb1eb9c1
all5/Pernicious_numbers/[2-1][15-1].wasm,bf5f8441af3b375ce54b3b21cb1eb9c1
all5/Pernicious_numbers/[2-1][7-1].wasm,bf5f8441af3b375ce54b3b21cb1eb9c1
all5/Pernicious_numbers/[2-1][7-1][10-1].wasm,b8ec8cb1b8655b428d2fdb538dfc5844
all5/Pernicious_numbers/[2-1][7-1][10-1][12-1].wasm,b8ec8cb1b8655b428d2fdb538dfc5844
all5/Pernicious_numbers/[2-1][7-1][10-1][12-1][15-1].wasm,b8ec8cb1b8655b428d2fdb538dfc5844
all5/Pernicious_numbers/[2-1][7-1][10-1][15-1].wasm,b8ec8cb1b8655b428d2fdb538dfc5844
all5/Pernicious_numbers/[2-1][7-1][12-1].wasm,bf5f8441af3b375ce54b3b21cb1eb9c1
all5/Pernicious_numbers/[2-1][7-1][12-1][15-1].wasm,bf5f8441af3b375ce54b3b21cb1eb9c1
all5/Pernicious_numbers/[2-1][7-1][15-1].wasm,bf5f8441af3b375ce54b3b21cb1eb9c1
all5/Pernicious_numbers/[2-2].wasm,bf5f8441af3b375ce54b3b21cb1eb9c1
all5/Pernicious_numbers/[2-2][10-1].wasm,b8ec8cb1b8655b428d2fdb538dfc5844
all5/Pernicious_numbers/[2-2][10-1][12-1].wasm,b8ec8cb1b8655b428d2fdb538dfc5844
all5/Pernicious_numbers/[2-2][10-1][12-1][15-1].wasm,b8ec8cb1b8655b428d2fdb538dfc5844
all5/Pernicious_numbers/[2-2][10-1][15-1].wasm,b8ec8cb1b8655b428d2fdb538dfc5844
all5/Pernicious_numbers/[2-2][12-1].wasm,bf5f8441af3b375ce54b3b21cb1eb9c1
all5/Pernicious_numbers/[2-2][12-1][15-1].wasm,bf5f8441af3b375ce54b3b21cb1eb9c1
all5/Pernicious_numbers/[2-2][15-1].wasm,bf5f8441af3b375ce54b3b21cb1eb9c1
all5/Pernicious_numbers/[2-2][7-1].wasm,bf5f8441af3b375ce54b3b21cb1eb9c1
all5/Pernicious_numbers/[2-2][7-1][10-1].wasm,b8ec8cb1b8655b428d2fdb538dfc5844
all5/Pernicious_numbers/[2-2][7-1][10-1][12-1].wasm,b8ec8cb1b8655b428d2fdb538dfc5844
all5/Pernicious_numbers/[2-2][7-1][10-1][12-1][15-1].wasm,b8ec8cb1b8655b428d2fdb538dfc5844
all5/Pernicious_numbers/[2-2][7-1][10-1][15-1].wasm,b8ec8cb1b8655b428d2fdb538dfc5844
all5/Pernicious_numbers/[2-2][7-1][12-1].wasm,bf5f8441af3b375ce54b3b21cb1eb9c1
all5/Pernicious_numbers/[2-2][7-1][12-1][15-1].wasm,bf5f8441af3b375ce54b3b21cb1eb9c1
all5/Pernicious_numbers/[2-2][7-1][15-1].wasm,bf5f8441af3b375ce54b3b21cb1eb9c1
all5/Pernicious_numbers/[2-3].wasm,bf5f8441af3b375ce54b3b21cb1eb9c1
all5/Pernicious_numbers/[2-3][10-1].wasm,b8ec8cb1b8655b428d2fdb538dfc5844
all5/Pernicious_numbers/[2-3][10-1][12-1].wasm,b8ec8cb1b8655b428d2fdb538dfc5844
all5/Pernicious_numbers/[2-3][10-1][12-1][15-1].wasm,b8ec8cb1b8655b428d2fdb538dfc5844
all5/Pernicious_numbers/[2-3][10-1][15-1].wasm,b8ec8cb1b8655b428d2fdb538dfc5844
all5/Pernicious_numbers/[2-3][12-1].wasm,bf5f8441af3b375ce54b3b21cb1eb9c1
all5/Pernicious_numbers/[2-3][12-1][15-1].wasm,bf5f8441af3b375ce54b3b21cb1eb9c1
all5/Pernicious_numbers/[2-3][15-1].wasm,bf5f8441af3b375ce54b3b21cb1eb9c1
all5/Pernicious_numbers/[2-3][7-1].wasm,bf5f8441af3b375ce54b3b21cb1eb9c1
all5/Pernicious_numbers/[2-3][7-1][10-1].wasm,b8ec8cb1b8655b428d2fdb538dfc5844
all5/Pernicious_numbers/[2-3][7-1][10-1][12-1].wasm,b8ec8cb1b8655b428d2fdb538dfc5844
all5/Pernicious_numbers/[2-3][7-1][10-1][12-1][15-1].wasm,b8ec8cb1b8655b428d2fdb538dfc5844
all5/Pernicious_numbers/[2-3][7-1][10-1][15-1].wasm,b8ec8cb1b8655b428d2fdb538dfc5844
all5/Pernicious_numbers/[2-3][7-1][12-1].wasm,bf5f8441af3b375ce54b3b21cb1eb9c1
all5/Pernicious_numbers/[2-3][7-1][12-1][15-1].wasm,bf5f8441af3b375ce54b3b21cb1eb9c1
all5/Pernicious_numbers/[2-3][7-1][15-1].wasm,bf5f8441af3b375ce54b3b21cb1eb9c1
all5/Pernicious_numbers/[2-4].wasm,bf5f8441af3b375ce54b3b21cb1eb9c1
all5/Pernicious_numbers/[2-4][10-1].wasm,b8ec8cb1b8655b428d2fdb538dfc5844
all5/Pernicious_numbers/[2-4][10-1][12-1].wasm,b8ec8cb1b8655b428d2fdb538dfc5844
all5/Pernicious_numbers/[2-4][10-1][12-1][15-1].wasm,b8ec8cb1b8655b428d2fdb538dfc5844
all5/Pernicious_numbers/[2-4][10-1][15-1].wasm,b8ec8cb1b8655b428d2fdb538dfc5844
all5/Pernicious_numbers/[2-4][12-1].wasm,bf5f8441af3b375ce54b3b21cb1eb9c1
all5/Pernicious_numbers/[2-4][12-1][15-1].wasm,bf5f8441af3b375ce54b3b21cb1eb9c1
all5/Pernicious_numbers/[2-4][15-1].wasm,bf5f8441af3b375ce54b3b21cb1eb9c1
all5/Pernicious_numbers/[2-4][7-1].wasm,bf5f8441af3b375ce54b3b21cb1eb9c1
all5/Pernicious_numbers/[2-4][7-1][10-1].wasm,b8ec8cb1b8655b428d2fdb538dfc5844
all5/Pernicious_numbers/[2-4][7-1][10-1][12-1].wasm,b8ec8cb1b8655b428d2fdb538dfc5844
all5/Pernicious_numbers/[2-4][7-1][10-1][12-1][15-1].wasm,b8ec8cb1b8655b428d2fdb538dfc5844
all5/Pernicious_numbers/[2-4][7-1][10-1][15-1].wasm,b8ec8cb1b8655b428d2fdb538dfc5844
all5/Pernicious_numbers/[2-4][7-1][12-1].wasm,bf5f8441af3b375ce54b3b21cb1eb9c1
all5/Pernicious_numbers/[2-4][7-1][12-1][15-1].wasm,bf5f8441af3b375ce54b3b21cb1eb9c1
all5/Pernicious_numbers/[2-4][7-1][15-1].wasm,bf5f8441af3b375ce54b3b21cb1eb9c1
all5/Pernicious_numbers/[2-5].wasm,bf5f8441af3b375ce54b3b21cb1eb9c1
all5/Pernicious_numbers/[2-5][10-1].wasm,b8ec8cb1b8655b428d2fdb538dfc5844
all5/Pernicious_numbers/[2-5][10-1][12-1].wasm,b8ec8cb1b8655b428d2fdb538dfc5844
all5/Pernicious_numbers/[2-5][10-1][12-1][15-1].wasm,b8ec8cb1b8655b428d2fdb538dfc5844
all5/Pernicious_numbers/[2-5][10-1][15-1].wasm,b8ec8cb1b8655b428d2fdb538dfc5844
all5/Pernicious_numbers/[2-5][12-1].wasm,bf5f8441af3b375ce54b3b21cb1eb9c1
all5/Pernicious_numbers/[2-5][12-1][15-1].wasm,bf5f8441af3b375ce54b3b21cb1eb9c1
all5/Pernicious_numbers/[2-5][15-1].wasm,bf5f8441af3b375ce54b3b21cb1eb9c1
all5/Pernicious_numbers/[2-5][7-1].wasm,bf5f8441af3b375ce54b3b21cb1eb9c1
all5/Pernicious_numbers/[2-5][7-1][10-1].wasm,b8ec8cb1b8655b428d2fdb538dfc5844
all5/Pernicious_numbers/[2-5][7-1][10-1][12-1].wasm,b8ec8cb1b8655b428d2fdb538dfc5844
all5/Pernicious_numbers/[2-5][7-1][10-1][12-1][15-1].wasm,b8ec8cb1b8655b428d2fdb538dfc5844
all5/Pernicious_numbers/[2-5][7-1][10-1][15-1].wasm,b8ec8cb1b8655b428d2fdb538dfc5844
all5/Pernicious_numbers/[2-5][7-1][12-1].wasm,bf5f8441af3b375ce54b3b21cb1eb9c1
all5/Pernicious_numbers/[2-5][7-1][12-1][15-1].wasm,bf5f8441af3b375ce54b3b21cb1eb9c1
all5/Pernicious_numbers/[2-5][7-1][15-1].wasm,bf5f8441af3b375ce54b3b21cb1eb9c1
all5/Pernicious_numbers/[2-6].wasm,bf5f8441af3b375ce54b3b21cb1eb9c1
all5/Pernicious_numbers/[2-6][10-1].wasm,b8ec8cb1b8655b428d2fdb538dfc5844
all5/Pernicious_numbers/[2-6][10-1][12-1].wasm,b8ec8cb1b8655b428d2fdb538dfc5844
all5/Pernicious_numbers/[2-6][10-1][12-1][15-1].wasm,b8ec8cb1b8655b428d2fdb538dfc5844
all5/Pernicious_numbers/[2-6][10-1][15-1].wasm,b8ec8cb1b8655b428d2fdb538dfc5844
all5/Pernicious_numbers/[2-6][12-1].wasm,bf5f8441af3b375ce54b3b21cb1eb9c1
all5/Pernicious_numbers/[2-6][12-1][15-1].wasm,bf5f8441af3b375ce54b3b21cb1eb9c1
all5/Pernicious_numbers/[2-6][15-1].wasm,bf5f8441af3b375ce54b3b21cb1eb9c1
all5/Pernicious_numbers/[2-6][7-1].wasm,bf5f8441af3b375ce54b3b21cb1eb9c1
all5/Pernicious_numbers/[2-6][7-1][10-1].wasm,b8ec8cb1b8655b428d2fdb538dfc5844
all5/Pernicious_numbers/[2-6][7-1][10-1][12-1].wasm,b8ec8cb1b8655b428d2fdb538dfc5844
all5/Pernicious_numbers/[2-6][7-1][10-1][12-1][15-1].wasm,b8ec8cb1b8655b428d2fdb538dfc5844
all5/Pernicious_numbers/[2-6][7-1][10-1][15-1].wasm,b8ec8cb1b8655b428d2fdb538dfc5844
all5/Pernicious_numbers/[2-6][7-1][12-1].wasm,bf5f8441af3b375ce54b3b21cb1eb9c1
all5/Pernicious_numbers/[2-6][7-1][12-1][15-1].wasm,bf5f8441af3b375ce54b3b21cb1eb9c1
all5/Pernicious_numbers/[2-6][7-1][15-1].wasm,bf5f8441af3b375ce54b3b21cb1eb9c1
all5/Pernicious_numbers/[7-1].wasm,bf5f8441af3b375ce54b3b21cb1eb9c1
all5/Pernicious_numbers/[7-1][10-1].wasm,b8ec8cb1b8655b428d2fdb538dfc5844
all5/Pernicious_numbers/[7-1][10-1][12-1].wasm,b8ec8cb1b8655b428d2fdb538dfc5844
all5/Pernicious_numbers/[7-1][10-1][12-1][15-1].wasm,b8ec8cb1b8655b428d2fdb538dfc5844
all5/Pernicious_numbers/[7-1][10-1][15-1].wasm,b8ec8cb1b8655b428d2fdb538dfc5844
all5/Pernicious_numbers/[7-1][12-1].wasm,bf5f8441af3b375ce54b3b21cb1eb9c1
all5/Pernicious_numbers/[7-1][12-1][15-1].wasm,bf5f8441af3b375ce54b3b21cb1eb9c1
all5/Pernicious_numbers/[7-1][15-1].wasm,bf5f8441af3b375ce54b3b21cb1eb9c1
