name, hash
all5/Playing_cards/Playing_cards.wasm,89de5778e442ac2750cca1ffa893fb6d
all5/Playing_cards/Playing_cards.wasm.~1~,89de5778e442ac2750cca1ffa893fb6d
all5/Playing_cards/Playing_cards.wasm.~2~,392c0d11b3b4d3001123d312569790ba
all5/Playing_cards/[0-1].wasm,89de5778e442ac2750cca1ffa893fb6d
all5/Playing_cards/[0-1][10-1].wasm,89de5778e442ac2750cca1ffa893fb6d
all5/Playing_cards/[0-1][3-1].wasm,89de5778e442ac2750cca1ffa893fb6d
all5/Playing_cards/[0-1][3-1][10-1].wasm,89de5778e442ac2750cca1ffa893fb6d
all5/Playing_cards/[0-1][3-1][6-1].wasm,89de5778e442ac2750cca1ffa893fb6d
all5/Playing_cards/[0-1][3-1][6-1][10-1].wasm,89de5778e442ac2750cca1ffa893fb6d
all5/Playing_cards/[0-1][3-1][6-1][7-1].wasm,89de5778e442ac2750cca1ffa893fb6d
all5/Playing_cards/[0-1][3-1][6-1][7-1][10-1].wasm,89de5778e442ac2750cca1ffa893fb6d
all5/Playing_cards/[0-1][3-1][6-1][7-2].wasm,89de5778e442ac2750cca1ffa893fb6d
all5/Playing_cards/[0-1][3-1][6-1][7-2][10-1].wasm,89de5778e442ac2750cca1ffa893fb6d
all5/Playing_cards/[0-1][3-1][6-1][7-3].wasm,89de5778e442ac2750cca1ffa893fb6d
all5/Playing_cards/[0-1][3-1][6-1][7-3][10-1].wasm,89de5778e442ac2750cca1ffa893fb6d
all5/Playing_cards/[0-1][3-1][6-1][7-4].wasm,89de5778e442ac2750cca1ffa893fb6d
all5/Playing_cards/[0-1][3-1][6-1][7-4][10-1].wasm,89de5778e442ac2750cca1ffa893fb6d
all5/Playing_cards/[0-1][3-1][7-1].wasm,89de5778e442ac2750cca1ffa893fb6d
all5/Playing_cards/[0-1][3-1][7-1][10-1].wasm,89de5778e442ac2750cca1ffa893fb6d
all5/Playing_cards/[0-1][3-1][7-2].wasm,89de5778e442ac2750cca1ffa893fb6d
all5/Playing_cards/[0-1][3-1][7-2][10-1].wasm,89de5778e442ac2750cca1ffa893fb6d
all5/Playing_cards/[0-1][3-1][7-3].wasm,89de5778e442ac2750cca1ffa893fb6d
all5/Playing_cards/[0-1][3-1][7-3][10-1].wasm,89de5778e442ac2750cca1ffa893fb6d
all5/Playing_cards/[0-1][3-1][7-4].wasm,89de5778e442ac2750cca1ffa893fb6d
all5/Playing_cards/[0-1][3-1][7-4][10-1].wasm,89de5778e442ac2750cca1ffa893fb6d
all5/Playing_cards/[0-1][6-1].wasm,89de5778e442ac2750cca1ffa893fb6d
all5/Playing_cards/[0-1][6-1][10-1].wasm,89de5778e442ac2750cca1ffa893fb6d
all5/Playing_cards/[0-1][6-1][7-1].wasm,89de5778e442ac2750cca1ffa893fb6d
all5/Playing_cards/[0-1][6-1][7-1][10-1].wasm,89de5778e442ac2750cca1ffa893fb6d
all5/Playing_cards/[0-1][6-1][7-2].wasm,89de5778e442ac2750cca1ffa893fb6d
all5/Playing_cards/[0-1][6-1][7-2][10-1].wasm,89de5778e442ac2750cca1ffa893fb6d
all5/Playing_cards/[0-1][6-1][7-3].wasm,89de5778e442ac2750cca1ffa893fb6d
all5/Playing_cards/[0-1][6-1][7-3][10-1].wasm,89de5778e442ac2750cca1ffa893fb6d
all5/Playing_cards/[0-1][6-1][7-4].wasm,89de5778e442ac2750cca1ffa893fb6d
all5/Playing_cards/[0-1][6-1][7-4][10-1].wasm,89de5778e442ac2750cca1ffa893fb6d
all5/Playing_cards/[0-1][7-1].wasm,89de5778e442ac2750cca1ffa893fb6d
all5/Playing_cards/[0-1][7-1][10-1].wasm,89de5778e442ac2750cca1ffa893fb6d
all5/Playing_cards/[0-1][7-2].wasm,89de5778e442ac2750cca1ffa893fb6d
all5/Playing_cards/[0-1][7-2][10-1].wasm,89de5778e442ac2750cca1ffa893fb6d
all5/Playing_cards/[0-1][7-3].wasm,89de5778e442ac2750cca1ffa893fb6d
all5/Playing_cards/[0-1][7-3][10-1].wasm,89de5778e442ac2750cca1ffa893fb6d
all5/Playing_cards/[0-1][7-4].wasm,89de5778e442ac2750cca1ffa893fb6d
all5/Playing_cards/[0-1][7-4][10-1].wasm,89de5778e442ac2750cca1ffa893fb6d
all5/Playing_cards/[10-1].wasm,89de5778e442ac2750cca1ffa893fb6d
all5/Playing_cards/[3-1].wasm,89de5778e442ac2750cca1ffa893fb6d
all5/Playing_cards/[3-1][10-1].wasm,89de5778e442ac2750cca1ffa893fb6d
all5/Playing_cards/[3-1][6-1].wasm,89de5778e442ac2750cca1ffa893fb6d
all5/Playing_cards/[3-1][6-1][10-1].wasm,89de5778e442ac2750cca1ffa893fb6d
all5/Playing_cards/[3-1][6-1][7-1].wasm,89de5778e442ac2750cca1ffa893fb6d
all5/Playing_cards/[3-1][6-1][7-1][10-1].wasm,89de5778e442ac2750cca1ffa893fb6d
all5/Playing_cards/[3-1][6-1][7-2].wasm,89de5778e442ac2750cca1ffa893fb6d
all5/Playing_cards/[3-1][6-1][7-2][10-1].wasm,89de5778e442ac2750cca1ffa893fb6d
all5/Playing_cards/[3-1][6-1][7-3].wasm,89de5778e442ac2750cca1ffa893fb6d
all5/Playing_cards/[3-1][6-1][7-3][10-1].wasm,89de5778e442ac2750cca1ffa893fb6d
all5/Playing_cards/[3-1][6-1][7-4].wasm,89de5778e442ac2750cca1ffa893fb6d
all5/Playing_cards/[3-1][6-1][7-4][10-1].wasm,89de5778e442ac2750cca1ffa893fb6d
all5/Playing_cards/[3-1][7-1].wasm,89de5778e442ac2750cca1ffa893fb6d
all5/Playing_cards/[3-1][7-1][10-1].wasm,89de5778e442ac2750cca1ffa893fb6d
all5/Playing_cards/[3-1][7-2].wasm,89de5778e442ac2750cca1ffa893fb6d
all5/Playing_cards/[3-1][7-2][10-1].wasm,89de5778e442ac2750cca1ffa893fb6d
all5/Playing_cards/[3-1][7-3].wasm,89de5778e442ac2750cca1ffa893fb6d
all5/Playing_cards/[3-1][7-3][10-1].wasm,89de5778e442ac2750cca1ffa893fb6d
all5/Playing_cards/[3-1][7-4].wasm,89de5778e442ac2750cca1ffa893fb6d
all5/Playing_cards/[3-1][7-4][10-1].wasm,89de5778e442ac2750cca1ffa893fb6d
all5/Playing_cards/[6-1].wasm,89de5778e442ac2750cca1ffa893fb6d
all5/Playing_cards/[6-1][10-1].wasm,89de5778e442ac2750cca1ffa893fb6d
all5/Playing_cards/[6-1][7-1].wasm,89de5778e442ac2750cca1ffa893fb6d
all5/Playing_cards/[6-1][7-1][10-1].wasm,89de5778e442ac2750cca1ffa893fb6d
all5/Playing_cards/[6-1][7-2].wasm,89de5778e442ac2750cca1ffa893fb6d
all5/Playing_cards/[6-1][7-2][10-1].wasm,89de5778e442ac2750cca1ffa893fb6d
all5/Playing_cards/[6-1][7-3].wasm,89de5778e442ac2750cca1ffa893fb6d
all5/Playing_cards/[6-1][7-3][10-1].wasm,89de5778e442ac2750cca1ffa893fb6d
all5/Playing_cards/[6-1][7-4].wasm,89de5778e442ac2750cca1ffa893fb6d
all5/Playing_cards/[6-1][7-4][10-1].wasm,89de5778e442ac2750cca1ffa893fb6d
all5/Playing_cards/[7-1].wasm,89de5778e442ac2750cca1ffa893fb6d
all5/Playing_cards/[7-1][10-1].wasm,89de5778e442ac2750cca1ffa893fb6d
all5/Playing_cards/[7-2].wasm,89de5778e442ac2750cca1ffa893fb6d
all5/Playing_cards/[7-2][10-1].wasm,89de5778e442ac2750cca1ffa893fb6d
all5/Playing_cards/[7-3].wasm,89de5778e442ac2750cca1ffa893fb6d
all5/Playing_cards/[7-3][10-1].wasm,89de5778e442ac2750cca1ffa893fb6d
all5/Playing_cards/[7-4].wasm,89de5778e442ac2750cca1ffa893fb6d
all5/Playing_cards/[7-4][10-1].wasm,89de5778e442ac2750cca1ffa893fb6d
