name, hash
all5/Power_set/Power_set.wasm,74fd863fbbd6c1d71fdf8f9e1ef2f8c4
all5/Power_set/Power_set.wasm.~1~,74fd863fbbd6c1d71fdf8f9e1ef2f8c4
all5/Power_set/Power_set.wasm.~2~,1301f657e166b06f1c04b1da9e4470bd
all5/Power_set/[0-1].wasm,a8c1930426a88e592674489b47ecc8f9
all5/Power_set/[0-1][1-1].wasm,a8c1930426a88e592674489b47ecc8f9
all5/Power_set/[0-1][1-1][2-1].wasm,a8c1930426a88e592674489b47ecc8f9
all5/Power_set/[0-1][1-1][2-2].wasm,5f7448898439759bc37aab291d68a528
all5/Power_set/[0-1][1-1][2-3].wasm,a8c1930426a88e592674489b47ecc8f9
all5/Power_set/[0-1][1-1][2-4].wasm,2d6e2cb7c62423051a4e4798929ea94c
all5/Power_set/[0-1][1-1][2-5].wasm,a8c1930426a88e592674489b47ecc8f9
all5/Power_set/[0-1][1-1][2-6].wasm,a8c1930426a88e592674489b47ecc8f9
all5/Power_set/[0-1][1-1][2-7].wasm,14455828b50247e210e22d188d8e54c0
all5/Power_set/[0-1][1-1][2-8].wasm,a8c1930426a88e592674489b47ecc8f9
all5/Power_set/[0-1][1-2].wasm,a8c1930426a88e592674489b47ecc8f9
all5/Power_set/[0-1][1-2][2-1].wasm,a8c1930426a88e592674489b47ecc8f9
all5/Power_set/[0-1][1-2][2-2].wasm,5f7448898439759bc37aab291d68a528
all5/Power_set/[0-1][1-2][2-3].wasm,a8c1930426a88e592674489b47ecc8f9
all5/Power_set/[0-1][1-2][2-4].wasm,2d6e2cb7c62423051a4e4798929ea94c
all5/Power_set/[0-1][1-2][2-5].wasm,a8c1930426a88e592674489b47ecc8f9
all5/Power_set/[0-1][1-2][2-6].wasm,a8c1930426a88e592674489b47ecc8f9
all5/Power_set/[0-1][1-2][2-7].wasm,14455828b50247e210e22d188d8e54c0
all5/Power_set/[0-1][1-2][2-8].wasm,a8c1930426a88e592674489b47ecc8f9
all5/Power_set/[0-1][1-3].wasm,a8c1930426a88e592674489b47ecc8f9
all5/Power_set/[0-1][1-3][2-1].wasm,a8c1930426a88e592674489b47ecc8f9
all5/Power_set/[0-1][1-3][2-2].wasm,5f7448898439759bc37aab291d68a528
all5/Power_set/[0-1][1-3][2-3].wasm,a8c1930426a88e592674489b47ecc8f9
all5/Power_set/[0-1][1-3][2-4].wasm,2d6e2cb7c62423051a4e4798929ea94c
all5/Power_set/[0-1][1-3][2-5].wasm,a8c1930426a88e592674489b47ecc8f9
all5/Power_set/[0-1][1-3][2-6].wasm,a8c1930426a88e592674489b47ecc8f9
all5/Power_set/[0-1][1-3][2-7].wasm,14455828b50247e210e22d188d8e54c0
all5/Power_set/[0-1][1-3][2-8].wasm,a8c1930426a88e592674489b47ecc8f9
all5/Power_set/[0-1][1-4].wasm,a8c1930426a88e592674489b47ecc8f9
all5/Power_set/[0-1][1-4][2-1].wasm,a8c1930426a88e592674489b47ecc8f9
all5/Power_set/[0-1][1-4][2-2].wasm,5f7448898439759bc37aab291d68a528
all5/Power_set/[0-1][1-4][2-3].wasm,a8c1930426a88e592674489b47ecc8f9
all5/Power_set/[0-1][1-4][2-4].wasm,2d6e2cb7c62423051a4e4798929ea94c
all5/Power_set/[0-1][1-4][2-5].wasm,a8c1930426a88e592674489b47ecc8f9
all5/Power_set/[0-1][1-4][2-6].wasm,a8c1930426a88e592674489b47ecc8f9
all5/Power_set/[0-1][1-4][2-7].wasm,14455828b50247e210e22d188d8e54c0
all5/Power_set/[0-1][1-4][2-8].wasm,a8c1930426a88e592674489b47ecc8f9
all5/Power_set/[0-1][1-5].wasm,a8c1930426a88e592674489b47ecc8f9
all5/Power_set/[0-1][1-5][2-1].wasm,a8c1930426a88e592674489b47ecc8f9
all5/Power_set/[0-1][1-5][2-2].wasm,5f7448898439759bc37aab291d68a528
all5/Power_set/[0-1][1-5][2-3].wasm,a8c1930426a88e592674489b47ecc8f9
all5/Power_set/[0-1][1-5][2-4].wasm,2d6e2cb7c62423051a4e4798929ea94c
all5/Power_set/[0-1][1-5][2-5].wasm,a8c1930426a88e592674489b47ecc8f9
all5/Power_set/[0-1][1-5][2-6].wasm,a8c1930426a88e592674489b47ecc8f9
all5/Power_set/[0-1][1-5][2-7].wasm,14455828b50247e210e22d188d8e54c0
all5/Power_set/[0-1][1-5][2-8].wasm,a8c1930426a88e592674489b47ecc8f9
all5/Power_set/[0-1][1-6].wasm,a8c1930426a88e592674489b47ecc8f9
all5/Power_set/[0-1][1-6][2-1].wasm,a8c1930426a88e592674489b47ecc8f9
all5/Power_set/[0-1][1-6][2-2].wasm,5f7448898439759bc37aab291d68a528
all5/Power_set/[0-1][1-6][2-3].wasm,a8c1930426a88e592674489b47ecc8f9
all5/Power_set/[0-1][1-6][2-4].wasm,2d6e2cb7c62423051a4e4798929ea94c
all5/Power_set/[0-1][1-6][2-5].wasm,a8c1930426a88e592674489b47ecc8f9
all5/Power_set/[0-1][1-6][2-6].wasm,a8c1930426a88e592674489b47ecc8f9
all5/Power_set/[0-1][1-6][2-7].wasm,14455828b50247e210e22d188d8e54c0
all5/Power_set/[0-1][1-6][2-8].wasm,a8c1930426a88e592674489b47ecc8f9
all5/Power_set/[0-1][1-7].wasm,26987c65d79ca912377fc15b64185576
all5/Power_set/[0-1][1-7][2-1].wasm,26987c65d79ca912377fc15b64185576
all5/Power_set/[0-1][1-7][2-2].wasm,5e47ca1476d7697b429a0c69913d383d
all5/Power_set/[0-1][1-7][2-3].wasm,26987c65d79ca912377fc15b64185576
all5/Power_set/[0-1][1-7][2-4].wasm,ec0597af3a546a8e76cfc9b78ed8980b
all5/Power_set/[0-1][1-7][2-5].wasm,26987c65d79ca912377fc15b64185576
all5/Power_set/[0-1][1-7][2-6].wasm,26987c65d79ca912377fc15b64185576
all5/Power_set/[0-1][1-7][2-7].wasm,36392388271c2794a7f71858da8f69c4
all5/Power_set/[0-1][1-7][2-8].wasm,26987c65d79ca912377fc15b64185576
all5/Power_set/[0-1][1-8].wasm,a8c1930426a88e592674489b47ecc8f9
all5/Power_set/[0-1][1-8][2-1].wasm,a8c1930426a88e592674489b47ecc8f9
all5/Power_set/[0-1][1-8][2-2].wasm,5f7448898439759bc37aab291d68a528
all5/Power_set/[0-1][1-8][2-3].wasm,a8c1930426a88e592674489b47ecc8f9
all5/Power_set/[0-1][1-8][2-4].wasm,2d6e2cb7c62423051a4e4798929ea94c
all5/Power_set/[0-1][1-8][2-5].wasm,a8c1930426a88e592674489b47ecc8f9
all5/Power_set/[0-1][1-8][2-6].wasm,a8c1930426a88e592674489b47ecc8f9
all5/Power_set/[0-1][1-8][2-7].wasm,14455828b50247e210e22d188d8e54c0
all5/Power_set/[0-1][1-8][2-8].wasm,a8c1930426a88e592674489b47ecc8f9
all5/Power_set/[0-1][1-9].wasm,a8c1930426a88e592674489b47ecc8f9
all5/Power_set/[0-1][1-9][2-1].wasm,a8c1930426a88e592674489b47ecc8f9
all5/Power_set/[0-1][1-9][2-2].wasm,5f7448898439759bc37aab291d68a528
all5/Power_set/[0-1][1-9][2-3].wasm,a8c1930426a88e592674489b47ecc8f9
all5/Power_set/[0-1][1-9][2-4].wasm,2d6e2cb7c62423051a4e4798929ea94c
all5/Power_set/[0-1][1-9][2-5].wasm,a8c1930426a88e592674489b47ecc8f9
all5/Power_set/[0-1][1-9][2-6].wasm,a8c1930426a88e592674489b47ecc8f9
all5/Power_set/[0-1][1-9][2-7].wasm,14455828b50247e210e22d188d8e54c0
all5/Power_set/[0-1][1-9][2-8].wasm,a8c1930426a88e592674489b47ecc8f9
all5/Power_set/[0-1][2-1].wasm,a8c1930426a88e592674489b47ecc8f9
all5/Power_set/[0-1][2-2].wasm,5f7448898439759bc37aab291d68a528
all5/Power_set/[0-1][2-3].wasm,a8c1930426a88e592674489b47ecc8f9
all5/Power_set/[0-1][2-4].wasm,2d6e2cb7c62423051a4e4798929ea94c
all5/Power_set/[0-1][2-5].wasm,a8c1930426a88e592674489b47ecc8f9
all5/Power_set/[0-1][2-6].wasm,a8c1930426a88e592674489b47ecc8f9
all5/Power_set/[0-1][2-7].wasm,14455828b50247e210e22d188d8e54c0
all5/Power_set/[0-1][2-8].wasm,a8c1930426a88e592674489b47ecc8f9
all5/Power_set/[1-1].wasm,1301f657e166b06f1c04b1da9e4470bd
all5/Power_set/[1-1][2-1].wasm,1301f657e166b06f1c04b1da9e4470bd
all5/Power_set/[1-1][2-2].wasm,b56dba9bc976f4e1e2668350aad4c8e5
all5/Power_set/[1-1][2-3].wasm,1301f657e166b06f1c04b1da9e4470bd
all5/Power_set/[1-1][2-4].wasm,c4a0d45bd21327f075d87b41c39d0625
all5/Power_set/[1-1][2-5].wasm,1301f657e166b06f1c04b1da9e4470bd
all5/Power_set/[1-1][2-6].wasm,1301f657e166b06f1c04b1da9e4470bd
all5/Power_set/[1-1][2-7].wasm,26728815600aeddcd3fe38a69a60eb08
all5/Power_set/[1-1][2-8].wasm,1301f657e166b06f1c04b1da9e4470bd
all5/Power_set/[1-2].wasm,1301f657e166b06f1c04b1da9e4470bd
all5/Power_set/[1-2][2-1].wasm,1301f657e166b06f1c04b1da9e4470bd
all5/Power_set/[1-2][2-2].wasm,b56dba9bc976f4e1e2668350aad4c8e5
all5/Power_set/[1-2][2-3].wasm,1301f657e166b06f1c04b1da9e4470bd
all5/Power_set/[1-2][2-4].wasm,c4a0d45bd21327f075d87b41c39d0625
all5/Power_set/[1-2][2-5].wasm,1301f657e166b06f1c04b1da9e4470bd
all5/Power_set/[1-2][2-6].wasm,1301f657e166b06f1c04b1da9e4470bd
all5/Power_set/[1-2][2-7].wasm,26728815600aeddcd3fe38a69a60eb08
all5/Power_set/[1-2][2-8].wasm,1301f657e166b06f1c04b1da9e4470bd
all5/Power_set/[1-3].wasm,1301f657e166b06f1c04b1da9e4470bd
all5/Power_set/[1-3][2-1].wasm,1301f657e166b06f1c04b1da9e4470bd
all5/Power_set/[1-3][2-2].wasm,b56dba9bc976f4e1e2668350aad4c8e5
all5/Power_set/[1-3][2-3].wasm,1301f657e166b06f1c04b1da9e4470bd
all5/Power_set/[1-3][2-4].wasm,c4a0d45bd21327f075d87b41c39d0625
all5/Power_set/[1-3][2-5].wasm,1301f657e166b06f1c04b1da9e4470bd
all5/Power_set/[1-3][2-6].wasm,1301f657e166b06f1c04b1da9e4470bd
all5/Power_set/[1-3][2-7].wasm,26728815600aeddcd3fe38a69a60eb08
all5/Power_set/[1-3][2-8].wasm,1301f657e166b06f1c04b1da9e4470bd
all5/Power_set/[1-4].wasm,1301f657e166b06f1c04b1da9e4470bd
all5/Power_set/[1-4][2-1].wasm,1301f657e166b06f1c04b1da9e4470bd
all5/Power_set/[1-4][2-2].wasm,b56dba9bc976f4e1e2668350aad4c8e5
all5/Power_set/[1-4][2-3].wasm,1301f657e166b06f1c04b1da9e4470bd
all5/Power_set/[1-4][2-4].wasm,c4a0d45bd21327f075d87b41c39d0625
all5/Power_set/[1-4][2-5].wasm,1301f657e166b06f1c04b1da9e4470bd
all5/Power_set/[1-4][2-6].wasm,1301f657e166b06f1c04b1da9e4470bd
all5/Power_set/[1-4][2-7].wasm,26728815600aeddcd3fe38a69a60eb08
all5/Power_set/[1-4][2-8].wasm,1301f657e166b06f1c04b1da9e4470bd
all5/Power_set/[1-5].wasm,1301f657e166b06f1c04b1da9e4470bd
all5/Power_set/[1-5][2-1].wasm,1301f657e166b06f1c04b1da9e4470bd
all5/Power_set/[1-5][2-2].wasm,b56dba9bc976f4e1e2668350aad4c8e5
all5/Power_set/[1-5][2-3].wasm,1301f657e166b06f1c04b1da9e4470bd
all5/Power_set/[1-5][2-4].wasm,c4a0d45bd21327f075d87b41c39d0625
all5/Power_set/[1-5][2-5].wasm,1301f657e166b06f1c04b1da9e4470bd
all5/Power_set/[1-5][2-6].wasm,1301f657e166b06f1c04b1da9e4470bd
all5/Power_set/[1-5][2-7].wasm,26728815600aeddcd3fe38a69a60eb08
all5/Power_set/[1-5][2-8].wasm,1301f657e166b06f1c04b1da9e4470bd
all5/Power_set/[1-6].wasm,1301f657e166b06f1c04b1da9e4470bd
all5/Power_set/[1-6][2-1].wasm,1301f657e166b06f1c04b1da9e4470bd
all5/Power_set/[1-6][2-2].wasm,b56dba9bc976f4e1e2668350aad4c8e5
all5/Power_set/[1-6][2-3].wasm,1301f657e166b06f1c04b1da9e4470bd
all5/Power_set/[1-6][2-4].wasm,c4a0d45bd21327f075d87b41c39d0625
all5/Power_set/[1-6][2-5].wasm,1301f657e166b06f1c04b1da9e4470bd
all5/Power_set/[1-6][2-6].wasm,1301f657e166b06f1c04b1da9e4470bd
all5/Power_set/[1-6][2-7].wasm,26728815600aeddcd3fe38a69a60eb08
all5/Power_set/[1-6][2-8].wasm,1301f657e166b06f1c04b1da9e4470bd
all5/Power_set/[1-7].wasm,26987c65d79ca912377fc15b64185576
all5/Power_set/[1-7][2-1].wasm,26987c65d79ca912377fc15b64185576
all5/Power_set/[1-7][2-2].wasm,5e47ca1476d7697b429a0c69913d383d
all5/Power_set/[1-7][2-3].wasm,26987c65d79ca912377fc15b64185576
all5/Power_set/[1-7][2-4].wasm,ec0597af3a546a8e76cfc9b78ed8980b
all5/Power_set/[1-7][2-5].wasm,26987c65d79ca912377fc15b64185576
all5/Power_set/[1-7][2-6].wasm,26987c65d79ca912377fc15b64185576
all5/Power_set/[1-7][2-7].wasm,36392388271c2794a7f71858da8f69c4
all5/Power_set/[1-7][2-8].wasm,26987c65d79ca912377fc15b64185576
all5/Power_set/[1-8].wasm,1301f657e166b06f1c04b1da9e4470bd
all5/Power_set/[1-8][2-1].wasm,1301f657e166b06f1c04b1da9e4470bd
all5/Power_set/[1-8][2-2].wasm,b56dba9bc976f4e1e2668350aad4c8e5
all5/Power_set/[1-8][2-3].wasm,1301f657e166b06f1c04b1da9e4470bd
all5/Power_set/[1-8][2-4].wasm,c4a0d45bd21327f075d87b41c39d0625
all5/Power_set/[1-8][2-5].wasm,1301f657e166b06f1c04b1da9e4470bd
all5/Power_set/[1-8][2-6].wasm,1301f657e166b06f1c04b1da9e4470bd
all5/Power_set/[1-8][2-7].wasm,26728815600aeddcd3fe38a69a60eb08
all5/Power_set/[1-8][2-8].wasm,1301f657e166b06f1c04b1da9e4470bd
all5/Power_set/[1-9].wasm,1301f657e166b06f1c04b1da9e4470bd
all5/Power_set/[1-9][2-1].wasm,1301f657e166b06f1c04b1da9e4470bd
all5/Power_set/[1-9][2-2].wasm,b56dba9bc976f4e1e2668350aad4c8e5
all5/Power_set/[1-9][2-3].wasm,1301f657e166b06f1c04b1da9e4470bd
all5/Power_set/[1-9][2-4].wasm,c4a0d45bd21327f075d87b41c39d0625
all5/Power_set/[1-9][2-5].wasm,1301f657e166b06f1c04b1da9e4470bd
all5/Power_set/[1-9][2-6].wasm,1301f657e166b06f1c04b1da9e4470bd
all5/Power_set/[1-9][2-7].wasm,26728815600aeddcd3fe38a69a60eb08
all5/Power_set/[1-9][2-8].wasm,1301f657e166b06f1c04b1da9e4470bd
all5/Power_set/[2-1].wasm,1301f657e166b06f1c04b1da9e4470bd
all5/Power_set/[2-2].wasm,b56dba9bc976f4e1e2668350aad4c8e5
all5/Power_set/[2-3].wasm,1301f657e166b06f1c04b1da9e4470bd
all5/Power_set/[2-4].wasm,c4a0d45bd21327f075d87b41c39d0625
all5/Power_set/[2-5].wasm,1301f657e166b06f1c04b1da9e4470bd
all5/Power_set/[2-6].wasm,1301f657e166b06f1c04b1da9e4470bd
all5/Power_set/[2-7].wasm,26728815600aeddcd3fe38a69a60eb08
all5/Power_set/[2-8].wasm,1301f657e166b06f1c04b1da9e4470bd
