name, hash
all5/Probabilistic_choice/Probabilistic_choice.wasm,2a1da9a9bb9c17a017d8c80a4ff5ea97
all5/Probabilistic_choice/Probabilistic_choice.wasm.~1~,2a1da9a9bb9c17a017d8c80a4ff5ea97
all5/Probabilistic_choice/Probabilistic_choice.wasm.~2~,a68df57eb7ddbb67276c0b83e8497c40
all5/Probabilistic_choice/[11-1].wasm,2a1da9a9bb9c17a017d8c80a4ff5ea97
all5/Probabilistic_choice/[11-1][14-1].wasm,2a1da9a9bb9c17a017d8c80a4ff5ea97
all5/Probabilistic_choice/[11-1][14-1][15-1].wasm,2a1da9a9bb9c17a017d8c80a4ff5ea97
all5/Probabilistic_choice/[11-1][15-1].wasm,2a1da9a9bb9c17a017d8c80a4ff5ea97
all5/Probabilistic_choice/[14-1].wasm,2a1da9a9bb9c17a017d8c80a4ff5ea97
all5/Probabilistic_choice/[14-1][15-1].wasm,2a1da9a9bb9c17a017d8c80a4ff5ea97
all5/Probabilistic_choice/[15-1].wasm,2a1da9a9bb9c17a017d8c80a4ff5ea97
all5/Probabilistic_choice/[2-1].wasm,2a1da9a9bb9c17a017d8c80a4ff5ea97
all5/Probabilistic_choice/[2-1][11-1].wasm,2a1da9a9bb9c17a017d8c80a4ff5ea97
all5/Probabilistic_choice/[2-1][11-1][14-1].wasm,2a1da9a9bb9c17a017d8c80a4ff5ea97
all5/Probabilistic_choice/[2-1][11-1][14-1][15-1].wasm,2a1da9a9bb9c17a017d8c80a4ff5ea97
all5/Probabilistic_choice/[2-1][11-1][15-1].wasm,2a1da9a9bb9c17a017d8c80a4ff5ea97
all5/Probabilistic_choice/[2-1][14-1].wasm,2a1da9a9bb9c17a017d8c80a4ff5ea97
all5/Probabilistic_choice/[2-1][14-1][15-1].wasm,2a1da9a9bb9c17a017d8c80a4ff5ea97
all5/Probabilistic_choice/[2-1][15-1].wasm,2a1da9a9bb9c17a017d8c80a4ff5ea97
all5/Probabilistic_choice/[2-1][5-1].wasm,2a1da9a9bb9c17a017d8c80a4ff5ea97
all5/Probabilistic_choice/[2-1][5-1][11-1].wasm,2a1da9a9bb9c17a017d8c80a4ff5ea97
all5/Probabilistic_choice/[2-1][5-1][11-1][14-1].wasm,2a1da9a9bb9c17a017d8c80a4ff5ea97
all5/Probabilistic_choice/[2-1][5-1][11-1][14-1][15-1].wasm,2a1da9a9bb9c17a017d8c80a4ff5ea97
all5/Probabilistic_choice/[2-1][5-1][11-1][15-1].wasm,2a1da9a9bb9c17a017d8c80a4ff5ea97
all5/Probabilistic_choice/[2-1][5-1][14-1].wasm,2a1da9a9bb9c17a017d8c80a4ff5ea97
all5/Probabilistic_choice/[2-1][5-1][14-1][15-1].wasm,2a1da9a9bb9c17a017d8c80a4ff5ea97
all5/Probabilistic_choice/[2-1][5-1][15-1].wasm,2a1da9a9bb9c17a017d8c80a4ff5ea97
all5/Probabilistic_choice/[2-1][5-1][8-10].wasm,2a1da9a9bb9c17a017d8c80a4ff5ea97
all5/Probabilistic_choice/[2-1][5-1][8-10][11-1].wasm,2a1da9a9bb9c17a017d8c80a4ff5ea97
all5/Probabilistic_choice/[2-1][5-1][8-10][11-1][14-1].wasm,2a1da9a9bb9c17a017d8c80a4ff5ea97
all5/Probabilistic_choice/[2-1][5-1][8-10][11-1][14-1][15-1].wasm,2a1da9a9bb9c17a017d8c80a4ff5ea97
all5/Probabilistic_choice/[2-1][5-1][8-10][11-1][15-1].wasm,2a1da9a9bb9c17a017d8c80a4ff5ea97
all5/Probabilistic_choice/[2-1][5-1][8-10][14-1].wasm,2a1da9a9bb9c17a017d8c80a4ff5ea97
all5/Probabilistic_choice/[2-1][5-1][8-10][14-1][15-1].wasm,2a1da9a9bb9c17a017d8c80a4ff5ea97
all5/Probabilistic_choice/[2-1][5-1][8-10][15-1].wasm,2a1da9a9bb9c17a017d8c80a4ff5ea97
all5/Probabilistic_choice/[2-1][5-1][8-1].wasm,2a1da9a9bb9c17a017d8c80a4ff5ea97
all5/Probabilistic_choice/[2-1][5-1][8-1][11-1].wasm,2a1da9a9bb9c17a017d8c80a4ff5ea97
all5/Probabilistic_choice/[2-1][5-1][8-1][11-1][14-1].wasm,2a1da9a9bb9c17a017d8c80a4ff5ea97
all5/Probabilistic_choice/[2-1][5-1][8-1][11-1][14-1][15-1].wasm,2a1da9a9bb9c17a017d8c80a4ff5ea97
all5/Probabilistic_choice/[2-1][5-1][8-1][11-1][15-1].wasm,2a1da9a9bb9c17a017d8c80a4ff5ea97
all5/Probabilistic_choice/[2-1][5-1][8-1][14-1].wasm,2a1da9a9bb9c17a017d8c80a4ff5ea97
all5/Probabilistic_choice/[2-1][5-1][8-1][14-1][15-1].wasm,2a1da9a9bb9c17a017d8c80a4ff5ea97
all5/Probabilistic_choice/[2-1][5-1][8-1][15-1].wasm,2a1da9a9bb9c17a017d8c80a4ff5ea97
all5/Probabilistic_choice/[2-1][5-1][8-2].wasm,2a1da9a9bb9c17a017d8c80a4ff5ea97
all5/Probabilistic_choice/[2-1][5-1][8-2][11-1].wasm,2a1da9a9bb9c17a017d8c80a4ff5ea97
all5/Probabilistic_choice/[2-1][5-1][8-2][11-1][14-1].wasm,2a1da9a9bb9c17a017d8c80a4ff5ea97
all5/Probabilistic_choice/[2-1][5-1][8-2][11-1][14-1][15-1].wasm,2a1da9a9bb9c17a017d8c80a4ff5ea97
all5/Probabilistic_choice/[2-1][5-1][8-2][11-1][15-1].wasm,2a1da9a9bb9c17a017d8c80a4ff5ea97
all5/Probabilistic_choice/[2-1][5-1][8-2][14-1].wasm,2a1da9a9bb9c17a017d8c80a4ff5ea97
all5/Probabilistic_choice/[2-1][5-1][8-2][14-1][15-1].wasm,2a1da9a9bb9c17a017d8c80a4ff5ea97
all5/Probabilistic_choice/[2-1][5-1][8-2][15-1].wasm,2a1da9a9bb9c17a017d8c80a4ff5ea97
all5/Probabilistic_choice/[2-1][5-1][8-3].wasm,2a1da9a9bb9c17a017d8c80a4ff5ea97
all5/Probabilistic_choice/[2-1][5-1][8-3][11-1].wasm,2a1da9a9bb9c17a017d8c80a4ff5ea97
all5/Probabilistic_choice/[2-1][5-1][8-3][11-1][14-1].wasm,2a1da9a9bb9c17a017d8c80a4ff5ea97
all5/Probabilistic_choice/[2-1][5-1][8-3][11-1][14-1][15-1].wasm,2a1da9a9bb9c17a017d8c80a4ff5ea97
all5/Probabilistic_choice/[2-1][5-1][8-3][11-1][15-1].wasm,2a1da9a9bb9c17a017d8c80a4ff5ea97
all5/Probabilistic_choice/[2-1][5-1][8-3][14-1].wasm,2a1da9a9bb9c17a017d8c80a4ff5ea97
all5/Probabilistic_choice/[2-1][5-1][8-3][14-1][15-1].wasm,2a1da9a9bb9c17a017d8c80a4ff5ea97
all5/Probabilistic_choice/[2-1][5-1][8-3][15-1].wasm,2a1da9a9bb9c17a017d8c80a4ff5ea97
all5/Probabilistic_choice/[2-1][5-1][8-4].wasm,2a1da9a9bb9c17a017d8c80a4ff5ea97
all5/Probabilistic_choice/[2-1][5-1][8-4][11-1].wasm,2a1da9a9bb9c17a017d8c80a4ff5ea97
all5/Probabilistic_choice/[2-1][5-1][8-4][11-1][14-1].wasm,2a1da9a9bb9c17a017d8c80a4ff5ea97
all5/Probabilistic_choice/[2-1][5-1][8-4][11-1][14-1][15-1].wasm,2a1da9a9bb9c17a017d8c80a4ff5ea97
all5/Probabilistic_choice/[2-1][5-1][8-4][11-1][15-1].wasm,2a1da9a9bb9c17a017d8c80a4ff5ea97
all5/Probabilistic_choice/[2-1][5-1][8-4][14-1].wasm,2a1da9a9bb9c17a017d8c80a4ff5ea97
all5/Probabilistic_choice/[2-1][5-1][8-4][14-1][15-1].wasm,2a1da9a9bb9c17a017d8c80a4ff5ea97
all5/Probabilistic_choice/[2-1][5-1][8-4][15-1].wasm,2a1da9a9bb9c17a017d8c80a4ff5ea97
all5/Probabilistic_choice/[2-1][5-1][8-5].wasm,2a1da9a9bb9c17a017d8c80a4ff5ea97
all5/Probabilistic_choice/[2-1][5-1][8-5][11-1].wasm,2a1da9a9bb9c17a017d8c80a4ff5ea97
all5/Probabilistic_choice/[2-1][5-1][8-5][11-1][14-1].wasm,2a1da9a9bb9c17a017d8c80a4ff5ea97
all5/Probabilistic_choice/[2-1][5-1][8-5][11-1][14-1][15-1].wasm,2a1da9a9bb9c17a017d8c80a4ff5ea97
all5/Probabilistic_choice/[2-1][5-1][8-5][11-1][15-1].wasm,2a1da9a9bb9c17a017d8c80a4ff5ea97
all5/Probabilistic_choice/[2-1][5-1][8-5][14-1].wasm,2a1da9a9bb9c17a017d8c80a4ff5ea97
all5/Probabilistic_choice/[2-1][5-1][8-5][14-1][15-1].wasm,2a1da9a9bb9c17a017d8c80a4ff5ea97
all5/Probabilistic_choice/[2-1][5-1][8-5][15-1].wasm,2a1da9a9bb9c17a017d8c80a4ff5ea97
all5/Probabilistic_choice/[2-1][5-1][8-6].wasm,2a1da9a9bb9c17a017d8c80a4ff5ea97
all5/Probabilistic_choice/[2-1][5-1][8-6][11-1].wasm,2a1da9a9bb9c17a017d8c80a4ff5ea97
all5/Probabilistic_choice/[2-1][5-1][8-6][11-1][14-1].wasm,2a1da9a9bb9c17a017d8c80a4ff5ea97
all5/Probabilistic_choice/[2-1][5-1][8-6][11-1][14-1][15-1].wasm,2a1da9a9bb9c17a017d8c80a4ff5ea97
all5/Probabilistic_choice/[2-1][5-1][8-6][11-1][15-1].wasm,2a1da9a9bb9c17a017d8c80a4ff5ea97
all5/Probabilistic_choice/[2-1][5-1][8-6][14-1].wasm,2a1da9a9bb9c17a017d8c80a4ff5ea97
all5/Probabilistic_choice/[2-1][5-1][8-6][14-1][15-1].wasm,2a1da9a9bb9c17a017d8c80a4ff5ea97
all5/Probabilistic_choice/[2-1][5-1][8-6][15-1].wasm,2a1da9a9bb9c17a017d8c80a4ff5ea97
all5/Probabilistic_choice/[2-1][5-1][8-7].wasm,2a1da9a9bb9c17a017d8c80a4ff5ea97
all5/Probabilistic_choice/[2-1][5-1][8-7][11-1].wasm,2a1da9a9bb9c17a017d8c80a4ff5ea97
all5/Probabilistic_choice/[2-1][5-1][8-7][11-1][14-1].wasm,2a1da9a9bb9c17a017d8c80a4ff5ea97
all5/Probabilistic_choice/[2-1][5-1][8-7][11-1][14-1][15-1].wasm,2a1da9a9bb9c17a017d8c80a4ff5ea97
all5/Probabilistic_choice/[2-1][5-1][8-7][11-1][15-1].wasm,2a1da9a9bb9c17a017d8c80a4ff5ea97
all5/Probabilistic_choice/[2-1][5-1][8-7][14-1].wasm,2a1da9a9bb9c17a017d8c80a4ff5ea97
all5/Probabilistic_choice/[2-1][5-1][8-7][14-1][15-1].wasm,2a1da9a9bb9c17a017d8c80a4ff5ea97
all5/Probabilistic_choice/[2-1][5-1][8-7][15-1].wasm,2a1da9a9bb9c17a017d8c80a4ff5ea97
all5/Probabilistic_choice/[2-1][5-1][8-8].wasm,2a1da9a9bb9c17a017d8c80a4ff5ea97
all5/Probabilistic_choice/[2-1][5-1][8-8][11-1].wasm,2a1da9a9bb9c17a017d8c80a4ff5ea97
all5/Probabilistic_choice/[2-1][5-1][8-8][11-1][14-1].wasm,2a1da9a9bb9c17a017d8c80a4ff5ea97
all5/Probabilistic_choice/[2-1][5-1][8-8][11-1][14-1][15-1].wasm,2a1da9a9bb9c17a017d8c80a4ff5ea97
all5/Probabilistic_choice/[2-1][5-1][8-8][11-1][15-1].wasm,2a1da9a9bb9c17a017d8c80a4ff5ea97
all5/Probabilistic_choice/[2-1][5-1][8-8][14-1].wasm,2a1da9a9bb9c17a017d8c80a4ff5ea97
all5/Probabilistic_choice/[2-1][5-1][8-8][14-1][15-1].wasm,2a1da9a9bb9c17a017d8c80a4ff5ea97
all5/Probabilistic_choice/[2-1][5-1][8-8][15-1].wasm,2a1da9a9bb9c17a017d8c80a4ff5ea97
all5/Probabilistic_choice/[2-1][5-1][8-9].wasm,2a1da9a9bb9c17a017d8c80a4ff5ea97
all5/Probabilistic_choice/[2-1][5-1][8-9][11-1].wasm,2a1da9a9bb9c17a017d8c80a4ff5ea97
all5/Probabilistic_choice/[2-1][5-1][8-9][11-1][14-1].wasm,2a1da9a9bb9c17a017d8c80a4ff5ea97
all5/Probabilistic_choice/[2-1][5-1][8-9][11-1][14-1][15-1].wasm,2a1da9a9bb9c17a017d8c80a4ff5ea97
all5/Probabilistic_choice/[2-1][5-1][8-9][11-1][15-1].wasm,2a1da9a9bb9c17a017d8c80a4ff5ea97
all5/Probabilistic_choice/[2-1][5-1][8-9][14-1].wasm,2a1da9a9bb9c17a017d8c80a4ff5ea97
all5/Probabilistic_choice/[2-1][5-1][8-9][14-1][15-1].wasm,2a1da9a9bb9c17a017d8c80a4ff5ea97
all5/Probabilistic_choice/[2-1][5-1][8-9][15-1].wasm,2a1da9a9bb9c17a017d8c80a4ff5ea97
all5/Probabilistic_choice/[2-1][8-10].wasm,2a1da9a9bb9c17a017d8c80a4ff5ea97
all5/Probabilistic_choice/[2-1][8-10][11-1].wasm,2a1da9a9bb9c17a017d8c80a4ff5ea97
all5/Probabilistic_choice/[2-1][8-10][11-1][14-1].wasm,2a1da9a9bb9c17a017d8c80a4ff5ea97
all5/Probabilistic_choice/[2-1][8-10][11-1][14-1][15-1].wasm,2a1da9a9bb9c17a017d8c80a4ff5ea97
all5/Probabilistic_choice/[2-1][8-10][11-1][15-1].wasm,2a1da9a9bb9c17a017d8c80a4ff5ea97
all5/Probabilistic_choice/[2-1][8-10][14-1].wasm,2a1da9a9bb9c17a017d8c80a4ff5ea97
all5/Probabilistic_choice/[2-1][8-10][14-1][15-1].wasm,2a1da9a9bb9c17a017d8c80a4ff5ea97
all5/Probabilistic_choice/[2-1][8-10][15-1].wasm,2a1da9a9bb9c17a017d8c80a4ff5ea97
all5/Probabilistic_choice/[2-1][8-1].wasm,2a1da9a9bb9c17a017d8c80a4ff5ea97
all5/Probabilistic_choice/[2-1][8-1][11-1].wasm,2a1da9a9bb9c17a017d8c80a4ff5ea97
all5/Probabilistic_choice/[2-1][8-1][11-1][14-1].wasm,2a1da9a9bb9c17a017d8c80a4ff5ea97
all5/Probabilistic_choice/[2-1][8-1][11-1][14-1][15-1].wasm,2a1da9a9bb9c17a017d8c80a4ff5ea97
all5/Probabilistic_choice/[2-1][8-1][11-1][15-1].wasm,2a1da9a9bb9c17a017d8c80a4ff5ea97
all5/Probabilistic_choice/[2-1][8-1][14-1].wasm,2a1da9a9bb9c17a017d8c80a4ff5ea97
all5/Probabilistic_choice/[2-1][8-1][14-1][15-1].wasm,2a1da9a9bb9c17a017d8c80a4ff5ea97
all5/Probabilistic_choice/[2-1][8-1][15-1].wasm,2a1da9a9bb9c17a017d8c80a4ff5ea97
all5/Probabilistic_choice/[2-1][8-2].wasm,2a1da9a9bb9c17a017d8c80a4ff5ea97
all5/Probabilistic_choice/[2-1][8-2][11-1].wasm,2a1da9a9bb9c17a017d8c80a4ff5ea97
all5/Probabilistic_choice/[2-1][8-2][11-1][14-1].wasm,2a1da9a9bb9c17a017d8c80a4ff5ea97
all5/Probabilistic_choice/[2-1][8-2][11-1][14-1][15-1].wasm,2a1da9a9bb9c17a017d8c80a4ff5ea97
all5/Probabilistic_choice/[2-1][8-2][11-1][15-1].wasm,2a1da9a9bb9c17a017d8c80a4ff5ea97
all5/Probabilistic_choice/[2-1][8-2][14-1].wasm,2a1da9a9bb9c17a017d8c80a4ff5ea97
all5/Probabilistic_choice/[2-1][8-2][14-1][15-1].wasm,2a1da9a9bb9c17a017d8c80a4ff5ea97
all5/Probabilistic_choice/[2-1][8-2][15-1].wasm,2a1da9a9bb9c17a017d8c80a4ff5ea97
all5/Probabilistic_choice/[2-1][8-3].wasm,2a1da9a9bb9c17a017d8c80a4ff5ea97
all5/Probabilistic_choice/[2-1][8-3][11-1].wasm,2a1da9a9bb9c17a017d8c80a4ff5ea97
all5/Probabilistic_choice/[2-1][8-3][11-1][14-1].wasm,2a1da9a9bb9c17a017d8c80a4ff5ea97
all5/Probabilistic_choice/[2-1][8-3][11-1][14-1][15-1].wasm,2a1da9a9bb9c17a017d8c80a4ff5ea97
all5/Probabilistic_choice/[2-1][8-3][11-1][15-1].wasm,2a1da9a9bb9c17a017d8c80a4ff5ea97
all5/Probabilistic_choice/[2-1][8-3][14-1].wasm,2a1da9a9bb9c17a017d8c80a4ff5ea97
all5/Probabilistic_choice/[2-1][8-3][14-1][15-1].wasm,2a1da9a9bb9c17a017d8c80a4ff5ea97
all5/Probabilistic_choice/[2-1][8-3][15-1].wasm,2a1da9a9bb9c17a017d8c80a4ff5ea97
all5/Probabilistic_choice/[2-1][8-4].wasm,2a1da9a9bb9c17a017d8c80a4ff5ea97
all5/Probabilistic_choice/[2-1][8-4][11-1].wasm,2a1da9a9bb9c17a017d8c80a4ff5ea97
all5/Probabilistic_choice/[2-1][8-4][11-1][14-1].wasm,2a1da9a9bb9c17a017d8c80a4ff5ea97
all5/Probabilistic_choice/[2-1][8-4][11-1][14-1][15-1].wasm,2a1da9a9bb9c17a017d8c80a4ff5ea97
all5/Probabilistic_choice/[2-1][8-4][11-1][15-1].wasm,2a1da9a9bb9c17a017d8c80a4ff5ea97
all5/Probabilistic_choice/[2-1][8-4][14-1].wasm,2a1da9a9bb9c17a017d8c80a4ff5ea97
all5/Probabilistic_choice/[2-1][8-4][14-1][15-1].wasm,2a1da9a9bb9c17a017d8c80a4ff5ea97
all5/Probabilistic_choice/[2-1][8-4][15-1].wasm,2a1da9a9bb9c17a017d8c80a4ff5ea97
all5/Probabilistic_choice/[2-1][8-5].wasm,2a1da9a9bb9c17a017d8c80a4ff5ea97
all5/Probabilistic_choice/[2-1][8-5][11-1].wasm,2a1da9a9bb9c17a017d8c80a4ff5ea97
all5/Probabilistic_choice/[2-1][8-5][11-1][14-1].wasm,2a1da9a9bb9c17a017d8c80a4ff5ea97
all5/Probabilistic_choice/[2-1][8-5][11-1][14-1][15-1].wasm,2a1da9a9bb9c17a017d8c80a4ff5ea97
all5/Probabilistic_choice/[2-1][8-5][11-1][15-1].wasm,2a1da9a9bb9c17a017d8c80a4ff5ea97
all5/Probabilistic_choice/[2-1][8-5][14-1].wasm,2a1da9a9bb9c17a017d8c80a4ff5ea97
all5/Probabilistic_choice/[2-1][8-5][14-1][15-1].wasm,2a1da9a9bb9c17a017d8c80a4ff5ea97
all5/Probabilistic_choice/[2-1][8-5][15-1].wasm,2a1da9a9bb9c17a017d8c80a4ff5ea97
all5/Probabilistic_choice/[2-1][8-6].wasm,2a1da9a9bb9c17a017d8c80a4ff5ea97
all5/Probabilistic_choice/[2-1][8-6][11-1].wasm,2a1da9a9bb9c17a017d8c80a4ff5ea97
all5/Probabilistic_choice/[2-1][8-6][11-1][14-1].wasm,2a1da9a9bb9c17a017d8c80a4ff5ea97
all5/Probabilistic_choice/[2-1][8-6][11-1][14-1][15-1].wasm,2a1da9a9bb9c17a017d8c80a4ff5ea97
all5/Probabilistic_choice/[2-1][8-6][11-1][15-1].wasm,2a1da9a9bb9c17a017d8c80a4ff5ea97
all5/Probabilistic_choice/[2-1][8-6][14-1].wasm,2a1da9a9bb9c17a017d8c80a4ff5ea97
all5/Probabilistic_choice/[2-1][8-6][14-1][15-1].wasm,2a1da9a9bb9c17a017d8c80a4ff5ea97
all5/Probabilistic_choice/[2-1][8-6][15-1].wasm,2a1da9a9bb9c17a017d8c80a4ff5ea97
all5/Probabilistic_choice/[2-1][8-7].wasm,2a1da9a9bb9c17a017d8c80a4ff5ea97
all5/Probabilistic_choice/[2-1][8-7][11-1].wasm,2a1da9a9bb9c17a017d8c80a4ff5ea97
all5/Probabilistic_choice/[2-1][8-7][11-1][14-1].wasm,2a1da9a9bb9c17a017d8c80a4ff5ea97
all5/Probabilistic_choice/[2-1][8-7][11-1][14-1][15-1].wasm,2a1da9a9bb9c17a017d8c80a4ff5ea97
all5/Probabilistic_choice/[2-1][8-7][11-1][15-1].wasm,2a1da9a9bb9c17a017d8c80a4ff5ea97
all5/Probabilistic_choice/[2-1][8-7][14-1].wasm,2a1da9a9bb9c17a017d8c80a4ff5ea97
all5/Probabilistic_choice/[2-1][8-7][14-1][15-1].wasm,2a1da9a9bb9c17a017d8c80a4ff5ea97
all5/Probabilistic_choice/[2-1][8-7][15-1].wasm,2a1da9a9bb9c17a017d8c80a4ff5ea97
all5/Probabilistic_choice/[2-1][8-8].wasm,2a1da9a9bb9c17a017d8c80a4ff5ea97
all5/Probabilistic_choice/[2-1][8-8][11-1].wasm,2a1da9a9bb9c17a017d8c80a4ff5ea97
all5/Probabilistic_choice/[2-1][8-8][11-1][14-1].wasm,2a1da9a9bb9c17a017d8c80a4ff5ea97
all5/Probabilistic_choice/[2-1][8-8][11-1][14-1][15-1].wasm,2a1da9a9bb9c17a017d8c80a4ff5ea97
all5/Probabilistic_choice/[2-1][8-8][11-1][15-1].wasm,2a1da9a9bb9c17a017d8c80a4ff5ea97
all5/Probabilistic_choice/[2-1][8-8][14-1].wasm,2a1da9a9bb9c17a017d8c80a4ff5ea97
all5/Probabilistic_choice/[2-1][8-8][14-1][15-1].wasm,2a1da9a9bb9c17a017d8c80a4ff5ea97
all5/Probabilistic_choice/[2-1][8-8][15-1].wasm,2a1da9a9bb9c17a017d8c80a4ff5ea97
all5/Probabilistic_choice/[2-1][8-9].wasm,2a1da9a9bb9c17a017d8c80a4ff5ea97
all5/Probabilistic_choice/[2-1][8-9][11-1].wasm,2a1da9a9bb9c17a017d8c80a4ff5ea97
all5/Probabilistic_choice/[2-1][8-9][11-1][14-1].wasm,2a1da9a9bb9c17a017d8c80a4ff5ea97
all5/Probabilistic_choice/[2-1][8-9][11-1][14-1][15-1].wasm,2a1da9a9bb9c17a017d8c80a4ff5ea97
all5/Probabilistic_choice/[2-1][8-9][11-1][15-1].wasm,2a1da9a9bb9c17a017d8c80a4ff5ea97
all5/Probabilistic_choice/[2-1][8-9][14-1].wasm,2a1da9a9bb9c17a017d8c80a4ff5ea97
all5/Probabilistic_choice/[2-1][8-9][14-1][15-1].wasm,2a1da9a9bb9c17a017d8c80a4ff5ea97
all5/Probabilistic_choice/[2-1][8-9][15-1].wasm,2a1da9a9bb9c17a017d8c80a4ff5ea97
all5/Probabilistic_choice/[2-2].wasm,2a1da9a9bb9c17a017d8c80a4ff5ea97
all5/Probabilistic_choice/[2-2][11-1].wasm,2a1da9a9bb9c17a017d8c80a4ff5ea97
all5/Probabilistic_choice/[2-2][11-1][14-1].wasm,2a1da9a9bb9c17a017d8c80a4ff5ea97
all5/Probabilistic_choice/[2-2][11-1][14-1][15-1].wasm,2a1da9a9bb9c17a017d8c80a4ff5ea97
all5/Probabilistic_choice/[2-2][11-1][15-1].wasm,2a1da9a9bb9c17a017d8c80a4ff5ea97
all5/Probabilistic_choice/[2-2][14-1].wasm,2a1da9a9bb9c17a017d8c80a4ff5ea97
all5/Probabilistic_choice/[2-2][14-1][15-1].wasm,2a1da9a9bb9c17a017d8c80a4ff5ea97
all5/Probabilistic_choice/[2-2][15-1].wasm,2a1da9a9bb9c17a017d8c80a4ff5ea97
all5/Probabilistic_choice/[2-2][5-1].wasm,2a1da9a9bb9c17a017d8c80a4ff5ea97
all5/Probabilistic_choice/[2-2][5-1][11-1].wasm,2a1da9a9bb9c17a017d8c80a4ff5ea97
all5/Probabilistic_choice/[2-2][5-1][11-1][14-1].wasm,2a1da9a9bb9c17a017d8c80a4ff5ea97
all5/Probabilistic_choice/[2-2][5-1][11-1][14-1][15-1].wasm,2a1da9a9bb9c17a017d8c80a4ff5ea97
all5/Probabilistic_choice/[2-2][5-1][11-1][15-1].wasm,2a1da9a9bb9c17a017d8c80a4ff5ea97
all5/Probabilistic_choice/[2-2][5-1][14-1].wasm,2a1da9a9bb9c17a017d8c80a4ff5ea97
all5/Probabilistic_choice/[2-2][5-1][14-1][15-1].wasm,2a1da9a9bb9c17a017d8c80a4ff5ea97
all5/Probabilistic_choice/[2-2][5-1][15-1].wasm,2a1da9a9bb9c17a017d8c80a4ff5ea97
all5/Probabilistic_choice/[2-2][5-1][8-10].wasm,2a1da9a9bb9c17a017d8c80a4ff5ea97
all5/Probabilistic_choice/[2-2][5-1][8-10][11-1].wasm,2a1da9a9bb9c17a017d8c80a4ff5ea97
all5/Probabilistic_choice/[2-2][5-1][8-10][11-1][14-1].wasm,2a1da9a9bb9c17a017d8c80a4ff5ea97
all5/Probabilistic_choice/[2-2][5-1][8-10][11-1][14-1][15-1].wasm,2a1da9a9bb9c17a017d8c80a4ff5ea97
all5/Probabilistic_choice/[2-2][5-1][8-10][11-1][15-1].wasm,2a1da9a9bb9c17a017d8c80a4ff5ea97
all5/Probabilistic_choice/[2-2][5-1][8-10][14-1].wasm,2a1da9a9bb9c17a017d8c80a4ff5ea97
all5/Probabilistic_choice/[2-2][5-1][8-10][14-1][15-1].wasm,2a1da9a9bb9c17a017d8c80a4ff5ea97
all5/Probabilistic_choice/[2-2][5-1][8-10][15-1].wasm,2a1da9a9bb9c17a017d8c80a4ff5ea97
all5/Probabilistic_choice/[2-2][5-1][8-1].wasm,2a1da9a9bb9c17a017d8c80a4ff5ea97
all5/Probabilistic_choice/[2-2][5-1][8-1][11-1].wasm,2a1da9a9bb9c17a017d8c80a4ff5ea97
all5/Probabilistic_choice/[2-2][5-1][8-1][11-1][14-1].wasm,2a1da9a9bb9c17a017d8c80a4ff5ea97
all5/Probabilistic_choice/[2-2][5-1][8-1][11-1][14-1][15-1].wasm,2a1da9a9bb9c17a017d8c80a4ff5ea97
all5/Probabilistic_choice/[2-2][5-1][8-1][11-1][15-1].wasm,2a1da9a9bb9c17a017d8c80a4ff5ea97
all5/Probabilistic_choice/[2-2][5-1][8-1][14-1].wasm,2a1da9a9bb9c17a017d8c80a4ff5ea97
all5/Probabilistic_choice/[2-2][5-1][8-1][14-1][15-1].wasm,2a1da9a9bb9c17a017d8c80a4ff5ea97
all5/Probabilistic_choice/[2-2][5-1][8-1][15-1].wasm,2a1da9a9bb9c17a017d8c80a4ff5ea97
all5/Probabilistic_choice/[2-2][5-1][8-2].wasm,2a1da9a9bb9c17a017d8c80a4ff5ea97
all5/Probabilistic_choice/[2-2][5-1][8-2][11-1].wasm,2a1da9a9bb9c17a017d8c80a4ff5ea97
all5/Probabilistic_choice/[2-2][5-1][8-2][11-1][14-1].wasm,2a1da9a9bb9c17a017d8c80a4ff5ea97
all5/Probabilistic_choice/[2-2][5-1][8-2][11-1][14-1][15-1].wasm,2a1da9a9bb9c17a017d8c80a4ff5ea97
all5/Probabilistic_choice/[2-2][5-1][8-2][11-1][15-1].wasm,2a1da9a9bb9c17a017d8c80a4ff5ea97
all5/Probabilistic_choice/[2-2][5-1][8-2][14-1].wasm,2a1da9a9bb9c17a017d8c80a4ff5ea97
all5/Probabilistic_choice/[2-2][5-1][8-2][14-1][15-1].wasm,2a1da9a9bb9c17a017d8c80a4ff5ea97
all5/Probabilistic_choice/[2-2][5-1][8-2][15-1].wasm,2a1da9a9bb9c17a017d8c80a4ff5ea97
all5/Probabilistic_choice/[2-2][5-1][8-3].wasm,2a1da9a9bb9c17a017d8c80a4ff5ea97
all5/Probabilistic_choice/[2-2][5-1][8-3][11-1].wasm,2a1da9a9bb9c17a017d8c80a4ff5ea97
all5/Probabilistic_choice/[2-2][5-1][8-3][11-1][14-1].wasm,2a1da9a9bb9c17a017d8c80a4ff5ea97
all5/Probabilistic_choice/[2-2][5-1][8-3][11-1][14-1][15-1].wasm,2a1da9a9bb9c17a017d8c80a4ff5ea97
all5/Probabilistic_choice/[2-2][5-1][8-3][11-1][15-1].wasm,2a1da9a9bb9c17a017d8c80a4ff5ea97
all5/Probabilistic_choice/[2-2][5-1][8-3][14-1].wasm,2a1da9a9bb9c17a017d8c80a4ff5ea97
all5/Probabilistic_choice/[2-2][5-1][8-3][14-1][15-1].wasm,2a1da9a9bb9c17a017d8c80a4ff5ea97
all5/Probabilistic_choice/[2-2][5-1][8-3][15-1].wasm,2a1da9a9bb9c17a017d8c80a4ff5ea97
all5/Probabilistic_choice/[2-2][5-1][8-4].wasm,2a1da9a9bb9c17a017d8c80a4ff5ea97
all5/Probabilistic_choice/[2-2][5-1][8-4][11-1].wasm,2a1da9a9bb9c17a017d8c80a4ff5ea97
all5/Probabilistic_choice/[2-2][5-1][8-4][11-1][14-1].wasm,2a1da9a9bb9c17a017d8c80a4ff5ea97
all5/Probabilistic_choice/[2-2][5-1][8-4][11-1][14-1][15-1].wasm,2a1da9a9bb9c17a017d8c80a4ff5ea97
all5/Probabilistic_choice/[2-2][5-1][8-4][11-1][15-1].wasm,2a1da9a9bb9c17a017d8c80a4ff5ea97
all5/Probabilistic_choice/[2-2][5-1][8-4][14-1].wasm,2a1da9a9bb9c17a017d8c80a4ff5ea97
all5/Probabilistic_choice/[2-2][5-1][8-4][14-1][15-1].wasm,2a1da9a9bb9c17a017d8c80a4ff5ea97
all5/Probabilistic_choice/[2-2][5-1][8-4][15-1].wasm,2a1da9a9bb9c17a017d8c80a4ff5ea97
all5/Probabilistic_choice/[2-2][5-1][8-5].wasm,2a1da9a9bb9c17a017d8c80a4ff5ea97
all5/Probabilistic_choice/[2-2][5-1][8-5][11-1].wasm,2a1da9a9bb9c17a017d8c80a4ff5ea97
all5/Probabilistic_choice/[2-2][5-1][8-5][11-1][14-1].wasm,2a1da9a9bb9c17a017d8c80a4ff5ea97
all5/Probabilistic_choice/[2-2][5-1][8-5][11-1][14-1][15-1].wasm,2a1da9a9bb9c17a017d8c80a4ff5ea97
all5/Probabilistic_choice/[2-2][5-1][8-5][11-1][15-1].wasm,2a1da9a9bb9c17a017d8c80a4ff5ea97
all5/Probabilistic_choice/[2-2][5-1][8-5][14-1].wasm,2a1da9a9bb9c17a017d8c80a4ff5ea97
all5/Probabilistic_choice/[2-2][5-1][8-5][14-1][15-1].wasm,2a1da9a9bb9c17a017d8c80a4ff5ea97
all5/Probabilistic_choice/[2-2][5-1][8-5][15-1].wasm,2a1da9a9bb9c17a017d8c80a4ff5ea97
all5/Probabilistic_choice/[2-2][5-1][8-6].wasm,2a1da9a9bb9c17a017d8c80a4ff5ea97
all5/Probabilistic_choice/[2-2][5-1][8-6][11-1].wasm,2a1da9a9bb9c17a017d8c80a4ff5ea97
all5/Probabilistic_choice/[2-2][5-1][8-6][11-1][14-1].wasm,2a1da9a9bb9c17a017d8c80a4ff5ea97
all5/Probabilistic_choice/[2-2][5-1][8-6][11-1][14-1][15-1].wasm,2a1da9a9bb9c17a017d8c80a4ff5ea97
all5/Probabilistic_choice/[2-2][5-1][8-6][11-1][15-1].wasm,2a1da9a9bb9c17a017d8c80a4ff5ea97
all5/Probabilistic_choice/[2-2][5-1][8-6][14-1].wasm,2a1da9a9bb9c17a017d8c80a4ff5ea97
all5/Probabilistic_choice/[2-2][5-1][8-6][14-1][15-1].wasm,2a1da9a9bb9c17a017d8c80a4ff5ea97
all5/Probabilistic_choice/[2-2][5-1][8-6][15-1].wasm,2a1da9a9bb9c17a017d8c80a4ff5ea97
all5/Probabilistic_choice/[2-2][5-1][8-7].wasm,2a1da9a9bb9c17a017d8c80a4ff5ea97
all5/Probabilistic_choice/[2-2][5-1][8-7][11-1].wasm,2a1da9a9bb9c17a017d8c80a4ff5ea97
all5/Probabilistic_choice/[2-2][5-1][8-7][11-1][14-1].wasm,2a1da9a9bb9c17a017d8c80a4ff5ea97
all5/Probabilistic_choice/[2-2][5-1][8-7][11-1][14-1][15-1].wasm,2a1da9a9bb9c17a017d8c80a4ff5ea97
all5/Probabilistic_choice/[2-2][5-1][8-7][11-1][15-1].wasm,2a1da9a9bb9c17a017d8c80a4ff5ea97
all5/Probabilistic_choice/[2-2][5-1][8-7][14-1].wasm,2a1da9a9bb9c17a017d8c80a4ff5ea97
all5/Probabilistic_choice/[2-2][5-1][8-7][14-1][15-1].wasm,2a1da9a9bb9c17a017d8c80a4ff5ea97
all5/Probabilistic_choice/[2-2][5-1][8-7][15-1].wasm,2a1da9a9bb9c17a017d8c80a4ff5ea97
all5/Probabilistic_choice/[2-2][5-1][8-8].wasm,2a1da9a9bb9c17a017d8c80a4ff5ea97
all5/Probabilistic_choice/[2-2][5-1][8-8][11-1].wasm,2a1da9a9bb9c17a017d8c80a4ff5ea97
all5/Probabilistic_choice/[2-2][5-1][8-8][11-1][14-1].wasm,2a1da9a9bb9c17a017d8c80a4ff5ea97
all5/Probabilistic_choice/[2-2][5-1][8-8][11-1][14-1][15-1].wasm,2a1da9a9bb9c17a017d8c80a4ff5ea97
all5/Probabilistic_choice/[2-2][5-1][8-8][11-1][15-1].wasm,2a1da9a9bb9c17a017d8c80a4ff5ea97
all5/Probabilistic_choice/[2-2][5-1][8-8][14-1].wasm,2a1da9a9bb9c17a017d8c80a4ff5ea97
all5/Probabilistic_choice/[2-2][5-1][8-8][14-1][15-1].wasm,2a1da9a9bb9c17a017d8c80a4ff5ea97
all5/Probabilistic_choice/[2-2][5-1][8-8][15-1].wasm,2a1da9a9bb9c17a017d8c80a4ff5ea97
all5/Probabilistic_choice/[2-2][5-1][8-9].wasm,2a1da9a9bb9c17a017d8c80a4ff5ea97
all5/Probabilistic_choice/[2-2][5-1][8-9][11-1].wasm,2a1da9a9bb9c17a017d8c80a4ff5ea97
all5/Probabilistic_choice/[2-2][5-1][8-9][11-1][14-1].wasm,2a1da9a9bb9c17a017d8c80a4ff5ea97
all5/Probabilistic_choice/[2-2][5-1][8-9][11-1][14-1][15-1].wasm,2a1da9a9bb9c17a017d8c80a4ff5ea97
all5/Probabilistic_choice/[2-2][5-1][8-9][11-1][15-1].wasm,2a1da9a9bb9c17a017d8c80a4ff5ea97
all5/Probabilistic_choice/[2-2][5-1][8-9][14-1].wasm,2a1da9a9bb9c17a017d8c80a4ff5ea97
all5/Probabilistic_choice/[2-2][5-1][8-9][14-1][15-1].wasm,2a1da9a9bb9c17a017d8c80a4ff5ea97
all5/Probabilistic_choice/[2-2][5-1][8-9][15-1].wasm,2a1da9a9bb9c17a017d8c80a4ff5ea97
all5/Probabilistic_choice/[2-2][8-10].wasm,2a1da9a9bb9c17a017d8c80a4ff5ea97
all5/Probabilistic_choice/[2-2][8-10][11-1].wasm,2a1da9a9bb9c17a017d8c80a4ff5ea97
all5/Probabilistic_choice/[2-2][8-10][11-1][14-1].wasm,2a1da9a9bb9c17a017d8c80a4ff5ea97
all5/Probabilistic_choice/[2-2][8-10][11-1][14-1][15-1].wasm,2a1da9a9bb9c17a017d8c80a4ff5ea97
all5/Probabilistic_choice/[2-2][8-10][11-1][15-1].wasm,2a1da9a9bb9c17a017d8c80a4ff5ea97
all5/Probabilistic_choice/[2-2][8-10][14-1].wasm,2a1da9a9bb9c17a017d8c80a4ff5ea97
all5/Probabilistic_choice/[2-2][8-10][14-1][15-1].wasm,2a1da9a9bb9c17a017d8c80a4ff5ea97
all5/Probabilistic_choice/[2-2][8-10][15-1].wasm,2a1da9a9bb9c17a017d8c80a4ff5ea97
all5/Probabilistic_choice/[2-2][8-1].wasm,2a1da9a9bb9c17a017d8c80a4ff5ea97
all5/Probabilistic_choice/[2-2][8-1][11-1].wasm,2a1da9a9bb9c17a017d8c80a4ff5ea97
all5/Probabilistic_choice/[2-2][8-1][11-1][14-1].wasm,2a1da9a9bb9c17a017d8c80a4ff5ea97
all5/Probabilistic_choice/[2-2][8-1][11-1][14-1][15-1].wasm,2a1da9a9bb9c17a017d8c80a4ff5ea97
all5/Probabilistic_choice/[2-2][8-1][11-1][15-1].wasm,2a1da9a9bb9c17a017d8c80a4ff5ea97
all5/Probabilistic_choice/[2-2][8-1][14-1].wasm,2a1da9a9bb9c17a017d8c80a4ff5ea97
all5/Probabilistic_choice/[2-2][8-1][14-1][15-1].wasm,2a1da9a9bb9c17a017d8c80a4ff5ea97
all5/Probabilistic_choice/[2-2][8-1][15-1].wasm,2a1da9a9bb9c17a017d8c80a4ff5ea97
all5/Probabilistic_choice/[2-2][8-2].wasm,2a1da9a9bb9c17a017d8c80a4ff5ea97
all5/Probabilistic_choice/[2-2][8-2][11-1].wasm,2a1da9a9bb9c17a017d8c80a4ff5ea97
all5/Probabilistic_choice/[2-2][8-2][11-1][14-1].wasm,2a1da9a9bb9c17a017d8c80a4ff5ea97
all5/Probabilistic_choice/[2-2][8-2][11-1][14-1][15-1].wasm,2a1da9a9bb9c17a017d8c80a4ff5ea97
all5/Probabilistic_choice/[2-2][8-2][11-1][15-1].wasm,2a1da9a9bb9c17a017d8c80a4ff5ea97
all5/Probabilistic_choice/[2-2][8-2][14-1].wasm,2a1da9a9bb9c17a017d8c80a4ff5ea97
all5/Probabilistic_choice/[2-2][8-2][14-1][15-1].wasm,2a1da9a9bb9c17a017d8c80a4ff5ea97
all5/Probabilistic_choice/[2-2][8-2][15-1].wasm,2a1da9a9bb9c17a017d8c80a4ff5ea97
all5/Probabilistic_choice/[2-2][8-3].wasm,2a1da9a9bb9c17a017d8c80a4ff5ea97
all5/Probabilistic_choice/[2-2][8-3][11-1].wasm,2a1da9a9bb9c17a017d8c80a4ff5ea97
all5/Probabilistic_choice/[2-2][8-3][11-1][14-1].wasm,2a1da9a9bb9c17a017d8c80a4ff5ea97
all5/Probabilistic_choice/[2-2][8-3][11-1][14-1][15-1].wasm,2a1da9a9bb9c17a017d8c80a4ff5ea97
all5/Probabilistic_choice/[2-2][8-3][11-1][15-1].wasm,2a1da9a9bb9c17a017d8c80a4ff5ea97
all5/Probabilistic_choice/[2-2][8-3][14-1].wasm,2a1da9a9bb9c17a017d8c80a4ff5ea97
all5/Probabilistic_choice/[2-2][8-3][14-1][15-1].wasm,2a1da9a9bb9c17a017d8c80a4ff5ea97
all5/Probabilistic_choice/[2-2][8-3][15-1].wasm,2a1da9a9bb9c17a017d8c80a4ff5ea97
all5/Probabilistic_choice/[2-2][8-4].wasm,2a1da9a9bb9c17a017d8c80a4ff5ea97
all5/Probabilistic_choice/[2-2][8-4][11-1].wasm,2a1da9a9bb9c17a017d8c80a4ff5ea97
all5/Probabilistic_choice/[2-2][8-4][11-1][14-1].wasm,2a1da9a9bb9c17a017d8c80a4ff5ea97
all5/Probabilistic_choice/[2-2][8-4][11-1][14-1][15-1].wasm,2a1da9a9bb9c17a017d8c80a4ff5ea97
all5/Probabilistic_choice/[2-2][8-4][11-1][15-1].wasm,2a1da9a9bb9c17a017d8c80a4ff5ea97
all5/Probabilistic_choice/[2-2][8-4][14-1].wasm,2a1da9a9bb9c17a017d8c80a4ff5ea97
all5/Probabilistic_choice/[2-2][8-4][14-1][15-1].wasm,2a1da9a9bb9c17a017d8c80a4ff5ea97
all5/Probabilistic_choice/[2-2][8-4][15-1].wasm,2a1da9a9bb9c17a017d8c80a4ff5ea97
all5/Probabilistic_choice/[2-2][8-5].wasm,2a1da9a9bb9c17a017d8c80a4ff5ea97
all5/Probabilistic_choice/[2-2][8-5][11-1].wasm,2a1da9a9bb9c17a017d8c80a4ff5ea97
all5/Probabilistic_choice/[2-2][8-5][11-1][14-1].wasm,2a1da9a9bb9c17a017d8c80a4ff5ea97
all5/Probabilistic_choice/[2-2][8-5][11-1][14-1][15-1].wasm,2a1da9a9bb9c17a017d8c80a4ff5ea97
all5/Probabilistic_choice/[2-2][8-5][11-1][15-1].wasm,2a1da9a9bb9c17a017d8c80a4ff5ea97
all5/Probabilistic_choice/[2-2][8-5][14-1].wasm,2a1da9a9bb9c17a017d8c80a4ff5ea97
all5/Probabilistic_choice/[2-2][8-5][14-1][15-1].wasm,2a1da9a9bb9c17a017d8c80a4ff5ea97
all5/Probabilistic_choice/[2-2][8-5][15-1].wasm,2a1da9a9bb9c17a017d8c80a4ff5ea97
all5/Probabilistic_choice/[2-2][8-6].wasm,2a1da9a9bb9c17a017d8c80a4ff5ea97
all5/Probabilistic_choice/[2-2][8-6][11-1].wasm,2a1da9a9bb9c17a017d8c80a4ff5ea97
all5/Probabilistic_choice/[2-2][8-6][11-1][14-1].wasm,2a1da9a9bb9c17a017d8c80a4ff5ea97
all5/Probabilistic_choice/[2-2][8-6][11-1][14-1][15-1].wasm,2a1da9a9bb9c17a017d8c80a4ff5ea97
all5/Probabilistic_choice/[2-2][8-6][11-1][15-1].wasm,2a1da9a9bb9c17a017d8c80a4ff5ea97
all5/Probabilistic_choice/[2-2][8-6][14-1].wasm,2a1da9a9bb9c17a017d8c80a4ff5ea97
all5/Probabilistic_choice/[2-2][8-6][14-1][15-1].wasm,2a1da9a9bb9c17a017d8c80a4ff5ea97
all5/Probabilistic_choice/[2-2][8-6][15-1].wasm,2a1da9a9bb9c17a017d8c80a4ff5ea97
all5/Probabilistic_choice/[2-2][8-7].wasm,2a1da9a9bb9c17a017d8c80a4ff5ea97
all5/Probabilistic_choice/[2-2][8-7][11-1].wasm,2a1da9a9bb9c17a017d8c80a4ff5ea97
all5/Probabilistic_choice/[2-2][8-7][11-1][14-1].wasm,2a1da9a9bb9c17a017d8c80a4ff5ea97
all5/Probabilistic_choice/[2-2][8-7][11-1][14-1][15-1].wasm,2a1da9a9bb9c17a017d8c80a4ff5ea97
all5/Probabilistic_choice/[2-2][8-7][11-1][15-1].wasm,2a1da9a9bb9c17a017d8c80a4ff5ea97
all5/Probabilistic_choice/[2-2][8-7][14-1].wasm,2a1da9a9bb9c17a017d8c80a4ff5ea97
all5/Probabilistic_choice/[2-2][8-7][14-1][15-1].wasm,2a1da9a9bb9c17a017d8c80a4ff5ea97
all5/Probabilistic_choice/[2-2][8-7][15-1].wasm,2a1da9a9bb9c17a017d8c80a4ff5ea97
all5/Probabilistic_choice/[2-2][8-8].wasm,2a1da9a9bb9c17a017d8c80a4ff5ea97
all5/Probabilistic_choice/[2-2][8-8][11-1].wasm,2a1da9a9bb9c17a017d8c80a4ff5ea97
all5/Probabilistic_choice/[2-2][8-8][11-1][14-1].wasm,2a1da9a9bb9c17a017d8c80a4ff5ea97
all5/Probabilistic_choice/[2-2][8-8][11-1][14-1][15-1].wasm,2a1da9a9bb9c17a017d8c80a4ff5ea97
all5/Probabilistic_choice/[2-2][8-8][11-1][15-1].wasm,2a1da9a9bb9c17a017d8c80a4ff5ea97
all5/Probabilistic_choice/[2-2][8-8][14-1].wasm,2a1da9a9bb9c17a017d8c80a4ff5ea97
all5/Probabilistic_choice/[2-2][8-8][14-1][15-1].wasm,2a1da9a9bb9c17a017d8c80a4ff5ea97
all5/Probabilistic_choice/[2-2][8-8][15-1].wasm,2a1da9a9bb9c17a017d8c80a4ff5ea97
all5/Probabilistic_choice/[2-2][8-9].wasm,2a1da9a9bb9c17a017d8c80a4ff5ea97
all5/Probabilistic_choice/[2-2][8-9][11-1].wasm,2a1da9a9bb9c17a017d8c80a4ff5ea97
all5/Probabilistic_choice/[2-2][8-9][11-1][14-1].wasm,2a1da9a9bb9c17a017d8c80a4ff5ea97
all5/Probabilistic_choice/[2-2][8-9][11-1][14-1][15-1].wasm,2a1da9a9bb9c17a017d8c80a4ff5ea97
all5/Probabilistic_choice/[2-2][8-9][11-1][15-1].wasm,2a1da9a9bb9c17a017d8c80a4ff5ea97
all5/Probabilistic_choice/[2-2][8-9][14-1].wasm,2a1da9a9bb9c17a017d8c80a4ff5ea97
all5/Probabilistic_choice/[2-2][8-9][14-1][15-1].wasm,2a1da9a9bb9c17a017d8c80a4ff5ea97
all5/Probabilistic_choice/[2-2][8-9][15-1].wasm,2a1da9a9bb9c17a017d8c80a4ff5ea97
all5/Probabilistic_choice/[2-3].wasm,2a1da9a9bb9c17a017d8c80a4ff5ea97
all5/Probabilistic_choice/[2-3][11-1].wasm,2a1da9a9bb9c17a017d8c80a4ff5ea97
all5/Probabilistic_choice/[2-3][11-1][14-1].wasm,2a1da9a9bb9c17a017d8c80a4ff5ea97
all5/Probabilistic_choice/[2-3][11-1][14-1][15-1].wasm,2a1da9a9bb9c17a017d8c80a4ff5ea97
all5/Probabilistic_choice/[2-3][11-1][15-1].wasm,2a1da9a9bb9c17a017d8c80a4ff5ea97
all5/Probabilistic_choice/[2-3][14-1].wasm,2a1da9a9bb9c17a017d8c80a4ff5ea97
all5/Probabilistic_choice/[2-3][14-1][15-1].wasm,2a1da9a9bb9c17a017d8c80a4ff5ea97
all5/Probabilistic_choice/[2-3][15-1].wasm,2a1da9a9bb9c17a017d8c80a4ff5ea97
all5/Probabilistic_choice/[2-3][5-1].wasm,2a1da9a9bb9c17a017d8c80a4ff5ea97
all5/Probabilistic_choice/[2-3][5-1][11-1].wasm,2a1da9a9bb9c17a017d8c80a4ff5ea97
all5/Probabilistic_choice/[2-3][5-1][11-1][14-1].wasm,2a1da9a9bb9c17a017d8c80a4ff5ea97
all5/Probabilistic_choice/[2-3][5-1][11-1][14-1][15-1].wasm,2a1da9a9bb9c17a017d8c80a4ff5ea97
all5/Probabilistic_choice/[2-3][5-1][11-1][15-1].wasm,2a1da9a9bb9c17a017d8c80a4ff5ea97
all5/Probabilistic_choice/[2-3][5-1][14-1].wasm,2a1da9a9bb9c17a017d8c80a4ff5ea97
all5/Probabilistic_choice/[2-3][5-1][14-1][15-1].wasm,2a1da9a9bb9c17a017d8c80a4ff5ea97
all5/Probabilistic_choice/[2-3][5-1][15-1].wasm,2a1da9a9bb9c17a017d8c80a4ff5ea97
all5/Probabilistic_choice/[2-3][5-1][8-10].wasm,2a1da9a9bb9c17a017d8c80a4ff5ea97
all5/Probabilistic_choice/[2-3][5-1][8-10][11-1].wasm,2a1da9a9bb9c17a017d8c80a4ff5ea97
all5/Probabilistic_choice/[2-3][5-1][8-10][11-1][14-1].wasm,2a1da9a9bb9c17a017d8c80a4ff5ea97
all5/Probabilistic_choice/[2-3][5-1][8-10][11-1][14-1][15-1].wasm,2a1da9a9bb9c17a017d8c80a4ff5ea97
all5/Probabilistic_choice/[2-3][5-1][8-10][11-1][15-1].wasm,2a1da9a9bb9c17a017d8c80a4ff5ea97
all5/Probabilistic_choice/[2-3][5-1][8-10][14-1].wasm,2a1da9a9bb9c17a017d8c80a4ff5ea97
all5/Probabilistic_choice/[2-3][5-1][8-10][14-1][15-1].wasm,2a1da9a9bb9c17a017d8c80a4ff5ea97
all5/Probabilistic_choice/[2-3][5-1][8-10][15-1].wasm,2a1da9a9bb9c17a017d8c80a4ff5ea97
all5/Probabilistic_choice/[2-3][5-1][8-1].wasm,2a1da9a9bb9c17a017d8c80a4ff5ea97
all5/Probabilistic_choice/[2-3][5-1][8-1][11-1].wasm,2a1da9a9bb9c17a017d8c80a4ff5ea97
all5/Probabilistic_choice/[2-3][5-1][8-1][11-1][14-1].wasm,2a1da9a9bb9c17a017d8c80a4ff5ea97
all5/Probabilistic_choice/[2-3][5-1][8-1][11-1][14-1][15-1].wasm,2a1da9a9bb9c17a017d8c80a4ff5ea97
all5/Probabilistic_choice/[2-3][5-1][8-1][11-1][15-1].wasm,2a1da9a9bb9c17a017d8c80a4ff5ea97
all5/Probabilistic_choice/[2-3][5-1][8-1][14-1].wasm,2a1da9a9bb9c17a017d8c80a4ff5ea97
all5/Probabilistic_choice/[2-3][5-1][8-1][14-1][15-1].wasm,2a1da9a9bb9c17a017d8c80a4ff5ea97
all5/Probabilistic_choice/[2-3][5-1][8-1][15-1].wasm,2a1da9a9bb9c17a017d8c80a4ff5ea97
all5/Probabilistic_choice/[2-3][5-1][8-2].wasm,2a1da9a9bb9c17a017d8c80a4ff5ea97
all5/Probabilistic_choice/[2-3][5-1][8-2][11-1].wasm,2a1da9a9bb9c17a017d8c80a4ff5ea97
all5/Probabilistic_choice/[2-3][5-1][8-2][11-1][14-1].wasm,2a1da9a9bb9c17a017d8c80a4ff5ea97
all5/Probabilistic_choice/[2-3][5-1][8-2][11-1][14-1][15-1].wasm,2a1da9a9bb9c17a017d8c80a4ff5ea97
all5/Probabilistic_choice/[2-3][5-1][8-2][11-1][15-1].wasm,2a1da9a9bb9c17a017d8c80a4ff5ea97
all5/Probabilistic_choice/[2-3][5-1][8-2][14-1].wasm,2a1da9a9bb9c17a017d8c80a4ff5ea97
all5/Probabilistic_choice/[2-3][5-1][8-2][14-1][15-1].wasm,2a1da9a9bb9c17a017d8c80a4ff5ea97
all5/Probabilistic_choice/[2-3][5-1][8-2][15-1].wasm,2a1da9a9bb9c17a017d8c80a4ff5ea97
all5/Probabilistic_choice/[2-3][5-1][8-3].wasm,2a1da9a9bb9c17a017d8c80a4ff5ea97
all5/Probabilistic_choice/[2-3][5-1][8-3][11-1].wasm,2a1da9a9bb9c17a017d8c80a4ff5ea97
all5/Probabilistic_choice/[2-3][5-1][8-3][11-1][14-1].wasm,2a1da9a9bb9c17a017d8c80a4ff5ea97
all5/Probabilistic_choice/[2-3][5-1][8-3][11-1][14-1][15-1].wasm,2a1da9a9bb9c17a017d8c80a4ff5ea97
all5/Probabilistic_choice/[2-3][5-1][8-3][11-1][15-1].wasm,2a1da9a9bb9c17a017d8c80a4ff5ea97
all5/Probabilistic_choice/[2-3][5-1][8-3][14-1].wasm,2a1da9a9bb9c17a017d8c80a4ff5ea97
all5/Probabilistic_choice/[2-3][5-1][8-3][14-1][15-1].wasm,2a1da9a9bb9c17a017d8c80a4ff5ea97
all5/Probabilistic_choice/[2-3][5-1][8-3][15-1].wasm,2a1da9a9bb9c17a017d8c80a4ff5ea97
all5/Probabilistic_choice/[2-3][5-1][8-4].wasm,2a1da9a9bb9c17a017d8c80a4ff5ea97
all5/Probabilistic_choice/[2-3][5-1][8-4][11-1].wasm,2a1da9a9bb9c17a017d8c80a4ff5ea97
all5/Probabilistic_choice/[2-3][5-1][8-4][11-1][14-1].wasm,2a1da9a9bb9c17a017d8c80a4ff5ea97
all5/Probabilistic_choice/[2-3][5-1][8-4][11-1][14-1][15-1].wasm,2a1da9a9bb9c17a017d8c80a4ff5ea97
all5/Probabilistic_choice/[2-3][5-1][8-4][11-1][15-1].wasm,2a1da9a9bb9c17a017d8c80a4ff5ea97
all5/Probabilistic_choice/[2-3][5-1][8-4][14-1].wasm,2a1da9a9bb9c17a017d8c80a4ff5ea97
all5/Probabilistic_choice/[2-3][5-1][8-4][14-1][15-1].wasm,2a1da9a9bb9c17a017d8c80a4ff5ea97
all5/Probabilistic_choice/[2-3][5-1][8-4][15-1].wasm,2a1da9a9bb9c17a017d8c80a4ff5ea97
all5/Probabilistic_choice/[2-3][5-1][8-5].wasm,2a1da9a9bb9c17a017d8c80a4ff5ea97
all5/Probabilistic_choice/[2-3][5-1][8-5][11-1].wasm,2a1da9a9bb9c17a017d8c80a4ff5ea97
all5/Probabilistic_choice/[2-3][5-1][8-5][11-1][14-1].wasm,2a1da9a9bb9c17a017d8c80a4ff5ea97
all5/Probabilistic_choice/[2-3][5-1][8-5][11-1][14-1][15-1].wasm,2a1da9a9bb9c17a017d8c80a4ff5ea97
all5/Probabilistic_choice/[2-3][5-1][8-5][11-1][15-1].wasm,2a1da9a9bb9c17a017d8c80a4ff5ea97
all5/Probabilistic_choice/[2-3][5-1][8-5][14-1].wasm,2a1da9a9bb9c17a017d8c80a4ff5ea97
all5/Probabilistic_choice/[2-3][5-1][8-5][14-1][15-1].wasm,2a1da9a9bb9c17a017d8c80a4ff5ea97
all5/Probabilistic_choice/[2-3][5-1][8-5][15-1].wasm,2a1da9a9bb9c17a017d8c80a4ff5ea97
all5/Probabilistic_choice/[2-3][5-1][8-6].wasm,2a1da9a9bb9c17a017d8c80a4ff5ea97
all5/Probabilistic_choice/[2-3][5-1][8-6][11-1].wasm,2a1da9a9bb9c17a017d8c80a4ff5ea97
all5/Probabilistic_choice/[2-3][5-1][8-6][11-1][14-1].wasm,2a1da9a9bb9c17a017d8c80a4ff5ea97
all5/Probabilistic_choice/[2-3][5-1][8-6][11-1][14-1][15-1].wasm,2a1da9a9bb9c17a017d8c80a4ff5ea97
all5/Probabilistic_choice/[2-3][5-1][8-6][11-1][15-1].wasm,2a1da9a9bb9c17a017d8c80a4ff5ea97
all5/Probabilistic_choice/[2-3][5-1][8-6][14-1].wasm,2a1da9a9bb9c17a017d8c80a4ff5ea97
all5/Probabilistic_choice/[2-3][5-1][8-6][14-1][15-1].wasm,2a1da9a9bb9c17a017d8c80a4ff5ea97
all5/Probabilistic_choice/[2-3][5-1][8-6][15-1].wasm,2a1da9a9bb9c17a017d8c80a4ff5ea97
all5/Probabilistic_choice/[2-3][5-1][8-7].wasm,2a1da9a9bb9c17a017d8c80a4ff5ea97
all5/Probabilistic_choice/[2-3][5-1][8-7][11-1].wasm,2a1da9a9bb9c17a017d8c80a4ff5ea97
all5/Probabilistic_choice/[2-3][5-1][8-7][11-1][14-1].wasm,2a1da9a9bb9c17a017d8c80a4ff5ea97
all5/Probabilistic_choice/[2-3][5-1][8-7][11-1][14-1][15-1].wasm,2a1da9a9bb9c17a017d8c80a4ff5ea97
all5/Probabilistic_choice/[2-3][5-1][8-7][11-1][15-1].wasm,2a1da9a9bb9c17a017d8c80a4ff5ea97
all5/Probabilistic_choice/[2-3][5-1][8-7][14-1].wasm,2a1da9a9bb9c17a017d8c80a4ff5ea97
all5/Probabilistic_choice/[2-3][5-1][8-7][14-1][15-1].wasm,2a1da9a9bb9c17a017d8c80a4ff5ea97
all5/Probabilistic_choice/[2-3][5-1][8-7][15-1].wasm,2a1da9a9bb9c17a017d8c80a4ff5ea97
all5/Probabilistic_choice/[2-3][5-1][8-8].wasm,2a1da9a9bb9c17a017d8c80a4ff5ea97
all5/Probabilistic_choice/[2-3][5-1][8-8][11-1].wasm,2a1da9a9bb9c17a017d8c80a4ff5ea97
all5/Probabilistic_choice/[2-3][5-1][8-8][11-1][14-1].wasm,2a1da9a9bb9c17a017d8c80a4ff5ea97
all5/Probabilistic_choice/[2-3][5-1][8-8][11-1][14-1][15-1].wasm,2a1da9a9bb9c17a017d8c80a4ff5ea97
all5/Probabilistic_choice/[2-3][5-1][8-8][11-1][15-1].wasm,2a1da9a9bb9c17a017d8c80a4ff5ea97
all5/Probabilistic_choice/[2-3][5-1][8-8][14-1].wasm,2a1da9a9bb9c17a017d8c80a4ff5ea97
all5/Probabilistic_choice/[2-3][5-1][8-8][14-1][15-1].wasm,2a1da9a9bb9c17a017d8c80a4ff5ea97
all5/Probabilistic_choice/[2-3][5-1][8-8][15-1].wasm,2a1da9a9bb9c17a017d8c80a4ff5ea97
all5/Probabilistic_choice/[2-3][5-1][8-9].wasm,2a1da9a9bb9c17a017d8c80a4ff5ea97
all5/Probabilistic_choice/[2-3][5-1][8-9][11-1].wasm,2a1da9a9bb9c17a017d8c80a4ff5ea97
all5/Probabilistic_choice/[2-3][5-1][8-9][11-1][14-1].wasm,2a1da9a9bb9c17a017d8c80a4ff5ea97
all5/Probabilistic_choice/[2-3][5-1][8-9][11-1][14-1][15-1].wasm,2a1da9a9bb9c17a017d8c80a4ff5ea97
all5/Probabilistic_choice/[2-3][5-1][8-9][11-1][15-1].wasm,2a1da9a9bb9c17a017d8c80a4ff5ea97
all5/Probabilistic_choice/[2-3][5-1][8-9][14-1].wasm,2a1da9a9bb9c17a017d8c80a4ff5ea97
all5/Probabilistic_choice/[2-3][5-1][8-9][14-1][15-1].wasm,2a1da9a9bb9c17a017d8c80a4ff5ea97
all5/Probabilistic_choice/[2-3][5-1][8-9][15-1].wasm,2a1da9a9bb9c17a017d8c80a4ff5ea97
all5/Probabilistic_choice/[2-3][8-10].wasm,2a1da9a9bb9c17a017d8c80a4ff5ea97
all5/Probabilistic_choice/[2-3][8-10][11-1].wasm,2a1da9a9bb9c17a017d8c80a4ff5ea97
all5/Probabilistic_choice/[2-3][8-10][11-1][14-1].wasm,2a1da9a9bb9c17a017d8c80a4ff5ea97
all5/Probabilistic_choice/[2-3][8-10][11-1][14-1][15-1].wasm,2a1da9a9bb9c17a017d8c80a4ff5ea97
all5/Probabilistic_choice/[2-3][8-10][11-1][15-1].wasm,2a1da9a9bb9c17a017d8c80a4ff5ea97
all5/Probabilistic_choice/[2-3][8-10][14-1].wasm,2a1da9a9bb9c17a017d8c80a4ff5ea97
all5/Probabilistic_choice/[2-3][8-10][14-1][15-1].wasm,2a1da9a9bb9c17a017d8c80a4ff5ea97
all5/Probabilistic_choice/[2-3][8-10][15-1].wasm,2a1da9a9bb9c17a017d8c80a4ff5ea97
all5/Probabilistic_choice/[2-3][8-1].wasm,2a1da9a9bb9c17a017d8c80a4ff5ea97
all5/Probabilistic_choice/[2-3][8-1][11-1].wasm,2a1da9a9bb9c17a017d8c80a4ff5ea97
all5/Probabilistic_choice/[2-3][8-1][11-1][14-1].wasm,2a1da9a9bb9c17a017d8c80a4ff5ea97
all5/Probabilistic_choice/[2-3][8-1][11-1][14-1][15-1].wasm,2a1da9a9bb9c17a017d8c80a4ff5ea97
all5/Probabilistic_choice/[2-3][8-1][11-1][15-1].wasm,2a1da9a9bb9c17a017d8c80a4ff5ea97
all5/Probabilistic_choice/[2-3][8-1][14-1].wasm,2a1da9a9bb9c17a017d8c80a4ff5ea97
all5/Probabilistic_choice/[2-3][8-1][14-1][15-1].wasm,2a1da9a9bb9c17a017d8c80a4ff5ea97
all5/Probabilistic_choice/[2-3][8-1][15-1].wasm,2a1da9a9bb9c17a017d8c80a4ff5ea97
all5/Probabilistic_choice/[2-3][8-2].wasm,2a1da9a9bb9c17a017d8c80a4ff5ea97
all5/Probabilistic_choice/[2-3][8-2][11-1].wasm,2a1da9a9bb9c17a017d8c80a4ff5ea97
all5/Probabilistic_choice/[2-3][8-2][11-1][14-1].wasm,2a1da9a9bb9c17a017d8c80a4ff5ea97
all5/Probabilistic_choice/[2-3][8-2][11-1][14-1][15-1].wasm,2a1da9a9bb9c17a017d8c80a4ff5ea97
all5/Probabilistic_choice/[2-3][8-2][11-1][15-1].wasm,2a1da9a9bb9c17a017d8c80a4ff5ea97
all5/Probabilistic_choice/[2-3][8-2][14-1].wasm,2a1da9a9bb9c17a017d8c80a4ff5ea97
all5/Probabilistic_choice/[2-3][8-2][14-1][15-1].wasm,2a1da9a9bb9c17a017d8c80a4ff5ea97
all5/Probabilistic_choice/[2-3][8-2][15-1].wasm,2a1da9a9bb9c17a017d8c80a4ff5ea97
all5/Probabilistic_choice/[2-3][8-3].wasm,2a1da9a9bb9c17a017d8c80a4ff5ea97
all5/Probabilistic_choice/[2-3][8-3][11-1].wasm,2a1da9a9bb9c17a017d8c80a4ff5ea97
all5/Probabilistic_choice/[2-3][8-3][11-1][14-1].wasm,2a1da9a9bb9c17a017d8c80a4ff5ea97
all5/Probabilistic_choice/[2-3][8-3][11-1][14-1][15-1].wasm,2a1da9a9bb9c17a017d8c80a4ff5ea97
all5/Probabilistic_choice/[2-3][8-3][11-1][15-1].wasm,2a1da9a9bb9c17a017d8c80a4ff5ea97
all5/Probabilistic_choice/[2-3][8-3][14-1].wasm,2a1da9a9bb9c17a017d8c80a4ff5ea97
all5/Probabilistic_choice/[2-3][8-3][14-1][15-1].wasm,2a1da9a9bb9c17a017d8c80a4ff5ea97
all5/Probabilistic_choice/[2-3][8-3][15-1].wasm,2a1da9a9bb9c17a017d8c80a4ff5ea97
all5/Probabilistic_choice/[2-3][8-4].wasm,2a1da9a9bb9c17a017d8c80a4ff5ea97
all5/Probabilistic_choice/[2-3][8-4][11-1].wasm,2a1da9a9bb9c17a017d8c80a4ff5ea97
all5/Probabilistic_choice/[2-3][8-4][11-1][14-1].wasm,2a1da9a9bb9c17a017d8c80a4ff5ea97
all5/Probabilistic_choice/[2-3][8-4][11-1][14-1][15-1].wasm,2a1da9a9bb9c17a017d8c80a4ff5ea97
all5/Probabilistic_choice/[2-3][8-4][11-1][15-1].wasm,2a1da9a9bb9c17a017d8c80a4ff5ea97
all5/Probabilistic_choice/[2-3][8-4][14-1].wasm,2a1da9a9bb9c17a017d8c80a4ff5ea97
all5/Probabilistic_choice/[2-3][8-4][14-1][15-1].wasm,2a1da9a9bb9c17a017d8c80a4ff5ea97
all5/Probabilistic_choice/[2-3][8-4][15-1].wasm,2a1da9a9bb9c17a017d8c80a4ff5ea97
all5/Probabilistic_choice/[2-3][8-5].wasm,2a1da9a9bb9c17a017d8c80a4ff5ea97
all5/Probabilistic_choice/[2-3][8-5][11-1].wasm,2a1da9a9bb9c17a017d8c80a4ff5ea97
all5/Probabilistic_choice/[2-3][8-5][11-1][14-1].wasm,2a1da9a9bb9c17a017d8c80a4ff5ea97
all5/Probabilistic_choice/[2-3][8-5][11-1][14-1][15-1].wasm,2a1da9a9bb9c17a017d8c80a4ff5ea97
all5/Probabilistic_choice/[2-3][8-5][11-1][15-1].wasm,2a1da9a9bb9c17a017d8c80a4ff5ea97
all5/Probabilistic_choice/[2-3][8-5][14-1].wasm,2a1da9a9bb9c17a017d8c80a4ff5ea97
all5/Probabilistic_choice/[2-3][8-5][14-1][15-1].wasm,2a1da9a9bb9c17a017d8c80a4ff5ea97
all5/Probabilistic_choice/[2-3][8-5][15-1].wasm,2a1da9a9bb9c17a017d8c80a4ff5ea97
all5/Probabilistic_choice/[2-3][8-6].wasm,2a1da9a9bb9c17a017d8c80a4ff5ea97
all5/Probabilistic_choice/[2-3][8-6][11-1].wasm,2a1da9a9bb9c17a017d8c80a4ff5ea97
all5/Probabilistic_choice/[2-3][8-6][11-1][14-1].wasm,2a1da9a9bb9c17a017d8c80a4ff5ea97
all5/Probabilistic_choice/[2-3][8-6][11-1][14-1][15-1].wasm,2a1da9a9bb9c17a017d8c80a4ff5ea97
all5/Probabilistic_choice/[2-3][8-6][11-1][15-1].wasm,2a1da9a9bb9c17a017d8c80a4ff5ea97
all5/Probabilistic_choice/[2-3][8-6][14-1].wasm,2a1da9a9bb9c17a017d8c80a4ff5ea97
all5/Probabilistic_choice/[2-3][8-6][14-1][15-1].wasm,2a1da9a9bb9c17a017d8c80a4ff5ea97
all5/Probabilistic_choice/[2-3][8-6][15-1].wasm,2a1da9a9bb9c17a017d8c80a4ff5ea97
all5/Probabilistic_choice/[2-3][8-7].wasm,2a1da9a9bb9c17a017d8c80a4ff5ea97
all5/Probabilistic_choice/[2-3][8-7][11-1].wasm,2a1da9a9bb9c17a017d8c80a4ff5ea97
all5/Probabilistic_choice/[2-3][8-7][11-1][14-1].wasm,2a1da9a9bb9c17a017d8c80a4ff5ea97
all5/Probabilistic_choice/[2-3][8-7][11-1][14-1][15-1].wasm,2a1da9a9bb9c17a017d8c80a4ff5ea97
all5/Probabilistic_choice/[2-3][8-7][11-1][15-1].wasm,2a1da9a9bb9c17a017d8c80a4ff5ea97
all5/Probabilistic_choice/[2-3][8-7][14-1].wasm,2a1da9a9bb9c17a017d8c80a4ff5ea97
all5/Probabilistic_choice/[2-3][8-7][14-1][15-1].wasm,2a1da9a9bb9c17a017d8c80a4ff5ea97
all5/Probabilistic_choice/[2-3][8-7][15-1].wasm,2a1da9a9bb9c17a017d8c80a4ff5ea97
all5/Probabilistic_choice/[2-3][8-8].wasm,2a1da9a9bb9c17a017d8c80a4ff5ea97
all5/Probabilistic_choice/[2-3][8-8][11-1].wasm,2a1da9a9bb9c17a017d8c80a4ff5ea97
all5/Probabilistic_choice/[2-3][8-8][11-1][14-1].wasm,2a1da9a9bb9c17a017d8c80a4ff5ea97
all5/Probabilistic_choice/[2-3][8-8][11-1][14-1][15-1].wasm,2a1da9a9bb9c17a017d8c80a4ff5ea97
all5/Probabilistic_choice/[2-3][8-8][11-1][15-1].wasm,2a1da9a9bb9c17a017d8c80a4ff5ea97
all5/Probabilistic_choice/[2-3][8-8][14-1].wasm,2a1da9a9bb9c17a017d8c80a4ff5ea97
all5/Probabilistic_choice/[2-3][8-8][14-1][15-1].wasm,2a1da9a9bb9c17a017d8c80a4ff5ea97
all5/Probabilistic_choice/[2-3][8-8][15-1].wasm,2a1da9a9bb9c17a017d8c80a4ff5ea97
all5/Probabilistic_choice/[2-3][8-9].wasm,2a1da9a9bb9c17a017d8c80a4ff5ea97
all5/Probabilistic_choice/[2-3][8-9][11-1].wasm,2a1da9a9bb9c17a017d8c80a4ff5ea97
all5/Probabilistic_choice/[2-3][8-9][11-1][14-1].wasm,2a1da9a9bb9c17a017d8c80a4ff5ea97
all5/Probabilistic_choice/[2-3][8-9][11-1][14-1][15-1].wasm,2a1da9a9bb9c17a017d8c80a4ff5ea97
all5/Probabilistic_choice/[2-3][8-9][11-1][15-1].wasm,2a1da9a9bb9c17a017d8c80a4ff5ea97
all5/Probabilistic_choice/[2-3][8-9][14-1].wasm,2a1da9a9bb9c17a017d8c80a4ff5ea97
all5/Probabilistic_choice/[2-3][8-9][14-1][15-1].wasm,2a1da9a9bb9c17a017d8c80a4ff5ea97
all5/Probabilistic_choice/[2-3][8-9][15-1].wasm,2a1da9a9bb9c17a017d8c80a4ff5ea97
all5/Probabilistic_choice/[2-4].wasm,2a1da9a9bb9c17a017d8c80a4ff5ea97
all5/Probabilistic_choice/[2-4][11-1].wasm,2a1da9a9bb9c17a017d8c80a4ff5ea97
all5/Probabilistic_choice/[2-4][11-1][14-1].wasm,2a1da9a9bb9c17a017d8c80a4ff5ea97
all5/Probabilistic_choice/[2-4][11-1][14-1][15-1].wasm,2a1da9a9bb9c17a017d8c80a4ff5ea97
all5/Probabilistic_choice/[2-4][11-1][15-1].wasm,2a1da9a9bb9c17a017d8c80a4ff5ea97
all5/Probabilistic_choice/[2-4][14-1].wasm,2a1da9a9bb9c17a017d8c80a4ff5ea97
all5/Probabilistic_choice/[2-4][14-1][15-1].wasm,2a1da9a9bb9c17a017d8c80a4ff5ea97
all5/Probabilistic_choice/[2-4][15-1].wasm,2a1da9a9bb9c17a017d8c80a4ff5ea97
all5/Probabilistic_choice/[2-4][5-1].wasm,2a1da9a9bb9c17a017d8c80a4ff5ea97
all5/Probabilistic_choice/[2-4][5-1][11-1].wasm,2a1da9a9bb9c17a017d8c80a4ff5ea97
all5/Probabilistic_choice/[2-4][5-1][11-1][14-1].wasm,2a1da9a9bb9c17a017d8c80a4ff5ea97
all5/Probabilistic_choice/[2-4][5-1][11-1][14-1][15-1].wasm,2a1da9a9bb9c17a017d8c80a4ff5ea97
all5/Probabilistic_choice/[2-4][5-1][11-1][15-1].wasm,2a1da9a9bb9c17a017d8c80a4ff5ea97
all5/Probabilistic_choice/[2-4][5-1][14-1].wasm,2a1da9a9bb9c17a017d8c80a4ff5ea97
all5/Probabilistic_choice/[2-4][5-1][14-1][15-1].wasm,2a1da9a9bb9c17a017d8c80a4ff5ea97
all5/Probabilistic_choice/[2-4][5-1][15-1].wasm,2a1da9a9bb9c17a017d8c80a4ff5ea97
all5/Probabilistic_choice/[2-4][5-1][8-10].wasm,2a1da9a9bb9c17a017d8c80a4ff5ea97
all5/Probabilistic_choice/[2-4][5-1][8-10][11-1].wasm,2a1da9a9bb9c17a017d8c80a4ff5ea97
all5/Probabilistic_choice/[2-4][5-1][8-10][11-1][14-1].wasm,2a1da9a9bb9c17a017d8c80a4ff5ea97
all5/Probabilistic_choice/[2-4][5-1][8-10][11-1][14-1][15-1].wasm,2a1da9a9bb9c17a017d8c80a4ff5ea97
all5/Probabilistic_choice/[2-4][5-1][8-10][11-1][15-1].wasm,2a1da9a9bb9c17a017d8c80a4ff5ea97
all5/Probabilistic_choice/[2-4][5-1][8-10][14-1].wasm,2a1da9a9bb9c17a017d8c80a4ff5ea97
all5/Probabilistic_choice/[2-4][5-1][8-10][14-1][15-1].wasm,2a1da9a9bb9c17a017d8c80a4ff5ea97
all5/Probabilistic_choice/[2-4][5-1][8-10][15-1].wasm,2a1da9a9bb9c17a017d8c80a4ff5ea97
all5/Probabilistic_choice/[2-4][5-1][8-1].wasm,2a1da9a9bb9c17a017d8c80a4ff5ea97
all5/Probabilistic_choice/[2-4][5-1][8-1][11-1].wasm,2a1da9a9bb9c17a017d8c80a4ff5ea97
all5/Probabilistic_choice/[2-4][5-1][8-1][11-1][14-1].wasm,2a1da9a9bb9c17a017d8c80a4ff5ea97
all5/Probabilistic_choice/[2-4][5-1][8-1][11-1][14-1][15-1].wasm,2a1da9a9bb9c17a017d8c80a4ff5ea97
all5/Probabilistic_choice/[2-4][5-1][8-1][11-1][15-1].wasm,2a1da9a9bb9c17a017d8c80a4ff5ea97
all5/Probabilistic_choice/[2-4][5-1][8-1][14-1].wasm,2a1da9a9bb9c17a017d8c80a4ff5ea97
all5/Probabilistic_choice/[2-4][5-1][8-1][14-1][15-1].wasm,2a1da9a9bb9c17a017d8c80a4ff5ea97
all5/Probabilistic_choice/[2-4][5-1][8-1][15-1].wasm,2a1da9a9bb9c17a017d8c80a4ff5ea97
all5/Probabilistic_choice/[2-4][5-1][8-2].wasm,2a1da9a9bb9c17a017d8c80a4ff5ea97
all5/Probabilistic_choice/[2-4][5-1][8-2][11-1].wasm,2a1da9a9bb9c17a017d8c80a4ff5ea97
all5/Probabilistic_choice/[2-4][5-1][8-2][11-1][14-1].wasm,2a1da9a9bb9c17a017d8c80a4ff5ea97
all5/Probabilistic_choice/[2-4][5-1][8-2][11-1][14-1][15-1].wasm,2a1da9a9bb9c17a017d8c80a4ff5ea97
all5/Probabilistic_choice/[2-4][5-1][8-2][11-1][15-1].wasm,2a1da9a9bb9c17a017d8c80a4ff5ea97
all5/Probabilistic_choice/[2-4][5-1][8-2][14-1].wasm,2a1da9a9bb9c17a017d8c80a4ff5ea97
all5/Probabilistic_choice/[2-4][5-1][8-2][14-1][15-1].wasm,2a1da9a9bb9c17a017d8c80a4ff5ea97
all5/Probabilistic_choice/[2-4][5-1][8-2][15-1].wasm,2a1da9a9bb9c17a017d8c80a4ff5ea97
all5/Probabilistic_choice/[2-4][5-1][8-3].wasm,2a1da9a9bb9c17a017d8c80a4ff5ea97
all5/Probabilistic_choice/[2-4][5-1][8-3][11-1].wasm,2a1da9a9bb9c17a017d8c80a4ff5ea97
all5/Probabilistic_choice/[2-4][5-1][8-3][11-1][14-1].wasm,2a1da9a9bb9c17a017d8c80a4ff5ea97
all5/Probabilistic_choice/[2-4][5-1][8-3][11-1][14-1][15-1].wasm,2a1da9a9bb9c17a017d8c80a4ff5ea97
all5/Probabilistic_choice/[2-4][5-1][8-3][11-1][15-1].wasm,2a1da9a9bb9c17a017d8c80a4ff5ea97
all5/Probabilistic_choice/[2-4][5-1][8-3][14-1].wasm,2a1da9a9bb9c17a017d8c80a4ff5ea97
all5/Probabilistic_choice/[2-4][5-1][8-3][14-1][15-1].wasm,2a1da9a9bb9c17a017d8c80a4ff5ea97
all5/Probabilistic_choice/[2-4][5-1][8-3][15-1].wasm,2a1da9a9bb9c17a017d8c80a4ff5ea97
all5/Probabilistic_choice/[2-4][5-1][8-4].wasm,2a1da9a9bb9c17a017d8c80a4ff5ea97
all5/Probabilistic_choice/[2-4][5-1][8-4][11-1].wasm,2a1da9a9bb9c17a017d8c80a4ff5ea97
all5/Probabilistic_choice/[2-4][5-1][8-4][11-1][14-1].wasm,2a1da9a9bb9c17a017d8c80a4ff5ea97
all5/Probabilistic_choice/[2-4][5-1][8-4][11-1][14-1][15-1].wasm,2a1da9a9bb9c17a017d8c80a4ff5ea97
all5/Probabilistic_choice/[2-4][5-1][8-4][11-1][15-1].wasm,2a1da9a9bb9c17a017d8c80a4ff5ea97
all5/Probabilistic_choice/[2-4][5-1][8-4][14-1].wasm,2a1da9a9bb9c17a017d8c80a4ff5ea97
all5/Probabilistic_choice/[2-4][5-1][8-4][14-1][15-1].wasm,2a1da9a9bb9c17a017d8c80a4ff5ea97
all5/Probabilistic_choice/[2-4][5-1][8-4][15-1].wasm,2a1da9a9bb9c17a017d8c80a4ff5ea97
all5/Probabilistic_choice/[2-4][5-1][8-5].wasm,2a1da9a9bb9c17a017d8c80a4ff5ea97
all5/Probabilistic_choice/[2-4][5-1][8-5][11-1].wasm,2a1da9a9bb9c17a017d8c80a4ff5ea97
all5/Probabilistic_choice/[2-4][5-1][8-5][11-1][14-1].wasm,2a1da9a9bb9c17a017d8c80a4ff5ea97
all5/Probabilistic_choice/[2-4][5-1][8-5][11-1][14-1][15-1].wasm,2a1da9a9bb9c17a017d8c80a4ff5ea97
all5/Probabilistic_choice/[2-4][5-1][8-5][11-1][15-1].wasm,2a1da9a9bb9c17a017d8c80a4ff5ea97
all5/Probabilistic_choice/[2-4][5-1][8-5][14-1].wasm,2a1da9a9bb9c17a017d8c80a4ff5ea97
all5/Probabilistic_choice/[2-4][5-1][8-5][14-1][15-1].wasm,2a1da9a9bb9c17a017d8c80a4ff5ea97
all5/Probabilistic_choice/[2-4][5-1][8-5][15-1].wasm,2a1da9a9bb9c17a017d8c80a4ff5ea97
all5/Probabilistic_choice/[2-4][5-1][8-6].wasm,2a1da9a9bb9c17a017d8c80a4ff5ea97
all5/Probabilistic_choice/[2-4][5-1][8-6][11-1].wasm,2a1da9a9bb9c17a017d8c80a4ff5ea97
all5/Probabilistic_choice/[2-4][5-1][8-6][11-1][14-1].wasm,2a1da9a9bb9c17a017d8c80a4ff5ea97
all5/Probabilistic_choice/[2-4][5-1][8-6][11-1][14-1][15-1].wasm,2a1da9a9bb9c17a017d8c80a4ff5ea97
all5/Probabilistic_choice/[2-4][5-1][8-6][11-1][15-1].wasm,2a1da9a9bb9c17a017d8c80a4ff5ea97
all5/Probabilistic_choice/[2-4][5-1][8-6][14-1].wasm,2a1da9a9bb9c17a017d8c80a4ff5ea97
all5/Probabilistic_choice/[2-4][5-1][8-6][14-1][15-1].wasm,2a1da9a9bb9c17a017d8c80a4ff5ea97
all5/Probabilistic_choice/[2-4][5-1][8-6][15-1].wasm,2a1da9a9bb9c17a017d8c80a4ff5ea97
all5/Probabilistic_choice/[2-4][5-1][8-7].wasm,2a1da9a9bb9c17a017d8c80a4ff5ea97
all5/Probabilistic_choice/[2-4][5-1][8-7][11-1].wasm,2a1da9a9bb9c17a017d8c80a4ff5ea97
all5/Probabilistic_choice/[2-4][5-1][8-7][11-1][14-1].wasm,2a1da9a9bb9c17a017d8c80a4ff5ea97
all5/Probabilistic_choice/[2-4][5-1][8-7][11-1][14-1][15-1].wasm,2a1da9a9bb9c17a017d8c80a4ff5ea97
all5/Probabilistic_choice/[2-4][5-1][8-7][11-1][15-1].wasm,2a1da9a9bb9c17a017d8c80a4ff5ea97
all5/Probabilistic_choice/[2-4][5-1][8-7][14-1].wasm,2a1da9a9bb9c17a017d8c80a4ff5ea97
all5/Probabilistic_choice/[2-4][5-1][8-7][14-1][15-1].wasm,2a1da9a9bb9c17a017d8c80a4ff5ea97
all5/Probabilistic_choice/[2-4][5-1][8-7][15-1].wasm,2a1da9a9bb9c17a017d8c80a4ff5ea97
all5/Probabilistic_choice/[2-4][5-1][8-8].wasm,2a1da9a9bb9c17a017d8c80a4ff5ea97
all5/Probabilistic_choice/[2-4][5-1][8-8][11-1].wasm,2a1da9a9bb9c17a017d8c80a4ff5ea97
all5/Probabilistic_choice/[2-4][5-1][8-8][11-1][14-1].wasm,2a1da9a9bb9c17a017d8c80a4ff5ea97
all5/Probabilistic_choice/[2-4][5-1][8-8][11-1][14-1][15-1].wasm,2a1da9a9bb9c17a017d8c80a4ff5ea97
all5/Probabilistic_choice/[2-4][5-1][8-8][11-1][15-1].wasm,2a1da9a9bb9c17a017d8c80a4ff5ea97
all5/Probabilistic_choice/[2-4][5-1][8-8][14-1].wasm,2a1da9a9bb9c17a017d8c80a4ff5ea97
all5/Probabilistic_choice/[2-4][5-1][8-8][14-1][15-1].wasm,2a1da9a9bb9c17a017d8c80a4ff5ea97
all5/Probabilistic_choice/[2-4][5-1][8-8][15-1].wasm,2a1da9a9bb9c17a017d8c80a4ff5ea97
all5/Probabilistic_choice/[2-4][5-1][8-9].wasm,2a1da9a9bb9c17a017d8c80a4ff5ea97
all5/Probabilistic_choice/[2-4][5-1][8-9][11-1].wasm,2a1da9a9bb9c17a017d8c80a4ff5ea97
all5/Probabilistic_choice/[2-4][5-1][8-9][11-1][14-1].wasm,2a1da9a9bb9c17a017d8c80a4ff5ea97
all5/Probabilistic_choice/[2-4][5-1][8-9][11-1][14-1][15-1].wasm,2a1da9a9bb9c17a017d8c80a4ff5ea97
all5/Probabilistic_choice/[2-4][5-1][8-9][11-1][15-1].wasm,2a1da9a9bb9c17a017d8c80a4ff5ea97
all5/Probabilistic_choice/[2-4][5-1][8-9][14-1].wasm,2a1da9a9bb9c17a017d8c80a4ff5ea97
all5/Probabilistic_choice/[2-4][5-1][8-9][14-1][15-1].wasm,2a1da9a9bb9c17a017d8c80a4ff5ea97
all5/Probabilistic_choice/[2-4][5-1][8-9][15-1].wasm,2a1da9a9bb9c17a017d8c80a4ff5ea97
all5/Probabilistic_choice/[2-4][8-10].wasm,2a1da9a9bb9c17a017d8c80a4ff5ea97
all5/Probabilistic_choice/[2-4][8-10][11-1].wasm,2a1da9a9bb9c17a017d8c80a4ff5ea97
all5/Probabilistic_choice/[2-4][8-10][11-1][14-1].wasm,2a1da9a9bb9c17a017d8c80a4ff5ea97
all5/Probabilistic_choice/[2-4][8-10][11-1][14-1][15-1].wasm,2a1da9a9bb9c17a017d8c80a4ff5ea97
all5/Probabilistic_choice/[2-4][8-10][11-1][15-1].wasm,2a1da9a9bb9c17a017d8c80a4ff5ea97
all5/Probabilistic_choice/[2-4][8-10][14-1].wasm,2a1da9a9bb9c17a017d8c80a4ff5ea97
all5/Probabilistic_choice/[2-4][8-10][14-1][15-1].wasm,2a1da9a9bb9c17a017d8c80a4ff5ea97
all5/Probabilistic_choice/[2-4][8-10][15-1].wasm,2a1da9a9bb9c17a017d8c80a4ff5ea97
all5/Probabilistic_choice/[2-4][8-1].wasm,2a1da9a9bb9c17a017d8c80a4ff5ea97
all5/Probabilistic_choice/[2-4][8-1][11-1].wasm,2a1da9a9bb9c17a017d8c80a4ff5ea97
all5/Probabilistic_choice/[2-4][8-1][11-1][14-1].wasm,2a1da9a9bb9c17a017d8c80a4ff5ea97
all5/Probabilistic_choice/[2-4][8-1][11-1][14-1][15-1].wasm,2a1da9a9bb9c17a017d8c80a4ff5ea97
all5/Probabilistic_choice/[2-4][8-1][11-1][15-1].wasm,2a1da9a9bb9c17a017d8c80a4ff5ea97
all5/Probabilistic_choice/[2-4][8-1][14-1].wasm,2a1da9a9bb9c17a017d8c80a4ff5ea97
all5/Probabilistic_choice/[2-4][8-1][14-1][15-1].wasm,2a1da9a9bb9c17a017d8c80a4ff5ea97
all5/Probabilistic_choice/[2-4][8-1][15-1].wasm,2a1da9a9bb9c17a017d8c80a4ff5ea97
all5/Probabilistic_choice/[2-4][8-2].wasm,2a1da9a9bb9c17a017d8c80a4ff5ea97
all5/Probabilistic_choice/[2-4][8-2][11-1].wasm,2a1da9a9bb9c17a017d8c80a4ff5ea97
all5/Probabilistic_choice/[2-4][8-2][11-1][14-1].wasm,2a1da9a9bb9c17a017d8c80a4ff5ea97
all5/Probabilistic_choice/[2-4][8-2][11-1][14-1][15-1].wasm,2a1da9a9bb9c17a017d8c80a4ff5ea97
all5/Probabilistic_choice/[2-4][8-2][11-1][15-1].wasm,2a1da9a9bb9c17a017d8c80a4ff5ea97
all5/Probabilistic_choice/[2-4][8-2][14-1].wasm,2a1da9a9bb9c17a017d8c80a4ff5ea97
all5/Probabilistic_choice/[2-4][8-2][14-1][15-1].wasm,2a1da9a9bb9c17a017d8c80a4ff5ea97
all5/Probabilistic_choice/[2-4][8-2][15-1].wasm,2a1da9a9bb9c17a017d8c80a4ff5ea97
all5/Probabilistic_choice/[2-4][8-3].wasm,2a1da9a9bb9c17a017d8c80a4ff5ea97
all5/Probabilistic_choice/[2-4][8-3][11-1].wasm,2a1da9a9bb9c17a017d8c80a4ff5ea97
all5/Probabilistic_choice/[2-4][8-3][11-1][14-1].wasm,2a1da9a9bb9c17a017d8c80a4ff5ea97
all5/Probabilistic_choice/[2-4][8-3][11-1][14-1][15-1].wasm,2a1da9a9bb9c17a017d8c80a4ff5ea97
all5/Probabilistic_choice/[2-4][8-3][11-1][15-1].wasm,2a1da9a9bb9c17a017d8c80a4ff5ea97
all5/Probabilistic_choice/[2-4][8-3][14-1].wasm,2a1da9a9bb9c17a017d8c80a4ff5ea97
all5/Probabilistic_choice/[2-4][8-3][14-1][15-1].wasm,2a1da9a9bb9c17a017d8c80a4ff5ea97
all5/Probabilistic_choice/[2-4][8-3][15-1].wasm,2a1da9a9bb9c17a017d8c80a4ff5ea97
all5/Probabilistic_choice/[2-4][8-4].wasm,2a1da9a9bb9c17a017d8c80a4ff5ea97
all5/Probabilistic_choice/[2-4][8-4][11-1].wasm,2a1da9a9bb9c17a017d8c80a4ff5ea97
all5/Probabilistic_choice/[2-4][8-4][11-1][14-1].wasm,2a1da9a9bb9c17a017d8c80a4ff5ea97
all5/Probabilistic_choice/[2-4][8-4][11-1][14-1][15-1].wasm,2a1da9a9bb9c17a017d8c80a4ff5ea97
all5/Probabilistic_choice/[2-4][8-4][11-1][15-1].wasm,2a1da9a9bb9c17a017d8c80a4ff5ea97
all5/Probabilistic_choice/[2-4][8-4][14-1].wasm,2a1da9a9bb9c17a017d8c80a4ff5ea97
all5/Probabilistic_choice/[2-4][8-4][14-1][15-1].wasm,2a1da9a9bb9c17a017d8c80a4ff5ea97
all5/Probabilistic_choice/[2-4][8-4][15-1].wasm,2a1da9a9bb9c17a017d8c80a4ff5ea97
all5/Probabilistic_choice/[2-4][8-5].wasm,2a1da9a9bb9c17a017d8c80a4ff5ea97
all5/Probabilistic_choice/[2-4][8-5][11-1].wasm,2a1da9a9bb9c17a017d8c80a4ff5ea97
all5/Probabilistic_choice/[2-4][8-5][11-1][14-1].wasm,2a1da9a9bb9c17a017d8c80a4ff5ea97
all5/Probabilistic_choice/[2-4][8-5][11-1][14-1][15-1].wasm,2a1da9a9bb9c17a017d8c80a4ff5ea97
all5/Probabilistic_choice/[2-4][8-5][11-1][15-1].wasm,2a1da9a9bb9c17a017d8c80a4ff5ea97
all5/Probabilistic_choice/[2-4][8-5][14-1].wasm,2a1da9a9bb9c17a017d8c80a4ff5ea97
all5/Probabilistic_choice/[2-4][8-5][14-1][15-1].wasm,2a1da9a9bb9c17a017d8c80a4ff5ea97
all5/Probabilistic_choice/[2-4][8-5][15-1].wasm,2a1da9a9bb9c17a017d8c80a4ff5ea97
all5/Probabilistic_choice/[2-4][8-6].wasm,2a1da9a9bb9c17a017d8c80a4ff5ea97
all5/Probabilistic_choice/[2-4][8-6][11-1].wasm,2a1da9a9bb9c17a017d8c80a4ff5ea97
all5/Probabilistic_choice/[2-4][8-6][11-1][14-1].wasm,2a1da9a9bb9c17a017d8c80a4ff5ea97
all5/Probabilistic_choice/[2-4][8-6][11-1][14-1][15-1].wasm,2a1da9a9bb9c17a017d8c80a4ff5ea97
all5/Probabilistic_choice/[2-4][8-6][11-1][15-1].wasm,2a1da9a9bb9c17a017d8c80a4ff5ea97
all5/Probabilistic_choice/[2-4][8-6][14-1].wasm,2a1da9a9bb9c17a017d8c80a4ff5ea97
all5/Probabilistic_choice/[2-4][8-6][14-1][15-1].wasm,2a1da9a9bb9c17a017d8c80a4ff5ea97
all5/Probabilistic_choice/[2-4][8-6][15-1].wasm,2a1da9a9bb9c17a017d8c80a4ff5ea97
all5/Probabilistic_choice/[2-4][8-7].wasm,2a1da9a9bb9c17a017d8c80a4ff5ea97
all5/Probabilistic_choice/[2-4][8-7][11-1].wasm,2a1da9a9bb9c17a017d8c80a4ff5ea97
all5/Probabilistic_choice/[2-4][8-7][11-1][14-1].wasm,2a1da9a9bb9c17a017d8c80a4ff5ea97
all5/Probabilistic_choice/[2-4][8-7][11-1][14-1][15-1].wasm,2a1da9a9bb9c17a017d8c80a4ff5ea97
all5/Probabilistic_choice/[2-4][8-7][11-1][15-1].wasm,2a1da9a9bb9c17a017d8c80a4ff5ea97
all5/Probabilistic_choice/[2-4][8-7][14-1].wasm,2a1da9a9bb9c17a017d8c80a4ff5ea97
all5/Probabilistic_choice/[2-4][8-7][14-1][15-1].wasm,2a1da9a9bb9c17a017d8c80a4ff5ea97
all5/Probabilistic_choice/[2-4][8-7][15-1].wasm,2a1da9a9bb9c17a017d8c80a4ff5ea97
all5/Probabilistic_choice/[2-4][8-8].wasm,2a1da9a9bb9c17a017d8c80a4ff5ea97
all5/Probabilistic_choice/[2-4][8-8][11-1].wasm,2a1da9a9bb9c17a017d8c80a4ff5ea97
all5/Probabilistic_choice/[2-4][8-8][11-1][14-1].wasm,2a1da9a9bb9c17a017d8c80a4ff5ea97
all5/Probabilistic_choice/[2-4][8-8][11-1][14-1][15-1].wasm,2a1da9a9bb9c17a017d8c80a4ff5ea97
all5/Probabilistic_choice/[2-4][8-8][11-1][15-1].wasm,2a1da9a9bb9c17a017d8c80a4ff5ea97
all5/Probabilistic_choice/[2-4][8-8][14-1].wasm,2a1da9a9bb9c17a017d8c80a4ff5ea97
all5/Probabilistic_choice/[2-4][8-8][14-1][15-1].wasm,2a1da9a9bb9c17a017d8c80a4ff5ea97
all5/Probabilistic_choice/[2-4][8-8][15-1].wasm,2a1da9a9bb9c17a017d8c80a4ff5ea97
all5/Probabilistic_choice/[2-4][8-9].wasm,2a1da9a9bb9c17a017d8c80a4ff5ea97
all5/Probabilistic_choice/[2-4][8-9][11-1].wasm,2a1da9a9bb9c17a017d8c80a4ff5ea97
all5/Probabilistic_choice/[2-4][8-9][11-1][14-1].wasm,2a1da9a9bb9c17a017d8c80a4ff5ea97
all5/Probabilistic_choice/[2-4][8-9][11-1][14-1][15-1].wasm,2a1da9a9bb9c17a017d8c80a4ff5ea97
all5/Probabilistic_choice/[2-4][8-9][11-1][15-1].wasm,2a1da9a9bb9c17a017d8c80a4ff5ea97
all5/Probabilistic_choice/[2-4][8-9][14-1].wasm,2a1da9a9bb9c17a017d8c80a4ff5ea97
all5/Probabilistic_choice/[2-4][8-9][14-1][15-1].wasm,2a1da9a9bb9c17a017d8c80a4ff5ea97
all5/Probabilistic_choice/[2-4][8-9][15-1].wasm,2a1da9a9bb9c17a017d8c80a4ff5ea97
all5/Probabilistic_choice/[5-1].wasm,2a1da9a9bb9c17a017d8c80a4ff5ea97
all5/Probabilistic_choice/[5-1][11-1].wasm,2a1da9a9bb9c17a017d8c80a4ff5ea97
all5/Probabilistic_choice/[5-1][11-1][14-1].wasm,2a1da9a9bb9c17a017d8c80a4ff5ea97
all5/Probabilistic_choice/[5-1][11-1][14-1][15-1].wasm,2a1da9a9bb9c17a017d8c80a4ff5ea97
all5/Probabilistic_choice/[5-1][11-1][15-1].wasm,2a1da9a9bb9c17a017d8c80a4ff5ea97
all5/Probabilistic_choice/[5-1][14-1].wasm,2a1da9a9bb9c17a017d8c80a4ff5ea97
all5/Probabilistic_choice/[5-1][14-1][15-1].wasm,2a1da9a9bb9c17a017d8c80a4ff5ea97
all5/Probabilistic_choice/[5-1][15-1].wasm,2a1da9a9bb9c17a017d8c80a4ff5ea97
all5/Probabilistic_choice/[5-1][8-10].wasm,2a1da9a9bb9c17a017d8c80a4ff5ea97
all5/Probabilistic_choice/[5-1][8-10][11-1].wasm,2a1da9a9bb9c17a017d8c80a4ff5ea97
all5/Probabilistic_choice/[5-1][8-10][11-1][14-1].wasm,2a1da9a9bb9c17a017d8c80a4ff5ea97
all5/Probabilistic_choice/[5-1][8-10][11-1][14-1][15-1].wasm,2a1da9a9bb9c17a017d8c80a4ff5ea97
all5/Probabilistic_choice/[5-1][8-10][11-1][15-1].wasm,2a1da9a9bb9c17a017d8c80a4ff5ea97
all5/Probabilistic_choice/[5-1][8-10][14-1].wasm,2a1da9a9bb9c17a017d8c80a4ff5ea97
all5/Probabilistic_choice/[5-1][8-10][14-1][15-1].wasm,2a1da9a9bb9c17a017d8c80a4ff5ea97
all5/Probabilistic_choice/[5-1][8-10][15-1].wasm,2a1da9a9bb9c17a017d8c80a4ff5ea97
all5/Probabilistic_choice/[5-1][8-1].wasm,2a1da9a9bb9c17a017d8c80a4ff5ea97
all5/Probabilistic_choice/[5-1][8-1][11-1].wasm,2a1da9a9bb9c17a017d8c80a4ff5ea97
all5/Probabilistic_choice/[5-1][8-1][11-1][14-1].wasm,2a1da9a9bb9c17a017d8c80a4ff5ea97
all5/Probabilistic_choice/[5-1][8-1][11-1][14-1][15-1].wasm,2a1da9a9bb9c17a017d8c80a4ff5ea97
all5/Probabilistic_choice/[5-1][8-1][11-1][15-1].wasm,2a1da9a9bb9c17a017d8c80a4ff5ea97
all5/Probabilistic_choice/[5-1][8-1][14-1].wasm,2a1da9a9bb9c17a017d8c80a4ff5ea97
all5/Probabilistic_choice/[5-1][8-1][14-1][15-1].wasm,2a1da9a9bb9c17a017d8c80a4ff5ea97
all5/Probabilistic_choice/[5-1][8-1][15-1].wasm,2a1da9a9bb9c17a017d8c80a4ff5ea97
all5/Probabilistic_choice/[5-1][8-2].wasm,2a1da9a9bb9c17a017d8c80a4ff5ea97
all5/Probabilistic_choice/[5-1][8-2][11-1].wasm,2a1da9a9bb9c17a017d8c80a4ff5ea97
all5/Probabilistic_choice/[5-1][8-2][11-1][14-1].wasm,2a1da9a9bb9c17a017d8c80a4ff5ea97
all5/Probabilistic_choice/[5-1][8-2][11-1][14-1][15-1].wasm,2a1da9a9bb9c17a017d8c80a4ff5ea97
all5/Probabilistic_choice/[5-1][8-2][11-1][15-1].wasm,2a1da9a9bb9c17a017d8c80a4ff5ea97
all5/Probabilistic_choice/[5-1][8-2][14-1].wasm,2a1da9a9bb9c17a017d8c80a4ff5ea97
all5/Probabilistic_choice/[5-1][8-2][14-1][15-1].wasm,2a1da9a9bb9c17a017d8c80a4ff5ea97
all5/Probabilistic_choice/[5-1][8-2][15-1].wasm,2a1da9a9bb9c17a017d8c80a4ff5ea97
all5/Probabilistic_choice/[5-1][8-3].wasm,2a1da9a9bb9c17a017d8c80a4ff5ea97
all5/Probabilistic_choice/[5-1][8-3][11-1].wasm,2a1da9a9bb9c17a017d8c80a4ff5ea97
all5/Probabilistic_choice/[5-1][8-3][11-1][14-1].wasm,2a1da9a9bb9c17a017d8c80a4ff5ea97
all5/Probabilistic_choice/[5-1][8-3][11-1][14-1][15-1].wasm,2a1da9a9bb9c17a017d8c80a4ff5ea97
all5/Probabilistic_choice/[5-1][8-3][11-1][15-1].wasm,2a1da9a9bb9c17a017d8c80a4ff5ea97
all5/Probabilistic_choice/[5-1][8-3][14-1].wasm,2a1da9a9bb9c17a017d8c80a4ff5ea97
all5/Probabilistic_choice/[5-1][8-3][14-1][15-1].wasm,2a1da9a9bb9c17a017d8c80a4ff5ea97
all5/Probabilistic_choice/[5-1][8-3][15-1].wasm,2a1da9a9bb9c17a017d8c80a4ff5ea97
all5/Probabilistic_choice/[5-1][8-4].wasm,2a1da9a9bb9c17a017d8c80a4ff5ea97
all5/Probabilistic_choice/[5-1][8-4][11-1].wasm,2a1da9a9bb9c17a017d8c80a4ff5ea97
all5/Probabilistic_choice/[5-1][8-4][11-1][14-1].wasm,2a1da9a9bb9c17a017d8c80a4ff5ea97
all5/Probabilistic_choice/[5-1][8-4][11-1][14-1][15-1].wasm,2a1da9a9bb9c17a017d8c80a4ff5ea97
all5/Probabilistic_choice/[5-1][8-4][11-1][15-1].wasm,2a1da9a9bb9c17a017d8c80a4ff5ea97
all5/Probabilistic_choice/[5-1][8-4][14-1].wasm,2a1da9a9bb9c17a017d8c80a4ff5ea97
all5/Probabilistic_choice/[5-1][8-4][14-1][15-1].wasm,2a1da9a9bb9c17a017d8c80a4ff5ea97
all5/Probabilistic_choice/[5-1][8-4][15-1].wasm,2a1da9a9bb9c17a017d8c80a4ff5ea97
all5/Probabilistic_choice/[5-1][8-5].wasm,2a1da9a9bb9c17a017d8c80a4ff5ea97
all5/Probabilistic_choice/[5-1][8-5][11-1].wasm,2a1da9a9bb9c17a017d8c80a4ff5ea97
all5/Probabilistic_choice/[5-1][8-5][11-1][14-1].wasm,2a1da9a9bb9c17a017d8c80a4ff5ea97
all5/Probabilistic_choice/[5-1][8-5][11-1][14-1][15-1].wasm,2a1da9a9bb9c17a017d8c80a4ff5ea97
all5/Probabilistic_choice/[5-1][8-5][11-1][15-1].wasm,2a1da9a9bb9c17a017d8c80a4ff5ea97
all5/Probabilistic_choice/[5-1][8-5][14-1].wasm,2a1da9a9bb9c17a017d8c80a4ff5ea97
all5/Probabilistic_choice/[5-1][8-5][14-1][15-1].wasm,2a1da9a9bb9c17a017d8c80a4ff5ea97
all5/Probabilistic_choice/[5-1][8-5][15-1].wasm,2a1da9a9bb9c17a017d8c80a4ff5ea97
all5/Probabilistic_choice/[5-1][8-6].wasm,2a1da9a9bb9c17a017d8c80a4ff5ea97
all5/Probabilistic_choice/[5-1][8-6][11-1].wasm,2a1da9a9bb9c17a017d8c80a4ff5ea97
all5/Probabilistic_choice/[5-1][8-6][11-1][14-1].wasm,2a1da9a9bb9c17a017d8c80a4ff5ea97
all5/Probabilistic_choice/[5-1][8-6][11-1][14-1][15-1].wasm,2a1da9a9bb9c17a017d8c80a4ff5ea97
all5/Probabilistic_choice/[5-1][8-6][11-1][15-1].wasm,2a1da9a9bb9c17a017d8c80a4ff5ea97
all5/Probabilistic_choice/[5-1][8-6][14-1].wasm,2a1da9a9bb9c17a017d8c80a4ff5ea97
all5/Probabilistic_choice/[5-1][8-6][14-1][15-1].wasm,2a1da9a9bb9c17a017d8c80a4ff5ea97
all5/Probabilistic_choice/[5-1][8-6][15-1].wasm,2a1da9a9bb9c17a017d8c80a4ff5ea97
all5/Probabilistic_choice/[5-1][8-7].wasm,2a1da9a9bb9c17a017d8c80a4ff5ea97
all5/Probabilistic_choice/[5-1][8-7][11-1].wasm,2a1da9a9bb9c17a017d8c80a4ff5ea97
all5/Probabilistic_choice/[5-1][8-7][11-1][14-1].wasm,2a1da9a9bb9c17a017d8c80a4ff5ea97
all5/Probabilistic_choice/[5-1][8-7][11-1][14-1][15-1].wasm,2a1da9a9bb9c17a017d8c80a4ff5ea97
all5/Probabilistic_choice/[5-1][8-7][11-1][15-1].wasm,2a1da9a9bb9c17a017d8c80a4ff5ea97
all5/Probabilistic_choice/[5-1][8-7][14-1].wasm,2a1da9a9bb9c17a017d8c80a4ff5ea97
all5/Probabilistic_choice/[5-1][8-7][14-1][15-1].wasm,2a1da9a9bb9c17a017d8c80a4ff5ea97
all5/Probabilistic_choice/[5-1][8-7][15-1].wasm,2a1da9a9bb9c17a017d8c80a4ff5ea97
all5/Probabilistic_choice/[5-1][8-8].wasm,2a1da9a9bb9c17a017d8c80a4ff5ea97
all5/Probabilistic_choice/[5-1][8-8][11-1].wasm,2a1da9a9bb9c17a017d8c80a4ff5ea97
all5/Probabilistic_choice/[5-1][8-8][11-1][14-1].wasm,2a1da9a9bb9c17a017d8c80a4ff5ea97
all5/Probabilistic_choice/[5-1][8-8][11-1][14-1][15-1].wasm,2a1da9a9bb9c17a017d8c80a4ff5ea97
all5/Probabilistic_choice/[5-1][8-8][11-1][15-1].wasm,2a1da9a9bb9c17a017d8c80a4ff5ea97
all5/Probabilistic_choice/[5-1][8-8][14-1].wasm,2a1da9a9bb9c17a017d8c80a4ff5ea97
all5/Probabilistic_choice/[5-1][8-8][14-1][15-1].wasm,2a1da9a9bb9c17a017d8c80a4ff5ea97
all5/Probabilistic_choice/[5-1][8-8][15-1].wasm,2a1da9a9bb9c17a017d8c80a4ff5ea97
all5/Probabilistic_choice/[5-1][8-9].wasm,2a1da9a9bb9c17a017d8c80a4ff5ea97
all5/Probabilistic_choice/[5-1][8-9][11-1].wasm,2a1da9a9bb9c17a017d8c80a4ff5ea97
all5/Probabilistic_choice/[5-1][8-9][11-1][14-1].wasm,2a1da9a9bb9c17a017d8c80a4ff5ea97
all5/Probabilistic_choice/[5-1][8-9][11-1][14-1][15-1].wasm,2a1da9a9bb9c17a017d8c80a4ff5ea97
all5/Probabilistic_choice/[5-1][8-9][11-1][15-1].wasm,2a1da9a9bb9c17a017d8c80a4ff5ea97
all5/Probabilistic_choice/[5-1][8-9][14-1].wasm,2a1da9a9bb9c17a017d8c80a4ff5ea97
all5/Probabilistic_choice/[5-1][8-9][14-1][15-1].wasm,2a1da9a9bb9c17a017d8c80a4ff5ea97
all5/Probabilistic_choice/[5-1][8-9][15-1].wasm,2a1da9a9bb9c17a017d8c80a4ff5ea97
all5/Probabilistic_choice/[8-10].wasm,2a1da9a9bb9c17a017d8c80a4ff5ea97
all5/Probabilistic_choice/[8-10][11-1].wasm,2a1da9a9bb9c17a017d8c80a4ff5ea97
all5/Probabilistic_choice/[8-10][11-1][14-1].wasm,2a1da9a9bb9c17a017d8c80a4ff5ea97
all5/Probabilistic_choice/[8-10][11-1][14-1][15-1].wasm,2a1da9a9bb9c17a017d8c80a4ff5ea97
all5/Probabilistic_choice/[8-10][11-1][15-1].wasm,2a1da9a9bb9c17a017d8c80a4ff5ea97
all5/Probabilistic_choice/[8-10][14-1].wasm,2a1da9a9bb9c17a017d8c80a4ff5ea97
all5/Probabilistic_choice/[8-10][14-1][15-1].wasm,2a1da9a9bb9c17a017d8c80a4ff5ea97
all5/Probabilistic_choice/[8-10][15-1].wasm,2a1da9a9bb9c17a017d8c80a4ff5ea97
all5/Probabilistic_choice/[8-1].wasm,2a1da9a9bb9c17a017d8c80a4ff5ea97
all5/Probabilistic_choice/[8-1][11-1].wasm,2a1da9a9bb9c17a017d8c80a4ff5ea97
all5/Probabilistic_choice/[8-1][11-1][14-1].wasm,2a1da9a9bb9c17a017d8c80a4ff5ea97
all5/Probabilistic_choice/[8-1][11-1][14-1][15-1].wasm,2a1da9a9bb9c17a017d8c80a4ff5ea97
all5/Probabilistic_choice/[8-1][11-1][15-1].wasm,2a1da9a9bb9c17a017d8c80a4ff5ea97
all5/Probabilistic_choice/[8-1][14-1].wasm,2a1da9a9bb9c17a017d8c80a4ff5ea97
all5/Probabilistic_choice/[8-1][14-1][15-1].wasm,2a1da9a9bb9c17a017d8c80a4ff5ea97
all5/Probabilistic_choice/[8-1][15-1].wasm,2a1da9a9bb9c17a017d8c80a4ff5ea97
all5/Probabilistic_choice/[8-2].wasm,2a1da9a9bb9c17a017d8c80a4ff5ea97
all5/Probabilistic_choice/[8-2][11-1].wasm,2a1da9a9bb9c17a017d8c80a4ff5ea97
all5/Probabilistic_choice/[8-2][11-1][14-1].wasm,2a1da9a9bb9c17a017d8c80a4ff5ea97
all5/Probabilistic_choice/[8-2][11-1][14-1][15-1].wasm,2a1da9a9bb9c17a017d8c80a4ff5ea97
all5/Probabilistic_choice/[8-2][11-1][15-1].wasm,2a1da9a9bb9c17a017d8c80a4ff5ea97
all5/Probabilistic_choice/[8-2][14-1].wasm,2a1da9a9bb9c17a017d8c80a4ff5ea97
all5/Probabilistic_choice/[8-2][14-1][15-1].wasm,2a1da9a9bb9c17a017d8c80a4ff5ea97
all5/Probabilistic_choice/[8-2][15-1].wasm,2a1da9a9bb9c17a017d8c80a4ff5ea97
all5/Probabilistic_choice/[8-3].wasm,2a1da9a9bb9c17a017d8c80a4ff5ea97
all5/Probabilistic_choice/[8-3][11-1].wasm,2a1da9a9bb9c17a017d8c80a4ff5ea97
all5/Probabilistic_choice/[8-3][11-1][14-1].wasm,2a1da9a9bb9c17a017d8c80a4ff5ea97
all5/Probabilistic_choice/[8-3][11-1][14-1][15-1].wasm,2a1da9a9bb9c17a017d8c80a4ff5ea97
all5/Probabilistic_choice/[8-3][11-1][15-1].wasm,2a1da9a9bb9c17a017d8c80a4ff5ea97
all5/Probabilistic_choice/[8-3][14-1].wasm,2a1da9a9bb9c17a017d8c80a4ff5ea97
all5/Probabilistic_choice/[8-3][14-1][15-1].wasm,2a1da9a9bb9c17a017d8c80a4ff5ea97
all5/Probabilistic_choice/[8-3][15-1].wasm,2a1da9a9bb9c17a017d8c80a4ff5ea97
all5/Probabilistic_choice/[8-4].wasm,2a1da9a9bb9c17a017d8c80a4ff5ea97
all5/Probabilistic_choice/[8-4][11-1].wasm,2a1da9a9bb9c17a017d8c80a4ff5ea97
all5/Probabilistic_choice/[8-4][11-1][14-1].wasm,2a1da9a9bb9c17a017d8c80a4ff5ea97
all5/Probabilistic_choice/[8-4][11-1][14-1][15-1].wasm,2a1da9a9bb9c17a017d8c80a4ff5ea97
all5/Probabilistic_choice/[8-4][11-1][15-1].wasm,2a1da9a9bb9c17a017d8c80a4ff5ea97
all5/Probabilistic_choice/[8-4][14-1].wasm,2a1da9a9bb9c17a017d8c80a4ff5ea97
all5/Probabilistic_choice/[8-4][14-1][15-1].wasm,2a1da9a9bb9c17a017d8c80a4ff5ea97
all5/Probabilistic_choice/[8-4][15-1].wasm,2a1da9a9bb9c17a017d8c80a4ff5ea97
all5/Probabilistic_choice/[8-5].wasm,2a1da9a9bb9c17a017d8c80a4ff5ea97
all5/Probabilistic_choice/[8-5][11-1].wasm,2a1da9a9bb9c17a017d8c80a4ff5ea97
all5/Probabilistic_choice/[8-5][11-1][14-1].wasm,2a1da9a9bb9c17a017d8c80a4ff5ea97
all5/Probabilistic_choice/[8-5][11-1][14-1][15-1].wasm,2a1da9a9bb9c17a017d8c80a4ff5ea97
all5/Probabilistic_choice/[8-5][11-1][15-1].wasm,2a1da9a9bb9c17a017d8c80a4ff5ea97
all5/Probabilistic_choice/[8-5][14-1].wasm,2a1da9a9bb9c17a017d8c80a4ff5ea97
all5/Probabilistic_choice/[8-5][14-1][15-1].wasm,2a1da9a9bb9c17a017d8c80a4ff5ea97
all5/Probabilistic_choice/[8-5][15-1].wasm,2a1da9a9bb9c17a017d8c80a4ff5ea97
all5/Probabilistic_choice/[8-6].wasm,2a1da9a9bb9c17a017d8c80a4ff5ea97
all5/Probabilistic_choice/[8-6][11-1].wasm,2a1da9a9bb9c17a017d8c80a4ff5ea97
all5/Probabilistic_choice/[8-6][11-1][14-1].wasm,2a1da9a9bb9c17a017d8c80a4ff5ea97
all5/Probabilistic_choice/[8-6][11-1][14-1][15-1].wasm,2a1da9a9bb9c17a017d8c80a4ff5ea97
all5/Probabilistic_choice/[8-6][11-1][15-1].wasm,2a1da9a9bb9c17a017d8c80a4ff5ea97
all5/Probabilistic_choice/[8-6][14-1].wasm,2a1da9a9bb9c17a017d8c80a4ff5ea97
all5/Probabilistic_choice/[8-6][14-1][15-1].wasm,2a1da9a9bb9c17a017d8c80a4ff5ea97
all5/Probabilistic_choice/[8-6][15-1].wasm,2a1da9a9bb9c17a017d8c80a4ff5ea97
all5/Probabilistic_choice/[8-7].wasm,2a1da9a9bb9c17a017d8c80a4ff5ea97
all5/Probabilistic_choice/[8-7][11-1].wasm,2a1da9a9bb9c17a017d8c80a4ff5ea97
all5/Probabilistic_choice/[8-7][11-1][14-1].wasm,2a1da9a9bb9c17a017d8c80a4ff5ea97
all5/Probabilistic_choice/[8-7][11-1][14-1][15-1].wasm,2a1da9a9bb9c17a017d8c80a4ff5ea97
all5/Probabilistic_choice/[8-7][11-1][15-1].wasm,2a1da9a9bb9c17a017d8c80a4ff5ea97
all5/Probabilistic_choice/[8-7][14-1].wasm,2a1da9a9bb9c17a017d8c80a4ff5ea97
all5/Probabilistic_choice/[8-7][14-1][15-1].wasm,2a1da9a9bb9c17a017d8c80a4ff5ea97
all5/Probabilistic_choice/[8-7][15-1].wasm,2a1da9a9bb9c17a017d8c80a4ff5ea97
all5/Probabilistic_choice/[8-8].wasm,2a1da9a9bb9c17a017d8c80a4ff5ea97
all5/Probabilistic_choice/[8-8][11-1].wasm,2a1da9a9bb9c17a017d8c80a4ff5ea97
all5/Probabilistic_choice/[8-8][11-1][14-1].wasm,2a1da9a9bb9c17a017d8c80a4ff5ea97
all5/Probabilistic_choice/[8-8][11-1][14-1][15-1].wasm,2a1da9a9bb9c17a017d8c80a4ff5ea97
all5/Probabilistic_choice/[8-8][11-1][15-1].wasm,2a1da9a9bb9c17a017d8c80a4ff5ea97
all5/Probabilistic_choice/[8-8][14-1].wasm,2a1da9a9bb9c17a017d8c80a4ff5ea97
all5/Probabilistic_choice/[8-8][14-1][15-1].wasm,2a1da9a9bb9c17a017d8c80a4ff5ea97
all5/Probabilistic_choice/[8-8][15-1].wasm,2a1da9a9bb9c17a017d8c80a4ff5ea97
all5/Probabilistic_choice/[8-9].wasm,2a1da9a9bb9c17a017d8c80a4ff5ea97
all5/Probabilistic_choice/[8-9][11-1].wasm,2a1da9a9bb9c17a017d8c80a4ff5ea97
all5/Probabilistic_choice/[8-9][11-1][14-1].wasm,2a1da9a9bb9c17a017d8c80a4ff5ea97
all5/Probabilistic_choice/[8-9][11-1][14-1][15-1].wasm,2a1da9a9bb9c17a017d8c80a4ff5ea97
all5/Probabilistic_choice/[8-9][11-1][15-1].wasm,2a1da9a9bb9c17a017d8c80a4ff5ea97
all5/Probabilistic_choice/[8-9][14-1].wasm,2a1da9a9bb9c17a017d8c80a4ff5ea97
all5/Probabilistic_choice/[8-9][14-1][15-1].wasm,2a1da9a9bb9c17a017d8c80a4ff5ea97
all5/Probabilistic_choice/[8-9][15-1].wasm,2a1da9a9bb9c17a017d8c80a4ff5ea97
