name, hash
all5/Quickselect_algorithm/Quickselect_algorithm.wasm,893885f3f9c1709b4a04e09d52d0074a
all5/Quickselect_algorithm/Quickselect_algorithm.wasm.~1~,efa8dba1ccb9d173374ca5ff77b90ccc
all5/Quickselect_algorithm/Quickselect_algorithm.wasm.~2~,efa8dba1ccb9d173374ca5ff77b90ccc
all5/Quickselect_algorithm/[0-1].wasm,893885f3f9c1709b4a04e09d52d0074a
all5/Quickselect_algorithm/[0-1][1-1].wasm,f6483b58f0a55b32e7dab94ff7031300
all5/Quickselect_algorithm/[0-1][1-1][3-10].wasm,f6483b58f0a55b32e7dab94ff7031300
all5/Quickselect_algorithm/[0-1][1-1][3-11].wasm,f6483b58f0a55b32e7dab94ff7031300
all5/Quickselect_algorithm/[0-1][1-1][3-1].wasm,aaa304ad7f0b59a60cd7bd7ecfbb0452
all5/Quickselect_algorithm/[0-1][1-1][3-2].wasm,f05e880ed865f88bc674e23240241abb
all5/Quickselect_algorithm/[0-1][1-1][3-3].wasm,f6483b58f0a55b32e7dab94ff7031300
all5/Quickselect_algorithm/[0-1][1-1][3-4].wasm,f6483b58f0a55b32e7dab94ff7031300
all5/Quickselect_algorithm/[0-1][1-1][3-5].wasm,4afbf414a5175705449aacb74de70710
all5/Quickselect_algorithm/[0-1][1-1][3-6].wasm,f6483b58f0a55b32e7dab94ff7031300
all5/Quickselect_algorithm/[0-1][1-1][3-7].wasm,f6483b58f0a55b32e7dab94ff7031300
all5/Quickselect_algorithm/[0-1][1-1][3-8].wasm,f6483b58f0a55b32e7dab94ff7031300
all5/Quickselect_algorithm/[0-1][1-1][3-9].wasm,f6483b58f0a55b32e7dab94ff7031300
all5/Quickselect_algorithm/[0-1][3-10].wasm,893885f3f9c1709b4a04e09d52d0074a
all5/Quickselect_algorithm/[0-1][3-11].wasm,893885f3f9c1709b4a04e09d52d0074a
all5/Quickselect_algorithm/[0-1][3-1].wasm,aaa304ad7f0b59a60cd7bd7ecfbb0452
all5/Quickselect_algorithm/[0-1][3-2].wasm,f05e880ed865f88bc674e23240241abb
all5/Quickselect_algorithm/[0-1][3-3].wasm,893885f3f9c1709b4a04e09d52d0074a
all5/Quickselect_algorithm/[0-1][3-4].wasm,893885f3f9c1709b4a04e09d52d0074a
all5/Quickselect_algorithm/[0-1][3-5].wasm,4afbf414a5175705449aacb74de70710
all5/Quickselect_algorithm/[0-1][3-6].wasm,893885f3f9c1709b4a04e09d52d0074a
all5/Quickselect_algorithm/[0-1][3-7].wasm,893885f3f9c1709b4a04e09d52d0074a
all5/Quickselect_algorithm/[0-1][3-8].wasm,893885f3f9c1709b4a04e09d52d0074a
all5/Quickselect_algorithm/[0-1][3-9].wasm,893885f3f9c1709b4a04e09d52d0074a
all5/Quickselect_algorithm/[0-2].wasm,84cd3d00ab0bf81f14a346706b2d32d7
all5/Quickselect_algorithm/[0-2][1-1].wasm,84cd3d00ab0bf81f14a346706b2d32d7
all5/Quickselect_algorithm/[0-2][1-1][3-10].wasm,84cd3d00ab0bf81f14a346706b2d32d7
all5/Quickselect_algorithm/[0-2][1-1][3-11].wasm,84cd3d00ab0bf81f14a346706b2d32d7
all5/Quickselect_algorithm/[0-2][1-1][3-1].wasm,84cd3d00ab0bf81f14a346706b2d32d7
all5/Quickselect_algorithm/[0-2][1-1][3-2].wasm,84cd3d00ab0bf81f14a346706b2d32d7
all5/Quickselect_algorithm/[0-2][1-1][3-3].wasm,84cd3d00ab0bf81f14a346706b2d32d7
all5/Quickselect_algorithm/[0-2][1-1][3-4].wasm,84cd3d00ab0bf81f14a346706b2d32d7
all5/Quickselect_algorithm/[0-2][1-1][3-5].wasm,84cd3d00ab0bf81f14a346706b2d32d7
all5/Quickselect_algorithm/[0-2][1-1][3-6].wasm,84cd3d00ab0bf81f14a346706b2d32d7
all5/Quickselect_algorithm/[0-2][1-1][3-7].wasm,84cd3d00ab0bf81f14a346706b2d32d7
all5/Quickselect_algorithm/[0-2][1-1][3-8].wasm,84cd3d00ab0bf81f14a346706b2d32d7
all5/Quickselect_algorithm/[0-2][1-1][3-9].wasm,84cd3d00ab0bf81f14a346706b2d32d7
all5/Quickselect_algorithm/[0-2][3-10].wasm,84cd3d00ab0bf81f14a346706b2d32d7
all5/Quickselect_algorithm/[0-2][3-11].wasm,84cd3d00ab0bf81f14a346706b2d32d7
all5/Quickselect_algorithm/[0-2][3-1].wasm,84cd3d00ab0bf81f14a346706b2d32d7
all5/Quickselect_algorithm/[0-2][3-2].wasm,84cd3d00ab0bf81f14a346706b2d32d7
all5/Quickselect_algorithm/[0-2][3-3].wasm,84cd3d00ab0bf81f14a346706b2d32d7
all5/Quickselect_algorithm/[0-2][3-4].wasm,84cd3d00ab0bf81f14a346706b2d32d7
all5/Quickselect_algorithm/[0-2][3-5].wasm,84cd3d00ab0bf81f14a346706b2d32d7
all5/Quickselect_algorithm/[0-2][3-6].wasm,84cd3d00ab0bf81f14a346706b2d32d7
all5/Quickselect_algorithm/[0-2][3-7].wasm,84cd3d00ab0bf81f14a346706b2d32d7
all5/Quickselect_algorithm/[0-2][3-8].wasm,84cd3d00ab0bf81f14a346706b2d32d7
all5/Quickselect_algorithm/[0-2][3-9].wasm,84cd3d00ab0bf81f14a346706b2d32d7
all5/Quickselect_algorithm/[0-3].wasm,893885f3f9c1709b4a04e09d52d0074a
all5/Quickselect_algorithm/[0-3][1-1].wasm,893885f3f9c1709b4a04e09d52d0074a
all5/Quickselect_algorithm/[0-3][1-1][3-10].wasm,893885f3f9c1709b4a04e09d52d0074a
all5/Quickselect_algorithm/[0-3][1-1][3-11].wasm,893885f3f9c1709b4a04e09d52d0074a
all5/Quickselect_algorithm/[0-3][1-1][3-1].wasm,893885f3f9c1709b4a04e09d52d0074a
all5/Quickselect_algorithm/[0-3][1-1][3-2].wasm,893885f3f9c1709b4a04e09d52d0074a
all5/Quickselect_algorithm/[0-3][1-1][3-3].wasm,893885f3f9c1709b4a04e09d52d0074a
all5/Quickselect_algorithm/[0-3][1-1][3-4].wasm,893885f3f9c1709b4a04e09d52d0074a
all5/Quickselect_algorithm/[0-3][1-1][3-5].wasm,893885f3f9c1709b4a04e09d52d0074a
all5/Quickselect_algorithm/[0-3][1-1][3-6].wasm,893885f3f9c1709b4a04e09d52d0074a
all5/Quickselect_algorithm/[0-3][1-1][3-7].wasm,893885f3f9c1709b4a04e09d52d0074a
all5/Quickselect_algorithm/[0-3][1-1][3-8].wasm,893885f3f9c1709b4a04e09d52d0074a
all5/Quickselect_algorithm/[0-3][1-1][3-9].wasm,893885f3f9c1709b4a04e09d52d0074a
all5/Quickselect_algorithm/[0-3][3-10].wasm,893885f3f9c1709b4a04e09d52d0074a
all5/Quickselect_algorithm/[0-3][3-11].wasm,893885f3f9c1709b4a04e09d52d0074a
all5/Quickselect_algorithm/[0-3][3-1].wasm,893885f3f9c1709b4a04e09d52d0074a
all5/Quickselect_algorithm/[0-3][3-2].wasm,893885f3f9c1709b4a04e09d52d0074a
all5/Quickselect_algorithm/[0-3][3-3].wasm,893885f3f9c1709b4a04e09d52d0074a
all5/Quickselect_algorithm/[0-3][3-4].wasm,893885f3f9c1709b4a04e09d52d0074a
all5/Quickselect_algorithm/[0-3][3-5].wasm,893885f3f9c1709b4a04e09d52d0074a
all5/Quickselect_algorithm/[0-3][3-6].wasm,893885f3f9c1709b4a04e09d52d0074a
all5/Quickselect_algorithm/[0-3][3-7].wasm,893885f3f9c1709b4a04e09d52d0074a
all5/Quickselect_algorithm/[0-3][3-8].wasm,893885f3f9c1709b4a04e09d52d0074a
all5/Quickselect_algorithm/[0-3][3-9].wasm,893885f3f9c1709b4a04e09d52d0074a
all5/Quickselect_algorithm/[0-4].wasm,893885f3f9c1709b4a04e09d52d0074a
all5/Quickselect_algorithm/[0-4][1-1].wasm,f6483b58f0a55b32e7dab94ff7031300
all5/Quickselect_algorithm/[0-4][1-1][3-10].wasm,f6483b58f0a55b32e7dab94ff7031300
all5/Quickselect_algorithm/[0-4][1-1][3-11].wasm,f6483b58f0a55b32e7dab94ff7031300
all5/Quickselect_algorithm/[0-4][1-1][3-1].wasm,aaa304ad7f0b59a60cd7bd7ecfbb0452
all5/Quickselect_algorithm/[0-4][1-1][3-2].wasm,f05e880ed865f88bc674e23240241abb
all5/Quickselect_algorithm/[0-4][1-1][3-3].wasm,f6483b58f0a55b32e7dab94ff7031300
all5/Quickselect_algorithm/[0-4][1-1][3-4].wasm,f6483b58f0a55b32e7dab94ff7031300
all5/Quickselect_algorithm/[0-4][1-1][3-5].wasm,4afbf414a5175705449aacb74de70710
all5/Quickselect_algorithm/[0-4][1-1][3-6].wasm,f6483b58f0a55b32e7dab94ff7031300
all5/Quickselect_algorithm/[0-4][1-1][3-7].wasm,f6483b58f0a55b32e7dab94ff7031300
all5/Quickselect_algorithm/[0-4][1-1][3-8].wasm,f6483b58f0a55b32e7dab94ff7031300
all5/Quickselect_algorithm/[0-4][1-1][3-9].wasm,f6483b58f0a55b32e7dab94ff7031300
all5/Quickselect_algorithm/[0-4][3-10].wasm,893885f3f9c1709b4a04e09d52d0074a
all5/Quickselect_algorithm/[0-4][3-11].wasm,893885f3f9c1709b4a04e09d52d0074a
all5/Quickselect_algorithm/[0-4][3-1].wasm,aaa304ad7f0b59a60cd7bd7ecfbb0452
all5/Quickselect_algorithm/[0-4][3-2].wasm,f05e880ed865f88bc674e23240241abb
all5/Quickselect_algorithm/[0-4][3-3].wasm,893885f3f9c1709b4a04e09d52d0074a
all5/Quickselect_algorithm/[0-4][3-4].wasm,893885f3f9c1709b4a04e09d52d0074a
all5/Quickselect_algorithm/[0-4][3-5].wasm,4afbf414a5175705449aacb74de70710
all5/Quickselect_algorithm/[0-4][3-6].wasm,893885f3f9c1709b4a04e09d52d0074a
all5/Quickselect_algorithm/[0-4][3-7].wasm,893885f3f9c1709b4a04e09d52d0074a
all5/Quickselect_algorithm/[0-4][3-8].wasm,893885f3f9c1709b4a04e09d52d0074a
all5/Quickselect_algorithm/[0-4][3-9].wasm,893885f3f9c1709b4a04e09d52d0074a
all5/Quickselect_algorithm/[0-5].wasm,839e076e07ace2addb5fcbe2a7e73719
all5/Quickselect_algorithm/[0-5][1-1].wasm,839e076e07ace2addb5fcbe2a7e73719
all5/Quickselect_algorithm/[0-5][1-1][3-10].wasm,839e076e07ace2addb5fcbe2a7e73719
all5/Quickselect_algorithm/[0-5][1-1][3-11].wasm,839e076e07ace2addb5fcbe2a7e73719
all5/Quickselect_algorithm/[0-5][1-1][3-1].wasm,839e076e07ace2addb5fcbe2a7e73719
all5/Quickselect_algorithm/[0-5][1-1][3-2].wasm,839e076e07ace2addb5fcbe2a7e73719
all5/Quickselect_algorithm/[0-5][1-1][3-3].wasm,839e076e07ace2addb5fcbe2a7e73719
all5/Quickselect_algorithm/[0-5][1-1][3-4].wasm,839e076e07ace2addb5fcbe2a7e73719
all5/Quickselect_algorithm/[0-5][1-1][3-5].wasm,839e076e07ace2addb5fcbe2a7e73719
all5/Quickselect_algorithm/[0-5][1-1][3-6].wasm,839e076e07ace2addb5fcbe2a7e73719
all5/Quickselect_algorithm/[0-5][1-1][3-7].wasm,839e076e07ace2addb5fcbe2a7e73719
all5/Quickselect_algorithm/[0-5][1-1][3-8].wasm,839e076e07ace2addb5fcbe2a7e73719
all5/Quickselect_algorithm/[0-5][1-1][3-9].wasm,839e076e07ace2addb5fcbe2a7e73719
all5/Quickselect_algorithm/[0-5][3-10].wasm,839e076e07ace2addb5fcbe2a7e73719
all5/Quickselect_algorithm/[0-5][3-11].wasm,839e076e07ace2addb5fcbe2a7e73719
all5/Quickselect_algorithm/[0-5][3-1].wasm,839e076e07ace2addb5fcbe2a7e73719
all5/Quickselect_algorithm/[0-5][3-2].wasm,839e076e07ace2addb5fcbe2a7e73719
all5/Quickselect_algorithm/[0-5][3-3].wasm,839e076e07ace2addb5fcbe2a7e73719
all5/Quickselect_algorithm/[0-5][3-4].wasm,839e076e07ace2addb5fcbe2a7e73719
all5/Quickselect_algorithm/[0-5][3-5].wasm,839e076e07ace2addb5fcbe2a7e73719
all5/Quickselect_algorithm/[0-5][3-6].wasm,839e076e07ace2addb5fcbe2a7e73719
all5/Quickselect_algorithm/[0-5][3-7].wasm,839e076e07ace2addb5fcbe2a7e73719
all5/Quickselect_algorithm/[0-5][3-8].wasm,839e076e07ace2addb5fcbe2a7e73719
all5/Quickselect_algorithm/[0-5][3-9].wasm,839e076e07ace2addb5fcbe2a7e73719
all5/Quickselect_algorithm/[0-6].wasm,893885f3f9c1709b4a04e09d52d0074a
all5/Quickselect_algorithm/[0-6][1-1].wasm,72b5b08107caf097199dfe476c607ab4
all5/Quickselect_algorithm/[0-6][1-1][3-10].wasm,72b5b08107caf097199dfe476c607ab4
all5/Quickselect_algorithm/[0-6][1-1][3-11].wasm,72b5b08107caf097199dfe476c607ab4
all5/Quickselect_algorithm/[0-6][1-1][3-1].wasm,aaa304ad7f0b59a60cd7bd7ecfbb0452
all5/Quickselect_algorithm/[0-6][1-1][3-2].wasm,f05e880ed865f88bc674e23240241abb
all5/Quickselect_algorithm/[0-6][1-1][3-3].wasm,72b5b08107caf097199dfe476c607ab4
all5/Quickselect_algorithm/[0-6][1-1][3-4].wasm,72b5b08107caf097199dfe476c607ab4
all5/Quickselect_algorithm/[0-6][1-1][3-5].wasm,4afbf414a5175705449aacb74de70710
all5/Quickselect_algorithm/[0-6][1-1][3-6].wasm,72b5b08107caf097199dfe476c607ab4
all5/Quickselect_algorithm/[0-6][1-1][3-7].wasm,72b5b08107caf097199dfe476c607ab4
all5/Quickselect_algorithm/[0-6][1-1][3-8].wasm,72b5b08107caf097199dfe476c607ab4
all5/Quickselect_algorithm/[0-6][1-1][3-9].wasm,72b5b08107caf097199dfe476c607ab4
all5/Quickselect_algorithm/[0-6][3-10].wasm,893885f3f9c1709b4a04e09d52d0074a
all5/Quickselect_algorithm/[0-6][3-11].wasm,893885f3f9c1709b4a04e09d52d0074a
all5/Quickselect_algorithm/[0-6][3-1].wasm,aaa304ad7f0b59a60cd7bd7ecfbb0452
all5/Quickselect_algorithm/[0-6][3-2].wasm,f05e880ed865f88bc674e23240241abb
all5/Quickselect_algorithm/[0-6][3-3].wasm,893885f3f9c1709b4a04e09d52d0074a
all5/Quickselect_algorithm/[0-6][3-4].wasm,893885f3f9c1709b4a04e09d52d0074a
all5/Quickselect_algorithm/[0-6][3-5].wasm,4afbf414a5175705449aacb74de70710
all5/Quickselect_algorithm/[0-6][3-6].wasm,893885f3f9c1709b4a04e09d52d0074a
all5/Quickselect_algorithm/[0-6][3-7].wasm,893885f3f9c1709b4a04e09d52d0074a
all5/Quickselect_algorithm/[0-6][3-8].wasm,893885f3f9c1709b4a04e09d52d0074a
all5/Quickselect_algorithm/[0-6][3-9].wasm,893885f3f9c1709b4a04e09d52d0074a
all5/Quickselect_algorithm/[0-7].wasm,893885f3f9c1709b4a04e09d52d0074a
all5/Quickselect_algorithm/[0-7][1-1].wasm,f6483b58f0a55b32e7dab94ff7031300
all5/Quickselect_algorithm/[0-7][1-1][3-10].wasm,f6483b58f0a55b32e7dab94ff7031300
all5/Quickselect_algorithm/[0-7][1-1][3-11].wasm,f6483b58f0a55b32e7dab94ff7031300
all5/Quickselect_algorithm/[0-7][1-1][3-1].wasm,aaa304ad7f0b59a60cd7bd7ecfbb0452
all5/Quickselect_algorithm/[0-7][1-1][3-2].wasm,f05e880ed865f88bc674e23240241abb
all5/Quickselect_algorithm/[0-7][1-1][3-3].wasm,f6483b58f0a55b32e7dab94ff7031300
all5/Quickselect_algorithm/[0-7][1-1][3-4].wasm,f6483b58f0a55b32e7dab94ff7031300
all5/Quickselect_algorithm/[0-7][1-1][3-5].wasm,4afbf414a5175705449aacb74de70710
all5/Quickselect_algorithm/[0-7][1-1][3-6].wasm,f6483b58f0a55b32e7dab94ff7031300
all5/Quickselect_algorithm/[0-7][1-1][3-7].wasm,f6483b58f0a55b32e7dab94ff7031300
all5/Quickselect_algorithm/[0-7][1-1][3-8].wasm,f6483b58f0a55b32e7dab94ff7031300
all5/Quickselect_algorithm/[0-7][1-1][3-9].wasm,f6483b58f0a55b32e7dab94ff7031300
all5/Quickselect_algorithm/[0-7][3-10].wasm,893885f3f9c1709b4a04e09d52d0074a
all5/Quickselect_algorithm/[0-7][3-11].wasm,893885f3f9c1709b4a04e09d52d0074a
all5/Quickselect_algorithm/[0-7][3-1].wasm,aaa304ad7f0b59a60cd7bd7ecfbb0452
all5/Quickselect_algorithm/[0-7][3-2].wasm,f05e880ed865f88bc674e23240241abb
all5/Quickselect_algorithm/[0-7][3-3].wasm,893885f3f9c1709b4a04e09d52d0074a
all5/Quickselect_algorithm/[0-7][3-4].wasm,893885f3f9c1709b4a04e09d52d0074a
all5/Quickselect_algorithm/[0-7][3-5].wasm,4afbf414a5175705449aacb74de70710
all5/Quickselect_algorithm/[0-7][3-6].wasm,893885f3f9c1709b4a04e09d52d0074a
all5/Quickselect_algorithm/[0-7][3-7].wasm,893885f3f9c1709b4a04e09d52d0074a
all5/Quickselect_algorithm/[0-7][3-8].wasm,893885f3f9c1709b4a04e09d52d0074a
all5/Quickselect_algorithm/[0-7][3-9].wasm,893885f3f9c1709b4a04e09d52d0074a
all5/Quickselect_algorithm/[0-8].wasm,893885f3f9c1709b4a04e09d52d0074a
all5/Quickselect_algorithm/[0-8][3-10].wasm,893885f3f9c1709b4a04e09d52d0074a
all5/Quickselect_algorithm/[0-8][3-11].wasm,893885f3f9c1709b4a04e09d52d0074a
all5/Quickselect_algorithm/[0-8][3-1].wasm,aaa304ad7f0b59a60cd7bd7ecfbb0452
all5/Quickselect_algorithm/[0-8][3-2].wasm,f05e880ed865f88bc674e23240241abb
all5/Quickselect_algorithm/[0-8][3-3].wasm,893885f3f9c1709b4a04e09d52d0074a
all5/Quickselect_algorithm/[0-8][3-4].wasm,893885f3f9c1709b4a04e09d52d0074a
all5/Quickselect_algorithm/[0-8][3-5].wasm,4afbf414a5175705449aacb74de70710
all5/Quickselect_algorithm/[0-8][3-6].wasm,893885f3f9c1709b4a04e09d52d0074a
all5/Quickselect_algorithm/[0-8][3-7].wasm,893885f3f9c1709b4a04e09d52d0074a
all5/Quickselect_algorithm/[0-8][3-8].wasm,893885f3f9c1709b4a04e09d52d0074a
all5/Quickselect_algorithm/[1-1].wasm,f6483b58f0a55b32e7dab94ff7031300
all5/Quickselect_algorithm/[1-1][3-10].wasm,f6483b58f0a55b32e7dab94ff7031300
all5/Quickselect_algorithm/[1-1][3-11].wasm,f6483b58f0a55b32e7dab94ff7031300
all5/Quickselect_algorithm/[1-1][3-1].wasm,aaa304ad7f0b59a60cd7bd7ecfbb0452
all5/Quickselect_algorithm/[1-1][3-2].wasm,f05e880ed865f88bc674e23240241abb
all5/Quickselect_algorithm/[1-1][3-3].wasm,f6483b58f0a55b32e7dab94ff7031300
all5/Quickselect_algorithm/[1-1][3-4].wasm,f6483b58f0a55b32e7dab94ff7031300
all5/Quickselect_algorithm/[1-1][3-5].wasm,893885f3f9c1709b4a04e09d52d0074a
all5/Quickselect_algorithm/[1-1][3-6].wasm,f6483b58f0a55b32e7dab94ff7031300
all5/Quickselect_algorithm/[1-1][3-7].wasm,f6483b58f0a55b32e7dab94ff7031300
all5/Quickselect_algorithm/[1-1][3-8].wasm,f6483b58f0a55b32e7dab94ff7031300
all5/Quickselect_algorithm/[1-1][3-9].wasm,f6483b58f0a55b32e7dab94ff7031300
all5/Quickselect_algorithm/[3-10].wasm,893885f3f9c1709b4a04e09d52d0074a
all5/Quickselect_algorithm/[3-11].wasm,893885f3f9c1709b4a04e09d52d0074a
all5/Quickselect_algorithm/[3-1].wasm,aaa304ad7f0b59a60cd7bd7ecfbb0452
all5/Quickselect_algorithm/[3-2].wasm,f05e880ed865f88bc674e23240241abb
all5/Quickselect_algorithm/[3-3].wasm,893885f3f9c1709b4a04e09d52d0074a
all5/Quickselect_algorithm/[3-4].wasm,893885f3f9c1709b4a04e09d52d0074a
all5/Quickselect_algorithm/[3-5].wasm,4afbf414a5175705449aacb74de70710
all5/Quickselect_algorithm/[3-6].wasm,893885f3f9c1709b4a04e09d52d0074a
all5/Quickselect_algorithm/[3-7].wasm,893885f3f9c1709b4a04e09d52d0074a
all5/Quickselect_algorithm/[3-8].wasm,893885f3f9c1709b4a04e09d52d0074a
all5/Quickselect_algorithm/[3-9].wasm,893885f3f9c1709b4a04e09d52d0074a
