name, hash
all5/Ramseys_theorem/Ramseys_theorem.wasm,56135001ea01abf1daa97da6ae5b1455
all5/Ramseys_theorem/Ramseys_theorem.wasm.~1~,56135001ea01abf1daa97da6ae5b1455
all5/Ramseys_theorem/Ramseys_theorem.wasm.~2~,6f31bcafdeeb6c04f7955efe75b7ba17
all5/Ramseys_theorem/[0-1].wasm,f8aa774002357f3c3c15a8b773ef71b2
all5/Ramseys_theorem/[0-1][1-1].wasm,f8aa774002357f3c3c15a8b773ef71b2
all5/Ramseys_theorem/[0-1][1-1][2-1].wasm,f8aa774002357f3c3c15a8b773ef71b2
all5/Ramseys_theorem/[0-1][1-1][2-2].wasm,f8aa774002357f3c3c15a8b773ef71b2
all5/Ramseys_theorem/[0-1][1-1][2-3].wasm,f8aa774002357f3c3c15a8b773ef71b2
all5/Ramseys_theorem/[0-1][1-1][2-4].wasm,f8aa774002357f3c3c15a8b773ef71b2
all5/Ramseys_theorem/[0-1][1-1][2-5].wasm,f8aa774002357f3c3c15a8b773ef71b2
all5/Ramseys_theorem/[0-1][1-1][2-6].wasm,f8aa774002357f3c3c15a8b773ef71b2
all5/Ramseys_theorem/[0-1][1-1][2-7].wasm,f8aa774002357f3c3c15a8b773ef71b2
all5/Ramseys_theorem/[0-1][1-1][2-8].wasm,f8aa774002357f3c3c15a8b773ef71b2
all5/Ramseys_theorem/[0-1][1-2].wasm,f8aa774002357f3c3c15a8b773ef71b2
all5/Ramseys_theorem/[0-1][1-2][2-1].wasm,f8aa774002357f3c3c15a8b773ef71b2
all5/Ramseys_theorem/[0-1][1-2][2-2].wasm,f8aa774002357f3c3c15a8b773ef71b2
all5/Ramseys_theorem/[0-1][1-2][2-3].wasm,f8aa774002357f3c3c15a8b773ef71b2
all5/Ramseys_theorem/[0-1][1-2][2-4].wasm,f8aa774002357f3c3c15a8b773ef71b2
all5/Ramseys_theorem/[0-1][1-2][2-5].wasm,f8aa774002357f3c3c15a8b773ef71b2
all5/Ramseys_theorem/[0-1][1-2][2-6].wasm,f8aa774002357f3c3c15a8b773ef71b2
all5/Ramseys_theorem/[0-1][1-2][2-7].wasm,f8aa774002357f3c3c15a8b773ef71b2
all5/Ramseys_theorem/[0-1][1-2][2-8].wasm,f8aa774002357f3c3c15a8b773ef71b2
all5/Ramseys_theorem/[0-1][1-3].wasm,f8aa774002357f3c3c15a8b773ef71b2
all5/Ramseys_theorem/[0-1][1-3][2-1].wasm,f8aa774002357f3c3c15a8b773ef71b2
all5/Ramseys_theorem/[0-1][1-3][2-2].wasm,f8aa774002357f3c3c15a8b773ef71b2
all5/Ramseys_theorem/[0-1][1-3][2-3].wasm,f8aa774002357f3c3c15a8b773ef71b2
all5/Ramseys_theorem/[0-1][1-3][2-4].wasm,f8aa774002357f3c3c15a8b773ef71b2
all5/Ramseys_theorem/[0-1][1-3][2-5].wasm,f8aa774002357f3c3c15a8b773ef71b2
all5/Ramseys_theorem/[0-1][1-3][2-6].wasm,f8aa774002357f3c3c15a8b773ef71b2
all5/Ramseys_theorem/[0-1][1-3][2-7].wasm,f8aa774002357f3c3c15a8b773ef71b2
all5/Ramseys_theorem/[0-1][1-3][2-8].wasm,f8aa774002357f3c3c15a8b773ef71b2
all5/Ramseys_theorem/[0-1][1-4].wasm,f8aa774002357f3c3c15a8b773ef71b2
all5/Ramseys_theorem/[0-1][1-4][2-1].wasm,f8aa774002357f3c3c15a8b773ef71b2
all5/Ramseys_theorem/[0-1][1-4][2-2].wasm,f8aa774002357f3c3c15a8b773ef71b2
all5/Ramseys_theorem/[0-1][1-4][2-3].wasm,f8aa774002357f3c3c15a8b773ef71b2
all5/Ramseys_theorem/[0-1][1-4][2-4].wasm,f8aa774002357f3c3c15a8b773ef71b2
all5/Ramseys_theorem/[0-1][1-4][2-5].wasm,f8aa774002357f3c3c15a8b773ef71b2
all5/Ramseys_theorem/[0-1][1-4][2-6].wasm,f8aa774002357f3c3c15a8b773ef71b2
all5/Ramseys_theorem/[0-1][1-4][2-7].wasm,f8aa774002357f3c3c15a8b773ef71b2
all5/Ramseys_theorem/[0-1][1-4][2-8].wasm,f8aa774002357f3c3c15a8b773ef71b2
all5/Ramseys_theorem/[0-1][1-5].wasm,f8aa774002357f3c3c15a8b773ef71b2
all5/Ramseys_theorem/[0-1][1-5][2-1].wasm,f8aa774002357f3c3c15a8b773ef71b2
all5/Ramseys_theorem/[0-1][1-5][2-2].wasm,f8aa774002357f3c3c15a8b773ef71b2
all5/Ramseys_theorem/[0-1][1-5][2-3].wasm,f8aa774002357f3c3c15a8b773ef71b2
all5/Ramseys_theorem/[0-1][1-5][2-4].wasm,f8aa774002357f3c3c15a8b773ef71b2
all5/Ramseys_theorem/[0-1][1-5][2-5].wasm,f8aa774002357f3c3c15a8b773ef71b2
all5/Ramseys_theorem/[0-1][1-5][2-6].wasm,f8aa774002357f3c3c15a8b773ef71b2
all5/Ramseys_theorem/[0-1][1-5][2-7].wasm,f8aa774002357f3c3c15a8b773ef71b2
all5/Ramseys_theorem/[0-1][1-5][2-8].wasm,f8aa774002357f3c3c15a8b773ef71b2
all5/Ramseys_theorem/[0-1][1-6].wasm,f8aa774002357f3c3c15a8b773ef71b2
all5/Ramseys_theorem/[0-1][1-6][2-1].wasm,f8aa774002357f3c3c15a8b773ef71b2
all5/Ramseys_theorem/[0-1][1-6][2-2].wasm,f8aa774002357f3c3c15a8b773ef71b2
all5/Ramseys_theorem/[0-1][1-6][2-3].wasm,f8aa774002357f3c3c15a8b773ef71b2
all5/Ramseys_theorem/[0-1][1-6][2-4].wasm,f8aa774002357f3c3c15a8b773ef71b2
all5/Ramseys_theorem/[0-1][1-6][2-5].wasm,f8aa774002357f3c3c15a8b773ef71b2
all5/Ramseys_theorem/[0-1][1-6][2-6].wasm,f8aa774002357f3c3c15a8b773ef71b2
all5/Ramseys_theorem/[0-1][1-6][2-7].wasm,f8aa774002357f3c3c15a8b773ef71b2
all5/Ramseys_theorem/[0-1][1-6][2-8].wasm,f8aa774002357f3c3c15a8b773ef71b2
all5/Ramseys_theorem/[0-1][1-7].wasm,f8aa774002357f3c3c15a8b773ef71b2
all5/Ramseys_theorem/[0-1][1-7][2-1].wasm,f8aa774002357f3c3c15a8b773ef71b2
all5/Ramseys_theorem/[0-1][1-7][2-2].wasm,f8aa774002357f3c3c15a8b773ef71b2
all5/Ramseys_theorem/[0-1][1-7][2-3].wasm,f8aa774002357f3c3c15a8b773ef71b2
all5/Ramseys_theorem/[0-1][1-7][2-4].wasm,f8aa774002357f3c3c15a8b773ef71b2
all5/Ramseys_theorem/[0-1][1-7][2-5].wasm,f8aa774002357f3c3c15a8b773ef71b2
all5/Ramseys_theorem/[0-1][1-7][2-6].wasm,f8aa774002357f3c3c15a8b773ef71b2
all5/Ramseys_theorem/[0-1][1-7][2-7].wasm,f8aa774002357f3c3c15a8b773ef71b2
all5/Ramseys_theorem/[0-1][1-7][2-8].wasm,f8aa774002357f3c3c15a8b773ef71b2
all5/Ramseys_theorem/[0-1][1-8].wasm,f8aa774002357f3c3c15a8b773ef71b2
all5/Ramseys_theorem/[0-1][1-8][2-1].wasm,f8aa774002357f3c3c15a8b773ef71b2
all5/Ramseys_theorem/[0-1][1-8][2-2].wasm,f8aa774002357f3c3c15a8b773ef71b2
all5/Ramseys_theorem/[0-1][1-8][2-3].wasm,f8aa774002357f3c3c15a8b773ef71b2
all5/Ramseys_theorem/[0-1][1-8][2-4].wasm,f8aa774002357f3c3c15a8b773ef71b2
all5/Ramseys_theorem/[0-1][1-8][2-5].wasm,f8aa774002357f3c3c15a8b773ef71b2
all5/Ramseys_theorem/[0-1][1-8][2-6].wasm,f8aa774002357f3c3c15a8b773ef71b2
all5/Ramseys_theorem/[0-1][1-8][2-7].wasm,f8aa774002357f3c3c15a8b773ef71b2
all5/Ramseys_theorem/[0-1][1-8][2-8].wasm,f8aa774002357f3c3c15a8b773ef71b2
all5/Ramseys_theorem/[0-1][2-1].wasm,f8aa774002357f3c3c15a8b773ef71b2
all5/Ramseys_theorem/[0-1][2-2].wasm,f8aa774002357f3c3c15a8b773ef71b2
all5/Ramseys_theorem/[0-1][2-3].wasm,f8aa774002357f3c3c15a8b773ef71b2
all5/Ramseys_theorem/[0-1][2-4].wasm,f8aa774002357f3c3c15a8b773ef71b2
all5/Ramseys_theorem/[0-1][2-5].wasm,f8aa774002357f3c3c15a8b773ef71b2
all5/Ramseys_theorem/[0-1][2-6].wasm,f8aa774002357f3c3c15a8b773ef71b2
all5/Ramseys_theorem/[0-1][2-7].wasm,f8aa774002357f3c3c15a8b773ef71b2
all5/Ramseys_theorem/[0-1][2-8].wasm,f8aa774002357f3c3c15a8b773ef71b2
all5/Ramseys_theorem/[0-2].wasm,56135001ea01abf1daa97da6ae5b1455
all5/Ramseys_theorem/[0-2][1-1].wasm,56135001ea01abf1daa97da6ae5b1455
all5/Ramseys_theorem/[0-2][1-1][2-1].wasm,56135001ea01abf1daa97da6ae5b1455
all5/Ramseys_theorem/[0-2][1-1][2-2].wasm,56135001ea01abf1daa97da6ae5b1455
all5/Ramseys_theorem/[0-2][1-1][2-3].wasm,56135001ea01abf1daa97da6ae5b1455
all5/Ramseys_theorem/[0-2][1-1][2-4].wasm,56135001ea01abf1daa97da6ae5b1455
all5/Ramseys_theorem/[0-2][1-1][2-5].wasm,56135001ea01abf1daa97da6ae5b1455
all5/Ramseys_theorem/[0-2][1-1][2-6].wasm,56135001ea01abf1daa97da6ae5b1455
all5/Ramseys_theorem/[0-2][1-1][2-7].wasm,56135001ea01abf1daa97da6ae5b1455
all5/Ramseys_theorem/[0-2][1-1][2-8].wasm,56135001ea01abf1daa97da6ae5b1455
all5/Ramseys_theorem/[0-2][1-2].wasm,56135001ea01abf1daa97da6ae5b1455
all5/Ramseys_theorem/[0-2][1-2][2-1].wasm,56135001ea01abf1daa97da6ae5b1455
all5/Ramseys_theorem/[0-2][1-2][2-2].wasm,56135001ea01abf1daa97da6ae5b1455
all5/Ramseys_theorem/[0-2][1-2][2-3].wasm,56135001ea01abf1daa97da6ae5b1455
all5/Ramseys_theorem/[0-2][1-2][2-4].wasm,56135001ea01abf1daa97da6ae5b1455
all5/Ramseys_theorem/[0-2][1-2][2-5].wasm,56135001ea01abf1daa97da6ae5b1455
all5/Ramseys_theorem/[0-2][1-2][2-6].wasm,56135001ea01abf1daa97da6ae5b1455
all5/Ramseys_theorem/[0-2][1-2][2-7].wasm,56135001ea01abf1daa97da6ae5b1455
all5/Ramseys_theorem/[0-2][1-2][2-8].wasm,56135001ea01abf1daa97da6ae5b1455
all5/Ramseys_theorem/[0-2][1-3].wasm,56135001ea01abf1daa97da6ae5b1455
all5/Ramseys_theorem/[0-2][1-3][2-1].wasm,56135001ea01abf1daa97da6ae5b1455
all5/Ramseys_theorem/[0-2][1-3][2-2].wasm,56135001ea01abf1daa97da6ae5b1455
all5/Ramseys_theorem/[0-2][1-3][2-3].wasm,56135001ea01abf1daa97da6ae5b1455
all5/Ramseys_theorem/[0-2][1-3][2-4].wasm,56135001ea01abf1daa97da6ae5b1455
all5/Ramseys_theorem/[0-2][1-3][2-5].wasm,56135001ea01abf1daa97da6ae5b1455
all5/Ramseys_theorem/[0-2][1-3][2-6].wasm,56135001ea01abf1daa97da6ae5b1455
all5/Ramseys_theorem/[0-2][1-3][2-7].wasm,56135001ea01abf1daa97da6ae5b1455
all5/Ramseys_theorem/[0-2][1-3][2-8].wasm,56135001ea01abf1daa97da6ae5b1455
all5/Ramseys_theorem/[0-2][1-4].wasm,56135001ea01abf1daa97da6ae5b1455
all5/Ramseys_theorem/[0-2][1-4][2-1].wasm,56135001ea01abf1daa97da6ae5b1455
all5/Ramseys_theorem/[0-2][1-4][2-2].wasm,56135001ea01abf1daa97da6ae5b1455
all5/Ramseys_theorem/[0-2][1-4][2-3].wasm,56135001ea01abf1daa97da6ae5b1455
all5/Ramseys_theorem/[0-2][1-4][2-4].wasm,56135001ea01abf1daa97da6ae5b1455
all5/Ramseys_theorem/[0-2][1-4][2-5].wasm,56135001ea01abf1daa97da6ae5b1455
all5/Ramseys_theorem/[0-2][1-4][2-6].wasm,56135001ea01abf1daa97da6ae5b1455
all5/Ramseys_theorem/[0-2][1-4][2-7].wasm,56135001ea01abf1daa97da6ae5b1455
all5/Ramseys_theorem/[0-2][1-4][2-8].wasm,56135001ea01abf1daa97da6ae5b1455
all5/Ramseys_theorem/[0-2][1-5].wasm,56135001ea01abf1daa97da6ae5b1455
all5/Ramseys_theorem/[0-2][1-5][2-1].wasm,56135001ea01abf1daa97da6ae5b1455
all5/Ramseys_theorem/[0-2][1-5][2-2].wasm,56135001ea01abf1daa97da6ae5b1455
all5/Ramseys_theorem/[0-2][1-5][2-3].wasm,56135001ea01abf1daa97da6ae5b1455
all5/Ramseys_theorem/[0-2][1-5][2-4].wasm,56135001ea01abf1daa97da6ae5b1455
all5/Ramseys_theorem/[0-2][1-5][2-5].wasm,56135001ea01abf1daa97da6ae5b1455
all5/Ramseys_theorem/[0-2][1-5][2-6].wasm,56135001ea01abf1daa97da6ae5b1455
all5/Ramseys_theorem/[0-2][1-5][2-7].wasm,56135001ea01abf1daa97da6ae5b1455
all5/Ramseys_theorem/[0-2][1-5][2-8].wasm,56135001ea01abf1daa97da6ae5b1455
all5/Ramseys_theorem/[0-2][1-6].wasm,56135001ea01abf1daa97da6ae5b1455
all5/Ramseys_theorem/[0-2][1-6][2-1].wasm,56135001ea01abf1daa97da6ae5b1455
all5/Ramseys_theorem/[0-2][1-6][2-2].wasm,56135001ea01abf1daa97da6ae5b1455
all5/Ramseys_theorem/[0-2][1-6][2-3].wasm,56135001ea01abf1daa97da6ae5b1455
all5/Ramseys_theorem/[0-2][1-6][2-4].wasm,56135001ea01abf1daa97da6ae5b1455
all5/Ramseys_theorem/[0-2][1-6][2-5].wasm,56135001ea01abf1daa97da6ae5b1455
all5/Ramseys_theorem/[0-2][1-6][2-6].wasm,56135001ea01abf1daa97da6ae5b1455
all5/Ramseys_theorem/[0-2][1-6][2-7].wasm,56135001ea01abf1daa97da6ae5b1455
all5/Ramseys_theorem/[0-2][1-6][2-8].wasm,56135001ea01abf1daa97da6ae5b1455
all5/Ramseys_theorem/[0-2][1-7].wasm,56135001ea01abf1daa97da6ae5b1455
all5/Ramseys_theorem/[0-2][1-7][2-1].wasm,56135001ea01abf1daa97da6ae5b1455
all5/Ramseys_theorem/[0-2][1-7][2-2].wasm,56135001ea01abf1daa97da6ae5b1455
all5/Ramseys_theorem/[0-2][1-7][2-3].wasm,56135001ea01abf1daa97da6ae5b1455
all5/Ramseys_theorem/[0-2][1-7][2-4].wasm,56135001ea01abf1daa97da6ae5b1455
all5/Ramseys_theorem/[0-2][1-7][2-5].wasm,56135001ea01abf1daa97da6ae5b1455
all5/Ramseys_theorem/[0-2][1-7][2-6].wasm,56135001ea01abf1daa97da6ae5b1455
all5/Ramseys_theorem/[0-2][1-7][2-7].wasm,56135001ea01abf1daa97da6ae5b1455
all5/Ramseys_theorem/[0-2][1-7][2-8].wasm,56135001ea01abf1daa97da6ae5b1455
all5/Ramseys_theorem/[0-2][1-8].wasm,56135001ea01abf1daa97da6ae5b1455
all5/Ramseys_theorem/[0-2][1-8][2-1].wasm,56135001ea01abf1daa97da6ae5b1455
all5/Ramseys_theorem/[0-2][1-8][2-2].wasm,56135001ea01abf1daa97da6ae5b1455
all5/Ramseys_theorem/[0-2][1-8][2-3].wasm,56135001ea01abf1daa97da6ae5b1455
all5/Ramseys_theorem/[0-2][1-8][2-4].wasm,56135001ea01abf1daa97da6ae5b1455
all5/Ramseys_theorem/[0-2][1-8][2-5].wasm,56135001ea01abf1daa97da6ae5b1455
all5/Ramseys_theorem/[0-2][1-8][2-6].wasm,56135001ea01abf1daa97da6ae5b1455
all5/Ramseys_theorem/[0-2][1-8][2-7].wasm,56135001ea01abf1daa97da6ae5b1455
all5/Ramseys_theorem/[0-2][1-8][2-8].wasm,56135001ea01abf1daa97da6ae5b1455
all5/Ramseys_theorem/[0-2][2-1].wasm,56135001ea01abf1daa97da6ae5b1455
all5/Ramseys_theorem/[0-2][2-2].wasm,56135001ea01abf1daa97da6ae5b1455
all5/Ramseys_theorem/[0-2][2-3].wasm,56135001ea01abf1daa97da6ae5b1455
all5/Ramseys_theorem/[0-2][2-4].wasm,56135001ea01abf1daa97da6ae5b1455
all5/Ramseys_theorem/[0-2][2-5].wasm,56135001ea01abf1daa97da6ae5b1455
all5/Ramseys_theorem/[0-2][2-6].wasm,56135001ea01abf1daa97da6ae5b1455
all5/Ramseys_theorem/[0-2][2-7].wasm,56135001ea01abf1daa97da6ae5b1455
all5/Ramseys_theorem/[0-2][2-8].wasm,56135001ea01abf1daa97da6ae5b1455
all5/Ramseys_theorem/[0-3].wasm,56135001ea01abf1daa97da6ae5b1455
all5/Ramseys_theorem/[0-3][1-1].wasm,56135001ea01abf1daa97da6ae5b1455
all5/Ramseys_theorem/[0-3][1-1][2-1].wasm,56135001ea01abf1daa97da6ae5b1455
all5/Ramseys_theorem/[0-3][1-1][2-2].wasm,56135001ea01abf1daa97da6ae5b1455
all5/Ramseys_theorem/[0-3][1-1][2-3].wasm,56135001ea01abf1daa97da6ae5b1455
all5/Ramseys_theorem/[0-3][1-1][2-4].wasm,56135001ea01abf1daa97da6ae5b1455
all5/Ramseys_theorem/[0-3][1-1][2-5].wasm,56135001ea01abf1daa97da6ae5b1455
all5/Ramseys_theorem/[0-3][1-1][2-6].wasm,56135001ea01abf1daa97da6ae5b1455
all5/Ramseys_theorem/[0-3][1-1][2-7].wasm,56135001ea01abf1daa97da6ae5b1455
all5/Ramseys_theorem/[0-3][1-1][2-8].wasm,56135001ea01abf1daa97da6ae5b1455
all5/Ramseys_theorem/[0-3][1-2].wasm,56135001ea01abf1daa97da6ae5b1455
all5/Ramseys_theorem/[0-3][1-2][2-1].wasm,56135001ea01abf1daa97da6ae5b1455
all5/Ramseys_theorem/[0-3][1-2][2-2].wasm,56135001ea01abf1daa97da6ae5b1455
all5/Ramseys_theorem/[0-3][1-2][2-3].wasm,56135001ea01abf1daa97da6ae5b1455
all5/Ramseys_theorem/[0-3][1-2][2-4].wasm,56135001ea01abf1daa97da6ae5b1455
all5/Ramseys_theorem/[0-3][1-2][2-5].wasm,56135001ea01abf1daa97da6ae5b1455
all5/Ramseys_theorem/[0-3][1-2][2-6].wasm,56135001ea01abf1daa97da6ae5b1455
all5/Ramseys_theorem/[0-3][1-2][2-7].wasm,56135001ea01abf1daa97da6ae5b1455
all5/Ramseys_theorem/[0-3][1-2][2-8].wasm,56135001ea01abf1daa97da6ae5b1455
all5/Ramseys_theorem/[0-3][1-3].wasm,56135001ea01abf1daa97da6ae5b1455
all5/Ramseys_theorem/[0-3][1-3][2-1].wasm,56135001ea01abf1daa97da6ae5b1455
all5/Ramseys_theorem/[0-3][1-3][2-2].wasm,56135001ea01abf1daa97da6ae5b1455
all5/Ramseys_theorem/[0-3][1-3][2-3].wasm,56135001ea01abf1daa97da6ae5b1455
all5/Ramseys_theorem/[0-3][1-3][2-4].wasm,56135001ea01abf1daa97da6ae5b1455
all5/Ramseys_theorem/[0-3][1-3][2-5].wasm,56135001ea01abf1daa97da6ae5b1455
all5/Ramseys_theorem/[0-3][1-3][2-6].wasm,56135001ea01abf1daa97da6ae5b1455
all5/Ramseys_theorem/[0-3][1-3][2-7].wasm,56135001ea01abf1daa97da6ae5b1455
all5/Ramseys_theorem/[0-3][1-3][2-8].wasm,56135001ea01abf1daa97da6ae5b1455
all5/Ramseys_theorem/[0-3][1-4].wasm,56135001ea01abf1daa97da6ae5b1455
all5/Ramseys_theorem/[0-3][1-4][2-1].wasm,56135001ea01abf1daa97da6ae5b1455
all5/Ramseys_theorem/[0-3][1-4][2-2].wasm,56135001ea01abf1daa97da6ae5b1455
all5/Ramseys_theorem/[0-3][1-4][2-3].wasm,56135001ea01abf1daa97da6ae5b1455
all5/Ramseys_theorem/[0-3][1-4][2-4].wasm,56135001ea01abf1daa97da6ae5b1455
all5/Ramseys_theorem/[0-3][1-4][2-5].wasm,56135001ea01abf1daa97da6ae5b1455
all5/Ramseys_theorem/[0-3][1-4][2-6].wasm,56135001ea01abf1daa97da6ae5b1455
all5/Ramseys_theorem/[0-3][1-4][2-7].wasm,56135001ea01abf1daa97da6ae5b1455
all5/Ramseys_theorem/[0-3][1-4][2-8].wasm,56135001ea01abf1daa97da6ae5b1455
all5/Ramseys_theorem/[0-3][1-5].wasm,56135001ea01abf1daa97da6ae5b1455
all5/Ramseys_theorem/[0-3][1-5][2-1].wasm,56135001ea01abf1daa97da6ae5b1455
all5/Ramseys_theorem/[0-3][1-5][2-2].wasm,56135001ea01abf1daa97da6ae5b1455
all5/Ramseys_theorem/[0-3][1-5][2-3].wasm,56135001ea01abf1daa97da6ae5b1455
all5/Ramseys_theorem/[0-3][1-5][2-4].wasm,56135001ea01abf1daa97da6ae5b1455
all5/Ramseys_theorem/[0-3][1-5][2-5].wasm,56135001ea01abf1daa97da6ae5b1455
all5/Ramseys_theorem/[0-3][1-5][2-6].wasm,56135001ea01abf1daa97da6ae5b1455
all5/Ramseys_theorem/[0-3][1-5][2-7].wasm,56135001ea01abf1daa97da6ae5b1455
all5/Ramseys_theorem/[0-3][1-5][2-8].wasm,56135001ea01abf1daa97da6ae5b1455
all5/Ramseys_theorem/[0-3][1-6].wasm,56135001ea01abf1daa97da6ae5b1455
all5/Ramseys_theorem/[0-3][1-6][2-1].wasm,56135001ea01abf1daa97da6ae5b1455
all5/Ramseys_theorem/[0-3][1-6][2-2].wasm,56135001ea01abf1daa97da6ae5b1455
all5/Ramseys_theorem/[0-3][1-6][2-3].wasm,56135001ea01abf1daa97da6ae5b1455
all5/Ramseys_theorem/[0-3][1-6][2-4].wasm,56135001ea01abf1daa97da6ae5b1455
all5/Ramseys_theorem/[0-3][1-6][2-5].wasm,56135001ea01abf1daa97da6ae5b1455
all5/Ramseys_theorem/[0-3][1-6][2-6].wasm,56135001ea01abf1daa97da6ae5b1455
all5/Ramseys_theorem/[0-3][1-6][2-7].wasm,56135001ea01abf1daa97da6ae5b1455
all5/Ramseys_theorem/[0-3][1-6][2-8].wasm,56135001ea01abf1daa97da6ae5b1455
all5/Ramseys_theorem/[0-3][1-7].wasm,56135001ea01abf1daa97da6ae5b1455
all5/Ramseys_theorem/[0-3][1-7][2-1].wasm,56135001ea01abf1daa97da6ae5b1455
all5/Ramseys_theorem/[0-3][1-7][2-2].wasm,56135001ea01abf1daa97da6ae5b1455
all5/Ramseys_theorem/[0-3][1-7][2-3].wasm,56135001ea01abf1daa97da6ae5b1455
all5/Ramseys_theorem/[0-3][1-7][2-4].wasm,56135001ea01abf1daa97da6ae5b1455
all5/Ramseys_theorem/[0-3][1-7][2-5].wasm,56135001ea01abf1daa97da6ae5b1455
all5/Ramseys_theorem/[0-3][1-7][2-6].wasm,56135001ea01abf1daa97da6ae5b1455
all5/Ramseys_theorem/[0-3][1-7][2-7].wasm,56135001ea01abf1daa97da6ae5b1455
all5/Ramseys_theorem/[0-3][1-7][2-8].wasm,56135001ea01abf1daa97da6ae5b1455
all5/Ramseys_theorem/[0-3][1-8].wasm,56135001ea01abf1daa97da6ae5b1455
all5/Ramseys_theorem/[0-3][1-8][2-1].wasm,56135001ea01abf1daa97da6ae5b1455
all5/Ramseys_theorem/[0-3][1-8][2-2].wasm,56135001ea01abf1daa97da6ae5b1455
all5/Ramseys_theorem/[0-3][1-8][2-3].wasm,56135001ea01abf1daa97da6ae5b1455
all5/Ramseys_theorem/[0-3][1-8][2-4].wasm,56135001ea01abf1daa97da6ae5b1455
all5/Ramseys_theorem/[0-3][1-8][2-5].wasm,56135001ea01abf1daa97da6ae5b1455
all5/Ramseys_theorem/[0-3][1-8][2-6].wasm,56135001ea01abf1daa97da6ae5b1455
all5/Ramseys_theorem/[0-3][1-8][2-7].wasm,56135001ea01abf1daa97da6ae5b1455
all5/Ramseys_theorem/[0-3][1-8][2-8].wasm,56135001ea01abf1daa97da6ae5b1455
all5/Ramseys_theorem/[0-3][2-1].wasm,56135001ea01abf1daa97da6ae5b1455
all5/Ramseys_theorem/[0-3][2-2].wasm,56135001ea01abf1daa97da6ae5b1455
all5/Ramseys_theorem/[0-3][2-3].wasm,56135001ea01abf1daa97da6ae5b1455
all5/Ramseys_theorem/[0-3][2-4].wasm,56135001ea01abf1daa97da6ae5b1455
all5/Ramseys_theorem/[0-3][2-5].wasm,56135001ea01abf1daa97da6ae5b1455
all5/Ramseys_theorem/[0-3][2-6].wasm,56135001ea01abf1daa97da6ae5b1455
all5/Ramseys_theorem/[0-3][2-7].wasm,56135001ea01abf1daa97da6ae5b1455
all5/Ramseys_theorem/[0-3][2-8].wasm,56135001ea01abf1daa97da6ae5b1455
all5/Ramseys_theorem/[0-4].wasm,56135001ea01abf1daa97da6ae5b1455
all5/Ramseys_theorem/[0-4][1-1].wasm,56135001ea01abf1daa97da6ae5b1455
all5/Ramseys_theorem/[0-4][1-1][2-1].wasm,56135001ea01abf1daa97da6ae5b1455
all5/Ramseys_theorem/[0-4][1-1][2-2].wasm,56135001ea01abf1daa97da6ae5b1455
all5/Ramseys_theorem/[0-4][1-1][2-3].wasm,56135001ea01abf1daa97da6ae5b1455
all5/Ramseys_theorem/[0-4][1-1][2-4].wasm,56135001ea01abf1daa97da6ae5b1455
all5/Ramseys_theorem/[0-4][1-1][2-5].wasm,56135001ea01abf1daa97da6ae5b1455
all5/Ramseys_theorem/[0-4][1-1][2-6].wasm,56135001ea01abf1daa97da6ae5b1455
all5/Ramseys_theorem/[0-4][1-1][2-7].wasm,56135001ea01abf1daa97da6ae5b1455
all5/Ramseys_theorem/[0-4][1-1][2-8].wasm,56135001ea01abf1daa97da6ae5b1455
all5/Ramseys_theorem/[0-4][1-2].wasm,56135001ea01abf1daa97da6ae5b1455
all5/Ramseys_theorem/[0-4][1-2][2-1].wasm,56135001ea01abf1daa97da6ae5b1455
all5/Ramseys_theorem/[0-4][1-2][2-2].wasm,56135001ea01abf1daa97da6ae5b1455
all5/Ramseys_theorem/[0-4][1-2][2-3].wasm,56135001ea01abf1daa97da6ae5b1455
all5/Ramseys_theorem/[0-4][1-2][2-4].wasm,56135001ea01abf1daa97da6ae5b1455
all5/Ramseys_theorem/[0-4][1-2][2-5].wasm,56135001ea01abf1daa97da6ae5b1455
all5/Ramseys_theorem/[0-4][1-2][2-6].wasm,56135001ea01abf1daa97da6ae5b1455
all5/Ramseys_theorem/[0-4][1-2][2-7].wasm,56135001ea01abf1daa97da6ae5b1455
all5/Ramseys_theorem/[0-4][1-2][2-8].wasm,56135001ea01abf1daa97da6ae5b1455
all5/Ramseys_theorem/[0-4][1-3].wasm,56135001ea01abf1daa97da6ae5b1455
all5/Ramseys_theorem/[0-4][1-3][2-1].wasm,56135001ea01abf1daa97da6ae5b1455
all5/Ramseys_theorem/[0-4][1-3][2-2].wasm,56135001ea01abf1daa97da6ae5b1455
all5/Ramseys_theorem/[0-4][1-3][2-3].wasm,56135001ea01abf1daa97da6ae5b1455
all5/Ramseys_theorem/[0-4][1-3][2-4].wasm,56135001ea01abf1daa97da6ae5b1455
all5/Ramseys_theorem/[0-4][1-3][2-5].wasm,56135001ea01abf1daa97da6ae5b1455
all5/Ramseys_theorem/[0-4][1-3][2-6].wasm,56135001ea01abf1daa97da6ae5b1455
all5/Ramseys_theorem/[0-4][1-3][2-7].wasm,56135001ea01abf1daa97da6ae5b1455
all5/Ramseys_theorem/[0-4][1-3][2-8].wasm,56135001ea01abf1daa97da6ae5b1455
all5/Ramseys_theorem/[0-4][1-4].wasm,56135001ea01abf1daa97da6ae5b1455
all5/Ramseys_theorem/[0-4][1-4][2-1].wasm,56135001ea01abf1daa97da6ae5b1455
all5/Ramseys_theorem/[0-4][1-4][2-2].wasm,56135001ea01abf1daa97da6ae5b1455
all5/Ramseys_theorem/[0-4][1-4][2-3].wasm,56135001ea01abf1daa97da6ae5b1455
all5/Ramseys_theorem/[0-4][1-4][2-4].wasm,56135001ea01abf1daa97da6ae5b1455
all5/Ramseys_theorem/[0-4][1-4][2-5].wasm,56135001ea01abf1daa97da6ae5b1455
all5/Ramseys_theorem/[0-4][1-4][2-6].wasm,56135001ea01abf1daa97da6ae5b1455
all5/Ramseys_theorem/[0-4][1-4][2-7].wasm,56135001ea01abf1daa97da6ae5b1455
all5/Ramseys_theorem/[0-4][1-4][2-8].wasm,56135001ea01abf1daa97da6ae5b1455
all5/Ramseys_theorem/[0-4][1-5].wasm,56135001ea01abf1daa97da6ae5b1455
all5/Ramseys_theorem/[0-4][1-5][2-1].wasm,56135001ea01abf1daa97da6ae5b1455
all5/Ramseys_theorem/[0-4][1-5][2-2].wasm,56135001ea01abf1daa97da6ae5b1455
all5/Ramseys_theorem/[0-4][1-5][2-3].wasm,56135001ea01abf1daa97da6ae5b1455
all5/Ramseys_theorem/[0-4][1-5][2-4].wasm,56135001ea01abf1daa97da6ae5b1455
all5/Ramseys_theorem/[0-4][1-5][2-5].wasm,56135001ea01abf1daa97da6ae5b1455
all5/Ramseys_theorem/[0-4][1-5][2-6].wasm,56135001ea01abf1daa97da6ae5b1455
all5/Ramseys_theorem/[0-4][1-5][2-7].wasm,56135001ea01abf1daa97da6ae5b1455
all5/Ramseys_theorem/[0-4][1-5][2-8].wasm,56135001ea01abf1daa97da6ae5b1455
all5/Ramseys_theorem/[0-4][1-6].wasm,56135001ea01abf1daa97da6ae5b1455
all5/Ramseys_theorem/[0-4][1-6][2-1].wasm,56135001ea01abf1daa97da6ae5b1455
all5/Ramseys_theorem/[0-4][1-6][2-2].wasm,56135001ea01abf1daa97da6ae5b1455
all5/Ramseys_theorem/[0-4][1-6][2-3].wasm,56135001ea01abf1daa97da6ae5b1455
all5/Ramseys_theorem/[0-4][1-6][2-4].wasm,56135001ea01abf1daa97da6ae5b1455
all5/Ramseys_theorem/[0-4][1-6][2-5].wasm,56135001ea01abf1daa97da6ae5b1455
all5/Ramseys_theorem/[0-4][1-6][2-6].wasm,56135001ea01abf1daa97da6ae5b1455
all5/Ramseys_theorem/[0-4][1-6][2-7].wasm,56135001ea01abf1daa97da6ae5b1455
all5/Ramseys_theorem/[0-4][1-6][2-8].wasm,56135001ea01abf1daa97da6ae5b1455
all5/Ramseys_theorem/[0-4][1-7].wasm,56135001ea01abf1daa97da6ae5b1455
all5/Ramseys_theorem/[0-4][1-7][2-1].wasm,56135001ea01abf1daa97da6ae5b1455
all5/Ramseys_theorem/[0-4][1-7][2-2].wasm,56135001ea01abf1daa97da6ae5b1455
all5/Ramseys_theorem/[0-4][1-7][2-3].wasm,56135001ea01abf1daa97da6ae5b1455
all5/Ramseys_theorem/[0-4][1-7][2-4].wasm,56135001ea01abf1daa97da6ae5b1455
all5/Ramseys_theorem/[0-4][1-7][2-5].wasm,56135001ea01abf1daa97da6ae5b1455
all5/Ramseys_theorem/[0-4][1-7][2-6].wasm,56135001ea01abf1daa97da6ae5b1455
all5/Ramseys_theorem/[0-4][1-7][2-7].wasm,56135001ea01abf1daa97da6ae5b1455
all5/Ramseys_theorem/[0-4][1-7][2-8].wasm,56135001ea01abf1daa97da6ae5b1455
all5/Ramseys_theorem/[0-4][1-8].wasm,56135001ea01abf1daa97da6ae5b1455
all5/Ramseys_theorem/[0-4][1-8][2-1].wasm,56135001ea01abf1daa97da6ae5b1455
all5/Ramseys_theorem/[0-4][1-8][2-2].wasm,56135001ea01abf1daa97da6ae5b1455
all5/Ramseys_theorem/[0-4][1-8][2-3].wasm,56135001ea01abf1daa97da6ae5b1455
all5/Ramseys_theorem/[0-4][1-8][2-4].wasm,56135001ea01abf1daa97da6ae5b1455
all5/Ramseys_theorem/[0-4][1-8][2-5].wasm,56135001ea01abf1daa97da6ae5b1455
all5/Ramseys_theorem/[0-4][1-8][2-6].wasm,56135001ea01abf1daa97da6ae5b1455
all5/Ramseys_theorem/[0-4][1-8][2-7].wasm,56135001ea01abf1daa97da6ae5b1455
all5/Ramseys_theorem/[0-4][1-8][2-8].wasm,56135001ea01abf1daa97da6ae5b1455
all5/Ramseys_theorem/[0-4][2-1].wasm,56135001ea01abf1daa97da6ae5b1455
all5/Ramseys_theorem/[0-4][2-2].wasm,56135001ea01abf1daa97da6ae5b1455
all5/Ramseys_theorem/[0-4][2-3].wasm,56135001ea01abf1daa97da6ae5b1455
all5/Ramseys_theorem/[0-4][2-4].wasm,56135001ea01abf1daa97da6ae5b1455
all5/Ramseys_theorem/[0-4][2-5].wasm,56135001ea01abf1daa97da6ae5b1455
all5/Ramseys_theorem/[0-4][2-6].wasm,56135001ea01abf1daa97da6ae5b1455
all5/Ramseys_theorem/[0-4][2-7].wasm,56135001ea01abf1daa97da6ae5b1455
all5/Ramseys_theorem/[0-4][2-8].wasm,56135001ea01abf1daa97da6ae5b1455
all5/Ramseys_theorem/[0-5].wasm,56135001ea01abf1daa97da6ae5b1455
all5/Ramseys_theorem/[0-5][1-1].wasm,56135001ea01abf1daa97da6ae5b1455
all5/Ramseys_theorem/[0-5][1-1][2-1].wasm,56135001ea01abf1daa97da6ae5b1455
all5/Ramseys_theorem/[0-5][1-1][2-2].wasm,56135001ea01abf1daa97da6ae5b1455
all5/Ramseys_theorem/[0-5][1-1][2-3].wasm,56135001ea01abf1daa97da6ae5b1455
all5/Ramseys_theorem/[0-5][1-1][2-4].wasm,56135001ea01abf1daa97da6ae5b1455
all5/Ramseys_theorem/[0-5][1-1][2-5].wasm,56135001ea01abf1daa97da6ae5b1455
all5/Ramseys_theorem/[0-5][1-1][2-6].wasm,56135001ea01abf1daa97da6ae5b1455
all5/Ramseys_theorem/[0-5][1-1][2-7].wasm,56135001ea01abf1daa97da6ae5b1455
all5/Ramseys_theorem/[0-5][1-1][2-8].wasm,56135001ea01abf1daa97da6ae5b1455
all5/Ramseys_theorem/[0-5][1-2].wasm,56135001ea01abf1daa97da6ae5b1455
all5/Ramseys_theorem/[0-5][1-2][2-1].wasm,56135001ea01abf1daa97da6ae5b1455
all5/Ramseys_theorem/[0-5][1-2][2-2].wasm,56135001ea01abf1daa97da6ae5b1455
all5/Ramseys_theorem/[0-5][1-2][2-3].wasm,56135001ea01abf1daa97da6ae5b1455
all5/Ramseys_theorem/[0-5][1-2][2-4].wasm,56135001ea01abf1daa97da6ae5b1455
all5/Ramseys_theorem/[0-5][1-2][2-5].wasm,56135001ea01abf1daa97da6ae5b1455
all5/Ramseys_theorem/[0-5][1-2][2-6].wasm,56135001ea01abf1daa97da6ae5b1455
all5/Ramseys_theorem/[0-5][1-2][2-7].wasm,56135001ea01abf1daa97da6ae5b1455
all5/Ramseys_theorem/[0-5][1-2][2-8].wasm,56135001ea01abf1daa97da6ae5b1455
all5/Ramseys_theorem/[0-5][1-3].wasm,56135001ea01abf1daa97da6ae5b1455
all5/Ramseys_theorem/[0-5][1-3][2-1].wasm,56135001ea01abf1daa97da6ae5b1455
all5/Ramseys_theorem/[0-5][1-3][2-2].wasm,56135001ea01abf1daa97da6ae5b1455
all5/Ramseys_theorem/[0-5][1-3][2-3].wasm,56135001ea01abf1daa97da6ae5b1455
all5/Ramseys_theorem/[0-5][1-3][2-4].wasm,56135001ea01abf1daa97da6ae5b1455
all5/Ramseys_theorem/[0-5][1-3][2-5].wasm,56135001ea01abf1daa97da6ae5b1455
all5/Ramseys_theorem/[0-5][1-3][2-6].wasm,56135001ea01abf1daa97da6ae5b1455
all5/Ramseys_theorem/[0-5][1-3][2-7].wasm,56135001ea01abf1daa97da6ae5b1455
all5/Ramseys_theorem/[0-5][1-3][2-8].wasm,56135001ea01abf1daa97da6ae5b1455
all5/Ramseys_theorem/[0-5][1-4].wasm,56135001ea01abf1daa97da6ae5b1455
all5/Ramseys_theorem/[0-5][1-4][2-1].wasm,56135001ea01abf1daa97da6ae5b1455
all5/Ramseys_theorem/[0-5][1-4][2-2].wasm,56135001ea01abf1daa97da6ae5b1455
all5/Ramseys_theorem/[0-5][1-4][2-3].wasm,56135001ea01abf1daa97da6ae5b1455
all5/Ramseys_theorem/[0-5][1-4][2-4].wasm,56135001ea01abf1daa97da6ae5b1455
all5/Ramseys_theorem/[0-5][1-4][2-5].wasm,56135001ea01abf1daa97da6ae5b1455
all5/Ramseys_theorem/[0-5][1-4][2-6].wasm,56135001ea01abf1daa97da6ae5b1455
all5/Ramseys_theorem/[0-5][1-4][2-7].wasm,56135001ea01abf1daa97da6ae5b1455
all5/Ramseys_theorem/[0-5][1-4][2-8].wasm,56135001ea01abf1daa97da6ae5b1455
all5/Ramseys_theorem/[0-5][1-5].wasm,56135001ea01abf1daa97da6ae5b1455
all5/Ramseys_theorem/[0-5][1-5][2-1].wasm,56135001ea01abf1daa97da6ae5b1455
all5/Ramseys_theorem/[0-5][1-5][2-2].wasm,56135001ea01abf1daa97da6ae5b1455
all5/Ramseys_theorem/[0-5][1-5][2-3].wasm,56135001ea01abf1daa97da6ae5b1455
all5/Ramseys_theorem/[0-5][1-5][2-4].wasm,56135001ea01abf1daa97da6ae5b1455
all5/Ramseys_theorem/[0-5][1-5][2-5].wasm,56135001ea01abf1daa97da6ae5b1455
all5/Ramseys_theorem/[0-5][1-5][2-6].wasm,56135001ea01abf1daa97da6ae5b1455
all5/Ramseys_theorem/[0-5][1-5][2-7].wasm,56135001ea01abf1daa97da6ae5b1455
all5/Ramseys_theorem/[0-5][1-5][2-8].wasm,56135001ea01abf1daa97da6ae5b1455
all5/Ramseys_theorem/[0-5][1-6].wasm,56135001ea01abf1daa97da6ae5b1455
all5/Ramseys_theorem/[0-5][1-6][2-1].wasm,56135001ea01abf1daa97da6ae5b1455
all5/Ramseys_theorem/[0-5][1-6][2-2].wasm,56135001ea01abf1daa97da6ae5b1455
all5/Ramseys_theorem/[0-5][1-6][2-3].wasm,56135001ea01abf1daa97da6ae5b1455
all5/Ramseys_theorem/[0-5][1-6][2-4].wasm,56135001ea01abf1daa97da6ae5b1455
all5/Ramseys_theorem/[0-5][1-6][2-5].wasm,56135001ea01abf1daa97da6ae5b1455
all5/Ramseys_theorem/[0-5][1-6][2-6].wasm,56135001ea01abf1daa97da6ae5b1455
all5/Ramseys_theorem/[0-5][1-6][2-7].wasm,56135001ea01abf1daa97da6ae5b1455
all5/Ramseys_theorem/[0-5][1-6][2-8].wasm,56135001ea01abf1daa97da6ae5b1455
all5/Ramseys_theorem/[0-5][1-7].wasm,56135001ea01abf1daa97da6ae5b1455
all5/Ramseys_theorem/[0-5][1-7][2-1].wasm,56135001ea01abf1daa97da6ae5b1455
all5/Ramseys_theorem/[0-5][1-7][2-2].wasm,56135001ea01abf1daa97da6ae5b1455
all5/Ramseys_theorem/[0-5][1-7][2-3].wasm,56135001ea01abf1daa97da6ae5b1455
all5/Ramseys_theorem/[0-5][1-7][2-4].wasm,56135001ea01abf1daa97da6ae5b1455
all5/Ramseys_theorem/[0-5][1-7][2-5].wasm,56135001ea01abf1daa97da6ae5b1455
all5/Ramseys_theorem/[0-5][1-7][2-6].wasm,56135001ea01abf1daa97da6ae5b1455
all5/Ramseys_theorem/[0-5][1-7][2-7].wasm,56135001ea01abf1daa97da6ae5b1455
all5/Ramseys_theorem/[0-5][1-7][2-8].wasm,56135001ea01abf1daa97da6ae5b1455
all5/Ramseys_theorem/[0-5][1-8].wasm,56135001ea01abf1daa97da6ae5b1455
all5/Ramseys_theorem/[0-5][1-8][2-1].wasm,56135001ea01abf1daa97da6ae5b1455
all5/Ramseys_theorem/[0-5][1-8][2-2].wasm,56135001ea01abf1daa97da6ae5b1455
all5/Ramseys_theorem/[0-5][1-8][2-3].wasm,56135001ea01abf1daa97da6ae5b1455
all5/Ramseys_theorem/[0-5][1-8][2-4].wasm,56135001ea01abf1daa97da6ae5b1455
all5/Ramseys_theorem/[0-5][1-8][2-5].wasm,56135001ea01abf1daa97da6ae5b1455
all5/Ramseys_theorem/[0-5][1-8][2-6].wasm,56135001ea01abf1daa97da6ae5b1455
all5/Ramseys_theorem/[0-5][1-8][2-7].wasm,56135001ea01abf1daa97da6ae5b1455
all5/Ramseys_theorem/[0-5][1-8][2-8].wasm,56135001ea01abf1daa97da6ae5b1455
all5/Ramseys_theorem/[0-5][2-1].wasm,56135001ea01abf1daa97da6ae5b1455
all5/Ramseys_theorem/[0-5][2-2].wasm,56135001ea01abf1daa97da6ae5b1455
all5/Ramseys_theorem/[0-5][2-3].wasm,56135001ea01abf1daa97da6ae5b1455
all5/Ramseys_theorem/[0-5][2-4].wasm,56135001ea01abf1daa97da6ae5b1455
all5/Ramseys_theorem/[0-5][2-5].wasm,56135001ea01abf1daa97da6ae5b1455
all5/Ramseys_theorem/[0-5][2-6].wasm,56135001ea01abf1daa97da6ae5b1455
all5/Ramseys_theorem/[0-5][2-7].wasm,56135001ea01abf1daa97da6ae5b1455
all5/Ramseys_theorem/[0-5][2-8].wasm,56135001ea01abf1daa97da6ae5b1455
all5/Ramseys_theorem/[0-6].wasm,56135001ea01abf1daa97da6ae5b1455
all5/Ramseys_theorem/[0-6][1-1].wasm,56135001ea01abf1daa97da6ae5b1455
all5/Ramseys_theorem/[0-6][1-1][2-1].wasm,56135001ea01abf1daa97da6ae5b1455
all5/Ramseys_theorem/[0-6][1-1][2-2].wasm,56135001ea01abf1daa97da6ae5b1455
all5/Ramseys_theorem/[0-6][1-1][2-3].wasm,56135001ea01abf1daa97da6ae5b1455
all5/Ramseys_theorem/[0-6][1-1][2-4].wasm,56135001ea01abf1daa97da6ae5b1455
all5/Ramseys_theorem/[0-6][1-1][2-5].wasm,56135001ea01abf1daa97da6ae5b1455
all5/Ramseys_theorem/[0-6][1-1][2-6].wasm,56135001ea01abf1daa97da6ae5b1455
all5/Ramseys_theorem/[0-6][1-1][2-7].wasm,56135001ea01abf1daa97da6ae5b1455
all5/Ramseys_theorem/[0-6][1-1][2-8].wasm,56135001ea01abf1daa97da6ae5b1455
all5/Ramseys_theorem/[0-6][1-2].wasm,56135001ea01abf1daa97da6ae5b1455
all5/Ramseys_theorem/[0-6][1-2][2-1].wasm,56135001ea01abf1daa97da6ae5b1455
all5/Ramseys_theorem/[0-6][1-2][2-2].wasm,56135001ea01abf1daa97da6ae5b1455
all5/Ramseys_theorem/[0-6][1-2][2-3].wasm,56135001ea01abf1daa97da6ae5b1455
all5/Ramseys_theorem/[0-6][1-2][2-4].wasm,56135001ea01abf1daa97da6ae5b1455
all5/Ramseys_theorem/[0-6][1-2][2-5].wasm,56135001ea01abf1daa97da6ae5b1455
all5/Ramseys_theorem/[0-6][1-2][2-6].wasm,56135001ea01abf1daa97da6ae5b1455
all5/Ramseys_theorem/[0-6][1-2][2-7].wasm,56135001ea01abf1daa97da6ae5b1455
all5/Ramseys_theorem/[0-6][1-2][2-8].wasm,56135001ea01abf1daa97da6ae5b1455
all5/Ramseys_theorem/[0-6][1-3].wasm,56135001ea01abf1daa97da6ae5b1455
all5/Ramseys_theorem/[0-6][1-3][2-1].wasm,56135001ea01abf1daa97da6ae5b1455
all5/Ramseys_theorem/[0-6][1-3][2-2].wasm,56135001ea01abf1daa97da6ae5b1455
all5/Ramseys_theorem/[0-6][1-3][2-3].wasm,56135001ea01abf1daa97da6ae5b1455
all5/Ramseys_theorem/[0-6][1-3][2-4].wasm,56135001ea01abf1daa97da6ae5b1455
all5/Ramseys_theorem/[0-6][1-3][2-5].wasm,56135001ea01abf1daa97da6ae5b1455
all5/Ramseys_theorem/[0-6][1-3][2-6].wasm,56135001ea01abf1daa97da6ae5b1455
all5/Ramseys_theorem/[0-6][1-3][2-7].wasm,56135001ea01abf1daa97da6ae5b1455
all5/Ramseys_theorem/[0-6][1-3][2-8].wasm,56135001ea01abf1daa97da6ae5b1455
all5/Ramseys_theorem/[0-6][1-4].wasm,56135001ea01abf1daa97da6ae5b1455
all5/Ramseys_theorem/[0-6][1-4][2-1].wasm,56135001ea01abf1daa97da6ae5b1455
all5/Ramseys_theorem/[0-6][1-4][2-2].wasm,56135001ea01abf1daa97da6ae5b1455
all5/Ramseys_theorem/[0-6][1-4][2-3].wasm,56135001ea01abf1daa97da6ae5b1455
all5/Ramseys_theorem/[0-6][1-4][2-4].wasm,56135001ea01abf1daa97da6ae5b1455
all5/Ramseys_theorem/[0-6][1-4][2-5].wasm,56135001ea01abf1daa97da6ae5b1455
all5/Ramseys_theorem/[0-6][1-4][2-6].wasm,56135001ea01abf1daa97da6ae5b1455
all5/Ramseys_theorem/[0-6][1-4][2-7].wasm,56135001ea01abf1daa97da6ae5b1455
all5/Ramseys_theorem/[0-6][1-4][2-8].wasm,56135001ea01abf1daa97da6ae5b1455
all5/Ramseys_theorem/[0-6][1-5].wasm,56135001ea01abf1daa97da6ae5b1455
all5/Ramseys_theorem/[0-6][1-5][2-1].wasm,56135001ea01abf1daa97da6ae5b1455
all5/Ramseys_theorem/[0-6][1-5][2-2].wasm,56135001ea01abf1daa97da6ae5b1455
all5/Ramseys_theorem/[0-6][1-5][2-3].wasm,56135001ea01abf1daa97da6ae5b1455
all5/Ramseys_theorem/[0-6][1-5][2-4].wasm,56135001ea01abf1daa97da6ae5b1455
all5/Ramseys_theorem/[0-6][1-5][2-5].wasm,56135001ea01abf1daa97da6ae5b1455
all5/Ramseys_theorem/[0-6][1-5][2-6].wasm,56135001ea01abf1daa97da6ae5b1455
all5/Ramseys_theorem/[0-6][1-5][2-7].wasm,56135001ea01abf1daa97da6ae5b1455
all5/Ramseys_theorem/[0-6][1-5][2-8].wasm,56135001ea01abf1daa97da6ae5b1455
all5/Ramseys_theorem/[0-6][1-6].wasm,56135001ea01abf1daa97da6ae5b1455
all5/Ramseys_theorem/[0-6][1-6][2-1].wasm,56135001ea01abf1daa97da6ae5b1455
all5/Ramseys_theorem/[0-6][1-6][2-2].wasm,56135001ea01abf1daa97da6ae5b1455
all5/Ramseys_theorem/[0-6][1-6][2-3].wasm,56135001ea01abf1daa97da6ae5b1455
all5/Ramseys_theorem/[0-6][1-6][2-4].wasm,56135001ea01abf1daa97da6ae5b1455
all5/Ramseys_theorem/[0-6][1-6][2-5].wasm,56135001ea01abf1daa97da6ae5b1455
all5/Ramseys_theorem/[0-6][1-6][2-6].wasm,56135001ea01abf1daa97da6ae5b1455
all5/Ramseys_theorem/[0-6][1-6][2-7].wasm,56135001ea01abf1daa97da6ae5b1455
all5/Ramseys_theorem/[0-6][1-6][2-8].wasm,56135001ea01abf1daa97da6ae5b1455
all5/Ramseys_theorem/[0-6][1-7].wasm,56135001ea01abf1daa97da6ae5b1455
all5/Ramseys_theorem/[0-6][1-7][2-1].wasm,56135001ea01abf1daa97da6ae5b1455
all5/Ramseys_theorem/[0-6][1-7][2-2].wasm,56135001ea01abf1daa97da6ae5b1455
all5/Ramseys_theorem/[0-6][1-7][2-3].wasm,56135001ea01abf1daa97da6ae5b1455
all5/Ramseys_theorem/[0-6][1-7][2-4].wasm,56135001ea01abf1daa97da6ae5b1455
all5/Ramseys_theorem/[0-6][1-7][2-5].wasm,56135001ea01abf1daa97da6ae5b1455
all5/Ramseys_theorem/[0-6][1-7][2-6].wasm,56135001ea01abf1daa97da6ae5b1455
all5/Ramseys_theorem/[0-6][1-7][2-7].wasm,56135001ea01abf1daa97da6ae5b1455
all5/Ramseys_theorem/[0-6][1-7][2-8].wasm,56135001ea01abf1daa97da6ae5b1455
all5/Ramseys_theorem/[0-6][1-8].wasm,56135001ea01abf1daa97da6ae5b1455
all5/Ramseys_theorem/[0-6][1-8][2-1].wasm,56135001ea01abf1daa97da6ae5b1455
all5/Ramseys_theorem/[0-6][1-8][2-2].wasm,56135001ea01abf1daa97da6ae5b1455
all5/Ramseys_theorem/[0-6][1-8][2-3].wasm,56135001ea01abf1daa97da6ae5b1455
all5/Ramseys_theorem/[0-6][1-8][2-4].wasm,56135001ea01abf1daa97da6ae5b1455
all5/Ramseys_theorem/[0-6][1-8][2-5].wasm,56135001ea01abf1daa97da6ae5b1455
all5/Ramseys_theorem/[0-6][1-8][2-6].wasm,56135001ea01abf1daa97da6ae5b1455
all5/Ramseys_theorem/[0-6][1-8][2-7].wasm,56135001ea01abf1daa97da6ae5b1455
all5/Ramseys_theorem/[0-6][1-8][2-8].wasm,56135001ea01abf1daa97da6ae5b1455
all5/Ramseys_theorem/[0-6][2-1].wasm,56135001ea01abf1daa97da6ae5b1455
all5/Ramseys_theorem/[0-6][2-2].wasm,56135001ea01abf1daa97da6ae5b1455
all5/Ramseys_theorem/[0-6][2-3].wasm,56135001ea01abf1daa97da6ae5b1455
all5/Ramseys_theorem/[0-6][2-4].wasm,56135001ea01abf1daa97da6ae5b1455
all5/Ramseys_theorem/[0-6][2-5].wasm,56135001ea01abf1daa97da6ae5b1455
all5/Ramseys_theorem/[0-6][2-6].wasm,56135001ea01abf1daa97da6ae5b1455
all5/Ramseys_theorem/[0-6][2-7].wasm,56135001ea01abf1daa97da6ae5b1455
all5/Ramseys_theorem/[0-6][2-8].wasm,56135001ea01abf1daa97da6ae5b1455
all5/Ramseys_theorem/[0-7].wasm,56135001ea01abf1daa97da6ae5b1455
all5/Ramseys_theorem/[0-7][1-1].wasm,56135001ea01abf1daa97da6ae5b1455
all5/Ramseys_theorem/[0-7][1-1][2-1].wasm,56135001ea01abf1daa97da6ae5b1455
all5/Ramseys_theorem/[0-7][1-1][2-2].wasm,56135001ea01abf1daa97da6ae5b1455
all5/Ramseys_theorem/[0-7][1-1][2-3].wasm,56135001ea01abf1daa97da6ae5b1455
all5/Ramseys_theorem/[0-7][1-1][2-4].wasm,56135001ea01abf1daa97da6ae5b1455
all5/Ramseys_theorem/[0-7][1-1][2-5].wasm,56135001ea01abf1daa97da6ae5b1455
all5/Ramseys_theorem/[0-7][1-1][2-6].wasm,56135001ea01abf1daa97da6ae5b1455
all5/Ramseys_theorem/[0-7][1-1][2-7].wasm,56135001ea01abf1daa97da6ae5b1455
all5/Ramseys_theorem/[0-7][1-1][2-8].wasm,56135001ea01abf1daa97da6ae5b1455
all5/Ramseys_theorem/[0-7][1-2].wasm,56135001ea01abf1daa97da6ae5b1455
all5/Ramseys_theorem/[0-7][1-2][2-1].wasm,56135001ea01abf1daa97da6ae5b1455
all5/Ramseys_theorem/[0-7][1-2][2-2].wasm,56135001ea01abf1daa97da6ae5b1455
all5/Ramseys_theorem/[0-7][1-2][2-3].wasm,56135001ea01abf1daa97da6ae5b1455
all5/Ramseys_theorem/[0-7][1-2][2-4].wasm,56135001ea01abf1daa97da6ae5b1455
all5/Ramseys_theorem/[0-7][1-2][2-5].wasm,56135001ea01abf1daa97da6ae5b1455
all5/Ramseys_theorem/[0-7][1-2][2-6].wasm,56135001ea01abf1daa97da6ae5b1455
all5/Ramseys_theorem/[0-7][1-2][2-7].wasm,56135001ea01abf1daa97da6ae5b1455
all5/Ramseys_theorem/[0-7][1-2][2-8].wasm,56135001ea01abf1daa97da6ae5b1455
all5/Ramseys_theorem/[0-7][1-3].wasm,56135001ea01abf1daa97da6ae5b1455
all5/Ramseys_theorem/[0-7][1-3][2-1].wasm,56135001ea01abf1daa97da6ae5b1455
all5/Ramseys_theorem/[0-7][1-3][2-2].wasm,56135001ea01abf1daa97da6ae5b1455
all5/Ramseys_theorem/[0-7][1-3][2-3].wasm,56135001ea01abf1daa97da6ae5b1455
all5/Ramseys_theorem/[0-7][1-3][2-4].wasm,56135001ea01abf1daa97da6ae5b1455
all5/Ramseys_theorem/[0-7][1-3][2-5].wasm,56135001ea01abf1daa97da6ae5b1455
all5/Ramseys_theorem/[0-7][1-3][2-6].wasm,56135001ea01abf1daa97da6ae5b1455
all5/Ramseys_theorem/[0-7][1-3][2-7].wasm,56135001ea01abf1daa97da6ae5b1455
all5/Ramseys_theorem/[0-7][1-3][2-8].wasm,56135001ea01abf1daa97da6ae5b1455
all5/Ramseys_theorem/[0-7][1-4].wasm,56135001ea01abf1daa97da6ae5b1455
all5/Ramseys_theorem/[0-7][1-4][2-1].wasm,56135001ea01abf1daa97da6ae5b1455
all5/Ramseys_theorem/[0-7][1-4][2-2].wasm,56135001ea01abf1daa97da6ae5b1455
all5/Ramseys_theorem/[0-7][1-4][2-3].wasm,56135001ea01abf1daa97da6ae5b1455
all5/Ramseys_theorem/[0-7][1-4][2-4].wasm,56135001ea01abf1daa97da6ae5b1455
all5/Ramseys_theorem/[0-7][1-4][2-5].wasm,56135001ea01abf1daa97da6ae5b1455
all5/Ramseys_theorem/[0-7][1-4][2-6].wasm,56135001ea01abf1daa97da6ae5b1455
all5/Ramseys_theorem/[0-7][1-4][2-7].wasm,56135001ea01abf1daa97da6ae5b1455
all5/Ramseys_theorem/[0-7][1-4][2-8].wasm,56135001ea01abf1daa97da6ae5b1455
all5/Ramseys_theorem/[0-7][1-5].wasm,56135001ea01abf1daa97da6ae5b1455
all5/Ramseys_theorem/[0-7][1-5][2-1].wasm,56135001ea01abf1daa97da6ae5b1455
all5/Ramseys_theorem/[0-7][1-5][2-2].wasm,56135001ea01abf1daa97da6ae5b1455
all5/Ramseys_theorem/[0-7][1-5][2-3].wasm,56135001ea01abf1daa97da6ae5b1455
all5/Ramseys_theorem/[0-7][1-5][2-4].wasm,56135001ea01abf1daa97da6ae5b1455
all5/Ramseys_theorem/[0-7][1-5][2-5].wasm,56135001ea01abf1daa97da6ae5b1455
all5/Ramseys_theorem/[0-7][1-5][2-6].wasm,56135001ea01abf1daa97da6ae5b1455
all5/Ramseys_theorem/[0-7][1-5][2-7].wasm,56135001ea01abf1daa97da6ae5b1455
all5/Ramseys_theorem/[0-7][1-5][2-8].wasm,56135001ea01abf1daa97da6ae5b1455
all5/Ramseys_theorem/[0-7][1-6].wasm,56135001ea01abf1daa97da6ae5b1455
all5/Ramseys_theorem/[0-7][1-6][2-1].wasm,56135001ea01abf1daa97da6ae5b1455
all5/Ramseys_theorem/[0-7][1-6][2-2].wasm,56135001ea01abf1daa97da6ae5b1455
all5/Ramseys_theorem/[0-7][1-6][2-3].wasm,56135001ea01abf1daa97da6ae5b1455
all5/Ramseys_theorem/[0-7][1-6][2-4].wasm,56135001ea01abf1daa97da6ae5b1455
all5/Ramseys_theorem/[0-7][1-6][2-5].wasm,56135001ea01abf1daa97da6ae5b1455
all5/Ramseys_theorem/[0-7][1-6][2-6].wasm,56135001ea01abf1daa97da6ae5b1455
all5/Ramseys_theorem/[0-7][1-6][2-7].wasm,56135001ea01abf1daa97da6ae5b1455
all5/Ramseys_theorem/[0-7][1-6][2-8].wasm,56135001ea01abf1daa97da6ae5b1455
all5/Ramseys_theorem/[0-7][1-7].wasm,56135001ea01abf1daa97da6ae5b1455
all5/Ramseys_theorem/[0-7][1-7][2-1].wasm,56135001ea01abf1daa97da6ae5b1455
all5/Ramseys_theorem/[0-7][1-7][2-2].wasm,56135001ea01abf1daa97da6ae5b1455
all5/Ramseys_theorem/[0-7][1-7][2-3].wasm,56135001ea01abf1daa97da6ae5b1455
all5/Ramseys_theorem/[0-7][1-7][2-4].wasm,56135001ea01abf1daa97da6ae5b1455
all5/Ramseys_theorem/[0-7][1-7][2-5].wasm,56135001ea01abf1daa97da6ae5b1455
all5/Ramseys_theorem/[0-7][1-7][2-6].wasm,56135001ea01abf1daa97da6ae5b1455
all5/Ramseys_theorem/[0-7][1-7][2-7].wasm,56135001ea01abf1daa97da6ae5b1455
all5/Ramseys_theorem/[0-7][1-7][2-8].wasm,56135001ea01abf1daa97da6ae5b1455
all5/Ramseys_theorem/[0-7][1-8].wasm,56135001ea01abf1daa97da6ae5b1455
all5/Ramseys_theorem/[0-7][1-8][2-1].wasm,56135001ea01abf1daa97da6ae5b1455
all5/Ramseys_theorem/[0-7][1-8][2-2].wasm,56135001ea01abf1daa97da6ae5b1455
all5/Ramseys_theorem/[0-7][1-8][2-3].wasm,56135001ea01abf1daa97da6ae5b1455
all5/Ramseys_theorem/[0-7][1-8][2-4].wasm,56135001ea01abf1daa97da6ae5b1455
all5/Ramseys_theorem/[0-7][1-8][2-5].wasm,56135001ea01abf1daa97da6ae5b1455
all5/Ramseys_theorem/[0-7][1-8][2-6].wasm,56135001ea01abf1daa97da6ae5b1455
all5/Ramseys_theorem/[0-7][1-8][2-7].wasm,56135001ea01abf1daa97da6ae5b1455
all5/Ramseys_theorem/[0-7][1-8][2-8].wasm,56135001ea01abf1daa97da6ae5b1455
all5/Ramseys_theorem/[0-7][2-1].wasm,56135001ea01abf1daa97da6ae5b1455
all5/Ramseys_theorem/[0-7][2-2].wasm,56135001ea01abf1daa97da6ae5b1455
all5/Ramseys_theorem/[0-7][2-3].wasm,56135001ea01abf1daa97da6ae5b1455
all5/Ramseys_theorem/[0-7][2-4].wasm,56135001ea01abf1daa97da6ae5b1455
all5/Ramseys_theorem/[0-7][2-5].wasm,56135001ea01abf1daa97da6ae5b1455
all5/Ramseys_theorem/[0-7][2-6].wasm,56135001ea01abf1daa97da6ae5b1455
all5/Ramseys_theorem/[0-7][2-7].wasm,56135001ea01abf1daa97da6ae5b1455
all5/Ramseys_theorem/[0-7][2-8].wasm,56135001ea01abf1daa97da6ae5b1455
all5/Ramseys_theorem/[0-8].wasm,56135001ea01abf1daa97da6ae5b1455
all5/Ramseys_theorem/[0-8][1-1].wasm,56135001ea01abf1daa97da6ae5b1455
all5/Ramseys_theorem/[0-8][1-1][2-1].wasm,56135001ea01abf1daa97da6ae5b1455
all5/Ramseys_theorem/[0-8][1-1][2-2].wasm,56135001ea01abf1daa97da6ae5b1455
all5/Ramseys_theorem/[0-8][1-1][2-3].wasm,56135001ea01abf1daa97da6ae5b1455
all5/Ramseys_theorem/[0-8][1-1][2-4].wasm,56135001ea01abf1daa97da6ae5b1455
all5/Ramseys_theorem/[0-8][1-1][2-5].wasm,56135001ea01abf1daa97da6ae5b1455
all5/Ramseys_theorem/[0-8][1-1][2-6].wasm,56135001ea01abf1daa97da6ae5b1455
all5/Ramseys_theorem/[0-8][1-1][2-7].wasm,56135001ea01abf1daa97da6ae5b1455
all5/Ramseys_theorem/[0-8][1-1][2-8].wasm,56135001ea01abf1daa97da6ae5b1455
all5/Ramseys_theorem/[0-8][1-2].wasm,56135001ea01abf1daa97da6ae5b1455
all5/Ramseys_theorem/[0-8][1-2][2-1].wasm,56135001ea01abf1daa97da6ae5b1455
all5/Ramseys_theorem/[0-8][1-2][2-2].wasm,56135001ea01abf1daa97da6ae5b1455
all5/Ramseys_theorem/[0-8][1-2][2-3].wasm,56135001ea01abf1daa97da6ae5b1455
all5/Ramseys_theorem/[0-8][1-2][2-4].wasm,56135001ea01abf1daa97da6ae5b1455
all5/Ramseys_theorem/[0-8][1-2][2-5].wasm,56135001ea01abf1daa97da6ae5b1455
all5/Ramseys_theorem/[0-8][1-2][2-6].wasm,56135001ea01abf1daa97da6ae5b1455
all5/Ramseys_theorem/[0-8][1-2][2-7].wasm,56135001ea01abf1daa97da6ae5b1455
all5/Ramseys_theorem/[0-8][1-2][2-8].wasm,56135001ea01abf1daa97da6ae5b1455
all5/Ramseys_theorem/[0-8][1-3].wasm,56135001ea01abf1daa97da6ae5b1455
all5/Ramseys_theorem/[0-8][1-3][2-1].wasm,56135001ea01abf1daa97da6ae5b1455
all5/Ramseys_theorem/[0-8][1-3][2-2].wasm,56135001ea01abf1daa97da6ae5b1455
all5/Ramseys_theorem/[0-8][1-3][2-3].wasm,56135001ea01abf1daa97da6ae5b1455
all5/Ramseys_theorem/[0-8][1-3][2-4].wasm,56135001ea01abf1daa97da6ae5b1455
all5/Ramseys_theorem/[0-8][1-3][2-5].wasm,56135001ea01abf1daa97da6ae5b1455
all5/Ramseys_theorem/[0-8][1-3][2-6].wasm,56135001ea01abf1daa97da6ae5b1455
all5/Ramseys_theorem/[0-8][1-3][2-7].wasm,56135001ea01abf1daa97da6ae5b1455
all5/Ramseys_theorem/[0-8][1-3][2-8].wasm,56135001ea01abf1daa97da6ae5b1455
all5/Ramseys_theorem/[0-8][1-4].wasm,56135001ea01abf1daa97da6ae5b1455
all5/Ramseys_theorem/[0-8][1-4][2-1].wasm,56135001ea01abf1daa97da6ae5b1455
all5/Ramseys_theorem/[0-8][1-4][2-2].wasm,56135001ea01abf1daa97da6ae5b1455
all5/Ramseys_theorem/[0-8][1-4][2-3].wasm,56135001ea01abf1daa97da6ae5b1455
all5/Ramseys_theorem/[0-8][1-4][2-4].wasm,56135001ea01abf1daa97da6ae5b1455
all5/Ramseys_theorem/[0-8][1-4][2-5].wasm,56135001ea01abf1daa97da6ae5b1455
all5/Ramseys_theorem/[0-8][1-4][2-6].wasm,56135001ea01abf1daa97da6ae5b1455
all5/Ramseys_theorem/[0-8][1-4][2-7].wasm,56135001ea01abf1daa97da6ae5b1455
all5/Ramseys_theorem/[0-8][1-4][2-8].wasm,56135001ea01abf1daa97da6ae5b1455
all5/Ramseys_theorem/[0-8][1-5].wasm,56135001ea01abf1daa97da6ae5b1455
all5/Ramseys_theorem/[0-8][1-5][2-1].wasm,56135001ea01abf1daa97da6ae5b1455
all5/Ramseys_theorem/[0-8][1-5][2-2].wasm,56135001ea01abf1daa97da6ae5b1455
all5/Ramseys_theorem/[0-8][1-5][2-3].wasm,56135001ea01abf1daa97da6ae5b1455
all5/Ramseys_theorem/[0-8][1-5][2-4].wasm,56135001ea01abf1daa97da6ae5b1455
all5/Ramseys_theorem/[0-8][1-5][2-5].wasm,56135001ea01abf1daa97da6ae5b1455
all5/Ramseys_theorem/[0-8][1-5][2-6].wasm,56135001ea01abf1daa97da6ae5b1455
all5/Ramseys_theorem/[0-8][1-5][2-7].wasm,56135001ea01abf1daa97da6ae5b1455
all5/Ramseys_theorem/[0-8][1-5][2-8].wasm,56135001ea01abf1daa97da6ae5b1455
all5/Ramseys_theorem/[0-8][1-6].wasm,56135001ea01abf1daa97da6ae5b1455
all5/Ramseys_theorem/[0-8][1-6][2-1].wasm,56135001ea01abf1daa97da6ae5b1455
all5/Ramseys_theorem/[0-8][1-6][2-2].wasm,56135001ea01abf1daa97da6ae5b1455
all5/Ramseys_theorem/[0-8][1-6][2-3].wasm,56135001ea01abf1daa97da6ae5b1455
all5/Ramseys_theorem/[0-8][1-6][2-4].wasm,56135001ea01abf1daa97da6ae5b1455
all5/Ramseys_theorem/[0-8][1-6][2-5].wasm,56135001ea01abf1daa97da6ae5b1455
all5/Ramseys_theorem/[0-8][1-6][2-6].wasm,56135001ea01abf1daa97da6ae5b1455
all5/Ramseys_theorem/[0-8][1-6][2-7].wasm,56135001ea01abf1daa97da6ae5b1455
all5/Ramseys_theorem/[0-8][1-6][2-8].wasm,56135001ea01abf1daa97da6ae5b1455
all5/Ramseys_theorem/[0-8][1-7].wasm,56135001ea01abf1daa97da6ae5b1455
all5/Ramseys_theorem/[0-8][1-7][2-1].wasm,56135001ea01abf1daa97da6ae5b1455
all5/Ramseys_theorem/[0-8][1-7][2-2].wasm,56135001ea01abf1daa97da6ae5b1455
all5/Ramseys_theorem/[0-8][1-7][2-3].wasm,56135001ea01abf1daa97da6ae5b1455
all5/Ramseys_theorem/[0-8][1-7][2-4].wasm,56135001ea01abf1daa97da6ae5b1455
all5/Ramseys_theorem/[0-8][1-7][2-5].wasm,56135001ea01abf1daa97da6ae5b1455
all5/Ramseys_theorem/[0-8][1-7][2-6].wasm,56135001ea01abf1daa97da6ae5b1455
all5/Ramseys_theorem/[0-8][1-7][2-7].wasm,56135001ea01abf1daa97da6ae5b1455
all5/Ramseys_theorem/[0-8][1-7][2-8].wasm,56135001ea01abf1daa97da6ae5b1455
all5/Ramseys_theorem/[0-8][1-8].wasm,56135001ea01abf1daa97da6ae5b1455
all5/Ramseys_theorem/[0-8][1-8][2-1].wasm,56135001ea01abf1daa97da6ae5b1455
all5/Ramseys_theorem/[0-8][1-8][2-2].wasm,56135001ea01abf1daa97da6ae5b1455
all5/Ramseys_theorem/[0-8][1-8][2-3].wasm,56135001ea01abf1daa97da6ae5b1455
all5/Ramseys_theorem/[0-8][1-8][2-4].wasm,56135001ea01abf1daa97da6ae5b1455
all5/Ramseys_theorem/[0-8][1-8][2-5].wasm,56135001ea01abf1daa97da6ae5b1455
all5/Ramseys_theorem/[0-8][1-8][2-6].wasm,56135001ea01abf1daa97da6ae5b1455
all5/Ramseys_theorem/[0-8][1-8][2-7].wasm,56135001ea01abf1daa97da6ae5b1455
all5/Ramseys_theorem/[0-8][1-8][2-8].wasm,56135001ea01abf1daa97da6ae5b1455
all5/Ramseys_theorem/[0-8][2-1].wasm,56135001ea01abf1daa97da6ae5b1455
all5/Ramseys_theorem/[0-8][2-2].wasm,56135001ea01abf1daa97da6ae5b1455
all5/Ramseys_theorem/[0-8][2-3].wasm,56135001ea01abf1daa97da6ae5b1455
all5/Ramseys_theorem/[0-8][2-4].wasm,56135001ea01abf1daa97da6ae5b1455
all5/Ramseys_theorem/[0-8][2-5].wasm,56135001ea01abf1daa97da6ae5b1455
all5/Ramseys_theorem/[0-8][2-6].wasm,56135001ea01abf1daa97da6ae5b1455
all5/Ramseys_theorem/[0-8][2-7].wasm,56135001ea01abf1daa97da6ae5b1455
all5/Ramseys_theorem/[0-8][2-8].wasm,56135001ea01abf1daa97da6ae5b1455
all5/Ramseys_theorem/[0-9].wasm,56135001ea01abf1daa97da6ae5b1455
all5/Ramseys_theorem/[0-9][1-1].wasm,56135001ea01abf1daa97da6ae5b1455
all5/Ramseys_theorem/[0-9][1-1][2-1].wasm,56135001ea01abf1daa97da6ae5b1455
all5/Ramseys_theorem/[0-9][1-1][2-2].wasm,56135001ea01abf1daa97da6ae5b1455
all5/Ramseys_theorem/[0-9][1-1][2-3].wasm,56135001ea01abf1daa97da6ae5b1455
all5/Ramseys_theorem/[0-9][1-1][2-4].wasm,56135001ea01abf1daa97da6ae5b1455
all5/Ramseys_theorem/[0-9][1-1][2-5].wasm,56135001ea01abf1daa97da6ae5b1455
all5/Ramseys_theorem/[0-9][1-1][2-6].wasm,56135001ea01abf1daa97da6ae5b1455
all5/Ramseys_theorem/[0-9][1-1][2-7].wasm,56135001ea01abf1daa97da6ae5b1455
all5/Ramseys_theorem/[0-9][1-1][2-8].wasm,56135001ea01abf1daa97da6ae5b1455
all5/Ramseys_theorem/[0-9][1-2].wasm,56135001ea01abf1daa97da6ae5b1455
all5/Ramseys_theorem/[0-9][1-2][2-1].wasm,56135001ea01abf1daa97da6ae5b1455
all5/Ramseys_theorem/[0-9][1-2][2-2].wasm,56135001ea01abf1daa97da6ae5b1455
all5/Ramseys_theorem/[0-9][1-2][2-3].wasm,56135001ea01abf1daa97da6ae5b1455
all5/Ramseys_theorem/[0-9][1-2][2-4].wasm,56135001ea01abf1daa97da6ae5b1455
all5/Ramseys_theorem/[0-9][1-2][2-5].wasm,56135001ea01abf1daa97da6ae5b1455
all5/Ramseys_theorem/[0-9][1-2][2-6].wasm,56135001ea01abf1daa97da6ae5b1455
all5/Ramseys_theorem/[0-9][1-2][2-7].wasm,56135001ea01abf1daa97da6ae5b1455
all5/Ramseys_theorem/[0-9][1-2][2-8].wasm,56135001ea01abf1daa97da6ae5b1455
all5/Ramseys_theorem/[0-9][1-3].wasm,56135001ea01abf1daa97da6ae5b1455
all5/Ramseys_theorem/[0-9][1-3][2-1].wasm,56135001ea01abf1daa97da6ae5b1455
all5/Ramseys_theorem/[0-9][1-3][2-2].wasm,56135001ea01abf1daa97da6ae5b1455
all5/Ramseys_theorem/[0-9][1-3][2-3].wasm,56135001ea01abf1daa97da6ae5b1455
all5/Ramseys_theorem/[0-9][1-3][2-4].wasm,56135001ea01abf1daa97da6ae5b1455
all5/Ramseys_theorem/[0-9][1-3][2-5].wasm,56135001ea01abf1daa97da6ae5b1455
all5/Ramseys_theorem/[0-9][1-3][2-6].wasm,56135001ea01abf1daa97da6ae5b1455
all5/Ramseys_theorem/[0-9][1-3][2-7].wasm,56135001ea01abf1daa97da6ae5b1455
all5/Ramseys_theorem/[0-9][1-3][2-8].wasm,56135001ea01abf1daa97da6ae5b1455
all5/Ramseys_theorem/[0-9][1-4].wasm,56135001ea01abf1daa97da6ae5b1455
all5/Ramseys_theorem/[0-9][1-4][2-1].wasm,56135001ea01abf1daa97da6ae5b1455
all5/Ramseys_theorem/[0-9][1-4][2-2].wasm,56135001ea01abf1daa97da6ae5b1455
all5/Ramseys_theorem/[0-9][1-4][2-3].wasm,56135001ea01abf1daa97da6ae5b1455
all5/Ramseys_theorem/[0-9][1-4][2-4].wasm,56135001ea01abf1daa97da6ae5b1455
all5/Ramseys_theorem/[0-9][1-4][2-5].wasm,56135001ea01abf1daa97da6ae5b1455
all5/Ramseys_theorem/[0-9][1-4][2-6].wasm,56135001ea01abf1daa97da6ae5b1455
all5/Ramseys_theorem/[0-9][1-4][2-7].wasm,56135001ea01abf1daa97da6ae5b1455
all5/Ramseys_theorem/[0-9][1-4][2-8].wasm,56135001ea01abf1daa97da6ae5b1455
all5/Ramseys_theorem/[0-9][1-5].wasm,56135001ea01abf1daa97da6ae5b1455
all5/Ramseys_theorem/[0-9][1-5][2-1].wasm,56135001ea01abf1daa97da6ae5b1455
all5/Ramseys_theorem/[0-9][1-5][2-2].wasm,56135001ea01abf1daa97da6ae5b1455
all5/Ramseys_theorem/[0-9][1-5][2-3].wasm,56135001ea01abf1daa97da6ae5b1455
all5/Ramseys_theorem/[0-9][1-5][2-4].wasm,56135001ea01abf1daa97da6ae5b1455
all5/Ramseys_theorem/[0-9][1-5][2-5].wasm,56135001ea01abf1daa97da6ae5b1455
all5/Ramseys_theorem/[0-9][1-5][2-6].wasm,56135001ea01abf1daa97da6ae5b1455
all5/Ramseys_theorem/[0-9][1-5][2-7].wasm,56135001ea01abf1daa97da6ae5b1455
all5/Ramseys_theorem/[0-9][1-5][2-8].wasm,56135001ea01abf1daa97da6ae5b1455
all5/Ramseys_theorem/[0-9][1-6].wasm,56135001ea01abf1daa97da6ae5b1455
all5/Ramseys_theorem/[0-9][1-6][2-1].wasm,56135001ea01abf1daa97da6ae5b1455
all5/Ramseys_theorem/[0-9][1-6][2-2].wasm,56135001ea01abf1daa97da6ae5b1455
all5/Ramseys_theorem/[0-9][1-6][2-3].wasm,56135001ea01abf1daa97da6ae5b1455
all5/Ramseys_theorem/[0-9][1-6][2-4].wasm,56135001ea01abf1daa97da6ae5b1455
all5/Ramseys_theorem/[0-9][1-6][2-5].wasm,56135001ea01abf1daa97da6ae5b1455
all5/Ramseys_theorem/[0-9][1-6][2-6].wasm,56135001ea01abf1daa97da6ae5b1455
all5/Ramseys_theorem/[0-9][1-6][2-7].wasm,56135001ea01abf1daa97da6ae5b1455
all5/Ramseys_theorem/[0-9][1-6][2-8].wasm,56135001ea01abf1daa97da6ae5b1455
all5/Ramseys_theorem/[0-9][1-7].wasm,56135001ea01abf1daa97da6ae5b1455
all5/Ramseys_theorem/[0-9][1-7][2-1].wasm,56135001ea01abf1daa97da6ae5b1455
all5/Ramseys_theorem/[0-9][1-7][2-2].wasm,56135001ea01abf1daa97da6ae5b1455
all5/Ramseys_theorem/[0-9][1-7][2-3].wasm,56135001ea01abf1daa97da6ae5b1455
all5/Ramseys_theorem/[0-9][1-7][2-4].wasm,56135001ea01abf1daa97da6ae5b1455
all5/Ramseys_theorem/[0-9][1-7][2-5].wasm,56135001ea01abf1daa97da6ae5b1455
all5/Ramseys_theorem/[0-9][1-7][2-6].wasm,56135001ea01abf1daa97da6ae5b1455
all5/Ramseys_theorem/[0-9][1-7][2-7].wasm,56135001ea01abf1daa97da6ae5b1455
all5/Ramseys_theorem/[0-9][1-7][2-8].wasm,56135001ea01abf1daa97da6ae5b1455
all5/Ramseys_theorem/[0-9][1-8].wasm,56135001ea01abf1daa97da6ae5b1455
all5/Ramseys_theorem/[0-9][1-8][2-1].wasm,56135001ea01abf1daa97da6ae5b1455
all5/Ramseys_theorem/[0-9][1-8][2-2].wasm,56135001ea01abf1daa97da6ae5b1455
all5/Ramseys_theorem/[0-9][1-8][2-3].wasm,56135001ea01abf1daa97da6ae5b1455
all5/Ramseys_theorem/[0-9][1-8][2-4].wasm,56135001ea01abf1daa97da6ae5b1455
all5/Ramseys_theorem/[0-9][1-8][2-5].wasm,56135001ea01abf1daa97da6ae5b1455
all5/Ramseys_theorem/[0-9][1-8][2-6].wasm,56135001ea01abf1daa97da6ae5b1455
all5/Ramseys_theorem/[0-9][1-8][2-7].wasm,56135001ea01abf1daa97da6ae5b1455
all5/Ramseys_theorem/[0-9][1-8][2-8].wasm,56135001ea01abf1daa97da6ae5b1455
all5/Ramseys_theorem/[0-9][2-1].wasm,56135001ea01abf1daa97da6ae5b1455
all5/Ramseys_theorem/[0-9][2-2].wasm,56135001ea01abf1daa97da6ae5b1455
all5/Ramseys_theorem/[0-9][2-3].wasm,56135001ea01abf1daa97da6ae5b1455
all5/Ramseys_theorem/[0-9][2-4].wasm,56135001ea01abf1daa97da6ae5b1455
all5/Ramseys_theorem/[0-9][2-5].wasm,56135001ea01abf1daa97da6ae5b1455
all5/Ramseys_theorem/[0-9][2-6].wasm,56135001ea01abf1daa97da6ae5b1455
all5/Ramseys_theorem/[0-9][2-7].wasm,56135001ea01abf1daa97da6ae5b1455
all5/Ramseys_theorem/[0-9][2-8].wasm,56135001ea01abf1daa97da6ae5b1455
all5/Ramseys_theorem/[1-1].wasm,56135001ea01abf1daa97da6ae5b1455
all5/Ramseys_theorem/[1-1][2-1].wasm,56135001ea01abf1daa97da6ae5b1455
all5/Ramseys_theorem/[1-1][2-2].wasm,56135001ea01abf1daa97da6ae5b1455
all5/Ramseys_theorem/[1-1][2-3].wasm,56135001ea01abf1daa97da6ae5b1455
all5/Ramseys_theorem/[1-1][2-4].wasm,56135001ea01abf1daa97da6ae5b1455
all5/Ramseys_theorem/[1-1][2-5].wasm,56135001ea01abf1daa97da6ae5b1455
all5/Ramseys_theorem/[1-1][2-6].wasm,56135001ea01abf1daa97da6ae5b1455
all5/Ramseys_theorem/[1-1][2-7].wasm,56135001ea01abf1daa97da6ae5b1455
all5/Ramseys_theorem/[1-1][2-8].wasm,56135001ea01abf1daa97da6ae5b1455
all5/Ramseys_theorem/[1-2].wasm,56135001ea01abf1daa97da6ae5b1455
all5/Ramseys_theorem/[1-2][2-1].wasm,56135001ea01abf1daa97da6ae5b1455
all5/Ramseys_theorem/[1-2][2-2].wasm,56135001ea01abf1daa97da6ae5b1455
all5/Ramseys_theorem/[1-2][2-3].wasm,56135001ea01abf1daa97da6ae5b1455
all5/Ramseys_theorem/[1-2][2-4].wasm,56135001ea01abf1daa97da6ae5b1455
all5/Ramseys_theorem/[1-2][2-5].wasm,56135001ea01abf1daa97da6ae5b1455
all5/Ramseys_theorem/[1-2][2-6].wasm,56135001ea01abf1daa97da6ae5b1455
all5/Ramseys_theorem/[1-2][2-7].wasm,56135001ea01abf1daa97da6ae5b1455
all5/Ramseys_theorem/[1-2][2-8].wasm,56135001ea01abf1daa97da6ae5b1455
all5/Ramseys_theorem/[1-3].wasm,56135001ea01abf1daa97da6ae5b1455
all5/Ramseys_theorem/[1-3][2-1].wasm,56135001ea01abf1daa97da6ae5b1455
all5/Ramseys_theorem/[1-3][2-2].wasm,56135001ea01abf1daa97da6ae5b1455
all5/Ramseys_theorem/[1-3][2-3].wasm,56135001ea01abf1daa97da6ae5b1455
all5/Ramseys_theorem/[1-3][2-4].wasm,56135001ea01abf1daa97da6ae5b1455
all5/Ramseys_theorem/[1-3][2-5].wasm,56135001ea01abf1daa97da6ae5b1455
all5/Ramseys_theorem/[1-3][2-6].wasm,56135001ea01abf1daa97da6ae5b1455
all5/Ramseys_theorem/[1-3][2-7].wasm,56135001ea01abf1daa97da6ae5b1455
all5/Ramseys_theorem/[1-3][2-8].wasm,56135001ea01abf1daa97da6ae5b1455
all5/Ramseys_theorem/[1-4].wasm,56135001ea01abf1daa97da6ae5b1455
all5/Ramseys_theorem/[1-4][2-1].wasm,56135001ea01abf1daa97da6ae5b1455
all5/Ramseys_theorem/[1-4][2-2].wasm,56135001ea01abf1daa97da6ae5b1455
all5/Ramseys_theorem/[1-4][2-3].wasm,56135001ea01abf1daa97da6ae5b1455
all5/Ramseys_theorem/[1-4][2-4].wasm,56135001ea01abf1daa97da6ae5b1455
all5/Ramseys_theorem/[1-4][2-5].wasm,56135001ea01abf1daa97da6ae5b1455
all5/Ramseys_theorem/[1-4][2-6].wasm,56135001ea01abf1daa97da6ae5b1455
all5/Ramseys_theorem/[1-4][2-7].wasm,56135001ea01abf1daa97da6ae5b1455
all5/Ramseys_theorem/[1-4][2-8].wasm,56135001ea01abf1daa97da6ae5b1455
all5/Ramseys_theorem/[1-5].wasm,56135001ea01abf1daa97da6ae5b1455
all5/Ramseys_theorem/[1-5][2-1].wasm,56135001ea01abf1daa97da6ae5b1455
all5/Ramseys_theorem/[1-5][2-2].wasm,56135001ea01abf1daa97da6ae5b1455
all5/Ramseys_theorem/[1-5][2-3].wasm,56135001ea01abf1daa97da6ae5b1455
all5/Ramseys_theorem/[1-5][2-4].wasm,56135001ea01abf1daa97da6ae5b1455
all5/Ramseys_theorem/[1-5][2-5].wasm,56135001ea01abf1daa97da6ae5b1455
all5/Ramseys_theorem/[1-5][2-6].wasm,56135001ea01abf1daa97da6ae5b1455
all5/Ramseys_theorem/[1-5][2-7].wasm,56135001ea01abf1daa97da6ae5b1455
all5/Ramseys_theorem/[1-5][2-8].wasm,56135001ea01abf1daa97da6ae5b1455
all5/Ramseys_theorem/[1-6].wasm,56135001ea01abf1daa97da6ae5b1455
all5/Ramseys_theorem/[1-6][2-1].wasm,56135001ea01abf1daa97da6ae5b1455
all5/Ramseys_theorem/[1-6][2-2].wasm,56135001ea01abf1daa97da6ae5b1455
all5/Ramseys_theorem/[1-6][2-3].wasm,56135001ea01abf1daa97da6ae5b1455
all5/Ramseys_theorem/[1-6][2-4].wasm,56135001ea01abf1daa97da6ae5b1455
all5/Ramseys_theorem/[1-6][2-5].wasm,56135001ea01abf1daa97da6ae5b1455
all5/Ramseys_theorem/[1-6][2-6].wasm,56135001ea01abf1daa97da6ae5b1455
all5/Ramseys_theorem/[1-6][2-7].wasm,56135001ea01abf1daa97da6ae5b1455
all5/Ramseys_theorem/[1-6][2-8].wasm,56135001ea01abf1daa97da6ae5b1455
all5/Ramseys_theorem/[1-7].wasm,56135001ea01abf1daa97da6ae5b1455
all5/Ramseys_theorem/[1-7][2-1].wasm,56135001ea01abf1daa97da6ae5b1455
all5/Ramseys_theorem/[1-7][2-2].wasm,56135001ea01abf1daa97da6ae5b1455
all5/Ramseys_theorem/[1-7][2-3].wasm,56135001ea01abf1daa97da6ae5b1455
all5/Ramseys_theorem/[1-7][2-4].wasm,56135001ea01abf1daa97da6ae5b1455
all5/Ramseys_theorem/[1-7][2-5].wasm,56135001ea01abf1daa97da6ae5b1455
all5/Ramseys_theorem/[1-7][2-6].wasm,56135001ea01abf1daa97da6ae5b1455
all5/Ramseys_theorem/[1-7][2-7].wasm,56135001ea01abf1daa97da6ae5b1455
all5/Ramseys_theorem/[1-7][2-8].wasm,56135001ea01abf1daa97da6ae5b1455
all5/Ramseys_theorem/[1-8].wasm,56135001ea01abf1daa97da6ae5b1455
all5/Ramseys_theorem/[1-8][2-1].wasm,56135001ea01abf1daa97da6ae5b1455
all5/Ramseys_theorem/[1-8][2-2].wasm,56135001ea01abf1daa97da6ae5b1455
all5/Ramseys_theorem/[1-8][2-3].wasm,56135001ea01abf1daa97da6ae5b1455
all5/Ramseys_theorem/[1-8][2-4].wasm,56135001ea01abf1daa97da6ae5b1455
all5/Ramseys_theorem/[1-8][2-5].wasm,56135001ea01abf1daa97da6ae5b1455
all5/Ramseys_theorem/[1-8][2-6].wasm,56135001ea01abf1daa97da6ae5b1455
all5/Ramseys_theorem/[1-8][2-7].wasm,56135001ea01abf1daa97da6ae5b1455
all5/Ramseys_theorem/[1-8][2-8].wasm,56135001ea01abf1daa97da6ae5b1455
all5/Ramseys_theorem/[2-1].wasm,56135001ea01abf1daa97da6ae5b1455
all5/Ramseys_theorem/[2-2].wasm,56135001ea01abf1daa97da6ae5b1455
all5/Ramseys_theorem/[2-3].wasm,56135001ea01abf1daa97da6ae5b1455
all5/Ramseys_theorem/[2-4].wasm,56135001ea01abf1daa97da6ae5b1455
all5/Ramseys_theorem/[2-5].wasm,56135001ea01abf1daa97da6ae5b1455
all5/Ramseys_theorem/[2-6].wasm,56135001ea01abf1daa97da6ae5b1455
all5/Ramseys_theorem/[2-7].wasm,56135001ea01abf1daa97da6ae5b1455
all5/Ramseys_theorem/[2-8].wasm,56135001ea01abf1daa97da6ae5b1455
