name, hash
all5/Random_numbers/Random_numbers.wasm,38092a40463950a96736d385eb734c14
all5/Random_numbers/Random_numbers.wasm.~1~,38092a40463950a96736d385eb734c14
all5/Random_numbers/Random_numbers.wasm.~2~,d19713dbdbb3d4fad42e8e62c19d6187
all5/Random_numbers/[0-1].wasm,38092a40463950a96736d385eb734c14
all5/Random_numbers/[0-1][1-1].wasm,38092a40463950a96736d385eb734c14
all5/Random_numbers/[0-1][1-1][2-1].wasm,38092a40463950a96736d385eb734c14
all5/Random_numbers/[0-1][1-1][2-1].wasm.~1~,dce607b7dc6242591119788ddf5499ac
all5/Random_numbers/[0-1][1-1][2-1][3-1].wasm,38092a40463950a96736d385eb734c14
all5/Random_numbers/[0-1][1-1][2-2].wasm,38092a40463950a96736d385eb734c14
all5/Random_numbers/[0-1][1-1][2-2][3-1].wasm,38092a40463950a96736d385eb734c14
all5/Random_numbers/[0-1][1-1][2-3].wasm,38092a40463950a96736d385eb734c14
all5/Random_numbers/[0-1][1-1][2-3].wasm.~1~,19fc0858290a8034999f677b6cceedf8
all5/Random_numbers/[0-1][1-1][2-3][3-1].wasm,38092a40463950a96736d385eb734c14
all5/Random_numbers/[0-1][1-1][2-4].wasm,38092a40463950a96736d385eb734c14
all5/Random_numbers/[0-1][1-1][2-4][3-1].wasm,38092a40463950a96736d385eb734c14
all5/Random_numbers/[0-1][1-1][3-1].wasm,38092a40463950a96736d385eb734c14
all5/Random_numbers/[0-1][1-2].wasm,38092a40463950a96736d385eb734c14
all5/Random_numbers/[0-1][1-2][2-1].wasm,38092a40463950a96736d385eb734c14
all5/Random_numbers/[0-1][1-2][2-1][3-1].wasm,38092a40463950a96736d385eb734c14
all5/Random_numbers/[0-1][1-2][2-2].wasm,38092a40463950a96736d385eb734c14
all5/Random_numbers/[0-1][1-2][2-2][3-1].wasm,38092a40463950a96736d385eb734c14
all5/Random_numbers/[0-1][1-2][2-3].wasm,38092a40463950a96736d385eb734c14
all5/Random_numbers/[0-1][1-2][2-3][3-1].wasm,38092a40463950a96736d385eb734c14
all5/Random_numbers/[0-1][1-2][2-4].wasm,38092a40463950a96736d385eb734c14
all5/Random_numbers/[0-1][1-2][2-4][3-1].wasm,38092a40463950a96736d385eb734c14
all5/Random_numbers/[0-1][1-2][3-1].wasm,38092a40463950a96736d385eb734c14
all5/Random_numbers/[0-1][1-3].wasm,38092a40463950a96736d385eb734c14
all5/Random_numbers/[0-1][1-3][2-1].wasm,38092a40463950a96736d385eb734c14
all5/Random_numbers/[0-1][1-3][2-1][3-1].wasm,38092a40463950a96736d385eb734c14
all5/Random_numbers/[0-1][1-3][2-2].wasm,38092a40463950a96736d385eb734c14
all5/Random_numbers/[0-1][1-3][2-2][3-1].wasm,38092a40463950a96736d385eb734c14
all5/Random_numbers/[0-1][1-3][2-3].wasm,38092a40463950a96736d385eb734c14
all5/Random_numbers/[0-1][1-3][2-3][3-1].wasm,38092a40463950a96736d385eb734c14
all5/Random_numbers/[0-1][1-3][2-4].wasm,38092a40463950a96736d385eb734c14
all5/Random_numbers/[0-1][1-3][2-4][3-1].wasm,38092a40463950a96736d385eb734c14
all5/Random_numbers/[0-1][1-3][3-1].wasm,38092a40463950a96736d385eb734c14
all5/Random_numbers/[0-1][1-4].wasm,38092a40463950a96736d385eb734c14
all5/Random_numbers/[0-1][1-4][2-1].wasm,38092a40463950a96736d385eb734c14
all5/Random_numbers/[0-1][1-4][2-1][3-1].wasm,38092a40463950a96736d385eb734c14
all5/Random_numbers/[0-1][1-4][2-2].wasm,38092a40463950a96736d385eb734c14
all5/Random_numbers/[0-1][1-4][2-2][3-1].wasm,38092a40463950a96736d385eb734c14
all5/Random_numbers/[0-1][1-4][2-3].wasm,38092a40463950a96736d385eb734c14
all5/Random_numbers/[0-1][1-4][2-3][3-1].wasm,38092a40463950a96736d385eb734c14
all5/Random_numbers/[0-1][1-4][2-4].wasm,38092a40463950a96736d385eb734c14
all5/Random_numbers/[0-1][1-4][2-4][3-1].wasm,38092a40463950a96736d385eb734c14
all5/Random_numbers/[0-1][1-4][3-1].wasm,38092a40463950a96736d385eb734c14
all5/Random_numbers/[0-1][1-5].wasm,38092a40463950a96736d385eb734c14
all5/Random_numbers/[0-1][1-5][2-1].wasm,38092a40463950a96736d385eb734c14
all5/Random_numbers/[0-1][1-5][2-1][3-1].wasm,38092a40463950a96736d385eb734c14
all5/Random_numbers/[0-1][1-5][2-2].wasm,38092a40463950a96736d385eb734c14
all5/Random_numbers/[0-1][1-5][2-2][3-1].wasm,38092a40463950a96736d385eb734c14
all5/Random_numbers/[0-1][1-5][2-3].wasm,38092a40463950a96736d385eb734c14
all5/Random_numbers/[0-1][1-5][2-3][3-1].wasm,38092a40463950a96736d385eb734c14
all5/Random_numbers/[0-1][1-5][2-4].wasm,38092a40463950a96736d385eb734c14
all5/Random_numbers/[0-1][1-5][2-4][3-1].wasm,38092a40463950a96736d385eb734c14
all5/Random_numbers/[0-1][1-5][3-1].wasm,38092a40463950a96736d385eb734c14
all5/Random_numbers/[0-1][1-6].wasm,38092a40463950a96736d385eb734c14
all5/Random_numbers/[0-1][1-6][2-1].wasm,38092a40463950a96736d385eb734c14
all5/Random_numbers/[0-1][1-6][2-1][3-1].wasm,38092a40463950a96736d385eb734c14
all5/Random_numbers/[0-1][1-6][2-2].wasm,38092a40463950a96736d385eb734c14
all5/Random_numbers/[0-1][1-6][2-2][3-1].wasm,38092a40463950a96736d385eb734c14
all5/Random_numbers/[0-1][1-6][2-3].wasm,38092a40463950a96736d385eb734c14
all5/Random_numbers/[0-1][1-6][2-3][3-1].wasm,38092a40463950a96736d385eb734c14
all5/Random_numbers/[0-1][1-6][2-4].wasm,38092a40463950a96736d385eb734c14
all5/Random_numbers/[0-1][1-6][2-4][3-1].wasm,38092a40463950a96736d385eb734c14
all5/Random_numbers/[0-1][1-6][3-1].wasm,38092a40463950a96736d385eb734c14
all5/Random_numbers/[0-1][1-7].wasm,38092a40463950a96736d385eb734c14
all5/Random_numbers/[0-1][1-7][2-1].wasm,38092a40463950a96736d385eb734c14
all5/Random_numbers/[0-1][1-7][2-1][3-1].wasm,38092a40463950a96736d385eb734c14
all5/Random_numbers/[0-1][1-7][2-2].wasm,38092a40463950a96736d385eb734c14
all5/Random_numbers/[0-1][1-7][2-2][3-1].wasm,38092a40463950a96736d385eb734c14
all5/Random_numbers/[0-1][1-7][2-3].wasm,38092a40463950a96736d385eb734c14
all5/Random_numbers/[0-1][1-7][2-3][3-1].wasm,38092a40463950a96736d385eb734c14
all5/Random_numbers/[0-1][1-7][2-4].wasm,38092a40463950a96736d385eb734c14
all5/Random_numbers/[0-1][1-7][2-4][3-1].wasm,38092a40463950a96736d385eb734c14
all5/Random_numbers/[0-1][1-7][3-1].wasm,38092a40463950a96736d385eb734c14
all5/Random_numbers/[0-1][2-1].wasm,38092a40463950a96736d385eb734c14
all5/Random_numbers/[0-1][2-1][3-1].wasm,38092a40463950a96736d385eb734c14
all5/Random_numbers/[0-1][2-2].wasm,38092a40463950a96736d385eb734c14
all5/Random_numbers/[0-1][2-2][3-1].wasm,38092a40463950a96736d385eb734c14
all5/Random_numbers/[0-1][2-3].wasm,38092a40463950a96736d385eb734c14
all5/Random_numbers/[0-1][2-3][3-1].wasm,38092a40463950a96736d385eb734c14
all5/Random_numbers/[0-1][2-4].wasm,38092a40463950a96736d385eb734c14
all5/Random_numbers/[0-1][2-4][3-1].wasm,38092a40463950a96736d385eb734c14
all5/Random_numbers/[0-1][3-1].wasm,38092a40463950a96736d385eb734c14
all5/Random_numbers/[1-1].wasm,38092a40463950a96736d385eb734c14
all5/Random_numbers/[1-1][2-1].wasm,38092a40463950a96736d385eb734c14
all5/Random_numbers/[1-1][2-1][3-1].wasm,38092a40463950a96736d385eb734c14
all5/Random_numbers/[1-1][2-2].wasm,38092a40463950a96736d385eb734c14
all5/Random_numbers/[1-1][2-2][3-1].wasm,38092a40463950a96736d385eb734c14
all5/Random_numbers/[1-1][2-3].wasm,38092a40463950a96736d385eb734c14
all5/Random_numbers/[1-1][2-3][3-1].wasm,38092a40463950a96736d385eb734c14
all5/Random_numbers/[1-1][2-4].wasm,38092a40463950a96736d385eb734c14
all5/Random_numbers/[1-1][2-4][3-1].wasm,38092a40463950a96736d385eb734c14
all5/Random_numbers/[1-1][3-1].wasm,38092a40463950a96736d385eb734c14
all5/Random_numbers/[1-2].wasm,38092a40463950a96736d385eb734c14
all5/Random_numbers/[1-2][2-1].wasm,38092a40463950a96736d385eb734c14
all5/Random_numbers/[1-2][2-1][3-1].wasm,38092a40463950a96736d385eb734c14
all5/Random_numbers/[1-2][2-2].wasm,38092a40463950a96736d385eb734c14
all5/Random_numbers/[1-2][2-2][3-1].wasm,38092a40463950a96736d385eb734c14
all5/Random_numbers/[1-2][2-3].wasm,38092a40463950a96736d385eb734c14
all5/Random_numbers/[1-2][2-3][3-1].wasm,38092a40463950a96736d385eb734c14
all5/Random_numbers/[1-2][2-4].wasm,38092a40463950a96736d385eb734c14
all5/Random_numbers/[1-2][2-4][3-1].wasm,38092a40463950a96736d385eb734c14
all5/Random_numbers/[1-2][3-1].wasm,38092a40463950a96736d385eb734c14
all5/Random_numbers/[1-3].wasm,38092a40463950a96736d385eb734c14
all5/Random_numbers/[1-3][2-1].wasm,38092a40463950a96736d385eb734c14
all5/Random_numbers/[1-3][2-1][3-1].wasm,38092a40463950a96736d385eb734c14
all5/Random_numbers/[1-3][2-2].wasm,38092a40463950a96736d385eb734c14
all5/Random_numbers/[1-3][2-2][3-1].wasm,38092a40463950a96736d385eb734c14
all5/Random_numbers/[1-3][2-3].wasm,38092a40463950a96736d385eb734c14
all5/Random_numbers/[1-3][2-3][3-1].wasm,38092a40463950a96736d385eb734c14
all5/Random_numbers/[1-3][2-4].wasm,38092a40463950a96736d385eb734c14
all5/Random_numbers/[1-3][2-4][3-1].wasm,38092a40463950a96736d385eb734c14
all5/Random_numbers/[1-3][3-1].wasm,38092a40463950a96736d385eb734c14
all5/Random_numbers/[1-4].wasm,38092a40463950a96736d385eb734c14
all5/Random_numbers/[1-4][2-1].wasm,38092a40463950a96736d385eb734c14
all5/Random_numbers/[1-4][2-1][3-1].wasm,38092a40463950a96736d385eb734c14
all5/Random_numbers/[1-4][2-2].wasm,38092a40463950a96736d385eb734c14
all5/Random_numbers/[1-4][2-2][3-1].wasm,38092a40463950a96736d385eb734c14
all5/Random_numbers/[1-4][2-3].wasm,38092a40463950a96736d385eb734c14
all5/Random_numbers/[1-4][2-3][3-1].wasm,38092a40463950a96736d385eb734c14
all5/Random_numbers/[1-4][2-4].wasm,38092a40463950a96736d385eb734c14
all5/Random_numbers/[1-4][2-4][3-1].wasm,38092a40463950a96736d385eb734c14
all5/Random_numbers/[1-4][3-1].wasm,38092a40463950a96736d385eb734c14
all5/Random_numbers/[1-5].wasm,38092a40463950a96736d385eb734c14
all5/Random_numbers/[1-5][2-1].wasm,38092a40463950a96736d385eb734c14
all5/Random_numbers/[1-5][2-1][3-1].wasm,38092a40463950a96736d385eb734c14
all5/Random_numbers/[1-5][2-2].wasm,38092a40463950a96736d385eb734c14
all5/Random_numbers/[1-5][2-2][3-1].wasm,38092a40463950a96736d385eb734c14
all5/Random_numbers/[1-5][2-3].wasm,38092a40463950a96736d385eb734c14
all5/Random_numbers/[1-5][2-3][3-1].wasm,38092a40463950a96736d385eb734c14
all5/Random_numbers/[1-5][2-4].wasm,38092a40463950a96736d385eb734c14
all5/Random_numbers/[1-5][2-4][3-1].wasm,38092a40463950a96736d385eb734c14
all5/Random_numbers/[1-5][3-1].wasm,38092a40463950a96736d385eb734c14
all5/Random_numbers/[1-6].wasm,38092a40463950a96736d385eb734c14
all5/Random_numbers/[1-6][2-1].wasm,38092a40463950a96736d385eb734c14
all5/Random_numbers/[1-6][2-1][3-1].wasm,38092a40463950a96736d385eb734c14
all5/Random_numbers/[1-6][2-2].wasm,38092a40463950a96736d385eb734c14
all5/Random_numbers/[1-6][2-2][3-1].wasm,38092a40463950a96736d385eb734c14
all5/Random_numbers/[1-6][2-3].wasm,38092a40463950a96736d385eb734c14
all5/Random_numbers/[1-6][2-3][3-1].wasm,38092a40463950a96736d385eb734c14
all5/Random_numbers/[1-6][2-4].wasm,38092a40463950a96736d385eb734c14
all5/Random_numbers/[1-6][2-4][3-1].wasm,38092a40463950a96736d385eb734c14
all5/Random_numbers/[1-6][3-1].wasm,38092a40463950a96736d385eb734c14
all5/Random_numbers/[1-7].wasm,38092a40463950a96736d385eb734c14
all5/Random_numbers/[1-7][2-1].wasm,38092a40463950a96736d385eb734c14
all5/Random_numbers/[1-7][2-1][3-1].wasm,38092a40463950a96736d385eb734c14
all5/Random_numbers/[1-7][2-2].wasm,38092a40463950a96736d385eb734c14
all5/Random_numbers/[1-7][2-2][3-1].wasm,38092a40463950a96736d385eb734c14
all5/Random_numbers/[1-7][2-3].wasm,38092a40463950a96736d385eb734c14
all5/Random_numbers/[1-7][2-3][3-1].wasm,38092a40463950a96736d385eb734c14
all5/Random_numbers/[1-7][2-4].wasm,38092a40463950a96736d385eb734c14
all5/Random_numbers/[1-7][2-4][3-1].wasm,38092a40463950a96736d385eb734c14
all5/Random_numbers/[1-7][3-1].wasm,38092a40463950a96736d385eb734c14
all5/Random_numbers/[2-1].wasm,38092a40463950a96736d385eb734c14
all5/Random_numbers/[2-1][3-1].wasm,38092a40463950a96736d385eb734c14
all5/Random_numbers/[2-2].wasm,38092a40463950a96736d385eb734c14
all5/Random_numbers/[2-2][3-1].wasm,38092a40463950a96736d385eb734c14
all5/Random_numbers/[2-3].wasm,38092a40463950a96736d385eb734c14
all5/Random_numbers/[2-3][3-1].wasm,38092a40463950a96736d385eb734c14
all5/Random_numbers/[2-4].wasm,38092a40463950a96736d385eb734c14
all5/Random_numbers/[2-4][3-1].wasm,38092a40463950a96736d385eb734c14
all5/Random_numbers/[3-1].wasm,38092a40463950a96736d385eb734c14
