name, hash
all5/Repeat_a_string/Repeat_a_string.wasm,3ca5c24fab8c984a250285a1333724f1
all5/Repeat_a_string/Repeat_a_string.wasm.~1~,3ca5c24fab8c984a250285a1333724f1
all5/Repeat_a_string/Repeat_a_string.wasm.~2~,2bf5ca9c95c9d85d51d1d47c5d5be717
all5/Repeat_a_string/[0-1].wasm,3ca5c24fab8c984a250285a1333724f1
all5/Repeat_a_string/[0-1][4-1].wasm,3ca5c24fab8c984a250285a1333724f1
all5/Repeat_a_string/[0-1][4-1][6-1].wasm,3ca5c24fab8c984a250285a1333724f1
all5/Repeat_a_string/[0-1][4-1][6-2].wasm,3ca5c24fab8c984a250285a1333724f1
all5/Repeat_a_string/[0-1][4-1][6-3].wasm,3ca5c24fab8c984a250285a1333724f1
all5/Repeat_a_string/[0-1][4-1][6-4].wasm,3ca5c24fab8c984a250285a1333724f1
all5/Repeat_a_string/[0-1][6-1].wasm,3ca5c24fab8c984a250285a1333724f1
all5/Repeat_a_string/[0-1][6-2].wasm,3ca5c24fab8c984a250285a1333724f1
all5/Repeat_a_string/[0-1][6-3].wasm,3ca5c24fab8c984a250285a1333724f1
all5/Repeat_a_string/[0-1][6-4].wasm,3ca5c24fab8c984a250285a1333724f1
all5/Repeat_a_string/[4-1].wasm,3ca5c24fab8c984a250285a1333724f1
all5/Repeat_a_string/[4-1][6-1].wasm,3ca5c24fab8c984a250285a1333724f1
all5/Repeat_a_string/[4-1][6-2].wasm,3ca5c24fab8c984a250285a1333724f1
all5/Repeat_a_string/[4-1][6-3].wasm,3ca5c24fab8c984a250285a1333724f1
all5/Repeat_a_string/[4-1][6-4].wasm,3ca5c24fab8c984a250285a1333724f1
all5/Repeat_a_string/[6-1].wasm,3ca5c24fab8c984a250285a1333724f1
all5/Repeat_a_string/[6-2].wasm,3ca5c24fab8c984a250285a1333724f1
all5/Repeat_a_string/[6-3].wasm,3ca5c24fab8c984a250285a1333724f1
all5/Repeat_a_string/[6-4].wasm,3ca5c24fab8c984a250285a1333724f1
