name, hash
all5/Return_multiple_values/Return_multiple_values.wasm,b8bd9441ee91a5cc67fc30eb48722223
all5/Return_multiple_values/Return_multiple_values.wasm.~1~,b8bd9441ee91a5cc67fc30eb48722223
all5/Return_multiple_values/Return_multiple_values.wasm.~2~,c8a9dff32cb1d2434fc1d752d49872ed
all5/Return_multiple_values/[0-1].wasm,b8bd9441ee91a5cc67fc30eb48722223
all5/Return_multiple_values/[0-1][1-1].wasm,b8bd9441ee91a5cc67fc30eb48722223
all5/Return_multiple_values/[0-1][1-1][2-1].wasm,b8bd9441ee91a5cc67fc30eb48722223
all5/Return_multiple_values/[0-1][1-1][2-2].wasm,b8bd9441ee91a5cc67fc30eb48722223
all5/Return_multiple_values/[0-1][1-1][2-3].wasm,b8bd9441ee91a5cc67fc30eb48722223
all5/Return_multiple_values/[0-1][1-1][2-4].wasm,b8bd9441ee91a5cc67fc30eb48722223
all5/Return_multiple_values/[0-1][1-2].wasm,b8bd9441ee91a5cc67fc30eb48722223
all5/Return_multiple_values/[0-1][1-2][2-1].wasm,b8bd9441ee91a5cc67fc30eb48722223
all5/Return_multiple_values/[0-1][1-2][2-2].wasm,b8bd9441ee91a5cc67fc30eb48722223
all5/Return_multiple_values/[0-1][1-2][2-3].wasm,b8bd9441ee91a5cc67fc30eb48722223
all5/Return_multiple_values/[0-1][1-2][2-4].wasm,b8bd9441ee91a5cc67fc30eb48722223
all5/Return_multiple_values/[0-1][1-3].wasm,b8bd9441ee91a5cc67fc30eb48722223
all5/Return_multiple_values/[0-1][1-3][2-1].wasm,b8bd9441ee91a5cc67fc30eb48722223
all5/Return_multiple_values/[0-1][1-3][2-2].wasm,b8bd9441ee91a5cc67fc30eb48722223
all5/Return_multiple_values/[0-1][1-3][2-3].wasm,b8bd9441ee91a5cc67fc30eb48722223
all5/Return_multiple_values/[0-1][1-3][2-4].wasm,b8bd9441ee91a5cc67fc30eb48722223
all5/Return_multiple_values/[0-1][1-4].wasm,b8bd9441ee91a5cc67fc30eb48722223
all5/Return_multiple_values/[0-1][1-4][2-1].wasm,b8bd9441ee91a5cc67fc30eb48722223
all5/Return_multiple_values/[0-1][1-4][2-2].wasm,b8bd9441ee91a5cc67fc30eb48722223
all5/Return_multiple_values/[0-1][1-4][2-3].wasm,b8bd9441ee91a5cc67fc30eb48722223
all5/Return_multiple_values/[0-1][1-4][2-4].wasm,b8bd9441ee91a5cc67fc30eb48722223
all5/Return_multiple_values/[0-1][1-5].wasm,b8bd9441ee91a5cc67fc30eb48722223
all5/Return_multiple_values/[0-1][1-5][2-1].wasm,b8bd9441ee91a5cc67fc30eb48722223
all5/Return_multiple_values/[0-1][1-5][2-2].wasm,b8bd9441ee91a5cc67fc30eb48722223
all5/Return_multiple_values/[0-1][1-5][2-3].wasm,b8bd9441ee91a5cc67fc30eb48722223
all5/Return_multiple_values/[0-1][1-5][2-4].wasm,b8bd9441ee91a5cc67fc30eb48722223
all5/Return_multiple_values/[0-1][2-1].wasm,b8bd9441ee91a5cc67fc30eb48722223
all5/Return_multiple_values/[0-1][2-2].wasm,b8bd9441ee91a5cc67fc30eb48722223
all5/Return_multiple_values/[0-1][2-3].wasm,b8bd9441ee91a5cc67fc30eb48722223
all5/Return_multiple_values/[0-1][2-4].wasm,b8bd9441ee91a5cc67fc30eb48722223
all5/Return_multiple_values/[0-2].wasm,b8bd9441ee91a5cc67fc30eb48722223
all5/Return_multiple_values/[0-2][1-1].wasm,b8bd9441ee91a5cc67fc30eb48722223
all5/Return_multiple_values/[0-2][1-1][2-1].wasm,b8bd9441ee91a5cc67fc30eb48722223
all5/Return_multiple_values/[0-2][1-1][2-2].wasm,b8bd9441ee91a5cc67fc30eb48722223
all5/Return_multiple_values/[0-2][1-1][2-3].wasm,b8bd9441ee91a5cc67fc30eb48722223
all5/Return_multiple_values/[0-2][1-1][2-4].wasm,b8bd9441ee91a5cc67fc30eb48722223
all5/Return_multiple_values/[0-2][1-2].wasm,b8bd9441ee91a5cc67fc30eb48722223
all5/Return_multiple_values/[0-2][1-2][2-1].wasm,b8bd9441ee91a5cc67fc30eb48722223
all5/Return_multiple_values/[0-2][1-2][2-2].wasm,b8bd9441ee91a5cc67fc30eb48722223
all5/Return_multiple_values/[0-2][1-2][2-3].wasm,b8bd9441ee91a5cc67fc30eb48722223
all5/Return_multiple_values/[0-2][1-2][2-4].wasm,b8bd9441ee91a5cc67fc30eb48722223
all5/Return_multiple_values/[0-2][1-3].wasm,b8bd9441ee91a5cc67fc30eb48722223
all5/Return_multiple_values/[0-2][1-3][2-1].wasm,b8bd9441ee91a5cc67fc30eb48722223
all5/Return_multiple_values/[0-2][1-3][2-2].wasm,b8bd9441ee91a5cc67fc30eb48722223
all5/Return_multiple_values/[0-2][1-3][2-3].wasm,b8bd9441ee91a5cc67fc30eb48722223
all5/Return_multiple_values/[0-2][1-3][2-4].wasm,b8bd9441ee91a5cc67fc30eb48722223
all5/Return_multiple_values/[0-2][1-4].wasm,b8bd9441ee91a5cc67fc30eb48722223
all5/Return_multiple_values/[0-2][1-4][2-1].wasm,b8bd9441ee91a5cc67fc30eb48722223
all5/Return_multiple_values/[0-2][1-4][2-2].wasm,b8bd9441ee91a5cc67fc30eb48722223
all5/Return_multiple_values/[0-2][1-4][2-3].wasm,b8bd9441ee91a5cc67fc30eb48722223
all5/Return_multiple_values/[0-2][1-4][2-4].wasm,b8bd9441ee91a5cc67fc30eb48722223
all5/Return_multiple_values/[0-2][1-5].wasm,b8bd9441ee91a5cc67fc30eb48722223
all5/Return_multiple_values/[0-2][1-5][2-1].wasm,b8bd9441ee91a5cc67fc30eb48722223
all5/Return_multiple_values/[0-2][1-5][2-2].wasm,b8bd9441ee91a5cc67fc30eb48722223
all5/Return_multiple_values/[0-2][1-5][2-3].wasm,b8bd9441ee91a5cc67fc30eb48722223
all5/Return_multiple_values/[0-2][1-5][2-4].wasm,b8bd9441ee91a5cc67fc30eb48722223
all5/Return_multiple_values/[0-2][2-1].wasm,b8bd9441ee91a5cc67fc30eb48722223
all5/Return_multiple_values/[0-2][2-2].wasm,b8bd9441ee91a5cc67fc30eb48722223
all5/Return_multiple_values/[0-2][2-3].wasm,b8bd9441ee91a5cc67fc30eb48722223
all5/Return_multiple_values/[0-2][2-4].wasm,b8bd9441ee91a5cc67fc30eb48722223
all5/Return_multiple_values/[0-3].wasm,b8bd9441ee91a5cc67fc30eb48722223
all5/Return_multiple_values/[0-3][1-1].wasm,b8bd9441ee91a5cc67fc30eb48722223
all5/Return_multiple_values/[0-3][1-1][2-1].wasm,b8bd9441ee91a5cc67fc30eb48722223
all5/Return_multiple_values/[0-3][1-1][2-2].wasm,b8bd9441ee91a5cc67fc30eb48722223
all5/Return_multiple_values/[0-3][1-1][2-3].wasm,b8bd9441ee91a5cc67fc30eb48722223
all5/Return_multiple_values/[0-3][1-1][2-4].wasm,b8bd9441ee91a5cc67fc30eb48722223
all5/Return_multiple_values/[0-3][1-2].wasm,b8bd9441ee91a5cc67fc30eb48722223
all5/Return_multiple_values/[0-3][1-2][2-1].wasm,b8bd9441ee91a5cc67fc30eb48722223
all5/Return_multiple_values/[0-3][1-2][2-2].wasm,b8bd9441ee91a5cc67fc30eb48722223
all5/Return_multiple_values/[0-3][1-2][2-3].wasm,b8bd9441ee91a5cc67fc30eb48722223
all5/Return_multiple_values/[0-3][1-2][2-4].wasm,b8bd9441ee91a5cc67fc30eb48722223
all5/Return_multiple_values/[0-3][1-3].wasm,b8bd9441ee91a5cc67fc30eb48722223
all5/Return_multiple_values/[0-3][1-3][2-1].wasm,b8bd9441ee91a5cc67fc30eb48722223
all5/Return_multiple_values/[0-3][1-3][2-2].wasm,b8bd9441ee91a5cc67fc30eb48722223
all5/Return_multiple_values/[0-3][1-3][2-3].wasm,b8bd9441ee91a5cc67fc30eb48722223
all5/Return_multiple_values/[0-3][1-3][2-4].wasm,b8bd9441ee91a5cc67fc30eb48722223
all5/Return_multiple_values/[0-3][1-4].wasm,b8bd9441ee91a5cc67fc30eb48722223
all5/Return_multiple_values/[0-3][1-4][2-1].wasm,b8bd9441ee91a5cc67fc30eb48722223
all5/Return_multiple_values/[0-3][1-4][2-2].wasm,b8bd9441ee91a5cc67fc30eb48722223
all5/Return_multiple_values/[0-3][1-4][2-3].wasm,b8bd9441ee91a5cc67fc30eb48722223
all5/Return_multiple_values/[0-3][1-4][2-4].wasm,b8bd9441ee91a5cc67fc30eb48722223
all5/Return_multiple_values/[0-3][1-5].wasm,b8bd9441ee91a5cc67fc30eb48722223
all5/Return_multiple_values/[0-3][1-5][2-1].wasm,b8bd9441ee91a5cc67fc30eb48722223
all5/Return_multiple_values/[0-3][1-5][2-2].wasm,b8bd9441ee91a5cc67fc30eb48722223
all5/Return_multiple_values/[0-3][1-5][2-3].wasm,b8bd9441ee91a5cc67fc30eb48722223
all5/Return_multiple_values/[0-3][1-5][2-4].wasm,b8bd9441ee91a5cc67fc30eb48722223
all5/Return_multiple_values/[0-3][2-1].wasm,b8bd9441ee91a5cc67fc30eb48722223
all5/Return_multiple_values/[0-3][2-2].wasm,b8bd9441ee91a5cc67fc30eb48722223
all5/Return_multiple_values/[0-3][2-3].wasm,b8bd9441ee91a5cc67fc30eb48722223
all5/Return_multiple_values/[0-3][2-4].wasm,b8bd9441ee91a5cc67fc30eb48722223
all5/Return_multiple_values/[0-4].wasm,b8bd9441ee91a5cc67fc30eb48722223
all5/Return_multiple_values/[0-4][1-1].wasm,b8bd9441ee91a5cc67fc30eb48722223
all5/Return_multiple_values/[0-4][1-1][2-1].wasm,b8bd9441ee91a5cc67fc30eb48722223
all5/Return_multiple_values/[0-4][1-1][2-2].wasm,b8bd9441ee91a5cc67fc30eb48722223
all5/Return_multiple_values/[0-4][1-1][2-3].wasm,b8bd9441ee91a5cc67fc30eb48722223
all5/Return_multiple_values/[0-4][1-1][2-4].wasm,b8bd9441ee91a5cc67fc30eb48722223
all5/Return_multiple_values/[0-4][1-2].wasm,b8bd9441ee91a5cc67fc30eb48722223
all5/Return_multiple_values/[0-4][1-2][2-1].wasm,b8bd9441ee91a5cc67fc30eb48722223
all5/Return_multiple_values/[0-4][1-2][2-2].wasm,b8bd9441ee91a5cc67fc30eb48722223
all5/Return_multiple_values/[0-4][1-2][2-3].wasm,b8bd9441ee91a5cc67fc30eb48722223
all5/Return_multiple_values/[0-4][1-2][2-4].wasm,b8bd9441ee91a5cc67fc30eb48722223
all5/Return_multiple_values/[0-4][1-3].wasm,b8bd9441ee91a5cc67fc30eb48722223
all5/Return_multiple_values/[0-4][1-3][2-1].wasm,b8bd9441ee91a5cc67fc30eb48722223
all5/Return_multiple_values/[0-4][1-3][2-2].wasm,b8bd9441ee91a5cc67fc30eb48722223
all5/Return_multiple_values/[0-4][1-3][2-3].wasm,b8bd9441ee91a5cc67fc30eb48722223
all5/Return_multiple_values/[0-4][1-3][2-4].wasm,b8bd9441ee91a5cc67fc30eb48722223
all5/Return_multiple_values/[0-4][1-4][2-4].wasm,b8bd9441ee91a5cc67fc30eb48722223
all5/Return_multiple_values/[0-4][2-1].wasm,b8bd9441ee91a5cc67fc30eb48722223
all5/Return_multiple_values/[0-4][2-2].wasm,b8bd9441ee91a5cc67fc30eb48722223
all5/Return_multiple_values/[0-4][2-3].wasm,b8bd9441ee91a5cc67fc30eb48722223
all5/Return_multiple_values/[0-4][2-4].wasm,b8bd9441ee91a5cc67fc30eb48722223
all5/Return_multiple_values/[1-1].wasm,b8bd9441ee91a5cc67fc30eb48722223
all5/Return_multiple_values/[1-1][2-1].wasm,b8bd9441ee91a5cc67fc30eb48722223
all5/Return_multiple_values/[1-1][2-2].wasm,b8bd9441ee91a5cc67fc30eb48722223
all5/Return_multiple_values/[1-1][2-3].wasm,b8bd9441ee91a5cc67fc30eb48722223
all5/Return_multiple_values/[1-1][2-4].wasm,b8bd9441ee91a5cc67fc30eb48722223
all5/Return_multiple_values/[1-2].wasm,b8bd9441ee91a5cc67fc30eb48722223
all5/Return_multiple_values/[1-2][2-1].wasm,b8bd9441ee91a5cc67fc30eb48722223
all5/Return_multiple_values/[1-2][2-2].wasm,b8bd9441ee91a5cc67fc30eb48722223
all5/Return_multiple_values/[1-2][2-3].wasm,b8bd9441ee91a5cc67fc30eb48722223
all5/Return_multiple_values/[1-2][2-4].wasm,b8bd9441ee91a5cc67fc30eb48722223
all5/Return_multiple_values/[1-3].wasm,b8bd9441ee91a5cc67fc30eb48722223
all5/Return_multiple_values/[1-3][2-1].wasm,b8bd9441ee91a5cc67fc30eb48722223
all5/Return_multiple_values/[1-3][2-2].wasm,b8bd9441ee91a5cc67fc30eb48722223
all5/Return_multiple_values/[1-3][2-3].wasm,b8bd9441ee91a5cc67fc30eb48722223
all5/Return_multiple_values/[1-3][2-4].wasm,b8bd9441ee91a5cc67fc30eb48722223
all5/Return_multiple_values/[1-4].wasm,b8bd9441ee91a5cc67fc30eb48722223
all5/Return_multiple_values/[1-4][2-1].wasm,b8bd9441ee91a5cc67fc30eb48722223
all5/Return_multiple_values/[1-4][2-2].wasm,b8bd9441ee91a5cc67fc30eb48722223
all5/Return_multiple_values/[1-4][2-3].wasm,b8bd9441ee91a5cc67fc30eb48722223
all5/Return_multiple_values/[1-4][2-4].wasm,b8bd9441ee91a5cc67fc30eb48722223
all5/Return_multiple_values/[1-5].wasm,b8bd9441ee91a5cc67fc30eb48722223
all5/Return_multiple_values/[1-5][2-1].wasm,b8bd9441ee91a5cc67fc30eb48722223
all5/Return_multiple_values/[1-5][2-2].wasm,b8bd9441ee91a5cc67fc30eb48722223
all5/Return_multiple_values/[1-5][2-3].wasm,b8bd9441ee91a5cc67fc30eb48722223
all5/Return_multiple_values/[1-5][2-4].wasm,b8bd9441ee91a5cc67fc30eb48722223
all5/Return_multiple_values/[2-1].wasm,b8bd9441ee91a5cc67fc30eb48722223
all5/Return_multiple_values/[2-2].wasm,b8bd9441ee91a5cc67fc30eb48722223
all5/Return_multiple_values/[2-3].wasm,b8bd9441ee91a5cc67fc30eb48722223
all5/Return_multiple_values/[2-4].wasm,b8bd9441ee91a5cc67fc30eb48722223
