name, hash
all5/Roots_of_unity/Roots_of_unity.wasm,2778f263e0f27c9a1a6b43c3af8576fa
all5/Roots_of_unity/Roots_of_unity.wasm.~1~,2778f263e0f27c9a1a6b43c3af8576fa
all5/Roots_of_unity/Roots_of_unity.wasm.~2~,106cda0cff058ebeddce5279d41fe856
all5/Roots_of_unity/[0-1].wasm,bb30d2cc618573626ceb32236c1de18b
all5/Roots_of_unity/[0-1][1-1][2-1][5-1].wasm,eddf202c8f52b920338226a88efef65e
all5/Roots_of_unity/[0-1][1-1][2-1][7-1].wasm,bc2ba9caa72948f5c4e4be1ffd76376e
all5/Roots_of_unity/[1-1][2-1][5-1].wasm,0c2f267d5df89e2353d5abd0bf34ce9e
all5/Roots_of_unity/[1-1][2-1][7-1].wasm,18f75cd76e4b78a25f69a68881d74ace
