name, hash
all5/Sequence_of_non-squares/Sequence_of_non-squares.wasm,1d337b0db7623e12535301164bb360dc
all5/Sequence_of_non-squares/Sequence_of_non-squares.wasm.~1~,1d337b0db7623e12535301164bb360dc
all5/Sequence_of_non-squares/Sequence_of_non-squares.wasm.~2~,92d8570bbcc095ccd590332435e791c4
all5/Sequence_of_non-squares/[0-1].wasm,1d337b0db7623e12535301164bb360dc
all5/Sequence_of_non-squares/[0-1][1-1].wasm,1d337b0db7623e12535301164bb360dc
all5/Sequence_of_non-squares/[0-1][1-1][2-1][3-2].wasm,5de329bf54c4d53572f474814e3adf25
all5/Sequence_of_non-squares/[0-1][1-1][3-1].wasm,1d337b0db7623e12535301164bb360dc
all5/Sequence_of_non-squares/[0-1][1-1][3-1][5-1].wasm,1d337b0db7623e12535301164bb360dc
all5/Sequence_of_non-squares/[0-1][1-1][3-1][5-1][8-1].wasm,1d337b0db7623e12535301164bb360dc
all5/Sequence_of_non-squares/[0-1][1-1][3-1][5-2].wasm,1d337b0db7623e12535301164bb360dc
all5/Sequence_of_non-squares/[0-1][1-1][3-1][5-2][8-1].wasm,1d337b0db7623e12535301164bb360dc
all5/Sequence_of_non-squares/[0-1][1-1][3-1][5-3].wasm,1d337b0db7623e12535301164bb360dc
all5/Sequence_of_non-squares/[0-1][1-1][3-1][5-3][8-1].wasm,1d337b0db7623e12535301164bb360dc
all5/Sequence_of_non-squares/[0-1][1-1][3-1][5-4].wasm,1d337b0db7623e12535301164bb360dc
all5/Sequence_of_non-squares/[0-1][1-1][3-1][5-4][8-1].wasm,1d337b0db7623e12535301164bb360dc
all5/Sequence_of_non-squares/[0-1][1-1][3-1][8-1].wasm,1d337b0db7623e12535301164bb360dc
all5/Sequence_of_non-squares/[0-1][1-1][5-1].wasm,1d337b0db7623e12535301164bb360dc
all5/Sequence_of_non-squares/[0-1][1-1][5-1][8-1].wasm,1d337b0db7623e12535301164bb360dc
all5/Sequence_of_non-squares/[0-1][1-1][5-2].wasm,1d337b0db7623e12535301164bb360dc
all5/Sequence_of_non-squares/[0-1][1-1][5-2][8-1].wasm,1d337b0db7623e12535301164bb360dc
all5/Sequence_of_non-squares/[0-1][1-1][5-3].wasm,1d337b0db7623e12535301164bb360dc
all5/Sequence_of_non-squares/[0-1][1-1][5-3][8-1].wasm,1d337b0db7623e12535301164bb360dc
all5/Sequence_of_non-squares/[0-1][1-1][5-4].wasm,1d337b0db7623e12535301164bb360dc
all5/Sequence_of_non-squares/[0-1][1-1][5-4][8-1].wasm,1d337b0db7623e12535301164bb360dc
all5/Sequence_of_non-squares/[0-1][1-1][8-1].wasm,1d337b0db7623e12535301164bb360dc
all5/Sequence_of_non-squares/[0-1][3-1].wasm,1d337b0db7623e12535301164bb360dc
all5/Sequence_of_non-squares/[0-1][3-1][5-1].wasm,1d337b0db7623e12535301164bb360dc
all5/Sequence_of_non-squares/[0-1][3-1][5-1][8-1].wasm,1d337b0db7623e12535301164bb360dc
all5/Sequence_of_non-squares/[0-1][3-1][5-2].wasm,1d337b0db7623e12535301164bb360dc
all5/Sequence_of_non-squares/[0-1][3-1][5-2][8-1].wasm,1d337b0db7623e12535301164bb360dc
all5/Sequence_of_non-squares/[0-1][3-1][5-3].wasm,1d337b0db7623e12535301164bb360dc
all5/Sequence_of_non-squares/[0-1][3-1][5-3][8-1].wasm,1d337b0db7623e12535301164bb360dc
all5/Sequence_of_non-squares/[0-1][3-1][5-4].wasm,1d337b0db7623e12535301164bb360dc
all5/Sequence_of_non-squares/[0-1][3-1][5-4][8-1].wasm,1d337b0db7623e12535301164bb360dc
all5/Sequence_of_non-squares/[0-1][3-1][8-1].wasm,1d337b0db7623e12535301164bb360dc
all5/Sequence_of_non-squares/[0-1][5-1].wasm,1d337b0db7623e12535301164bb360dc
all5/Sequence_of_non-squares/[0-1][5-1][8-1].wasm,1d337b0db7623e12535301164bb360dc
all5/Sequence_of_non-squares/[0-1][5-2].wasm,1d337b0db7623e12535301164bb360dc
all5/Sequence_of_non-squares/[0-1][5-2][8-1].wasm,1d337b0db7623e12535301164bb360dc
all5/Sequence_of_non-squares/[0-1][5-3].wasm,1d337b0db7623e12535301164bb360dc
all5/Sequence_of_non-squares/[0-1][5-3][8-1].wasm,1d337b0db7623e12535301164bb360dc
all5/Sequence_of_non-squares/[0-1][5-4].wasm,1d337b0db7623e12535301164bb360dc
all5/Sequence_of_non-squares/[0-1][5-4][8-1].wasm,1d337b0db7623e12535301164bb360dc
all5/Sequence_of_non-squares/[0-1][8-1].wasm,1d337b0db7623e12535301164bb360dc
all5/Sequence_of_non-squares/[1-1].wasm,1d337b0db7623e12535301164bb360dc
all5/Sequence_of_non-squares/[1-1][3-1].wasm,1d337b0db7623e12535301164bb360dc
all5/Sequence_of_non-squares/[1-1][3-1][5-1].wasm,1d337b0db7623e12535301164bb360dc
all5/Sequence_of_non-squares/[1-1][3-1][5-1][8-1].wasm,1d337b0db7623e12535301164bb360dc
all5/Sequence_of_non-squares/[1-1][3-1][5-2].wasm,1d337b0db7623e12535301164bb360dc
all5/Sequence_of_non-squares/[1-1][3-1][5-2][8-1].wasm,1d337b0db7623e12535301164bb360dc
all5/Sequence_of_non-squares/[1-1][3-1][5-3].wasm,1d337b0db7623e12535301164bb360dc
all5/Sequence_of_non-squares/[1-1][3-1][5-3][8-1].wasm,1d337b0db7623e12535301164bb360dc
all5/Sequence_of_non-squares/[1-1][3-1][5-4].wasm,1d337b0db7623e12535301164bb360dc
all5/Sequence_of_non-squares/[1-1][3-1][5-4][8-1].wasm,1d337b0db7623e12535301164bb360dc
all5/Sequence_of_non-squares/[1-1][3-1][8-1].wasm,1d337b0db7623e12535301164bb360dc
all5/Sequence_of_non-squares/[1-1][5-1].wasm,1d337b0db7623e12535301164bb360dc
all5/Sequence_of_non-squares/[1-1][5-1][8-1].wasm,1d337b0db7623e12535301164bb360dc
all5/Sequence_of_non-squares/[1-1][5-2].wasm,1d337b0db7623e12535301164bb360dc
all5/Sequence_of_non-squares/[1-1][5-2][8-1].wasm,1d337b0db7623e12535301164bb360dc
all5/Sequence_of_non-squares/[1-1][5-3].wasm,1d337b0db7623e12535301164bb360dc
all5/Sequence_of_non-squares/[1-1][5-3][8-1].wasm,1d337b0db7623e12535301164bb360dc
all5/Sequence_of_non-squares/[1-1][5-4].wasm,1d337b0db7623e12535301164bb360dc
all5/Sequence_of_non-squares/[1-1][5-4][8-1].wasm,1d337b0db7623e12535301164bb360dc
all5/Sequence_of_non-squares/[1-1][8-1].wasm,1d337b0db7623e12535301164bb360dc
all5/Sequence_of_non-squares/[3-1].wasm,1d337b0db7623e12535301164bb360dc
all5/Sequence_of_non-squares/[3-1][5-1].wasm,1d337b0db7623e12535301164bb360dc
all5/Sequence_of_non-squares/[3-1][5-1][8-1].wasm,1d337b0db7623e12535301164bb360dc
all5/Sequence_of_non-squares/[3-1][5-2].wasm,1d337b0db7623e12535301164bb360dc
all5/Sequence_of_non-squares/[3-1][5-2][8-1].wasm,1d337b0db7623e12535301164bb360dc
all5/Sequence_of_non-squares/[3-1][5-3].wasm,1d337b0db7623e12535301164bb360dc
all5/Sequence_of_non-squares/[3-1][5-3][8-1].wasm,1d337b0db7623e12535301164bb360dc
all5/Sequence_of_non-squares/[3-1][5-4].wasm,1d337b0db7623e12535301164bb360dc
all5/Sequence_of_non-squares/[3-1][5-4][8-1].wasm,1d337b0db7623e12535301164bb360dc
all5/Sequence_of_non-squares/[3-1][8-1].wasm,1d337b0db7623e12535301164bb360dc
all5/Sequence_of_non-squares/[5-1].wasm,1d337b0db7623e12535301164bb360dc
all5/Sequence_of_non-squares/[5-1][8-1].wasm,1d337b0db7623e12535301164bb360dc
all5/Sequence_of_non-squares/[5-2].wasm,1d337b0db7623e12535301164bb360dc
all5/Sequence_of_non-squares/[5-2][8-1].wasm,1d337b0db7623e12535301164bb360dc
all5/Sequence_of_non-squares/[5-3].wasm,1d337b0db7623e12535301164bb360dc
all5/Sequence_of_non-squares/[5-3][8-1].wasm,1d337b0db7623e12535301164bb360dc
all5/Sequence_of_non-squares/[5-4].wasm,1d337b0db7623e12535301164bb360dc
all5/Sequence_of_non-squares/[5-4][8-1].wasm,1d337b0db7623e12535301164bb360dc
all5/Sequence_of_non-squares/[8-1].wasm,1d337b0db7623e12535301164bb360dc
