name, hash
all5/Sequence:_smallest_number_greater_than_previous_term_with_exactly_n_divisors/Sequence:_smallest_number_greater_than_previous_term_with_exactly_n_divisors.wasm,aa7d9631c04b273d3499c78c8273d8b8
all5/Sequence:_smallest_number_greater_than_previous_term_with_exactly_n_divisors/Sequence:_smallest_number_greater_than_previous_term_with_exactly_n_divisors.wasm.~1~,ce367f470b4a1afae8431081106ebd98
all5/Sequence:_smallest_number_greater_than_previous_term_with_exactly_n_divisors/Sequence:_smallest_number_greater_than_previous_term_with_exactly_n_divisors.wasm.~2~,ce367f470b4a1afae8431081106ebd98
all5/Sequence:_smallest_number_greater_than_previous_term_with_exactly_n_divisors/[14-1].wasm,aa7d9631c04b273d3499c78c8273d8b8
all5/Sequence:_smallest_number_greater_than_previous_term_with_exactly_n_divisors/[14-1][18-1].wasm,aa7d9631c04b273d3499c78c8273d8b8
all5/Sequence:_smallest_number_greater_than_previous_term_with_exactly_n_divisors/[14-1][18-1][19-1].wasm,aa7d9631c04b273d3499c78c8273d8b8
all5/Sequence:_smallest_number_greater_than_previous_term_with_exactly_n_divisors/[14-1][18-1][19-1][20-1].wasm,aa7d9631c04b273d3499c78c8273d8b8
all5/Sequence:_smallest_number_greater_than_previous_term_with_exactly_n_divisors/[14-1][18-1][19-1][20-2].wasm,aa7d9631c04b273d3499c78c8273d8b8
all5/Sequence:_smallest_number_greater_than_previous_term_with_exactly_n_divisors/[14-1][18-1][19-1][20-3].wasm,aa7d9631c04b273d3499c78c8273d8b8
all5/Sequence:_smallest_number_greater_than_previous_term_with_exactly_n_divisors/[14-1][18-1][19-1][20-4].wasm,aa7d9631c04b273d3499c78c8273d8b8
all5/Sequence:_smallest_number_greater_than_previous_term_with_exactly_n_divisors/[14-1][18-1][20-1].wasm,aa7d9631c04b273d3499c78c8273d8b8
all5/Sequence:_smallest_number_greater_than_previous_term_with_exactly_n_divisors/[14-1][18-1][20-2].wasm,aa7d9631c04b273d3499c78c8273d8b8
all5/Sequence:_smallest_number_greater_than_previous_term_with_exactly_n_divisors/[14-1][18-1][20-3].wasm,aa7d9631c04b273d3499c78c8273d8b8
all5/Sequence:_smallest_number_greater_than_previous_term_with_exactly_n_divisors/[14-1][18-1][20-4].wasm,aa7d9631c04b273d3499c78c8273d8b8
all5/Sequence:_smallest_number_greater_than_previous_term_with_exactly_n_divisors/[14-1][18-2].wasm,c939b27e1512143b529504c70866367f
all5/Sequence:_smallest_number_greater_than_previous_term_with_exactly_n_divisors/[14-1][18-2][19-1].wasm,c939b27e1512143b529504c70866367f
all5/Sequence:_smallest_number_greater_than_previous_term_with_exactly_n_divisors/[14-1][18-2][19-1][20-1].wasm,c939b27e1512143b529504c70866367f
all5/Sequence:_smallest_number_greater_than_previous_term_with_exactly_n_divisors/[14-1][18-2][19-1][20-2].wasm,c939b27e1512143b529504c70866367f
all5/Sequence:_smallest_number_greater_than_previous_term_with_exactly_n_divisors/[14-1][18-2][19-1][20-3].wasm,c939b27e1512143b529504c70866367f
all5/Sequence:_smallest_number_greater_than_previous_term_with_exactly_n_divisors/[14-1][18-2][19-1][20-4].wasm,c939b27e1512143b529504c70866367f
all5/Sequence:_smallest_number_greater_than_previous_term_with_exactly_n_divisors/[14-1][18-2][20-1].wasm,c939b27e1512143b529504c70866367f
all5/Sequence:_smallest_number_greater_than_previous_term_with_exactly_n_divisors/[14-1][18-2][20-2].wasm,c939b27e1512143b529504c70866367f
all5/Sequence:_smallest_number_greater_than_previous_term_with_exactly_n_divisors/[14-1][18-2][20-3].wasm,c939b27e1512143b529504c70866367f
all5/Sequence:_smallest_number_greater_than_previous_term_with_exactly_n_divisors/[14-1][18-2][20-4].wasm,c939b27e1512143b529504c70866367f
all5/Sequence:_smallest_number_greater_than_previous_term_with_exactly_n_divisors/[14-1][18-3].wasm,aa7d9631c04b273d3499c78c8273d8b8
all5/Sequence:_smallest_number_greater_than_previous_term_with_exactly_n_divisors/[14-1][18-3][19-1].wasm,aa7d9631c04b273d3499c78c8273d8b8
all5/Sequence:_smallest_number_greater_than_previous_term_with_exactly_n_divisors/[14-1][18-3][19-1][20-1].wasm,aa7d9631c04b273d3499c78c8273d8b8
all5/Sequence:_smallest_number_greater_than_previous_term_with_exactly_n_divisors/[14-1][18-3][19-1][20-2].wasm,aa7d9631c04b273d3499c78c8273d8b8
all5/Sequence:_smallest_number_greater_than_previous_term_with_exactly_n_divisors/[14-1][18-3][19-1][20-3].wasm,aa7d9631c04b273d3499c78c8273d8b8
all5/Sequence:_smallest_number_greater_than_previous_term_with_exactly_n_divisors/[14-1][18-3][19-1][20-4].wasm,aa7d9631c04b273d3499c78c8273d8b8
all5/Sequence:_smallest_number_greater_than_previous_term_with_exactly_n_divisors/[14-1][18-3][20-1].wasm,aa7d9631c04b273d3499c78c8273d8b8
all5/Sequence:_smallest_number_greater_than_previous_term_with_exactly_n_divisors/[14-1][18-3][20-2].wasm,aa7d9631c04b273d3499c78c8273d8b8
all5/Sequence:_smallest_number_greater_than_previous_term_with_exactly_n_divisors/[14-1][18-3][20-3].wasm,aa7d9631c04b273d3499c78c8273d8b8
all5/Sequence:_smallest_number_greater_than_previous_term_with_exactly_n_divisors/[14-1][18-3][20-4].wasm,aa7d9631c04b273d3499c78c8273d8b8
all5/Sequence:_smallest_number_greater_than_previous_term_with_exactly_n_divisors/[14-1][18-4].wasm,aa7d9631c04b273d3499c78c8273d8b8
all5/Sequence:_smallest_number_greater_than_previous_term_with_exactly_n_divisors/[14-1][18-4][19-1].wasm,aa7d9631c04b273d3499c78c8273d8b8
all5/Sequence:_smallest_number_greater_than_previous_term_with_exactly_n_divisors/[14-1][18-4][19-1][20-1].wasm,aa7d9631c04b273d3499c78c8273d8b8
all5/Sequence:_smallest_number_greater_than_previous_term_with_exactly_n_divisors/[14-1][18-4][19-1][20-2].wasm,aa7d9631c04b273d3499c78c8273d8b8
all5/Sequence:_smallest_number_greater_than_previous_term_with_exactly_n_divisors/[14-1][18-4][19-1][20-3].wasm,aa7d9631c04b273d3499c78c8273d8b8
all5/Sequence:_smallest_number_greater_than_previous_term_with_exactly_n_divisors/[14-1][18-4][19-1][20-4].wasm,aa7d9631c04b273d3499c78c8273d8b8
all5/Sequence:_smallest_number_greater_than_previous_term_with_exactly_n_divisors/[14-1][18-4][20-1].wasm,aa7d9631c04b273d3499c78c8273d8b8
all5/Sequence:_smallest_number_greater_than_previous_term_with_exactly_n_divisors/[14-1][18-4][20-2].wasm,aa7d9631c04b273d3499c78c8273d8b8
all5/Sequence:_smallest_number_greater_than_previous_term_with_exactly_n_divisors/[14-1][18-4][20-3].wasm,aa7d9631c04b273d3499c78c8273d8b8
all5/Sequence:_smallest_number_greater_than_previous_term_with_exactly_n_divisors/[14-1][18-4][20-4].wasm,aa7d9631c04b273d3499c78c8273d8b8
all5/Sequence:_smallest_number_greater_than_previous_term_with_exactly_n_divisors/[14-1][18-5].wasm,aa7d9631c04b273d3499c78c8273d8b8
all5/Sequence:_smallest_number_greater_than_previous_term_with_exactly_n_divisors/[14-1][18-5][19-1].wasm,aa7d9631c04b273d3499c78c8273d8b8
all5/Sequence:_smallest_number_greater_than_previous_term_with_exactly_n_divisors/[14-1][18-5][19-1][20-1].wasm,aa7d9631c04b273d3499c78c8273d8b8
all5/Sequence:_smallest_number_greater_than_previous_term_with_exactly_n_divisors/[14-1][18-5][19-1][20-2].wasm,aa7d9631c04b273d3499c78c8273d8b8
all5/Sequence:_smallest_number_greater_than_previous_term_with_exactly_n_divisors/[14-1][18-5][19-1][20-3].wasm,aa7d9631c04b273d3499c78c8273d8b8
all5/Sequence:_smallest_number_greater_than_previous_term_with_exactly_n_divisors/[14-1][18-5][19-1][20-4].wasm,aa7d9631c04b273d3499c78c8273d8b8
all5/Sequence:_smallest_number_greater_than_previous_term_with_exactly_n_divisors/[14-1][18-5][20-1].wasm,aa7d9631c04b273d3499c78c8273d8b8
all5/Sequence:_smallest_number_greater_than_previous_term_with_exactly_n_divisors/[14-1][18-5][20-2].wasm,aa7d9631c04b273d3499c78c8273d8b8
all5/Sequence:_smallest_number_greater_than_previous_term_with_exactly_n_divisors/[14-1][18-5][20-3].wasm,aa7d9631c04b273d3499c78c8273d8b8
all5/Sequence:_smallest_number_greater_than_previous_term_with_exactly_n_divisors/[14-1][18-5][20-4].wasm,aa7d9631c04b273d3499c78c8273d8b8
all5/Sequence:_smallest_number_greater_than_previous_term_with_exactly_n_divisors/[14-1][18-6].wasm,aa7d9631c04b273d3499c78c8273d8b8
all5/Sequence:_smallest_number_greater_than_previous_term_with_exactly_n_divisors/[14-1][18-6][19-1].wasm,aa7d9631c04b273d3499c78c8273d8b8
all5/Sequence:_smallest_number_greater_than_previous_term_with_exactly_n_divisors/[14-1][18-6][19-1][20-1].wasm,aa7d9631c04b273d3499c78c8273d8b8
all5/Sequence:_smallest_number_greater_than_previous_term_with_exactly_n_divisors/[14-1][18-6][19-1][20-2].wasm,aa7d9631c04b273d3499c78c8273d8b8
all5/Sequence:_smallest_number_greater_than_previous_term_with_exactly_n_divisors/[14-1][18-6][19-1][20-3].wasm,aa7d9631c04b273d3499c78c8273d8b8
all5/Sequence:_smallest_number_greater_than_previous_term_with_exactly_n_divisors/[14-1][18-6][19-1][20-4].wasm,aa7d9631c04b273d3499c78c8273d8b8
all5/Sequence:_smallest_number_greater_than_previous_term_with_exactly_n_divisors/[14-1][18-6][20-1].wasm,aa7d9631c04b273d3499c78c8273d8b8
all5/Sequence:_smallest_number_greater_than_previous_term_with_exactly_n_divisors/[14-1][18-6][20-2].wasm,aa7d9631c04b273d3499c78c8273d8b8
all5/Sequence:_smallest_number_greater_than_previous_term_with_exactly_n_divisors/[14-1][18-6][20-3].wasm,aa7d9631c04b273d3499c78c8273d8b8
all5/Sequence:_smallest_number_greater_than_previous_term_with_exactly_n_divisors/[14-1][18-6][20-4].wasm,aa7d9631c04b273d3499c78c8273d8b8
all5/Sequence:_smallest_number_greater_than_previous_term_with_exactly_n_divisors/[14-1][18-7].wasm,aa7d9631c04b273d3499c78c8273d8b8
all5/Sequence:_smallest_number_greater_than_previous_term_with_exactly_n_divisors/[14-1][18-7][19-1].wasm,aa7d9631c04b273d3499c78c8273d8b8
all5/Sequence:_smallest_number_greater_than_previous_term_with_exactly_n_divisors/[14-1][18-7][19-1][20-1].wasm,aa7d9631c04b273d3499c78c8273d8b8
all5/Sequence:_smallest_number_greater_than_previous_term_with_exactly_n_divisors/[14-1][18-7][19-1][20-2].wasm,aa7d9631c04b273d3499c78c8273d8b8
all5/Sequence:_smallest_number_greater_than_previous_term_with_exactly_n_divisors/[14-1][18-7][19-1][20-3].wasm,aa7d9631c04b273d3499c78c8273d8b8
all5/Sequence:_smallest_number_greater_than_previous_term_with_exactly_n_divisors/[14-1][18-7][19-1][20-4].wasm,aa7d9631c04b273d3499c78c8273d8b8
all5/Sequence:_smallest_number_greater_than_previous_term_with_exactly_n_divisors/[14-1][18-7][20-1].wasm,aa7d9631c04b273d3499c78c8273d8b8
all5/Sequence:_smallest_number_greater_than_previous_term_with_exactly_n_divisors/[14-1][18-7][20-2].wasm,aa7d9631c04b273d3499c78c8273d8b8
all5/Sequence:_smallest_number_greater_than_previous_term_with_exactly_n_divisors/[14-1][18-7][20-3].wasm,aa7d9631c04b273d3499c78c8273d8b8
all5/Sequence:_smallest_number_greater_than_previous_term_with_exactly_n_divisors/[14-1][18-7][20-4].wasm,aa7d9631c04b273d3499c78c8273d8b8
all5/Sequence:_smallest_number_greater_than_previous_term_with_exactly_n_divisors/[14-1][18-8].wasm,aa7d9631c04b273d3499c78c8273d8b8
all5/Sequence:_smallest_number_greater_than_previous_term_with_exactly_n_divisors/[14-1][18-8][19-1].wasm,aa7d9631c04b273d3499c78c8273d8b8
all5/Sequence:_smallest_number_greater_than_previous_term_with_exactly_n_divisors/[14-1][18-8][19-1][20-1].wasm,aa7d9631c04b273d3499c78c8273d8b8
all5/Sequence:_smallest_number_greater_than_previous_term_with_exactly_n_divisors/[14-1][18-8][19-1][20-2].wasm,aa7d9631c04b273d3499c78c8273d8b8
all5/Sequence:_smallest_number_greater_than_previous_term_with_exactly_n_divisors/[14-1][18-8][19-1][20-3].wasm,aa7d9631c04b273d3499c78c8273d8b8
all5/Sequence:_smallest_number_greater_than_previous_term_with_exactly_n_divisors/[14-1][18-8][19-1][20-4].wasm,aa7d9631c04b273d3499c78c8273d8b8
all5/Sequence:_smallest_number_greater_than_previous_term_with_exactly_n_divisors/[14-1][18-8][20-1].wasm,aa7d9631c04b273d3499c78c8273d8b8
all5/Sequence:_smallest_number_greater_than_previous_term_with_exactly_n_divisors/[14-1][18-8][20-2].wasm,aa7d9631c04b273d3499c78c8273d8b8
all5/Sequence:_smallest_number_greater_than_previous_term_with_exactly_n_divisors/[14-1][18-8][20-3].wasm,aa7d9631c04b273d3499c78c8273d8b8
all5/Sequence:_smallest_number_greater_than_previous_term_with_exactly_n_divisors/[14-1][18-8][20-4].wasm,aa7d9631c04b273d3499c78c8273d8b8
all5/Sequence:_smallest_number_greater_than_previous_term_with_exactly_n_divisors/[14-1][18-9].wasm,aa7d9631c04b273d3499c78c8273d8b8
all5/Sequence:_smallest_number_greater_than_previous_term_with_exactly_n_divisors/[14-1][18-9][19-1].wasm,aa7d9631c04b273d3499c78c8273d8b8
all5/Sequence:_smallest_number_greater_than_previous_term_with_exactly_n_divisors/[14-1][18-9][19-1][20-1].wasm,aa7d9631c04b273d3499c78c8273d8b8
all5/Sequence:_smallest_number_greater_than_previous_term_with_exactly_n_divisors/[14-1][18-9][19-1][20-2].wasm,aa7d9631c04b273d3499c78c8273d8b8
all5/Sequence:_smallest_number_greater_than_previous_term_with_exactly_n_divisors/[14-1][18-9][19-1][20-3].wasm,aa7d9631c04b273d3499c78c8273d8b8
all5/Sequence:_smallest_number_greater_than_previous_term_with_exactly_n_divisors/[14-1][18-9][19-1][20-4].wasm,aa7d9631c04b273d3499c78c8273d8b8
all5/Sequence:_smallest_number_greater_than_previous_term_with_exactly_n_divisors/[14-1][18-9][20-1].wasm,aa7d9631c04b273d3499c78c8273d8b8
all5/Sequence:_smallest_number_greater_than_previous_term_with_exactly_n_divisors/[14-1][18-9][20-2].wasm,aa7d9631c04b273d3499c78c8273d8b8
all5/Sequence:_smallest_number_greater_than_previous_term_with_exactly_n_divisors/[14-1][18-9][20-3].wasm,aa7d9631c04b273d3499c78c8273d8b8
all5/Sequence:_smallest_number_greater_than_previous_term_with_exactly_n_divisors/[14-1][18-9][20-4].wasm,aa7d9631c04b273d3499c78c8273d8b8
all5/Sequence:_smallest_number_greater_than_previous_term_with_exactly_n_divisors/[14-1][19-1].wasm,aa7d9631c04b273d3499c78c8273d8b8
all5/Sequence:_smallest_number_greater_than_previous_term_with_exactly_n_divisors/[14-1][19-1][20-1].wasm,aa7d9631c04b273d3499c78c8273d8b8
all5/Sequence:_smallest_number_greater_than_previous_term_with_exactly_n_divisors/[14-1][19-1][20-2].wasm,aa7d9631c04b273d3499c78c8273d8b8
all5/Sequence:_smallest_number_greater_than_previous_term_with_exactly_n_divisors/[14-1][19-1][20-3].wasm,aa7d9631c04b273d3499c78c8273d8b8
all5/Sequence:_smallest_number_greater_than_previous_term_with_exactly_n_divisors/[14-1][19-1][20-4].wasm,aa7d9631c04b273d3499c78c8273d8b8
all5/Sequence:_smallest_number_greater_than_previous_term_with_exactly_n_divisors/[14-1][20-1].wasm,aa7d9631c04b273d3499c78c8273d8b8
all5/Sequence:_smallest_number_greater_than_previous_term_with_exactly_n_divisors/[14-1][20-2].wasm,aa7d9631c04b273d3499c78c8273d8b8
all5/Sequence:_smallest_number_greater_than_previous_term_with_exactly_n_divisors/[14-1][20-3].wasm,aa7d9631c04b273d3499c78c8273d8b8
all5/Sequence:_smallest_number_greater_than_previous_term_with_exactly_n_divisors/[14-1][20-4].wasm,aa7d9631c04b273d3499c78c8273d8b8
all5/Sequence:_smallest_number_greater_than_previous_term_with_exactly_n_divisors/[18-1].wasm,aa7d9631c04b273d3499c78c8273d8b8
all5/Sequence:_smallest_number_greater_than_previous_term_with_exactly_n_divisors/[18-1][19-1].wasm,aa7d9631c04b273d3499c78c8273d8b8
all5/Sequence:_smallest_number_greater_than_previous_term_with_exactly_n_divisors/[18-1][19-1][20-1].wasm,aa7d9631c04b273d3499c78c8273d8b8
all5/Sequence:_smallest_number_greater_than_previous_term_with_exactly_n_divisors/[18-1][19-1][20-2].wasm,aa7d9631c04b273d3499c78c8273d8b8
all5/Sequence:_smallest_number_greater_than_previous_term_with_exactly_n_divisors/[18-1][19-1][20-3].wasm,aa7d9631c04b273d3499c78c8273d8b8
all5/Sequence:_smallest_number_greater_than_previous_term_with_exactly_n_divisors/[18-1][19-1][20-4].wasm,aa7d9631c04b273d3499c78c8273d8b8
all5/Sequence:_smallest_number_greater_than_previous_term_with_exactly_n_divisors/[18-1][20-1].wasm,aa7d9631c04b273d3499c78c8273d8b8
all5/Sequence:_smallest_number_greater_than_previous_term_with_exactly_n_divisors/[18-1][20-2].wasm,aa7d9631c04b273d3499c78c8273d8b8
all5/Sequence:_smallest_number_greater_than_previous_term_with_exactly_n_divisors/[18-1][20-3].wasm,aa7d9631c04b273d3499c78c8273d8b8
all5/Sequence:_smallest_number_greater_than_previous_term_with_exactly_n_divisors/[18-1][20-4].wasm,aa7d9631c04b273d3499c78c8273d8b8
all5/Sequence:_smallest_number_greater_than_previous_term_with_exactly_n_divisors/[18-2].wasm,c939b27e1512143b529504c70866367f
all5/Sequence:_smallest_number_greater_than_previous_term_with_exactly_n_divisors/[18-2][19-1].wasm,c939b27e1512143b529504c70866367f
all5/Sequence:_smallest_number_greater_than_previous_term_with_exactly_n_divisors/[18-2][19-1][20-1].wasm,c939b27e1512143b529504c70866367f
all5/Sequence:_smallest_number_greater_than_previous_term_with_exactly_n_divisors/[18-2][19-1][20-2].wasm,c939b27e1512143b529504c70866367f
all5/Sequence:_smallest_number_greater_than_previous_term_with_exactly_n_divisors/[18-2][19-1][20-3].wasm,c939b27e1512143b529504c70866367f
all5/Sequence:_smallest_number_greater_than_previous_term_with_exactly_n_divisors/[18-2][19-1][20-4].wasm,c939b27e1512143b529504c70866367f
all5/Sequence:_smallest_number_greater_than_previous_term_with_exactly_n_divisors/[18-2][20-1].wasm,c939b27e1512143b529504c70866367f
all5/Sequence:_smallest_number_greater_than_previous_term_with_exactly_n_divisors/[18-2][20-2].wasm,c939b27e1512143b529504c70866367f
all5/Sequence:_smallest_number_greater_than_previous_term_with_exactly_n_divisors/[18-2][20-3].wasm,c939b27e1512143b529504c70866367f
all5/Sequence:_smallest_number_greater_than_previous_term_with_exactly_n_divisors/[18-2][20-4].wasm,c939b27e1512143b529504c70866367f
all5/Sequence:_smallest_number_greater_than_previous_term_with_exactly_n_divisors/[18-3].wasm,aa7d9631c04b273d3499c78c8273d8b8
all5/Sequence:_smallest_number_greater_than_previous_term_with_exactly_n_divisors/[18-3][19-1].wasm,aa7d9631c04b273d3499c78c8273d8b8
all5/Sequence:_smallest_number_greater_than_previous_term_with_exactly_n_divisors/[18-3][19-1][20-1].wasm,aa7d9631c04b273d3499c78c8273d8b8
all5/Sequence:_smallest_number_greater_than_previous_term_with_exactly_n_divisors/[18-3][19-1][20-2].wasm,aa7d9631c04b273d3499c78c8273d8b8
all5/Sequence:_smallest_number_greater_than_previous_term_with_exactly_n_divisors/[18-3][19-1][20-3].wasm,aa7d9631c04b273d3499c78c8273d8b8
all5/Sequence:_smallest_number_greater_than_previous_term_with_exactly_n_divisors/[18-3][19-1][20-4].wasm,aa7d9631c04b273d3499c78c8273d8b8
all5/Sequence:_smallest_number_greater_than_previous_term_with_exactly_n_divisors/[18-3][20-1].wasm,aa7d9631c04b273d3499c78c8273d8b8
all5/Sequence:_smallest_number_greater_than_previous_term_with_exactly_n_divisors/[18-3][20-2].wasm,aa7d9631c04b273d3499c78c8273d8b8
all5/Sequence:_smallest_number_greater_than_previous_term_with_exactly_n_divisors/[18-3][20-3].wasm,aa7d9631c04b273d3499c78c8273d8b8
all5/Sequence:_smallest_number_greater_than_previous_term_with_exactly_n_divisors/[18-3][20-4].wasm,aa7d9631c04b273d3499c78c8273d8b8
all5/Sequence:_smallest_number_greater_than_previous_term_with_exactly_n_divisors/[18-4].wasm,aa7d9631c04b273d3499c78c8273d8b8
all5/Sequence:_smallest_number_greater_than_previous_term_with_exactly_n_divisors/[18-4][19-1].wasm,aa7d9631c04b273d3499c78c8273d8b8
all5/Sequence:_smallest_number_greater_than_previous_term_with_exactly_n_divisors/[18-4][19-1][20-1].wasm,aa7d9631c04b273d3499c78c8273d8b8
all5/Sequence:_smallest_number_greater_than_previous_term_with_exactly_n_divisors/[18-4][19-1][20-2].wasm,aa7d9631c04b273d3499c78c8273d8b8
all5/Sequence:_smallest_number_greater_than_previous_term_with_exactly_n_divisors/[18-4][19-1][20-3].wasm,aa7d9631c04b273d3499c78c8273d8b8
all5/Sequence:_smallest_number_greater_than_previous_term_with_exactly_n_divisors/[18-4][19-1][20-4].wasm,aa7d9631c04b273d3499c78c8273d8b8
all5/Sequence:_smallest_number_greater_than_previous_term_with_exactly_n_divisors/[18-4][20-1].wasm,aa7d9631c04b273d3499c78c8273d8b8
all5/Sequence:_smallest_number_greater_than_previous_term_with_exactly_n_divisors/[18-4][20-2].wasm,aa7d9631c04b273d3499c78c8273d8b8
all5/Sequence:_smallest_number_greater_than_previous_term_with_exactly_n_divisors/[18-4][20-3].wasm,aa7d9631c04b273d3499c78c8273d8b8
all5/Sequence:_smallest_number_greater_than_previous_term_with_exactly_n_divisors/[18-4][20-4].wasm,aa7d9631c04b273d3499c78c8273d8b8
all5/Sequence:_smallest_number_greater_than_previous_term_with_exactly_n_divisors/[18-5].wasm,aa7d9631c04b273d3499c78c8273d8b8
all5/Sequence:_smallest_number_greater_than_previous_term_with_exactly_n_divisors/[18-5][19-1].wasm,aa7d9631c04b273d3499c78c8273d8b8
all5/Sequence:_smallest_number_greater_than_previous_term_with_exactly_n_divisors/[18-5][19-1][20-1].wasm,aa7d9631c04b273d3499c78c8273d8b8
all5/Sequence:_smallest_number_greater_than_previous_term_with_exactly_n_divisors/[18-5][19-1][20-2].wasm,aa7d9631c04b273d3499c78c8273d8b8
all5/Sequence:_smallest_number_greater_than_previous_term_with_exactly_n_divisors/[18-5][19-1][20-3].wasm,aa7d9631c04b273d3499c78c8273d8b8
all5/Sequence:_smallest_number_greater_than_previous_term_with_exactly_n_divisors/[18-5][19-1][20-4].wasm,aa7d9631c04b273d3499c78c8273d8b8
all5/Sequence:_smallest_number_greater_than_previous_term_with_exactly_n_divisors/[18-5][20-1].wasm,aa7d9631c04b273d3499c78c8273d8b8
all5/Sequence:_smallest_number_greater_than_previous_term_with_exactly_n_divisors/[18-5][20-2].wasm,aa7d9631c04b273d3499c78c8273d8b8
all5/Sequence:_smallest_number_greater_than_previous_term_with_exactly_n_divisors/[18-5][20-3].wasm,aa7d9631c04b273d3499c78c8273d8b8
all5/Sequence:_smallest_number_greater_than_previous_term_with_exactly_n_divisors/[18-5][20-4].wasm,aa7d9631c04b273d3499c78c8273d8b8
all5/Sequence:_smallest_number_greater_than_previous_term_with_exactly_n_divisors/[18-6].wasm,aa7d9631c04b273d3499c78c8273d8b8
all5/Sequence:_smallest_number_greater_than_previous_term_with_exactly_n_divisors/[18-6][19-1].wasm,aa7d9631c04b273d3499c78c8273d8b8
all5/Sequence:_smallest_number_greater_than_previous_term_with_exactly_n_divisors/[18-6][19-1][20-1].wasm,aa7d9631c04b273d3499c78c8273d8b8
all5/Sequence:_smallest_number_greater_than_previous_term_with_exactly_n_divisors/[18-6][19-1][20-2].wasm,aa7d9631c04b273d3499c78c8273d8b8
all5/Sequence:_smallest_number_greater_than_previous_term_with_exactly_n_divisors/[18-6][19-1][20-3].wasm,aa7d9631c04b273d3499c78c8273d8b8
all5/Sequence:_smallest_number_greater_than_previous_term_with_exactly_n_divisors/[18-6][19-1][20-4].wasm,aa7d9631c04b273d3499c78c8273d8b8
all5/Sequence:_smallest_number_greater_than_previous_term_with_exactly_n_divisors/[18-6][20-1].wasm,aa7d9631c04b273d3499c78c8273d8b8
all5/Sequence:_smallest_number_greater_than_previous_term_with_exactly_n_divisors/[18-6][20-2].wasm,aa7d9631c04b273d3499c78c8273d8b8
all5/Sequence:_smallest_number_greater_than_previous_term_with_exactly_n_divisors/[18-6][20-3].wasm,aa7d9631c04b273d3499c78c8273d8b8
all5/Sequence:_smallest_number_greater_than_previous_term_with_exactly_n_divisors/[18-6][20-4].wasm,aa7d9631c04b273d3499c78c8273d8b8
all5/Sequence:_smallest_number_greater_than_previous_term_with_exactly_n_divisors/[18-7].wasm,aa7d9631c04b273d3499c78c8273d8b8
all5/Sequence:_smallest_number_greater_than_previous_term_with_exactly_n_divisors/[18-7][19-1].wasm,aa7d9631c04b273d3499c78c8273d8b8
all5/Sequence:_smallest_number_greater_than_previous_term_with_exactly_n_divisors/[18-7][19-1][20-1].wasm,aa7d9631c04b273d3499c78c8273d8b8
all5/Sequence:_smallest_number_greater_than_previous_term_with_exactly_n_divisors/[18-7][19-1][20-2].wasm,aa7d9631c04b273d3499c78c8273d8b8
all5/Sequence:_smallest_number_greater_than_previous_term_with_exactly_n_divisors/[18-7][19-1][20-3].wasm,aa7d9631c04b273d3499c78c8273d8b8
all5/Sequence:_smallest_number_greater_than_previous_term_with_exactly_n_divisors/[18-7][19-1][20-4].wasm,aa7d9631c04b273d3499c78c8273d8b8
all5/Sequence:_smallest_number_greater_than_previous_term_with_exactly_n_divisors/[18-7][20-1].wasm,aa7d9631c04b273d3499c78c8273d8b8
all5/Sequence:_smallest_number_greater_than_previous_term_with_exactly_n_divisors/[18-7][20-2].wasm,aa7d9631c04b273d3499c78c8273d8b8
all5/Sequence:_smallest_number_greater_than_previous_term_with_exactly_n_divisors/[18-7][20-3].wasm,aa7d9631c04b273d3499c78c8273d8b8
all5/Sequence:_smallest_number_greater_than_previous_term_with_exactly_n_divisors/[18-7][20-4].wasm,aa7d9631c04b273d3499c78c8273d8b8
all5/Sequence:_smallest_number_greater_than_previous_term_with_exactly_n_divisors/[18-8].wasm,aa7d9631c04b273d3499c78c8273d8b8
all5/Sequence:_smallest_number_greater_than_previous_term_with_exactly_n_divisors/[18-8][19-1].wasm,aa7d9631c04b273d3499c78c8273d8b8
all5/Sequence:_smallest_number_greater_than_previous_term_with_exactly_n_divisors/[18-8][19-1][20-1].wasm,aa7d9631c04b273d3499c78c8273d8b8
all5/Sequence:_smallest_number_greater_than_previous_term_with_exactly_n_divisors/[18-8][19-1][20-2].wasm,aa7d9631c04b273d3499c78c8273d8b8
all5/Sequence:_smallest_number_greater_than_previous_term_with_exactly_n_divisors/[18-8][19-1][20-3].wasm,aa7d9631c04b273d3499c78c8273d8b8
all5/Sequence:_smallest_number_greater_than_previous_term_with_exactly_n_divisors/[18-8][19-1][20-4].wasm,aa7d9631c04b273d3499c78c8273d8b8
all5/Sequence:_smallest_number_greater_than_previous_term_with_exactly_n_divisors/[18-8][20-1].wasm,aa7d9631c04b273d3499c78c8273d8b8
all5/Sequence:_smallest_number_greater_than_previous_term_with_exactly_n_divisors/[18-8][20-2].wasm,aa7d9631c04b273d3499c78c8273d8b8
all5/Sequence:_smallest_number_greater_than_previous_term_with_exactly_n_divisors/[18-8][20-3].wasm,aa7d9631c04b273d3499c78c8273d8b8
all5/Sequence:_smallest_number_greater_than_previous_term_with_exactly_n_divisors/[18-8][20-4].wasm,aa7d9631c04b273d3499c78c8273d8b8
all5/Sequence:_smallest_number_greater_than_previous_term_with_exactly_n_divisors/[18-9].wasm,aa7d9631c04b273d3499c78c8273d8b8
all5/Sequence:_smallest_number_greater_than_previous_term_with_exactly_n_divisors/[18-9][19-1].wasm,aa7d9631c04b273d3499c78c8273d8b8
all5/Sequence:_smallest_number_greater_than_previous_term_with_exactly_n_divisors/[18-9][19-1][20-1].wasm,aa7d9631c04b273d3499c78c8273d8b8
all5/Sequence:_smallest_number_greater_than_previous_term_with_exactly_n_divisors/[18-9][19-1][20-2].wasm,aa7d9631c04b273d3499c78c8273d8b8
all5/Sequence:_smallest_number_greater_than_previous_term_with_exactly_n_divisors/[18-9][19-1][20-3].wasm,aa7d9631c04b273d3499c78c8273d8b8
all5/Sequence:_smallest_number_greater_than_previous_term_with_exactly_n_divisors/[18-9][19-1][20-4].wasm,aa7d9631c04b273d3499c78c8273d8b8
all5/Sequence:_smallest_number_greater_than_previous_term_with_exactly_n_divisors/[18-9][20-1].wasm,aa7d9631c04b273d3499c78c8273d8b8
all5/Sequence:_smallest_number_greater_than_previous_term_with_exactly_n_divisors/[18-9][20-2].wasm,aa7d9631c04b273d3499c78c8273d8b8
all5/Sequence:_smallest_number_greater_than_previous_term_with_exactly_n_divisors/[18-9][20-3].wasm,aa7d9631c04b273d3499c78c8273d8b8
all5/Sequence:_smallest_number_greater_than_previous_term_with_exactly_n_divisors/[18-9][20-4].wasm,aa7d9631c04b273d3499c78c8273d8b8
all5/Sequence:_smallest_number_greater_than_previous_term_with_exactly_n_divisors/[19-1].wasm,aa7d9631c04b273d3499c78c8273d8b8
all5/Sequence:_smallest_number_greater_than_previous_term_with_exactly_n_divisors/[19-1][20-1].wasm,aa7d9631c04b273d3499c78c8273d8b8
all5/Sequence:_smallest_number_greater_than_previous_term_with_exactly_n_divisors/[19-1][20-2].wasm,aa7d9631c04b273d3499c78c8273d8b8
all5/Sequence:_smallest_number_greater_than_previous_term_with_exactly_n_divisors/[19-1][20-3].wasm,aa7d9631c04b273d3499c78c8273d8b8
all5/Sequence:_smallest_number_greater_than_previous_term_with_exactly_n_divisors/[19-1][20-4].wasm,aa7d9631c04b273d3499c78c8273d8b8
all5/Sequence:_smallest_number_greater_than_previous_term_with_exactly_n_divisors/[20-1].wasm,aa7d9631c04b273d3499c78c8273d8b8
all5/Sequence:_smallest_number_greater_than_previous_term_with_exactly_n_divisors/[20-2].wasm,aa7d9631c04b273d3499c78c8273d8b8
all5/Sequence:_smallest_number_greater_than_previous_term_with_exactly_n_divisors/[20-3].wasm,aa7d9631c04b273d3499c78c8273d8b8
all5/Sequence:_smallest_number_greater_than_previous_term_with_exactly_n_divisors/[20-4].wasm,aa7d9631c04b273d3499c78c8273d8b8
