name, hash
all5/Set/Set.wasm,7713cbe4342bb2e7afbbe2c369e9c0f8
all5/Set/Set.wasm.~1~,7713cbe4342bb2e7afbbe2c369e9c0f8
all5/Set/Set.wasm.~2~,3ec3614fec7ed69dab96fc805d9859cf
all5/Set/Set.wasm.~3~,3ec3614fec7ed69dab96fc805d9859cf
all5/Set/[0-0].wasm,c12650fb28c165165fec7a2aa3c0dc83
all5/Set/[0-1].wasm,c12650fb28c165165fec7a2aa3c0dc83
all5/Set/[0-1][1-1].wasm,c12650fb28c165165fec7a2aa3c0dc83
all5/Set/[0-1][1-1][2-1][7-1].wasm,6cf9d708d7a3880bc5f4d99456ac1704
all5/Set/[0-1][1-1][7-1].wasm,c12650fb28c165165fec7a2aa3c0dc83
all5/Set/[0-1][1-1][7-2].wasm,c12650fb28c165165fec7a2aa3c0dc83
all5/Set/[0-1][1-1][7-3].wasm,c12650fb28c165165fec7a2aa3c0dc83
all5/Set/[0-1][1-1][7-4].wasm,c12650fb28c165165fec7a2aa3c0dc83
all5/Set/[0-1][1-1][7-5].wasm,c12650fb28c165165fec7a2aa3c0dc83
all5/Set/[0-1][1-1][7-6].wasm,c12650fb28c165165fec7a2aa3c0dc83
all5/Set/[0-1][1-1][7-7].wasm,c12650fb28c165165fec7a2aa3c0dc83
all5/Set/[0-1][1-1][7-8].wasm,c12650fb28c165165fec7a2aa3c0dc83
all5/Set/[0-1][1-2].wasm,c12650fb28c165165fec7a2aa3c0dc83
all5/Set/[0-1][1-2][7-1].wasm,c12650fb28c165165fec7a2aa3c0dc83
all5/Set/[0-1][1-2][7-2].wasm,c12650fb28c165165fec7a2aa3c0dc83
all5/Set/[0-1][1-2][7-3].wasm,c12650fb28c165165fec7a2aa3c0dc83
all5/Set/[0-1][1-2][7-4].wasm,c12650fb28c165165fec7a2aa3c0dc83
all5/Set/[0-1][1-2][7-5].wasm,c12650fb28c165165fec7a2aa3c0dc83
all5/Set/[0-1][1-2][7-6].wasm,c12650fb28c165165fec7a2aa3c0dc83
all5/Set/[0-1][1-2][7-7].wasm,c12650fb28c165165fec7a2aa3c0dc83
all5/Set/[0-1][1-2][7-8].wasm,c12650fb28c165165fec7a2aa3c0dc83
all5/Set/[0-1][1-3].wasm,c12650fb28c165165fec7a2aa3c0dc83
all5/Set/[0-1][1-3][7-1].wasm,c12650fb28c165165fec7a2aa3c0dc83
all5/Set/[0-1][1-3][7-2].wasm,c12650fb28c165165fec7a2aa3c0dc83
all5/Set/[0-1][1-3][7-3].wasm,c12650fb28c165165fec7a2aa3c0dc83
all5/Set/[0-1][1-3][7-4].wasm,c12650fb28c165165fec7a2aa3c0dc83
all5/Set/[0-1][1-3][7-5].wasm,c12650fb28c165165fec7a2aa3c0dc83
all5/Set/[0-1][1-3][7-6].wasm,c12650fb28c165165fec7a2aa3c0dc83
all5/Set/[0-1][1-3][7-7].wasm,c12650fb28c165165fec7a2aa3c0dc83
all5/Set/[0-1][1-3][7-8].wasm,c12650fb28c165165fec7a2aa3c0dc83
all5/Set/[0-1][1-4].wasm,c12650fb28c165165fec7a2aa3c0dc83
all5/Set/[0-1][1-4][7-1].wasm,c12650fb28c165165fec7a2aa3c0dc83
all5/Set/[0-1][1-4][7-2].wasm,c12650fb28c165165fec7a2aa3c0dc83
all5/Set/[0-1][1-4][7-3].wasm,c12650fb28c165165fec7a2aa3c0dc83
all5/Set/[0-1][1-4][7-4].wasm,c12650fb28c165165fec7a2aa3c0dc83
all5/Set/[0-1][1-4][7-5].wasm,c12650fb28c165165fec7a2aa3c0dc83
all5/Set/[0-1][1-4][7-6].wasm,c12650fb28c165165fec7a2aa3c0dc83
all5/Set/[0-1][1-4][7-7].wasm,c12650fb28c165165fec7a2aa3c0dc83
all5/Set/[0-1][1-4][7-8].wasm,c12650fb28c165165fec7a2aa3c0dc83
all5/Set/[0-1][1-5].wasm,c12650fb28c165165fec7a2aa3c0dc83
all5/Set/[0-1][1-5][7-1].wasm,c12650fb28c165165fec7a2aa3c0dc83
all5/Set/[0-1][1-5][7-2].wasm,c12650fb28c165165fec7a2aa3c0dc83
all5/Set/[0-1][1-5][7-3].wasm,c12650fb28c165165fec7a2aa3c0dc83
all5/Set/[0-1][1-5][7-4].wasm,c12650fb28c165165fec7a2aa3c0dc83
all5/Set/[0-1][1-5][7-5].wasm,c12650fb28c165165fec7a2aa3c0dc83
all5/Set/[0-1][1-5][7-6].wasm,c12650fb28c165165fec7a2aa3c0dc83
all5/Set/[0-1][1-5][7-7].wasm,c12650fb28c165165fec7a2aa3c0dc83
all5/Set/[0-1][1-5][7-8].wasm,c12650fb28c165165fec7a2aa3c0dc83
all5/Set/[0-1][1-6].wasm,c12650fb28c165165fec7a2aa3c0dc83
all5/Set/[0-1][1-6][7-1].wasm,c12650fb28c165165fec7a2aa3c0dc83
all5/Set/[0-1][1-6][7-2].wasm,c12650fb28c165165fec7a2aa3c0dc83
all5/Set/[0-1][1-6][7-3].wasm,c12650fb28c165165fec7a2aa3c0dc83
all5/Set/[0-1][1-6][7-4].wasm,c12650fb28c165165fec7a2aa3c0dc83
all5/Set/[0-1][1-6][7-5].wasm,c12650fb28c165165fec7a2aa3c0dc83
all5/Set/[0-1][1-6][7-6].wasm,c12650fb28c165165fec7a2aa3c0dc83
all5/Set/[0-1][1-6][7-7].wasm,c12650fb28c165165fec7a2aa3c0dc83
all5/Set/[0-1][1-6][7-8].wasm,c12650fb28c165165fec7a2aa3c0dc83
all5/Set/[0-1][1-7].wasm,c12650fb28c165165fec7a2aa3c0dc83
all5/Set/[0-1][1-7][7-1].wasm,c12650fb28c165165fec7a2aa3c0dc83
all5/Set/[0-1][1-7][7-2].wasm,c12650fb28c165165fec7a2aa3c0dc83
all5/Set/[0-1][1-7][7-3].wasm,c12650fb28c165165fec7a2aa3c0dc83
all5/Set/[0-1][1-7][7-4].wasm,c12650fb28c165165fec7a2aa3c0dc83
all5/Set/[0-1][1-7][7-5].wasm,c12650fb28c165165fec7a2aa3c0dc83
all5/Set/[0-1][1-7][7-6].wasm,c12650fb28c165165fec7a2aa3c0dc83
all5/Set/[0-1][1-7][7-7].wasm,c12650fb28c165165fec7a2aa3c0dc83
all5/Set/[0-1][1-7][7-8].wasm,c12650fb28c165165fec7a2aa3c0dc83
all5/Set/[0-1][1-8].wasm,c12650fb28c165165fec7a2aa3c0dc83
all5/Set/[0-1][1-8][7-1].wasm,c12650fb28c165165fec7a2aa3c0dc83
all5/Set/[0-1][1-8][7-2].wasm,c12650fb28c165165fec7a2aa3c0dc83
all5/Set/[0-1][1-8][7-3].wasm,c12650fb28c165165fec7a2aa3c0dc83
all5/Set/[0-1][1-8][7-4].wasm,c12650fb28c165165fec7a2aa3c0dc83
all5/Set/[0-1][1-8][7-5].wasm,c12650fb28c165165fec7a2aa3c0dc83
all5/Set/[0-1][1-8][7-6].wasm,c12650fb28c165165fec7a2aa3c0dc83
all5/Set/[0-1][1-8][7-7].wasm,c12650fb28c165165fec7a2aa3c0dc83
all5/Set/[0-1][1-8][7-8].wasm,c12650fb28c165165fec7a2aa3c0dc83
all5/Set/[0-1][7-1].wasm,c12650fb28c165165fec7a2aa3c0dc83
all5/Set/[0-1][7-2].wasm,c12650fb28c165165fec7a2aa3c0dc83
all5/Set/[0-1][7-3].wasm,c12650fb28c165165fec7a2aa3c0dc83
all5/Set/[0-1][7-4].wasm,c12650fb28c165165fec7a2aa3c0dc83
all5/Set/[0-1][7-5].wasm,c12650fb28c165165fec7a2aa3c0dc83
all5/Set/[0-1][7-6].wasm,c12650fb28c165165fec7a2aa3c0dc83
all5/Set/[0-1][7-7].wasm,c12650fb28c165165fec7a2aa3c0dc83
all5/Set/[0-1][7-8].wasm,c12650fb28c165165fec7a2aa3c0dc83
all5/Set/[0-2].wasm,6b54215ab9dc45af3f109205dfe46624
all5/Set/[0-2][1-1].wasm,6b54215ab9dc45af3f109205dfe46624
all5/Set/[0-2][1-1][7-1].wasm,6b54215ab9dc45af3f109205dfe46624
all5/Set/[0-2][1-1][7-2].wasm,6b54215ab9dc45af3f109205dfe46624
all5/Set/[0-2][1-1][7-3].wasm,6b54215ab9dc45af3f109205dfe46624
all5/Set/[0-2][1-1][7-4].wasm,6b54215ab9dc45af3f109205dfe46624
all5/Set/[0-2][1-1][7-5].wasm,6b54215ab9dc45af3f109205dfe46624
all5/Set/[0-2][1-1][7-6].wasm,6b54215ab9dc45af3f109205dfe46624
all5/Set/[0-2][1-1][7-7].wasm,6b54215ab9dc45af3f109205dfe46624
all5/Set/[0-2][1-1][7-8].wasm,6b54215ab9dc45af3f109205dfe46624
all5/Set/[0-2][1-2].wasm,6b54215ab9dc45af3f109205dfe46624
all5/Set/[0-2][1-2][7-1].wasm,6b54215ab9dc45af3f109205dfe46624
all5/Set/[0-2][1-2][7-2].wasm,6b54215ab9dc45af3f109205dfe46624
all5/Set/[0-2][1-2][7-3].wasm,6b54215ab9dc45af3f109205dfe46624
all5/Set/[0-2][1-2][7-4].wasm,6b54215ab9dc45af3f109205dfe46624
all5/Set/[0-2][1-2][7-5].wasm,6b54215ab9dc45af3f109205dfe46624
all5/Set/[0-2][1-2][7-6].wasm,6b54215ab9dc45af3f109205dfe46624
all5/Set/[0-2][1-2][7-7].wasm,6b54215ab9dc45af3f109205dfe46624
all5/Set/[0-2][1-2][7-8].wasm,6b54215ab9dc45af3f109205dfe46624
all5/Set/[0-2][1-3].wasm,6b54215ab9dc45af3f109205dfe46624
all5/Set/[0-2][1-3][7-1].wasm,6b54215ab9dc45af3f109205dfe46624
all5/Set/[0-2][1-3][7-2].wasm,6b54215ab9dc45af3f109205dfe46624
all5/Set/[0-2][1-3][7-3].wasm,6b54215ab9dc45af3f109205dfe46624
all5/Set/[0-2][1-3][7-4].wasm,6b54215ab9dc45af3f109205dfe46624
all5/Set/[0-2][1-3][7-5].wasm,6b54215ab9dc45af3f109205dfe46624
all5/Set/[0-2][1-3][7-6].wasm,6b54215ab9dc45af3f109205dfe46624
all5/Set/[0-2][1-3][7-7].wasm,6b54215ab9dc45af3f109205dfe46624
all5/Set/[0-2][1-3][7-8].wasm,6b54215ab9dc45af3f109205dfe46624
all5/Set/[0-2][1-4].wasm,6b54215ab9dc45af3f109205dfe46624
all5/Set/[0-2][1-4][7-1].wasm,6b54215ab9dc45af3f109205dfe46624
all5/Set/[0-2][1-4][7-2].wasm,6b54215ab9dc45af3f109205dfe46624
all5/Set/[0-2][1-4][7-3].wasm,6b54215ab9dc45af3f109205dfe46624
all5/Set/[0-2][1-4][7-4].wasm,6b54215ab9dc45af3f109205dfe46624
all5/Set/[0-2][1-4][7-5].wasm,6b54215ab9dc45af3f109205dfe46624
all5/Set/[0-2][1-4][7-6].wasm,6b54215ab9dc45af3f109205dfe46624
all5/Set/[0-2][1-4][7-7].wasm,6b54215ab9dc45af3f109205dfe46624
all5/Set/[0-2][1-4][7-8].wasm,6b54215ab9dc45af3f109205dfe46624
all5/Set/[0-2][1-5].wasm,6b54215ab9dc45af3f109205dfe46624
all5/Set/[0-2][1-5][7-1].wasm,6b54215ab9dc45af3f109205dfe46624
all5/Set/[0-2][1-5][7-2].wasm,6b54215ab9dc45af3f109205dfe46624
all5/Set/[0-2][1-5][7-3].wasm,6b54215ab9dc45af3f109205dfe46624
all5/Set/[0-2][1-5][7-4].wasm,6b54215ab9dc45af3f109205dfe46624
all5/Set/[0-2][1-5][7-5].wasm,6b54215ab9dc45af3f109205dfe46624
all5/Set/[0-2][1-5][7-6].wasm,6b54215ab9dc45af3f109205dfe46624
all5/Set/[0-2][1-5][7-7].wasm,6b54215ab9dc45af3f109205dfe46624
all5/Set/[0-2][1-5][7-8].wasm,6b54215ab9dc45af3f109205dfe46624
all5/Set/[0-2][1-6].wasm,6b54215ab9dc45af3f109205dfe46624
all5/Set/[0-2][1-6][7-1].wasm,6b54215ab9dc45af3f109205dfe46624
all5/Set/[0-2][1-6][7-2].wasm,6b54215ab9dc45af3f109205dfe46624
all5/Set/[0-2][1-6][7-3].wasm,6b54215ab9dc45af3f109205dfe46624
all5/Set/[0-2][1-6][7-4].wasm,6b54215ab9dc45af3f109205dfe46624
all5/Set/[0-2][1-6][7-5].wasm,6b54215ab9dc45af3f109205dfe46624
all5/Set/[0-2][1-6][7-6].wasm,6b54215ab9dc45af3f109205dfe46624
all5/Set/[0-2][1-6][7-7].wasm,6b54215ab9dc45af3f109205dfe46624
all5/Set/[0-2][1-6][7-8].wasm,6b54215ab9dc45af3f109205dfe46624
all5/Set/[0-2][1-7].wasm,6b54215ab9dc45af3f109205dfe46624
all5/Set/[0-2][1-7][7-1].wasm,6b54215ab9dc45af3f109205dfe46624
all5/Set/[0-2][1-7][7-2].wasm,6b54215ab9dc45af3f109205dfe46624
all5/Set/[0-2][1-7][7-3].wasm,6b54215ab9dc45af3f109205dfe46624
all5/Set/[0-2][1-7][7-4].wasm,6b54215ab9dc45af3f109205dfe46624
all5/Set/[0-2][1-7][7-5].wasm,6b54215ab9dc45af3f109205dfe46624
all5/Set/[0-2][1-7][7-6].wasm,6b54215ab9dc45af3f109205dfe46624
all5/Set/[0-2][1-7][7-7].wasm,6b54215ab9dc45af3f109205dfe46624
all5/Set/[0-2][1-7][7-8].wasm,6b54215ab9dc45af3f109205dfe46624
all5/Set/[0-2][1-8].wasm,6b54215ab9dc45af3f109205dfe46624
all5/Set/[0-2][1-8][7-1].wasm,6b54215ab9dc45af3f109205dfe46624
all5/Set/[0-2][1-8][7-2].wasm,6b54215ab9dc45af3f109205dfe46624
all5/Set/[0-2][1-8][7-3].wasm,6b54215ab9dc45af3f109205dfe46624
all5/Set/[0-2][1-8][7-4].wasm,6b54215ab9dc45af3f109205dfe46624
all5/Set/[0-2][1-8][7-5].wasm,6b54215ab9dc45af3f109205dfe46624
all5/Set/[0-2][1-8][7-6].wasm,6b54215ab9dc45af3f109205dfe46624
all5/Set/[0-2][1-8][7-7].wasm,6b54215ab9dc45af3f109205dfe46624
all5/Set/[0-2][1-8][7-8].wasm,6b54215ab9dc45af3f109205dfe46624
all5/Set/[0-2][7-1].wasm,6b54215ab9dc45af3f109205dfe46624
all5/Set/[0-2][7-2].wasm,6b54215ab9dc45af3f109205dfe46624
all5/Set/[0-2][7-3].wasm,6b54215ab9dc45af3f109205dfe46624
all5/Set/[0-2][7-4].wasm,6b54215ab9dc45af3f109205dfe46624
all5/Set/[0-2][7-5].wasm,6b54215ab9dc45af3f109205dfe46624
all5/Set/[0-2][7-6].wasm,6b54215ab9dc45af3f109205dfe46624
all5/Set/[0-2][7-7].wasm,6b54215ab9dc45af3f109205dfe46624
all5/Set/[0-2][7-8].wasm,6b54215ab9dc45af3f109205dfe46624
all5/Set/[0-3].wasm,46c38a18111f87e4e88eb53c9cb8f2e4
all5/Set/[0-3][1-1].wasm,46c38a18111f87e4e88eb53c9cb8f2e4
all5/Set/[0-3][1-1][7-1].wasm,46c38a18111f87e4e88eb53c9cb8f2e4
all5/Set/[0-3][1-1][7-2].wasm,46c38a18111f87e4e88eb53c9cb8f2e4
all5/Set/[0-3][1-1][7-3].wasm,46c38a18111f87e4e88eb53c9cb8f2e4
all5/Set/[0-3][1-1][7-4].wasm,46c38a18111f87e4e88eb53c9cb8f2e4
all5/Set/[0-3][1-1][7-5].wasm,46c38a18111f87e4e88eb53c9cb8f2e4
all5/Set/[0-3][1-1][7-6].wasm,46c38a18111f87e4e88eb53c9cb8f2e4
all5/Set/[0-3][1-1][7-7].wasm,46c38a18111f87e4e88eb53c9cb8f2e4
all5/Set/[0-3][1-1][7-8].wasm,46c38a18111f87e4e88eb53c9cb8f2e4
all5/Set/[0-3][1-2].wasm,46c38a18111f87e4e88eb53c9cb8f2e4
all5/Set/[0-3][1-2][7-1].wasm,46c38a18111f87e4e88eb53c9cb8f2e4
all5/Set/[0-3][1-2][7-2].wasm,46c38a18111f87e4e88eb53c9cb8f2e4
all5/Set/[0-3][1-2][7-3].wasm,46c38a18111f87e4e88eb53c9cb8f2e4
all5/Set/[0-3][1-2][7-4].wasm,46c38a18111f87e4e88eb53c9cb8f2e4
all5/Set/[0-3][1-2][7-5].wasm,46c38a18111f87e4e88eb53c9cb8f2e4
all5/Set/[0-3][1-2][7-6].wasm,46c38a18111f87e4e88eb53c9cb8f2e4
all5/Set/[0-3][1-2][7-7].wasm,46c38a18111f87e4e88eb53c9cb8f2e4
all5/Set/[0-3][1-2][7-8].wasm,46c38a18111f87e4e88eb53c9cb8f2e4
all5/Set/[0-3][1-3].wasm,46c38a18111f87e4e88eb53c9cb8f2e4
all5/Set/[0-3][1-3][7-1].wasm,46c38a18111f87e4e88eb53c9cb8f2e4
all5/Set/[0-3][1-3][7-2].wasm,46c38a18111f87e4e88eb53c9cb8f2e4
all5/Set/[0-3][1-3][7-3].wasm,46c38a18111f87e4e88eb53c9cb8f2e4
all5/Set/[0-3][1-3][7-4].wasm,46c38a18111f87e4e88eb53c9cb8f2e4
all5/Set/[0-3][1-3][7-5].wasm,46c38a18111f87e4e88eb53c9cb8f2e4
all5/Set/[0-3][1-3][7-6].wasm,46c38a18111f87e4e88eb53c9cb8f2e4
all5/Set/[0-3][1-3][7-7].wasm,46c38a18111f87e4e88eb53c9cb8f2e4
all5/Set/[0-3][1-3][7-8].wasm,46c38a18111f87e4e88eb53c9cb8f2e4
all5/Set/[0-3][1-4].wasm,46c38a18111f87e4e88eb53c9cb8f2e4
all5/Set/[0-3][1-4][7-1].wasm,46c38a18111f87e4e88eb53c9cb8f2e4
all5/Set/[0-3][1-4][7-2].wasm,46c38a18111f87e4e88eb53c9cb8f2e4
all5/Set/[0-3][1-4][7-3].wasm,46c38a18111f87e4e88eb53c9cb8f2e4
all5/Set/[0-3][1-4][7-4].wasm,46c38a18111f87e4e88eb53c9cb8f2e4
all5/Set/[0-3][1-4][7-5].wasm,46c38a18111f87e4e88eb53c9cb8f2e4
all5/Set/[0-3][1-4][7-6].wasm,46c38a18111f87e4e88eb53c9cb8f2e4
all5/Set/[0-3][1-4][7-7].wasm,46c38a18111f87e4e88eb53c9cb8f2e4
all5/Set/[0-3][1-4][7-8].wasm,46c38a18111f87e4e88eb53c9cb8f2e4
all5/Set/[0-3][1-5].wasm,46c38a18111f87e4e88eb53c9cb8f2e4
all5/Set/[0-3][1-5][7-1].wasm,46c38a18111f87e4e88eb53c9cb8f2e4
all5/Set/[0-3][1-5][7-2].wasm,46c38a18111f87e4e88eb53c9cb8f2e4
all5/Set/[0-3][1-5][7-3].wasm,46c38a18111f87e4e88eb53c9cb8f2e4
all5/Set/[0-3][1-5][7-4].wasm,46c38a18111f87e4e88eb53c9cb8f2e4
all5/Set/[0-3][1-5][7-5].wasm,46c38a18111f87e4e88eb53c9cb8f2e4
all5/Set/[0-3][1-5][7-6].wasm,46c38a18111f87e4e88eb53c9cb8f2e4
all5/Set/[0-3][1-5][7-7].wasm,46c38a18111f87e4e88eb53c9cb8f2e4
all5/Set/[0-3][1-5][7-8].wasm,46c38a18111f87e4e88eb53c9cb8f2e4
all5/Set/[0-3][1-6].wasm,46c38a18111f87e4e88eb53c9cb8f2e4
all5/Set/[0-3][1-6][7-1].wasm,46c38a18111f87e4e88eb53c9cb8f2e4
all5/Set/[0-3][1-6][7-2].wasm,46c38a18111f87e4e88eb53c9cb8f2e4
all5/Set/[0-3][1-6][7-3].wasm,46c38a18111f87e4e88eb53c9cb8f2e4
all5/Set/[0-3][1-6][7-4].wasm,46c38a18111f87e4e88eb53c9cb8f2e4
all5/Set/[0-3][1-6][7-5].wasm,46c38a18111f87e4e88eb53c9cb8f2e4
all5/Set/[0-3][1-6][7-6].wasm,46c38a18111f87e4e88eb53c9cb8f2e4
all5/Set/[0-3][1-6][7-7].wasm,46c38a18111f87e4e88eb53c9cb8f2e4
all5/Set/[0-3][1-6][7-8].wasm,46c38a18111f87e4e88eb53c9cb8f2e4
all5/Set/[0-3][1-7].wasm,46c38a18111f87e4e88eb53c9cb8f2e4
all5/Set/[0-3][1-7][7-1].wasm,46c38a18111f87e4e88eb53c9cb8f2e4
all5/Set/[0-3][1-7][7-2].wasm,46c38a18111f87e4e88eb53c9cb8f2e4
all5/Set/[0-3][1-7][7-3].wasm,46c38a18111f87e4e88eb53c9cb8f2e4
all5/Set/[0-3][1-7][7-4].wasm,46c38a18111f87e4e88eb53c9cb8f2e4
all5/Set/[0-3][1-7][7-5].wasm,46c38a18111f87e4e88eb53c9cb8f2e4
all5/Set/[0-3][1-7][7-6].wasm,46c38a18111f87e4e88eb53c9cb8f2e4
all5/Set/[0-3][1-7][7-7].wasm,46c38a18111f87e4e88eb53c9cb8f2e4
all5/Set/[0-3][1-7][7-8].wasm,46c38a18111f87e4e88eb53c9cb8f2e4
all5/Set/[0-3][1-8].wasm,46c38a18111f87e4e88eb53c9cb8f2e4
all5/Set/[0-3][1-8][7-1].wasm,46c38a18111f87e4e88eb53c9cb8f2e4
all5/Set/[0-3][1-8][7-2].wasm,46c38a18111f87e4e88eb53c9cb8f2e4
all5/Set/[0-3][1-8][7-3].wasm,46c38a18111f87e4e88eb53c9cb8f2e4
all5/Set/[0-3][1-8][7-4].wasm,46c38a18111f87e4e88eb53c9cb8f2e4
all5/Set/[0-3][1-8][7-5].wasm,46c38a18111f87e4e88eb53c9cb8f2e4
all5/Set/[0-3][1-8][7-6].wasm,46c38a18111f87e4e88eb53c9cb8f2e4
all5/Set/[0-3][1-8][7-7].wasm,46c38a18111f87e4e88eb53c9cb8f2e4
all5/Set/[0-3][1-8][7-8].wasm,46c38a18111f87e4e88eb53c9cb8f2e4
all5/Set/[0-3][7-1].wasm,46c38a18111f87e4e88eb53c9cb8f2e4
all5/Set/[0-3][7-2].wasm,46c38a18111f87e4e88eb53c9cb8f2e4
all5/Set/[0-3][7-3].wasm,46c38a18111f87e4e88eb53c9cb8f2e4
all5/Set/[0-3][7-4].wasm,46c38a18111f87e4e88eb53c9cb8f2e4
all5/Set/[0-3][7-5].wasm,46c38a18111f87e4e88eb53c9cb8f2e4
all5/Set/[0-3][7-6].wasm,46c38a18111f87e4e88eb53c9cb8f2e4
all5/Set/[0-3][7-7].wasm,46c38a18111f87e4e88eb53c9cb8f2e4
all5/Set/[0-3][7-8].wasm,46c38a18111f87e4e88eb53c9cb8f2e4
all5/Set/[0-4].wasm,b2c651403ac80c2a2025e58aa9e332b7
all5/Set/[0-4][1-1].wasm,b2c651403ac80c2a2025e58aa9e332b7
all5/Set/[0-4][1-1][7-1].wasm,b2c651403ac80c2a2025e58aa9e332b7
all5/Set/[0-4][1-1][7-2].wasm,b2c651403ac80c2a2025e58aa9e332b7
all5/Set/[0-4][1-1][7-3].wasm,b2c651403ac80c2a2025e58aa9e332b7
all5/Set/[0-4][1-1][7-4].wasm,b2c651403ac80c2a2025e58aa9e332b7
all5/Set/[0-4][1-1][7-5].wasm,b2c651403ac80c2a2025e58aa9e332b7
all5/Set/[0-4][1-1][7-6].wasm,b2c651403ac80c2a2025e58aa9e332b7
all5/Set/[0-4][1-1][7-7].wasm,b2c651403ac80c2a2025e58aa9e332b7
all5/Set/[0-4][1-1][7-8].wasm,b2c651403ac80c2a2025e58aa9e332b7
all5/Set/[0-4][1-2].wasm,b2c651403ac80c2a2025e58aa9e332b7
all5/Set/[0-4][1-2][7-1].wasm,b2c651403ac80c2a2025e58aa9e332b7
all5/Set/[0-4][1-2][7-2].wasm,b2c651403ac80c2a2025e58aa9e332b7
all5/Set/[0-4][1-2][7-3].wasm,b2c651403ac80c2a2025e58aa9e332b7
all5/Set/[0-4][1-2][7-4].wasm,b2c651403ac80c2a2025e58aa9e332b7
all5/Set/[0-4][1-2][7-5].wasm,b2c651403ac80c2a2025e58aa9e332b7
all5/Set/[0-4][1-2][7-6].wasm,b2c651403ac80c2a2025e58aa9e332b7
all5/Set/[0-4][1-2][7-7].wasm,b2c651403ac80c2a2025e58aa9e332b7
all5/Set/[0-4][1-2][7-8].wasm,b2c651403ac80c2a2025e58aa9e332b7
all5/Set/[0-4][1-3].wasm,b2c651403ac80c2a2025e58aa9e332b7
all5/Set/[0-4][1-3][7-1].wasm,b2c651403ac80c2a2025e58aa9e332b7
all5/Set/[0-4][1-3][7-2].wasm,b2c651403ac80c2a2025e58aa9e332b7
all5/Set/[0-4][1-3][7-3].wasm,b2c651403ac80c2a2025e58aa9e332b7
all5/Set/[0-4][1-3][7-4].wasm,b2c651403ac80c2a2025e58aa9e332b7
all5/Set/[0-4][1-3][7-5].wasm,b2c651403ac80c2a2025e58aa9e332b7
all5/Set/[0-4][1-3][7-6].wasm,b2c651403ac80c2a2025e58aa9e332b7
all5/Set/[0-4][1-3][7-7].wasm,b2c651403ac80c2a2025e58aa9e332b7
all5/Set/[0-4][1-3][7-8].wasm,b2c651403ac80c2a2025e58aa9e332b7
all5/Set/[0-4][1-4].wasm,b2c651403ac80c2a2025e58aa9e332b7
all5/Set/[0-4][1-4][7-1].wasm,b2c651403ac80c2a2025e58aa9e332b7
all5/Set/[0-4][1-4][7-2].wasm,b2c651403ac80c2a2025e58aa9e332b7
all5/Set/[0-4][1-4][7-3].wasm,b2c651403ac80c2a2025e58aa9e332b7
all5/Set/[0-4][1-4][7-4].wasm,b2c651403ac80c2a2025e58aa9e332b7
all5/Set/[0-4][1-4][7-5].wasm,b2c651403ac80c2a2025e58aa9e332b7
all5/Set/[0-4][1-4][7-6].wasm,b2c651403ac80c2a2025e58aa9e332b7
all5/Set/[0-4][1-4][7-7].wasm,b2c651403ac80c2a2025e58aa9e332b7
all5/Set/[0-4][1-4][7-8].wasm,b2c651403ac80c2a2025e58aa9e332b7
all5/Set/[0-4][1-5].wasm,b2c651403ac80c2a2025e58aa9e332b7
all5/Set/[0-4][1-5][7-1].wasm,b2c651403ac80c2a2025e58aa9e332b7
all5/Set/[0-4][1-5][7-2].wasm,b2c651403ac80c2a2025e58aa9e332b7
all5/Set/[0-4][1-5][7-3].wasm,b2c651403ac80c2a2025e58aa9e332b7
all5/Set/[0-4][1-5][7-4].wasm,b2c651403ac80c2a2025e58aa9e332b7
all5/Set/[0-4][1-5][7-5].wasm,b2c651403ac80c2a2025e58aa9e332b7
all5/Set/[0-4][1-5][7-6].wasm,b2c651403ac80c2a2025e58aa9e332b7
all5/Set/[0-4][1-5][7-7].wasm,b2c651403ac80c2a2025e58aa9e332b7
all5/Set/[0-4][1-5][7-8].wasm,b2c651403ac80c2a2025e58aa9e332b7
all5/Set/[0-4][1-6].wasm,b2c651403ac80c2a2025e58aa9e332b7
all5/Set/[0-4][1-6][7-1].wasm,b2c651403ac80c2a2025e58aa9e332b7
all5/Set/[0-4][1-6][7-2].wasm,b2c651403ac80c2a2025e58aa9e332b7
all5/Set/[0-4][1-6][7-3].wasm,b2c651403ac80c2a2025e58aa9e332b7
all5/Set/[0-4][1-6][7-4].wasm,b2c651403ac80c2a2025e58aa9e332b7
all5/Set/[0-4][1-6][7-5].wasm,b2c651403ac80c2a2025e58aa9e332b7
all5/Set/[0-4][1-6][7-6].wasm,b2c651403ac80c2a2025e58aa9e332b7
all5/Set/[0-4][1-6][7-7].wasm,b2c651403ac80c2a2025e58aa9e332b7
all5/Set/[0-4][1-6][7-8].wasm,b2c651403ac80c2a2025e58aa9e332b7
all5/Set/[0-4][1-7].wasm,b2c651403ac80c2a2025e58aa9e332b7
all5/Set/[0-4][1-7][7-1].wasm,b2c651403ac80c2a2025e58aa9e332b7
all5/Set/[0-4][1-7][7-2].wasm,b2c651403ac80c2a2025e58aa9e332b7
all5/Set/[0-4][1-7][7-3].wasm,b2c651403ac80c2a2025e58aa9e332b7
all5/Set/[0-4][1-7][7-4].wasm,b2c651403ac80c2a2025e58aa9e332b7
all5/Set/[0-4][1-7][7-5].wasm,b2c651403ac80c2a2025e58aa9e332b7
all5/Set/[0-4][1-7][7-6].wasm,b2c651403ac80c2a2025e58aa9e332b7
all5/Set/[0-4][1-7][7-7].wasm,b2c651403ac80c2a2025e58aa9e332b7
all5/Set/[0-4][1-7][7-8].wasm,b2c651403ac80c2a2025e58aa9e332b7
all5/Set/[0-4][1-8].wasm,b2c651403ac80c2a2025e58aa9e332b7
all5/Set/[0-4][1-8][7-1].wasm,b2c651403ac80c2a2025e58aa9e332b7
all5/Set/[0-4][1-8][7-2].wasm,b2c651403ac80c2a2025e58aa9e332b7
all5/Set/[0-4][1-8][7-3].wasm,b2c651403ac80c2a2025e58aa9e332b7
all5/Set/[0-4][1-8][7-4].wasm,b2c651403ac80c2a2025e58aa9e332b7
all5/Set/[0-4][1-8][7-5].wasm,b2c651403ac80c2a2025e58aa9e332b7
all5/Set/[0-4][1-8][7-6].wasm,b2c651403ac80c2a2025e58aa9e332b7
all5/Set/[0-4][1-8][7-7].wasm,b2c651403ac80c2a2025e58aa9e332b7
all5/Set/[0-4][1-8][7-8].wasm,b2c651403ac80c2a2025e58aa9e332b7
all5/Set/[0-4][7-1].wasm,b2c651403ac80c2a2025e58aa9e332b7
all5/Set/[0-4][7-2].wasm,b2c651403ac80c2a2025e58aa9e332b7
all5/Set/[0-4][7-3].wasm,b2c651403ac80c2a2025e58aa9e332b7
all5/Set/[0-4][7-4].wasm,b2c651403ac80c2a2025e58aa9e332b7
all5/Set/[0-4][7-5].wasm,b2c651403ac80c2a2025e58aa9e332b7
all5/Set/[0-4][7-6].wasm,b2c651403ac80c2a2025e58aa9e332b7
all5/Set/[0-4][7-7].wasm,b2c651403ac80c2a2025e58aa9e332b7
all5/Set/[0-4][7-8].wasm,b2c651403ac80c2a2025e58aa9e332b7
all5/Set/[0-5].wasm,6f0a62420c57209784fd2886a6735d22
all5/Set/[0-5][1-1].wasm,6f0a62420c57209784fd2886a6735d22
all5/Set/[0-5][1-1][7-1].wasm,6f0a62420c57209784fd2886a6735d22
all5/Set/[0-5][1-1][7-2].wasm,6f0a62420c57209784fd2886a6735d22
all5/Set/[0-5][1-1][7-3].wasm,6f0a62420c57209784fd2886a6735d22
all5/Set/[0-5][1-1][7-4].wasm,6f0a62420c57209784fd2886a6735d22
all5/Set/[0-5][1-1][7-5].wasm,6f0a62420c57209784fd2886a6735d22
all5/Set/[0-5][1-1][7-6].wasm,6f0a62420c57209784fd2886a6735d22
all5/Set/[0-5][1-1][7-7].wasm,6f0a62420c57209784fd2886a6735d22
all5/Set/[0-5][1-1][7-8].wasm,6f0a62420c57209784fd2886a6735d22
all5/Set/[0-5][1-2].wasm,6f0a62420c57209784fd2886a6735d22
all5/Set/[0-5][1-2][7-1].wasm,6f0a62420c57209784fd2886a6735d22
all5/Set/[0-5][1-2][7-2].wasm,6f0a62420c57209784fd2886a6735d22
all5/Set/[0-5][1-2][7-3].wasm,6f0a62420c57209784fd2886a6735d22
all5/Set/[0-5][1-2][7-4].wasm,6f0a62420c57209784fd2886a6735d22
all5/Set/[0-5][1-2][7-5].wasm,6f0a62420c57209784fd2886a6735d22
all5/Set/[0-5][1-2][7-6].wasm,6f0a62420c57209784fd2886a6735d22
all5/Set/[0-5][1-2][7-7].wasm,6f0a62420c57209784fd2886a6735d22
all5/Set/[0-5][1-2][7-8].wasm,6f0a62420c57209784fd2886a6735d22
all5/Set/[0-5][1-3].wasm,6f0a62420c57209784fd2886a6735d22
all5/Set/[0-5][1-3][7-1].wasm,6f0a62420c57209784fd2886a6735d22
all5/Set/[0-5][1-3][7-2].wasm,6f0a62420c57209784fd2886a6735d22
all5/Set/[0-5][1-3][7-3].wasm,6f0a62420c57209784fd2886a6735d22
all5/Set/[0-5][1-3][7-4].wasm,6f0a62420c57209784fd2886a6735d22
all5/Set/[0-5][1-3][7-5].wasm,6f0a62420c57209784fd2886a6735d22
all5/Set/[0-5][1-3][7-6].wasm,6f0a62420c57209784fd2886a6735d22
all5/Set/[0-5][1-3][7-7].wasm,6f0a62420c57209784fd2886a6735d22
all5/Set/[0-5][1-3][7-8].wasm,6f0a62420c57209784fd2886a6735d22
all5/Set/[0-5][1-4].wasm,6f0a62420c57209784fd2886a6735d22
all5/Set/[0-5][1-4][7-1].wasm,6f0a62420c57209784fd2886a6735d22
all5/Set/[0-5][1-4][7-2].wasm,6f0a62420c57209784fd2886a6735d22
all5/Set/[0-5][1-4][7-3].wasm,6f0a62420c57209784fd2886a6735d22
all5/Set/[0-5][1-4][7-4].wasm,6f0a62420c57209784fd2886a6735d22
all5/Set/[0-5][1-4][7-5].wasm,6f0a62420c57209784fd2886a6735d22
all5/Set/[0-5][1-4][7-6].wasm,6f0a62420c57209784fd2886a6735d22
all5/Set/[0-5][1-4][7-7].wasm,6f0a62420c57209784fd2886a6735d22
all5/Set/[0-5][1-4][7-8].wasm,6f0a62420c57209784fd2886a6735d22
all5/Set/[0-5][1-5].wasm,6f0a62420c57209784fd2886a6735d22
all5/Set/[0-5][1-5][7-1].wasm,6f0a62420c57209784fd2886a6735d22
all5/Set/[0-5][1-5][7-2].wasm,6f0a62420c57209784fd2886a6735d22
all5/Set/[0-5][1-5][7-3].wasm,6f0a62420c57209784fd2886a6735d22
all5/Set/[0-5][1-5][7-4].wasm,6f0a62420c57209784fd2886a6735d22
all5/Set/[0-5][1-5][7-5].wasm,6f0a62420c57209784fd2886a6735d22
all5/Set/[0-5][1-5][7-6].wasm,6f0a62420c57209784fd2886a6735d22
all5/Set/[0-5][1-5][7-7].wasm,6f0a62420c57209784fd2886a6735d22
all5/Set/[0-5][1-5][7-8].wasm,6f0a62420c57209784fd2886a6735d22
all5/Set/[0-5][1-6].wasm,6f0a62420c57209784fd2886a6735d22
all5/Set/[0-5][1-6][7-1].wasm,6f0a62420c57209784fd2886a6735d22
all5/Set/[0-5][1-6][7-2].wasm,6f0a62420c57209784fd2886a6735d22
all5/Set/[0-5][1-6][7-3].wasm,6f0a62420c57209784fd2886a6735d22
all5/Set/[0-5][1-6][7-4].wasm,6f0a62420c57209784fd2886a6735d22
all5/Set/[0-5][1-6][7-5].wasm,6f0a62420c57209784fd2886a6735d22
all5/Set/[0-5][1-6][7-6].wasm,6f0a62420c57209784fd2886a6735d22
all5/Set/[0-5][1-6][7-7].wasm,6f0a62420c57209784fd2886a6735d22
all5/Set/[0-5][1-6][7-8].wasm,6f0a62420c57209784fd2886a6735d22
all5/Set/[0-5][1-7].wasm,6f0a62420c57209784fd2886a6735d22
all5/Set/[0-5][1-7][7-1].wasm,6f0a62420c57209784fd2886a6735d22
all5/Set/[0-5][1-7][7-2].wasm,6f0a62420c57209784fd2886a6735d22
all5/Set/[0-5][1-7][7-3].wasm,6f0a62420c57209784fd2886a6735d22
all5/Set/[0-5][1-7][7-4].wasm,6f0a62420c57209784fd2886a6735d22
all5/Set/[0-5][1-7][7-5].wasm,6f0a62420c57209784fd2886a6735d22
all5/Set/[0-5][1-7][7-6].wasm,6f0a62420c57209784fd2886a6735d22
all5/Set/[0-5][1-7][7-7].wasm,6f0a62420c57209784fd2886a6735d22
all5/Set/[0-5][1-7][7-8].wasm,6f0a62420c57209784fd2886a6735d22
all5/Set/[0-5][1-8].wasm,6f0a62420c57209784fd2886a6735d22
all5/Set/[0-5][1-8][7-1].wasm,6f0a62420c57209784fd2886a6735d22
all5/Set/[0-5][1-8][7-2].wasm,6f0a62420c57209784fd2886a6735d22
all5/Set/[0-5][1-8][7-3].wasm,6f0a62420c57209784fd2886a6735d22
all5/Set/[0-5][1-8][7-4].wasm,6f0a62420c57209784fd2886a6735d22
all5/Set/[0-5][1-8][7-5].wasm,6f0a62420c57209784fd2886a6735d22
all5/Set/[0-5][1-8][7-6].wasm,6f0a62420c57209784fd2886a6735d22
all5/Set/[0-5][1-8][7-7].wasm,6f0a62420c57209784fd2886a6735d22
all5/Set/[0-5][1-8][7-8].wasm,6f0a62420c57209784fd2886a6735d22
all5/Set/[0-5][7-1].wasm,6f0a62420c57209784fd2886a6735d22
all5/Set/[0-5][7-2].wasm,6f0a62420c57209784fd2886a6735d22
all5/Set/[0-5][7-3].wasm,6f0a62420c57209784fd2886a6735d22
all5/Set/[0-5][7-4].wasm,6f0a62420c57209784fd2886a6735d22
all5/Set/[0-5][7-5].wasm,6f0a62420c57209784fd2886a6735d22
all5/Set/[0-5][7-6].wasm,6f0a62420c57209784fd2886a6735d22
all5/Set/[0-5][7-7].wasm,6f0a62420c57209784fd2886a6735d22
all5/Set/[0-5][7-8].wasm,6f0a62420c57209784fd2886a6735d22
all5/Set/[0-6].wasm,3e0b057b3272f5c8b051f2410b437b8f
all5/Set/[0-6][1-1].wasm,3e0b057b3272f5c8b051f2410b437b8f
all5/Set/[0-6][1-1][7-1].wasm,3e0b057b3272f5c8b051f2410b437b8f
all5/Set/[0-6][1-1][7-2].wasm,3e0b057b3272f5c8b051f2410b437b8f
all5/Set/[0-6][1-1][7-3].wasm,3e0b057b3272f5c8b051f2410b437b8f
all5/Set/[0-6][1-1][7-4].wasm,3e0b057b3272f5c8b051f2410b437b8f
all5/Set/[0-6][1-1][7-5].wasm,3e0b057b3272f5c8b051f2410b437b8f
all5/Set/[0-6][1-1][7-6].wasm,3e0b057b3272f5c8b051f2410b437b8f
all5/Set/[0-6][1-1][7-7].wasm,3e0b057b3272f5c8b051f2410b437b8f
all5/Set/[0-6][1-1][7-8].wasm,3e0b057b3272f5c8b051f2410b437b8f
all5/Set/[0-6][1-2].wasm,3e0b057b3272f5c8b051f2410b437b8f
all5/Set/[0-6][1-2][7-1].wasm,3e0b057b3272f5c8b051f2410b437b8f
all5/Set/[0-6][1-2][7-2].wasm,3e0b057b3272f5c8b051f2410b437b8f
all5/Set/[0-6][1-2][7-3].wasm,3e0b057b3272f5c8b051f2410b437b8f
all5/Set/[0-6][1-2][7-4].wasm,3e0b057b3272f5c8b051f2410b437b8f
all5/Set/[0-6][1-2][7-5].wasm,3e0b057b3272f5c8b051f2410b437b8f
all5/Set/[0-6][1-2][7-6].wasm,3e0b057b3272f5c8b051f2410b437b8f
all5/Set/[0-6][1-2][7-7].wasm,3e0b057b3272f5c8b051f2410b437b8f
all5/Set/[0-6][1-2][7-8].wasm,3e0b057b3272f5c8b051f2410b437b8f
all5/Set/[0-6][1-3].wasm,3e0b057b3272f5c8b051f2410b437b8f
all5/Set/[0-6][1-3][7-1].wasm,3e0b057b3272f5c8b051f2410b437b8f
all5/Set/[0-6][1-3][7-2].wasm,3e0b057b3272f5c8b051f2410b437b8f
all5/Set/[0-6][1-3][7-3].wasm,3e0b057b3272f5c8b051f2410b437b8f
all5/Set/[0-6][1-3][7-4].wasm,3e0b057b3272f5c8b051f2410b437b8f
all5/Set/[0-6][1-3][7-5].wasm,3e0b057b3272f5c8b051f2410b437b8f
all5/Set/[0-6][1-3][7-6].wasm,3e0b057b3272f5c8b051f2410b437b8f
all5/Set/[0-6][1-3][7-7].wasm,3e0b057b3272f5c8b051f2410b437b8f
all5/Set/[0-6][1-3][7-8].wasm,3e0b057b3272f5c8b051f2410b437b8f
all5/Set/[0-6][1-4].wasm,3e0b057b3272f5c8b051f2410b437b8f
all5/Set/[0-6][1-4][7-1].wasm,3e0b057b3272f5c8b051f2410b437b8f
all5/Set/[0-6][1-4][7-2].wasm,3e0b057b3272f5c8b051f2410b437b8f
all5/Set/[0-6][1-4][7-3].wasm,3e0b057b3272f5c8b051f2410b437b8f
all5/Set/[0-6][1-4][7-4].wasm,3e0b057b3272f5c8b051f2410b437b8f
all5/Set/[0-6][1-4][7-5].wasm,3e0b057b3272f5c8b051f2410b437b8f
all5/Set/[0-6][1-4][7-6].wasm,3e0b057b3272f5c8b051f2410b437b8f
all5/Set/[0-6][1-4][7-7].wasm,3e0b057b3272f5c8b051f2410b437b8f
all5/Set/[0-6][1-4][7-8].wasm,3e0b057b3272f5c8b051f2410b437b8f
all5/Set/[0-6][1-5].wasm,3e0b057b3272f5c8b051f2410b437b8f
all5/Set/[0-6][1-5][7-1].wasm,3e0b057b3272f5c8b051f2410b437b8f
all5/Set/[0-6][1-5][7-2].wasm,3e0b057b3272f5c8b051f2410b437b8f
all5/Set/[0-6][1-5][7-3].wasm,3e0b057b3272f5c8b051f2410b437b8f
all5/Set/[0-6][1-5][7-4].wasm,3e0b057b3272f5c8b051f2410b437b8f
all5/Set/[0-6][1-5][7-5].wasm,3e0b057b3272f5c8b051f2410b437b8f
all5/Set/[0-6][1-5][7-6].wasm,3e0b057b3272f5c8b051f2410b437b8f
all5/Set/[0-6][1-5][7-7].wasm,3e0b057b3272f5c8b051f2410b437b8f
all5/Set/[0-6][1-5][7-8].wasm,3e0b057b3272f5c8b051f2410b437b8f
all5/Set/[0-6][1-6].wasm,3e0b057b3272f5c8b051f2410b437b8f
all5/Set/[0-6][1-6][7-1].wasm,3e0b057b3272f5c8b051f2410b437b8f
all5/Set/[0-6][1-6][7-2].wasm,3e0b057b3272f5c8b051f2410b437b8f
all5/Set/[0-6][1-6][7-3].wasm,3e0b057b3272f5c8b051f2410b437b8f
all5/Set/[0-6][1-6][7-4].wasm,3e0b057b3272f5c8b051f2410b437b8f
all5/Set/[0-6][1-6][7-5].wasm,3e0b057b3272f5c8b051f2410b437b8f
all5/Set/[0-6][1-6][7-6].wasm,3e0b057b3272f5c8b051f2410b437b8f
all5/Set/[0-6][1-6][7-7].wasm,3e0b057b3272f5c8b051f2410b437b8f
all5/Set/[0-6][1-6][7-8].wasm,3e0b057b3272f5c8b051f2410b437b8f
all5/Set/[0-6][1-7].wasm,3e0b057b3272f5c8b051f2410b437b8f
all5/Set/[0-6][1-7][7-1].wasm,3e0b057b3272f5c8b051f2410b437b8f
all5/Set/[0-6][1-7][7-2].wasm,3e0b057b3272f5c8b051f2410b437b8f
all5/Set/[0-6][1-7][7-3].wasm,3e0b057b3272f5c8b051f2410b437b8f
all5/Set/[0-6][1-7][7-4].wasm,3e0b057b3272f5c8b051f2410b437b8f
all5/Set/[0-6][1-7][7-5].wasm,3e0b057b3272f5c8b051f2410b437b8f
all5/Set/[0-6][1-7][7-6].wasm,3e0b057b3272f5c8b051f2410b437b8f
all5/Set/[0-6][1-7][7-7].wasm,3e0b057b3272f5c8b051f2410b437b8f
all5/Set/[0-6][1-7][7-8].wasm,3e0b057b3272f5c8b051f2410b437b8f
all5/Set/[0-6][1-8].wasm,3e0b057b3272f5c8b051f2410b437b8f
all5/Set/[0-6][1-8][7-1].wasm,3e0b057b3272f5c8b051f2410b437b8f
all5/Set/[0-6][1-8][7-2].wasm,3e0b057b3272f5c8b051f2410b437b8f
all5/Set/[0-6][1-8][7-3].wasm,3e0b057b3272f5c8b051f2410b437b8f
all5/Set/[0-6][1-8][7-4].wasm,3e0b057b3272f5c8b051f2410b437b8f
all5/Set/[0-6][1-8][7-5].wasm,3e0b057b3272f5c8b051f2410b437b8f
all5/Set/[0-6][1-8][7-6].wasm,3e0b057b3272f5c8b051f2410b437b8f
all5/Set/[0-6][1-8][7-7].wasm,3e0b057b3272f5c8b051f2410b437b8f
all5/Set/[0-6][1-8][7-8].wasm,3e0b057b3272f5c8b051f2410b437b8f
all5/Set/[0-6][7-1].wasm,3e0b057b3272f5c8b051f2410b437b8f
all5/Set/[0-6][7-2].wasm,3e0b057b3272f5c8b051f2410b437b8f
all5/Set/[0-6][7-3].wasm,3e0b057b3272f5c8b051f2410b437b8f
all5/Set/[0-6][7-4].wasm,3e0b057b3272f5c8b051f2410b437b8f
all5/Set/[0-6][7-5].wasm,3e0b057b3272f5c8b051f2410b437b8f
all5/Set/[0-6][7-6].wasm,3e0b057b3272f5c8b051f2410b437b8f
all5/Set/[0-6][7-7].wasm,3e0b057b3272f5c8b051f2410b437b8f
all5/Set/[0-6][7-8].wasm,3e0b057b3272f5c8b051f2410b437b8f
all5/Set/[0-7].wasm,0b82ad222c4c9cabd83458ae7bc1922f
all5/Set/[0-7][1-1].wasm,0b82ad222c4c9cabd83458ae7bc1922f
all5/Set/[0-7][1-1][7-1].wasm,0b82ad222c4c9cabd83458ae7bc1922f
all5/Set/[0-7][1-1][7-2].wasm,0b82ad222c4c9cabd83458ae7bc1922f
all5/Set/[0-7][1-1][7-3].wasm,0b82ad222c4c9cabd83458ae7bc1922f
all5/Set/[0-7][1-1][7-4].wasm,0b82ad222c4c9cabd83458ae7bc1922f
all5/Set/[0-7][1-1][7-5].wasm,0b82ad222c4c9cabd83458ae7bc1922f
all5/Set/[0-7][1-1][7-6].wasm,0b82ad222c4c9cabd83458ae7bc1922f
all5/Set/[0-7][1-1][7-7].wasm,0b82ad222c4c9cabd83458ae7bc1922f
all5/Set/[0-7][1-1][7-8].wasm,0b82ad222c4c9cabd83458ae7bc1922f
all5/Set/[0-7][1-2].wasm,0b82ad222c4c9cabd83458ae7bc1922f
all5/Set/[0-7][1-2][7-1].wasm,0b82ad222c4c9cabd83458ae7bc1922f
all5/Set/[0-7][1-2][7-2].wasm,0b82ad222c4c9cabd83458ae7bc1922f
all5/Set/[0-7][1-2][7-3].wasm,0b82ad222c4c9cabd83458ae7bc1922f
all5/Set/[0-7][1-2][7-4].wasm,0b82ad222c4c9cabd83458ae7bc1922f
all5/Set/[0-7][1-2][7-5].wasm,0b82ad222c4c9cabd83458ae7bc1922f
all5/Set/[0-7][1-2][7-6].wasm,0b82ad222c4c9cabd83458ae7bc1922f
all5/Set/[0-7][1-2][7-7].wasm,0b82ad222c4c9cabd83458ae7bc1922f
all5/Set/[0-7][1-2][7-8].wasm,0b82ad222c4c9cabd83458ae7bc1922f
all5/Set/[0-7][1-3].wasm,0b82ad222c4c9cabd83458ae7bc1922f
all5/Set/[0-7][1-3][7-1].wasm,0b82ad222c4c9cabd83458ae7bc1922f
all5/Set/[0-7][1-3][7-2].wasm,0b82ad222c4c9cabd83458ae7bc1922f
all5/Set/[0-7][1-3][7-3].wasm,0b82ad222c4c9cabd83458ae7bc1922f
all5/Set/[0-7][1-3][7-4].wasm,0b82ad222c4c9cabd83458ae7bc1922f
all5/Set/[0-7][1-3][7-5].wasm,0b82ad222c4c9cabd83458ae7bc1922f
all5/Set/[0-7][1-3][7-6].wasm,0b82ad222c4c9cabd83458ae7bc1922f
all5/Set/[0-7][1-3][7-7].wasm,0b82ad222c4c9cabd83458ae7bc1922f
all5/Set/[0-7][1-3][7-8].wasm,0b82ad222c4c9cabd83458ae7bc1922f
all5/Set/[0-7][1-4].wasm,0b82ad222c4c9cabd83458ae7bc1922f
all5/Set/[0-7][1-4][7-1].wasm,0b82ad222c4c9cabd83458ae7bc1922f
all5/Set/[0-7][1-4][7-2].wasm,0b82ad222c4c9cabd83458ae7bc1922f
all5/Set/[0-7][1-4][7-3].wasm,0b82ad222c4c9cabd83458ae7bc1922f
all5/Set/[0-7][1-4][7-4].wasm,0b82ad222c4c9cabd83458ae7bc1922f
all5/Set/[0-7][1-4][7-5].wasm,0b82ad222c4c9cabd83458ae7bc1922f
all5/Set/[0-7][1-4][7-6].wasm,0b82ad222c4c9cabd83458ae7bc1922f
all5/Set/[0-7][1-4][7-7].wasm,0b82ad222c4c9cabd83458ae7bc1922f
all5/Set/[0-7][1-4][7-8].wasm,0b82ad222c4c9cabd83458ae7bc1922f
all5/Set/[0-7][1-5].wasm,0b82ad222c4c9cabd83458ae7bc1922f
all5/Set/[0-7][1-5][7-1].wasm,0b82ad222c4c9cabd83458ae7bc1922f
all5/Set/[0-7][1-5][7-2].wasm,0b82ad222c4c9cabd83458ae7bc1922f
all5/Set/[0-7][1-5][7-3].wasm,0b82ad222c4c9cabd83458ae7bc1922f
all5/Set/[0-7][1-5][7-4].wasm,0b82ad222c4c9cabd83458ae7bc1922f
all5/Set/[0-7][1-5][7-5].wasm,0b82ad222c4c9cabd83458ae7bc1922f
all5/Set/[0-7][1-5][7-6].wasm,0b82ad222c4c9cabd83458ae7bc1922f
all5/Set/[0-7][1-5][7-7].wasm,0b82ad222c4c9cabd83458ae7bc1922f
all5/Set/[0-7][1-5][7-8].wasm,0b82ad222c4c9cabd83458ae7bc1922f
all5/Set/[0-7][1-6].wasm,0b82ad222c4c9cabd83458ae7bc1922f
all5/Set/[0-7][1-6][7-1].wasm,0b82ad222c4c9cabd83458ae7bc1922f
all5/Set/[0-7][1-6][7-2].wasm,0b82ad222c4c9cabd83458ae7bc1922f
all5/Set/[0-7][1-6][7-3].wasm,0b82ad222c4c9cabd83458ae7bc1922f
all5/Set/[0-7][1-6][7-4].wasm,0b82ad222c4c9cabd83458ae7bc1922f
all5/Set/[0-7][1-6][7-5].wasm,0b82ad222c4c9cabd83458ae7bc1922f
all5/Set/[0-7][1-6][7-6].wasm,0b82ad222c4c9cabd83458ae7bc1922f
all5/Set/[0-7][1-6][7-7].wasm,0b82ad222c4c9cabd83458ae7bc1922f
all5/Set/[0-7][1-6][7-8].wasm,0b82ad222c4c9cabd83458ae7bc1922f
all5/Set/[0-7][1-7].wasm,0b82ad222c4c9cabd83458ae7bc1922f
all5/Set/[0-7][1-7][7-1].wasm,0b82ad222c4c9cabd83458ae7bc1922f
all5/Set/[0-7][1-7][7-2].wasm,0b82ad222c4c9cabd83458ae7bc1922f
all5/Set/[0-7][1-7][7-3].wasm,0b82ad222c4c9cabd83458ae7bc1922f
all5/Set/[0-7][1-7][7-4].wasm,0b82ad222c4c9cabd83458ae7bc1922f
all5/Set/[0-7][1-7][7-5].wasm,0b82ad222c4c9cabd83458ae7bc1922f
all5/Set/[0-7][1-7][7-6].wasm,0b82ad222c4c9cabd83458ae7bc1922f
all5/Set/[0-7][7-1].wasm,0b82ad222c4c9cabd83458ae7bc1922f
all5/Set/[0-7][7-2].wasm,0b82ad222c4c9cabd83458ae7bc1922f
all5/Set/[0-7][7-3].wasm,0b82ad222c4c9cabd83458ae7bc1922f
all5/Set/[0-7][7-4].wasm,0b82ad222c4c9cabd83458ae7bc1922f
all5/Set/[0-7][7-5].wasm,0b82ad222c4c9cabd83458ae7bc1922f
all5/Set/[0-7][7-6].wasm,0b82ad222c4c9cabd83458ae7bc1922f
all5/Set/[0-7][7-7].wasm,0b82ad222c4c9cabd83458ae7bc1922f
all5/Set/[0-7][7-8].wasm,0b82ad222c4c9cabd83458ae7bc1922f
all5/Set/[1-0].wasm,3ec3614fec7ed69dab96fc805d9859cf
all5/Set/[1-1].wasm,3ec3614fec7ed69dab96fc805d9859cf
all5/Set/[1-1][7-1].wasm,3ec3614fec7ed69dab96fc805d9859cf
all5/Set/[1-1][7-2].wasm,3ec3614fec7ed69dab96fc805d9859cf
all5/Set/[1-1][7-3].wasm,3ec3614fec7ed69dab96fc805d9859cf
all5/Set/[1-1][7-4].wasm,3ec3614fec7ed69dab96fc805d9859cf
all5/Set/[1-1][7-5].wasm,3ec3614fec7ed69dab96fc805d9859cf
all5/Set/[1-1][7-6].wasm,3ec3614fec7ed69dab96fc805d9859cf
all5/Set/[1-1][7-7].wasm,3ec3614fec7ed69dab96fc805d9859cf
all5/Set/[1-1][7-8].wasm,3ec3614fec7ed69dab96fc805d9859cf
all5/Set/[1-2].wasm,3ec3614fec7ed69dab96fc805d9859cf
all5/Set/[1-2][7-1].wasm,3ec3614fec7ed69dab96fc805d9859cf
all5/Set/[1-2][7-2].wasm,3ec3614fec7ed69dab96fc805d9859cf
all5/Set/[1-2][7-3].wasm,3ec3614fec7ed69dab96fc805d9859cf
all5/Set/[1-2][7-4].wasm,3ec3614fec7ed69dab96fc805d9859cf
all5/Set/[1-2][7-5].wasm,3ec3614fec7ed69dab96fc805d9859cf
all5/Set/[1-2][7-6].wasm,3ec3614fec7ed69dab96fc805d9859cf
all5/Set/[1-2][7-7].wasm,3ec3614fec7ed69dab96fc805d9859cf
all5/Set/[1-2][7-8].wasm,3ec3614fec7ed69dab96fc805d9859cf
all5/Set/[1-3].wasm,3ec3614fec7ed69dab96fc805d9859cf
all5/Set/[1-3][7-1].wasm,3ec3614fec7ed69dab96fc805d9859cf
all5/Set/[1-3][7-2].wasm,3ec3614fec7ed69dab96fc805d9859cf
all5/Set/[1-3][7-3].wasm,3ec3614fec7ed69dab96fc805d9859cf
all5/Set/[1-3][7-4].wasm,3ec3614fec7ed69dab96fc805d9859cf
all5/Set/[1-3][7-5].wasm,3ec3614fec7ed69dab96fc805d9859cf
all5/Set/[1-3][7-6].wasm,3ec3614fec7ed69dab96fc805d9859cf
all5/Set/[1-3][7-7].wasm,3ec3614fec7ed69dab96fc805d9859cf
all5/Set/[1-3][7-8].wasm,3ec3614fec7ed69dab96fc805d9859cf
all5/Set/[1-4].wasm,3ec3614fec7ed69dab96fc805d9859cf
all5/Set/[1-4][7-1].wasm,3ec3614fec7ed69dab96fc805d9859cf
all5/Set/[1-4][7-2].wasm,3ec3614fec7ed69dab96fc805d9859cf
all5/Set/[1-4][7-3].wasm,3ec3614fec7ed69dab96fc805d9859cf
all5/Set/[1-4][7-4].wasm,3ec3614fec7ed69dab96fc805d9859cf
all5/Set/[1-4][7-5].wasm,3ec3614fec7ed69dab96fc805d9859cf
all5/Set/[1-4][7-6].wasm,3ec3614fec7ed69dab96fc805d9859cf
all5/Set/[1-4][7-7].wasm,3ec3614fec7ed69dab96fc805d9859cf
all5/Set/[1-4][7-8].wasm,3ec3614fec7ed69dab96fc805d9859cf
all5/Set/[1-5].wasm,3ec3614fec7ed69dab96fc805d9859cf
all5/Set/[1-5][7-1].wasm,3ec3614fec7ed69dab96fc805d9859cf
all5/Set/[1-5][7-2].wasm,3ec3614fec7ed69dab96fc805d9859cf
all5/Set/[1-5][7-3].wasm,3ec3614fec7ed69dab96fc805d9859cf
all5/Set/[1-5][7-4].wasm,3ec3614fec7ed69dab96fc805d9859cf
all5/Set/[1-5][7-5].wasm,3ec3614fec7ed69dab96fc805d9859cf
all5/Set/[1-5][7-6].wasm,3ec3614fec7ed69dab96fc805d9859cf
all5/Set/[1-5][7-7].wasm,3ec3614fec7ed69dab96fc805d9859cf
all5/Set/[1-5][7-8].wasm,3ec3614fec7ed69dab96fc805d9859cf
all5/Set/[1-6].wasm,3ec3614fec7ed69dab96fc805d9859cf
all5/Set/[1-6][7-1].wasm,3ec3614fec7ed69dab96fc805d9859cf
all5/Set/[1-6][7-2].wasm,3ec3614fec7ed69dab96fc805d9859cf
all5/Set/[1-6][7-3].wasm,3ec3614fec7ed69dab96fc805d9859cf
all5/Set/[1-6][7-4].wasm,3ec3614fec7ed69dab96fc805d9859cf
all5/Set/[1-6][7-5].wasm,3ec3614fec7ed69dab96fc805d9859cf
all5/Set/[1-6][7-6].wasm,3ec3614fec7ed69dab96fc805d9859cf
all5/Set/[1-6][7-7].wasm,3ec3614fec7ed69dab96fc805d9859cf
all5/Set/[1-6][7-8].wasm,3ec3614fec7ed69dab96fc805d9859cf
all5/Set/[1-7].wasm,3ec3614fec7ed69dab96fc805d9859cf
all5/Set/[1-7][7-1].wasm,3ec3614fec7ed69dab96fc805d9859cf
all5/Set/[1-7][7-2].wasm,3ec3614fec7ed69dab96fc805d9859cf
all5/Set/[1-7][7-3].wasm,3ec3614fec7ed69dab96fc805d9859cf
all5/Set/[1-7][7-4].wasm,3ec3614fec7ed69dab96fc805d9859cf
all5/Set/[1-7][7-5].wasm,3ec3614fec7ed69dab96fc805d9859cf
all5/Set/[1-7][7-6].wasm,3ec3614fec7ed69dab96fc805d9859cf
all5/Set/[1-7][7-7].wasm,3ec3614fec7ed69dab96fc805d9859cf
all5/Set/[1-7][7-8].wasm,3ec3614fec7ed69dab96fc805d9859cf
all5/Set/[1-8].wasm,3ec3614fec7ed69dab96fc805d9859cf
all5/Set/[1-8][7-1].wasm,3ec3614fec7ed69dab96fc805d9859cf
all5/Set/[1-8][7-2].wasm,3ec3614fec7ed69dab96fc805d9859cf
all5/Set/[1-8][7-3].wasm,3ec3614fec7ed69dab96fc805d9859cf
all5/Set/[1-8][7-4].wasm,3ec3614fec7ed69dab96fc805d9859cf
all5/Set/[1-8][7-5].wasm,3ec3614fec7ed69dab96fc805d9859cf
all5/Set/[1-8][7-6].wasm,3ec3614fec7ed69dab96fc805d9859cf
all5/Set/[1-8][7-7].wasm,3ec3614fec7ed69dab96fc805d9859cf
all5/Set/[1-8][7-8].wasm,3ec3614fec7ed69dab96fc805d9859cf
all5/Set/[13-1].wasm,6cf9d708d7a3880bc5f4d99456ac1704
all5/Set/[2-1].wasm,7713cbe4342bb2e7afbbe2c369e9c0f8
all5/Set/[2-1].wasm.~1~,3ec3614fec7ed69dab96fc805d9859cf
all5/Set/[2-1][13-1].wasm,6cf9d708d7a3880bc5f4d99456ac1704
all5/Set/[2-1][3-1].wasm,7713cbe4342bb2e7afbbe2c369e9c0f8
all5/Set/[2-1][3-1][13-1].wasm,6cf9d708d7a3880bc5f4d99456ac1704
all5/Set/[2-1][3-1][7-1].wasm,7713cbe4342bb2e7afbbe2c369e9c0f8
all5/Set/[2-1][3-1][7-1][13-1].wasm,6cf9d708d7a3880bc5f4d99456ac1704
all5/Set/[2-1][3-1][7-1][8-1].wasm,7713cbe4342bb2e7afbbe2c369e9c0f8
all5/Set/[2-1][3-1][7-1][8-1][13-1].wasm,6cf9d708d7a3880bc5f4d99456ac1704
all5/Set/[2-1][3-1][7-1][8-2].wasm,7713cbe4342bb2e7afbbe2c369e9c0f8
all5/Set/[2-1][3-1][7-1][8-2][13-1].wasm,6cf9d708d7a3880bc5f4d99456ac1704
all5/Set/[2-1][3-1][7-1][8-3].wasm,7713cbe4342bb2e7afbbe2c369e9c0f8
all5/Set/[2-1][3-1][7-1][8-3][13-1].wasm,6cf9d708d7a3880bc5f4d99456ac1704
all5/Set/[2-1][3-1][7-1][8-4].wasm,7713cbe4342bb2e7afbbe2c369e9c0f8
all5/Set/[2-1][3-1][7-1][8-4][13-1].wasm,6cf9d708d7a3880bc5f4d99456ac1704
all5/Set/[2-1][3-1][7-1][8-5].wasm,7713cbe4342bb2e7afbbe2c369e9c0f8
all5/Set/[2-1][3-1][7-1][8-5][13-1].wasm,6cf9d708d7a3880bc5f4d99456ac1704
all5/Set/[2-1][3-1][7-1][8-6].wasm,7713cbe4342bb2e7afbbe2c369e9c0f8
all5/Set/[2-1][3-1][7-1][8-6][13-1].wasm,6cf9d708d7a3880bc5f4d99456ac1704
all5/Set/[2-1][3-1][7-1][8-7].wasm,7713cbe4342bb2e7afbbe2c369e9c0f8
all5/Set/[2-1][3-1][7-1][8-7][13-1].wasm,6cf9d708d7a3880bc5f4d99456ac1704
all5/Set/[2-1][3-1][7-1][8-8].wasm,7713cbe4342bb2e7afbbe2c369e9c0f8
all5/Set/[2-1][3-1][7-1][8-8][13-1].wasm,6cf9d708d7a3880bc5f4d99456ac1704
all5/Set/[2-1][3-1][8-1].wasm,7713cbe4342bb2e7afbbe2c369e9c0f8
all5/Set/[2-1][3-1][8-1][13-1].wasm,6cf9d708d7a3880bc5f4d99456ac1704
all5/Set/[2-1][3-1][8-2].wasm,7713cbe4342bb2e7afbbe2c369e9c0f8
all5/Set/[2-1][3-1][8-2][13-1].wasm,6cf9d708d7a3880bc5f4d99456ac1704
all5/Set/[2-1][3-1][8-3].wasm,7713cbe4342bb2e7afbbe2c369e9c0f8
all5/Set/[2-1][3-1][8-3][13-1].wasm,6cf9d708d7a3880bc5f4d99456ac1704
all5/Set/[2-1][3-1][8-4].wasm,7713cbe4342bb2e7afbbe2c369e9c0f8
all5/Set/[2-1][3-1][8-4][13-1].wasm,6cf9d708d7a3880bc5f4d99456ac1704
all5/Set/[2-1][3-1][8-5].wasm,7713cbe4342bb2e7afbbe2c369e9c0f8
all5/Set/[2-1][3-1][8-5][13-1].wasm,6cf9d708d7a3880bc5f4d99456ac1704
all5/Set/[2-1][3-1][8-6].wasm,7713cbe4342bb2e7afbbe2c369e9c0f8
all5/Set/[2-1][3-1][8-6][13-1].wasm,6cf9d708d7a3880bc5f4d99456ac1704
all5/Set/[2-1][3-1][8-7].wasm,7713cbe4342bb2e7afbbe2c369e9c0f8
all5/Set/[2-1][3-1][8-7][13-1].wasm,6cf9d708d7a3880bc5f4d99456ac1704
all5/Set/[2-1][3-1][8-8].wasm,7713cbe4342bb2e7afbbe2c369e9c0f8
all5/Set/[2-1][3-1][8-8][13-1].wasm,6cf9d708d7a3880bc5f4d99456ac1704
all5/Set/[2-1][3-2].wasm,7713cbe4342bb2e7afbbe2c369e9c0f8
all5/Set/[2-1][3-2][13-1].wasm,6cf9d708d7a3880bc5f4d99456ac1704
all5/Set/[2-1][3-2][7-1].wasm,7713cbe4342bb2e7afbbe2c369e9c0f8
all5/Set/[2-1][3-2][7-1][13-1].wasm,6cf9d708d7a3880bc5f4d99456ac1704
all5/Set/[2-1][3-2][7-1][8-1].wasm,7713cbe4342bb2e7afbbe2c369e9c0f8
all5/Set/[2-1][3-2][7-1][8-1][13-1].wasm,6cf9d708d7a3880bc5f4d99456ac1704
all5/Set/[2-1][3-2][7-1][8-2].wasm,7713cbe4342bb2e7afbbe2c369e9c0f8
all5/Set/[2-1][3-2][7-1][8-2][13-1].wasm,6cf9d708d7a3880bc5f4d99456ac1704
all5/Set/[2-1][3-2][7-1][8-3].wasm,7713cbe4342bb2e7afbbe2c369e9c0f8
all5/Set/[2-1][3-2][7-1][8-3][13-1].wasm,6cf9d708d7a3880bc5f4d99456ac1704
all5/Set/[2-1][3-2][7-1][8-4].wasm,7713cbe4342bb2e7afbbe2c369e9c0f8
all5/Set/[2-1][3-2][7-1][8-4][13-1].wasm,6cf9d708d7a3880bc5f4d99456ac1704
all5/Set/[2-1][3-2][7-1][8-5].wasm,7713cbe4342bb2e7afbbe2c369e9c0f8
all5/Set/[2-1][3-2][7-1][8-5][13-1].wasm,6cf9d708d7a3880bc5f4d99456ac1704
all5/Set/[2-1][3-2][7-1][8-6].wasm,7713cbe4342bb2e7afbbe2c369e9c0f8
all5/Set/[2-1][3-2][7-1][8-6][13-1].wasm,6cf9d708d7a3880bc5f4d99456ac1704
all5/Set/[2-1][3-2][7-1][8-7].wasm,7713cbe4342bb2e7afbbe2c369e9c0f8
all5/Set/[2-1][3-2][7-1][8-7][13-1].wasm,6cf9d708d7a3880bc5f4d99456ac1704
all5/Set/[2-1][3-2][7-1][8-8].wasm,7713cbe4342bb2e7afbbe2c369e9c0f8
all5/Set/[2-1][3-2][7-1][8-8][13-1].wasm,6cf9d708d7a3880bc5f4d99456ac1704
all5/Set/[2-1][3-2][8-1].wasm,7713cbe4342bb2e7afbbe2c369e9c0f8
all5/Set/[2-1][3-2][8-1][13-1].wasm,6cf9d708d7a3880bc5f4d99456ac1704
all5/Set/[2-1][3-2][8-2].wasm,7713cbe4342bb2e7afbbe2c369e9c0f8
all5/Set/[2-1][3-2][8-2][13-1].wasm,6cf9d708d7a3880bc5f4d99456ac1704
all5/Set/[2-1][3-2][8-3].wasm,7713cbe4342bb2e7afbbe2c369e9c0f8
all5/Set/[2-1][3-2][8-3][13-1].wasm,6cf9d708d7a3880bc5f4d99456ac1704
all5/Set/[2-1][3-2][8-4].wasm,7713cbe4342bb2e7afbbe2c369e9c0f8
all5/Set/[2-1][3-2][8-4][13-1].wasm,6cf9d708d7a3880bc5f4d99456ac1704
all5/Set/[2-1][3-2][8-5].wasm,7713cbe4342bb2e7afbbe2c369e9c0f8
all5/Set/[2-1][3-2][8-5][13-1].wasm,6cf9d708d7a3880bc5f4d99456ac1704
all5/Set/[2-1][3-2][8-6].wasm,7713cbe4342bb2e7afbbe2c369e9c0f8
all5/Set/[2-1][3-2][8-6][13-1].wasm,6cf9d708d7a3880bc5f4d99456ac1704
all5/Set/[2-1][3-2][8-7].wasm,7713cbe4342bb2e7afbbe2c369e9c0f8
all5/Set/[2-1][3-2][8-7][13-1].wasm,6cf9d708d7a3880bc5f4d99456ac1704
all5/Set/[2-1][3-2][8-8].wasm,7713cbe4342bb2e7afbbe2c369e9c0f8
all5/Set/[2-1][3-2][8-8][13-1].wasm,6cf9d708d7a3880bc5f4d99456ac1704
all5/Set/[2-1][3-3].wasm,7713cbe4342bb2e7afbbe2c369e9c0f8
all5/Set/[2-1][3-3][13-1].wasm,6cf9d708d7a3880bc5f4d99456ac1704
all5/Set/[2-1][3-3][7-1].wasm,7713cbe4342bb2e7afbbe2c369e9c0f8
all5/Set/[2-1][3-3][7-1][13-1].wasm,6cf9d708d7a3880bc5f4d99456ac1704
all5/Set/[2-1][3-3][7-1][8-1].wasm,7713cbe4342bb2e7afbbe2c369e9c0f8
all5/Set/[2-1][3-3][7-1][8-1][13-1].wasm,6cf9d708d7a3880bc5f4d99456ac1704
all5/Set/[2-1][3-3][7-1][8-2].wasm,7713cbe4342bb2e7afbbe2c369e9c0f8
all5/Set/[2-1][3-3][7-1][8-2][13-1].wasm,6cf9d708d7a3880bc5f4d99456ac1704
all5/Set/[2-1][3-3][7-1][8-3].wasm,7713cbe4342bb2e7afbbe2c369e9c0f8
all5/Set/[2-1][3-3][7-1][8-3][13-1].wasm,6cf9d708d7a3880bc5f4d99456ac1704
all5/Set/[2-1][3-3][7-1][8-4].wasm,7713cbe4342bb2e7afbbe2c369e9c0f8
all5/Set/[2-1][3-3][7-1][8-4][13-1].wasm,6cf9d708d7a3880bc5f4d99456ac1704
all5/Set/[2-1][3-3][7-1][8-5].wasm,7713cbe4342bb2e7afbbe2c369e9c0f8
all5/Set/[2-1][3-3][7-1][8-5][13-1].wasm,6cf9d708d7a3880bc5f4d99456ac1704
all5/Set/[2-1][3-3][7-1][8-6].wasm,7713cbe4342bb2e7afbbe2c369e9c0f8
all5/Set/[2-1][3-3][7-1][8-6][13-1].wasm,6cf9d708d7a3880bc5f4d99456ac1704
all5/Set/[2-1][3-3][7-1][8-7].wasm,7713cbe4342bb2e7afbbe2c369e9c0f8
all5/Set/[2-1][3-3][7-1][8-7][13-1].wasm,6cf9d708d7a3880bc5f4d99456ac1704
all5/Set/[2-1][3-3][7-1][8-8].wasm,7713cbe4342bb2e7afbbe2c369e9c0f8
all5/Set/[2-1][3-3][7-1][8-8][13-1].wasm,6cf9d708d7a3880bc5f4d99456ac1704
all5/Set/[2-1][3-3][8-1].wasm,7713cbe4342bb2e7afbbe2c369e9c0f8
all5/Set/[2-1][3-3][8-1][13-1].wasm,6cf9d708d7a3880bc5f4d99456ac1704
all5/Set/[2-1][3-3][8-2].wasm,7713cbe4342bb2e7afbbe2c369e9c0f8
all5/Set/[2-1][3-3][8-2][13-1].wasm,6cf9d708d7a3880bc5f4d99456ac1704
all5/Set/[2-1][3-3][8-3].wasm,7713cbe4342bb2e7afbbe2c369e9c0f8
all5/Set/[2-1][3-3][8-3][13-1].wasm,6cf9d708d7a3880bc5f4d99456ac1704
all5/Set/[2-1][3-3][8-4].wasm,7713cbe4342bb2e7afbbe2c369e9c0f8
all5/Set/[2-1][3-3][8-4][13-1].wasm,6cf9d708d7a3880bc5f4d99456ac1704
all5/Set/[2-1][3-3][8-5].wasm,7713cbe4342bb2e7afbbe2c369e9c0f8
all5/Set/[2-1][3-3][8-5][13-1].wasm,6cf9d708d7a3880bc5f4d99456ac1704
all5/Set/[2-1][3-3][8-6].wasm,7713cbe4342bb2e7afbbe2c369e9c0f8
all5/Set/[2-1][3-3][8-6][13-1].wasm,6cf9d708d7a3880bc5f4d99456ac1704
all5/Set/[2-1][3-3][8-7].wasm,7713cbe4342bb2e7afbbe2c369e9c0f8
all5/Set/[2-1][3-3][8-7][13-1].wasm,6cf9d708d7a3880bc5f4d99456ac1704
all5/Set/[2-1][3-3][8-8].wasm,7713cbe4342bb2e7afbbe2c369e9c0f8
all5/Set/[2-1][3-3][8-8][13-1].wasm,6cf9d708d7a3880bc5f4d99456ac1704
all5/Set/[2-1][3-4].wasm,7713cbe4342bb2e7afbbe2c369e9c0f8
all5/Set/[2-1][3-4][13-1].wasm,6cf9d708d7a3880bc5f4d99456ac1704
all5/Set/[2-1][3-4][7-1].wasm,7713cbe4342bb2e7afbbe2c369e9c0f8
all5/Set/[2-1][3-4][7-1][13-1].wasm,6cf9d708d7a3880bc5f4d99456ac1704
all5/Set/[2-1][3-4][7-1][8-1].wasm,7713cbe4342bb2e7afbbe2c369e9c0f8
all5/Set/[2-1][3-4][7-1][8-1][13-1].wasm,6cf9d708d7a3880bc5f4d99456ac1704
all5/Set/[2-1][3-4][7-1][8-2].wasm,7713cbe4342bb2e7afbbe2c369e9c0f8
all5/Set/[2-1][3-4][7-1][8-2][13-1].wasm,6cf9d708d7a3880bc5f4d99456ac1704
all5/Set/[2-1][3-4][7-1][8-3].wasm,7713cbe4342bb2e7afbbe2c369e9c0f8
all5/Set/[2-1][3-4][7-1][8-3][13-1].wasm,6cf9d708d7a3880bc5f4d99456ac1704
all5/Set/[2-1][3-4][7-1][8-4].wasm,7713cbe4342bb2e7afbbe2c369e9c0f8
all5/Set/[2-1][3-4][7-1][8-4][13-1].wasm,6cf9d708d7a3880bc5f4d99456ac1704
all5/Set/[2-1][3-4][7-1][8-5].wasm,7713cbe4342bb2e7afbbe2c369e9c0f8
all5/Set/[2-1][3-4][7-1][8-5][13-1].wasm,6cf9d708d7a3880bc5f4d99456ac1704
all5/Set/[2-1][3-4][7-1][8-6].wasm,7713cbe4342bb2e7afbbe2c369e9c0f8
all5/Set/[2-1][3-4][7-1][8-6][13-1].wasm,6cf9d708d7a3880bc5f4d99456ac1704
all5/Set/[2-1][3-4][7-1][8-7].wasm,7713cbe4342bb2e7afbbe2c369e9c0f8
all5/Set/[2-1][3-4][7-1][8-7][13-1].wasm,6cf9d708d7a3880bc5f4d99456ac1704
all5/Set/[2-1][3-4][7-1][8-8].wasm,7713cbe4342bb2e7afbbe2c369e9c0f8
all5/Set/[2-1][3-4][7-1][8-8][13-1].wasm,6cf9d708d7a3880bc5f4d99456ac1704
all5/Set/[2-1][3-4][8-1].wasm,7713cbe4342bb2e7afbbe2c369e9c0f8
all5/Set/[2-1][3-4][8-1][13-1].wasm,6cf9d708d7a3880bc5f4d99456ac1704
all5/Set/[2-1][3-4][8-2].wasm,7713cbe4342bb2e7afbbe2c369e9c0f8
all5/Set/[2-1][3-4][8-2][13-1].wasm,6cf9d708d7a3880bc5f4d99456ac1704
all5/Set/[2-1][3-4][8-3].wasm,7713cbe4342bb2e7afbbe2c369e9c0f8
all5/Set/[2-1][3-4][8-3][13-1].wasm,6cf9d708d7a3880bc5f4d99456ac1704
all5/Set/[2-1][3-4][8-4].wasm,7713cbe4342bb2e7afbbe2c369e9c0f8
all5/Set/[2-1][3-4][8-4][13-1].wasm,6cf9d708d7a3880bc5f4d99456ac1704
all5/Set/[2-1][3-4][8-5].wasm,7713cbe4342bb2e7afbbe2c369e9c0f8
all5/Set/[2-1][3-4][8-5][13-1].wasm,6cf9d708d7a3880bc5f4d99456ac1704
all5/Set/[2-1][3-4][8-6].wasm,7713cbe4342bb2e7afbbe2c369e9c0f8
all5/Set/[2-1][3-4][8-6][13-1].wasm,6cf9d708d7a3880bc5f4d99456ac1704
all5/Set/[2-1][3-4][8-7].wasm,7713cbe4342bb2e7afbbe2c369e9c0f8
all5/Set/[2-1][3-4][8-7][13-1].wasm,6cf9d708d7a3880bc5f4d99456ac1704
all5/Set/[2-1][3-4][8-8].wasm,7713cbe4342bb2e7afbbe2c369e9c0f8
all5/Set/[2-1][3-4][8-8][13-1].wasm,6cf9d708d7a3880bc5f4d99456ac1704
all5/Set/[2-1][4-1].wasm,3ec3614fec7ed69dab96fc805d9859cf
all5/Set/[2-1][4-2].wasm,3ec3614fec7ed69dab96fc805d9859cf
all5/Set/[2-1][4-3].wasm,115bb783eff38fc82e9d546f9db67aba
all5/Set/[2-1][4-4].wasm,3ec3614fec7ed69dab96fc805d9859cf
all5/Set/[2-1][4-5].wasm,3ec3614fec7ed69dab96fc805d9859cf
all5/Set/[2-1][4-6].wasm,3ec3614fec7ed69dab96fc805d9859cf
all5/Set/[2-1][4-7].wasm,3ec3614fec7ed69dab96fc805d9859cf
all5/Set/[2-1][4-8].wasm,3ec3614fec7ed69dab96fc805d9859cf
all5/Set/[2-1][4-9].wasm,3ec3614fec7ed69dab96fc805d9859cf
all5/Set/[2-1][7-1].wasm,7713cbe4342bb2e7afbbe2c369e9c0f8
all5/Set/[2-1][7-1][13-1].wasm,6cf9d708d7a3880bc5f4d99456ac1704
all5/Set/[2-1][7-1][8-1].wasm,7713cbe4342bb2e7afbbe2c369e9c0f8
all5/Set/[2-1][7-1][8-1][13-1].wasm,6cf9d708d7a3880bc5f4d99456ac1704
all5/Set/[2-1][7-1][8-2].wasm,7713cbe4342bb2e7afbbe2c369e9c0f8
all5/Set/[2-1][7-1][8-2][13-1].wasm,6cf9d708d7a3880bc5f4d99456ac1704
all5/Set/[2-1][7-1][8-3].wasm,7713cbe4342bb2e7afbbe2c369e9c0f8
all5/Set/[2-1][7-1][8-3][13-1].wasm,6cf9d708d7a3880bc5f4d99456ac1704
all5/Set/[2-1][7-1][8-4].wasm,7713cbe4342bb2e7afbbe2c369e9c0f8
all5/Set/[2-1][7-1][8-4][13-1].wasm,6cf9d708d7a3880bc5f4d99456ac1704
all5/Set/[2-1][7-1][8-5].wasm,7713cbe4342bb2e7afbbe2c369e9c0f8
all5/Set/[2-1][7-1][8-5][13-1].wasm,6cf9d708d7a3880bc5f4d99456ac1704
all5/Set/[2-1][7-1][8-6].wasm,7713cbe4342bb2e7afbbe2c369e9c0f8
all5/Set/[2-1][7-1][8-6][13-1].wasm,6cf9d708d7a3880bc5f4d99456ac1704
all5/Set/[2-1][7-1][8-7].wasm,7713cbe4342bb2e7afbbe2c369e9c0f8
all5/Set/[2-1][7-1][8-7][13-1].wasm,6cf9d708d7a3880bc5f4d99456ac1704
all5/Set/[2-1][7-1][8-8].wasm,7713cbe4342bb2e7afbbe2c369e9c0f8
all5/Set/[2-1][7-1][8-8][13-1].wasm,6cf9d708d7a3880bc5f4d99456ac1704
all5/Set/[2-1][8-1].wasm,7713cbe4342bb2e7afbbe2c369e9c0f8
all5/Set/[2-1][8-1][13-1].wasm,6cf9d708d7a3880bc5f4d99456ac1704
all5/Set/[2-1][8-2].wasm,7713cbe4342bb2e7afbbe2c369e9c0f8
all5/Set/[2-1][8-2][13-1].wasm,6cf9d708d7a3880bc5f4d99456ac1704
all5/Set/[2-1][8-3].wasm,7713cbe4342bb2e7afbbe2c369e9c0f8
all5/Set/[2-1][8-3][13-1].wasm,6cf9d708d7a3880bc5f4d99456ac1704
all5/Set/[2-1][8-4].wasm,7713cbe4342bb2e7afbbe2c369e9c0f8
all5/Set/[2-1][8-4][13-1].wasm,6cf9d708d7a3880bc5f4d99456ac1704
all5/Set/[2-1][8-5].wasm,7713cbe4342bb2e7afbbe2c369e9c0f8
all5/Set/[2-1][8-5][13-1].wasm,6cf9d708d7a3880bc5f4d99456ac1704
all5/Set/[2-1][8-6].wasm,7713cbe4342bb2e7afbbe2c369e9c0f8
all5/Set/[2-1][8-6][13-1].wasm,6cf9d708d7a3880bc5f4d99456ac1704
all5/Set/[2-1][8-7].wasm,7713cbe4342bb2e7afbbe2c369e9c0f8
all5/Set/[2-1][8-7][13-1].wasm,6cf9d708d7a3880bc5f4d99456ac1704
all5/Set/[2-1][8-8].wasm,7713cbe4342bb2e7afbbe2c369e9c0f8
all5/Set/[2-1][8-8][13-1].wasm,6cf9d708d7a3880bc5f4d99456ac1704
all5/Set/[3-1].wasm,7713cbe4342bb2e7afbbe2c369e9c0f8
all5/Set/[3-1][13-1].wasm,6cf9d708d7a3880bc5f4d99456ac1704
all5/Set/[3-1][7-1].wasm,7713cbe4342bb2e7afbbe2c369e9c0f8
all5/Set/[3-1][7-1][13-1].wasm,6cf9d708d7a3880bc5f4d99456ac1704
all5/Set/[3-1][7-1][8-1].wasm,7713cbe4342bb2e7afbbe2c369e9c0f8
all5/Set/[3-1][7-1][8-1][13-1].wasm,6cf9d708d7a3880bc5f4d99456ac1704
all5/Set/[3-1][7-1][8-2].wasm,7713cbe4342bb2e7afbbe2c369e9c0f8
all5/Set/[3-1][7-1][8-2][13-1].wasm,6cf9d708d7a3880bc5f4d99456ac1704
all5/Set/[3-1][7-1][8-3].wasm,7713cbe4342bb2e7afbbe2c369e9c0f8
all5/Set/[3-1][7-1][8-3][13-1].wasm,6cf9d708d7a3880bc5f4d99456ac1704
all5/Set/[3-1][7-1][8-4].wasm,7713cbe4342bb2e7afbbe2c369e9c0f8
all5/Set/[3-1][7-1][8-4][13-1].wasm,6cf9d708d7a3880bc5f4d99456ac1704
all5/Set/[3-1][7-1][8-5].wasm,7713cbe4342bb2e7afbbe2c369e9c0f8
all5/Set/[3-1][7-1][8-5][13-1].wasm,6cf9d708d7a3880bc5f4d99456ac1704
all5/Set/[3-1][7-1][8-6].wasm,7713cbe4342bb2e7afbbe2c369e9c0f8
all5/Set/[3-1][7-1][8-6][13-1].wasm,6cf9d708d7a3880bc5f4d99456ac1704
all5/Set/[3-1][7-1][8-7].wasm,7713cbe4342bb2e7afbbe2c369e9c0f8
all5/Set/[3-1][7-1][8-7][13-1].wasm,6cf9d708d7a3880bc5f4d99456ac1704
all5/Set/[3-1][7-1][8-8].wasm,7713cbe4342bb2e7afbbe2c369e9c0f8
all5/Set/[3-1][7-1][8-8][13-1].wasm,6cf9d708d7a3880bc5f4d99456ac1704
all5/Set/[3-1][8-1].wasm,7713cbe4342bb2e7afbbe2c369e9c0f8
all5/Set/[3-1][8-1][13-1].wasm,6cf9d708d7a3880bc5f4d99456ac1704
all5/Set/[3-1][8-2].wasm,7713cbe4342bb2e7afbbe2c369e9c0f8
all5/Set/[3-1][8-2][13-1].wasm,6cf9d708d7a3880bc5f4d99456ac1704
all5/Set/[3-1][8-3].wasm,7713cbe4342bb2e7afbbe2c369e9c0f8
all5/Set/[3-1][8-3][13-1].wasm,6cf9d708d7a3880bc5f4d99456ac1704
all5/Set/[3-1][8-4].wasm,7713cbe4342bb2e7afbbe2c369e9c0f8
all5/Set/[3-1][8-4][13-1].wasm,6cf9d708d7a3880bc5f4d99456ac1704
all5/Set/[3-1][8-5].wasm,7713cbe4342bb2e7afbbe2c369e9c0f8
all5/Set/[3-1][8-5][13-1].wasm,6cf9d708d7a3880bc5f4d99456ac1704
all5/Set/[3-1][8-6].wasm,7713cbe4342bb2e7afbbe2c369e9c0f8
all5/Set/[3-1][8-6][13-1].wasm,6cf9d708d7a3880bc5f4d99456ac1704
all5/Set/[3-1][8-7].wasm,7713cbe4342bb2e7afbbe2c369e9c0f8
all5/Set/[3-1][8-7][13-1].wasm,6cf9d708d7a3880bc5f4d99456ac1704
all5/Set/[3-1][8-8].wasm,7713cbe4342bb2e7afbbe2c369e9c0f8
all5/Set/[3-1][8-8][13-1].wasm,6cf9d708d7a3880bc5f4d99456ac1704
all5/Set/[3-2].wasm,7713cbe4342bb2e7afbbe2c369e9c0f8
all5/Set/[3-2][13-1].wasm,6cf9d708d7a3880bc5f4d99456ac1704
all5/Set/[3-2][7-1].wasm,7713cbe4342bb2e7afbbe2c369e9c0f8
all5/Set/[3-2][7-1][13-1].wasm,6cf9d708d7a3880bc5f4d99456ac1704
all5/Set/[3-2][7-1][8-1].wasm,7713cbe4342bb2e7afbbe2c369e9c0f8
all5/Set/[3-2][7-1][8-1][13-1].wasm,6cf9d708d7a3880bc5f4d99456ac1704
all5/Set/[3-2][7-1][8-2].wasm,7713cbe4342bb2e7afbbe2c369e9c0f8
all5/Set/[3-2][7-1][8-2][13-1].wasm,6cf9d708d7a3880bc5f4d99456ac1704
all5/Set/[3-2][7-1][8-3].wasm,7713cbe4342bb2e7afbbe2c369e9c0f8
all5/Set/[3-2][7-1][8-3][13-1].wasm,6cf9d708d7a3880bc5f4d99456ac1704
all5/Set/[3-2][7-1][8-4].wasm,7713cbe4342bb2e7afbbe2c369e9c0f8
all5/Set/[3-2][7-1][8-4][13-1].wasm,6cf9d708d7a3880bc5f4d99456ac1704
all5/Set/[3-2][7-1][8-5].wasm,7713cbe4342bb2e7afbbe2c369e9c0f8
all5/Set/[3-2][7-1][8-5][13-1].wasm,6cf9d708d7a3880bc5f4d99456ac1704
all5/Set/[3-2][7-1][8-6].wasm,7713cbe4342bb2e7afbbe2c369e9c0f8
all5/Set/[3-2][7-1][8-6][13-1].wasm,6cf9d708d7a3880bc5f4d99456ac1704
all5/Set/[3-2][7-1][8-7].wasm,7713cbe4342bb2e7afbbe2c369e9c0f8
all5/Set/[3-2][7-1][8-7][13-1].wasm,6cf9d708d7a3880bc5f4d99456ac1704
all5/Set/[3-2][7-1][8-8].wasm,7713cbe4342bb2e7afbbe2c369e9c0f8
all5/Set/[3-2][7-1][8-8][13-1].wasm,6cf9d708d7a3880bc5f4d99456ac1704
all5/Set/[3-2][8-1].wasm,7713cbe4342bb2e7afbbe2c369e9c0f8
all5/Set/[3-2][8-1][13-1].wasm,6cf9d708d7a3880bc5f4d99456ac1704
all5/Set/[3-2][8-2].wasm,7713cbe4342bb2e7afbbe2c369e9c0f8
all5/Set/[3-2][8-2][13-1].wasm,6cf9d708d7a3880bc5f4d99456ac1704
all5/Set/[3-2][8-3].wasm,7713cbe4342bb2e7afbbe2c369e9c0f8
all5/Set/[3-2][8-3][13-1].wasm,6cf9d708d7a3880bc5f4d99456ac1704
all5/Set/[3-2][8-4].wasm,7713cbe4342bb2e7afbbe2c369e9c0f8
all5/Set/[3-2][8-4][13-1].wasm,6cf9d708d7a3880bc5f4d99456ac1704
all5/Set/[3-2][8-5].wasm,7713cbe4342bb2e7afbbe2c369e9c0f8
all5/Set/[3-2][8-5][13-1].wasm,6cf9d708d7a3880bc5f4d99456ac1704
all5/Set/[3-2][8-6].wasm,7713cbe4342bb2e7afbbe2c369e9c0f8
all5/Set/[3-2][8-6][13-1].wasm,6cf9d708d7a3880bc5f4d99456ac1704
all5/Set/[3-2][8-7].wasm,7713cbe4342bb2e7afbbe2c369e9c0f8
all5/Set/[3-2][8-7][13-1].wasm,6cf9d708d7a3880bc5f4d99456ac1704
all5/Set/[3-2][8-8].wasm,7713cbe4342bb2e7afbbe2c369e9c0f8
all5/Set/[3-2][8-8][13-1].wasm,6cf9d708d7a3880bc5f4d99456ac1704
all5/Set/[3-3].wasm,7713cbe4342bb2e7afbbe2c369e9c0f8
all5/Set/[3-3][13-1].wasm,6cf9d708d7a3880bc5f4d99456ac1704
all5/Set/[3-3][7-1].wasm,7713cbe4342bb2e7afbbe2c369e9c0f8
all5/Set/[3-3][7-1][13-1].wasm,6cf9d708d7a3880bc5f4d99456ac1704
all5/Set/[3-3][7-1][8-1].wasm,7713cbe4342bb2e7afbbe2c369e9c0f8
all5/Set/[3-3][7-1][8-1][13-1].wasm,6cf9d708d7a3880bc5f4d99456ac1704
all5/Set/[3-3][7-1][8-2].wasm,7713cbe4342bb2e7afbbe2c369e9c0f8
all5/Set/[3-3][7-1][8-2][13-1].wasm,6cf9d708d7a3880bc5f4d99456ac1704
all5/Set/[3-3][7-1][8-3].wasm,7713cbe4342bb2e7afbbe2c369e9c0f8
all5/Set/[3-3][7-1][8-3][13-1].wasm,6cf9d708d7a3880bc5f4d99456ac1704
all5/Set/[3-3][7-1][8-4].wasm,7713cbe4342bb2e7afbbe2c369e9c0f8
all5/Set/[3-3][7-1][8-4][13-1].wasm,6cf9d708d7a3880bc5f4d99456ac1704
all5/Set/[3-3][7-1][8-5].wasm,7713cbe4342bb2e7afbbe2c369e9c0f8
all5/Set/[3-3][7-1][8-5][13-1].wasm,6cf9d708d7a3880bc5f4d99456ac1704
all5/Set/[3-3][7-1][8-6].wasm,7713cbe4342bb2e7afbbe2c369e9c0f8
all5/Set/[3-3][7-1][8-6][13-1].wasm,6cf9d708d7a3880bc5f4d99456ac1704
all5/Set/[3-3][7-1][8-7].wasm,7713cbe4342bb2e7afbbe2c369e9c0f8
all5/Set/[3-3][7-1][8-7][13-1].wasm,6cf9d708d7a3880bc5f4d99456ac1704
all5/Set/[3-3][7-1][8-8].wasm,7713cbe4342bb2e7afbbe2c369e9c0f8
all5/Set/[3-3][7-1][8-8][13-1].wasm,6cf9d708d7a3880bc5f4d99456ac1704
all5/Set/[3-3][8-1].wasm,7713cbe4342bb2e7afbbe2c369e9c0f8
all5/Set/[3-3][8-1][13-1].wasm,6cf9d708d7a3880bc5f4d99456ac1704
all5/Set/[3-3][8-2].wasm,7713cbe4342bb2e7afbbe2c369e9c0f8
all5/Set/[3-3][8-2][13-1].wasm,6cf9d708d7a3880bc5f4d99456ac1704
all5/Set/[3-3][8-3].wasm,7713cbe4342bb2e7afbbe2c369e9c0f8
all5/Set/[3-3][8-3][13-1].wasm,6cf9d708d7a3880bc5f4d99456ac1704
all5/Set/[3-3][8-4].wasm,7713cbe4342bb2e7afbbe2c369e9c0f8
all5/Set/[3-3][8-4][13-1].wasm,6cf9d708d7a3880bc5f4d99456ac1704
all5/Set/[3-3][8-5].wasm,7713cbe4342bb2e7afbbe2c369e9c0f8
all5/Set/[3-3][8-5][13-1].wasm,6cf9d708d7a3880bc5f4d99456ac1704
all5/Set/[3-3][8-6].wasm,7713cbe4342bb2e7afbbe2c369e9c0f8
all5/Set/[3-3][8-6][13-1].wasm,6cf9d708d7a3880bc5f4d99456ac1704
all5/Set/[3-3][8-7].wasm,7713cbe4342bb2e7afbbe2c369e9c0f8
all5/Set/[3-3][8-7][13-1].wasm,6cf9d708d7a3880bc5f4d99456ac1704
all5/Set/[3-3][8-8].wasm,7713cbe4342bb2e7afbbe2c369e9c0f8
all5/Set/[3-3][8-8][13-1].wasm,6cf9d708d7a3880bc5f4d99456ac1704
all5/Set/[3-4].wasm,7713cbe4342bb2e7afbbe2c369e9c0f8
all5/Set/[3-4][13-1].wasm,6cf9d708d7a3880bc5f4d99456ac1704
all5/Set/[3-4][7-1].wasm,7713cbe4342bb2e7afbbe2c369e9c0f8
all5/Set/[3-4][7-1][13-1].wasm,6cf9d708d7a3880bc5f4d99456ac1704
all5/Set/[3-4][7-1][8-1].wasm,7713cbe4342bb2e7afbbe2c369e9c0f8
all5/Set/[3-4][7-1][8-1][13-1].wasm,6cf9d708d7a3880bc5f4d99456ac1704
all5/Set/[3-4][7-1][8-2].wasm,7713cbe4342bb2e7afbbe2c369e9c0f8
all5/Set/[3-4][7-1][8-2][13-1].wasm,6cf9d708d7a3880bc5f4d99456ac1704
all5/Set/[3-4][7-1][8-3].wasm,7713cbe4342bb2e7afbbe2c369e9c0f8
all5/Set/[3-4][7-1][8-3][13-1].wasm,6cf9d708d7a3880bc5f4d99456ac1704
all5/Set/[3-4][7-1][8-4].wasm,7713cbe4342bb2e7afbbe2c369e9c0f8
all5/Set/[3-4][7-1][8-4][13-1].wasm,6cf9d708d7a3880bc5f4d99456ac1704
all5/Set/[3-4][7-1][8-5].wasm,7713cbe4342bb2e7afbbe2c369e9c0f8
all5/Set/[3-4][7-1][8-5][13-1].wasm,6cf9d708d7a3880bc5f4d99456ac1704
all5/Set/[3-4][7-1][8-6].wasm,7713cbe4342bb2e7afbbe2c369e9c0f8
all5/Set/[3-4][7-1][8-6][13-1].wasm,6cf9d708d7a3880bc5f4d99456ac1704
all5/Set/[3-4][7-1][8-7].wasm,7713cbe4342bb2e7afbbe2c369e9c0f8
all5/Set/[3-4][7-1][8-7][13-1].wasm,6cf9d708d7a3880bc5f4d99456ac1704
all5/Set/[3-4][7-1][8-8].wasm,7713cbe4342bb2e7afbbe2c369e9c0f8
all5/Set/[3-4][7-1][8-8][13-1].wasm,6cf9d708d7a3880bc5f4d99456ac1704
all5/Set/[3-4][8-1].wasm,7713cbe4342bb2e7afbbe2c369e9c0f8
all5/Set/[3-4][8-1][13-1].wasm,6cf9d708d7a3880bc5f4d99456ac1704
all5/Set/[3-4][8-2].wasm,7713cbe4342bb2e7afbbe2c369e9c0f8
all5/Set/[3-4][8-2][13-1].wasm,6cf9d708d7a3880bc5f4d99456ac1704
all5/Set/[3-4][8-3].wasm,7713cbe4342bb2e7afbbe2c369e9c0f8
all5/Set/[3-4][8-3][13-1].wasm,6cf9d708d7a3880bc5f4d99456ac1704
all5/Set/[3-4][8-4].wasm,7713cbe4342bb2e7afbbe2c369e9c0f8
all5/Set/[3-4][8-4][13-1].wasm,6cf9d708d7a3880bc5f4d99456ac1704
all5/Set/[3-4][8-5].wasm,7713cbe4342bb2e7afbbe2c369e9c0f8
all5/Set/[3-4][8-5][13-1].wasm,6cf9d708d7a3880bc5f4d99456ac1704
all5/Set/[3-4][8-6].wasm,7713cbe4342bb2e7afbbe2c369e9c0f8
all5/Set/[3-4][8-6][13-1].wasm,6cf9d708d7a3880bc5f4d99456ac1704
all5/Set/[3-4][8-7].wasm,7713cbe4342bb2e7afbbe2c369e9c0f8
all5/Set/[3-4][8-7][13-1].wasm,6cf9d708d7a3880bc5f4d99456ac1704
all5/Set/[3-4][8-8].wasm,7713cbe4342bb2e7afbbe2c369e9c0f8
all5/Set/[3-4][8-8][13-1].wasm,6cf9d708d7a3880bc5f4d99456ac1704
all5/Set/[4-1].wasm,3ec3614fec7ed69dab96fc805d9859cf
all5/Set/[4-2].wasm,3ec3614fec7ed69dab96fc805d9859cf
all5/Set/[4-3].wasm,115bb783eff38fc82e9d546f9db67aba
all5/Set/[4-4].wasm,3ec3614fec7ed69dab96fc805d9859cf
all5/Set/[4-5].wasm,3ec3614fec7ed69dab96fc805d9859cf
all5/Set/[4-6].wasm,3ec3614fec7ed69dab96fc805d9859cf
all5/Set/[4-7].wasm,3ec3614fec7ed69dab96fc805d9859cf
all5/Set/[4-8].wasm,3ec3614fec7ed69dab96fc805d9859cf
all5/Set/[4-9].wasm,3ec3614fec7ed69dab96fc805d9859cf
all5/Set/[7-0].wasm,3ec3614fec7ed69dab96fc805d9859cf
all5/Set/[7-1].wasm,7713cbe4342bb2e7afbbe2c369e9c0f8
all5/Set/[7-1].wasm.~1~,3ec3614fec7ed69dab96fc805d9859cf
all5/Set/[7-1][13-1].wasm,6cf9d708d7a3880bc5f4d99456ac1704
all5/Set/[7-1][8-1].wasm,7713cbe4342bb2e7afbbe2c369e9c0f8
all5/Set/[7-1][8-1][13-1].wasm,6cf9d708d7a3880bc5f4d99456ac1704
all5/Set/[7-1][8-2].wasm,7713cbe4342bb2e7afbbe2c369e9c0f8
all5/Set/[7-1][8-2][13-1].wasm,6cf9d708d7a3880bc5f4d99456ac1704
all5/Set/[7-1][8-3].wasm,7713cbe4342bb2e7afbbe2c369e9c0f8
all5/Set/[7-1][8-3][13-1].wasm,6cf9d708d7a3880bc5f4d99456ac1704
all5/Set/[7-1][8-4].wasm,7713cbe4342bb2e7afbbe2c369e9c0f8
all5/Set/[7-1][8-4][13-1].wasm,6cf9d708d7a3880bc5f4d99456ac1704
all5/Set/[7-1][8-5].wasm,7713cbe4342bb2e7afbbe2c369e9c0f8
all5/Set/[7-1][8-5][13-1].wasm,6cf9d708d7a3880bc5f4d99456ac1704
all5/Set/[7-1][8-6].wasm,7713cbe4342bb2e7afbbe2c369e9c0f8
all5/Set/[7-1][8-6][13-1].wasm,6cf9d708d7a3880bc5f4d99456ac1704
all5/Set/[7-1][8-7].wasm,7713cbe4342bb2e7afbbe2c369e9c0f8
all5/Set/[7-1][8-7][13-1].wasm,6cf9d708d7a3880bc5f4d99456ac1704
all5/Set/[7-1][8-8].wasm,7713cbe4342bb2e7afbbe2c369e9c0f8
all5/Set/[7-1][8-8][13-1].wasm,6cf9d708d7a3880bc5f4d99456ac1704
all5/Set/[7-2].wasm,3ec3614fec7ed69dab96fc805d9859cf
all5/Set/[7-3].wasm,3ec3614fec7ed69dab96fc805d9859cf
all5/Set/[7-4].wasm,3ec3614fec7ed69dab96fc805d9859cf
all5/Set/[7-5].wasm,3ec3614fec7ed69dab96fc805d9859cf
all5/Set/[7-6].wasm,3ec3614fec7ed69dab96fc805d9859cf
all5/Set/[7-7].wasm,3ec3614fec7ed69dab96fc805d9859cf
all5/Set/[7-8].wasm,3ec3614fec7ed69dab96fc805d9859cf
all5/Set/[8-1].wasm,7713cbe4342bb2e7afbbe2c369e9c0f8
all5/Set/[8-1][13-1].wasm,6cf9d708d7a3880bc5f4d99456ac1704
all5/Set/[8-2].wasm,7713cbe4342bb2e7afbbe2c369e9c0f8
all5/Set/[8-2][13-1].wasm,6cf9d708d7a3880bc5f4d99456ac1704
all5/Set/[8-3].wasm,7713cbe4342bb2e7afbbe2c369e9c0f8
all5/Set/[8-3][13-1].wasm,6cf9d708d7a3880bc5f4d99456ac1704
all5/Set/[8-4].wasm,7713cbe4342bb2e7afbbe2c369e9c0f8
all5/Set/[8-4][13-1].wasm,6cf9d708d7a3880bc5f4d99456ac1704
all5/Set/[8-5].wasm,7713cbe4342bb2e7afbbe2c369e9c0f8
all5/Set/[8-5][13-1].wasm,6cf9d708d7a3880bc5f4d99456ac1704
all5/Set/[8-6].wasm,7713cbe4342bb2e7afbbe2c369e9c0f8
all5/Set/[8-6][13-1].wasm,6cf9d708d7a3880bc5f4d99456ac1704
all5/Set/[8-7].wasm,7713cbe4342bb2e7afbbe2c369e9c0f8
all5/Set/[8-7][13-1].wasm,6cf9d708d7a3880bc5f4d99456ac1704
all5/Set/[8-8].wasm,7713cbe4342bb2e7afbbe2c369e9c0f8
all5/Set/[8-8][13-1].wasm,6cf9d708d7a3880bc5f4d99456ac1704
