name, hash
all5/Set_consolidation/Set_consolidation.wasm,162fc46b3984d5169bae750d484f6a54
all5/Set_consolidation/Set_consolidation.wasm.~1~,0e0c9a9e8de8dce185a4b6fd5214f389
all5/Set_consolidation/Set_consolidation.wasm.~2~,162fc46b3984d5169bae750d484f6a54
all5/Set_consolidation/Set_consolidation.wasm.~3~,0e0c9a9e8de8dce185a4b6fd5214f389
all5/Set_consolidation/[0-1].wasm,0e0c9a9e8de8dce185a4b6fd5214f389
all5/Set_consolidation/[0-1][1-1].wasm,0e0c9a9e8de8dce185a4b6fd5214f389
all5/Set_consolidation/[0-1][1-1][2-1].wasm,0e0c9a9e8de8dce185a4b6fd5214f389
all5/Set_consolidation/[0-1][1-1][2-1][3-1].wasm,0e0c9a9e8de8dce185a4b6fd5214f389
all5/Set_consolidation/[0-1][1-1][2-1][3-2].wasm,0e0c9a9e8de8dce185a4b6fd5214f389
all5/Set_consolidation/[0-1][1-1][2-1][3-3].wasm,0e0c9a9e8de8dce185a4b6fd5214f389
all5/Set_consolidation/[0-1][1-1][2-1][3-4].wasm,0e0c9a9e8de8dce185a4b6fd5214f389
all5/Set_consolidation/[0-1][1-1][2-1][3-5].wasm,0e0c9a9e8de8dce185a4b6fd5214f389
all5/Set_consolidation/[0-1][1-1][2-1][3-6].wasm,0e0c9a9e8de8dce185a4b6fd5214f389
all5/Set_consolidation/[0-1][1-1][2-1][3-7].wasm,0e0c9a9e8de8dce185a4b6fd5214f389
all5/Set_consolidation/[0-1][1-1][2-1][3-8].wasm,0e0c9a9e8de8dce185a4b6fd5214f389
all5/Set_consolidation/[0-1][1-1][2-1][3-9].wasm,0e0c9a9e8de8dce185a4b6fd5214f389
all5/Set_consolidation/[0-1][1-1][3-1].wasm,0e0c9a9e8de8dce185a4b6fd5214f389
all5/Set_consolidation/[0-1][1-1][3-2].wasm,0e0c9a9e8de8dce185a4b6fd5214f389
all5/Set_consolidation/[0-1][1-1][3-3].wasm,0e0c9a9e8de8dce185a4b6fd5214f389
all5/Set_consolidation/[0-1][1-1][3-4].wasm,0e0c9a9e8de8dce185a4b6fd5214f389
all5/Set_consolidation/[0-1][1-1][3-5].wasm,0e0c9a9e8de8dce185a4b6fd5214f389
all5/Set_consolidation/[0-1][1-1][3-6].wasm,0e0c9a9e8de8dce185a4b6fd5214f389
all5/Set_consolidation/[0-1][1-1][3-7].wasm,0e0c9a9e8de8dce185a4b6fd5214f389
all5/Set_consolidation/[0-1][1-1][3-8].wasm,0e0c9a9e8de8dce185a4b6fd5214f389
all5/Set_consolidation/[0-1][1-1][3-9].wasm,0e0c9a9e8de8dce185a4b6fd5214f389
all5/Set_consolidation/[0-1][2-1].wasm,0e0c9a9e8de8dce185a4b6fd5214f389
all5/Set_consolidation/[0-1][2-1][3-1].wasm,0e0c9a9e8de8dce185a4b6fd5214f389
all5/Set_consolidation/[0-1][2-1][3-2].wasm,0e0c9a9e8de8dce185a4b6fd5214f389
all5/Set_consolidation/[0-1][2-1][3-3].wasm,0e0c9a9e8de8dce185a4b6fd5214f389
all5/Set_consolidation/[0-1][2-1][3-4].wasm,0e0c9a9e8de8dce185a4b6fd5214f389
all5/Set_consolidation/[0-1][2-1][3-5].wasm,0e0c9a9e8de8dce185a4b6fd5214f389
all5/Set_consolidation/[0-1][2-1][3-6].wasm,0e0c9a9e8de8dce185a4b6fd5214f389
all5/Set_consolidation/[0-1][2-1][3-7].wasm,0e0c9a9e8de8dce185a4b6fd5214f389
all5/Set_consolidation/[0-1][2-1][3-8].wasm,0e0c9a9e8de8dce185a4b6fd5214f389
all5/Set_consolidation/[0-1][2-1][3-9].wasm,0e0c9a9e8de8dce185a4b6fd5214f389
all5/Set_consolidation/[0-1][3-1].wasm,0e0c9a9e8de8dce185a4b6fd5214f389
all5/Set_consolidation/[0-1][3-2].wasm,0e0c9a9e8de8dce185a4b6fd5214f389
all5/Set_consolidation/[0-1][3-3].wasm,0e0c9a9e8de8dce185a4b6fd5214f389
all5/Set_consolidation/[0-1][3-4].wasm,0e0c9a9e8de8dce185a4b6fd5214f389
all5/Set_consolidation/[0-1][3-5].wasm,0e0c9a9e8de8dce185a4b6fd5214f389
all5/Set_consolidation/[0-1][3-6].wasm,0e0c9a9e8de8dce185a4b6fd5214f389
all5/Set_consolidation/[0-1][3-7].wasm,0e0c9a9e8de8dce185a4b6fd5214f389
all5/Set_consolidation/[0-1][3-8].wasm,0e0c9a9e8de8dce185a4b6fd5214f389
all5/Set_consolidation/[0-1][3-9].wasm,0e0c9a9e8de8dce185a4b6fd5214f389
all5/Set_consolidation/[1-1].wasm,0e0c9a9e8de8dce185a4b6fd5214f389
all5/Set_consolidation/[1-1][2-1].wasm,0e0c9a9e8de8dce185a4b6fd5214f389
all5/Set_consolidation/[1-1][2-1][3-1].wasm,0e0c9a9e8de8dce185a4b6fd5214f389
all5/Set_consolidation/[1-1][2-1][3-2].wasm,0e0c9a9e8de8dce185a4b6fd5214f389
all5/Set_consolidation/[1-1][2-1][3-3].wasm,0e0c9a9e8de8dce185a4b6fd5214f389
all5/Set_consolidation/[1-1][2-1][3-4].wasm,0e0c9a9e8de8dce185a4b6fd5214f389
all5/Set_consolidation/[1-1][2-1][3-5].wasm,0e0c9a9e8de8dce185a4b6fd5214f389
all5/Set_consolidation/[1-1][2-1][3-6].wasm,0e0c9a9e8de8dce185a4b6fd5214f389
all5/Set_consolidation/[1-1][2-1][3-7].wasm,0e0c9a9e8de8dce185a4b6fd5214f389
all5/Set_consolidation/[1-1][2-1][3-8].wasm,0e0c9a9e8de8dce185a4b6fd5214f389
all5/Set_consolidation/[1-1][2-1][3-9].wasm,0e0c9a9e8de8dce185a4b6fd5214f389
all5/Set_consolidation/[1-1][3-1].wasm,0e0c9a9e8de8dce185a4b6fd5214f389
all5/Set_consolidation/[1-1][3-2].wasm,0e0c9a9e8de8dce185a4b6fd5214f389
all5/Set_consolidation/[1-1][3-3].wasm,0e0c9a9e8de8dce185a4b6fd5214f389
all5/Set_consolidation/[1-1][3-4].wasm,0e0c9a9e8de8dce185a4b6fd5214f389
all5/Set_consolidation/[1-1][3-5].wasm,0e0c9a9e8de8dce185a4b6fd5214f389
all5/Set_consolidation/[1-1][3-6].wasm,0e0c9a9e8de8dce185a4b6fd5214f389
all5/Set_consolidation/[1-1][3-7].wasm,0e0c9a9e8de8dce185a4b6fd5214f389
all5/Set_consolidation/[1-1][3-8].wasm,0e0c9a9e8de8dce185a4b6fd5214f389
all5/Set_consolidation/[1-1][3-9].wasm,0e0c9a9e8de8dce185a4b6fd5214f389
all5/Set_consolidation/[12-1][20-12].wasm,1de73c4863eab18eb742c3850f451d89
all5/Set_consolidation/[12-1][20-4].wasm,4f6b07b65962a53ff093acba99810125
all5/Set_consolidation/[18-0].wasm,162fc46b3984d5169bae750d484f6a54
all5/Set_consolidation/[18-1].wasm,162fc46b3984d5169bae750d484f6a54
all5/Set_consolidation/[18-1][25-10].wasm,162fc46b3984d5169bae750d484f6a54
all5/Set_consolidation/[18-1][25-11].wasm,e1b2aad98bff373227ab1a55e68af0d9
all5/Set_consolidation/[18-1][25-1].wasm,162fc46b3984d5169bae750d484f6a54
all5/Set_consolidation/[18-1][25-2].wasm,162fc46b3984d5169bae750d484f6a54
all5/Set_consolidation/[18-1][25-3].wasm,162fc46b3984d5169bae750d484f6a54
all5/Set_consolidation/[18-1][25-4].wasm,b6d30113873f70cb0e5257796d5b4d36
all5/Set_consolidation/[18-1][25-5].wasm,798c9a73802c11d20b7c2a352862c912
all5/Set_consolidation/[18-1][25-6].wasm,04d81b2d0202560679bed5107e238776
all5/Set_consolidation/[18-1][25-7].wasm,162fc46b3984d5169bae750d484f6a54
all5/Set_consolidation/[18-1][25-8].wasm,162fc46b3984d5169bae750d484f6a54
all5/Set_consolidation/[18-1][25-9].wasm,7caaaa816bd9ab5412d081c12cece227
all5/Set_consolidation/[2-1].wasm,0e0c9a9e8de8dce185a4b6fd5214f389
all5/Set_consolidation/[2-1][3-1].wasm,0e0c9a9e8de8dce185a4b6fd5214f389
all5/Set_consolidation/[2-1][3-2].wasm,0e0c9a9e8de8dce185a4b6fd5214f389
all5/Set_consolidation/[2-1][3-3].wasm,0e0c9a9e8de8dce185a4b6fd5214f389
all5/Set_consolidation/[2-1][3-4].wasm,0e0c9a9e8de8dce185a4b6fd5214f389
all5/Set_consolidation/[2-1][3-5].wasm,0e0c9a9e8de8dce185a4b6fd5214f389
all5/Set_consolidation/[2-1][3-6].wasm,0e0c9a9e8de8dce185a4b6fd5214f389
all5/Set_consolidation/[2-1][3-7].wasm,0e0c9a9e8de8dce185a4b6fd5214f389
all5/Set_consolidation/[2-1][3-8].wasm,0e0c9a9e8de8dce185a4b6fd5214f389
all5/Set_consolidation/[2-1][3-9].wasm,0e0c9a9e8de8dce185a4b6fd5214f389
all5/Set_consolidation/[25-0].wasm,162fc46b3984d5169bae750d484f6a54
all5/Set_consolidation/[25-10].wasm,162fc46b3984d5169bae750d484f6a54
all5/Set_consolidation/[25-11].wasm,e1b2aad98bff373227ab1a55e68af0d9
all5/Set_consolidation/[25-12].wasm,162fc46b3984d5169bae750d484f6a54
all5/Set_consolidation/[25-13].wasm,162fc46b3984d5169bae750d484f6a54
all5/Set_consolidation/[25-1].wasm,162fc46b3984d5169bae750d484f6a54
all5/Set_consolidation/[25-2].wasm,162fc46b3984d5169bae750d484f6a54
all5/Set_consolidation/[25-3].wasm,162fc46b3984d5169bae750d484f6a54
all5/Set_consolidation/[25-4].wasm,798c9a73802c11d20b7c2a352862c912
all5/Set_consolidation/[25-5].wasm,798c9a73802c11d20b7c2a352862c912
all5/Set_consolidation/[25-6].wasm,04d81b2d0202560679bed5107e238776
all5/Set_consolidation/[25-7].wasm,162fc46b3984d5169bae750d484f6a54
all5/Set_consolidation/[25-8].wasm,162fc46b3984d5169bae750d484f6a54
all5/Set_consolidation/[25-9].wasm,7caaaa816bd9ab5412d081c12cece227
all5/Set_consolidation/[3-1].wasm,0e0c9a9e8de8dce185a4b6fd5214f389
all5/Set_consolidation/[3-2].wasm,0e0c9a9e8de8dce185a4b6fd5214f389
all5/Set_consolidation/[3-3].wasm,0e0c9a9e8de8dce185a4b6fd5214f389
all5/Set_consolidation/[3-4].wasm,0e0c9a9e8de8dce185a4b6fd5214f389
all5/Set_consolidation/[3-5].wasm,0e0c9a9e8de8dce185a4b6fd5214f389
all5/Set_consolidation/[3-6].wasm,0e0c9a9e8de8dce185a4b6fd5214f389
all5/Set_consolidation/[3-7].wasm,0e0c9a9e8de8dce185a4b6fd5214f389
all5/Set_consolidation/[3-8].wasm,0e0c9a9e8de8dce185a4b6fd5214f389
all5/Set_consolidation/[3-9].wasm,0e0c9a9e8de8dce185a4b6fd5214f389
