name, hash
all5/Show_Ascii_table/Show_Ascii_table.wasm,526be1746479ede6e1965df06dda2d75
all5/Show_Ascii_table/Show_Ascii_table.wasm.~1~,526be1746479ede6e1965df06dda2d75
all5/Show_Ascii_table/Show_Ascii_table.wasm.~2~,e0200b9cd62f55ca46e8c4f5a0208b6e
all5/Show_Ascii_table/[0-1][1-11].wasm,5849599ae6b909c0a6db1bb07149b348
all5/Show_Ascii_table/[0-1][1-14].wasm,330aa179a6537dfcd194ce59bc8438fd
all5/Show_Ascii_table/[0-1][1-4].wasm,35bc079bbcd28c7ecb35f82208533e09
all5/Show_Ascii_table/[0-1][1-8].wasm,ffae86b00c7fb550df3fc8abda7249ea
