name, hash
all5/Smith_numbers/Smith_numbers.wasm,c562cd5a8da91cc94c5ab8f9194c0a33
all5/Smith_numbers/Smith_numbers.wasm.~1~,c562cd5a8da91cc94c5ab8f9194c0a33
all5/Smith_numbers/Smith_numbers.wasm.~2~,299a117fb1f38cb9ae9179be8f7e91bb
all5/Smith_numbers/[2-1].wasm,c562cd5a8da91cc94c5ab8f9194c0a33
all5/Smith_numbers/[2-1][3-1].wasm,c562cd5a8da91cc94c5ab8f9194c0a33
all5/Smith_numbers/[2-1][3-1][4-1].wasm,c562cd5a8da91cc94c5ab8f9194c0a33
all5/Smith_numbers/[2-1][3-1][4-1][5-1].wasm,c562cd5a8da91cc94c5ab8f9194c0a33
all5/Smith_numbers/[2-1][3-1][5-1].wasm,c562cd5a8da91cc94c5ab8f9194c0a33
all5/Smith_numbers/[2-1][3-2].wasm,c562cd5a8da91cc94c5ab8f9194c0a33
all5/Smith_numbers/[2-1][3-2][4-1].wasm,c562cd5a8da91cc94c5ab8f9194c0a33
all5/Smith_numbers/[2-1][3-2][4-1][5-1].wasm,c562cd5a8da91cc94c5ab8f9194c0a33
all5/Smith_numbers/[2-1][3-2][5-1].wasm,c562cd5a8da91cc94c5ab8f9194c0a33
all5/Smith_numbers/[2-1][3-3].wasm,c562cd5a8da91cc94c5ab8f9194c0a33
all5/Smith_numbers/[2-1][3-3][4-1].wasm,c562cd5a8da91cc94c5ab8f9194c0a33
all5/Smith_numbers/[2-1][3-3][4-1][5-1].wasm,c562cd5a8da91cc94c5ab8f9194c0a33
all5/Smith_numbers/[2-1][3-3][5-1].wasm,c562cd5a8da91cc94c5ab8f9194c0a33
all5/Smith_numbers/[2-1][3-4].wasm,c562cd5a8da91cc94c5ab8f9194c0a33
all5/Smith_numbers/[2-1][3-4][4-1].wasm,c562cd5a8da91cc94c5ab8f9194c0a33
all5/Smith_numbers/[2-1][3-4][4-1][5-1].wasm,c562cd5a8da91cc94c5ab8f9194c0a33
all5/Smith_numbers/[2-1][3-4][5-1].wasm,c562cd5a8da91cc94c5ab8f9194c0a33
all5/Smith_numbers/[2-1][4-1].wasm,c562cd5a8da91cc94c5ab8f9194c0a33
all5/Smith_numbers/[2-1][4-1][5-1].wasm,c562cd5a8da91cc94c5ab8f9194c0a33
all5/Smith_numbers/[2-1][5-1].wasm,c562cd5a8da91cc94c5ab8f9194c0a33
all5/Smith_numbers/[2-2].wasm,c562cd5a8da91cc94c5ab8f9194c0a33
all5/Smith_numbers/[2-2][3-1].wasm,c562cd5a8da91cc94c5ab8f9194c0a33
all5/Smith_numbers/[2-2][3-1][4-1].wasm,c562cd5a8da91cc94c5ab8f9194c0a33
all5/Smith_numbers/[2-2][3-1][4-1][5-1].wasm,c562cd5a8da91cc94c5ab8f9194c0a33
all5/Smith_numbers/[2-2][3-1][5-1].wasm,c562cd5a8da91cc94c5ab8f9194c0a33
all5/Smith_numbers/[2-2][3-2].wasm,c562cd5a8da91cc94c5ab8f9194c0a33
all5/Smith_numbers/[2-2][3-2][4-1].wasm,c562cd5a8da91cc94c5ab8f9194c0a33
all5/Smith_numbers/[2-2][3-2][4-1][5-1].wasm,c562cd5a8da91cc94c5ab8f9194c0a33
all5/Smith_numbers/[2-2][3-2][5-1].wasm,c562cd5a8da91cc94c5ab8f9194c0a33
all5/Smith_numbers/[2-2][3-3].wasm,c562cd5a8da91cc94c5ab8f9194c0a33
all5/Smith_numbers/[2-2][3-3][4-1].wasm,c562cd5a8da91cc94c5ab8f9194c0a33
all5/Smith_numbers/[2-2][3-3][4-1][5-1].wasm,c562cd5a8da91cc94c5ab8f9194c0a33
all5/Smith_numbers/[2-2][3-3][5-1].wasm,c562cd5a8da91cc94c5ab8f9194c0a33
all5/Smith_numbers/[2-2][3-4].wasm,c562cd5a8da91cc94c5ab8f9194c0a33
all5/Smith_numbers/[2-2][3-4][4-1].wasm,c562cd5a8da91cc94c5ab8f9194c0a33
all5/Smith_numbers/[2-2][3-4][4-1][5-1].wasm,c562cd5a8da91cc94c5ab8f9194c0a33
all5/Smith_numbers/[2-2][3-4][5-1].wasm,c562cd5a8da91cc94c5ab8f9194c0a33
all5/Smith_numbers/[2-2][4-1].wasm,c562cd5a8da91cc94c5ab8f9194c0a33
all5/Smith_numbers/[2-2][4-1][5-1].wasm,c562cd5a8da91cc94c5ab8f9194c0a33
all5/Smith_numbers/[2-2][5-1].wasm,c562cd5a8da91cc94c5ab8f9194c0a33
all5/Smith_numbers/[2-3].wasm,c562cd5a8da91cc94c5ab8f9194c0a33
all5/Smith_numbers/[2-3][3-1].wasm,c562cd5a8da91cc94c5ab8f9194c0a33
all5/Smith_numbers/[2-3][3-1][4-1].wasm,c562cd5a8da91cc94c5ab8f9194c0a33
all5/Smith_numbers/[2-3][3-1][4-1][5-1].wasm,c562cd5a8da91cc94c5ab8f9194c0a33
all5/Smith_numbers/[2-3][3-1][5-1].wasm,c562cd5a8da91cc94c5ab8f9194c0a33
all5/Smith_numbers/[2-3][3-2].wasm,c562cd5a8da91cc94c5ab8f9194c0a33
all5/Smith_numbers/[2-3][3-2][4-1].wasm,c562cd5a8da91cc94c5ab8f9194c0a33
all5/Smith_numbers/[2-3][3-2][4-1][5-1].wasm,c562cd5a8da91cc94c5ab8f9194c0a33
all5/Smith_numbers/[2-3][3-2][5-1].wasm,c562cd5a8da91cc94c5ab8f9194c0a33
all5/Smith_numbers/[2-3][3-3].wasm,c562cd5a8da91cc94c5ab8f9194c0a33
all5/Smith_numbers/[2-3][3-3][4-1].wasm,c562cd5a8da91cc94c5ab8f9194c0a33
all5/Smith_numbers/[2-3][3-3][4-1][5-1].wasm,c562cd5a8da91cc94c5ab8f9194c0a33
all5/Smith_numbers/[2-3][3-3][5-1].wasm,c562cd5a8da91cc94c5ab8f9194c0a33
all5/Smith_numbers/[2-3][3-4].wasm,c562cd5a8da91cc94c5ab8f9194c0a33
all5/Smith_numbers/[2-3][3-4][4-1].wasm,c562cd5a8da91cc94c5ab8f9194c0a33
all5/Smith_numbers/[2-3][3-4][4-1][5-1].wasm,c562cd5a8da91cc94c5ab8f9194c0a33
all5/Smith_numbers/[2-3][3-4][5-1].wasm,c562cd5a8da91cc94c5ab8f9194c0a33
all5/Smith_numbers/[2-3][4-1].wasm,c562cd5a8da91cc94c5ab8f9194c0a33
all5/Smith_numbers/[2-3][4-1][5-1].wasm,c562cd5a8da91cc94c5ab8f9194c0a33
all5/Smith_numbers/[2-3][5-1].wasm,c562cd5a8da91cc94c5ab8f9194c0a33
all5/Smith_numbers/[2-4].wasm,c562cd5a8da91cc94c5ab8f9194c0a33
all5/Smith_numbers/[2-4][3-1].wasm,c562cd5a8da91cc94c5ab8f9194c0a33
all5/Smith_numbers/[2-4][3-1][4-1].wasm,c562cd5a8da91cc94c5ab8f9194c0a33
all5/Smith_numbers/[2-4][3-2].wasm,c562cd5a8da91cc94c5ab8f9194c0a33
all5/Smith_numbers/[2-4][3-2][4-1].wasm,c562cd5a8da91cc94c5ab8f9194c0a33
all5/Smith_numbers/[2-4][3-3].wasm,c562cd5a8da91cc94c5ab8f9194c0a33
all5/Smith_numbers/[2-4][3-3][4-1].wasm,c562cd5a8da91cc94c5ab8f9194c0a33
all5/Smith_numbers/[2-4][3-4].wasm,c562cd5a8da91cc94c5ab8f9194c0a33
all5/Smith_numbers/[2-4][3-4][4-1].wasm,c562cd5a8da91cc94c5ab8f9194c0a33
all5/Smith_numbers/[2-4][4-1].wasm,c562cd5a8da91cc94c5ab8f9194c0a33
all5/Smith_numbers/[3-1].wasm,c562cd5a8da91cc94c5ab8f9194c0a33
all5/Smith_numbers/[3-1][4-1].wasm,c562cd5a8da91cc94c5ab8f9194c0a33
all5/Smith_numbers/[3-1][4-1][5-1].wasm,c562cd5a8da91cc94c5ab8f9194c0a33
all5/Smith_numbers/[3-1][5-1].wasm,c562cd5a8da91cc94c5ab8f9194c0a33
all5/Smith_numbers/[3-2].wasm,c562cd5a8da91cc94c5ab8f9194c0a33
all5/Smith_numbers/[3-2][4-1].wasm,c562cd5a8da91cc94c5ab8f9194c0a33
all5/Smith_numbers/[3-2][4-1][5-1].wasm,c562cd5a8da91cc94c5ab8f9194c0a33
all5/Smith_numbers/[3-2][5-1].wasm,c562cd5a8da91cc94c5ab8f9194c0a33
all5/Smith_numbers/[3-3].wasm,c562cd5a8da91cc94c5ab8f9194c0a33
all5/Smith_numbers/[3-3][4-1].wasm,c562cd5a8da91cc94c5ab8f9194c0a33
all5/Smith_numbers/[3-3][4-1][5-1].wasm,c562cd5a8da91cc94c5ab8f9194c0a33
all5/Smith_numbers/[3-3][5-1].wasm,c562cd5a8da91cc94c5ab8f9194c0a33
all5/Smith_numbers/[3-4].wasm,c562cd5a8da91cc94c5ab8f9194c0a33
all5/Smith_numbers/[3-4][4-1].wasm,c562cd5a8da91cc94c5ab8f9194c0a33
all5/Smith_numbers/[3-4][4-1][5-1].wasm,c562cd5a8da91cc94c5ab8f9194c0a33
all5/Smith_numbers/[3-4][5-1].wasm,c562cd5a8da91cc94c5ab8f9194c0a33
all5/Smith_numbers/[4-1].wasm,c562cd5a8da91cc94c5ab8f9194c0a33
all5/Smith_numbers/[4-1][5-1].wasm,c562cd5a8da91cc94c5ab8f9194c0a33
all5/Smith_numbers/[5-1].wasm,c562cd5a8da91cc94c5ab8f9194c0a33
