name, hash
all5/Sort_numbers_lexicographically/Sort_numbers_lexicographically.wasm,9b7dc7d59c0707f12c611b936818b0f0
all5/Sort_numbers_lexicographically/Sort_numbers_lexicographically.wasm.~1~,9b7dc7d59c0707f12c611b936818b0f0
all5/Sort_numbers_lexicographically/Sort_numbers_lexicographically.wasm.~2~,bb37f2b474c7ff2542120b56035d5e77
all5/Sort_numbers_lexicographically/[0-1].wasm,9b7dc7d59c0707f12c611b936818b0f0
all5/Sort_numbers_lexicographically/[0-1][25-1].wasm,362c9ddf6d6fe46d8d7e817bcb2fc460
all5/Sort_numbers_lexicographically/[0-1][4-1].wasm,9b7dc7d59c0707f12c611b936818b0f0
all5/Sort_numbers_lexicographically/[0-1][4-1][25-1].wasm,9b7dc7d59c0707f12c611b936818b0f0
all5/Sort_numbers_lexicographically/[0-1][4-1][7-10].wasm,9b7dc7d59c0707f12c611b936818b0f0
all5/Sort_numbers_lexicographically/[0-1][4-1][7-10][25-1].wasm,9b7dc7d59c0707f12c611b936818b0f0
all5/Sort_numbers_lexicographically/[0-1][4-1][7-11].wasm,9b7dc7d59c0707f12c611b936818b0f0
all5/Sort_numbers_lexicographically/[0-1][4-1][7-11][25-1].wasm,9b7dc7d59c0707f12c611b936818b0f0
all5/Sort_numbers_lexicographically/[0-1][4-1][7-12].wasm,9b7dc7d59c0707f12c611b936818b0f0
all5/Sort_numbers_lexicographically/[0-1][4-1][7-12][25-1].wasm,9b7dc7d59c0707f12c611b936818b0f0
all5/Sort_numbers_lexicographically/[0-1][4-1][7-13].wasm,9b7dc7d59c0707f12c611b936818b0f0
all5/Sort_numbers_lexicographically/[0-1][4-1][7-13][25-1].wasm,9b7dc7d59c0707f12c611b936818b0f0
all5/Sort_numbers_lexicographically/[0-1][4-1][7-14].wasm,9b7dc7d59c0707f12c611b936818b0f0
all5/Sort_numbers_lexicographically/[0-1][4-1][7-14][25-1].wasm,9b7dc7d59c0707f12c611b936818b0f0
all5/Sort_numbers_lexicographically/[0-1][4-1][7-15].wasm,9b7dc7d59c0707f12c611b936818b0f0
all5/Sort_numbers_lexicographically/[0-1][4-1][7-15][25-1].wasm,9b7dc7d59c0707f12c611b936818b0f0
all5/Sort_numbers_lexicographically/[0-1][4-1][7-16].wasm,9b7dc7d59c0707f12c611b936818b0f0
all5/Sort_numbers_lexicographically/[0-1][4-1][7-16][25-1].wasm,9b7dc7d59c0707f12c611b936818b0f0
all5/Sort_numbers_lexicographically/[0-1][4-1][7-1].wasm,9b7dc7d59c0707f12c611b936818b0f0
all5/Sort_numbers_lexicographically/[0-1][4-1][7-1][25-1].wasm,9b7dc7d59c0707f12c611b936818b0f0
all5/Sort_numbers_lexicographically/[0-1][4-1][7-2].wasm,9b7dc7d59c0707f12c611b936818b0f0
all5/Sort_numbers_lexicographically/[0-1][4-1][7-2][25-1].wasm,9b7dc7d59c0707f12c611b936818b0f0
all5/Sort_numbers_lexicographically/[0-1][4-1][7-3].wasm,9b7dc7d59c0707f12c611b936818b0f0
all5/Sort_numbers_lexicographically/[0-1][4-1][7-3][25-1].wasm,9b7dc7d59c0707f12c611b936818b0f0
all5/Sort_numbers_lexicographically/[0-1][4-1][7-4].wasm,9b7dc7d59c0707f12c611b936818b0f0
all5/Sort_numbers_lexicographically/[0-1][4-1][7-4][25-1].wasm,9b7dc7d59c0707f12c611b936818b0f0
all5/Sort_numbers_lexicographically/[0-1][4-1][7-5].wasm,9b7dc7d59c0707f12c611b936818b0f0
all5/Sort_numbers_lexicographically/[0-1][4-1][7-5][25-1].wasm,9b7dc7d59c0707f12c611b936818b0f0
all5/Sort_numbers_lexicographically/[0-1][4-1][7-6].wasm,9b7dc7d59c0707f12c611b936818b0f0
all5/Sort_numbers_lexicographically/[0-1][4-1][7-6][25-1].wasm,9b7dc7d59c0707f12c611b936818b0f0
all5/Sort_numbers_lexicographically/[0-1][4-1][7-7].wasm,9b7dc7d59c0707f12c611b936818b0f0
all5/Sort_numbers_lexicographically/[0-1][4-1][7-7][25-1].wasm,9b7dc7d59c0707f12c611b936818b0f0
all5/Sort_numbers_lexicographically/[0-1][4-1][7-8].wasm,9b7dc7d59c0707f12c611b936818b0f0
all5/Sort_numbers_lexicographically/[0-1][4-1][7-8][25-1].wasm,9b7dc7d59c0707f12c611b936818b0f0
all5/Sort_numbers_lexicographically/[0-1][4-1][7-9].wasm,9b7dc7d59c0707f12c611b936818b0f0
all5/Sort_numbers_lexicographically/[0-1][4-1][7-9][25-1].wasm,9b7dc7d59c0707f12c611b936818b0f0
all5/Sort_numbers_lexicographically/[0-1][7-10].wasm,9b7dc7d59c0707f12c611b936818b0f0
all5/Sort_numbers_lexicographically/[0-1][7-10][25-1].wasm,362c9ddf6d6fe46d8d7e817bcb2fc460
all5/Sort_numbers_lexicographically/[0-1][7-11].wasm,9b7dc7d59c0707f12c611b936818b0f0
all5/Sort_numbers_lexicographically/[0-1][7-11][25-1].wasm,362c9ddf6d6fe46d8d7e817bcb2fc460
all5/Sort_numbers_lexicographically/[0-1][7-12].wasm,9b7dc7d59c0707f12c611b936818b0f0
all5/Sort_numbers_lexicographically/[0-1][7-12][25-1].wasm,362c9ddf6d6fe46d8d7e817bcb2fc460
all5/Sort_numbers_lexicographically/[0-1][7-13].wasm,9b7dc7d59c0707f12c611b936818b0f0
all5/Sort_numbers_lexicographically/[0-1][7-13][25-1].wasm,362c9ddf6d6fe46d8d7e817bcb2fc460
all5/Sort_numbers_lexicographically/[0-1][7-14].wasm,9b7dc7d59c0707f12c611b936818b0f0
all5/Sort_numbers_lexicographically/[0-1][7-14][25-1].wasm,362c9ddf6d6fe46d8d7e817bcb2fc460
all5/Sort_numbers_lexicographically/[0-1][7-15].wasm,9b7dc7d59c0707f12c611b936818b0f0
all5/Sort_numbers_lexicographically/[0-1][7-15][25-1].wasm,362c9ddf6d6fe46d8d7e817bcb2fc460
all5/Sort_numbers_lexicographically/[0-1][7-16].wasm,9b7dc7d59c0707f12c611b936818b0f0
all5/Sort_numbers_lexicographically/[0-1][7-16][25-1].wasm,362c9ddf6d6fe46d8d7e817bcb2fc460
all5/Sort_numbers_lexicographically/[0-1][7-1].wasm,9b7dc7d59c0707f12c611b936818b0f0
all5/Sort_numbers_lexicographically/[0-1][7-1][25-1].wasm,362c9ddf6d6fe46d8d7e817bcb2fc460
all5/Sort_numbers_lexicographically/[0-1][7-2].wasm,9b7dc7d59c0707f12c611b936818b0f0
all5/Sort_numbers_lexicographically/[0-1][7-2][25-1].wasm,362c9ddf6d6fe46d8d7e817bcb2fc460
all5/Sort_numbers_lexicographically/[0-1][7-3].wasm,9b7dc7d59c0707f12c611b936818b0f0
all5/Sort_numbers_lexicographically/[0-1][7-3][25-1].wasm,362c9ddf6d6fe46d8d7e817bcb2fc460
all5/Sort_numbers_lexicographically/[0-1][7-4].wasm,362c9ddf6d6fe46d8d7e817bcb2fc460
all5/Sort_numbers_lexicographically/[0-1][7-4][25-1].wasm,362c9ddf6d6fe46d8d7e817bcb2fc460
all5/Sort_numbers_lexicographically/[0-1][7-5].wasm,9b7dc7d59c0707f12c611b936818b0f0
all5/Sort_numbers_lexicographically/[0-1][7-5][25-1].wasm,362c9ddf6d6fe46d8d7e817bcb2fc460
all5/Sort_numbers_lexicographically/[0-1][7-6].wasm,9b7dc7d59c0707f12c611b936818b0f0
all5/Sort_numbers_lexicographically/[0-1][7-6][25-1].wasm,362c9ddf6d6fe46d8d7e817bcb2fc460
all5/Sort_numbers_lexicographically/[0-1][7-7].wasm,9b7dc7d59c0707f12c611b936818b0f0
all5/Sort_numbers_lexicographically/[0-1][7-7][25-1].wasm,362c9ddf6d6fe46d8d7e817bcb2fc460
all5/Sort_numbers_lexicographically/[0-1][7-8].wasm,9b7dc7d59c0707f12c611b936818b0f0
all5/Sort_numbers_lexicographically/[0-1][7-8][25-1].wasm,362c9ddf6d6fe46d8d7e817bcb2fc460
all5/Sort_numbers_lexicographically/[0-1][7-9].wasm,362c9ddf6d6fe46d8d7e817bcb2fc460
all5/Sort_numbers_lexicographically/[0-1][7-9][25-1].wasm,362c9ddf6d6fe46d8d7e817bcb2fc460
all5/Sort_numbers_lexicographically/[0-2].wasm,9b7dc7d59c0707f12c611b936818b0f0
all5/Sort_numbers_lexicographically/[0-2][25-1].wasm,362c9ddf6d6fe46d8d7e817bcb2fc460
all5/Sort_numbers_lexicographically/[0-2][4-1].wasm,9b7dc7d59c0707f12c611b936818b0f0
all5/Sort_numbers_lexicographically/[0-2][4-1][25-1].wasm,9b7dc7d59c0707f12c611b936818b0f0
all5/Sort_numbers_lexicographically/[0-2][4-1][7-10].wasm,9b7dc7d59c0707f12c611b936818b0f0
all5/Sort_numbers_lexicographically/[0-2][4-1][7-10][25-1].wasm,9b7dc7d59c0707f12c611b936818b0f0
all5/Sort_numbers_lexicographically/[0-2][4-1][7-11].wasm,9b7dc7d59c0707f12c611b936818b0f0
all5/Sort_numbers_lexicographically/[0-2][4-1][7-11][25-1].wasm,9b7dc7d59c0707f12c611b936818b0f0
all5/Sort_numbers_lexicographically/[0-2][4-1][7-12].wasm,9b7dc7d59c0707f12c611b936818b0f0
all5/Sort_numbers_lexicographically/[0-2][4-1][7-12][25-1].wasm,9b7dc7d59c0707f12c611b936818b0f0
all5/Sort_numbers_lexicographically/[0-2][4-1][7-13].wasm,9b7dc7d59c0707f12c611b936818b0f0
all5/Sort_numbers_lexicographically/[0-2][4-1][7-13][25-1].wasm,9b7dc7d59c0707f12c611b936818b0f0
all5/Sort_numbers_lexicographically/[0-2][4-1][7-14].wasm,9b7dc7d59c0707f12c611b936818b0f0
all5/Sort_numbers_lexicographically/[0-2][4-1][7-14][25-1].wasm,9b7dc7d59c0707f12c611b936818b0f0
all5/Sort_numbers_lexicographically/[0-2][4-1][7-15].wasm,9b7dc7d59c0707f12c611b936818b0f0
all5/Sort_numbers_lexicographically/[0-2][4-1][7-15][25-1].wasm,9b7dc7d59c0707f12c611b936818b0f0
all5/Sort_numbers_lexicographically/[0-2][4-1][7-16].wasm,9b7dc7d59c0707f12c611b936818b0f0
all5/Sort_numbers_lexicographically/[0-2][4-1][7-16][25-1].wasm,9b7dc7d59c0707f12c611b936818b0f0
all5/Sort_numbers_lexicographically/[0-2][4-1][7-1].wasm,9b7dc7d59c0707f12c611b936818b0f0
all5/Sort_numbers_lexicographically/[0-2][4-1][7-1][25-1].wasm,9b7dc7d59c0707f12c611b936818b0f0
all5/Sort_numbers_lexicographically/[0-2][4-1][7-2].wasm,9b7dc7d59c0707f12c611b936818b0f0
all5/Sort_numbers_lexicographically/[0-2][4-1][7-2][25-1].wasm,9b7dc7d59c0707f12c611b936818b0f0
all5/Sort_numbers_lexicographically/[0-2][4-1][7-3].wasm,9b7dc7d59c0707f12c611b936818b0f0
all5/Sort_numbers_lexicographically/[0-2][4-1][7-3][25-1].wasm,9b7dc7d59c0707f12c611b936818b0f0
all5/Sort_numbers_lexicographically/[0-2][4-1][7-4].wasm,9b7dc7d59c0707f12c611b936818b0f0
all5/Sort_numbers_lexicographically/[0-2][4-1][7-4][25-1].wasm,9b7dc7d59c0707f12c611b936818b0f0
all5/Sort_numbers_lexicographically/[0-2][4-1][7-5].wasm,9b7dc7d59c0707f12c611b936818b0f0
all5/Sort_numbers_lexicographically/[0-2][4-1][7-5][25-1].wasm,9b7dc7d59c0707f12c611b936818b0f0
all5/Sort_numbers_lexicographically/[0-2][4-1][7-6].wasm,9b7dc7d59c0707f12c611b936818b0f0
all5/Sort_numbers_lexicographically/[0-2][4-1][7-6][25-1].wasm,9b7dc7d59c0707f12c611b936818b0f0
all5/Sort_numbers_lexicographically/[0-2][4-1][7-7].wasm,9b7dc7d59c0707f12c611b936818b0f0
all5/Sort_numbers_lexicographically/[0-2][4-1][7-7][25-1].wasm,9b7dc7d59c0707f12c611b936818b0f0
all5/Sort_numbers_lexicographically/[0-2][4-1][7-8].wasm,9b7dc7d59c0707f12c611b936818b0f0
all5/Sort_numbers_lexicographically/[0-2][4-1][7-8][25-1].wasm,9b7dc7d59c0707f12c611b936818b0f0
all5/Sort_numbers_lexicographically/[0-2][4-1][7-9].wasm,9b7dc7d59c0707f12c611b936818b0f0
all5/Sort_numbers_lexicographically/[0-2][4-1][7-9][25-1].wasm,9b7dc7d59c0707f12c611b936818b0f0
all5/Sort_numbers_lexicographically/[0-2][7-10].wasm,9b7dc7d59c0707f12c611b936818b0f0
all5/Sort_numbers_lexicographically/[0-2][7-10][25-1].wasm,362c9ddf6d6fe46d8d7e817bcb2fc460
all5/Sort_numbers_lexicographically/[0-2][7-11].wasm,9b7dc7d59c0707f12c611b936818b0f0
all5/Sort_numbers_lexicographically/[0-2][7-11][25-1].wasm,362c9ddf6d6fe46d8d7e817bcb2fc460
all5/Sort_numbers_lexicographically/[0-2][7-12].wasm,9b7dc7d59c0707f12c611b936818b0f0
all5/Sort_numbers_lexicographically/[0-2][7-12][25-1].wasm,362c9ddf6d6fe46d8d7e817bcb2fc460
all5/Sort_numbers_lexicographically/[0-2][7-13].wasm,9b7dc7d59c0707f12c611b936818b0f0
all5/Sort_numbers_lexicographically/[0-2][7-13][25-1].wasm,362c9ddf6d6fe46d8d7e817bcb2fc460
all5/Sort_numbers_lexicographically/[0-2][7-14].wasm,9b7dc7d59c0707f12c611b936818b0f0
all5/Sort_numbers_lexicographically/[0-2][7-14][25-1].wasm,362c9ddf6d6fe46d8d7e817bcb2fc460
all5/Sort_numbers_lexicographically/[0-2][7-15].wasm,9b7dc7d59c0707f12c611b936818b0f0
all5/Sort_numbers_lexicographically/[0-2][7-15][25-1].wasm,362c9ddf6d6fe46d8d7e817bcb2fc460
all5/Sort_numbers_lexicographically/[0-2][7-16].wasm,9b7dc7d59c0707f12c611b936818b0f0
all5/Sort_numbers_lexicographically/[0-2][7-16][25-1].wasm,362c9ddf6d6fe46d8d7e817bcb2fc460
all5/Sort_numbers_lexicographically/[0-2][7-1].wasm,9b7dc7d59c0707f12c611b936818b0f0
all5/Sort_numbers_lexicographically/[0-2][7-1][25-1].wasm,362c9ddf6d6fe46d8d7e817bcb2fc460
all5/Sort_numbers_lexicographically/[0-2][7-2].wasm,9b7dc7d59c0707f12c611b936818b0f0
all5/Sort_numbers_lexicographically/[0-2][7-2][25-1].wasm,362c9ddf6d6fe46d8d7e817bcb2fc460
all5/Sort_numbers_lexicographically/[0-2][7-3].wasm,9b7dc7d59c0707f12c611b936818b0f0
all5/Sort_numbers_lexicographically/[0-2][7-3][25-1].wasm,362c9ddf6d6fe46d8d7e817bcb2fc460
all5/Sort_numbers_lexicographically/[0-2][7-4].wasm,362c9ddf6d6fe46d8d7e817bcb2fc460
all5/Sort_numbers_lexicographically/[0-2][7-4][25-1].wasm,362c9ddf6d6fe46d8d7e817bcb2fc460
all5/Sort_numbers_lexicographically/[0-2][7-5].wasm,9b7dc7d59c0707f12c611b936818b0f0
all5/Sort_numbers_lexicographically/[0-2][7-5][25-1].wasm,362c9ddf6d6fe46d8d7e817bcb2fc460
all5/Sort_numbers_lexicographically/[0-2][7-6].wasm,9b7dc7d59c0707f12c611b936818b0f0
all5/Sort_numbers_lexicographically/[0-2][7-6][25-1].wasm,362c9ddf6d6fe46d8d7e817bcb2fc460
all5/Sort_numbers_lexicographically/[0-2][7-7].wasm,9b7dc7d59c0707f12c611b936818b0f0
all5/Sort_numbers_lexicographically/[0-2][7-7][25-1].wasm,362c9ddf6d6fe46d8d7e817bcb2fc460
all5/Sort_numbers_lexicographically/[0-2][7-8].wasm,9b7dc7d59c0707f12c611b936818b0f0
all5/Sort_numbers_lexicographically/[0-2][7-8][25-1].wasm,362c9ddf6d6fe46d8d7e817bcb2fc460
all5/Sort_numbers_lexicographically/[0-2][7-9].wasm,362c9ddf6d6fe46d8d7e817bcb2fc460
all5/Sort_numbers_lexicographically/[0-2][7-9][25-1].wasm,362c9ddf6d6fe46d8d7e817bcb2fc460
all5/Sort_numbers_lexicographically/[0-3].wasm,9b7dc7d59c0707f12c611b936818b0f0
all5/Sort_numbers_lexicographically/[0-3][25-1].wasm,362c9ddf6d6fe46d8d7e817bcb2fc460
all5/Sort_numbers_lexicographically/[0-3][4-1].wasm,9b7dc7d59c0707f12c611b936818b0f0
all5/Sort_numbers_lexicographically/[0-3][4-1][25-1].wasm,9b7dc7d59c0707f12c611b936818b0f0
all5/Sort_numbers_lexicographically/[0-3][4-1][7-10].wasm,9b7dc7d59c0707f12c611b936818b0f0
all5/Sort_numbers_lexicographically/[0-3][4-1][7-10][25-1].wasm,9b7dc7d59c0707f12c611b936818b0f0
all5/Sort_numbers_lexicographically/[0-3][4-1][7-11].wasm,9b7dc7d59c0707f12c611b936818b0f0
all5/Sort_numbers_lexicographically/[0-3][4-1][7-11][25-1].wasm,9b7dc7d59c0707f12c611b936818b0f0
all5/Sort_numbers_lexicographically/[0-3][4-1][7-12].wasm,9b7dc7d59c0707f12c611b936818b0f0
all5/Sort_numbers_lexicographically/[0-3][4-1][7-12][25-1].wasm,9b7dc7d59c0707f12c611b936818b0f0
all5/Sort_numbers_lexicographically/[0-3][4-1][7-13].wasm,9b7dc7d59c0707f12c611b936818b0f0
all5/Sort_numbers_lexicographically/[0-3][4-1][7-13][25-1].wasm,9b7dc7d59c0707f12c611b936818b0f0
all5/Sort_numbers_lexicographically/[0-3][4-1][7-14].wasm,9b7dc7d59c0707f12c611b936818b0f0
all5/Sort_numbers_lexicographically/[0-3][4-1][7-14][25-1].wasm,9b7dc7d59c0707f12c611b936818b0f0
all5/Sort_numbers_lexicographically/[0-3][4-1][7-15].wasm,9b7dc7d59c0707f12c611b936818b0f0
all5/Sort_numbers_lexicographically/[0-3][4-1][7-15][25-1].wasm,9b7dc7d59c0707f12c611b936818b0f0
all5/Sort_numbers_lexicographically/[0-3][4-1][7-16].wasm,9b7dc7d59c0707f12c611b936818b0f0
all5/Sort_numbers_lexicographically/[0-3][4-1][7-16][25-1].wasm,9b7dc7d59c0707f12c611b936818b0f0
all5/Sort_numbers_lexicographically/[0-3][4-1][7-1].wasm,9b7dc7d59c0707f12c611b936818b0f0
all5/Sort_numbers_lexicographically/[0-3][4-1][7-1][25-1].wasm,9b7dc7d59c0707f12c611b936818b0f0
all5/Sort_numbers_lexicographically/[0-3][4-1][7-2].wasm,9b7dc7d59c0707f12c611b936818b0f0
all5/Sort_numbers_lexicographically/[0-3][4-1][7-2][25-1].wasm,9b7dc7d59c0707f12c611b936818b0f0
all5/Sort_numbers_lexicographically/[0-3][4-1][7-3].wasm,9b7dc7d59c0707f12c611b936818b0f0
all5/Sort_numbers_lexicographically/[0-3][4-1][7-3][25-1].wasm,9b7dc7d59c0707f12c611b936818b0f0
all5/Sort_numbers_lexicographically/[0-3][4-1][7-4].wasm,9b7dc7d59c0707f12c611b936818b0f0
all5/Sort_numbers_lexicographically/[0-3][4-1][7-4][25-1].wasm,9b7dc7d59c0707f12c611b936818b0f0
all5/Sort_numbers_lexicographically/[0-3][4-1][7-5].wasm,9b7dc7d59c0707f12c611b936818b0f0
all5/Sort_numbers_lexicographically/[0-3][4-1][7-5][25-1].wasm,9b7dc7d59c0707f12c611b936818b0f0
all5/Sort_numbers_lexicographically/[0-3][4-1][7-6].wasm,9b7dc7d59c0707f12c611b936818b0f0
all5/Sort_numbers_lexicographically/[0-3][4-1][7-6][25-1].wasm,9b7dc7d59c0707f12c611b936818b0f0
all5/Sort_numbers_lexicographically/[0-3][4-1][7-7].wasm,9b7dc7d59c0707f12c611b936818b0f0
all5/Sort_numbers_lexicographically/[0-3][4-1][7-7][25-1].wasm,9b7dc7d59c0707f12c611b936818b0f0
all5/Sort_numbers_lexicographically/[0-3][4-1][7-8].wasm,9b7dc7d59c0707f12c611b936818b0f0
all5/Sort_numbers_lexicographically/[0-3][4-1][7-8][25-1].wasm,9b7dc7d59c0707f12c611b936818b0f0
all5/Sort_numbers_lexicographically/[0-3][4-1][7-9].wasm,9b7dc7d59c0707f12c611b936818b0f0
all5/Sort_numbers_lexicographically/[0-3][4-1][7-9][25-1].wasm,9b7dc7d59c0707f12c611b936818b0f0
all5/Sort_numbers_lexicographically/[0-3][7-10].wasm,9b7dc7d59c0707f12c611b936818b0f0
all5/Sort_numbers_lexicographically/[0-3][7-10][25-1].wasm,362c9ddf6d6fe46d8d7e817bcb2fc460
all5/Sort_numbers_lexicographically/[0-3][7-11].wasm,9b7dc7d59c0707f12c611b936818b0f0
all5/Sort_numbers_lexicographically/[0-3][7-11][25-1].wasm,362c9ddf6d6fe46d8d7e817bcb2fc460
all5/Sort_numbers_lexicographically/[0-3][7-12].wasm,9b7dc7d59c0707f12c611b936818b0f0
all5/Sort_numbers_lexicographically/[0-3][7-12][25-1].wasm,362c9ddf6d6fe46d8d7e817bcb2fc460
all5/Sort_numbers_lexicographically/[0-3][7-13].wasm,9b7dc7d59c0707f12c611b936818b0f0
all5/Sort_numbers_lexicographically/[0-3][7-13][25-1].wasm,362c9ddf6d6fe46d8d7e817bcb2fc460
all5/Sort_numbers_lexicographically/[0-3][7-14].wasm,9b7dc7d59c0707f12c611b936818b0f0
all5/Sort_numbers_lexicographically/[0-3][7-14][25-1].wasm,362c9ddf6d6fe46d8d7e817bcb2fc460
all5/Sort_numbers_lexicographically/[0-3][7-15].wasm,9b7dc7d59c0707f12c611b936818b0f0
all5/Sort_numbers_lexicographically/[0-3][7-15][25-1].wasm,362c9ddf6d6fe46d8d7e817bcb2fc460
all5/Sort_numbers_lexicographically/[0-3][7-16].wasm,9b7dc7d59c0707f12c611b936818b0f0
all5/Sort_numbers_lexicographically/[0-3][7-16][25-1].wasm,362c9ddf6d6fe46d8d7e817bcb2fc460
all5/Sort_numbers_lexicographically/[0-3][7-1].wasm,9b7dc7d59c0707f12c611b936818b0f0
all5/Sort_numbers_lexicographically/[0-3][7-1][25-1].wasm,362c9ddf6d6fe46d8d7e817bcb2fc460
all5/Sort_numbers_lexicographically/[0-3][7-2].wasm,9b7dc7d59c0707f12c611b936818b0f0
all5/Sort_numbers_lexicographically/[0-3][7-2][25-1].wasm,362c9ddf6d6fe46d8d7e817bcb2fc460
all5/Sort_numbers_lexicographically/[0-3][7-3].wasm,9b7dc7d59c0707f12c611b936818b0f0
all5/Sort_numbers_lexicographically/[0-3][7-3][25-1].wasm,362c9ddf6d6fe46d8d7e817bcb2fc460
all5/Sort_numbers_lexicographically/[0-3][7-4].wasm,362c9ddf6d6fe46d8d7e817bcb2fc460
all5/Sort_numbers_lexicographically/[0-3][7-4][25-1].wasm,362c9ddf6d6fe46d8d7e817bcb2fc460
all5/Sort_numbers_lexicographically/[0-3][7-5].wasm,9b7dc7d59c0707f12c611b936818b0f0
all5/Sort_numbers_lexicographically/[0-3][7-5][25-1].wasm,362c9ddf6d6fe46d8d7e817bcb2fc460
all5/Sort_numbers_lexicographically/[0-3][7-6].wasm,9b7dc7d59c0707f12c611b936818b0f0
all5/Sort_numbers_lexicographically/[0-3][7-6][25-1].wasm,362c9ddf6d6fe46d8d7e817bcb2fc460
all5/Sort_numbers_lexicographically/[0-3][7-7].wasm,9b7dc7d59c0707f12c611b936818b0f0
all5/Sort_numbers_lexicographically/[0-3][7-7][25-1].wasm,362c9ddf6d6fe46d8d7e817bcb2fc460
all5/Sort_numbers_lexicographically/[0-3][7-8].wasm,9b7dc7d59c0707f12c611b936818b0f0
all5/Sort_numbers_lexicographically/[0-3][7-8][25-1].wasm,362c9ddf6d6fe46d8d7e817bcb2fc460
all5/Sort_numbers_lexicographically/[0-3][7-9].wasm,362c9ddf6d6fe46d8d7e817bcb2fc460
all5/Sort_numbers_lexicographically/[0-3][7-9][25-1].wasm,362c9ddf6d6fe46d8d7e817bcb2fc460
all5/Sort_numbers_lexicographically/[0-4].wasm,9b7dc7d59c0707f12c611b936818b0f0
all5/Sort_numbers_lexicographically/[0-4][25-1].wasm,362c9ddf6d6fe46d8d7e817bcb2fc460
all5/Sort_numbers_lexicographically/[0-4][4-1].wasm,9b7dc7d59c0707f12c611b936818b0f0
all5/Sort_numbers_lexicographically/[0-4][4-1][25-1].wasm,9b7dc7d59c0707f12c611b936818b0f0
all5/Sort_numbers_lexicographically/[0-4][4-1][7-10].wasm,9b7dc7d59c0707f12c611b936818b0f0
all5/Sort_numbers_lexicographically/[0-4][4-1][7-10][25-1].wasm,9b7dc7d59c0707f12c611b936818b0f0
all5/Sort_numbers_lexicographically/[0-4][4-1][7-11].wasm,9b7dc7d59c0707f12c611b936818b0f0
all5/Sort_numbers_lexicographically/[0-4][4-1][7-11][25-1].wasm,9b7dc7d59c0707f12c611b936818b0f0
all5/Sort_numbers_lexicographically/[0-4][4-1][7-12].wasm,9b7dc7d59c0707f12c611b936818b0f0
all5/Sort_numbers_lexicographically/[0-4][4-1][7-12][25-1].wasm,9b7dc7d59c0707f12c611b936818b0f0
all5/Sort_numbers_lexicographically/[0-4][4-1][7-13].wasm,9b7dc7d59c0707f12c611b936818b0f0
all5/Sort_numbers_lexicographically/[0-4][4-1][7-13][25-1].wasm,9b7dc7d59c0707f12c611b936818b0f0
all5/Sort_numbers_lexicographically/[0-4][4-1][7-14].wasm,9b7dc7d59c0707f12c611b936818b0f0
all5/Sort_numbers_lexicographically/[0-4][4-1][7-14][25-1].wasm,9b7dc7d59c0707f12c611b936818b0f0
all5/Sort_numbers_lexicographically/[0-4][4-1][7-15].wasm,9b7dc7d59c0707f12c611b936818b0f0
all5/Sort_numbers_lexicographically/[0-4][4-1][7-15][25-1].wasm,9b7dc7d59c0707f12c611b936818b0f0
all5/Sort_numbers_lexicographically/[0-4][4-1][7-16].wasm,9b7dc7d59c0707f12c611b936818b0f0
all5/Sort_numbers_lexicographically/[0-4][4-1][7-16][25-1].wasm,9b7dc7d59c0707f12c611b936818b0f0
all5/Sort_numbers_lexicographically/[0-4][4-1][7-1].wasm,9b7dc7d59c0707f12c611b936818b0f0
all5/Sort_numbers_lexicographically/[0-4][4-1][7-1][25-1].wasm,9b7dc7d59c0707f12c611b936818b0f0
all5/Sort_numbers_lexicographically/[0-4][4-1][7-2].wasm,9b7dc7d59c0707f12c611b936818b0f0
all5/Sort_numbers_lexicographically/[0-4][4-1][7-2][25-1].wasm,9b7dc7d59c0707f12c611b936818b0f0
all5/Sort_numbers_lexicographically/[0-4][4-1][7-3].wasm,9b7dc7d59c0707f12c611b936818b0f0
all5/Sort_numbers_lexicographically/[0-4][4-1][7-3][25-1].wasm,9b7dc7d59c0707f12c611b936818b0f0
all5/Sort_numbers_lexicographically/[0-4][4-1][7-4].wasm,9b7dc7d59c0707f12c611b936818b0f0
all5/Sort_numbers_lexicographically/[0-4][4-1][7-4][25-1].wasm,9b7dc7d59c0707f12c611b936818b0f0
all5/Sort_numbers_lexicographically/[0-4][4-1][7-5].wasm,9b7dc7d59c0707f12c611b936818b0f0
all5/Sort_numbers_lexicographically/[0-4][4-1][7-5][25-1].wasm,9b7dc7d59c0707f12c611b936818b0f0
all5/Sort_numbers_lexicographically/[0-4][4-1][7-6].wasm,9b7dc7d59c0707f12c611b936818b0f0
all5/Sort_numbers_lexicographically/[0-4][4-1][7-6][25-1].wasm,9b7dc7d59c0707f12c611b936818b0f0
all5/Sort_numbers_lexicographically/[0-4][4-1][7-7].wasm,9b7dc7d59c0707f12c611b936818b0f0
all5/Sort_numbers_lexicographically/[0-4][4-1][7-7][25-1].wasm,9b7dc7d59c0707f12c611b936818b0f0
all5/Sort_numbers_lexicographically/[0-4][4-1][7-8].wasm,9b7dc7d59c0707f12c611b936818b0f0
all5/Sort_numbers_lexicographically/[0-4][4-1][7-8][25-1].wasm,9b7dc7d59c0707f12c611b936818b0f0
all5/Sort_numbers_lexicographically/[0-4][4-1][7-9].wasm,9b7dc7d59c0707f12c611b936818b0f0
all5/Sort_numbers_lexicographically/[0-4][4-1][7-9][25-1].wasm,9b7dc7d59c0707f12c611b936818b0f0
all5/Sort_numbers_lexicographically/[0-4][7-10].wasm,9b7dc7d59c0707f12c611b936818b0f0
all5/Sort_numbers_lexicographically/[0-4][7-10][25-1].wasm,362c9ddf6d6fe46d8d7e817bcb2fc460
all5/Sort_numbers_lexicographically/[0-4][7-11].wasm,9b7dc7d59c0707f12c611b936818b0f0
all5/Sort_numbers_lexicographically/[0-4][7-11][25-1].wasm,362c9ddf6d6fe46d8d7e817bcb2fc460
all5/Sort_numbers_lexicographically/[0-4][7-12].wasm,9b7dc7d59c0707f12c611b936818b0f0
all5/Sort_numbers_lexicographically/[0-4][7-12][25-1].wasm,362c9ddf6d6fe46d8d7e817bcb2fc460
all5/Sort_numbers_lexicographically/[0-4][7-13].wasm,9b7dc7d59c0707f12c611b936818b0f0
all5/Sort_numbers_lexicographically/[0-4][7-13][25-1].wasm,362c9ddf6d6fe46d8d7e817bcb2fc460
all5/Sort_numbers_lexicographically/[0-4][7-14].wasm,9b7dc7d59c0707f12c611b936818b0f0
all5/Sort_numbers_lexicographically/[0-4][7-14][25-1].wasm,362c9ddf6d6fe46d8d7e817bcb2fc460
all5/Sort_numbers_lexicographically/[0-4][7-15].wasm,9b7dc7d59c0707f12c611b936818b0f0
all5/Sort_numbers_lexicographically/[0-4][7-15][25-1].wasm,362c9ddf6d6fe46d8d7e817bcb2fc460
all5/Sort_numbers_lexicographically/[0-4][7-16].wasm,9b7dc7d59c0707f12c611b936818b0f0
all5/Sort_numbers_lexicographically/[0-4][7-16][25-1].wasm,362c9ddf6d6fe46d8d7e817bcb2fc460
all5/Sort_numbers_lexicographically/[0-4][7-1].wasm,9b7dc7d59c0707f12c611b936818b0f0
all5/Sort_numbers_lexicographically/[0-4][7-1][25-1].wasm,362c9ddf6d6fe46d8d7e817bcb2fc460
all5/Sort_numbers_lexicographically/[0-4][7-2].wasm,9b7dc7d59c0707f12c611b936818b0f0
all5/Sort_numbers_lexicographically/[0-4][7-2][25-1].wasm,362c9ddf6d6fe46d8d7e817bcb2fc460
all5/Sort_numbers_lexicographically/[0-4][7-3].wasm,9b7dc7d59c0707f12c611b936818b0f0
all5/Sort_numbers_lexicographically/[0-4][7-3][25-1].wasm,362c9ddf6d6fe46d8d7e817bcb2fc460
all5/Sort_numbers_lexicographically/[0-4][7-4].wasm,362c9ddf6d6fe46d8d7e817bcb2fc460
all5/Sort_numbers_lexicographically/[0-4][7-4][25-1].wasm,362c9ddf6d6fe46d8d7e817bcb2fc460
all5/Sort_numbers_lexicographically/[0-4][7-5].wasm,9b7dc7d59c0707f12c611b936818b0f0
all5/Sort_numbers_lexicographically/[0-4][7-5][25-1].wasm,362c9ddf6d6fe46d8d7e817bcb2fc460
all5/Sort_numbers_lexicographically/[0-4][7-6].wasm,9b7dc7d59c0707f12c611b936818b0f0
all5/Sort_numbers_lexicographically/[0-4][7-6][25-1].wasm,362c9ddf6d6fe46d8d7e817bcb2fc460
all5/Sort_numbers_lexicographically/[0-4][7-7].wasm,9b7dc7d59c0707f12c611b936818b0f0
all5/Sort_numbers_lexicographically/[0-4][7-7][25-1].wasm,362c9ddf6d6fe46d8d7e817bcb2fc460
all5/Sort_numbers_lexicographically/[0-4][7-8].wasm,9b7dc7d59c0707f12c611b936818b0f0
all5/Sort_numbers_lexicographically/[0-4][7-8][25-1].wasm,362c9ddf6d6fe46d8d7e817bcb2fc460
all5/Sort_numbers_lexicographically/[0-4][7-9].wasm,362c9ddf6d6fe46d8d7e817bcb2fc460
all5/Sort_numbers_lexicographically/[0-4][7-9][25-1].wasm,362c9ddf6d6fe46d8d7e817bcb2fc460
all5/Sort_numbers_lexicographically/[25-1].wasm,362c9ddf6d6fe46d8d7e817bcb2fc460
all5/Sort_numbers_lexicographically/[4-1].wasm,9b7dc7d59c0707f12c611b936818b0f0
all5/Sort_numbers_lexicographically/[4-1][25-1].wasm,9b7dc7d59c0707f12c611b936818b0f0
all5/Sort_numbers_lexicographically/[4-1][7-10].wasm,9b7dc7d59c0707f12c611b936818b0f0
all5/Sort_numbers_lexicographically/[4-1][7-10][25-1].wasm,9b7dc7d59c0707f12c611b936818b0f0
all5/Sort_numbers_lexicographically/[4-1][7-11].wasm,9b7dc7d59c0707f12c611b936818b0f0
all5/Sort_numbers_lexicographically/[4-1][7-11][25-1].wasm,9b7dc7d59c0707f12c611b936818b0f0
all5/Sort_numbers_lexicographically/[4-1][7-12].wasm,9b7dc7d59c0707f12c611b936818b0f0
all5/Sort_numbers_lexicographically/[4-1][7-12][25-1].wasm,9b7dc7d59c0707f12c611b936818b0f0
all5/Sort_numbers_lexicographically/[4-1][7-13].wasm,9b7dc7d59c0707f12c611b936818b0f0
all5/Sort_numbers_lexicographically/[4-1][7-13][25-1].wasm,9b7dc7d59c0707f12c611b936818b0f0
all5/Sort_numbers_lexicographically/[4-1][7-14].wasm,9b7dc7d59c0707f12c611b936818b0f0
all5/Sort_numbers_lexicographically/[4-1][7-14][25-1].wasm,9b7dc7d59c0707f12c611b936818b0f0
all5/Sort_numbers_lexicographically/[4-1][7-15].wasm,9b7dc7d59c0707f12c611b936818b0f0
all5/Sort_numbers_lexicographically/[4-1][7-15][25-1].wasm,9b7dc7d59c0707f12c611b936818b0f0
all5/Sort_numbers_lexicographically/[4-1][7-16].wasm,9b7dc7d59c0707f12c611b936818b0f0
all5/Sort_numbers_lexicographically/[4-1][7-16][25-1].wasm,9b7dc7d59c0707f12c611b936818b0f0
all5/Sort_numbers_lexicographically/[4-1][7-1].wasm,9b7dc7d59c0707f12c611b936818b0f0
all5/Sort_numbers_lexicographically/[4-1][7-1][25-1].wasm,9b7dc7d59c0707f12c611b936818b0f0
all5/Sort_numbers_lexicographically/[4-1][7-2].wasm,9b7dc7d59c0707f12c611b936818b0f0
all5/Sort_numbers_lexicographically/[4-1][7-2][25-1].wasm,9b7dc7d59c0707f12c611b936818b0f0
all5/Sort_numbers_lexicographically/[4-1][7-3].wasm,9b7dc7d59c0707f12c611b936818b0f0
all5/Sort_numbers_lexicographically/[4-1][7-3][25-1].wasm,9b7dc7d59c0707f12c611b936818b0f0
all5/Sort_numbers_lexicographically/[4-1][7-4].wasm,9b7dc7d59c0707f12c611b936818b0f0
all5/Sort_numbers_lexicographically/[4-1][7-4][25-1].wasm,9b7dc7d59c0707f12c611b936818b0f0
all5/Sort_numbers_lexicographically/[4-1][7-5].wasm,9b7dc7d59c0707f12c611b936818b0f0
all5/Sort_numbers_lexicographically/[4-1][7-5][25-1].wasm,9b7dc7d59c0707f12c611b936818b0f0
all5/Sort_numbers_lexicographically/[4-1][7-6].wasm,9b7dc7d59c0707f12c611b936818b0f0
all5/Sort_numbers_lexicographically/[4-1][7-6][25-1].wasm,9b7dc7d59c0707f12c611b936818b0f0
all5/Sort_numbers_lexicographically/[4-1][7-7].wasm,9b7dc7d59c0707f12c611b936818b0f0
all5/Sort_numbers_lexicographically/[4-1][7-7][25-1].wasm,9b7dc7d59c0707f12c611b936818b0f0
all5/Sort_numbers_lexicographically/[4-1][7-8].wasm,9b7dc7d59c0707f12c611b936818b0f0
all5/Sort_numbers_lexicographically/[4-1][7-8][25-1].wasm,9b7dc7d59c0707f12c611b936818b0f0
all5/Sort_numbers_lexicographically/[4-1][7-9].wasm,9b7dc7d59c0707f12c611b936818b0f0
all5/Sort_numbers_lexicographically/[4-1][7-9][25-1].wasm,9b7dc7d59c0707f12c611b936818b0f0
all5/Sort_numbers_lexicographically/[7-10].wasm,9b7dc7d59c0707f12c611b936818b0f0
all5/Sort_numbers_lexicographically/[7-10][25-1].wasm,362c9ddf6d6fe46d8d7e817bcb2fc460
all5/Sort_numbers_lexicographically/[7-11].wasm,9b7dc7d59c0707f12c611b936818b0f0
all5/Sort_numbers_lexicographically/[7-11][25-1].wasm,362c9ddf6d6fe46d8d7e817bcb2fc460
all5/Sort_numbers_lexicographically/[7-12].wasm,9b7dc7d59c0707f12c611b936818b0f0
all5/Sort_numbers_lexicographically/[7-12][25-1].wasm,362c9ddf6d6fe46d8d7e817bcb2fc460
all5/Sort_numbers_lexicographically/[7-13].wasm,9b7dc7d59c0707f12c611b936818b0f0
all5/Sort_numbers_lexicographically/[7-13][25-1].wasm,362c9ddf6d6fe46d8d7e817bcb2fc460
all5/Sort_numbers_lexicographically/[7-14].wasm,9b7dc7d59c0707f12c611b936818b0f0
all5/Sort_numbers_lexicographically/[7-14][25-1].wasm,362c9ddf6d6fe46d8d7e817bcb2fc460
all5/Sort_numbers_lexicographically/[7-15].wasm,9b7dc7d59c0707f12c611b936818b0f0
all5/Sort_numbers_lexicographically/[7-15][25-1].wasm,362c9ddf6d6fe46d8d7e817bcb2fc460
all5/Sort_numbers_lexicographically/[7-16].wasm,9b7dc7d59c0707f12c611b936818b0f0
all5/Sort_numbers_lexicographically/[7-16][25-1].wasm,362c9ddf6d6fe46d8d7e817bcb2fc460
all5/Sort_numbers_lexicographically/[7-1].wasm,9b7dc7d59c0707f12c611b936818b0f0
all5/Sort_numbers_lexicographically/[7-1][25-1].wasm,362c9ddf6d6fe46d8d7e817bcb2fc460
all5/Sort_numbers_lexicographically/[7-2].wasm,9b7dc7d59c0707f12c611b936818b0f0
all5/Sort_numbers_lexicographically/[7-2][25-1].wasm,362c9ddf6d6fe46d8d7e817bcb2fc460
all5/Sort_numbers_lexicographically/[7-3].wasm,9b7dc7d59c0707f12c611b936818b0f0
all5/Sort_numbers_lexicographically/[7-3][25-1].wasm,362c9ddf6d6fe46d8d7e817bcb2fc460
all5/Sort_numbers_lexicographically/[7-4].wasm,362c9ddf6d6fe46d8d7e817bcb2fc460
all5/Sort_numbers_lexicographically/[7-4][25-1].wasm,362c9ddf6d6fe46d8d7e817bcb2fc460
all5/Sort_numbers_lexicographically/[7-5].wasm,9b7dc7d59c0707f12c611b936818b0f0
all5/Sort_numbers_lexicographically/[7-5][25-1].wasm,362c9ddf6d6fe46d8d7e817bcb2fc460
all5/Sort_numbers_lexicographically/[7-6].wasm,9b7dc7d59c0707f12c611b936818b0f0
all5/Sort_numbers_lexicographically/[7-6][25-1].wasm,362c9ddf6d6fe46d8d7e817bcb2fc460
all5/Sort_numbers_lexicographically/[7-7].wasm,9b7dc7d59c0707f12c611b936818b0f0
all5/Sort_numbers_lexicographically/[7-7][25-1].wasm,362c9ddf6d6fe46d8d7e817bcb2fc460
all5/Sort_numbers_lexicographically/[7-8].wasm,9b7dc7d59c0707f12c611b936818b0f0
all5/Sort_numbers_lexicographically/[7-8][25-1].wasm,362c9ddf6d6fe46d8d7e817bcb2fc460
all5/Sort_numbers_lexicographically/[7-9].wasm,362c9ddf6d6fe46d8d7e817bcb2fc460
all5/Sort_numbers_lexicographically/[7-9][25-1].wasm,362c9ddf6d6fe46d8d7e817bcb2fc460
