name, hash
all5/Sorting_algorithms-Selection_sort/Sorting_algorithms-Selection_sort.wasm,20cb9abaaaf54148bdfdb2f33ba6e57d
all5/Sorting_algorithms-Selection_sort/Sorting_algorithms-Selection_sort.wasm.~1~,20cb9abaaaf54148bdfdb2f33ba6e57d
all5/Sorting_algorithms-Selection_sort/Sorting_algorithms-Selection_sort.wasm.~2~,b4fe808d57020acde5d910ed5d9ee24b
all5/Sorting_algorithms-Selection_sort/[0-1].wasm,20cb9abaaaf54148bdfdb2f33ba6e57d
all5/Sorting_algorithms-Selection_sort/[0-1][1-1].wasm,20cb9abaaaf54148bdfdb2f33ba6e57d
all5/Sorting_algorithms-Selection_sort/[0-1][1-1][3-10].wasm,20cb9abaaaf54148bdfdb2f33ba6e57d
all5/Sorting_algorithms-Selection_sort/[0-1][1-1][3-1].wasm,20cb9abaaaf54148bdfdb2f33ba6e57d
all5/Sorting_algorithms-Selection_sort/[0-1][1-1][3-2].wasm,20cb9abaaaf54148bdfdb2f33ba6e57d
all5/Sorting_algorithms-Selection_sort/[0-1][1-1][3-3].wasm,20cb9abaaaf54148bdfdb2f33ba6e57d
all5/Sorting_algorithms-Selection_sort/[0-1][1-1][3-4].wasm,20cb9abaaaf54148bdfdb2f33ba6e57d
all5/Sorting_algorithms-Selection_sort/[0-1][1-1][3-5].wasm,20cb9abaaaf54148bdfdb2f33ba6e57d
all5/Sorting_algorithms-Selection_sort/[0-1][1-1][3-6].wasm,20cb9abaaaf54148bdfdb2f33ba6e57d
all5/Sorting_algorithms-Selection_sort/[0-1][1-1][3-7].wasm,20cb9abaaaf54148bdfdb2f33ba6e57d
all5/Sorting_algorithms-Selection_sort/[0-1][1-1][3-8].wasm,20cb9abaaaf54148bdfdb2f33ba6e57d
all5/Sorting_algorithms-Selection_sort/[0-1][1-1][3-9].wasm,20cb9abaaaf54148bdfdb2f33ba6e57d
all5/Sorting_algorithms-Selection_sort/[0-1][1-2].wasm,20cb9abaaaf54148bdfdb2f33ba6e57d
all5/Sorting_algorithms-Selection_sort/[0-1][1-2][3-10].wasm,20cb9abaaaf54148bdfdb2f33ba6e57d
all5/Sorting_algorithms-Selection_sort/[0-1][1-2][3-1].wasm,20cb9abaaaf54148bdfdb2f33ba6e57d
all5/Sorting_algorithms-Selection_sort/[0-1][1-2][3-2].wasm,20cb9abaaaf54148bdfdb2f33ba6e57d
all5/Sorting_algorithms-Selection_sort/[0-1][1-2][3-3].wasm,20cb9abaaaf54148bdfdb2f33ba6e57d
all5/Sorting_algorithms-Selection_sort/[0-1][1-2][3-4].wasm,20cb9abaaaf54148bdfdb2f33ba6e57d
all5/Sorting_algorithms-Selection_sort/[0-1][1-2][3-5].wasm,20cb9abaaaf54148bdfdb2f33ba6e57d
all5/Sorting_algorithms-Selection_sort/[0-1][1-2][3-6].wasm,20cb9abaaaf54148bdfdb2f33ba6e57d
all5/Sorting_algorithms-Selection_sort/[0-1][1-2][3-7].wasm,20cb9abaaaf54148bdfdb2f33ba6e57d
all5/Sorting_algorithms-Selection_sort/[0-1][1-2][3-8].wasm,20cb9abaaaf54148bdfdb2f33ba6e57d
all5/Sorting_algorithms-Selection_sort/[0-1][1-2][3-9].wasm,20cb9abaaaf54148bdfdb2f33ba6e57d
all5/Sorting_algorithms-Selection_sort/[0-1][1-3].wasm,20cb9abaaaf54148bdfdb2f33ba6e57d
all5/Sorting_algorithms-Selection_sort/[0-1][1-3][3-10].wasm,20cb9abaaaf54148bdfdb2f33ba6e57d
all5/Sorting_algorithms-Selection_sort/[0-1][1-3][3-1].wasm,20cb9abaaaf54148bdfdb2f33ba6e57d
all5/Sorting_algorithms-Selection_sort/[0-1][1-3][3-2].wasm,20cb9abaaaf54148bdfdb2f33ba6e57d
all5/Sorting_algorithms-Selection_sort/[0-1][1-3][3-3].wasm,20cb9abaaaf54148bdfdb2f33ba6e57d
all5/Sorting_algorithms-Selection_sort/[0-1][1-3][3-4].wasm,20cb9abaaaf54148bdfdb2f33ba6e57d
all5/Sorting_algorithms-Selection_sort/[0-1][1-3][3-5].wasm,20cb9abaaaf54148bdfdb2f33ba6e57d
all5/Sorting_algorithms-Selection_sort/[0-1][1-3][3-6].wasm,20cb9abaaaf54148bdfdb2f33ba6e57d
all5/Sorting_algorithms-Selection_sort/[0-1][1-3][3-7].wasm,20cb9abaaaf54148bdfdb2f33ba6e57d
all5/Sorting_algorithms-Selection_sort/[0-1][1-3][3-8].wasm,20cb9abaaaf54148bdfdb2f33ba6e57d
all5/Sorting_algorithms-Selection_sort/[0-1][1-3][3-9].wasm,20cb9abaaaf54148bdfdb2f33ba6e57d
all5/Sorting_algorithms-Selection_sort/[0-1][1-4].wasm,20cb9abaaaf54148bdfdb2f33ba6e57d
all5/Sorting_algorithms-Selection_sort/[0-1][1-4][3-10].wasm,20cb9abaaaf54148bdfdb2f33ba6e57d
all5/Sorting_algorithms-Selection_sort/[0-1][1-4][3-1].wasm,20cb9abaaaf54148bdfdb2f33ba6e57d
all5/Sorting_algorithms-Selection_sort/[0-1][1-4][3-2].wasm,20cb9abaaaf54148bdfdb2f33ba6e57d
all5/Sorting_algorithms-Selection_sort/[0-1][1-4][3-3].wasm,20cb9abaaaf54148bdfdb2f33ba6e57d
all5/Sorting_algorithms-Selection_sort/[0-1][1-4][3-4].wasm,20cb9abaaaf54148bdfdb2f33ba6e57d
all5/Sorting_algorithms-Selection_sort/[0-1][1-4][3-5].wasm,20cb9abaaaf54148bdfdb2f33ba6e57d
all5/Sorting_algorithms-Selection_sort/[0-1][1-4][3-6].wasm,20cb9abaaaf54148bdfdb2f33ba6e57d
all5/Sorting_algorithms-Selection_sort/[0-1][1-4][3-7].wasm,20cb9abaaaf54148bdfdb2f33ba6e57d
all5/Sorting_algorithms-Selection_sort/[0-1][1-4][3-8].wasm,20cb9abaaaf54148bdfdb2f33ba6e57d
all5/Sorting_algorithms-Selection_sort/[0-1][1-4][3-9].wasm,20cb9abaaaf54148bdfdb2f33ba6e57d
all5/Sorting_algorithms-Selection_sort/[0-1][1-5].wasm,20cb9abaaaf54148bdfdb2f33ba6e57d
all5/Sorting_algorithms-Selection_sort/[0-1][1-5][3-10].wasm,20cb9abaaaf54148bdfdb2f33ba6e57d
all5/Sorting_algorithms-Selection_sort/[0-1][1-5][3-1].wasm,20cb9abaaaf54148bdfdb2f33ba6e57d
all5/Sorting_algorithms-Selection_sort/[0-1][1-5][3-2].wasm,20cb9abaaaf54148bdfdb2f33ba6e57d
all5/Sorting_algorithms-Selection_sort/[0-1][1-5][3-3].wasm,20cb9abaaaf54148bdfdb2f33ba6e57d
all5/Sorting_algorithms-Selection_sort/[0-1][1-5][3-4].wasm,20cb9abaaaf54148bdfdb2f33ba6e57d
all5/Sorting_algorithms-Selection_sort/[0-1][1-5][3-5].wasm,20cb9abaaaf54148bdfdb2f33ba6e57d
all5/Sorting_algorithms-Selection_sort/[0-1][1-5][3-6].wasm,20cb9abaaaf54148bdfdb2f33ba6e57d
all5/Sorting_algorithms-Selection_sort/[0-1][1-5][3-7].wasm,20cb9abaaaf54148bdfdb2f33ba6e57d
all5/Sorting_algorithms-Selection_sort/[0-1][1-5][3-8].wasm,20cb9abaaaf54148bdfdb2f33ba6e57d
all5/Sorting_algorithms-Selection_sort/[0-1][1-5][3-9].wasm,20cb9abaaaf54148bdfdb2f33ba6e57d
all5/Sorting_algorithms-Selection_sort/[0-1][1-6].wasm,20cb9abaaaf54148bdfdb2f33ba6e57d
all5/Sorting_algorithms-Selection_sort/[0-1][1-6][3-1].wasm,20cb9abaaaf54148bdfdb2f33ba6e57d
all5/Sorting_algorithms-Selection_sort/[0-1][1-6][3-2].wasm,20cb9abaaaf54148bdfdb2f33ba6e57d
all5/Sorting_algorithms-Selection_sort/[0-1][1-6][3-3].wasm,20cb9abaaaf54148bdfdb2f33ba6e57d
all5/Sorting_algorithms-Selection_sort/[0-1][1-6][3-4].wasm,20cb9abaaaf54148bdfdb2f33ba6e57d
all5/Sorting_algorithms-Selection_sort/[0-1][1-6][3-5].wasm,20cb9abaaaf54148bdfdb2f33ba6e57d
all5/Sorting_algorithms-Selection_sort/[0-1][1-6][3-6].wasm,20cb9abaaaf54148bdfdb2f33ba6e57d
all5/Sorting_algorithms-Selection_sort/[0-1][1-6][3-9].wasm,20cb9abaaaf54148bdfdb2f33ba6e57d
all5/Sorting_algorithms-Selection_sort/[0-1][1-7].wasm,20cb9abaaaf54148bdfdb2f33ba6e57d
all5/Sorting_algorithms-Selection_sort/[0-1][1-7][3-1].wasm,20cb9abaaaf54148bdfdb2f33ba6e57d
all5/Sorting_algorithms-Selection_sort/[0-1][1-7][3-2].wasm,20cb9abaaaf54148bdfdb2f33ba6e57d
all5/Sorting_algorithms-Selection_sort/[0-1][1-7][3-3].wasm,20cb9abaaaf54148bdfdb2f33ba6e57d
all5/Sorting_algorithms-Selection_sort/[0-1][1-7][3-4].wasm,20cb9abaaaf54148bdfdb2f33ba6e57d
all5/Sorting_algorithms-Selection_sort/[0-1][1-7][3-5].wasm,20cb9abaaaf54148bdfdb2f33ba6e57d
all5/Sorting_algorithms-Selection_sort/[0-1][1-7][3-6].wasm,20cb9abaaaf54148bdfdb2f33ba6e57d
all5/Sorting_algorithms-Selection_sort/[0-1][1-7][3-9].wasm,20cb9abaaaf54148bdfdb2f33ba6e57d
all5/Sorting_algorithms-Selection_sort/[0-1][3-10].wasm,20cb9abaaaf54148bdfdb2f33ba6e57d
all5/Sorting_algorithms-Selection_sort/[0-1][3-1].wasm,20cb9abaaaf54148bdfdb2f33ba6e57d
all5/Sorting_algorithms-Selection_sort/[0-1][3-2].wasm,20cb9abaaaf54148bdfdb2f33ba6e57d
all5/Sorting_algorithms-Selection_sort/[0-1][3-3].wasm,20cb9abaaaf54148bdfdb2f33ba6e57d
all5/Sorting_algorithms-Selection_sort/[0-1][3-4].wasm,20cb9abaaaf54148bdfdb2f33ba6e57d
all5/Sorting_algorithms-Selection_sort/[0-1][3-5].wasm,20cb9abaaaf54148bdfdb2f33ba6e57d
all5/Sorting_algorithms-Selection_sort/[0-1][3-6].wasm,20cb9abaaaf54148bdfdb2f33ba6e57d
all5/Sorting_algorithms-Selection_sort/[0-1][3-7].wasm,20cb9abaaaf54148bdfdb2f33ba6e57d
all5/Sorting_algorithms-Selection_sort/[0-1][3-8].wasm,20cb9abaaaf54148bdfdb2f33ba6e57d
all5/Sorting_algorithms-Selection_sort/[0-1][3-9].wasm,20cb9abaaaf54148bdfdb2f33ba6e57d
all5/Sorting_algorithms-Selection_sort/[1-1].wasm,20cb9abaaaf54148bdfdb2f33ba6e57d
all5/Sorting_algorithms-Selection_sort/[1-1][3-10].wasm,20cb9abaaaf54148bdfdb2f33ba6e57d
all5/Sorting_algorithms-Selection_sort/[1-1][3-1].wasm,20cb9abaaaf54148bdfdb2f33ba6e57d
all5/Sorting_algorithms-Selection_sort/[1-1][3-2].wasm,20cb9abaaaf54148bdfdb2f33ba6e57d
all5/Sorting_algorithms-Selection_sort/[1-1][3-3].wasm,20cb9abaaaf54148bdfdb2f33ba6e57d
all5/Sorting_algorithms-Selection_sort/[1-1][3-4].wasm,20cb9abaaaf54148bdfdb2f33ba6e57d
all5/Sorting_algorithms-Selection_sort/[1-1][3-5].wasm,20cb9abaaaf54148bdfdb2f33ba6e57d
all5/Sorting_algorithms-Selection_sort/[1-1][3-6].wasm,20cb9abaaaf54148bdfdb2f33ba6e57d
all5/Sorting_algorithms-Selection_sort/[1-1][3-7].wasm,20cb9abaaaf54148bdfdb2f33ba6e57d
all5/Sorting_algorithms-Selection_sort/[1-1][3-8].wasm,20cb9abaaaf54148bdfdb2f33ba6e57d
all5/Sorting_algorithms-Selection_sort/[1-1][3-9].wasm,20cb9abaaaf54148bdfdb2f33ba6e57d
all5/Sorting_algorithms-Selection_sort/[1-2].wasm,20cb9abaaaf54148bdfdb2f33ba6e57d
all5/Sorting_algorithms-Selection_sort/[1-2][3-10].wasm,20cb9abaaaf54148bdfdb2f33ba6e57d
all5/Sorting_algorithms-Selection_sort/[1-2][3-1].wasm,20cb9abaaaf54148bdfdb2f33ba6e57d
all5/Sorting_algorithms-Selection_sort/[1-2][3-2].wasm,20cb9abaaaf54148bdfdb2f33ba6e57d
all5/Sorting_algorithms-Selection_sort/[1-2][3-3].wasm,20cb9abaaaf54148bdfdb2f33ba6e57d
all5/Sorting_algorithms-Selection_sort/[1-2][3-4].wasm,20cb9abaaaf54148bdfdb2f33ba6e57d
all5/Sorting_algorithms-Selection_sort/[1-2][3-5].wasm,20cb9abaaaf54148bdfdb2f33ba6e57d
all5/Sorting_algorithms-Selection_sort/[1-2][3-6].wasm,20cb9abaaaf54148bdfdb2f33ba6e57d
all5/Sorting_algorithms-Selection_sort/[1-2][3-7].wasm,20cb9abaaaf54148bdfdb2f33ba6e57d
all5/Sorting_algorithms-Selection_sort/[1-2][3-8].wasm,20cb9abaaaf54148bdfdb2f33ba6e57d
all5/Sorting_algorithms-Selection_sort/[1-2][3-9].wasm,20cb9abaaaf54148bdfdb2f33ba6e57d
all5/Sorting_algorithms-Selection_sort/[1-3].wasm,20cb9abaaaf54148bdfdb2f33ba6e57d
all5/Sorting_algorithms-Selection_sort/[1-3][3-10].wasm,20cb9abaaaf54148bdfdb2f33ba6e57d
all5/Sorting_algorithms-Selection_sort/[1-3][3-1].wasm,20cb9abaaaf54148bdfdb2f33ba6e57d
all5/Sorting_algorithms-Selection_sort/[1-3][3-2].wasm,20cb9abaaaf54148bdfdb2f33ba6e57d
all5/Sorting_algorithms-Selection_sort/[1-3][3-3].wasm,20cb9abaaaf54148bdfdb2f33ba6e57d
all5/Sorting_algorithms-Selection_sort/[1-3][3-4].wasm,20cb9abaaaf54148bdfdb2f33ba6e57d
all5/Sorting_algorithms-Selection_sort/[1-3][3-5].wasm,20cb9abaaaf54148bdfdb2f33ba6e57d
all5/Sorting_algorithms-Selection_sort/[1-3][3-6].wasm,20cb9abaaaf54148bdfdb2f33ba6e57d
all5/Sorting_algorithms-Selection_sort/[1-3][3-7].wasm,20cb9abaaaf54148bdfdb2f33ba6e57d
all5/Sorting_algorithms-Selection_sort/[1-3][3-8].wasm,20cb9abaaaf54148bdfdb2f33ba6e57d
all5/Sorting_algorithms-Selection_sort/[1-3][3-9].wasm,20cb9abaaaf54148bdfdb2f33ba6e57d
all5/Sorting_algorithms-Selection_sort/[1-4].wasm,20cb9abaaaf54148bdfdb2f33ba6e57d
all5/Sorting_algorithms-Selection_sort/[1-4][3-10].wasm,20cb9abaaaf54148bdfdb2f33ba6e57d
all5/Sorting_algorithms-Selection_sort/[1-4][3-1].wasm,20cb9abaaaf54148bdfdb2f33ba6e57d
all5/Sorting_algorithms-Selection_sort/[1-4][3-2].wasm,20cb9abaaaf54148bdfdb2f33ba6e57d
all5/Sorting_algorithms-Selection_sort/[1-4][3-3].wasm,20cb9abaaaf54148bdfdb2f33ba6e57d
all5/Sorting_algorithms-Selection_sort/[1-4][3-4].wasm,20cb9abaaaf54148bdfdb2f33ba6e57d
all5/Sorting_algorithms-Selection_sort/[1-4][3-5].wasm,20cb9abaaaf54148bdfdb2f33ba6e57d
all5/Sorting_algorithms-Selection_sort/[1-4][3-6].wasm,20cb9abaaaf54148bdfdb2f33ba6e57d
all5/Sorting_algorithms-Selection_sort/[1-4][3-7].wasm,20cb9abaaaf54148bdfdb2f33ba6e57d
all5/Sorting_algorithms-Selection_sort/[1-4][3-8].wasm,20cb9abaaaf54148bdfdb2f33ba6e57d
all5/Sorting_algorithms-Selection_sort/[1-4][3-9].wasm,20cb9abaaaf54148bdfdb2f33ba6e57d
all5/Sorting_algorithms-Selection_sort/[1-5].wasm,20cb9abaaaf54148bdfdb2f33ba6e57d
all5/Sorting_algorithms-Selection_sort/[1-5][3-10].wasm,20cb9abaaaf54148bdfdb2f33ba6e57d
all5/Sorting_algorithms-Selection_sort/[1-5][3-1].wasm,20cb9abaaaf54148bdfdb2f33ba6e57d
all5/Sorting_algorithms-Selection_sort/[1-5][3-2].wasm,20cb9abaaaf54148bdfdb2f33ba6e57d
all5/Sorting_algorithms-Selection_sort/[1-5][3-3].wasm,20cb9abaaaf54148bdfdb2f33ba6e57d
all5/Sorting_algorithms-Selection_sort/[1-5][3-4].wasm,20cb9abaaaf54148bdfdb2f33ba6e57d
all5/Sorting_algorithms-Selection_sort/[1-5][3-5].wasm,20cb9abaaaf54148bdfdb2f33ba6e57d
all5/Sorting_algorithms-Selection_sort/[1-5][3-6].wasm,20cb9abaaaf54148bdfdb2f33ba6e57d
all5/Sorting_algorithms-Selection_sort/[1-5][3-7].wasm,20cb9abaaaf54148bdfdb2f33ba6e57d
all5/Sorting_algorithms-Selection_sort/[1-5][3-8].wasm,20cb9abaaaf54148bdfdb2f33ba6e57d
all5/Sorting_algorithms-Selection_sort/[1-5][3-9].wasm,20cb9abaaaf54148bdfdb2f33ba6e57d
all5/Sorting_algorithms-Selection_sort/[1-6].wasm,20cb9abaaaf54148bdfdb2f33ba6e57d
all5/Sorting_algorithms-Selection_sort/[1-6][3-10].wasm,20cb9abaaaf54148bdfdb2f33ba6e57d
all5/Sorting_algorithms-Selection_sort/[1-6][3-1].wasm,20cb9abaaaf54148bdfdb2f33ba6e57d
all5/Sorting_algorithms-Selection_sort/[1-6][3-2].wasm,20cb9abaaaf54148bdfdb2f33ba6e57d
all5/Sorting_algorithms-Selection_sort/[1-6][3-3].wasm,20cb9abaaaf54148bdfdb2f33ba6e57d
all5/Sorting_algorithms-Selection_sort/[1-6][3-4].wasm,20cb9abaaaf54148bdfdb2f33ba6e57d
all5/Sorting_algorithms-Selection_sort/[1-6][3-5].wasm,20cb9abaaaf54148bdfdb2f33ba6e57d
all5/Sorting_algorithms-Selection_sort/[1-6][3-6].wasm,20cb9abaaaf54148bdfdb2f33ba6e57d
all5/Sorting_algorithms-Selection_sort/[1-6][3-7].wasm,20cb9abaaaf54148bdfdb2f33ba6e57d
all5/Sorting_algorithms-Selection_sort/[1-6][3-8].wasm,20cb9abaaaf54148bdfdb2f33ba6e57d
all5/Sorting_algorithms-Selection_sort/[1-6][3-9].wasm,20cb9abaaaf54148bdfdb2f33ba6e57d
all5/Sorting_algorithms-Selection_sort/[1-7].wasm,20cb9abaaaf54148bdfdb2f33ba6e57d
all5/Sorting_algorithms-Selection_sort/[1-7][3-10].wasm,20cb9abaaaf54148bdfdb2f33ba6e57d
all5/Sorting_algorithms-Selection_sort/[1-7][3-1].wasm,20cb9abaaaf54148bdfdb2f33ba6e57d
all5/Sorting_algorithms-Selection_sort/[1-7][3-2].wasm,20cb9abaaaf54148bdfdb2f33ba6e57d
all5/Sorting_algorithms-Selection_sort/[1-7][3-3].wasm,20cb9abaaaf54148bdfdb2f33ba6e57d
all5/Sorting_algorithms-Selection_sort/[1-7][3-4].wasm,20cb9abaaaf54148bdfdb2f33ba6e57d
all5/Sorting_algorithms-Selection_sort/[1-7][3-5].wasm,20cb9abaaaf54148bdfdb2f33ba6e57d
all5/Sorting_algorithms-Selection_sort/[1-7][3-6].wasm,20cb9abaaaf54148bdfdb2f33ba6e57d
all5/Sorting_algorithms-Selection_sort/[1-7][3-7].wasm,20cb9abaaaf54148bdfdb2f33ba6e57d
all5/Sorting_algorithms-Selection_sort/[1-7][3-8].wasm,20cb9abaaaf54148bdfdb2f33ba6e57d
all5/Sorting_algorithms-Selection_sort/[1-7][3-9].wasm,20cb9abaaaf54148bdfdb2f33ba6e57d
all5/Sorting_algorithms-Selection_sort/[3-10].wasm,20cb9abaaaf54148bdfdb2f33ba6e57d
all5/Sorting_algorithms-Selection_sort/[3-1].wasm,20cb9abaaaf54148bdfdb2f33ba6e57d
all5/Sorting_algorithms-Selection_sort/[3-2].wasm,20cb9abaaaf54148bdfdb2f33ba6e57d
all5/Sorting_algorithms-Selection_sort/[3-3].wasm,20cb9abaaaf54148bdfdb2f33ba6e57d
all5/Sorting_algorithms-Selection_sort/[3-4].wasm,20cb9abaaaf54148bdfdb2f33ba6e57d
all5/Sorting_algorithms-Selection_sort/[3-5].wasm,20cb9abaaaf54148bdfdb2f33ba6e57d
all5/Sorting_algorithms-Selection_sort/[3-6].wasm,20cb9abaaaf54148bdfdb2f33ba6e57d
all5/Sorting_algorithms-Selection_sort/[3-7].wasm,20cb9abaaaf54148bdfdb2f33ba6e57d
all5/Sorting_algorithms-Selection_sort/[3-8].wasm,20cb9abaaaf54148bdfdb2f33ba6e57d
all5/Sorting_algorithms-Selection_sort/[3-9].wasm,20cb9abaaaf54148bdfdb2f33ba6e57d
