name, hash
all5/Sorting_algorithms-Stooge_sort/Sorting_algorithms-Stooge_sort.wasm,705e03b1350c8e4bec6850d7d6c89dbd
all5/Sorting_algorithms-Stooge_sort/Sorting_algorithms-Stooge_sort.wasm.~1~,705e03b1350c8e4bec6850d7d6c89dbd
all5/Sorting_algorithms-Stooge_sort/Sorting_algorithms-Stooge_sort.wasm.~2~,8392967348c6f09cd7e70b6b01620e09
all5/Sorting_algorithms-Stooge_sort/[0-1].wasm,8392967348c6f09cd7e70b6b01620e09
all5/Sorting_algorithms-Stooge_sort/[0-1][1-1].wasm,8392967348c6f09cd7e70b6b01620e09
all5/Sorting_algorithms-Stooge_sort/[0-1][1-1][2-1].wasm,8392967348c6f09cd7e70b6b01620e09
all5/Sorting_algorithms-Stooge_sort/[0-1][1-1][2-2].wasm,8392967348c6f09cd7e70b6b01620e09
all5/Sorting_algorithms-Stooge_sort/[0-1][1-1][2-3].wasm,8392967348c6f09cd7e70b6b01620e09
all5/Sorting_algorithms-Stooge_sort/[0-1][1-1][2-4].wasm,8392967348c6f09cd7e70b6b01620e09
all5/Sorting_algorithms-Stooge_sort/[0-1][1-1][2-5].wasm,8392967348c6f09cd7e70b6b01620e09
all5/Sorting_algorithms-Stooge_sort/[0-1][1-1][2-6].wasm,8392967348c6f09cd7e70b6b01620e09
all5/Sorting_algorithms-Stooge_sort/[0-1][1-1][2-7].wasm,8392967348c6f09cd7e70b6b01620e09
all5/Sorting_algorithms-Stooge_sort/[0-1][1-1][2-8].wasm,8392967348c6f09cd7e70b6b01620e09
all5/Sorting_algorithms-Stooge_sort/[0-1][2-1].wasm,8392967348c6f09cd7e70b6b01620e09
all5/Sorting_algorithms-Stooge_sort/[0-1][2-2].wasm,8392967348c6f09cd7e70b6b01620e09
all5/Sorting_algorithms-Stooge_sort/[0-1][2-3].wasm,8392967348c6f09cd7e70b6b01620e09
all5/Sorting_algorithms-Stooge_sort/[0-1][2-4].wasm,8392967348c6f09cd7e70b6b01620e09
all5/Sorting_algorithms-Stooge_sort/[0-1][2-5].wasm,8392967348c6f09cd7e70b6b01620e09
all5/Sorting_algorithms-Stooge_sort/[0-1][2-6].wasm,8392967348c6f09cd7e70b6b01620e09
all5/Sorting_algorithms-Stooge_sort/[0-1][2-7].wasm,8392967348c6f09cd7e70b6b01620e09
all5/Sorting_algorithms-Stooge_sort/[0-1][2-8].wasm,8392967348c6f09cd7e70b6b01620e09
all5/Sorting_algorithms-Stooge_sort/[0-2].wasm,8392967348c6f09cd7e70b6b01620e09
all5/Sorting_algorithms-Stooge_sort/[0-2][1-1].wasm,8392967348c6f09cd7e70b6b01620e09
all5/Sorting_algorithms-Stooge_sort/[0-2][1-1][2-1].wasm,8392967348c6f09cd7e70b6b01620e09
all5/Sorting_algorithms-Stooge_sort/[0-2][1-1][2-2].wasm,8392967348c6f09cd7e70b6b01620e09
all5/Sorting_algorithms-Stooge_sort/[0-2][1-1][2-3].wasm,8392967348c6f09cd7e70b6b01620e09
all5/Sorting_algorithms-Stooge_sort/[0-2][1-1][2-4].wasm,8392967348c6f09cd7e70b6b01620e09
all5/Sorting_algorithms-Stooge_sort/[0-2][1-1][2-5].wasm,8392967348c6f09cd7e70b6b01620e09
all5/Sorting_algorithms-Stooge_sort/[0-2][1-1][2-6].wasm,8392967348c6f09cd7e70b6b01620e09
all5/Sorting_algorithms-Stooge_sort/[0-2][1-1][2-7].wasm,8392967348c6f09cd7e70b6b01620e09
all5/Sorting_algorithms-Stooge_sort/[0-2][1-1][2-8].wasm,8392967348c6f09cd7e70b6b01620e09
all5/Sorting_algorithms-Stooge_sort/[0-2][2-1].wasm,8392967348c6f09cd7e70b6b01620e09
all5/Sorting_algorithms-Stooge_sort/[0-2][2-2].wasm,8392967348c6f09cd7e70b6b01620e09
all5/Sorting_algorithms-Stooge_sort/[0-2][2-3].wasm,8392967348c6f09cd7e70b6b01620e09
all5/Sorting_algorithms-Stooge_sort/[0-2][2-4].wasm,8392967348c6f09cd7e70b6b01620e09
all5/Sorting_algorithms-Stooge_sort/[0-2][2-5].wasm,8392967348c6f09cd7e70b6b01620e09
all5/Sorting_algorithms-Stooge_sort/[0-2][2-6].wasm,8392967348c6f09cd7e70b6b01620e09
all5/Sorting_algorithms-Stooge_sort/[0-2][2-7].wasm,8392967348c6f09cd7e70b6b01620e09
all5/Sorting_algorithms-Stooge_sort/[0-2][2-8].wasm,8392967348c6f09cd7e70b6b01620e09
all5/Sorting_algorithms-Stooge_sort/[0-3].wasm,8392967348c6f09cd7e70b6b01620e09
all5/Sorting_algorithms-Stooge_sort/[0-3][1-1].wasm,8392967348c6f09cd7e70b6b01620e09
all5/Sorting_algorithms-Stooge_sort/[0-3][1-1][2-1].wasm,8392967348c6f09cd7e70b6b01620e09
all5/Sorting_algorithms-Stooge_sort/[0-3][1-1][2-2].wasm,8392967348c6f09cd7e70b6b01620e09
all5/Sorting_algorithms-Stooge_sort/[0-3][1-1][2-3].wasm,8392967348c6f09cd7e70b6b01620e09
all5/Sorting_algorithms-Stooge_sort/[0-3][1-1][2-4].wasm,8392967348c6f09cd7e70b6b01620e09
all5/Sorting_algorithms-Stooge_sort/[0-3][1-1][2-5].wasm,8392967348c6f09cd7e70b6b01620e09
all5/Sorting_algorithms-Stooge_sort/[0-3][1-1][2-6].wasm,8392967348c6f09cd7e70b6b01620e09
all5/Sorting_algorithms-Stooge_sort/[0-3][1-1][2-7].wasm,8392967348c6f09cd7e70b6b01620e09
all5/Sorting_algorithms-Stooge_sort/[0-3][1-1][2-8].wasm,8392967348c6f09cd7e70b6b01620e09
all5/Sorting_algorithms-Stooge_sort/[0-3][2-1].wasm,8392967348c6f09cd7e70b6b01620e09
all5/Sorting_algorithms-Stooge_sort/[0-3][2-2].wasm,8392967348c6f09cd7e70b6b01620e09
all5/Sorting_algorithms-Stooge_sort/[0-3][2-3].wasm,8392967348c6f09cd7e70b6b01620e09
all5/Sorting_algorithms-Stooge_sort/[0-3][2-4].wasm,8392967348c6f09cd7e70b6b01620e09
all5/Sorting_algorithms-Stooge_sort/[0-3][2-5].wasm,8392967348c6f09cd7e70b6b01620e09
all5/Sorting_algorithms-Stooge_sort/[0-3][2-6].wasm,8392967348c6f09cd7e70b6b01620e09
all5/Sorting_algorithms-Stooge_sort/[0-3][2-7].wasm,8392967348c6f09cd7e70b6b01620e09
all5/Sorting_algorithms-Stooge_sort/[0-3][2-8].wasm,8392967348c6f09cd7e70b6b01620e09
all5/Sorting_algorithms-Stooge_sort/[0-4].wasm,8392967348c6f09cd7e70b6b01620e09
all5/Sorting_algorithms-Stooge_sort/[0-4][2-1].wasm,8392967348c6f09cd7e70b6b01620e09
all5/Sorting_algorithms-Stooge_sort/[0-4][2-2].wasm,8392967348c6f09cd7e70b6b01620e09
all5/Sorting_algorithms-Stooge_sort/[0-4][2-3].wasm,8392967348c6f09cd7e70b6b01620e09
all5/Sorting_algorithms-Stooge_sort/[0-4][2-4].wasm,8392967348c6f09cd7e70b6b01620e09
all5/Sorting_algorithms-Stooge_sort/[0-4][2-5].wasm,8392967348c6f09cd7e70b6b01620e09
all5/Sorting_algorithms-Stooge_sort/[0-4][2-6].wasm,8392967348c6f09cd7e70b6b01620e09
all5/Sorting_algorithms-Stooge_sort/[0-4][2-7].wasm,8392967348c6f09cd7e70b6b01620e09
all5/Sorting_algorithms-Stooge_sort/[1-1].wasm,8392967348c6f09cd7e70b6b01620e09
all5/Sorting_algorithms-Stooge_sort/[1-1][2-1].wasm,8392967348c6f09cd7e70b6b01620e09
all5/Sorting_algorithms-Stooge_sort/[1-1][2-2].wasm,8392967348c6f09cd7e70b6b01620e09
all5/Sorting_algorithms-Stooge_sort/[1-1][2-3].wasm,8392967348c6f09cd7e70b6b01620e09
all5/Sorting_algorithms-Stooge_sort/[1-1][2-4].wasm,8392967348c6f09cd7e70b6b01620e09
all5/Sorting_algorithms-Stooge_sort/[1-1][2-5].wasm,8392967348c6f09cd7e70b6b01620e09
all5/Sorting_algorithms-Stooge_sort/[1-1][2-6].wasm,8392967348c6f09cd7e70b6b01620e09
all5/Sorting_algorithms-Stooge_sort/[1-1][2-7].wasm,8392967348c6f09cd7e70b6b01620e09
all5/Sorting_algorithms-Stooge_sort/[1-1][2-8].wasm,8392967348c6f09cd7e70b6b01620e09
all5/Sorting_algorithms-Stooge_sort/[2-1].wasm,8392967348c6f09cd7e70b6b01620e09
all5/Sorting_algorithms-Stooge_sort/[2-2].wasm,8392967348c6f09cd7e70b6b01620e09
all5/Sorting_algorithms-Stooge_sort/[2-3].wasm,8392967348c6f09cd7e70b6b01620e09
all5/Sorting_algorithms-Stooge_sort/[2-4].wasm,8392967348c6f09cd7e70b6b01620e09
all5/Sorting_algorithms-Stooge_sort/[2-5].wasm,8392967348c6f09cd7e70b6b01620e09
all5/Sorting_algorithms-Stooge_sort/[2-6].wasm,8392967348c6f09cd7e70b6b01620e09
all5/Sorting_algorithms-Stooge_sort/[2-7].wasm,8392967348c6f09cd7e70b6b01620e09
all5/Sorting_algorithms-Stooge_sort/[2-8].wasm,8392967348c6f09cd7e70b6b01620e09
