name, hash
all5/Sorting_algorithms-Cycle_sort/Sorting_algorithms-Cycle_sort.wasm,993e61b17d4cd5f00aa1ae29b624f02e
all5/Sorting_algorithms-Cycle_sort/Sorting_algorithms-Cycle_sort.wasm.~1~,719e3386750ca8d60718c2a86bf9e9c0
all5/Sorting_algorithms-Cycle_sort/Sorting_algorithms-Cycle_sort.wasm.~2~,719e3386750ca8d60718c2a86bf9e9c0
all5/Sorting_algorithms-Cycle_sort/[0-4].wasm,a3c306c3c01e40a995e3fd99294664c2
all5/Sorting_algorithms-Cycle_sort/[11-1].wasm,993e61b17d4cd5f00aa1ae29b624f02e
all5/Sorting_algorithms-Cycle_sort/[11-2].wasm,993e61b17d4cd5f00aa1ae29b624f02e
all5/Sorting_algorithms-Cycle_sort/[11-3].wasm,202e165eafd846daf20a29e9660a313e
all5/Sorting_algorithms-Cycle_sort/[11-4].wasm,993e61b17d4cd5f00aa1ae29b624f02e
all5/Sorting_algorithms-Cycle_sort/[11-5].wasm,993e61b17d4cd5f00aa1ae29b624f02e
all5/Sorting_algorithms-Cycle_sort/[11-6].wasm,993e61b17d4cd5f00aa1ae29b624f02e
all5/Sorting_algorithms-Cycle_sort/[11-7].wasm,993e61b17d4cd5f00aa1ae29b624f02e
all5/Sorting_algorithms-Cycle_sort/[11-8].wasm,993e61b17d4cd5f00aa1ae29b624f02e
all5/Sorting_algorithms-Cycle_sort/[11-9].wasm,993e61b17d4cd5f00aa1ae29b624f02e
all5/Sorting_algorithms-Cycle_sort/[2-1].wasm,993e61b17d4cd5f00aa1ae29b624f02e
all5/Sorting_algorithms-Cycle_sort/[2-1][11-1].wasm,993e61b17d4cd5f00aa1ae29b624f02e
all5/Sorting_algorithms-Cycle_sort/[2-1][11-2].wasm,993e61b17d4cd5f00aa1ae29b624f02e
all5/Sorting_algorithms-Cycle_sort/[2-1][11-3].wasm,202e165eafd846daf20a29e9660a313e
all5/Sorting_algorithms-Cycle_sort/[2-1][11-4].wasm,993e61b17d4cd5f00aa1ae29b624f02e
all5/Sorting_algorithms-Cycle_sort/[2-1][11-5].wasm,993e61b17d4cd5f00aa1ae29b624f02e
all5/Sorting_algorithms-Cycle_sort/[2-1][11-6].wasm,993e61b17d4cd5f00aa1ae29b624f02e
all5/Sorting_algorithms-Cycle_sort/[2-1][11-7].wasm,993e61b17d4cd5f00aa1ae29b624f02e
all5/Sorting_algorithms-Cycle_sort/[2-1][11-8].wasm,993e61b17d4cd5f00aa1ae29b624f02e
all5/Sorting_algorithms-Cycle_sort/[2-1][11-9].wasm,993e61b17d4cd5f00aa1ae29b624f02e
all5/Sorting_algorithms-Cycle_sort/[2-2].wasm,b3eec73cf9054033c2b95178809420f9
all5/Sorting_algorithms-Cycle_sort/[2-2][11-1].wasm,b3eec73cf9054033c2b95178809420f9
all5/Sorting_algorithms-Cycle_sort/[2-2][11-2].wasm,b3eec73cf9054033c2b95178809420f9
all5/Sorting_algorithms-Cycle_sort/[2-2][11-3].wasm,b3eec73cf9054033c2b95178809420f9
all5/Sorting_algorithms-Cycle_sort/[2-2][11-4].wasm,b3eec73cf9054033c2b95178809420f9
all5/Sorting_algorithms-Cycle_sort/[2-2][11-5].wasm,b3eec73cf9054033c2b95178809420f9
all5/Sorting_algorithms-Cycle_sort/[2-2][11-6].wasm,b3eec73cf9054033c2b95178809420f9
all5/Sorting_algorithms-Cycle_sort/[2-2][11-7].wasm,b3eec73cf9054033c2b95178809420f9
all5/Sorting_algorithms-Cycle_sort/[2-2][11-8].wasm,b3eec73cf9054033c2b95178809420f9
all5/Sorting_algorithms-Cycle_sort/[2-2][11-9].wasm,b3eec73cf9054033c2b95178809420f9
all5/Sorting_algorithms-Cycle_sort/[2-3].wasm,993e61b17d4cd5f00aa1ae29b624f02e
all5/Sorting_algorithms-Cycle_sort/[2-3][11-1].wasm,993e61b17d4cd5f00aa1ae29b624f02e
all5/Sorting_algorithms-Cycle_sort/[2-3][11-2].wasm,993e61b17d4cd5f00aa1ae29b624f02e
all5/Sorting_algorithms-Cycle_sort/[2-3][11-3].wasm,202e165eafd846daf20a29e9660a313e
all5/Sorting_algorithms-Cycle_sort/[2-3][11-4].wasm,993e61b17d4cd5f00aa1ae29b624f02e
all5/Sorting_algorithms-Cycle_sort/[2-3][11-5].wasm,993e61b17d4cd5f00aa1ae29b624f02e
all5/Sorting_algorithms-Cycle_sort/[2-3][11-6].wasm,993e61b17d4cd5f00aa1ae29b624f02e
all5/Sorting_algorithms-Cycle_sort/[2-3][11-7].wasm,993e61b17d4cd5f00aa1ae29b624f02e
all5/Sorting_algorithms-Cycle_sort/[2-3][11-8].wasm,993e61b17d4cd5f00aa1ae29b624f02e
all5/Sorting_algorithms-Cycle_sort/[2-3][11-9].wasm,993e61b17d4cd5f00aa1ae29b624f02e
all5/Sorting_algorithms-Cycle_sort/[2-4].wasm,993e61b17d4cd5f00aa1ae29b624f02e
all5/Sorting_algorithms-Cycle_sort/[2-4][11-1].wasm,993e61b17d4cd5f00aa1ae29b624f02e
all5/Sorting_algorithms-Cycle_sort/[2-4][11-2].wasm,993e61b17d4cd5f00aa1ae29b624f02e
all5/Sorting_algorithms-Cycle_sort/[2-4][11-3].wasm,202e165eafd846daf20a29e9660a313e
all5/Sorting_algorithms-Cycle_sort/[2-4][11-4].wasm,993e61b17d4cd5f00aa1ae29b624f02e
all5/Sorting_algorithms-Cycle_sort/[2-4][11-5].wasm,993e61b17d4cd5f00aa1ae29b624f02e
all5/Sorting_algorithms-Cycle_sort/[2-4][11-6].wasm,993e61b17d4cd5f00aa1ae29b624f02e
all5/Sorting_algorithms-Cycle_sort/[2-4][11-7].wasm,993e61b17d4cd5f00aa1ae29b624f02e
all5/Sorting_algorithms-Cycle_sort/[2-4][11-8].wasm,993e61b17d4cd5f00aa1ae29b624f02e
all5/Sorting_algorithms-Cycle_sort/[2-4][11-9].wasm,993e61b17d4cd5f00aa1ae29b624f02e
all5/Sorting_algorithms-Cycle_sort/[2-5].wasm,993e61b17d4cd5f00aa1ae29b624f02e
all5/Sorting_algorithms-Cycle_sort/[2-5][11-1].wasm,993e61b17d4cd5f00aa1ae29b624f02e
all5/Sorting_algorithms-Cycle_sort/[2-5][11-2].wasm,993e61b17d4cd5f00aa1ae29b624f02e
all5/Sorting_algorithms-Cycle_sort/[2-5][11-3].wasm,202e165eafd846daf20a29e9660a313e
all5/Sorting_algorithms-Cycle_sort/[2-5][11-4].wasm,993e61b17d4cd5f00aa1ae29b624f02e
all5/Sorting_algorithms-Cycle_sort/[2-5][11-5].wasm,993e61b17d4cd5f00aa1ae29b624f02e
all5/Sorting_algorithms-Cycle_sort/[2-5][11-6].wasm,993e61b17d4cd5f00aa1ae29b624f02e
all5/Sorting_algorithms-Cycle_sort/[2-5][11-7].wasm,993e61b17d4cd5f00aa1ae29b624f02e
all5/Sorting_algorithms-Cycle_sort/[2-5][11-8].wasm,993e61b17d4cd5f00aa1ae29b624f02e
all5/Sorting_algorithms-Cycle_sort/[2-5][11-9].wasm,993e61b17d4cd5f00aa1ae29b624f02e
