name, hash
all5/Sorting_algorithms-Bubble_sort/Sorting_algorithms-Bubble_sort.wasm,c3ee3e6c38ea6aba986d708bf4f1f2ec
all5/Sorting_algorithms-Bubble_sort/Sorting_algorithms-Bubble_sort.wasm.~1~,c3ee3e6c38ea6aba986d708bf4f1f2ec
all5/Sorting_algorithms-Bubble_sort/Sorting_algorithms-Bubble_sort.wasm.~2~,35fb66a95f7a5b4c2f82b43f15f9c9e4
all5/Sorting_algorithms-Bubble_sort/[0-1].wasm,c3ee3e6c38ea6aba986d708bf4f1f2ec
all5/Sorting_algorithms-Bubble_sort/[0-1][1-1].wasm,e2e9b71e46336614c453396b248cc552
all5/Sorting_algorithms-Bubble_sort/[0-1][11-1].wasm,c3ee3e6c38ea6aba986d708bf4f1f2ec
all5/Sorting_algorithms-Bubble_sort/[0-1][11-1][12-10].wasm,c3ee3e6c38ea6aba986d708bf4f1f2ec
all5/Sorting_algorithms-Bubble_sort/[0-1][11-1][12-1].wasm,c3ee3e6c38ea6aba986d708bf4f1f2ec
all5/Sorting_algorithms-Bubble_sort/[0-1][11-1][12-2].wasm,c3ee3e6c38ea6aba986d708bf4f1f2ec
all5/Sorting_algorithms-Bubble_sort/[0-1][11-1][12-3].wasm,c3ee3e6c38ea6aba986d708bf4f1f2ec
all5/Sorting_algorithms-Bubble_sort/[0-1][11-1][12-4].wasm,c3ee3e6c38ea6aba986d708bf4f1f2ec
all5/Sorting_algorithms-Bubble_sort/[0-1][11-1][12-5].wasm,c3ee3e6c38ea6aba986d708bf4f1f2ec
all5/Sorting_algorithms-Bubble_sort/[0-1][11-1][12-6].wasm,c3ee3e6c38ea6aba986d708bf4f1f2ec
all5/Sorting_algorithms-Bubble_sort/[0-1][11-1][12-7].wasm,c3ee3e6c38ea6aba986d708bf4f1f2ec
all5/Sorting_algorithms-Bubble_sort/[0-1][11-1][12-8].wasm,c3ee3e6c38ea6aba986d708bf4f1f2ec
all5/Sorting_algorithms-Bubble_sort/[0-1][11-1][12-9].wasm,c3ee3e6c38ea6aba986d708bf4f1f2ec
all5/Sorting_algorithms-Bubble_sort/[0-1][12-10].wasm,c3ee3e6c38ea6aba986d708bf4f1f2ec
all5/Sorting_algorithms-Bubble_sort/[0-1][12-1].wasm,c3ee3e6c38ea6aba986d708bf4f1f2ec
all5/Sorting_algorithms-Bubble_sort/[0-1][12-2].wasm,c3ee3e6c38ea6aba986d708bf4f1f2ec
all5/Sorting_algorithms-Bubble_sort/[0-1][12-3].wasm,c3ee3e6c38ea6aba986d708bf4f1f2ec
all5/Sorting_algorithms-Bubble_sort/[0-1][12-4].wasm,c3ee3e6c38ea6aba986d708bf4f1f2ec
all5/Sorting_algorithms-Bubble_sort/[0-1][12-5].wasm,c3ee3e6c38ea6aba986d708bf4f1f2ec
all5/Sorting_algorithms-Bubble_sort/[0-1][12-6].wasm,c3ee3e6c38ea6aba986d708bf4f1f2ec
all5/Sorting_algorithms-Bubble_sort/[0-1][12-7].wasm,c3ee3e6c38ea6aba986d708bf4f1f2ec
all5/Sorting_algorithms-Bubble_sort/[0-1][12-8].wasm,c3ee3e6c38ea6aba986d708bf4f1f2ec
all5/Sorting_algorithms-Bubble_sort/[0-1][12-9].wasm,c3ee3e6c38ea6aba986d708bf4f1f2ec
all5/Sorting_algorithms-Bubble_sort/[0-1][3-1].wasm,c3ee3e6c38ea6aba986d708bf4f1f2ec
all5/Sorting_algorithms-Bubble_sort/[0-1][3-1][11-1].wasm,c3ee3e6c38ea6aba986d708bf4f1f2ec
all5/Sorting_algorithms-Bubble_sort/[0-1][3-1][11-1][12-10].wasm,c3ee3e6c38ea6aba986d708bf4f1f2ec
all5/Sorting_algorithms-Bubble_sort/[0-1][3-1][11-1][12-1].wasm,c3ee3e6c38ea6aba986d708bf4f1f2ec
all5/Sorting_algorithms-Bubble_sort/[0-1][3-1][11-1][12-2].wasm,c3ee3e6c38ea6aba986d708bf4f1f2ec
all5/Sorting_algorithms-Bubble_sort/[0-1][3-1][11-1][12-3].wasm,c3ee3e6c38ea6aba986d708bf4f1f2ec
all5/Sorting_algorithms-Bubble_sort/[0-1][3-1][11-1][12-4].wasm,c3ee3e6c38ea6aba986d708bf4f1f2ec
all5/Sorting_algorithms-Bubble_sort/[0-1][3-1][11-1][12-5].wasm,c3ee3e6c38ea6aba986d708bf4f1f2ec
all5/Sorting_algorithms-Bubble_sort/[0-1][3-1][11-1][12-6].wasm,c3ee3e6c38ea6aba986d708bf4f1f2ec
all5/Sorting_algorithms-Bubble_sort/[0-1][3-1][11-1][12-7].wasm,c3ee3e6c38ea6aba986d708bf4f1f2ec
all5/Sorting_algorithms-Bubble_sort/[0-1][3-1][11-1][12-8].wasm,c3ee3e6c38ea6aba986d708bf4f1f2ec
all5/Sorting_algorithms-Bubble_sort/[0-1][3-1][11-1][12-9].wasm,c3ee3e6c38ea6aba986d708bf4f1f2ec
all5/Sorting_algorithms-Bubble_sort/[0-1][3-1][12-10].wasm,c3ee3e6c38ea6aba986d708bf4f1f2ec
all5/Sorting_algorithms-Bubble_sort/[0-1][3-1][12-1].wasm,c3ee3e6c38ea6aba986d708bf4f1f2ec
all5/Sorting_algorithms-Bubble_sort/[0-1][3-1][12-2].wasm,c3ee3e6c38ea6aba986d708bf4f1f2ec
all5/Sorting_algorithms-Bubble_sort/[0-1][3-1][12-3].wasm,c3ee3e6c38ea6aba986d708bf4f1f2ec
all5/Sorting_algorithms-Bubble_sort/[0-1][3-1][12-4].wasm,c3ee3e6c38ea6aba986d708bf4f1f2ec
all5/Sorting_algorithms-Bubble_sort/[0-1][3-1][12-5].wasm,c3ee3e6c38ea6aba986d708bf4f1f2ec
all5/Sorting_algorithms-Bubble_sort/[0-1][3-1][12-6].wasm,c3ee3e6c38ea6aba986d708bf4f1f2ec
all5/Sorting_algorithms-Bubble_sort/[0-1][3-1][12-7].wasm,c3ee3e6c38ea6aba986d708bf4f1f2ec
all5/Sorting_algorithms-Bubble_sort/[0-1][3-1][12-8].wasm,c3ee3e6c38ea6aba986d708bf4f1f2ec
all5/Sorting_algorithms-Bubble_sort/[0-1][3-1][12-9].wasm,c3ee3e6c38ea6aba986d708bf4f1f2ec
all5/Sorting_algorithms-Bubble_sort/[0-1][3-1][7-1].wasm,c3ee3e6c38ea6aba986d708bf4f1f2ec
all5/Sorting_algorithms-Bubble_sort/[0-1][3-1][7-1][11-1].wasm,c3ee3e6c38ea6aba986d708bf4f1f2ec
all5/Sorting_algorithms-Bubble_sort/[0-1][3-1][7-1][11-1][12-10].wasm,c3ee3e6c38ea6aba986d708bf4f1f2ec
all5/Sorting_algorithms-Bubble_sort/[0-1][3-1][7-1][11-1][12-1].wasm,c3ee3e6c38ea6aba986d708bf4f1f2ec
all5/Sorting_algorithms-Bubble_sort/[0-1][3-1][7-1][11-1][12-2].wasm,c3ee3e6c38ea6aba986d708bf4f1f2ec
all5/Sorting_algorithms-Bubble_sort/[0-1][3-1][7-1][11-1][12-3].wasm,c3ee3e6c38ea6aba986d708bf4f1f2ec
all5/Sorting_algorithms-Bubble_sort/[0-1][3-1][7-1][11-1][12-4].wasm,c3ee3e6c38ea6aba986d708bf4f1f2ec
all5/Sorting_algorithms-Bubble_sort/[0-1][3-1][7-1][11-1][12-5].wasm,c3ee3e6c38ea6aba986d708bf4f1f2ec
all5/Sorting_algorithms-Bubble_sort/[0-1][3-1][7-1][11-1][12-6].wasm,c3ee3e6c38ea6aba986d708bf4f1f2ec
all5/Sorting_algorithms-Bubble_sort/[0-1][3-1][7-1][11-1][12-7].wasm,c3ee3e6c38ea6aba986d708bf4f1f2ec
all5/Sorting_algorithms-Bubble_sort/[0-1][3-1][7-1][11-1][12-8].wasm,c3ee3e6c38ea6aba986d708bf4f1f2ec
all5/Sorting_algorithms-Bubble_sort/[0-1][3-1][7-1][11-1][12-9].wasm,c3ee3e6c38ea6aba986d708bf4f1f2ec
all5/Sorting_algorithms-Bubble_sort/[0-1][3-1][7-1][12-10].wasm,c3ee3e6c38ea6aba986d708bf4f1f2ec
all5/Sorting_algorithms-Bubble_sort/[0-1][3-1][7-1][12-1].wasm,c3ee3e6c38ea6aba986d708bf4f1f2ec
all5/Sorting_algorithms-Bubble_sort/[0-1][3-1][7-1][12-2].wasm,c3ee3e6c38ea6aba986d708bf4f1f2ec
all5/Sorting_algorithms-Bubble_sort/[0-1][3-1][7-1][12-3].wasm,c3ee3e6c38ea6aba986d708bf4f1f2ec
all5/Sorting_algorithms-Bubble_sort/[0-1][3-1][7-1][12-4].wasm,c3ee3e6c38ea6aba986d708bf4f1f2ec
all5/Sorting_algorithms-Bubble_sort/[0-1][3-1][7-1][12-5].wasm,c3ee3e6c38ea6aba986d708bf4f1f2ec
all5/Sorting_algorithms-Bubble_sort/[0-1][3-1][7-1][12-6].wasm,c3ee3e6c38ea6aba986d708bf4f1f2ec
all5/Sorting_algorithms-Bubble_sort/[0-1][3-1][7-1][12-7].wasm,c3ee3e6c38ea6aba986d708bf4f1f2ec
all5/Sorting_algorithms-Bubble_sort/[0-1][3-1][7-1][12-8].wasm,c3ee3e6c38ea6aba986d708bf4f1f2ec
all5/Sorting_algorithms-Bubble_sort/[0-1][3-1][7-1][12-9].wasm,c3ee3e6c38ea6aba986d708bf4f1f2ec
all5/Sorting_algorithms-Bubble_sort/[0-1][3-2].wasm,c3ee3e6c38ea6aba986d708bf4f1f2ec
all5/Sorting_algorithms-Bubble_sort/[0-1][3-2][11-1].wasm,c3ee3e6c38ea6aba986d708bf4f1f2ec
all5/Sorting_algorithms-Bubble_sort/[0-1][3-2][11-1][12-10].wasm,c3ee3e6c38ea6aba986d708bf4f1f2ec
all5/Sorting_algorithms-Bubble_sort/[0-1][3-2][11-1][12-1].wasm,c3ee3e6c38ea6aba986d708bf4f1f2ec
all5/Sorting_algorithms-Bubble_sort/[0-1][3-2][11-1][12-2].wasm,c3ee3e6c38ea6aba986d708bf4f1f2ec
all5/Sorting_algorithms-Bubble_sort/[0-1][3-2][11-1][12-3].wasm,c3ee3e6c38ea6aba986d708bf4f1f2ec
all5/Sorting_algorithms-Bubble_sort/[0-1][3-2][11-1][12-4].wasm,c3ee3e6c38ea6aba986d708bf4f1f2ec
all5/Sorting_algorithms-Bubble_sort/[0-1][3-2][11-1][12-5].wasm,c3ee3e6c38ea6aba986d708bf4f1f2ec
all5/Sorting_algorithms-Bubble_sort/[0-1][3-2][11-1][12-6].wasm,c3ee3e6c38ea6aba986d708bf4f1f2ec
all5/Sorting_algorithms-Bubble_sort/[0-1][3-2][11-1][12-7].wasm,c3ee3e6c38ea6aba986d708bf4f1f2ec
all5/Sorting_algorithms-Bubble_sort/[0-1][3-2][11-1][12-8].wasm,c3ee3e6c38ea6aba986d708bf4f1f2ec
all5/Sorting_algorithms-Bubble_sort/[0-1][3-2][11-1][12-9].wasm,c3ee3e6c38ea6aba986d708bf4f1f2ec
all5/Sorting_algorithms-Bubble_sort/[0-1][3-2][12-10].wasm,c3ee3e6c38ea6aba986d708bf4f1f2ec
all5/Sorting_algorithms-Bubble_sort/[0-1][3-2][12-1].wasm,c3ee3e6c38ea6aba986d708bf4f1f2ec
all5/Sorting_algorithms-Bubble_sort/[0-1][3-2][12-2].wasm,c3ee3e6c38ea6aba986d708bf4f1f2ec
all5/Sorting_algorithms-Bubble_sort/[0-1][3-2][12-3].wasm,c3ee3e6c38ea6aba986d708bf4f1f2ec
all5/Sorting_algorithms-Bubble_sort/[0-1][3-2][12-4].wasm,c3ee3e6c38ea6aba986d708bf4f1f2ec
all5/Sorting_algorithms-Bubble_sort/[0-1][3-2][12-5].wasm,c3ee3e6c38ea6aba986d708bf4f1f2ec
all5/Sorting_algorithms-Bubble_sort/[0-1][3-2][12-6].wasm,c3ee3e6c38ea6aba986d708bf4f1f2ec
all5/Sorting_algorithms-Bubble_sort/[0-1][3-2][12-7].wasm,c3ee3e6c38ea6aba986d708bf4f1f2ec
all5/Sorting_algorithms-Bubble_sort/[0-1][3-2][12-8].wasm,c3ee3e6c38ea6aba986d708bf4f1f2ec
all5/Sorting_algorithms-Bubble_sort/[0-1][3-2][12-9].wasm,c3ee3e6c38ea6aba986d708bf4f1f2ec
all5/Sorting_algorithms-Bubble_sort/[0-1][3-2][7-1].wasm,c3ee3e6c38ea6aba986d708bf4f1f2ec
all5/Sorting_algorithms-Bubble_sort/[0-1][3-2][7-1][11-1].wasm,c3ee3e6c38ea6aba986d708bf4f1f2ec
all5/Sorting_algorithms-Bubble_sort/[0-1][3-2][7-1][11-1][12-10].wasm,c3ee3e6c38ea6aba986d708bf4f1f2ec
all5/Sorting_algorithms-Bubble_sort/[0-1][3-2][7-1][11-1][12-1].wasm,c3ee3e6c38ea6aba986d708bf4f1f2ec
all5/Sorting_algorithms-Bubble_sort/[0-1][3-2][7-1][11-1][12-2].wasm,c3ee3e6c38ea6aba986d708bf4f1f2ec
all5/Sorting_algorithms-Bubble_sort/[0-1][3-2][7-1][11-1][12-3].wasm,c3ee3e6c38ea6aba986d708bf4f1f2ec
all5/Sorting_algorithms-Bubble_sort/[0-1][3-2][7-1][11-1][12-4].wasm,c3ee3e6c38ea6aba986d708bf4f1f2ec
all5/Sorting_algorithms-Bubble_sort/[0-1][3-2][7-1][11-1][12-5].wasm,c3ee3e6c38ea6aba986d708bf4f1f2ec
all5/Sorting_algorithms-Bubble_sort/[0-1][3-2][7-1][11-1][12-6].wasm,c3ee3e6c38ea6aba986d708bf4f1f2ec
all5/Sorting_algorithms-Bubble_sort/[0-1][3-2][7-1][11-1][12-7].wasm,c3ee3e6c38ea6aba986d708bf4f1f2ec
all5/Sorting_algorithms-Bubble_sort/[0-1][3-2][7-1][11-1][12-8].wasm,c3ee3e6c38ea6aba986d708bf4f1f2ec
all5/Sorting_algorithms-Bubble_sort/[0-1][3-2][7-1][11-1][12-9].wasm,c3ee3e6c38ea6aba986d708bf4f1f2ec
all5/Sorting_algorithms-Bubble_sort/[0-1][3-2][7-1][12-10].wasm,c3ee3e6c38ea6aba986d708bf4f1f2ec
all5/Sorting_algorithms-Bubble_sort/[0-1][3-2][7-1][12-1].wasm,c3ee3e6c38ea6aba986d708bf4f1f2ec
all5/Sorting_algorithms-Bubble_sort/[0-1][3-2][7-1][12-2].wasm,c3ee3e6c38ea6aba986d708bf4f1f2ec
all5/Sorting_algorithms-Bubble_sort/[0-1][3-2][7-1][12-3].wasm,c3ee3e6c38ea6aba986d708bf4f1f2ec
all5/Sorting_algorithms-Bubble_sort/[0-1][3-2][7-1][12-4].wasm,c3ee3e6c38ea6aba986d708bf4f1f2ec
all5/Sorting_algorithms-Bubble_sort/[0-1][3-2][7-1][12-5].wasm,c3ee3e6c38ea6aba986d708bf4f1f2ec
all5/Sorting_algorithms-Bubble_sort/[0-1][3-2][7-1][12-6].wasm,c3ee3e6c38ea6aba986d708bf4f1f2ec
all5/Sorting_algorithms-Bubble_sort/[0-1][3-2][7-1][12-7].wasm,c3ee3e6c38ea6aba986d708bf4f1f2ec
all5/Sorting_algorithms-Bubble_sort/[0-1][3-2][7-1][12-8].wasm,c3ee3e6c38ea6aba986d708bf4f1f2ec
all5/Sorting_algorithms-Bubble_sort/[0-1][3-2][7-1][12-9].wasm,c3ee3e6c38ea6aba986d708bf4f1f2ec
all5/Sorting_algorithms-Bubble_sort/[0-1][3-3].wasm,c3ee3e6c38ea6aba986d708bf4f1f2ec
all5/Sorting_algorithms-Bubble_sort/[0-1][3-3][11-1].wasm,c3ee3e6c38ea6aba986d708bf4f1f2ec
all5/Sorting_algorithms-Bubble_sort/[0-1][3-3][11-1][12-10].wasm,c3ee3e6c38ea6aba986d708bf4f1f2ec
all5/Sorting_algorithms-Bubble_sort/[0-1][3-3][11-1][12-1].wasm,c3ee3e6c38ea6aba986d708bf4f1f2ec
all5/Sorting_algorithms-Bubble_sort/[0-1][3-3][11-1][12-2].wasm,c3ee3e6c38ea6aba986d708bf4f1f2ec
all5/Sorting_algorithms-Bubble_sort/[0-1][3-3][11-1][12-3].wasm,c3ee3e6c38ea6aba986d708bf4f1f2ec
all5/Sorting_algorithms-Bubble_sort/[0-1][3-3][11-1][12-4].wasm,c3ee3e6c38ea6aba986d708bf4f1f2ec
all5/Sorting_algorithms-Bubble_sort/[0-1][3-3][11-1][12-5].wasm,c3ee3e6c38ea6aba986d708bf4f1f2ec
all5/Sorting_algorithms-Bubble_sort/[0-1][3-3][11-1][12-6].wasm,c3ee3e6c38ea6aba986d708bf4f1f2ec
all5/Sorting_algorithms-Bubble_sort/[0-1][3-3][11-1][12-7].wasm,c3ee3e6c38ea6aba986d708bf4f1f2ec
all5/Sorting_algorithms-Bubble_sort/[0-1][3-3][11-1][12-8].wasm,c3ee3e6c38ea6aba986d708bf4f1f2ec
all5/Sorting_algorithms-Bubble_sort/[0-1][3-3][11-1][12-9].wasm,c3ee3e6c38ea6aba986d708bf4f1f2ec
all5/Sorting_algorithms-Bubble_sort/[0-1][3-3][12-10].wasm,c3ee3e6c38ea6aba986d708bf4f1f2ec
all5/Sorting_algorithms-Bubble_sort/[0-1][3-3][12-1].wasm,c3ee3e6c38ea6aba986d708bf4f1f2ec
all5/Sorting_algorithms-Bubble_sort/[0-1][3-3][12-2].wasm,c3ee3e6c38ea6aba986d708bf4f1f2ec
all5/Sorting_algorithms-Bubble_sort/[0-1][3-3][12-3].wasm,c3ee3e6c38ea6aba986d708bf4f1f2ec
all5/Sorting_algorithms-Bubble_sort/[0-1][3-3][12-4].wasm,c3ee3e6c38ea6aba986d708bf4f1f2ec
all5/Sorting_algorithms-Bubble_sort/[0-1][3-3][12-5].wasm,c3ee3e6c38ea6aba986d708bf4f1f2ec
all5/Sorting_algorithms-Bubble_sort/[0-1][3-3][12-6].wasm,c3ee3e6c38ea6aba986d708bf4f1f2ec
all5/Sorting_algorithms-Bubble_sort/[0-1][3-3][12-7].wasm,c3ee3e6c38ea6aba986d708bf4f1f2ec
all5/Sorting_algorithms-Bubble_sort/[0-1][3-3][12-8].wasm,c3ee3e6c38ea6aba986d708bf4f1f2ec
all5/Sorting_algorithms-Bubble_sort/[0-1][3-3][12-9].wasm,c3ee3e6c38ea6aba986d708bf4f1f2ec
all5/Sorting_algorithms-Bubble_sort/[0-1][3-3][7-1].wasm,c3ee3e6c38ea6aba986d708bf4f1f2ec
all5/Sorting_algorithms-Bubble_sort/[0-1][3-3][7-1][11-1].wasm,c3ee3e6c38ea6aba986d708bf4f1f2ec
all5/Sorting_algorithms-Bubble_sort/[0-1][3-3][7-1][11-1][12-10].wasm,c3ee3e6c38ea6aba986d708bf4f1f2ec
all5/Sorting_algorithms-Bubble_sort/[0-1][3-3][7-1][11-1][12-1].wasm,c3ee3e6c38ea6aba986d708bf4f1f2ec
all5/Sorting_algorithms-Bubble_sort/[0-1][3-3][7-1][11-1][12-2].wasm,c3ee3e6c38ea6aba986d708bf4f1f2ec
all5/Sorting_algorithms-Bubble_sort/[0-1][3-3][7-1][11-1][12-3].wasm,c3ee3e6c38ea6aba986d708bf4f1f2ec
all5/Sorting_algorithms-Bubble_sort/[0-1][3-3][7-1][11-1][12-4].wasm,c3ee3e6c38ea6aba986d708bf4f1f2ec
all5/Sorting_algorithms-Bubble_sort/[0-1][3-3][7-1][11-1][12-5].wasm,c3ee3e6c38ea6aba986d708bf4f1f2ec
all5/Sorting_algorithms-Bubble_sort/[0-1][3-3][7-1][11-1][12-6].wasm,c3ee3e6c38ea6aba986d708bf4f1f2ec
all5/Sorting_algorithms-Bubble_sort/[0-1][3-3][7-1][11-1][12-7].wasm,c3ee3e6c38ea6aba986d708bf4f1f2ec
all5/Sorting_algorithms-Bubble_sort/[0-1][3-3][7-1][11-1][12-8].wasm,c3ee3e6c38ea6aba986d708bf4f1f2ec
all5/Sorting_algorithms-Bubble_sort/[0-1][3-3][7-1][11-1][12-9].wasm,c3ee3e6c38ea6aba986d708bf4f1f2ec
all5/Sorting_algorithms-Bubble_sort/[0-1][3-3][7-1][12-10].wasm,c3ee3e6c38ea6aba986d708bf4f1f2ec
all5/Sorting_algorithms-Bubble_sort/[0-1][3-3][7-1][12-1].wasm,c3ee3e6c38ea6aba986d708bf4f1f2ec
all5/Sorting_algorithms-Bubble_sort/[0-1][3-3][7-1][12-2].wasm,c3ee3e6c38ea6aba986d708bf4f1f2ec
all5/Sorting_algorithms-Bubble_sort/[0-1][3-3][7-1][12-3].wasm,c3ee3e6c38ea6aba986d708bf4f1f2ec
all5/Sorting_algorithms-Bubble_sort/[0-1][3-3][7-1][12-4].wasm,c3ee3e6c38ea6aba986d708bf4f1f2ec
all5/Sorting_algorithms-Bubble_sort/[0-1][3-3][7-1][12-5].wasm,c3ee3e6c38ea6aba986d708bf4f1f2ec
all5/Sorting_algorithms-Bubble_sort/[0-1][3-3][7-1][12-6].wasm,c3ee3e6c38ea6aba986d708bf4f1f2ec
all5/Sorting_algorithms-Bubble_sort/[0-1][3-3][7-1][12-7].wasm,c3ee3e6c38ea6aba986d708bf4f1f2ec
all5/Sorting_algorithms-Bubble_sort/[0-1][3-3][7-1][12-8].wasm,c3ee3e6c38ea6aba986d708bf4f1f2ec
all5/Sorting_algorithms-Bubble_sort/[0-1][3-3][7-1][12-9].wasm,c3ee3e6c38ea6aba986d708bf4f1f2ec
all5/Sorting_algorithms-Bubble_sort/[0-1][3-4].wasm,c3ee3e6c38ea6aba986d708bf4f1f2ec
all5/Sorting_algorithms-Bubble_sort/[0-1][3-4][11-1].wasm,c3ee3e6c38ea6aba986d708bf4f1f2ec
all5/Sorting_algorithms-Bubble_sort/[0-1][3-4][11-1][12-10].wasm,c3ee3e6c38ea6aba986d708bf4f1f2ec
all5/Sorting_algorithms-Bubble_sort/[0-1][3-4][11-1][12-1].wasm,c3ee3e6c38ea6aba986d708bf4f1f2ec
all5/Sorting_algorithms-Bubble_sort/[0-1][3-4][11-1][12-2].wasm,c3ee3e6c38ea6aba986d708bf4f1f2ec
all5/Sorting_algorithms-Bubble_sort/[0-1][3-4][11-1][12-3].wasm,c3ee3e6c38ea6aba986d708bf4f1f2ec
all5/Sorting_algorithms-Bubble_sort/[0-1][3-4][11-1][12-4].wasm,c3ee3e6c38ea6aba986d708bf4f1f2ec
all5/Sorting_algorithms-Bubble_sort/[0-1][3-4][11-1][12-5].wasm,c3ee3e6c38ea6aba986d708bf4f1f2ec
all5/Sorting_algorithms-Bubble_sort/[0-1][3-4][11-1][12-6].wasm,c3ee3e6c38ea6aba986d708bf4f1f2ec
all5/Sorting_algorithms-Bubble_sort/[0-1][3-4][11-1][12-7].wasm,c3ee3e6c38ea6aba986d708bf4f1f2ec
all5/Sorting_algorithms-Bubble_sort/[0-1][3-4][11-1][12-8].wasm,c3ee3e6c38ea6aba986d708bf4f1f2ec
all5/Sorting_algorithms-Bubble_sort/[0-1][3-4][11-1][12-9].wasm,c3ee3e6c38ea6aba986d708bf4f1f2ec
all5/Sorting_algorithms-Bubble_sort/[0-1][3-4][12-10].wasm,c3ee3e6c38ea6aba986d708bf4f1f2ec
all5/Sorting_algorithms-Bubble_sort/[0-1][3-4][12-1].wasm,c3ee3e6c38ea6aba986d708bf4f1f2ec
all5/Sorting_algorithms-Bubble_sort/[0-1][3-4][12-2].wasm,c3ee3e6c38ea6aba986d708bf4f1f2ec
all5/Sorting_algorithms-Bubble_sort/[0-1][3-4][12-3].wasm,c3ee3e6c38ea6aba986d708bf4f1f2ec
all5/Sorting_algorithms-Bubble_sort/[0-1][3-4][12-4].wasm,c3ee3e6c38ea6aba986d708bf4f1f2ec
all5/Sorting_algorithms-Bubble_sort/[0-1][3-4][12-5].wasm,c3ee3e6c38ea6aba986d708bf4f1f2ec
all5/Sorting_algorithms-Bubble_sort/[0-1][3-4][12-6].wasm,c3ee3e6c38ea6aba986d708bf4f1f2ec
all5/Sorting_algorithms-Bubble_sort/[0-1][3-4][12-7].wasm,c3ee3e6c38ea6aba986d708bf4f1f2ec
all5/Sorting_algorithms-Bubble_sort/[0-1][3-4][12-8].wasm,c3ee3e6c38ea6aba986d708bf4f1f2ec
all5/Sorting_algorithms-Bubble_sort/[0-1][3-4][12-9].wasm,c3ee3e6c38ea6aba986d708bf4f1f2ec
all5/Sorting_algorithms-Bubble_sort/[0-1][3-4][7-1].wasm,c3ee3e6c38ea6aba986d708bf4f1f2ec
all5/Sorting_algorithms-Bubble_sort/[0-1][3-4][7-1][11-1].wasm,c3ee3e6c38ea6aba986d708bf4f1f2ec
all5/Sorting_algorithms-Bubble_sort/[0-1][3-4][7-1][11-1][12-10].wasm,c3ee3e6c38ea6aba986d708bf4f1f2ec
all5/Sorting_algorithms-Bubble_sort/[0-1][3-4][7-1][11-1][12-1].wasm,c3ee3e6c38ea6aba986d708bf4f1f2ec
all5/Sorting_algorithms-Bubble_sort/[0-1][3-4][7-1][11-1][12-2].wasm,c3ee3e6c38ea6aba986d708bf4f1f2ec
all5/Sorting_algorithms-Bubble_sort/[0-1][3-4][7-1][11-1][12-3].wasm,c3ee3e6c38ea6aba986d708bf4f1f2ec
all5/Sorting_algorithms-Bubble_sort/[0-1][3-4][7-1][11-1][12-4].wasm,c3ee3e6c38ea6aba986d708bf4f1f2ec
all5/Sorting_algorithms-Bubble_sort/[0-1][3-4][7-1][11-1][12-5].wasm,c3ee3e6c38ea6aba986d708bf4f1f2ec
all5/Sorting_algorithms-Bubble_sort/[0-1][3-4][7-1][11-1][12-6].wasm,c3ee3e6c38ea6aba986d708bf4f1f2ec
all5/Sorting_algorithms-Bubble_sort/[0-1][3-4][7-1][11-1][12-7].wasm,c3ee3e6c38ea6aba986d708bf4f1f2ec
all5/Sorting_algorithms-Bubble_sort/[0-1][3-4][7-1][11-1][12-8].wasm,c3ee3e6c38ea6aba986d708bf4f1f2ec
all5/Sorting_algorithms-Bubble_sort/[0-1][3-4][7-1][11-1][12-9].wasm,c3ee3e6c38ea6aba986d708bf4f1f2ec
all5/Sorting_algorithms-Bubble_sort/[0-1][3-4][7-1][12-10].wasm,c3ee3e6c38ea6aba986d708bf4f1f2ec
all5/Sorting_algorithms-Bubble_sort/[0-1][3-4][7-1][12-1].wasm,c3ee3e6c38ea6aba986d708bf4f1f2ec
all5/Sorting_algorithms-Bubble_sort/[0-1][3-4][7-1][12-2].wasm,c3ee3e6c38ea6aba986d708bf4f1f2ec
all5/Sorting_algorithms-Bubble_sort/[0-1][3-4][7-1][12-3].wasm,c3ee3e6c38ea6aba986d708bf4f1f2ec
all5/Sorting_algorithms-Bubble_sort/[0-1][3-4][7-1][12-4].wasm,c3ee3e6c38ea6aba986d708bf4f1f2ec
all5/Sorting_algorithms-Bubble_sort/[0-1][3-4][7-1][12-5].wasm,c3ee3e6c38ea6aba986d708bf4f1f2ec
all5/Sorting_algorithms-Bubble_sort/[0-1][3-4][7-1][12-6].wasm,c3ee3e6c38ea6aba986d708bf4f1f2ec
all5/Sorting_algorithms-Bubble_sort/[0-1][3-4][7-1][12-7].wasm,c3ee3e6c38ea6aba986d708bf4f1f2ec
all5/Sorting_algorithms-Bubble_sort/[0-1][3-4][7-1][12-8].wasm,c3ee3e6c38ea6aba986d708bf4f1f2ec
all5/Sorting_algorithms-Bubble_sort/[0-1][3-4][7-1][12-9].wasm,c3ee3e6c38ea6aba986d708bf4f1f2ec
all5/Sorting_algorithms-Bubble_sort/[0-1][7-1].wasm,c3ee3e6c38ea6aba986d708bf4f1f2ec
all5/Sorting_algorithms-Bubble_sort/[0-1][7-1][11-1].wasm,c3ee3e6c38ea6aba986d708bf4f1f2ec
all5/Sorting_algorithms-Bubble_sort/[0-1][7-1][11-1][12-10].wasm,c3ee3e6c38ea6aba986d708bf4f1f2ec
all5/Sorting_algorithms-Bubble_sort/[0-1][7-1][11-1][12-1].wasm,c3ee3e6c38ea6aba986d708bf4f1f2ec
all5/Sorting_algorithms-Bubble_sort/[0-1][7-1][11-1][12-2].wasm,c3ee3e6c38ea6aba986d708bf4f1f2ec
all5/Sorting_algorithms-Bubble_sort/[0-1][7-1][11-1][12-3].wasm,c3ee3e6c38ea6aba986d708bf4f1f2ec
all5/Sorting_algorithms-Bubble_sort/[0-1][7-1][11-1][12-4].wasm,c3ee3e6c38ea6aba986d708bf4f1f2ec
all5/Sorting_algorithms-Bubble_sort/[0-1][7-1][11-1][12-5].wasm,c3ee3e6c38ea6aba986d708bf4f1f2ec
all5/Sorting_algorithms-Bubble_sort/[0-1][7-1][11-1][12-6].wasm,c3ee3e6c38ea6aba986d708bf4f1f2ec
all5/Sorting_algorithms-Bubble_sort/[0-1][7-1][11-1][12-7].wasm,c3ee3e6c38ea6aba986d708bf4f1f2ec
all5/Sorting_algorithms-Bubble_sort/[0-1][7-1][11-1][12-8].wasm,c3ee3e6c38ea6aba986d708bf4f1f2ec
all5/Sorting_algorithms-Bubble_sort/[0-1][7-1][11-1][12-9].wasm,c3ee3e6c38ea6aba986d708bf4f1f2ec
all5/Sorting_algorithms-Bubble_sort/[0-1][7-1][12-10].wasm,c3ee3e6c38ea6aba986d708bf4f1f2ec
all5/Sorting_algorithms-Bubble_sort/[0-1][7-1][12-1].wasm,c3ee3e6c38ea6aba986d708bf4f1f2ec
all5/Sorting_algorithms-Bubble_sort/[0-1][7-1][12-2].wasm,c3ee3e6c38ea6aba986d708bf4f1f2ec
all5/Sorting_algorithms-Bubble_sort/[0-1][7-1][12-3].wasm,c3ee3e6c38ea6aba986d708bf4f1f2ec
all5/Sorting_algorithms-Bubble_sort/[0-1][7-1][12-4].wasm,c3ee3e6c38ea6aba986d708bf4f1f2ec
all5/Sorting_algorithms-Bubble_sort/[0-1][7-1][12-5].wasm,c3ee3e6c38ea6aba986d708bf4f1f2ec
all5/Sorting_algorithms-Bubble_sort/[0-1][7-1][12-6].wasm,c3ee3e6c38ea6aba986d708bf4f1f2ec
all5/Sorting_algorithms-Bubble_sort/[0-1][7-1][12-7].wasm,c3ee3e6c38ea6aba986d708bf4f1f2ec
all5/Sorting_algorithms-Bubble_sort/[0-1][7-1][12-8].wasm,c3ee3e6c38ea6aba986d708bf4f1f2ec
all5/Sorting_algorithms-Bubble_sort/[0-1][7-1][12-9].wasm,c3ee3e6c38ea6aba986d708bf4f1f2ec
all5/Sorting_algorithms-Bubble_sort/[11-1].wasm,c3ee3e6c38ea6aba986d708bf4f1f2ec
all5/Sorting_algorithms-Bubble_sort/[11-1][12-10].wasm,c3ee3e6c38ea6aba986d708bf4f1f2ec
all5/Sorting_algorithms-Bubble_sort/[11-1][12-1].wasm,c3ee3e6c38ea6aba986d708bf4f1f2ec
all5/Sorting_algorithms-Bubble_sort/[11-1][12-2].wasm,c3ee3e6c38ea6aba986d708bf4f1f2ec
all5/Sorting_algorithms-Bubble_sort/[11-1][12-3].wasm,c3ee3e6c38ea6aba986d708bf4f1f2ec
all5/Sorting_algorithms-Bubble_sort/[11-1][12-4].wasm,c3ee3e6c38ea6aba986d708bf4f1f2ec
all5/Sorting_algorithms-Bubble_sort/[11-1][12-5].wasm,c3ee3e6c38ea6aba986d708bf4f1f2ec
all5/Sorting_algorithms-Bubble_sort/[11-1][12-6].wasm,c3ee3e6c38ea6aba986d708bf4f1f2ec
all5/Sorting_algorithms-Bubble_sort/[11-1][12-7].wasm,c3ee3e6c38ea6aba986d708bf4f1f2ec
all5/Sorting_algorithms-Bubble_sort/[11-1][12-8].wasm,c3ee3e6c38ea6aba986d708bf4f1f2ec
all5/Sorting_algorithms-Bubble_sort/[11-1][12-9].wasm,c3ee3e6c38ea6aba986d708bf4f1f2ec
all5/Sorting_algorithms-Bubble_sort/[12-10].wasm,c3ee3e6c38ea6aba986d708bf4f1f2ec
all5/Sorting_algorithms-Bubble_sort/[12-1].wasm,c3ee3e6c38ea6aba986d708bf4f1f2ec
all5/Sorting_algorithms-Bubble_sort/[12-2].wasm,c3ee3e6c38ea6aba986d708bf4f1f2ec
all5/Sorting_algorithms-Bubble_sort/[12-3].wasm,c3ee3e6c38ea6aba986d708bf4f1f2ec
all5/Sorting_algorithms-Bubble_sort/[12-4].wasm,c3ee3e6c38ea6aba986d708bf4f1f2ec
all5/Sorting_algorithms-Bubble_sort/[12-5].wasm,c3ee3e6c38ea6aba986d708bf4f1f2ec
all5/Sorting_algorithms-Bubble_sort/[12-6].wasm,c3ee3e6c38ea6aba986d708bf4f1f2ec
all5/Sorting_algorithms-Bubble_sort/[12-7].wasm,c3ee3e6c38ea6aba986d708bf4f1f2ec
all5/Sorting_algorithms-Bubble_sort/[12-8].wasm,c3ee3e6c38ea6aba986d708bf4f1f2ec
all5/Sorting_algorithms-Bubble_sort/[12-9].wasm,c3ee3e6c38ea6aba986d708bf4f1f2ec
all5/Sorting_algorithms-Bubble_sort/[3-1].wasm,c3ee3e6c38ea6aba986d708bf4f1f2ec
all5/Sorting_algorithms-Bubble_sort/[3-1][11-1].wasm,c3ee3e6c38ea6aba986d708bf4f1f2ec
all5/Sorting_algorithms-Bubble_sort/[3-1][11-1][12-10].wasm,c3ee3e6c38ea6aba986d708bf4f1f2ec
all5/Sorting_algorithms-Bubble_sort/[3-1][11-1][12-1].wasm,c3ee3e6c38ea6aba986d708bf4f1f2ec
all5/Sorting_algorithms-Bubble_sort/[3-1][11-1][12-2].wasm,c3ee3e6c38ea6aba986d708bf4f1f2ec
all5/Sorting_algorithms-Bubble_sort/[3-1][11-1][12-3].wasm,c3ee3e6c38ea6aba986d708bf4f1f2ec
all5/Sorting_algorithms-Bubble_sort/[3-1][11-1][12-4].wasm,c3ee3e6c38ea6aba986d708bf4f1f2ec
all5/Sorting_algorithms-Bubble_sort/[3-1][11-1][12-5].wasm,c3ee3e6c38ea6aba986d708bf4f1f2ec
all5/Sorting_algorithms-Bubble_sort/[3-1][11-1][12-6].wasm,c3ee3e6c38ea6aba986d708bf4f1f2ec
all5/Sorting_algorithms-Bubble_sort/[3-1][11-1][12-7].wasm,c3ee3e6c38ea6aba986d708bf4f1f2ec
all5/Sorting_algorithms-Bubble_sort/[3-1][11-1][12-8].wasm,c3ee3e6c38ea6aba986d708bf4f1f2ec
all5/Sorting_algorithms-Bubble_sort/[3-1][11-1][12-9].wasm,c3ee3e6c38ea6aba986d708bf4f1f2ec
all5/Sorting_algorithms-Bubble_sort/[3-1][12-10].wasm,c3ee3e6c38ea6aba986d708bf4f1f2ec
all5/Sorting_algorithms-Bubble_sort/[3-1][12-1].wasm,c3ee3e6c38ea6aba986d708bf4f1f2ec
all5/Sorting_algorithms-Bubble_sort/[3-1][12-2].wasm,c3ee3e6c38ea6aba986d708bf4f1f2ec
all5/Sorting_algorithms-Bubble_sort/[3-1][12-3].wasm,c3ee3e6c38ea6aba986d708bf4f1f2ec
all5/Sorting_algorithms-Bubble_sort/[3-1][12-4].wasm,c3ee3e6c38ea6aba986d708bf4f1f2ec
all5/Sorting_algorithms-Bubble_sort/[3-1][12-5].wasm,c3ee3e6c38ea6aba986d708bf4f1f2ec
all5/Sorting_algorithms-Bubble_sort/[3-1][12-6].wasm,c3ee3e6c38ea6aba986d708bf4f1f2ec
all5/Sorting_algorithms-Bubble_sort/[3-1][12-7].wasm,c3ee3e6c38ea6aba986d708bf4f1f2ec
all5/Sorting_algorithms-Bubble_sort/[3-1][12-8].wasm,c3ee3e6c38ea6aba986d708bf4f1f2ec
all5/Sorting_algorithms-Bubble_sort/[3-1][12-9].wasm,c3ee3e6c38ea6aba986d708bf4f1f2ec
all5/Sorting_algorithms-Bubble_sort/[3-1][7-1].wasm,c3ee3e6c38ea6aba986d708bf4f1f2ec
all5/Sorting_algorithms-Bubble_sort/[3-1][7-1][11-1].wasm,c3ee3e6c38ea6aba986d708bf4f1f2ec
all5/Sorting_algorithms-Bubble_sort/[3-1][7-1][11-1][12-10].wasm,c3ee3e6c38ea6aba986d708bf4f1f2ec
all5/Sorting_algorithms-Bubble_sort/[3-1][7-1][11-1][12-1].wasm,c3ee3e6c38ea6aba986d708bf4f1f2ec
all5/Sorting_algorithms-Bubble_sort/[3-1][7-1][11-1][12-2].wasm,c3ee3e6c38ea6aba986d708bf4f1f2ec
all5/Sorting_algorithms-Bubble_sort/[3-1][7-1][11-1][12-3].wasm,c3ee3e6c38ea6aba986d708bf4f1f2ec
all5/Sorting_algorithms-Bubble_sort/[3-1][7-1][11-1][12-4].wasm,c3ee3e6c38ea6aba986d708bf4f1f2ec
all5/Sorting_algorithms-Bubble_sort/[3-1][7-1][11-1][12-5].wasm,c3ee3e6c38ea6aba986d708bf4f1f2ec
all5/Sorting_algorithms-Bubble_sort/[3-1][7-1][11-1][12-6].wasm,c3ee3e6c38ea6aba986d708bf4f1f2ec
all5/Sorting_algorithms-Bubble_sort/[3-1][7-1][11-1][12-7].wasm,c3ee3e6c38ea6aba986d708bf4f1f2ec
all5/Sorting_algorithms-Bubble_sort/[3-1][7-1][11-1][12-8].wasm,c3ee3e6c38ea6aba986d708bf4f1f2ec
all5/Sorting_algorithms-Bubble_sort/[3-1][7-1][11-1][12-9].wasm,c3ee3e6c38ea6aba986d708bf4f1f2ec
all5/Sorting_algorithms-Bubble_sort/[3-1][7-1][12-10].wasm,c3ee3e6c38ea6aba986d708bf4f1f2ec
all5/Sorting_algorithms-Bubble_sort/[3-1][7-1][12-1].wasm,c3ee3e6c38ea6aba986d708bf4f1f2ec
all5/Sorting_algorithms-Bubble_sort/[3-1][7-1][12-2].wasm,c3ee3e6c38ea6aba986d708bf4f1f2ec
all5/Sorting_algorithms-Bubble_sort/[3-1][7-1][12-3].wasm,c3ee3e6c38ea6aba986d708bf4f1f2ec
all5/Sorting_algorithms-Bubble_sort/[3-1][7-1][12-4].wasm,c3ee3e6c38ea6aba986d708bf4f1f2ec
all5/Sorting_algorithms-Bubble_sort/[3-1][7-1][12-5].wasm,c3ee3e6c38ea6aba986d708bf4f1f2ec
all5/Sorting_algorithms-Bubble_sort/[3-1][7-1][12-6].wasm,c3ee3e6c38ea6aba986d708bf4f1f2ec
all5/Sorting_algorithms-Bubble_sort/[3-1][7-1][12-7].wasm,c3ee3e6c38ea6aba986d708bf4f1f2ec
all5/Sorting_algorithms-Bubble_sort/[3-1][7-1][12-8].wasm,c3ee3e6c38ea6aba986d708bf4f1f2ec
all5/Sorting_algorithms-Bubble_sort/[3-1][7-1][12-9].wasm,c3ee3e6c38ea6aba986d708bf4f1f2ec
all5/Sorting_algorithms-Bubble_sort/[3-2].wasm,c3ee3e6c38ea6aba986d708bf4f1f2ec
all5/Sorting_algorithms-Bubble_sort/[3-2][11-1].wasm,c3ee3e6c38ea6aba986d708bf4f1f2ec
all5/Sorting_algorithms-Bubble_sort/[3-2][11-1][12-10].wasm,c3ee3e6c38ea6aba986d708bf4f1f2ec
all5/Sorting_algorithms-Bubble_sort/[3-2][11-1][12-1].wasm,c3ee3e6c38ea6aba986d708bf4f1f2ec
all5/Sorting_algorithms-Bubble_sort/[3-2][11-1][12-2].wasm,c3ee3e6c38ea6aba986d708bf4f1f2ec
all5/Sorting_algorithms-Bubble_sort/[3-2][11-1][12-3].wasm,c3ee3e6c38ea6aba986d708bf4f1f2ec
all5/Sorting_algorithms-Bubble_sort/[3-2][11-1][12-4].wasm,c3ee3e6c38ea6aba986d708bf4f1f2ec
all5/Sorting_algorithms-Bubble_sort/[3-2][11-1][12-5].wasm,c3ee3e6c38ea6aba986d708bf4f1f2ec
all5/Sorting_algorithms-Bubble_sort/[3-2][11-1][12-6].wasm,c3ee3e6c38ea6aba986d708bf4f1f2ec
all5/Sorting_algorithms-Bubble_sort/[3-2][11-1][12-7].wasm,c3ee3e6c38ea6aba986d708bf4f1f2ec
all5/Sorting_algorithms-Bubble_sort/[3-2][11-1][12-8].wasm,c3ee3e6c38ea6aba986d708bf4f1f2ec
all5/Sorting_algorithms-Bubble_sort/[3-2][11-1][12-9].wasm,c3ee3e6c38ea6aba986d708bf4f1f2ec
all5/Sorting_algorithms-Bubble_sort/[3-2][12-10].wasm,c3ee3e6c38ea6aba986d708bf4f1f2ec
all5/Sorting_algorithms-Bubble_sort/[3-2][12-1].wasm,c3ee3e6c38ea6aba986d708bf4f1f2ec
all5/Sorting_algorithms-Bubble_sort/[3-2][12-2].wasm,c3ee3e6c38ea6aba986d708bf4f1f2ec
all5/Sorting_algorithms-Bubble_sort/[3-2][12-3].wasm,c3ee3e6c38ea6aba986d708bf4f1f2ec
all5/Sorting_algorithms-Bubble_sort/[3-2][12-4].wasm,c3ee3e6c38ea6aba986d708bf4f1f2ec
all5/Sorting_algorithms-Bubble_sort/[3-2][12-5].wasm,c3ee3e6c38ea6aba986d708bf4f1f2ec
all5/Sorting_algorithms-Bubble_sort/[3-2][12-6].wasm,c3ee3e6c38ea6aba986d708bf4f1f2ec
all5/Sorting_algorithms-Bubble_sort/[3-2][12-7].wasm,c3ee3e6c38ea6aba986d708bf4f1f2ec
all5/Sorting_algorithms-Bubble_sort/[3-2][12-8].wasm,c3ee3e6c38ea6aba986d708bf4f1f2ec
all5/Sorting_algorithms-Bubble_sort/[3-2][12-9].wasm,c3ee3e6c38ea6aba986d708bf4f1f2ec
all5/Sorting_algorithms-Bubble_sort/[3-2][7-1].wasm,c3ee3e6c38ea6aba986d708bf4f1f2ec
all5/Sorting_algorithms-Bubble_sort/[3-2][7-1][11-1].wasm,c3ee3e6c38ea6aba986d708bf4f1f2ec
all5/Sorting_algorithms-Bubble_sort/[3-2][7-1][11-1][12-10].wasm,c3ee3e6c38ea6aba986d708bf4f1f2ec
all5/Sorting_algorithms-Bubble_sort/[3-2][7-1][11-1][12-1].wasm,c3ee3e6c38ea6aba986d708bf4f1f2ec
all5/Sorting_algorithms-Bubble_sort/[3-2][7-1][11-1][12-2].wasm,c3ee3e6c38ea6aba986d708bf4f1f2ec
all5/Sorting_algorithms-Bubble_sort/[3-2][7-1][11-1][12-3].wasm,c3ee3e6c38ea6aba986d708bf4f1f2ec
all5/Sorting_algorithms-Bubble_sort/[3-2][7-1][11-1][12-4].wasm,c3ee3e6c38ea6aba986d708bf4f1f2ec
all5/Sorting_algorithms-Bubble_sort/[3-2][7-1][11-1][12-5].wasm,c3ee3e6c38ea6aba986d708bf4f1f2ec
all5/Sorting_algorithms-Bubble_sort/[3-2][7-1][11-1][12-6].wasm,c3ee3e6c38ea6aba986d708bf4f1f2ec
all5/Sorting_algorithms-Bubble_sort/[3-2][7-1][11-1][12-7].wasm,c3ee3e6c38ea6aba986d708bf4f1f2ec
all5/Sorting_algorithms-Bubble_sort/[3-2][7-1][11-1][12-8].wasm,c3ee3e6c38ea6aba986d708bf4f1f2ec
all5/Sorting_algorithms-Bubble_sort/[3-2][7-1][11-1][12-9].wasm,c3ee3e6c38ea6aba986d708bf4f1f2ec
all5/Sorting_algorithms-Bubble_sort/[3-2][7-1][12-10].wasm,c3ee3e6c38ea6aba986d708bf4f1f2ec
all5/Sorting_algorithms-Bubble_sort/[3-2][7-1][12-1].wasm,c3ee3e6c38ea6aba986d708bf4f1f2ec
all5/Sorting_algorithms-Bubble_sort/[3-2][7-1][12-2].wasm,c3ee3e6c38ea6aba986d708bf4f1f2ec
all5/Sorting_algorithms-Bubble_sort/[3-2][7-1][12-3].wasm,c3ee3e6c38ea6aba986d708bf4f1f2ec
all5/Sorting_algorithms-Bubble_sort/[3-2][7-1][12-4].wasm,c3ee3e6c38ea6aba986d708bf4f1f2ec
all5/Sorting_algorithms-Bubble_sort/[3-2][7-1][12-5].wasm,c3ee3e6c38ea6aba986d708bf4f1f2ec
all5/Sorting_algorithms-Bubble_sort/[3-2][7-1][12-6].wasm,c3ee3e6c38ea6aba986d708bf4f1f2ec
all5/Sorting_algorithms-Bubble_sort/[3-2][7-1][12-7].wasm,c3ee3e6c38ea6aba986d708bf4f1f2ec
all5/Sorting_algorithms-Bubble_sort/[3-2][7-1][12-8].wasm,c3ee3e6c38ea6aba986d708bf4f1f2ec
all5/Sorting_algorithms-Bubble_sort/[3-2][7-1][12-9].wasm,c3ee3e6c38ea6aba986d708bf4f1f2ec
all5/Sorting_algorithms-Bubble_sort/[3-3].wasm,c3ee3e6c38ea6aba986d708bf4f1f2ec
all5/Sorting_algorithms-Bubble_sort/[3-3][11-1].wasm,c3ee3e6c38ea6aba986d708bf4f1f2ec
all5/Sorting_algorithms-Bubble_sort/[3-3][11-1][12-10].wasm,c3ee3e6c38ea6aba986d708bf4f1f2ec
all5/Sorting_algorithms-Bubble_sort/[3-3][11-1][12-1].wasm,c3ee3e6c38ea6aba986d708bf4f1f2ec
all5/Sorting_algorithms-Bubble_sort/[3-3][11-1][12-2].wasm,c3ee3e6c38ea6aba986d708bf4f1f2ec
all5/Sorting_algorithms-Bubble_sort/[3-3][11-1][12-3].wasm,c3ee3e6c38ea6aba986d708bf4f1f2ec
all5/Sorting_algorithms-Bubble_sort/[3-3][11-1][12-4].wasm,c3ee3e6c38ea6aba986d708bf4f1f2ec
all5/Sorting_algorithms-Bubble_sort/[3-3][11-1][12-5].wasm,c3ee3e6c38ea6aba986d708bf4f1f2ec
all5/Sorting_algorithms-Bubble_sort/[3-3][11-1][12-6].wasm,c3ee3e6c38ea6aba986d708bf4f1f2ec
all5/Sorting_algorithms-Bubble_sort/[3-3][11-1][12-7].wasm,c3ee3e6c38ea6aba986d708bf4f1f2ec
all5/Sorting_algorithms-Bubble_sort/[3-3][11-1][12-8].wasm,c3ee3e6c38ea6aba986d708bf4f1f2ec
all5/Sorting_algorithms-Bubble_sort/[3-3][11-1][12-9].wasm,c3ee3e6c38ea6aba986d708bf4f1f2ec
all5/Sorting_algorithms-Bubble_sort/[3-3][12-10].wasm,c3ee3e6c38ea6aba986d708bf4f1f2ec
all5/Sorting_algorithms-Bubble_sort/[3-3][12-1].wasm,c3ee3e6c38ea6aba986d708bf4f1f2ec
all5/Sorting_algorithms-Bubble_sort/[3-3][12-2].wasm,c3ee3e6c38ea6aba986d708bf4f1f2ec
all5/Sorting_algorithms-Bubble_sort/[3-3][12-3].wasm,c3ee3e6c38ea6aba986d708bf4f1f2ec
all5/Sorting_algorithms-Bubble_sort/[3-3][12-4].wasm,c3ee3e6c38ea6aba986d708bf4f1f2ec
all5/Sorting_algorithms-Bubble_sort/[3-3][12-5].wasm,c3ee3e6c38ea6aba986d708bf4f1f2ec
all5/Sorting_algorithms-Bubble_sort/[3-3][12-6].wasm,c3ee3e6c38ea6aba986d708bf4f1f2ec
all5/Sorting_algorithms-Bubble_sort/[3-3][12-7].wasm,c3ee3e6c38ea6aba986d708bf4f1f2ec
all5/Sorting_algorithms-Bubble_sort/[3-3][12-8].wasm,c3ee3e6c38ea6aba986d708bf4f1f2ec
all5/Sorting_algorithms-Bubble_sort/[3-3][12-9].wasm,c3ee3e6c38ea6aba986d708bf4f1f2ec
all5/Sorting_algorithms-Bubble_sort/[3-3][7-1].wasm,c3ee3e6c38ea6aba986d708bf4f1f2ec
all5/Sorting_algorithms-Bubble_sort/[3-3][7-1][11-1].wasm,c3ee3e6c38ea6aba986d708bf4f1f2ec
all5/Sorting_algorithms-Bubble_sort/[3-3][7-1][11-1][12-10].wasm,c3ee3e6c38ea6aba986d708bf4f1f2ec
all5/Sorting_algorithms-Bubble_sort/[3-3][7-1][11-1][12-1].wasm,c3ee3e6c38ea6aba986d708bf4f1f2ec
all5/Sorting_algorithms-Bubble_sort/[3-3][7-1][11-1][12-2].wasm,c3ee3e6c38ea6aba986d708bf4f1f2ec
all5/Sorting_algorithms-Bubble_sort/[3-3][7-1][11-1][12-3].wasm,c3ee3e6c38ea6aba986d708bf4f1f2ec
all5/Sorting_algorithms-Bubble_sort/[3-3][7-1][11-1][12-4].wasm,c3ee3e6c38ea6aba986d708bf4f1f2ec
all5/Sorting_algorithms-Bubble_sort/[3-3][7-1][11-1][12-5].wasm,c3ee3e6c38ea6aba986d708bf4f1f2ec
all5/Sorting_algorithms-Bubble_sort/[3-3][7-1][11-1][12-6].wasm,c3ee3e6c38ea6aba986d708bf4f1f2ec
all5/Sorting_algorithms-Bubble_sort/[3-3][7-1][11-1][12-7].wasm,c3ee3e6c38ea6aba986d708bf4f1f2ec
all5/Sorting_algorithms-Bubble_sort/[3-3][7-1][11-1][12-8].wasm,c3ee3e6c38ea6aba986d708bf4f1f2ec
all5/Sorting_algorithms-Bubble_sort/[3-3][7-1][11-1][12-9].wasm,c3ee3e6c38ea6aba986d708bf4f1f2ec
all5/Sorting_algorithms-Bubble_sort/[3-3][7-1][12-10].wasm,c3ee3e6c38ea6aba986d708bf4f1f2ec
all5/Sorting_algorithms-Bubble_sort/[3-3][7-1][12-1].wasm,c3ee3e6c38ea6aba986d708bf4f1f2ec
all5/Sorting_algorithms-Bubble_sort/[3-3][7-1][12-2].wasm,c3ee3e6c38ea6aba986d708bf4f1f2ec
all5/Sorting_algorithms-Bubble_sort/[3-3][7-1][12-3].wasm,c3ee3e6c38ea6aba986d708bf4f1f2ec
all5/Sorting_algorithms-Bubble_sort/[3-3][7-1][12-4].wasm,c3ee3e6c38ea6aba986d708bf4f1f2ec
all5/Sorting_algorithms-Bubble_sort/[3-3][7-1][12-5].wasm,c3ee3e6c38ea6aba986d708bf4f1f2ec
all5/Sorting_algorithms-Bubble_sort/[3-3][7-1][12-6].wasm,c3ee3e6c38ea6aba986d708bf4f1f2ec
all5/Sorting_algorithms-Bubble_sort/[3-3][7-1][12-7].wasm,c3ee3e6c38ea6aba986d708bf4f1f2ec
all5/Sorting_algorithms-Bubble_sort/[3-3][7-1][12-8].wasm,c3ee3e6c38ea6aba986d708bf4f1f2ec
all5/Sorting_algorithms-Bubble_sort/[3-3][7-1][12-9].wasm,c3ee3e6c38ea6aba986d708bf4f1f2ec
all5/Sorting_algorithms-Bubble_sort/[3-4].wasm,c3ee3e6c38ea6aba986d708bf4f1f2ec
all5/Sorting_algorithms-Bubble_sort/[3-4][11-1].wasm,c3ee3e6c38ea6aba986d708bf4f1f2ec
all5/Sorting_algorithms-Bubble_sort/[3-4][11-1][12-10].wasm,c3ee3e6c38ea6aba986d708bf4f1f2ec
all5/Sorting_algorithms-Bubble_sort/[3-4][11-1][12-1].wasm,c3ee3e6c38ea6aba986d708bf4f1f2ec
all5/Sorting_algorithms-Bubble_sort/[3-4][11-1][12-2].wasm,c3ee3e6c38ea6aba986d708bf4f1f2ec
all5/Sorting_algorithms-Bubble_sort/[3-4][11-1][12-3].wasm,c3ee3e6c38ea6aba986d708bf4f1f2ec
all5/Sorting_algorithms-Bubble_sort/[3-4][11-1][12-4].wasm,c3ee3e6c38ea6aba986d708bf4f1f2ec
all5/Sorting_algorithms-Bubble_sort/[3-4][11-1][12-5].wasm,c3ee3e6c38ea6aba986d708bf4f1f2ec
all5/Sorting_algorithms-Bubble_sort/[3-4][11-1][12-6].wasm,c3ee3e6c38ea6aba986d708bf4f1f2ec
all5/Sorting_algorithms-Bubble_sort/[3-4][11-1][12-7].wasm,c3ee3e6c38ea6aba986d708bf4f1f2ec
all5/Sorting_algorithms-Bubble_sort/[3-4][11-1][12-8].wasm,c3ee3e6c38ea6aba986d708bf4f1f2ec
all5/Sorting_algorithms-Bubble_sort/[3-4][11-1][12-9].wasm,c3ee3e6c38ea6aba986d708bf4f1f2ec
all5/Sorting_algorithms-Bubble_sort/[3-4][12-10].wasm,c3ee3e6c38ea6aba986d708bf4f1f2ec
all5/Sorting_algorithms-Bubble_sort/[3-4][12-1].wasm,c3ee3e6c38ea6aba986d708bf4f1f2ec
all5/Sorting_algorithms-Bubble_sort/[3-4][12-2].wasm,c3ee3e6c38ea6aba986d708bf4f1f2ec
all5/Sorting_algorithms-Bubble_sort/[3-4][12-3].wasm,c3ee3e6c38ea6aba986d708bf4f1f2ec
all5/Sorting_algorithms-Bubble_sort/[3-4][12-4].wasm,c3ee3e6c38ea6aba986d708bf4f1f2ec
all5/Sorting_algorithms-Bubble_sort/[3-4][12-5].wasm,c3ee3e6c38ea6aba986d708bf4f1f2ec
all5/Sorting_algorithms-Bubble_sort/[3-4][12-6].wasm,c3ee3e6c38ea6aba986d708bf4f1f2ec
all5/Sorting_algorithms-Bubble_sort/[3-4][12-7].wasm,c3ee3e6c38ea6aba986d708bf4f1f2ec
all5/Sorting_algorithms-Bubble_sort/[3-4][12-8].wasm,c3ee3e6c38ea6aba986d708bf4f1f2ec
all5/Sorting_algorithms-Bubble_sort/[3-4][12-9].wasm,c3ee3e6c38ea6aba986d708bf4f1f2ec
all5/Sorting_algorithms-Bubble_sort/[3-4][7-1].wasm,c3ee3e6c38ea6aba986d708bf4f1f2ec
all5/Sorting_algorithms-Bubble_sort/[3-4][7-1][11-1].wasm,c3ee3e6c38ea6aba986d708bf4f1f2ec
all5/Sorting_algorithms-Bubble_sort/[3-4][7-1][11-1][12-10].wasm,c3ee3e6c38ea6aba986d708bf4f1f2ec
all5/Sorting_algorithms-Bubble_sort/[3-4][7-1][11-1][12-1].wasm,c3ee3e6c38ea6aba986d708bf4f1f2ec
all5/Sorting_algorithms-Bubble_sort/[3-4][7-1][11-1][12-2].wasm,c3ee3e6c38ea6aba986d708bf4f1f2ec
all5/Sorting_algorithms-Bubble_sort/[3-4][7-1][11-1][12-3].wasm,c3ee3e6c38ea6aba986d708bf4f1f2ec
all5/Sorting_algorithms-Bubble_sort/[3-4][7-1][11-1][12-4].wasm,c3ee3e6c38ea6aba986d708bf4f1f2ec
all5/Sorting_algorithms-Bubble_sort/[3-4][7-1][11-1][12-5].wasm,c3ee3e6c38ea6aba986d708bf4f1f2ec
all5/Sorting_algorithms-Bubble_sort/[3-4][7-1][11-1][12-6].wasm,c3ee3e6c38ea6aba986d708bf4f1f2ec
all5/Sorting_algorithms-Bubble_sort/[3-4][7-1][11-1][12-7].wasm,c3ee3e6c38ea6aba986d708bf4f1f2ec
all5/Sorting_algorithms-Bubble_sort/[3-4][7-1][11-1][12-8].wasm,c3ee3e6c38ea6aba986d708bf4f1f2ec
all5/Sorting_algorithms-Bubble_sort/[3-4][7-1][11-1][12-9].wasm,c3ee3e6c38ea6aba986d708bf4f1f2ec
all5/Sorting_algorithms-Bubble_sort/[3-4][7-1][12-10].wasm,c3ee3e6c38ea6aba986d708bf4f1f2ec
all5/Sorting_algorithms-Bubble_sort/[3-4][7-1][12-1].wasm,c3ee3e6c38ea6aba986d708bf4f1f2ec
all5/Sorting_algorithms-Bubble_sort/[3-4][7-1][12-2].wasm,c3ee3e6c38ea6aba986d708bf4f1f2ec
all5/Sorting_algorithms-Bubble_sort/[3-4][7-1][12-3].wasm,c3ee3e6c38ea6aba986d708bf4f1f2ec
all5/Sorting_algorithms-Bubble_sort/[3-4][7-1][12-4].wasm,c3ee3e6c38ea6aba986d708bf4f1f2ec
all5/Sorting_algorithms-Bubble_sort/[3-4][7-1][12-5].wasm,c3ee3e6c38ea6aba986d708bf4f1f2ec
all5/Sorting_algorithms-Bubble_sort/[3-4][7-1][12-6].wasm,c3ee3e6c38ea6aba986d708bf4f1f2ec
all5/Sorting_algorithms-Bubble_sort/[3-4][7-1][12-7].wasm,c3ee3e6c38ea6aba986d708bf4f1f2ec
all5/Sorting_algorithms-Bubble_sort/[3-4][7-1][12-8].wasm,c3ee3e6c38ea6aba986d708bf4f1f2ec
all5/Sorting_algorithms-Bubble_sort/[3-4][7-1][12-9].wasm,c3ee3e6c38ea6aba986d708bf4f1f2ec
all5/Sorting_algorithms-Bubble_sort/[7-1].wasm,c3ee3e6c38ea6aba986d708bf4f1f2ec
all5/Sorting_algorithms-Bubble_sort/[7-1][11-1].wasm,c3ee3e6c38ea6aba986d708bf4f1f2ec
all5/Sorting_algorithms-Bubble_sort/[7-1][11-1][12-10].wasm,c3ee3e6c38ea6aba986d708bf4f1f2ec
all5/Sorting_algorithms-Bubble_sort/[7-1][11-1][12-1].wasm,c3ee3e6c38ea6aba986d708bf4f1f2ec
all5/Sorting_algorithms-Bubble_sort/[7-1][11-1][12-2].wasm,c3ee3e6c38ea6aba986d708bf4f1f2ec
all5/Sorting_algorithms-Bubble_sort/[7-1][11-1][12-3].wasm,c3ee3e6c38ea6aba986d708bf4f1f2ec
all5/Sorting_algorithms-Bubble_sort/[7-1][11-1][12-4].wasm,c3ee3e6c38ea6aba986d708bf4f1f2ec
all5/Sorting_algorithms-Bubble_sort/[7-1][11-1][12-5].wasm,c3ee3e6c38ea6aba986d708bf4f1f2ec
all5/Sorting_algorithms-Bubble_sort/[7-1][11-1][12-6].wasm,c3ee3e6c38ea6aba986d708bf4f1f2ec
all5/Sorting_algorithms-Bubble_sort/[7-1][11-1][12-7].wasm,c3ee3e6c38ea6aba986d708bf4f1f2ec
all5/Sorting_algorithms-Bubble_sort/[7-1][11-1][12-8].wasm,c3ee3e6c38ea6aba986d708bf4f1f2ec
all5/Sorting_algorithms-Bubble_sort/[7-1][11-1][12-9].wasm,c3ee3e6c38ea6aba986d708bf4f1f2ec
all5/Sorting_algorithms-Bubble_sort/[7-1][12-10].wasm,c3ee3e6c38ea6aba986d708bf4f1f2ec
all5/Sorting_algorithms-Bubble_sort/[7-1][12-1].wasm,c3ee3e6c38ea6aba986d708bf4f1f2ec
all5/Sorting_algorithms-Bubble_sort/[7-1][12-2].wasm,c3ee3e6c38ea6aba986d708bf4f1f2ec
all5/Sorting_algorithms-Bubble_sort/[7-1][12-3].wasm,c3ee3e6c38ea6aba986d708bf4f1f2ec
all5/Sorting_algorithms-Bubble_sort/[7-1][12-4].wasm,c3ee3e6c38ea6aba986d708bf4f1f2ec
all5/Sorting_algorithms-Bubble_sort/[7-1][12-5].wasm,c3ee3e6c38ea6aba986d708bf4f1f2ec
all5/Sorting_algorithms-Bubble_sort/[7-1][12-6].wasm,c3ee3e6c38ea6aba986d708bf4f1f2ec
all5/Sorting_algorithms-Bubble_sort/[7-1][12-7].wasm,c3ee3e6c38ea6aba986d708bf4f1f2ec
all5/Sorting_algorithms-Bubble_sort/[7-1][12-8].wasm,c3ee3e6c38ea6aba986d708bf4f1f2ec
all5/Sorting_algorithms-Bubble_sort/[7-1][12-9].wasm,c3ee3e6c38ea6aba986d708bf4f1f2ec
