name, hash
all5/Sorting_algorithms-Heapsort/Sorting_algorithms-Heapsort.wasm,b5a9f69d4aa0795edbda22973f1f4882
all5/Sorting_algorithms-Heapsort/Sorting_algorithms-Heapsort.wasm.~1~,d90b5f23f288cf979b7686117c5af448
all5/Sorting_algorithms-Heapsort/Sorting_algorithms-Heapsort.wasm.~2~,d90b5f23f288cf979b7686117c5af448
all5/Sorting_algorithms-Heapsort/[0-1].wasm,d90b5f23f288cf979b7686117c5af448
all5/Sorting_algorithms-Heapsort/[0-1][1-1].wasm,d90b5f23f288cf979b7686117c5af448
all5/Sorting_algorithms-Heapsort/[0-1][1-2].wasm,d90b5f23f288cf979b7686117c5af448
all5/Sorting_algorithms-Heapsort/[0-1][1-3].wasm,d90b5f23f288cf979b7686117c5af448
all5/Sorting_algorithms-Heapsort/[0-1][1-4].wasm,d90b5f23f288cf979b7686117c5af448
all5/Sorting_algorithms-Heapsort/[0-2].wasm,d90b5f23f288cf979b7686117c5af448
all5/Sorting_algorithms-Heapsort/[0-2][1-1].wasm,d90b5f23f288cf979b7686117c5af448
all5/Sorting_algorithms-Heapsort/[0-2][1-2].wasm,d90b5f23f288cf979b7686117c5af448
all5/Sorting_algorithms-Heapsort/[0-2][1-3].wasm,d90b5f23f288cf979b7686117c5af448
all5/Sorting_algorithms-Heapsort/[0-2][1-4].wasm,d90b5f23f288cf979b7686117c5af448
all5/Sorting_algorithms-Heapsort/[0-3].wasm,d90b5f23f288cf979b7686117c5af448
all5/Sorting_algorithms-Heapsort/[0-3][1-1].wasm,d90b5f23f288cf979b7686117c5af448
all5/Sorting_algorithms-Heapsort/[0-3][1-2].wasm,d90b5f23f288cf979b7686117c5af448
all5/Sorting_algorithms-Heapsort/[0-3][1-3].wasm,d90b5f23f288cf979b7686117c5af448
all5/Sorting_algorithms-Heapsort/[0-3][1-4].wasm,d90b5f23f288cf979b7686117c5af448
all5/Sorting_algorithms-Heapsort/[0-4].wasm,d90b5f23f288cf979b7686117c5af448
all5/Sorting_algorithms-Heapsort/[0-4][1-1].wasm,d90b5f23f288cf979b7686117c5af448
all5/Sorting_algorithms-Heapsort/[0-4][1-2].wasm,d90b5f23f288cf979b7686117c5af448
all5/Sorting_algorithms-Heapsort/[0-4][1-3].wasm,d90b5f23f288cf979b7686117c5af448
all5/Sorting_algorithms-Heapsort/[0-4][1-4].wasm,d90b5f23f288cf979b7686117c5af448
all5/Sorting_algorithms-Heapsort/[0-5].wasm,d90b5f23f288cf979b7686117c5af448
all5/Sorting_algorithms-Heapsort/[0-5][1-1].wasm,d90b5f23f288cf979b7686117c5af448
all5/Sorting_algorithms-Heapsort/[0-5][1-2].wasm,d90b5f23f288cf979b7686117c5af448
all5/Sorting_algorithms-Heapsort/[0-5][1-3].wasm,d90b5f23f288cf979b7686117c5af448
all5/Sorting_algorithms-Heapsort/[0-5][1-4].wasm,d90b5f23f288cf979b7686117c5af448
all5/Sorting_algorithms-Heapsort/[0-6].wasm,d90b5f23f288cf979b7686117c5af448
all5/Sorting_algorithms-Heapsort/[0-6][1-1].wasm,d90b5f23f288cf979b7686117c5af448
all5/Sorting_algorithms-Heapsort/[0-6][1-2].wasm,d90b5f23f288cf979b7686117c5af448
all5/Sorting_algorithms-Heapsort/[0-6][1-3].wasm,d90b5f23f288cf979b7686117c5af448
all5/Sorting_algorithms-Heapsort/[0-6][1-4].wasm,d90b5f23f288cf979b7686117c5af448
all5/Sorting_algorithms-Heapsort/[0-7].wasm,d90b5f23f288cf979b7686117c5af448
all5/Sorting_algorithms-Heapsort/[0-7][1-1].wasm,d90b5f23f288cf979b7686117c5af448
all5/Sorting_algorithms-Heapsort/[0-7][1-2].wasm,d90b5f23f288cf979b7686117c5af448
all5/Sorting_algorithms-Heapsort/[0-7][1-3].wasm,d90b5f23f288cf979b7686117c5af448
all5/Sorting_algorithms-Heapsort/[0-7][1-4].wasm,d90b5f23f288cf979b7686117c5af448
all5/Sorting_algorithms-Heapsort/[1-1].wasm,d90b5f23f288cf979b7686117c5af448
all5/Sorting_algorithms-Heapsort/[1-2].wasm,d90b5f23f288cf979b7686117c5af448
all5/Sorting_algorithms-Heapsort/[1-3].wasm,d90b5f23f288cf979b7686117c5af448
all5/Sorting_algorithms-Heapsort/[1-4].wasm,d90b5f23f288cf979b7686117c5af448
