name, hash
all5/Sorting_algorithms-Quicksort/Sorting_algorithms-Quicksort.wasm,1b974290fb9aedbdb458bdf43673ad83
all5/Sorting_algorithms-Quicksort/Sorting_algorithms-Quicksort.wasm.~1~,1b974290fb9aedbdb458bdf43673ad83
all5/Sorting_algorithms-Quicksort/Sorting_algorithms-Quicksort.wasm.~2~,6fd01d0a9c5d80af1b0b203777050d36
all5/Sorting_algorithms-Quicksort/[10-1][11-1][12-1].wasm,5d4b831d5249449c6db0640b468ec3da
all5/Sorting_algorithms-Quicksort/[11-1].wasm,bd134dd40597a3048ce51015bbad61a1
all5/Sorting_algorithms-Quicksort/[11-1][12-3].wasm,3b7c02d0d59b9dc9289fbea728b54106
