name, hash
all5/Sort_using_a_custom_comparator/Sort_using_a_custom_comparator.wasm,b65b7439ccc02b2d713e18f65a4e2846
all5/Sort_using_a_custom_comparator/Sort_using_a_custom_comparator.wasm.~1~,a970936ee02367155b44d43d8837fa2d
all5/Sort_using_a_custom_comparator/Sort_using_a_custom_comparator.wasm.~2~,b65b7439ccc02b2d713e18f65a4e2846
all5/Sort_using_a_custom_comparator/Sort_using_a_custom_comparator.wasm.~3~,a970936ee02367155b44d43d8837fa2d
all5/Sort_using_a_custom_comparator/[0-1].wasm,fc05578878eaeec1ac7f23f7ba3f8a06
all5/Sort_using_a_custom_comparator/[0-1][1-1].wasm,fc05578878eaeec1ac7f23f7ba3f8a06
all5/Sort_using_a_custom_comparator/[0-1][1-1][3-1].wasm,fc05578878eaeec1ac7f23f7ba3f8a06
all5/Sort_using_a_custom_comparator/[0-1][1-2].wasm,fc05578878eaeec1ac7f23f7ba3f8a06
all5/Sort_using_a_custom_comparator/[0-1][1-2][3-1].wasm,fc05578878eaeec1ac7f23f7ba3f8a06
all5/Sort_using_a_custom_comparator/[0-1][1-3].wasm,fc05578878eaeec1ac7f23f7ba3f8a06
all5/Sort_using_a_custom_comparator/[0-1][1-3][3-1].wasm,fc05578878eaeec1ac7f23f7ba3f8a06
all5/Sort_using_a_custom_comparator/[0-1][1-4].wasm,fc05578878eaeec1ac7f23f7ba3f8a06
all5/Sort_using_a_custom_comparator/[0-1][1-4][3-1].wasm,fc05578878eaeec1ac7f23f7ba3f8a06
all5/Sort_using_a_custom_comparator/[0-1][3-1].wasm,fc05578878eaeec1ac7f23f7ba3f8a06
all5/Sort_using_a_custom_comparator/[1-1].wasm,a970936ee02367155b44d43d8837fa2d
all5/Sort_using_a_custom_comparator/[1-1][3-1].wasm,a970936ee02367155b44d43d8837fa2d
all5/Sort_using_a_custom_comparator/[1-2].wasm,a970936ee02367155b44d43d8837fa2d
all5/Sort_using_a_custom_comparator/[1-2][3-1].wasm,a970936ee02367155b44d43d8837fa2d
all5/Sort_using_a_custom_comparator/[1-3].wasm,a970936ee02367155b44d43d8837fa2d
all5/Sort_using_a_custom_comparator/[1-3][3-1].wasm,a970936ee02367155b44d43d8837fa2d
all5/Sort_using_a_custom_comparator/[1-4].wasm,a970936ee02367155b44d43d8837fa2d
all5/Sort_using_a_custom_comparator/[1-4][3-1].wasm,a970936ee02367155b44d43d8837fa2d
all5/Sort_using_a_custom_comparator/[3-1].wasm,a970936ee02367155b44d43d8837fa2d
