name, hash
all5/Sort_an_array_of_composite_structures/Sort_an_array_of_composite_structures.wasm,673aff2c0d62936744f245a84102ca84
all5/Sort_an_array_of_composite_structures/Sort_an_array_of_composite_structures.wasm.~1~,d2bf167635a2314e6161c3106e8b44bc
all5/Sort_an_array_of_composite_structures/Sort_an_array_of_composite_structures.wasm.~2~,d2bf167635a2314e6161c3106e8b44bc
all5/Sort_an_array_of_composite_structures/[0-1].wasm,d423d87c4864c4c6130192ba5859fdc4
all5/Sort_an_array_of_composite_structures/[0-1][10-1].wasm,ea803461597fd5ac645c4b7b53577bca
all5/Sort_an_array_of_composite_structures/[0-1][10-1][18-1].wasm,fb1c417898a3da88139dc1257079ce75
all5/Sort_an_array_of_composite_structures/[0-1][10-1][18-1][34-1].wasm,a426261a7b2af1b40bc401396bc22b3e
all5/Sort_an_array_of_composite_structures/[0-1][10-1][18-1][34-1][49-1].wasm,e0384e17dd8ca68aee22b3c4bd371d4c
all5/Sort_an_array_of_composite_structures/[0-1][10-1][18-1][49-1].wasm,5a81b149eb90d2645e61a251127ffd5a
all5/Sort_an_array_of_composite_structures/[0-1][10-1][24-1].wasm,57e45fc641627c81a2bcc16a65a28d1b
all5/Sort_an_array_of_composite_structures/[0-1][10-1][24-1][34-1][49-1].wasm,83bdaf4af44c81450351cc84a5445895
all5/Sort_an_array_of_composite_structures/[0-1][10-1][49-1].wasm,e44bb5a335d3851451b8d139e92637b1
all5/Sort_an_array_of_composite_structures/[0-1][18-1].wasm,69d438c67025e7a24d3d63d5dd2c6413
all5/Sort_an_array_of_composite_structures/[0-1][18-1][34-1].wasm,7da82055a9edde3784eaac81a5cafc51
all5/Sort_an_array_of_composite_structures/[0-1][18-1][34-1][49-1].wasm,a882b146a0c6de01aa51b1bfacbd3144
all5/Sort_an_array_of_composite_structures/[0-1][18-1][49-1].wasm,02ad12c72858336bc48f5b02506f600d
all5/Sort_an_array_of_composite_structures/[0-1][34-1].wasm,06ccb85a8c80c71c400cd1d14b6356f2
all5/Sort_an_array_of_composite_structures/[0-1][34-1][49-1].wasm,091447adb0d38e849d763eff8471c118
all5/Sort_an_array_of_composite_structures/[0-1][49-1].wasm,bcfaccede31c48f5c4a496b2622940fd
all5/Sort_an_array_of_composite_structures/[10-1][18-1].wasm,723beecf20261315c2103e3c812b6f70
all5/Sort_an_array_of_composite_structures/[10-1][18-1][24-1].wasm,c2c971aac892e6bb1d6db9bbbc9e2a5b
all5/Sort_an_array_of_composite_structures/[10-1][18-1][24-1][34-1][49-1].wasm,38f5686f8b24a595e5821962c285854f
all5/Sort_an_array_of_composite_structures/[10-1][18-1][49-1].wasm,8a86c6b6726ab1acf1261b9e92f68fdc
all5/Sort_an_array_of_composite_structures/[10-1][24-1].wasm,6e30042d6f344e5e020254f35c8f6a36
all5/Sort_an_array_of_composite_structures/[10-1][24-1][34-1][49-1].wasm,4f421753ca0f9c667c8cb62c218b8b59
all5/Sort_an_array_of_composite_structures/[16-1].wasm,c4a09998a2858025d472ab6f9e855e6f
all5/Sort_an_array_of_composite_structures/[16-1][19-1].wasm,d0608b61fd34bdd26ac67d2b848396b4
all5/Sort_an_array_of_composite_structures/[16-1][19-1][22-1].wasm,02ad12c72858336bc48f5b02506f600d
all5/Sort_an_array_of_composite_structures/[16-1][19-1][22-1][35-1].wasm,e0384e17dd8ca68aee22b3c4bd371d4c
all5/Sort_an_array_of_composite_structures/[16-1][19-1][22-1][35-1][38-1].wasm,e0384e17dd8ca68aee22b3c4bd371d4c
all5/Sort_an_array_of_composite_structures/[16-1][19-1][22-1][38-1].wasm,5a81b149eb90d2645e61a251127ffd5a
all5/Sort_an_array_of_composite_structures/[16-1][19-1][35-1].wasm,38f5686f8b24a595e5821962c285854f
all5/Sort_an_array_of_composite_structures/[16-1][19-1][35-1][38-1].wasm,38f5686f8b24a595e5821962c285854f
all5/Sort_an_array_of_composite_structures/[16-1][19-1][38-1].wasm,8a86c6b6726ab1acf1261b9e92f68fdc
all5/Sort_an_array_of_composite_structures/[16-1][22-1].wasm,bcfaccede31c48f5c4a496b2622940fd
all5/Sort_an_array_of_composite_structures/[16-1][22-1][35-1].wasm,83bdaf4af44c81450351cc84a5445895
all5/Sort_an_array_of_composite_structures/[16-1][22-1][35-1][38-1].wasm,83bdaf4af44c81450351cc84a5445895
all5/Sort_an_array_of_composite_structures/[16-1][22-1][38-1].wasm,e44bb5a335d3851451b8d139e92637b1
all5/Sort_an_array_of_composite_structures/[16-1][35-1].wasm,4f421753ca0f9c667c8cb62c218b8b59
all5/Sort_an_array_of_composite_structures/[16-1][35-1][38-1].wasm,4f421753ca0f9c667c8cb62c218b8b59
all5/Sort_an_array_of_composite_structures/[16-1][38-1].wasm,e7768f9a5b0b9d924ad1ff3cef2be67a
all5/Sort_an_array_of_composite_structures/[18-1][34-1].wasm,e35cd075ff398c7ca477c5e99ef9f33b
all5/Sort_an_array_of_composite_structures/[18-1][49-1].wasm,d0608b61fd34bdd26ac67d2b848396b4
all5/Sort_an_array_of_composite_structures/[19-1].wasm,e0384e17dd8ca68aee22b3c4bd371d4c
all5/Sort_an_array_of_composite_structures/[19-1][22-1].wasm,69d438c67025e7a24d3d63d5dd2c6413
all5/Sort_an_array_of_composite_structures/[19-1][22-1][35-1].wasm,a426261a7b2af1b40bc401396bc22b3e
all5/Sort_an_array_of_composite_structures/[19-1][22-1][35-1][38-1].wasm,e0384e17dd8ca68aee22b3c4bd371d4c
all5/Sort_an_array_of_composite_structures/[19-1][22-1][38-1].wasm,fb1c417898a3da88139dc1257079ce75
all5/Sort_an_array_of_composite_structures/[19-1][35-1].wasm,c2c971aac892e6bb1d6db9bbbc9e2a5b
all5/Sort_an_array_of_composite_structures/[19-1][35-1][38-1].wasm,e0384e17dd8ca68aee22b3c4bd371d4c
all5/Sort_an_array_of_composite_structures/[19-1][38-1].wasm,723beecf20261315c2103e3c812b6f70
all5/Sort_an_array_of_composite_structures/[22-1].wasm,e0384e17dd8ca68aee22b3c4bd371d4c
all5/Sort_an_array_of_composite_structures/[22-1][35-1].wasm,e0384e17dd8ca68aee22b3c4bd371d4c
all5/Sort_an_array_of_composite_structures/[22-1][35-1][38-1].wasm,e0384e17dd8ca68aee22b3c4bd371d4c
all5/Sort_an_array_of_composite_structures/[22-1][38-1].wasm,e0384e17dd8ca68aee22b3c4bd371d4c
all5/Sort_an_array_of_composite_structures/[35-1].wasm,e0384e17dd8ca68aee22b3c4bd371d4c
all5/Sort_an_array_of_composite_structures/[35-1][38-1].wasm,e0384e17dd8ca68aee22b3c4bd371d4c
all5/Sort_an_array_of_composite_structures/[38-1].wasm,e0384e17dd8ca68aee22b3c4bd371d4c
all5/Sort_an_array_of_composite_structures/[9-1].wasm,fca6e8a83433a824d97394e51b7095fb
all5/Sort_an_array_of_composite_structures/[9-1][16-1].wasm,76d8cbf61802ac6c33138d7fde1e3599
all5/Sort_an_array_of_composite_structures/[9-1][16-1][19-1].wasm,643e0f2a1bf558896d287f07b2d0da51
all5/Sort_an_array_of_composite_structures/[9-1][16-1][19-1][35-1].wasm,38f5686f8b24a595e5821962c285854f
all5/Sort_an_array_of_composite_structures/[9-1][16-1][19-1][35-1][38-1].wasm,38f5686f8b24a595e5821962c285854f
all5/Sort_an_array_of_composite_structures/[9-1][16-1][19-1][38-1].wasm,38f5686f8b24a595e5821962c285854f
all5/Sort_an_array_of_composite_structures/[9-1][16-1][22-1].wasm,091447adb0d38e849d763eff8471c118
all5/Sort_an_array_of_composite_structures/[9-1][16-1][22-1][35-1].wasm,83bdaf4af44c81450351cc84a5445895
all5/Sort_an_array_of_composite_structures/[9-1][16-1][22-1][35-1][38-1].wasm,83bdaf4af44c81450351cc84a5445895
all5/Sort_an_array_of_composite_structures/[9-1][16-1][22-1][38-1].wasm,83bdaf4af44c81450351cc84a5445895
all5/Sort_an_array_of_composite_structures/[9-1][16-1][35-1].wasm,4f421753ca0f9c667c8cb62c218b8b59
all5/Sort_an_array_of_composite_structures/[9-1][16-1][35-1][38-1].wasm,4f421753ca0f9c667c8cb62c218b8b59
all5/Sort_an_array_of_composite_structures/[9-1][16-1][38-1].wasm,4f421753ca0f9c667c8cb62c218b8b59
all5/Sort_an_array_of_composite_structures/[9-1][19-1].wasm,e35cd075ff398c7ca477c5e99ef9f33b
all5/Sort_an_array_of_composite_structures/[9-1][19-1][22-1].wasm,7da82055a9edde3784eaac81a5cafc51
all5/Sort_an_array_of_composite_structures/[9-1][19-1][22-1][35-1].wasm,a426261a7b2af1b40bc401396bc22b3e
all5/Sort_an_array_of_composite_structures/[9-1][19-1][22-1][35-1][38-1].wasm,a426261a7b2af1b40bc401396bc22b3e
all5/Sort_an_array_of_composite_structures/[9-1][19-1][22-1][38-1].wasm,a426261a7b2af1b40bc401396bc22b3e
all5/Sort_an_array_of_composite_structures/[9-1][19-1][35-1].wasm,c2c971aac892e6bb1d6db9bbbc9e2a5b
all5/Sort_an_array_of_composite_structures/[9-1][19-1][35-1][38-1].wasm,c2c971aac892e6bb1d6db9bbbc9e2a5b
all5/Sort_an_array_of_composite_structures/[9-1][19-1][38-1].wasm,c2c971aac892e6bb1d6db9bbbc9e2a5b
all5/Sort_an_array_of_composite_structures/[9-1][22-1].wasm,06ccb85a8c80c71c400cd1d14b6356f2
all5/Sort_an_array_of_composite_structures/[9-1][22-1][35-1].wasm,57e45fc641627c81a2bcc16a65a28d1b
all5/Sort_an_array_of_composite_structures/[9-1][22-1][35-1][38-1].wasm,57e45fc641627c81a2bcc16a65a28d1b
all5/Sort_an_array_of_composite_structures/[9-1][22-1][38-1].wasm,57e45fc641627c81a2bcc16a65a28d1b
all5/Sort_an_array_of_composite_structures/[9-1][35-1].wasm,6e30042d6f344e5e020254f35c8f6a36
all5/Sort_an_array_of_composite_structures/[9-1][35-1][38-1].wasm,6e30042d6f344e5e020254f35c8f6a36
all5/Sort_an_array_of_composite_structures/[9-1][38-1].wasm,6e30042d6f344e5e020254f35c8f6a36
