name, hash
all5/Soundex/Soundex.wasm,dd091600980e19e162bb07f04b65f3ea
all5/Soundex/Soundex.wasm.~1~,dd091600980e19e162bb07f04b65f3ea
all5/Soundex/Soundex.wasm.~2~,d6d8fd7e0dc66d1bf47e6e2470ce6f0b
all5/Soundex/[0-1].wasm,dd091600980e19e162bb07f04b65f3ea
all5/Soundex/[0-1][1-1].wasm,dd091600980e19e162bb07f04b65f3ea
all5/Soundex/[0-1][1-1][2-1].wasm,dd091600980e19e162bb07f04b65f3ea
all5/Soundex/[0-1][1-1][2-1][28-1].wasm,dd091600980e19e162bb07f04b65f3ea
all5/Soundex/[0-1][1-1][2-2].wasm,dd091600980e19e162bb07f04b65f3ea
all5/Soundex/[0-1][1-1][2-2][28-1].wasm,dd091600980e19e162bb07f04b65f3ea
all5/Soundex/[0-1][1-1][2-3].wasm,dd091600980e19e162bb07f04b65f3ea
all5/Soundex/[0-1][1-1][2-3][28-1].wasm,dd091600980e19e162bb07f04b65f3ea
all5/Soundex/[0-1][1-1][2-4].wasm,dd091600980e19e162bb07f04b65f3ea
all5/Soundex/[0-1][1-1][2-4][28-1].wasm,dd091600980e19e162bb07f04b65f3ea
all5/Soundex/[0-1][1-1][28-1].wasm,dd091600980e19e162bb07f04b65f3ea
all5/Soundex/[0-1][1-2].wasm,dd091600980e19e162bb07f04b65f3ea
all5/Soundex/[0-1][1-2][2-1].wasm,dd091600980e19e162bb07f04b65f3ea
all5/Soundex/[0-1][1-2][2-1][28-1].wasm,dd091600980e19e162bb07f04b65f3ea
all5/Soundex/[0-1][1-2][2-2].wasm,dd091600980e19e162bb07f04b65f3ea
all5/Soundex/[0-1][1-2][2-2][28-1].wasm,dd091600980e19e162bb07f04b65f3ea
all5/Soundex/[0-1][1-2][2-3].wasm,dd091600980e19e162bb07f04b65f3ea
all5/Soundex/[0-1][1-2][2-3][28-1].wasm,dd091600980e19e162bb07f04b65f3ea
all5/Soundex/[0-1][1-2][2-4].wasm,dd091600980e19e162bb07f04b65f3ea
all5/Soundex/[0-1][1-2][2-4][28-1].wasm,dd091600980e19e162bb07f04b65f3ea
all5/Soundex/[0-1][1-2][28-1].wasm,dd091600980e19e162bb07f04b65f3ea
all5/Soundex/[0-1][1-3].wasm,dd091600980e19e162bb07f04b65f3ea
all5/Soundex/[0-1][1-3][2-1].wasm,dd091600980e19e162bb07f04b65f3ea
all5/Soundex/[0-1][1-3][2-1][28-1].wasm,dd091600980e19e162bb07f04b65f3ea
all5/Soundex/[0-1][1-3][2-2].wasm,dd091600980e19e162bb07f04b65f3ea
all5/Soundex/[0-1][1-3][2-2][28-1].wasm,dd091600980e19e162bb07f04b65f3ea
all5/Soundex/[0-1][1-3][2-3].wasm,dd091600980e19e162bb07f04b65f3ea
all5/Soundex/[0-1][1-3][2-3][28-1].wasm,dd091600980e19e162bb07f04b65f3ea
all5/Soundex/[0-1][1-3][2-4].wasm,dd091600980e19e162bb07f04b65f3ea
all5/Soundex/[0-1][1-3][2-4][28-1].wasm,dd091600980e19e162bb07f04b65f3ea
all5/Soundex/[0-1][1-3][28-1].wasm,dd091600980e19e162bb07f04b65f3ea
all5/Soundex/[0-1][1-4].wasm,dd091600980e19e162bb07f04b65f3ea
all5/Soundex/[0-1][1-4][2-1].wasm,dd091600980e19e162bb07f04b65f3ea
all5/Soundex/[0-1][1-4][2-1][28-1].wasm,dd091600980e19e162bb07f04b65f3ea
all5/Soundex/[0-1][1-4][2-2].wasm,dd091600980e19e162bb07f04b65f3ea
all5/Soundex/[0-1][1-4][2-2][28-1].wasm,dd091600980e19e162bb07f04b65f3ea
all5/Soundex/[0-1][1-4][2-3].wasm,dd091600980e19e162bb07f04b65f3ea
all5/Soundex/[0-1][1-4][2-3][28-1].wasm,dd091600980e19e162bb07f04b65f3ea
all5/Soundex/[0-1][1-4][2-4].wasm,dd091600980e19e162bb07f04b65f3ea
all5/Soundex/[0-1][1-4][2-4][28-1].wasm,dd091600980e19e162bb07f04b65f3ea
all5/Soundex/[0-1][1-4][28-1].wasm,dd091600980e19e162bb07f04b65f3ea
all5/Soundex/[0-1][2-1].wasm,dd091600980e19e162bb07f04b65f3ea
all5/Soundex/[0-1][2-1][28-1].wasm,dd091600980e19e162bb07f04b65f3ea
all5/Soundex/[0-1][2-2].wasm,dd091600980e19e162bb07f04b65f3ea
all5/Soundex/[0-1][2-2][28-1].wasm,dd091600980e19e162bb07f04b65f3ea
all5/Soundex/[0-1][2-3].wasm,dd091600980e19e162bb07f04b65f3ea
all5/Soundex/[0-1][2-3][28-1].wasm,dd091600980e19e162bb07f04b65f3ea
all5/Soundex/[0-1][2-4].wasm,dd091600980e19e162bb07f04b65f3ea
all5/Soundex/[0-1][2-4][28-1].wasm,dd091600980e19e162bb07f04b65f3ea
all5/Soundex/[0-1][28-1].wasm,dd091600980e19e162bb07f04b65f3ea
all5/Soundex/[0-2].wasm,dd091600980e19e162bb07f04b65f3ea
all5/Soundex/[0-2][1-1].wasm,dd091600980e19e162bb07f04b65f3ea
all5/Soundex/[0-2][1-1][2-1].wasm,dd091600980e19e162bb07f04b65f3ea
all5/Soundex/[0-2][1-1][2-1][28-1].wasm,dd091600980e19e162bb07f04b65f3ea
all5/Soundex/[0-2][1-1][2-2].wasm,dd091600980e19e162bb07f04b65f3ea
all5/Soundex/[0-2][1-1][2-2][28-1].wasm,dd091600980e19e162bb07f04b65f3ea
all5/Soundex/[0-2][1-1][2-3].wasm,dd091600980e19e162bb07f04b65f3ea
all5/Soundex/[0-2][1-1][2-3][28-1].wasm,dd091600980e19e162bb07f04b65f3ea
all5/Soundex/[0-2][1-1][2-4].wasm,dd091600980e19e162bb07f04b65f3ea
all5/Soundex/[0-2][1-1][2-4][28-1].wasm,dd091600980e19e162bb07f04b65f3ea
all5/Soundex/[0-2][1-1][28-1].wasm,dd091600980e19e162bb07f04b65f3ea
all5/Soundex/[0-2][1-2].wasm,dd091600980e19e162bb07f04b65f3ea
all5/Soundex/[0-2][1-2][2-1].wasm,dd091600980e19e162bb07f04b65f3ea
all5/Soundex/[0-2][1-2][2-1][28-1].wasm,dd091600980e19e162bb07f04b65f3ea
all5/Soundex/[0-2][1-2][2-2].wasm,dd091600980e19e162bb07f04b65f3ea
all5/Soundex/[0-2][1-2][2-2][28-1].wasm,dd091600980e19e162bb07f04b65f3ea
all5/Soundex/[0-2][1-2][2-3].wasm,dd091600980e19e162bb07f04b65f3ea
all5/Soundex/[0-2][1-2][2-3][28-1].wasm,dd091600980e19e162bb07f04b65f3ea
all5/Soundex/[0-2][1-2][2-4].wasm,dd091600980e19e162bb07f04b65f3ea
all5/Soundex/[0-2][1-2][2-4][28-1].wasm,dd091600980e19e162bb07f04b65f3ea
all5/Soundex/[0-2][1-2][28-1].wasm,dd091600980e19e162bb07f04b65f3ea
all5/Soundex/[0-2][1-3].wasm,dd091600980e19e162bb07f04b65f3ea
all5/Soundex/[0-2][1-3][2-1].wasm,dd091600980e19e162bb07f04b65f3ea
all5/Soundex/[0-2][1-3][2-1][28-1].wasm,dd091600980e19e162bb07f04b65f3ea
all5/Soundex/[0-2][1-3][2-2].wasm,dd091600980e19e162bb07f04b65f3ea
all5/Soundex/[0-2][1-3][2-2][28-1].wasm,dd091600980e19e162bb07f04b65f3ea
all5/Soundex/[0-2][1-3][2-3].wasm,dd091600980e19e162bb07f04b65f3ea
all5/Soundex/[0-2][1-3][2-3][28-1].wasm,dd091600980e19e162bb07f04b65f3ea
all5/Soundex/[0-2][1-3][2-4].wasm,dd091600980e19e162bb07f04b65f3ea
all5/Soundex/[0-2][1-3][2-4][28-1].wasm,dd091600980e19e162bb07f04b65f3ea
all5/Soundex/[0-2][1-3][28-1].wasm,dd091600980e19e162bb07f04b65f3ea
all5/Soundex/[0-2][1-4].wasm,dd091600980e19e162bb07f04b65f3ea
all5/Soundex/[0-2][1-4][2-1].wasm,dd091600980e19e162bb07f04b65f3ea
all5/Soundex/[0-2][1-4][2-1][28-1].wasm,dd091600980e19e162bb07f04b65f3ea
all5/Soundex/[0-2][1-4][2-2].wasm,dd091600980e19e162bb07f04b65f3ea
all5/Soundex/[0-2][1-4][2-2][28-1].wasm,dd091600980e19e162bb07f04b65f3ea
all5/Soundex/[0-2][1-4][2-3].wasm,dd091600980e19e162bb07f04b65f3ea
all5/Soundex/[0-2][1-4][2-3][28-1].wasm,dd091600980e19e162bb07f04b65f3ea
all5/Soundex/[0-2][1-4][2-4].wasm,dd091600980e19e162bb07f04b65f3ea
all5/Soundex/[0-2][1-4][2-4][28-1].wasm,dd091600980e19e162bb07f04b65f3ea
all5/Soundex/[0-2][1-4][28-1].wasm,dd091600980e19e162bb07f04b65f3ea
all5/Soundex/[0-2][2-1].wasm,dd091600980e19e162bb07f04b65f3ea
all5/Soundex/[0-2][2-1][28-1].wasm,dd091600980e19e162bb07f04b65f3ea
all5/Soundex/[0-2][2-2].wasm,dd091600980e19e162bb07f04b65f3ea
all5/Soundex/[0-2][2-2][28-1].wasm,dd091600980e19e162bb07f04b65f3ea
all5/Soundex/[0-2][2-3].wasm,dd091600980e19e162bb07f04b65f3ea
all5/Soundex/[0-2][2-3][28-1].wasm,dd091600980e19e162bb07f04b65f3ea
all5/Soundex/[0-2][2-4].wasm,dd091600980e19e162bb07f04b65f3ea
all5/Soundex/[0-2][2-4][28-1].wasm,dd091600980e19e162bb07f04b65f3ea
all5/Soundex/[0-2][28-1].wasm,dd091600980e19e162bb07f04b65f3ea
all5/Soundex/[0-3].wasm,dd091600980e19e162bb07f04b65f3ea
all5/Soundex/[0-3][1-1].wasm,dd091600980e19e162bb07f04b65f3ea
all5/Soundex/[0-3][1-1][2-1].wasm,dd091600980e19e162bb07f04b65f3ea
all5/Soundex/[0-3][1-1][2-1][28-1].wasm,dd091600980e19e162bb07f04b65f3ea
all5/Soundex/[0-3][1-1][2-2].wasm,dd091600980e19e162bb07f04b65f3ea
all5/Soundex/[0-3][1-1][2-2][28-1].wasm,dd091600980e19e162bb07f04b65f3ea
all5/Soundex/[0-3][1-1][2-3].wasm,dd091600980e19e162bb07f04b65f3ea
all5/Soundex/[0-3][1-1][2-3][28-1].wasm,dd091600980e19e162bb07f04b65f3ea
all5/Soundex/[0-3][1-1][2-4].wasm,dd091600980e19e162bb07f04b65f3ea
all5/Soundex/[0-3][1-1][2-4][28-1].wasm,dd091600980e19e162bb07f04b65f3ea
all5/Soundex/[0-3][1-1][28-1].wasm,dd091600980e19e162bb07f04b65f3ea
all5/Soundex/[0-3][1-2].wasm,dd091600980e19e162bb07f04b65f3ea
all5/Soundex/[0-3][1-2][2-1].wasm,dd091600980e19e162bb07f04b65f3ea
all5/Soundex/[0-3][1-2][2-1][28-1].wasm,dd091600980e19e162bb07f04b65f3ea
all5/Soundex/[0-3][1-2][2-2].wasm,dd091600980e19e162bb07f04b65f3ea
all5/Soundex/[0-3][1-2][2-2][28-1].wasm,dd091600980e19e162bb07f04b65f3ea
all5/Soundex/[0-3][1-2][2-3].wasm,dd091600980e19e162bb07f04b65f3ea
all5/Soundex/[0-3][1-2][2-3][28-1].wasm,dd091600980e19e162bb07f04b65f3ea
all5/Soundex/[0-3][1-2][2-4].wasm,dd091600980e19e162bb07f04b65f3ea
all5/Soundex/[0-3][1-2][2-4][28-1].wasm,dd091600980e19e162bb07f04b65f3ea
all5/Soundex/[0-3][1-2][28-1].wasm,dd091600980e19e162bb07f04b65f3ea
all5/Soundex/[0-3][1-3].wasm,dd091600980e19e162bb07f04b65f3ea
all5/Soundex/[0-3][1-3][2-1].wasm,dd091600980e19e162bb07f04b65f3ea
all5/Soundex/[0-3][1-3][2-1][28-1].wasm,dd091600980e19e162bb07f04b65f3ea
all5/Soundex/[0-3][1-3][2-2].wasm,dd091600980e19e162bb07f04b65f3ea
all5/Soundex/[0-3][1-3][2-2][28-1].wasm,dd091600980e19e162bb07f04b65f3ea
all5/Soundex/[0-3][1-3][2-3].wasm,dd091600980e19e162bb07f04b65f3ea
all5/Soundex/[0-3][1-3][2-3][28-1].wasm,dd091600980e19e162bb07f04b65f3ea
all5/Soundex/[0-3][1-3][2-4].wasm,dd091600980e19e162bb07f04b65f3ea
all5/Soundex/[0-3][1-3][2-4][28-1].wasm,dd091600980e19e162bb07f04b65f3ea
all5/Soundex/[0-3][1-3][28-1].wasm,dd091600980e19e162bb07f04b65f3ea
all5/Soundex/[0-3][1-4].wasm,dd091600980e19e162bb07f04b65f3ea
all5/Soundex/[0-3][1-4][2-1].wasm,dd091600980e19e162bb07f04b65f3ea
all5/Soundex/[0-3][1-4][2-1][28-1].wasm,dd091600980e19e162bb07f04b65f3ea
all5/Soundex/[0-3][1-4][2-2].wasm,dd091600980e19e162bb07f04b65f3ea
all5/Soundex/[0-3][1-4][2-2][28-1].wasm,dd091600980e19e162bb07f04b65f3ea
all5/Soundex/[0-3][1-4][2-3].wasm,dd091600980e19e162bb07f04b65f3ea
all5/Soundex/[0-3][1-4][2-3][28-1].wasm,dd091600980e19e162bb07f04b65f3ea
all5/Soundex/[0-3][1-4][2-4].wasm,dd091600980e19e162bb07f04b65f3ea
all5/Soundex/[0-3][1-4][2-4][28-1].wasm,dd091600980e19e162bb07f04b65f3ea
all5/Soundex/[0-3][1-4][28-1].wasm,dd091600980e19e162bb07f04b65f3ea
all5/Soundex/[0-3][2-1].wasm,dd091600980e19e162bb07f04b65f3ea
all5/Soundex/[0-3][2-1][28-1].wasm,dd091600980e19e162bb07f04b65f3ea
all5/Soundex/[0-3][2-2].wasm,dd091600980e19e162bb07f04b65f3ea
all5/Soundex/[0-3][2-2][28-1].wasm,dd091600980e19e162bb07f04b65f3ea
all5/Soundex/[0-3][2-3].wasm,dd091600980e19e162bb07f04b65f3ea
all5/Soundex/[0-3][2-3][28-1].wasm,dd091600980e19e162bb07f04b65f3ea
all5/Soundex/[0-3][2-4].wasm,dd091600980e19e162bb07f04b65f3ea
all5/Soundex/[0-3][2-4][28-1].wasm,dd091600980e19e162bb07f04b65f3ea
all5/Soundex/[0-3][28-1].wasm,dd091600980e19e162bb07f04b65f3ea
all5/Soundex/[0-4].wasm,dd091600980e19e162bb07f04b65f3ea
all5/Soundex/[0-4][1-1].wasm,dd091600980e19e162bb07f04b65f3ea
all5/Soundex/[0-4][1-1][2-1].wasm,dd091600980e19e162bb07f04b65f3ea
all5/Soundex/[0-4][1-1][2-1][28-1].wasm,dd091600980e19e162bb07f04b65f3ea
all5/Soundex/[0-4][1-1][2-2].wasm,dd091600980e19e162bb07f04b65f3ea
all5/Soundex/[0-4][1-1][2-2][28-1].wasm,dd091600980e19e162bb07f04b65f3ea
all5/Soundex/[0-4][1-1][2-3].wasm,dd091600980e19e162bb07f04b65f3ea
all5/Soundex/[0-4][1-1][2-3][28-1].wasm,dd091600980e19e162bb07f04b65f3ea
all5/Soundex/[0-4][1-1][2-4].wasm,dd091600980e19e162bb07f04b65f3ea
all5/Soundex/[0-4][1-1][2-4][28-1].wasm,dd091600980e19e162bb07f04b65f3ea
all5/Soundex/[0-4][1-1][28-1].wasm,dd091600980e19e162bb07f04b65f3ea
all5/Soundex/[0-4][1-2].wasm,dd091600980e19e162bb07f04b65f3ea
all5/Soundex/[0-4][1-2][2-1].wasm,dd091600980e19e162bb07f04b65f3ea
all5/Soundex/[0-4][1-2][2-1][28-1].wasm,dd091600980e19e162bb07f04b65f3ea
all5/Soundex/[0-4][1-2][2-2].wasm,dd091600980e19e162bb07f04b65f3ea
all5/Soundex/[0-4][1-2][2-2][28-1].wasm,dd091600980e19e162bb07f04b65f3ea
all5/Soundex/[0-4][1-2][2-3].wasm,dd091600980e19e162bb07f04b65f3ea
all5/Soundex/[0-4][1-2][2-3][28-1].wasm,dd091600980e19e162bb07f04b65f3ea
all5/Soundex/[0-4][1-2][2-4].wasm,dd091600980e19e162bb07f04b65f3ea
all5/Soundex/[0-4][1-2][2-4][28-1].wasm,dd091600980e19e162bb07f04b65f3ea
all5/Soundex/[0-4][1-2][28-1].wasm,dd091600980e19e162bb07f04b65f3ea
all5/Soundex/[0-4][1-3].wasm,dd091600980e19e162bb07f04b65f3ea
all5/Soundex/[0-4][1-3][2-1].wasm,dd091600980e19e162bb07f04b65f3ea
all5/Soundex/[0-4][1-3][2-1][28-1].wasm,dd091600980e19e162bb07f04b65f3ea
all5/Soundex/[0-4][1-3][2-2].wasm,dd091600980e19e162bb07f04b65f3ea
all5/Soundex/[0-4][1-3][2-2][28-1].wasm,dd091600980e19e162bb07f04b65f3ea
all5/Soundex/[0-4][1-3][2-3].wasm,dd091600980e19e162bb07f04b65f3ea
all5/Soundex/[0-4][1-3][2-3][28-1].wasm,dd091600980e19e162bb07f04b65f3ea
all5/Soundex/[0-4][1-3][2-4].wasm,dd091600980e19e162bb07f04b65f3ea
all5/Soundex/[0-4][1-3][2-4][28-1].wasm,dd091600980e19e162bb07f04b65f3ea
all5/Soundex/[0-4][1-3][28-1].wasm,dd091600980e19e162bb07f04b65f3ea
all5/Soundex/[0-4][1-4].wasm,dd091600980e19e162bb07f04b65f3ea
all5/Soundex/[0-4][1-4][2-1].wasm,dd091600980e19e162bb07f04b65f3ea
all5/Soundex/[0-4][1-4][2-1][28-1].wasm,dd091600980e19e162bb07f04b65f3ea
all5/Soundex/[0-4][1-4][2-2].wasm,dd091600980e19e162bb07f04b65f3ea
all5/Soundex/[0-4][1-4][2-2][28-1].wasm,dd091600980e19e162bb07f04b65f3ea
all5/Soundex/[0-4][1-4][2-3].wasm,dd091600980e19e162bb07f04b65f3ea
all5/Soundex/[0-4][1-4][2-3][28-1].wasm,dd091600980e19e162bb07f04b65f3ea
all5/Soundex/[0-4][1-4][2-4].wasm,dd091600980e19e162bb07f04b65f3ea
all5/Soundex/[0-4][1-4][2-4][28-1].wasm,dd091600980e19e162bb07f04b65f3ea
all5/Soundex/[0-4][1-4][28-1].wasm,dd091600980e19e162bb07f04b65f3ea
all5/Soundex/[0-4][2-1].wasm,dd091600980e19e162bb07f04b65f3ea
all5/Soundex/[0-4][2-1][28-1].wasm,dd091600980e19e162bb07f04b65f3ea
all5/Soundex/[0-4][2-2].wasm,dd091600980e19e162bb07f04b65f3ea
all5/Soundex/[0-4][2-2][28-1].wasm,dd091600980e19e162bb07f04b65f3ea
all5/Soundex/[0-4][2-3].wasm,dd091600980e19e162bb07f04b65f3ea
all5/Soundex/[0-4][2-3][28-1].wasm,dd091600980e19e162bb07f04b65f3ea
all5/Soundex/[0-4][2-4].wasm,dd091600980e19e162bb07f04b65f3ea
all5/Soundex/[0-4][2-4][28-1].wasm,dd091600980e19e162bb07f04b65f3ea
all5/Soundex/[0-4][28-1].wasm,dd091600980e19e162bb07f04b65f3ea
all5/Soundex/[0-5].wasm,dd091600980e19e162bb07f04b65f3ea
all5/Soundex/[0-5][1-1].wasm,dd091600980e19e162bb07f04b65f3ea
all5/Soundex/[0-5][1-1][2-1].wasm,dd091600980e19e162bb07f04b65f3ea
all5/Soundex/[0-5][1-1][2-1][28-1].wasm,dd091600980e19e162bb07f04b65f3ea
all5/Soundex/[0-5][1-1][2-2].wasm,dd091600980e19e162bb07f04b65f3ea
all5/Soundex/[0-5][1-1][2-2][28-1].wasm,dd091600980e19e162bb07f04b65f3ea
all5/Soundex/[0-5][1-1][2-3].wasm,dd091600980e19e162bb07f04b65f3ea
all5/Soundex/[0-5][1-1][2-3][28-1].wasm,dd091600980e19e162bb07f04b65f3ea
all5/Soundex/[0-5][1-1][2-4].wasm,dd091600980e19e162bb07f04b65f3ea
all5/Soundex/[0-5][1-1][2-4][28-1].wasm,dd091600980e19e162bb07f04b65f3ea
all5/Soundex/[0-5][1-1][28-1].wasm,dd091600980e19e162bb07f04b65f3ea
all5/Soundex/[0-5][1-2].wasm,dd091600980e19e162bb07f04b65f3ea
all5/Soundex/[0-5][1-2][2-1].wasm,dd091600980e19e162bb07f04b65f3ea
all5/Soundex/[0-5][1-2][2-1][28-1].wasm,dd091600980e19e162bb07f04b65f3ea
all5/Soundex/[0-5][1-2][2-2].wasm,dd091600980e19e162bb07f04b65f3ea
all5/Soundex/[0-5][1-2][2-2][28-1].wasm,dd091600980e19e162bb07f04b65f3ea
all5/Soundex/[0-5][1-2][2-3].wasm,dd091600980e19e162bb07f04b65f3ea
all5/Soundex/[0-5][1-2][2-3][28-1].wasm,dd091600980e19e162bb07f04b65f3ea
all5/Soundex/[0-5][1-2][2-4].wasm,dd091600980e19e162bb07f04b65f3ea
all5/Soundex/[0-5][1-2][2-4][28-1].wasm,dd091600980e19e162bb07f04b65f3ea
all5/Soundex/[0-5][1-2][28-1].wasm,dd091600980e19e162bb07f04b65f3ea
all5/Soundex/[0-5][1-3].wasm,dd091600980e19e162bb07f04b65f3ea
all5/Soundex/[0-5][1-3][2-1].wasm,dd091600980e19e162bb07f04b65f3ea
all5/Soundex/[0-5][1-3][2-1][28-1].wasm,dd091600980e19e162bb07f04b65f3ea
all5/Soundex/[0-5][1-3][2-2].wasm,dd091600980e19e162bb07f04b65f3ea
all5/Soundex/[0-5][1-3][2-2][28-1].wasm,dd091600980e19e162bb07f04b65f3ea
all5/Soundex/[0-5][1-3][2-3].wasm,dd091600980e19e162bb07f04b65f3ea
all5/Soundex/[0-5][1-3][2-3][28-1].wasm,dd091600980e19e162bb07f04b65f3ea
all5/Soundex/[0-5][1-3][2-4].wasm,dd091600980e19e162bb07f04b65f3ea
all5/Soundex/[0-5][1-3][2-4][28-1].wasm,dd091600980e19e162bb07f04b65f3ea
all5/Soundex/[0-5][1-3][28-1].wasm,dd091600980e19e162bb07f04b65f3ea
all5/Soundex/[0-5][1-4].wasm,dd091600980e19e162bb07f04b65f3ea
all5/Soundex/[0-5][1-4][2-1].wasm,dd091600980e19e162bb07f04b65f3ea
all5/Soundex/[0-5][1-4][2-1][28-1].wasm,dd091600980e19e162bb07f04b65f3ea
all5/Soundex/[0-5][1-4][2-2].wasm,dd091600980e19e162bb07f04b65f3ea
all5/Soundex/[0-5][1-4][2-2][28-1].wasm,dd091600980e19e162bb07f04b65f3ea
all5/Soundex/[0-5][1-4][2-3].wasm,dd091600980e19e162bb07f04b65f3ea
all5/Soundex/[0-5][1-4][2-3][28-1].wasm,dd091600980e19e162bb07f04b65f3ea
all5/Soundex/[0-5][1-4][2-4].wasm,dd091600980e19e162bb07f04b65f3ea
all5/Soundex/[0-5][1-4][2-4][28-1].wasm,dd091600980e19e162bb07f04b65f3ea
all5/Soundex/[0-5][1-4][28-1].wasm,dd091600980e19e162bb07f04b65f3ea
all5/Soundex/[0-5][2-1].wasm,dd091600980e19e162bb07f04b65f3ea
all5/Soundex/[0-5][2-1][28-1].wasm,dd091600980e19e162bb07f04b65f3ea
all5/Soundex/[0-5][2-2].wasm,dd091600980e19e162bb07f04b65f3ea
all5/Soundex/[0-5][2-2][28-1].wasm,dd091600980e19e162bb07f04b65f3ea
all5/Soundex/[0-5][2-3].wasm,dd091600980e19e162bb07f04b65f3ea
all5/Soundex/[0-5][2-3][28-1].wasm,dd091600980e19e162bb07f04b65f3ea
all5/Soundex/[0-5][2-4].wasm,dd091600980e19e162bb07f04b65f3ea
all5/Soundex/[0-5][2-4][28-1].wasm,dd091600980e19e162bb07f04b65f3ea
all5/Soundex/[0-5][28-1].wasm,dd091600980e19e162bb07f04b65f3ea
all5/Soundex/[0-6].wasm,dd091600980e19e162bb07f04b65f3ea
all5/Soundex/[0-6][1-1].wasm,dd091600980e19e162bb07f04b65f3ea
all5/Soundex/[0-6][1-1][2-1].wasm,dd091600980e19e162bb07f04b65f3ea
all5/Soundex/[0-6][1-1][2-1][28-1].wasm,dd091600980e19e162bb07f04b65f3ea
all5/Soundex/[0-6][1-1][2-2].wasm,dd091600980e19e162bb07f04b65f3ea
all5/Soundex/[0-6][1-1][2-2][28-1].wasm,dd091600980e19e162bb07f04b65f3ea
all5/Soundex/[0-6][1-1][2-3].wasm,dd091600980e19e162bb07f04b65f3ea
all5/Soundex/[0-6][1-1][2-3][28-1].wasm,dd091600980e19e162bb07f04b65f3ea
all5/Soundex/[0-6][1-1][2-4].wasm,dd091600980e19e162bb07f04b65f3ea
all5/Soundex/[0-6][1-1][2-4][28-1].wasm,dd091600980e19e162bb07f04b65f3ea
all5/Soundex/[0-6][1-1][28-1].wasm,dd091600980e19e162bb07f04b65f3ea
all5/Soundex/[0-6][1-2].wasm,dd091600980e19e162bb07f04b65f3ea
all5/Soundex/[0-6][1-2][2-1].wasm,dd091600980e19e162bb07f04b65f3ea
all5/Soundex/[0-6][1-2][2-1][28-1].wasm,dd091600980e19e162bb07f04b65f3ea
all5/Soundex/[0-6][1-2][2-2].wasm,dd091600980e19e162bb07f04b65f3ea
all5/Soundex/[0-6][1-2][2-2][28-1].wasm,dd091600980e19e162bb07f04b65f3ea
all5/Soundex/[0-6][1-2][2-3].wasm,dd091600980e19e162bb07f04b65f3ea
all5/Soundex/[0-6][1-2][2-3][28-1].wasm,dd091600980e19e162bb07f04b65f3ea
all5/Soundex/[0-6][1-2][2-4].wasm,dd091600980e19e162bb07f04b65f3ea
all5/Soundex/[0-6][1-2][2-4][28-1].wasm,dd091600980e19e162bb07f04b65f3ea
all5/Soundex/[0-6][1-2][28-1].wasm,dd091600980e19e162bb07f04b65f3ea
all5/Soundex/[0-6][1-3].wasm,dd091600980e19e162bb07f04b65f3ea
all5/Soundex/[0-6][1-3][2-1].wasm,dd091600980e19e162bb07f04b65f3ea
all5/Soundex/[0-6][1-3][2-1][28-1].wasm,dd091600980e19e162bb07f04b65f3ea
all5/Soundex/[0-6][1-3][2-2].wasm,dd091600980e19e162bb07f04b65f3ea
all5/Soundex/[0-6][1-3][2-2][28-1].wasm,dd091600980e19e162bb07f04b65f3ea
all5/Soundex/[0-6][1-3][2-3].wasm,dd091600980e19e162bb07f04b65f3ea
all5/Soundex/[0-6][1-3][2-3][28-1].wasm,dd091600980e19e162bb07f04b65f3ea
all5/Soundex/[0-6][1-3][2-4].wasm,dd091600980e19e162bb07f04b65f3ea
all5/Soundex/[0-6][1-3][2-4][28-1].wasm,dd091600980e19e162bb07f04b65f3ea
all5/Soundex/[0-6][1-3][28-1].wasm,dd091600980e19e162bb07f04b65f3ea
all5/Soundex/[0-6][1-4].wasm,dd091600980e19e162bb07f04b65f3ea
all5/Soundex/[0-6][1-4][2-1].wasm,dd091600980e19e162bb07f04b65f3ea
all5/Soundex/[0-6][1-4][2-1][28-1].wasm,dd091600980e19e162bb07f04b65f3ea
all5/Soundex/[0-6][1-4][2-2].wasm,dd091600980e19e162bb07f04b65f3ea
all5/Soundex/[0-6][1-4][2-2][28-1].wasm,dd091600980e19e162bb07f04b65f3ea
all5/Soundex/[0-6][1-4][2-3].wasm,dd091600980e19e162bb07f04b65f3ea
all5/Soundex/[0-6][1-4][2-3][28-1].wasm,dd091600980e19e162bb07f04b65f3ea
all5/Soundex/[0-6][1-4][2-4].wasm,dd091600980e19e162bb07f04b65f3ea
all5/Soundex/[0-6][1-4][2-4][28-1].wasm,dd091600980e19e162bb07f04b65f3ea
all5/Soundex/[0-6][1-4][28-1].wasm,dd091600980e19e162bb07f04b65f3ea
all5/Soundex/[0-6][2-1].wasm,dd091600980e19e162bb07f04b65f3ea
all5/Soundex/[0-6][2-1][28-1].wasm,dd091600980e19e162bb07f04b65f3ea
all5/Soundex/[0-6][2-2].wasm,dd091600980e19e162bb07f04b65f3ea
all5/Soundex/[0-6][2-2][28-1].wasm,dd091600980e19e162bb07f04b65f3ea
all5/Soundex/[0-6][2-3].wasm,dd091600980e19e162bb07f04b65f3ea
all5/Soundex/[0-6][2-3][28-1].wasm,dd091600980e19e162bb07f04b65f3ea
all5/Soundex/[0-6][2-4].wasm,dd091600980e19e162bb07f04b65f3ea
all5/Soundex/[0-6][2-4][28-1].wasm,dd091600980e19e162bb07f04b65f3ea
all5/Soundex/[0-6][28-1].wasm,dd091600980e19e162bb07f04b65f3ea
all5/Soundex/[0-7].wasm,dd091600980e19e162bb07f04b65f3ea
all5/Soundex/[0-7][1-1].wasm,dd091600980e19e162bb07f04b65f3ea
all5/Soundex/[0-7][1-1][2-1].wasm,dd091600980e19e162bb07f04b65f3ea
all5/Soundex/[0-7][1-1][2-1][28-1].wasm,dd091600980e19e162bb07f04b65f3ea
all5/Soundex/[0-7][1-1][2-2].wasm,dd091600980e19e162bb07f04b65f3ea
all5/Soundex/[0-7][1-1][2-2][28-1].wasm,dd091600980e19e162bb07f04b65f3ea
all5/Soundex/[0-7][1-1][2-3].wasm,dd091600980e19e162bb07f04b65f3ea
all5/Soundex/[0-7][1-1][2-3][28-1].wasm,dd091600980e19e162bb07f04b65f3ea
all5/Soundex/[0-7][1-1][2-4].wasm,dd091600980e19e162bb07f04b65f3ea
all5/Soundex/[0-7][1-1][2-4][28-1].wasm,dd091600980e19e162bb07f04b65f3ea
all5/Soundex/[0-7][1-1][28-1].wasm,dd091600980e19e162bb07f04b65f3ea
all5/Soundex/[0-7][1-2].wasm,dd091600980e19e162bb07f04b65f3ea
all5/Soundex/[0-7][1-2][2-1].wasm,dd091600980e19e162bb07f04b65f3ea
all5/Soundex/[0-7][1-2][2-1][28-1].wasm,dd091600980e19e162bb07f04b65f3ea
all5/Soundex/[0-7][1-2][2-2].wasm,dd091600980e19e162bb07f04b65f3ea
all5/Soundex/[0-7][1-2][2-2][28-1].wasm,dd091600980e19e162bb07f04b65f3ea
all5/Soundex/[0-7][1-2][2-3].wasm,dd091600980e19e162bb07f04b65f3ea
all5/Soundex/[0-7][1-2][2-3][28-1].wasm,dd091600980e19e162bb07f04b65f3ea
all5/Soundex/[0-7][1-2][2-4].wasm,dd091600980e19e162bb07f04b65f3ea
all5/Soundex/[0-7][1-2][2-4][28-1].wasm,dd091600980e19e162bb07f04b65f3ea
all5/Soundex/[0-7][1-2][28-1].wasm,dd091600980e19e162bb07f04b65f3ea
all5/Soundex/[0-7][1-3].wasm,dd091600980e19e162bb07f04b65f3ea
all5/Soundex/[0-7][1-3][2-1].wasm,dd091600980e19e162bb07f04b65f3ea
all5/Soundex/[0-7][1-3][2-1][28-1].wasm,dd091600980e19e162bb07f04b65f3ea
all5/Soundex/[0-7][1-3][2-2].wasm,dd091600980e19e162bb07f04b65f3ea
all5/Soundex/[0-7][1-3][2-2][28-1].wasm,dd091600980e19e162bb07f04b65f3ea
all5/Soundex/[0-7][1-3][2-3].wasm,dd091600980e19e162bb07f04b65f3ea
all5/Soundex/[0-7][1-3][2-3][28-1].wasm,dd091600980e19e162bb07f04b65f3ea
all5/Soundex/[0-7][1-3][2-4].wasm,dd091600980e19e162bb07f04b65f3ea
all5/Soundex/[0-7][1-3][2-4][28-1].wasm,dd091600980e19e162bb07f04b65f3ea
all5/Soundex/[0-7][1-3][28-1].wasm,dd091600980e19e162bb07f04b65f3ea
all5/Soundex/[0-7][1-4].wasm,dd091600980e19e162bb07f04b65f3ea
all5/Soundex/[0-7][1-4][2-1].wasm,dd091600980e19e162bb07f04b65f3ea
all5/Soundex/[0-7][1-4][2-1][28-1].wasm,dd091600980e19e162bb07f04b65f3ea
all5/Soundex/[0-7][1-4][2-2].wasm,dd091600980e19e162bb07f04b65f3ea
all5/Soundex/[0-7][1-4][2-2][28-1].wasm,dd091600980e19e162bb07f04b65f3ea
all5/Soundex/[0-7][1-4][2-3].wasm,dd091600980e19e162bb07f04b65f3ea
all5/Soundex/[0-7][1-4][2-3][28-1].wasm,dd091600980e19e162bb07f04b65f3ea
all5/Soundex/[0-7][1-4][2-4].wasm,dd091600980e19e162bb07f04b65f3ea
all5/Soundex/[0-7][1-4][2-4][28-1].wasm,dd091600980e19e162bb07f04b65f3ea
all5/Soundex/[0-7][1-4][28-1].wasm,dd091600980e19e162bb07f04b65f3ea
all5/Soundex/[0-7][2-1].wasm,dd091600980e19e162bb07f04b65f3ea
all5/Soundex/[0-7][2-1][28-1].wasm,dd091600980e19e162bb07f04b65f3ea
all5/Soundex/[0-7][2-2].wasm,dd091600980e19e162bb07f04b65f3ea
all5/Soundex/[0-7][2-2][28-1].wasm,dd091600980e19e162bb07f04b65f3ea
all5/Soundex/[0-7][2-3].wasm,dd091600980e19e162bb07f04b65f3ea
all5/Soundex/[0-7][2-3][28-1].wasm,dd091600980e19e162bb07f04b65f3ea
all5/Soundex/[0-7][2-4].wasm,dd091600980e19e162bb07f04b65f3ea
all5/Soundex/[0-7][2-4][28-1].wasm,dd091600980e19e162bb07f04b65f3ea
all5/Soundex/[0-7][28-1].wasm,dd091600980e19e162bb07f04b65f3ea
all5/Soundex/[0-8].wasm,dd091600980e19e162bb07f04b65f3ea
all5/Soundex/[0-8][1-1].wasm,dd091600980e19e162bb07f04b65f3ea
all5/Soundex/[0-8][1-1][2-1].wasm,dd091600980e19e162bb07f04b65f3ea
all5/Soundex/[0-8][1-1][2-1][28-1].wasm,dd091600980e19e162bb07f04b65f3ea
all5/Soundex/[0-8][1-1][2-2].wasm,dd091600980e19e162bb07f04b65f3ea
all5/Soundex/[0-8][1-1][2-2][28-1].wasm,dd091600980e19e162bb07f04b65f3ea
all5/Soundex/[0-8][1-1][2-3].wasm,dd091600980e19e162bb07f04b65f3ea
all5/Soundex/[0-8][1-1][2-3][28-1].wasm,dd091600980e19e162bb07f04b65f3ea
all5/Soundex/[0-8][1-1][2-4].wasm,dd091600980e19e162bb07f04b65f3ea
all5/Soundex/[0-8][1-1][2-4][28-1].wasm,dd091600980e19e162bb07f04b65f3ea
all5/Soundex/[0-8][1-1][28-1].wasm,dd091600980e19e162bb07f04b65f3ea
all5/Soundex/[0-8][1-2].wasm,dd091600980e19e162bb07f04b65f3ea
all5/Soundex/[0-8][1-2][2-1].wasm,dd091600980e19e162bb07f04b65f3ea
all5/Soundex/[0-8][1-2][2-1][28-1].wasm,dd091600980e19e162bb07f04b65f3ea
all5/Soundex/[0-8][1-2][2-2].wasm,dd091600980e19e162bb07f04b65f3ea
all5/Soundex/[0-8][1-2][2-2][28-1].wasm,dd091600980e19e162bb07f04b65f3ea
all5/Soundex/[0-8][1-2][2-3].wasm,dd091600980e19e162bb07f04b65f3ea
all5/Soundex/[0-8][1-2][2-3][28-1].wasm,dd091600980e19e162bb07f04b65f3ea
all5/Soundex/[0-8][1-2][2-4].wasm,dd091600980e19e162bb07f04b65f3ea
all5/Soundex/[0-8][1-2][2-4][28-1].wasm,dd091600980e19e162bb07f04b65f3ea
all5/Soundex/[0-8][1-2][28-1].wasm,dd091600980e19e162bb07f04b65f3ea
all5/Soundex/[0-8][1-3].wasm,dd091600980e19e162bb07f04b65f3ea
all5/Soundex/[0-8][1-3][2-1].wasm,dd091600980e19e162bb07f04b65f3ea
all5/Soundex/[0-8][1-3][2-1][28-1].wasm,dd091600980e19e162bb07f04b65f3ea
all5/Soundex/[0-8][1-3][2-2].wasm,dd091600980e19e162bb07f04b65f3ea
all5/Soundex/[0-8][1-3][2-2][28-1].wasm,dd091600980e19e162bb07f04b65f3ea
all5/Soundex/[0-8][1-3][2-3].wasm,dd091600980e19e162bb07f04b65f3ea
all5/Soundex/[0-8][1-3][2-3][28-1].wasm,dd091600980e19e162bb07f04b65f3ea
all5/Soundex/[0-8][1-3][2-4].wasm,dd091600980e19e162bb07f04b65f3ea
all5/Soundex/[0-8][1-3][2-4][28-1].wasm,dd091600980e19e162bb07f04b65f3ea
all5/Soundex/[0-8][1-3][28-1].wasm,dd091600980e19e162bb07f04b65f3ea
all5/Soundex/[0-8][1-4].wasm,dd091600980e19e162bb07f04b65f3ea
all5/Soundex/[0-8][1-4][2-1].wasm,dd091600980e19e162bb07f04b65f3ea
all5/Soundex/[0-8][1-4][2-1][28-1].wasm,dd091600980e19e162bb07f04b65f3ea
all5/Soundex/[0-8][1-4][2-2].wasm,dd091600980e19e162bb07f04b65f3ea
all5/Soundex/[0-8][1-4][2-2][28-1].wasm,dd091600980e19e162bb07f04b65f3ea
all5/Soundex/[0-8][1-4][2-3].wasm,dd091600980e19e162bb07f04b65f3ea
all5/Soundex/[0-8][1-4][2-3][28-1].wasm,dd091600980e19e162bb07f04b65f3ea
all5/Soundex/[0-8][1-4][2-4].wasm,dd091600980e19e162bb07f04b65f3ea
all5/Soundex/[0-8][1-4][2-4][28-1].wasm,dd091600980e19e162bb07f04b65f3ea
all5/Soundex/[0-8][1-4][28-1].wasm,dd091600980e19e162bb07f04b65f3ea
all5/Soundex/[0-8][2-1].wasm,dd091600980e19e162bb07f04b65f3ea
all5/Soundex/[0-8][2-1][28-1].wasm,dd091600980e19e162bb07f04b65f3ea
all5/Soundex/[0-8][2-2].wasm,dd091600980e19e162bb07f04b65f3ea
all5/Soundex/[0-8][2-2][28-1].wasm,dd091600980e19e162bb07f04b65f3ea
all5/Soundex/[0-8][2-3].wasm,dd091600980e19e162bb07f04b65f3ea
all5/Soundex/[0-8][2-3][28-1].wasm,dd091600980e19e162bb07f04b65f3ea
all5/Soundex/[0-8][2-4].wasm,dd091600980e19e162bb07f04b65f3ea
all5/Soundex/[0-8][2-4][28-1].wasm,dd091600980e19e162bb07f04b65f3ea
all5/Soundex/[0-8][28-1].wasm,dd091600980e19e162bb07f04b65f3ea
all5/Soundex/[1-1].wasm,dd091600980e19e162bb07f04b65f3ea
all5/Soundex/[1-1][2-1].wasm,dd091600980e19e162bb07f04b65f3ea
all5/Soundex/[1-1][2-1][28-1].wasm,dd091600980e19e162bb07f04b65f3ea
all5/Soundex/[1-1][2-2].wasm,dd091600980e19e162bb07f04b65f3ea
all5/Soundex/[1-1][2-2][28-1].wasm,dd091600980e19e162bb07f04b65f3ea
all5/Soundex/[1-1][2-3].wasm,dd091600980e19e162bb07f04b65f3ea
all5/Soundex/[1-1][2-3][28-1].wasm,dd091600980e19e162bb07f04b65f3ea
all5/Soundex/[1-1][2-4].wasm,dd091600980e19e162bb07f04b65f3ea
all5/Soundex/[1-1][2-4][28-1].wasm,dd091600980e19e162bb07f04b65f3ea
all5/Soundex/[1-1][28-1].wasm,dd091600980e19e162bb07f04b65f3ea
all5/Soundex/[1-2].wasm,dd091600980e19e162bb07f04b65f3ea
all5/Soundex/[1-2][2-1].wasm,dd091600980e19e162bb07f04b65f3ea
all5/Soundex/[1-2][2-1][28-1].wasm,dd091600980e19e162bb07f04b65f3ea
all5/Soundex/[1-2][2-2].wasm,dd091600980e19e162bb07f04b65f3ea
all5/Soundex/[1-2][2-2][28-1].wasm,dd091600980e19e162bb07f04b65f3ea
all5/Soundex/[1-2][2-3].wasm,dd091600980e19e162bb07f04b65f3ea
all5/Soundex/[1-2][2-3][28-1].wasm,dd091600980e19e162bb07f04b65f3ea
all5/Soundex/[1-2][2-4].wasm,dd091600980e19e162bb07f04b65f3ea
all5/Soundex/[1-2][2-4][28-1].wasm,dd091600980e19e162bb07f04b65f3ea
all5/Soundex/[1-2][28-1].wasm,dd091600980e19e162bb07f04b65f3ea
all5/Soundex/[1-3].wasm,dd091600980e19e162bb07f04b65f3ea
all5/Soundex/[1-3][2-1].wasm,dd091600980e19e162bb07f04b65f3ea
all5/Soundex/[1-3][2-1][28-1].wasm,dd091600980e19e162bb07f04b65f3ea
all5/Soundex/[1-3][2-2].wasm,dd091600980e19e162bb07f04b65f3ea
all5/Soundex/[1-3][2-2][28-1].wasm,dd091600980e19e162bb07f04b65f3ea
all5/Soundex/[1-3][2-3].wasm,dd091600980e19e162bb07f04b65f3ea
all5/Soundex/[1-3][2-3][28-1].wasm,dd091600980e19e162bb07f04b65f3ea
all5/Soundex/[1-3][2-4].wasm,dd091600980e19e162bb07f04b65f3ea
all5/Soundex/[1-3][2-4][28-1].wasm,dd091600980e19e162bb07f04b65f3ea
all5/Soundex/[1-3][28-1].wasm,dd091600980e19e162bb07f04b65f3ea
all5/Soundex/[1-4].wasm,dd091600980e19e162bb07f04b65f3ea
all5/Soundex/[1-4][2-1].wasm,dd091600980e19e162bb07f04b65f3ea
all5/Soundex/[1-4][2-1][28-1].wasm,dd091600980e19e162bb07f04b65f3ea
all5/Soundex/[1-4][2-2].wasm,dd091600980e19e162bb07f04b65f3ea
all5/Soundex/[1-4][2-2][28-1].wasm,dd091600980e19e162bb07f04b65f3ea
all5/Soundex/[1-4][2-3].wasm,dd091600980e19e162bb07f04b65f3ea
all5/Soundex/[1-4][2-3][28-1].wasm,dd091600980e19e162bb07f04b65f3ea
all5/Soundex/[1-4][2-4].wasm,dd091600980e19e162bb07f04b65f3ea
all5/Soundex/[1-4][2-4][28-1].wasm,dd091600980e19e162bb07f04b65f3ea
all5/Soundex/[1-4][28-1].wasm,dd091600980e19e162bb07f04b65f3ea
all5/Soundex/[2-1].wasm,dd091600980e19e162bb07f04b65f3ea
all5/Soundex/[2-1][28-1].wasm,dd091600980e19e162bb07f04b65f3ea
all5/Soundex/[2-2].wasm,dd091600980e19e162bb07f04b65f3ea
all5/Soundex/[2-2][28-1].wasm,dd091600980e19e162bb07f04b65f3ea
all5/Soundex/[2-3].wasm,dd091600980e19e162bb07f04b65f3ea
all5/Soundex/[2-3][28-1].wasm,dd091600980e19e162bb07f04b65f3ea
all5/Soundex/[2-4].wasm,dd091600980e19e162bb07f04b65f3ea
all5/Soundex/[2-4][28-1].wasm,dd091600980e19e162bb07f04b65f3ea
all5/Soundex/[28-1].wasm,dd091600980e19e162bb07f04b65f3ea
