name, hash
all5/Spiral_matrix/Spiral_matrix.wasm,b8f8fdb02ae5b0ef7e50f10dbf04ccd1
all5/Spiral_matrix/Spiral_matrix.wasm.~1~,e18eec4fc10e38785f8dedf2f18bdb66
all5/Spiral_matrix/Spiral_matrix.wasm.~2~,b8f8fdb02ae5b0ef7e50f10dbf04ccd1
all5/Spiral_matrix/Spiral_matrix.wasm.~3~,e18eec4fc10e38785f8dedf2f18bdb66
all5/Spiral_matrix/[0-1].wasm,e18eec4fc10e38785f8dedf2f18bdb66
all5/Spiral_matrix/[0-1][1-10].wasm,e18eec4fc10e38785f8dedf2f18bdb66
all5/Spiral_matrix/[0-1][1-10][4-1].wasm,b9511dfd31733b75a5f80d6c38e81652
all5/Spiral_matrix/[0-1][1-10][4-1][46-1].wasm,e28aa303fbe12c4146de1ddc6bc191b1
all5/Spiral_matrix/[0-1][1-10][4-1][7-1].wasm,e28aa303fbe12c4146de1ddc6bc191b1
all5/Spiral_matrix/[0-1][1-10][4-1][7-1][46-1].wasm,e28aa303fbe12c4146de1ddc6bc191b1
all5/Spiral_matrix/[0-1][1-10][46-1].wasm,e46992d4ffc35c25043ff2bef1ab0330
all5/Spiral_matrix/[0-1][1-10][7-1].wasm,e46992d4ffc35c25043ff2bef1ab0330
all5/Spiral_matrix/[0-1][1-10][7-1][46-1].wasm,e46992d4ffc35c25043ff2bef1ab0330
all5/Spiral_matrix/[0-1][1-1].wasm,e18eec4fc10e38785f8dedf2f18bdb66
all5/Spiral_matrix/[0-1][1-1][4-1].wasm,b9511dfd31733b75a5f80d6c38e81652
all5/Spiral_matrix/[0-1][1-1][4-1][46-1].wasm,e28aa303fbe12c4146de1ddc6bc191b1
all5/Spiral_matrix/[0-1][1-1][4-1][7-1].wasm,e28aa303fbe12c4146de1ddc6bc191b1
all5/Spiral_matrix/[0-1][1-1][4-1][7-1][46-1].wasm,e28aa303fbe12c4146de1ddc6bc191b1
all5/Spiral_matrix/[0-1][1-1][46-1].wasm,e46992d4ffc35c25043ff2bef1ab0330
all5/Spiral_matrix/[0-1][1-1][7-1].wasm,e46992d4ffc35c25043ff2bef1ab0330
all5/Spiral_matrix/[0-1][1-1][7-1][46-1].wasm,e46992d4ffc35c25043ff2bef1ab0330
all5/Spiral_matrix/[0-1][1-2].wasm,e18eec4fc10e38785f8dedf2f18bdb66
all5/Spiral_matrix/[0-1][1-2][4-1].wasm,b9511dfd31733b75a5f80d6c38e81652
all5/Spiral_matrix/[0-1][1-2][4-1][46-1].wasm,e28aa303fbe12c4146de1ddc6bc191b1
all5/Spiral_matrix/[0-1][1-2][4-1][7-1].wasm,e28aa303fbe12c4146de1ddc6bc191b1
all5/Spiral_matrix/[0-1][1-2][4-1][7-1][46-1].wasm,e28aa303fbe12c4146de1ddc6bc191b1
all5/Spiral_matrix/[0-1][1-2][46-1].wasm,e46992d4ffc35c25043ff2bef1ab0330
all5/Spiral_matrix/[0-1][1-2][7-1].wasm,e46992d4ffc35c25043ff2bef1ab0330
all5/Spiral_matrix/[0-1][1-2][7-1][46-1].wasm,e46992d4ffc35c25043ff2bef1ab0330
all5/Spiral_matrix/[0-1][1-3].wasm,e18eec4fc10e38785f8dedf2f18bdb66
all5/Spiral_matrix/[0-1][1-3][4-1].wasm,b9511dfd31733b75a5f80d6c38e81652
all5/Spiral_matrix/[0-1][1-3][4-1][46-1].wasm,e28aa303fbe12c4146de1ddc6bc191b1
all5/Spiral_matrix/[0-1][1-3][4-1][7-1].wasm,e28aa303fbe12c4146de1ddc6bc191b1
all5/Spiral_matrix/[0-1][1-3][4-1][7-1][46-1].wasm,e28aa303fbe12c4146de1ddc6bc191b1
all5/Spiral_matrix/[0-1][1-3][46-1].wasm,e46992d4ffc35c25043ff2bef1ab0330
all5/Spiral_matrix/[0-1][1-3][7-1].wasm,e46992d4ffc35c25043ff2bef1ab0330
all5/Spiral_matrix/[0-1][1-3][7-1][46-1].wasm,e46992d4ffc35c25043ff2bef1ab0330
all5/Spiral_matrix/[0-1][1-4].wasm,e18eec4fc10e38785f8dedf2f18bdb66
all5/Spiral_matrix/[0-1][1-4][4-1].wasm,b9511dfd31733b75a5f80d6c38e81652
all5/Spiral_matrix/[0-1][1-4][4-1][46-1].wasm,e28aa303fbe12c4146de1ddc6bc191b1
all5/Spiral_matrix/[0-1][1-4][4-1][7-1].wasm,e28aa303fbe12c4146de1ddc6bc191b1
all5/Spiral_matrix/[0-1][1-4][4-1][7-1][46-1].wasm,e28aa303fbe12c4146de1ddc6bc191b1
all5/Spiral_matrix/[0-1][1-4][46-1].wasm,e46992d4ffc35c25043ff2bef1ab0330
all5/Spiral_matrix/[0-1][1-4][7-1].wasm,e46992d4ffc35c25043ff2bef1ab0330
all5/Spiral_matrix/[0-1][1-4][7-1][46-1].wasm,e46992d4ffc35c25043ff2bef1ab0330
all5/Spiral_matrix/[0-1][1-5].wasm,e18eec4fc10e38785f8dedf2f18bdb66
all5/Spiral_matrix/[0-1][1-5][4-1].wasm,b9511dfd31733b75a5f80d6c38e81652
all5/Spiral_matrix/[0-1][1-5][4-1][46-1].wasm,e28aa303fbe12c4146de1ddc6bc191b1
all5/Spiral_matrix/[0-1][1-5][4-1][7-1].wasm,e28aa303fbe12c4146de1ddc6bc191b1
all5/Spiral_matrix/[0-1][1-5][4-1][7-1][46-1].wasm,e28aa303fbe12c4146de1ddc6bc191b1
all5/Spiral_matrix/[0-1][1-5][46-1].wasm,e46992d4ffc35c25043ff2bef1ab0330
all5/Spiral_matrix/[0-1][1-5][7-1].wasm,e46992d4ffc35c25043ff2bef1ab0330
all5/Spiral_matrix/[0-1][1-5][7-1][46-1].wasm,e46992d4ffc35c25043ff2bef1ab0330
all5/Spiral_matrix/[0-1][1-6].wasm,e18eec4fc10e38785f8dedf2f18bdb66
all5/Spiral_matrix/[0-1][1-6][4-1].wasm,b9511dfd31733b75a5f80d6c38e81652
all5/Spiral_matrix/[0-1][1-6][4-1][46-1].wasm,e28aa303fbe12c4146de1ddc6bc191b1
all5/Spiral_matrix/[0-1][1-6][4-1][7-1].wasm,e28aa303fbe12c4146de1ddc6bc191b1
all5/Spiral_matrix/[0-1][1-6][4-1][7-1][46-1].wasm,e28aa303fbe12c4146de1ddc6bc191b1
all5/Spiral_matrix/[0-1][1-6][46-1].wasm,e46992d4ffc35c25043ff2bef1ab0330
all5/Spiral_matrix/[0-1][1-6][7-1].wasm,e46992d4ffc35c25043ff2bef1ab0330
all5/Spiral_matrix/[0-1][1-6][7-1][46-1].wasm,e46992d4ffc35c25043ff2bef1ab0330
all5/Spiral_matrix/[0-1][1-7].wasm,e18eec4fc10e38785f8dedf2f18bdb66
all5/Spiral_matrix/[0-1][1-7][4-1].wasm,b9511dfd31733b75a5f80d6c38e81652
all5/Spiral_matrix/[0-1][1-7][4-1][46-1].wasm,e28aa303fbe12c4146de1ddc6bc191b1
all5/Spiral_matrix/[0-1][1-7][4-1][7-1].wasm,e28aa303fbe12c4146de1ddc6bc191b1
all5/Spiral_matrix/[0-1][1-7][4-1][7-1][46-1].wasm,e28aa303fbe12c4146de1ddc6bc191b1
all5/Spiral_matrix/[0-1][1-7][46-1].wasm,e46992d4ffc35c25043ff2bef1ab0330
all5/Spiral_matrix/[0-1][1-7][7-1].wasm,e46992d4ffc35c25043ff2bef1ab0330
all5/Spiral_matrix/[0-1][1-7][7-1][46-1].wasm,e46992d4ffc35c25043ff2bef1ab0330
all5/Spiral_matrix/[0-1][1-8].wasm,e18eec4fc10e38785f8dedf2f18bdb66
all5/Spiral_matrix/[0-1][1-8][4-1].wasm,b9511dfd31733b75a5f80d6c38e81652
all5/Spiral_matrix/[0-1][1-8][4-1][46-1].wasm,e28aa303fbe12c4146de1ddc6bc191b1
all5/Spiral_matrix/[0-1][1-8][4-1][7-1].wasm,e28aa303fbe12c4146de1ddc6bc191b1
all5/Spiral_matrix/[0-1][1-8][4-1][7-1][46-1].wasm,e28aa303fbe12c4146de1ddc6bc191b1
all5/Spiral_matrix/[0-1][1-8][46-1].wasm,e46992d4ffc35c25043ff2bef1ab0330
all5/Spiral_matrix/[0-1][1-8][7-1].wasm,e46992d4ffc35c25043ff2bef1ab0330
all5/Spiral_matrix/[0-1][1-8][7-1][46-1].wasm,e46992d4ffc35c25043ff2bef1ab0330
all5/Spiral_matrix/[0-1][1-9].wasm,e18eec4fc10e38785f8dedf2f18bdb66
all5/Spiral_matrix/[0-1][1-9][4-1].wasm,b9511dfd31733b75a5f80d6c38e81652
all5/Spiral_matrix/[0-1][1-9][4-1][46-1].wasm,e28aa303fbe12c4146de1ddc6bc191b1
all5/Spiral_matrix/[0-1][1-9][4-1][7-1].wasm,e28aa303fbe12c4146de1ddc6bc191b1
all5/Spiral_matrix/[0-1][1-9][4-1][7-1][46-1].wasm,e28aa303fbe12c4146de1ddc6bc191b1
all5/Spiral_matrix/[0-1][1-9][46-1].wasm,e46992d4ffc35c25043ff2bef1ab0330
all5/Spiral_matrix/[0-1][1-9][7-1].wasm,e46992d4ffc35c25043ff2bef1ab0330
all5/Spiral_matrix/[0-1][1-9][7-1][46-1].wasm,e46992d4ffc35c25043ff2bef1ab0330
all5/Spiral_matrix/[0-1][4-1].wasm,b9511dfd31733b75a5f80d6c38e81652
all5/Spiral_matrix/[0-1][4-1][46-1].wasm,e28aa303fbe12c4146de1ddc6bc191b1
all5/Spiral_matrix/[0-1][4-1][7-1].wasm,e28aa303fbe12c4146de1ddc6bc191b1
all5/Spiral_matrix/[0-1][4-1][7-1][46-1].wasm,e28aa303fbe12c4146de1ddc6bc191b1
all5/Spiral_matrix/[0-1][46-1].wasm,e46992d4ffc35c25043ff2bef1ab0330
all5/Spiral_matrix/[0-1][7-1].wasm,e46992d4ffc35c25043ff2bef1ab0330
all5/Spiral_matrix/[0-1][7-1][46-1].wasm,e46992d4ffc35c25043ff2bef1ab0330
all5/Spiral_matrix/[0-2].wasm,e18eec4fc10e38785f8dedf2f18bdb66
all5/Spiral_matrix/[0-2][1-10].wasm,e18eec4fc10e38785f8dedf2f18bdb66
all5/Spiral_matrix/[0-2][1-10][4-1].wasm,b9511dfd31733b75a5f80d6c38e81652
all5/Spiral_matrix/[0-2][1-10][4-1][46-1].wasm,e28aa303fbe12c4146de1ddc6bc191b1
all5/Spiral_matrix/[0-2][1-10][4-1][7-1].wasm,e28aa303fbe12c4146de1ddc6bc191b1
all5/Spiral_matrix/[0-2][1-10][4-1][7-1][46-1].wasm,e28aa303fbe12c4146de1ddc6bc191b1
all5/Spiral_matrix/[0-2][1-10][46-1].wasm,e46992d4ffc35c25043ff2bef1ab0330
all5/Spiral_matrix/[0-2][1-10][7-1].wasm,e46992d4ffc35c25043ff2bef1ab0330
all5/Spiral_matrix/[0-2][1-10][7-1][46-1].wasm,e46992d4ffc35c25043ff2bef1ab0330
all5/Spiral_matrix/[0-2][1-1].wasm,e18eec4fc10e38785f8dedf2f18bdb66
all5/Spiral_matrix/[0-2][1-1][4-1].wasm,b9511dfd31733b75a5f80d6c38e81652
all5/Spiral_matrix/[0-2][1-1][4-1][46-1].wasm,e28aa303fbe12c4146de1ddc6bc191b1
all5/Spiral_matrix/[0-2][1-1][4-1][7-1].wasm,e28aa303fbe12c4146de1ddc6bc191b1
all5/Spiral_matrix/[0-2][1-1][4-1][7-1][46-1].wasm,e28aa303fbe12c4146de1ddc6bc191b1
all5/Spiral_matrix/[0-2][1-1][46-1].wasm,e46992d4ffc35c25043ff2bef1ab0330
all5/Spiral_matrix/[0-2][1-1][7-1].wasm,e46992d4ffc35c25043ff2bef1ab0330
all5/Spiral_matrix/[0-2][1-1][7-1][46-1].wasm,e46992d4ffc35c25043ff2bef1ab0330
all5/Spiral_matrix/[0-2][1-2].wasm,e18eec4fc10e38785f8dedf2f18bdb66
all5/Spiral_matrix/[0-2][1-2][4-1].wasm,b9511dfd31733b75a5f80d6c38e81652
all5/Spiral_matrix/[0-2][1-2][4-1][46-1].wasm,e28aa303fbe12c4146de1ddc6bc191b1
all5/Spiral_matrix/[0-2][1-2][4-1][7-1].wasm,e28aa303fbe12c4146de1ddc6bc191b1
all5/Spiral_matrix/[0-2][1-2][4-1][7-1][46-1].wasm,e28aa303fbe12c4146de1ddc6bc191b1
all5/Spiral_matrix/[0-2][1-2][46-1].wasm,e46992d4ffc35c25043ff2bef1ab0330
all5/Spiral_matrix/[0-2][1-2][7-1].wasm,e46992d4ffc35c25043ff2bef1ab0330
all5/Spiral_matrix/[0-2][1-2][7-1][46-1].wasm,e46992d4ffc35c25043ff2bef1ab0330
all5/Spiral_matrix/[0-2][1-3].wasm,e18eec4fc10e38785f8dedf2f18bdb66
all5/Spiral_matrix/[0-2][1-3][4-1].wasm,b9511dfd31733b75a5f80d6c38e81652
all5/Spiral_matrix/[0-2][1-3][4-1][46-1].wasm,e28aa303fbe12c4146de1ddc6bc191b1
all5/Spiral_matrix/[0-2][1-3][4-1][7-1].wasm,e28aa303fbe12c4146de1ddc6bc191b1
all5/Spiral_matrix/[0-2][1-3][4-1][7-1][46-1].wasm,e28aa303fbe12c4146de1ddc6bc191b1
all5/Spiral_matrix/[0-2][1-3][46-1].wasm,e46992d4ffc35c25043ff2bef1ab0330
all5/Spiral_matrix/[0-2][1-3][7-1].wasm,e46992d4ffc35c25043ff2bef1ab0330
all5/Spiral_matrix/[0-2][1-3][7-1][46-1].wasm,e46992d4ffc35c25043ff2bef1ab0330
all5/Spiral_matrix/[0-2][1-4].wasm,e18eec4fc10e38785f8dedf2f18bdb66
all5/Spiral_matrix/[0-2][1-4][4-1].wasm,b9511dfd31733b75a5f80d6c38e81652
all5/Spiral_matrix/[0-2][1-4][4-1][46-1].wasm,e28aa303fbe12c4146de1ddc6bc191b1
all5/Spiral_matrix/[0-2][1-4][4-1][7-1].wasm,e28aa303fbe12c4146de1ddc6bc191b1
all5/Spiral_matrix/[0-2][1-4][4-1][7-1][46-1].wasm,e28aa303fbe12c4146de1ddc6bc191b1
all5/Spiral_matrix/[0-2][1-4][46-1].wasm,e46992d4ffc35c25043ff2bef1ab0330
all5/Spiral_matrix/[0-2][1-4][7-1].wasm,e46992d4ffc35c25043ff2bef1ab0330
all5/Spiral_matrix/[0-2][1-4][7-1][46-1].wasm,e46992d4ffc35c25043ff2bef1ab0330
all5/Spiral_matrix/[0-2][1-5].wasm,e18eec4fc10e38785f8dedf2f18bdb66
all5/Spiral_matrix/[0-2][1-5][4-1].wasm,b9511dfd31733b75a5f80d6c38e81652
all5/Spiral_matrix/[0-2][1-5][4-1][46-1].wasm,e28aa303fbe12c4146de1ddc6bc191b1
all5/Spiral_matrix/[0-2][1-5][4-1][7-1].wasm,e28aa303fbe12c4146de1ddc6bc191b1
all5/Spiral_matrix/[0-2][1-5][4-1][7-1][46-1].wasm,e28aa303fbe12c4146de1ddc6bc191b1
all5/Spiral_matrix/[0-2][1-5][46-1].wasm,e46992d4ffc35c25043ff2bef1ab0330
all5/Spiral_matrix/[0-2][1-5][7-1].wasm,e46992d4ffc35c25043ff2bef1ab0330
all5/Spiral_matrix/[0-2][1-5][7-1][46-1].wasm,e46992d4ffc35c25043ff2bef1ab0330
all5/Spiral_matrix/[0-2][1-6].wasm,e18eec4fc10e38785f8dedf2f18bdb66
all5/Spiral_matrix/[0-2][1-6][4-1].wasm,b9511dfd31733b75a5f80d6c38e81652
all5/Spiral_matrix/[0-2][1-6][4-1][46-1].wasm,e28aa303fbe12c4146de1ddc6bc191b1
all5/Spiral_matrix/[0-2][1-6][4-1][7-1].wasm,e28aa303fbe12c4146de1ddc6bc191b1
all5/Spiral_matrix/[0-2][1-6][4-1][7-1][46-1].wasm,e28aa303fbe12c4146de1ddc6bc191b1
all5/Spiral_matrix/[0-2][1-6][46-1].wasm,e46992d4ffc35c25043ff2bef1ab0330
all5/Spiral_matrix/[0-2][1-6][7-1].wasm,e46992d4ffc35c25043ff2bef1ab0330
all5/Spiral_matrix/[0-2][1-6][7-1][46-1].wasm,e46992d4ffc35c25043ff2bef1ab0330
all5/Spiral_matrix/[0-2][1-7].wasm,e18eec4fc10e38785f8dedf2f18bdb66
all5/Spiral_matrix/[0-2][1-7][4-1].wasm,b9511dfd31733b75a5f80d6c38e81652
all5/Spiral_matrix/[0-2][1-7][4-1][46-1].wasm,e28aa303fbe12c4146de1ddc6bc191b1
all5/Spiral_matrix/[0-2][1-7][4-1][7-1].wasm,e28aa303fbe12c4146de1ddc6bc191b1
all5/Spiral_matrix/[0-2][1-7][4-1][7-1][46-1].wasm,e28aa303fbe12c4146de1ddc6bc191b1
all5/Spiral_matrix/[0-2][1-7][46-1].wasm,e46992d4ffc35c25043ff2bef1ab0330
all5/Spiral_matrix/[0-2][1-7][7-1].wasm,e46992d4ffc35c25043ff2bef1ab0330
all5/Spiral_matrix/[0-2][1-7][7-1][46-1].wasm,e46992d4ffc35c25043ff2bef1ab0330
all5/Spiral_matrix/[0-2][1-8].wasm,e18eec4fc10e38785f8dedf2f18bdb66
all5/Spiral_matrix/[0-2][1-8][4-1].wasm,b9511dfd31733b75a5f80d6c38e81652
all5/Spiral_matrix/[0-2][1-8][4-1][46-1].wasm,e28aa303fbe12c4146de1ddc6bc191b1
all5/Spiral_matrix/[0-2][1-8][4-1][7-1].wasm,e28aa303fbe12c4146de1ddc6bc191b1
all5/Spiral_matrix/[0-2][1-8][4-1][7-1][46-1].wasm,e28aa303fbe12c4146de1ddc6bc191b1
all5/Spiral_matrix/[0-2][1-8][46-1].wasm,e46992d4ffc35c25043ff2bef1ab0330
all5/Spiral_matrix/[0-2][1-8][7-1].wasm,e46992d4ffc35c25043ff2bef1ab0330
all5/Spiral_matrix/[0-2][1-8][7-1][46-1].wasm,e46992d4ffc35c25043ff2bef1ab0330
all5/Spiral_matrix/[0-2][1-9].wasm,e18eec4fc10e38785f8dedf2f18bdb66
all5/Spiral_matrix/[0-2][1-9][4-1].wasm,b9511dfd31733b75a5f80d6c38e81652
all5/Spiral_matrix/[0-2][1-9][4-1][46-1].wasm,e28aa303fbe12c4146de1ddc6bc191b1
all5/Spiral_matrix/[0-2][1-9][4-1][7-1].wasm,e28aa303fbe12c4146de1ddc6bc191b1
all5/Spiral_matrix/[0-2][1-9][4-1][7-1][46-1].wasm,e28aa303fbe12c4146de1ddc6bc191b1
all5/Spiral_matrix/[0-2][1-9][46-1].wasm,e46992d4ffc35c25043ff2bef1ab0330
all5/Spiral_matrix/[0-2][1-9][7-1].wasm,e46992d4ffc35c25043ff2bef1ab0330
all5/Spiral_matrix/[0-2][1-9][7-1][46-1].wasm,e46992d4ffc35c25043ff2bef1ab0330
all5/Spiral_matrix/[0-2][4-1].wasm,b9511dfd31733b75a5f80d6c38e81652
all5/Spiral_matrix/[0-2][4-1][46-1].wasm,e28aa303fbe12c4146de1ddc6bc191b1
all5/Spiral_matrix/[0-2][4-1][7-1].wasm,e28aa303fbe12c4146de1ddc6bc191b1
all5/Spiral_matrix/[0-2][4-1][7-1][46-1].wasm,e28aa303fbe12c4146de1ddc6bc191b1
all5/Spiral_matrix/[0-2][46-1].wasm,e46992d4ffc35c25043ff2bef1ab0330
all5/Spiral_matrix/[0-2][7-1].wasm,e46992d4ffc35c25043ff2bef1ab0330
all5/Spiral_matrix/[0-2][7-1][46-1].wasm,e46992d4ffc35c25043ff2bef1ab0330
all5/Spiral_matrix/[0-3].wasm,e18eec4fc10e38785f8dedf2f18bdb66
all5/Spiral_matrix/[0-3][1-10].wasm,e18eec4fc10e38785f8dedf2f18bdb66
all5/Spiral_matrix/[0-3][1-10][4-1].wasm,b9511dfd31733b75a5f80d6c38e81652
all5/Spiral_matrix/[0-3][1-10][4-1][46-1].wasm,e28aa303fbe12c4146de1ddc6bc191b1
all5/Spiral_matrix/[0-3][1-10][4-1][7-1].wasm,e28aa303fbe12c4146de1ddc6bc191b1
all5/Spiral_matrix/[0-3][1-10][4-1][7-1][46-1].wasm,e28aa303fbe12c4146de1ddc6bc191b1
all5/Spiral_matrix/[0-3][1-10][46-1].wasm,e46992d4ffc35c25043ff2bef1ab0330
all5/Spiral_matrix/[0-3][1-10][7-1].wasm,e46992d4ffc35c25043ff2bef1ab0330
all5/Spiral_matrix/[0-3][1-10][7-1][46-1].wasm,e46992d4ffc35c25043ff2bef1ab0330
all5/Spiral_matrix/[0-3][1-1].wasm,e18eec4fc10e38785f8dedf2f18bdb66
all5/Spiral_matrix/[0-3][1-1][4-1].wasm,b9511dfd31733b75a5f80d6c38e81652
all5/Spiral_matrix/[0-3][1-1][4-1][46-1].wasm,e28aa303fbe12c4146de1ddc6bc191b1
all5/Spiral_matrix/[0-3][1-1][4-1][7-1].wasm,e28aa303fbe12c4146de1ddc6bc191b1
all5/Spiral_matrix/[0-3][1-1][4-1][7-1][46-1].wasm,e28aa303fbe12c4146de1ddc6bc191b1
all5/Spiral_matrix/[0-3][1-1][46-1].wasm,e46992d4ffc35c25043ff2bef1ab0330
all5/Spiral_matrix/[0-3][1-1][7-1].wasm,e46992d4ffc35c25043ff2bef1ab0330
all5/Spiral_matrix/[0-3][1-1][7-1][46-1].wasm,e46992d4ffc35c25043ff2bef1ab0330
all5/Spiral_matrix/[0-3][1-2].wasm,e18eec4fc10e38785f8dedf2f18bdb66
all5/Spiral_matrix/[0-3][1-2][4-1].wasm,b9511dfd31733b75a5f80d6c38e81652
all5/Spiral_matrix/[0-3][1-2][4-1][46-1].wasm,e28aa303fbe12c4146de1ddc6bc191b1
all5/Spiral_matrix/[0-3][1-2][4-1][7-1].wasm,e28aa303fbe12c4146de1ddc6bc191b1
all5/Spiral_matrix/[0-3][1-2][4-1][7-1][46-1].wasm,e28aa303fbe12c4146de1ddc6bc191b1
all5/Spiral_matrix/[0-3][1-2][46-1].wasm,e46992d4ffc35c25043ff2bef1ab0330
all5/Spiral_matrix/[0-3][1-2][7-1].wasm,e46992d4ffc35c25043ff2bef1ab0330
all5/Spiral_matrix/[0-3][1-2][7-1][46-1].wasm,e46992d4ffc35c25043ff2bef1ab0330
all5/Spiral_matrix/[0-3][1-3].wasm,e18eec4fc10e38785f8dedf2f18bdb66
all5/Spiral_matrix/[0-3][1-3][4-1].wasm,b9511dfd31733b75a5f80d6c38e81652
all5/Spiral_matrix/[0-3][1-3][4-1][46-1].wasm,e28aa303fbe12c4146de1ddc6bc191b1
all5/Spiral_matrix/[0-3][1-3][4-1][7-1].wasm,e28aa303fbe12c4146de1ddc6bc191b1
all5/Spiral_matrix/[0-3][1-3][4-1][7-1][46-1].wasm,e28aa303fbe12c4146de1ddc6bc191b1
all5/Spiral_matrix/[0-3][1-3][46-1].wasm,e46992d4ffc35c25043ff2bef1ab0330
all5/Spiral_matrix/[0-3][1-3][7-1].wasm,e46992d4ffc35c25043ff2bef1ab0330
all5/Spiral_matrix/[0-3][1-3][7-1][46-1].wasm,e46992d4ffc35c25043ff2bef1ab0330
all5/Spiral_matrix/[0-3][1-4].wasm,e18eec4fc10e38785f8dedf2f18bdb66
all5/Spiral_matrix/[0-3][1-4][4-1].wasm,b9511dfd31733b75a5f80d6c38e81652
all5/Spiral_matrix/[0-3][1-4][4-1][46-1].wasm,e28aa303fbe12c4146de1ddc6bc191b1
all5/Spiral_matrix/[0-3][1-4][4-1][7-1].wasm,e28aa303fbe12c4146de1ddc6bc191b1
all5/Spiral_matrix/[0-3][1-4][4-1][7-1][46-1].wasm,e28aa303fbe12c4146de1ddc6bc191b1
all5/Spiral_matrix/[0-3][1-4][46-1].wasm,e46992d4ffc35c25043ff2bef1ab0330
all5/Spiral_matrix/[0-3][1-4][7-1].wasm,e46992d4ffc35c25043ff2bef1ab0330
all5/Spiral_matrix/[0-3][1-4][7-1][46-1].wasm,e46992d4ffc35c25043ff2bef1ab0330
all5/Spiral_matrix/[0-3][1-5].wasm,e18eec4fc10e38785f8dedf2f18bdb66
all5/Spiral_matrix/[0-3][1-5][4-1].wasm,b9511dfd31733b75a5f80d6c38e81652
all5/Spiral_matrix/[0-3][1-5][4-1][46-1].wasm,e28aa303fbe12c4146de1ddc6bc191b1
all5/Spiral_matrix/[0-3][1-5][4-1][7-1].wasm,e28aa303fbe12c4146de1ddc6bc191b1
all5/Spiral_matrix/[0-3][1-5][4-1][7-1][46-1].wasm,e28aa303fbe12c4146de1ddc6bc191b1
all5/Spiral_matrix/[0-3][1-5][46-1].wasm,e46992d4ffc35c25043ff2bef1ab0330
all5/Spiral_matrix/[0-3][1-5][7-1].wasm,e46992d4ffc35c25043ff2bef1ab0330
all5/Spiral_matrix/[0-3][1-5][7-1][46-1].wasm,e46992d4ffc35c25043ff2bef1ab0330
all5/Spiral_matrix/[0-3][1-6].wasm,e18eec4fc10e38785f8dedf2f18bdb66
all5/Spiral_matrix/[0-3][1-6][4-1].wasm,b9511dfd31733b75a5f80d6c38e81652
all5/Spiral_matrix/[0-3][1-6][4-1][46-1].wasm,e28aa303fbe12c4146de1ddc6bc191b1
all5/Spiral_matrix/[0-3][1-6][4-1][7-1].wasm,e28aa303fbe12c4146de1ddc6bc191b1
all5/Spiral_matrix/[0-3][1-6][4-1][7-1][46-1].wasm,e28aa303fbe12c4146de1ddc6bc191b1
all5/Spiral_matrix/[0-3][1-6][46-1].wasm,e46992d4ffc35c25043ff2bef1ab0330
all5/Spiral_matrix/[0-3][1-6][7-1].wasm,e46992d4ffc35c25043ff2bef1ab0330
all5/Spiral_matrix/[0-3][1-6][7-1][46-1].wasm,e46992d4ffc35c25043ff2bef1ab0330
all5/Spiral_matrix/[0-3][1-7].wasm,e18eec4fc10e38785f8dedf2f18bdb66
all5/Spiral_matrix/[0-3][1-7][4-1].wasm,b9511dfd31733b75a5f80d6c38e81652
all5/Spiral_matrix/[0-3][1-7][4-1][46-1].wasm,e28aa303fbe12c4146de1ddc6bc191b1
all5/Spiral_matrix/[0-3][1-7][4-1][7-1].wasm,e28aa303fbe12c4146de1ddc6bc191b1
all5/Spiral_matrix/[0-3][1-7][4-1][7-1][46-1].wasm,e28aa303fbe12c4146de1ddc6bc191b1
all5/Spiral_matrix/[0-3][1-7][46-1].wasm,e46992d4ffc35c25043ff2bef1ab0330
all5/Spiral_matrix/[0-3][1-7][7-1].wasm,e46992d4ffc35c25043ff2bef1ab0330
all5/Spiral_matrix/[0-3][1-7][7-1][46-1].wasm,e46992d4ffc35c25043ff2bef1ab0330
all5/Spiral_matrix/[0-3][1-8].wasm,e18eec4fc10e38785f8dedf2f18bdb66
all5/Spiral_matrix/[0-3][1-8][4-1].wasm,b9511dfd31733b75a5f80d6c38e81652
all5/Spiral_matrix/[0-3][1-8][4-1][46-1].wasm,e28aa303fbe12c4146de1ddc6bc191b1
all5/Spiral_matrix/[0-3][1-8][4-1][7-1].wasm,e28aa303fbe12c4146de1ddc6bc191b1
all5/Spiral_matrix/[0-3][1-8][4-1][7-1][46-1].wasm,e28aa303fbe12c4146de1ddc6bc191b1
all5/Spiral_matrix/[0-3][1-8][46-1].wasm,e46992d4ffc35c25043ff2bef1ab0330
all5/Spiral_matrix/[0-3][1-8][7-1].wasm,e46992d4ffc35c25043ff2bef1ab0330
all5/Spiral_matrix/[0-3][1-8][7-1][46-1].wasm,e46992d4ffc35c25043ff2bef1ab0330
all5/Spiral_matrix/[0-3][1-9].wasm,e18eec4fc10e38785f8dedf2f18bdb66
all5/Spiral_matrix/[0-3][1-9][4-1].wasm,b9511dfd31733b75a5f80d6c38e81652
all5/Spiral_matrix/[0-3][1-9][4-1][46-1].wasm,e28aa303fbe12c4146de1ddc6bc191b1
all5/Spiral_matrix/[0-3][1-9][4-1][7-1].wasm,e28aa303fbe12c4146de1ddc6bc191b1
all5/Spiral_matrix/[0-3][1-9][4-1][7-1][46-1].wasm,e28aa303fbe12c4146de1ddc6bc191b1
all5/Spiral_matrix/[0-3][1-9][46-1].wasm,e46992d4ffc35c25043ff2bef1ab0330
all5/Spiral_matrix/[0-3][1-9][7-1].wasm,e46992d4ffc35c25043ff2bef1ab0330
all5/Spiral_matrix/[0-3][1-9][7-1][46-1].wasm,e46992d4ffc35c25043ff2bef1ab0330
all5/Spiral_matrix/[0-3][4-1].wasm,b9511dfd31733b75a5f80d6c38e81652
all5/Spiral_matrix/[0-3][4-1][46-1].wasm,e28aa303fbe12c4146de1ddc6bc191b1
all5/Spiral_matrix/[0-3][4-1][7-1].wasm,e28aa303fbe12c4146de1ddc6bc191b1
all5/Spiral_matrix/[0-3][4-1][7-1][46-1].wasm,e28aa303fbe12c4146de1ddc6bc191b1
all5/Spiral_matrix/[0-3][46-1].wasm,e46992d4ffc35c25043ff2bef1ab0330
all5/Spiral_matrix/[0-3][7-1].wasm,e46992d4ffc35c25043ff2bef1ab0330
all5/Spiral_matrix/[0-3][7-1][46-1].wasm,e46992d4ffc35c25043ff2bef1ab0330
all5/Spiral_matrix/[0-4].wasm,e18eec4fc10e38785f8dedf2f18bdb66
all5/Spiral_matrix/[0-4][1-10].wasm,e18eec4fc10e38785f8dedf2f18bdb66
all5/Spiral_matrix/[0-4][1-10][4-1].wasm,b9511dfd31733b75a5f80d6c38e81652
all5/Spiral_matrix/[0-4][1-10][4-1][46-1].wasm,e28aa303fbe12c4146de1ddc6bc191b1
all5/Spiral_matrix/[0-4][1-10][4-1][7-1].wasm,e28aa303fbe12c4146de1ddc6bc191b1
all5/Spiral_matrix/[0-4][1-10][4-1][7-1][46-1].wasm,e28aa303fbe12c4146de1ddc6bc191b1
all5/Spiral_matrix/[0-4][1-10][46-1].wasm,e46992d4ffc35c25043ff2bef1ab0330
all5/Spiral_matrix/[0-4][1-10][7-1].wasm,e46992d4ffc35c25043ff2bef1ab0330
all5/Spiral_matrix/[0-4][1-10][7-1][46-1].wasm,e46992d4ffc35c25043ff2bef1ab0330
all5/Spiral_matrix/[0-4][1-1].wasm,e18eec4fc10e38785f8dedf2f18bdb66
all5/Spiral_matrix/[0-4][1-1][4-1].wasm,b9511dfd31733b75a5f80d6c38e81652
all5/Spiral_matrix/[0-4][1-1][4-1][46-1].wasm,e28aa303fbe12c4146de1ddc6bc191b1
all5/Spiral_matrix/[0-4][1-1][4-1][7-1].wasm,e28aa303fbe12c4146de1ddc6bc191b1
all5/Spiral_matrix/[0-4][1-1][4-1][7-1][46-1].wasm,e28aa303fbe12c4146de1ddc6bc191b1
all5/Spiral_matrix/[0-4][1-1][46-1].wasm,e46992d4ffc35c25043ff2bef1ab0330
all5/Spiral_matrix/[0-4][1-1][7-1].wasm,e46992d4ffc35c25043ff2bef1ab0330
all5/Spiral_matrix/[0-4][1-1][7-1][46-1].wasm,e46992d4ffc35c25043ff2bef1ab0330
all5/Spiral_matrix/[0-4][1-2].wasm,e18eec4fc10e38785f8dedf2f18bdb66
all5/Spiral_matrix/[0-4][1-2][4-1].wasm,b9511dfd31733b75a5f80d6c38e81652
all5/Spiral_matrix/[0-4][1-2][4-1][46-1].wasm,e28aa303fbe12c4146de1ddc6bc191b1
all5/Spiral_matrix/[0-4][1-2][4-1][7-1].wasm,e28aa303fbe12c4146de1ddc6bc191b1
all5/Spiral_matrix/[0-4][1-2][4-1][7-1][46-1].wasm,e28aa303fbe12c4146de1ddc6bc191b1
all5/Spiral_matrix/[0-4][1-2][46-1].wasm,e46992d4ffc35c25043ff2bef1ab0330
all5/Spiral_matrix/[0-4][1-2][7-1].wasm,e46992d4ffc35c25043ff2bef1ab0330
all5/Spiral_matrix/[0-4][1-2][7-1][46-1].wasm,e46992d4ffc35c25043ff2bef1ab0330
all5/Spiral_matrix/[0-4][1-3].wasm,e18eec4fc10e38785f8dedf2f18bdb66
all5/Spiral_matrix/[0-4][1-3][4-1].wasm,b9511dfd31733b75a5f80d6c38e81652
all5/Spiral_matrix/[0-4][1-3][4-1][46-1].wasm,e28aa303fbe12c4146de1ddc6bc191b1
all5/Spiral_matrix/[0-4][1-3][4-1][7-1].wasm,e28aa303fbe12c4146de1ddc6bc191b1
all5/Spiral_matrix/[0-4][1-3][4-1][7-1][46-1].wasm,e28aa303fbe12c4146de1ddc6bc191b1
all5/Spiral_matrix/[0-4][1-3][46-1].wasm,e46992d4ffc35c25043ff2bef1ab0330
all5/Spiral_matrix/[0-4][1-3][7-1].wasm,e46992d4ffc35c25043ff2bef1ab0330
all5/Spiral_matrix/[0-4][1-3][7-1][46-1].wasm,e46992d4ffc35c25043ff2bef1ab0330
all5/Spiral_matrix/[0-4][1-4].wasm,e18eec4fc10e38785f8dedf2f18bdb66
all5/Spiral_matrix/[0-4][1-4][4-1].wasm,b9511dfd31733b75a5f80d6c38e81652
all5/Spiral_matrix/[0-4][1-4][4-1][46-1].wasm,e28aa303fbe12c4146de1ddc6bc191b1
all5/Spiral_matrix/[0-4][1-4][4-1][7-1].wasm,e28aa303fbe12c4146de1ddc6bc191b1
all5/Spiral_matrix/[0-4][1-4][4-1][7-1][46-1].wasm,e28aa303fbe12c4146de1ddc6bc191b1
all5/Spiral_matrix/[0-4][1-4][46-1].wasm,e46992d4ffc35c25043ff2bef1ab0330
all5/Spiral_matrix/[0-4][1-4][7-1].wasm,e46992d4ffc35c25043ff2bef1ab0330
all5/Spiral_matrix/[0-4][1-4][7-1][46-1].wasm,e46992d4ffc35c25043ff2bef1ab0330
all5/Spiral_matrix/[0-4][1-5].wasm,e18eec4fc10e38785f8dedf2f18bdb66
all5/Spiral_matrix/[0-4][1-5][4-1].wasm,b9511dfd31733b75a5f80d6c38e81652
all5/Spiral_matrix/[0-4][1-5][4-1][46-1].wasm,e28aa303fbe12c4146de1ddc6bc191b1
all5/Spiral_matrix/[0-4][1-5][4-1][7-1].wasm,e28aa303fbe12c4146de1ddc6bc191b1
all5/Spiral_matrix/[0-4][1-5][4-1][7-1][46-1].wasm,e28aa303fbe12c4146de1ddc6bc191b1
all5/Spiral_matrix/[0-4][1-5][46-1].wasm,e46992d4ffc35c25043ff2bef1ab0330
all5/Spiral_matrix/[0-4][1-5][7-1].wasm,e46992d4ffc35c25043ff2bef1ab0330
all5/Spiral_matrix/[0-4][1-5][7-1][46-1].wasm,e46992d4ffc35c25043ff2bef1ab0330
all5/Spiral_matrix/[0-4][1-6].wasm,e18eec4fc10e38785f8dedf2f18bdb66
all5/Spiral_matrix/[0-4][1-6][4-1].wasm,b9511dfd31733b75a5f80d6c38e81652
all5/Spiral_matrix/[0-4][1-6][4-1][46-1].wasm,e28aa303fbe12c4146de1ddc6bc191b1
all5/Spiral_matrix/[0-4][1-6][4-1][7-1].wasm,e28aa303fbe12c4146de1ddc6bc191b1
all5/Spiral_matrix/[0-4][1-6][4-1][7-1][46-1].wasm,e28aa303fbe12c4146de1ddc6bc191b1
all5/Spiral_matrix/[0-4][1-6][46-1].wasm,e46992d4ffc35c25043ff2bef1ab0330
all5/Spiral_matrix/[0-4][1-6][7-1].wasm,e46992d4ffc35c25043ff2bef1ab0330
all5/Spiral_matrix/[0-4][1-6][7-1][46-1].wasm,e46992d4ffc35c25043ff2bef1ab0330
all5/Spiral_matrix/[0-4][1-7].wasm,e18eec4fc10e38785f8dedf2f18bdb66
all5/Spiral_matrix/[0-4][1-7][4-1].wasm,b9511dfd31733b75a5f80d6c38e81652
all5/Spiral_matrix/[0-4][1-7][4-1][46-1].wasm,e28aa303fbe12c4146de1ddc6bc191b1
all5/Spiral_matrix/[0-4][1-7][4-1][7-1].wasm,e28aa303fbe12c4146de1ddc6bc191b1
all5/Spiral_matrix/[0-4][1-7][4-1][7-1][46-1].wasm,e28aa303fbe12c4146de1ddc6bc191b1
all5/Spiral_matrix/[0-4][1-7][46-1].wasm,e46992d4ffc35c25043ff2bef1ab0330
all5/Spiral_matrix/[0-4][1-7][7-1].wasm,e46992d4ffc35c25043ff2bef1ab0330
all5/Spiral_matrix/[0-4][1-7][7-1][46-1].wasm,e46992d4ffc35c25043ff2bef1ab0330
all5/Spiral_matrix/[0-4][1-8].wasm,e18eec4fc10e38785f8dedf2f18bdb66
all5/Spiral_matrix/[0-4][1-8][4-1].wasm,b9511dfd31733b75a5f80d6c38e81652
all5/Spiral_matrix/[0-4][1-8][4-1][46-1].wasm,e28aa303fbe12c4146de1ddc6bc191b1
all5/Spiral_matrix/[0-4][1-8][4-1][7-1].wasm,e28aa303fbe12c4146de1ddc6bc191b1
all5/Spiral_matrix/[0-4][1-8][4-1][7-1][46-1].wasm,e28aa303fbe12c4146de1ddc6bc191b1
all5/Spiral_matrix/[0-4][1-8][46-1].wasm,e46992d4ffc35c25043ff2bef1ab0330
all5/Spiral_matrix/[0-4][1-8][7-1].wasm,e46992d4ffc35c25043ff2bef1ab0330
all5/Spiral_matrix/[0-4][1-8][7-1][46-1].wasm,e46992d4ffc35c25043ff2bef1ab0330
all5/Spiral_matrix/[0-4][1-9].wasm,e18eec4fc10e38785f8dedf2f18bdb66
all5/Spiral_matrix/[0-4][1-9][4-1].wasm,b9511dfd31733b75a5f80d6c38e81652
all5/Spiral_matrix/[0-4][1-9][4-1][46-1].wasm,e28aa303fbe12c4146de1ddc6bc191b1
all5/Spiral_matrix/[0-4][1-9][4-1][7-1].wasm,e28aa303fbe12c4146de1ddc6bc191b1
all5/Spiral_matrix/[0-4][1-9][4-1][7-1][46-1].wasm,e28aa303fbe12c4146de1ddc6bc191b1
all5/Spiral_matrix/[0-4][1-9][46-1].wasm,e46992d4ffc35c25043ff2bef1ab0330
all5/Spiral_matrix/[0-4][1-9][7-1].wasm,e46992d4ffc35c25043ff2bef1ab0330
all5/Spiral_matrix/[0-4][1-9][7-1][46-1].wasm,e46992d4ffc35c25043ff2bef1ab0330
all5/Spiral_matrix/[0-4][4-1].wasm,b9511dfd31733b75a5f80d6c38e81652
all5/Spiral_matrix/[0-4][4-1][46-1].wasm,e28aa303fbe12c4146de1ddc6bc191b1
all5/Spiral_matrix/[0-4][4-1][7-1].wasm,e28aa303fbe12c4146de1ddc6bc191b1
all5/Spiral_matrix/[0-4][4-1][7-1][46-1].wasm,e28aa303fbe12c4146de1ddc6bc191b1
all5/Spiral_matrix/[0-4][46-1].wasm,e46992d4ffc35c25043ff2bef1ab0330
all5/Spiral_matrix/[0-4][7-1].wasm,e46992d4ffc35c25043ff2bef1ab0330
all5/Spiral_matrix/[0-4][7-1][46-1].wasm,e46992d4ffc35c25043ff2bef1ab0330
all5/Spiral_matrix/[1-10].wasm,e18eec4fc10e38785f8dedf2f18bdb66
all5/Spiral_matrix/[1-10][4-1].wasm,b9511dfd31733b75a5f80d6c38e81652
all5/Spiral_matrix/[1-10][4-1][46-1].wasm,e28aa303fbe12c4146de1ddc6bc191b1
all5/Spiral_matrix/[1-10][4-1][7-1].wasm,e28aa303fbe12c4146de1ddc6bc191b1
all5/Spiral_matrix/[1-10][4-1][7-1][46-1].wasm,e28aa303fbe12c4146de1ddc6bc191b1
all5/Spiral_matrix/[1-10][46-1].wasm,e46992d4ffc35c25043ff2bef1ab0330
all5/Spiral_matrix/[1-10][7-1].wasm,e46992d4ffc35c25043ff2bef1ab0330
all5/Spiral_matrix/[1-10][7-1][46-1].wasm,e46992d4ffc35c25043ff2bef1ab0330
all5/Spiral_matrix/[1-1].wasm,e18eec4fc10e38785f8dedf2f18bdb66
all5/Spiral_matrix/[1-1].wasm.~1~,b8f8fdb02ae5b0ef7e50f10dbf04ccd1
all5/Spiral_matrix/[1-1][3-1].wasm,b8f8fdb02ae5b0ef7e50f10dbf04ccd1
all5/Spiral_matrix/[1-1][4-1].wasm,b9511dfd31733b75a5f80d6c38e81652
all5/Spiral_matrix/[1-1][4-1][46-1].wasm,e28aa303fbe12c4146de1ddc6bc191b1
all5/Spiral_matrix/[1-1][4-1][7-1].wasm,e28aa303fbe12c4146de1ddc6bc191b1
all5/Spiral_matrix/[1-1][4-1][7-1][46-1].wasm,e28aa303fbe12c4146de1ddc6bc191b1
all5/Spiral_matrix/[1-1][46-1].wasm,e46992d4ffc35c25043ff2bef1ab0330
all5/Spiral_matrix/[1-1][7-1].wasm,e46992d4ffc35c25043ff2bef1ab0330
all5/Spiral_matrix/[1-1][7-1][46-1].wasm,e46992d4ffc35c25043ff2bef1ab0330
all5/Spiral_matrix/[1-2].wasm,e18eec4fc10e38785f8dedf2f18bdb66
all5/Spiral_matrix/[1-2].wasm.~1~,b8f8fdb02ae5b0ef7e50f10dbf04ccd1
all5/Spiral_matrix/[1-2][3-1].wasm,b8f8fdb02ae5b0ef7e50f10dbf04ccd1
all5/Spiral_matrix/[1-2][4-1].wasm,b9511dfd31733b75a5f80d6c38e81652
all5/Spiral_matrix/[1-2][4-1][46-1].wasm,e28aa303fbe12c4146de1ddc6bc191b1
all5/Spiral_matrix/[1-2][4-1][7-1].wasm,e28aa303fbe12c4146de1ddc6bc191b1
all5/Spiral_matrix/[1-2][4-1][7-1][46-1].wasm,e28aa303fbe12c4146de1ddc6bc191b1
all5/Spiral_matrix/[1-2][46-1].wasm,e28aa303fbe12c4146de1ddc6bc191b1
all5/Spiral_matrix/[1-2][7-1].wasm,e46992d4ffc35c25043ff2bef1ab0330
all5/Spiral_matrix/[1-2][7-1][46-1].wasm,e28aa303fbe12c4146de1ddc6bc191b1
all5/Spiral_matrix/[1-3].wasm,e18eec4fc10e38785f8dedf2f18bdb66
all5/Spiral_matrix/[1-3].wasm.~1~,b8f8fdb02ae5b0ef7e50f10dbf04ccd1
all5/Spiral_matrix/[1-3][3-1].wasm,b8f8fdb02ae5b0ef7e50f10dbf04ccd1
all5/Spiral_matrix/[1-3][4-1].wasm,b9511dfd31733b75a5f80d6c38e81652
all5/Spiral_matrix/[1-3][4-1][46-1].wasm,e28aa303fbe12c4146de1ddc6bc191b1
all5/Spiral_matrix/[1-3][4-1][7-1].wasm,e28aa303fbe12c4146de1ddc6bc191b1
all5/Spiral_matrix/[1-3][4-1][7-1][46-1].wasm,e28aa303fbe12c4146de1ddc6bc191b1
all5/Spiral_matrix/[1-3][46-1].wasm,e46992d4ffc35c25043ff2bef1ab0330
all5/Spiral_matrix/[1-3][7-1].wasm,e46992d4ffc35c25043ff2bef1ab0330
all5/Spiral_matrix/[1-3][7-1][46-1].wasm,e46992d4ffc35c25043ff2bef1ab0330
all5/Spiral_matrix/[1-4].wasm,e18eec4fc10e38785f8dedf2f18bdb66
all5/Spiral_matrix/[1-4].wasm.~1~,b8f8fdb02ae5b0ef7e50f10dbf04ccd1
all5/Spiral_matrix/[1-4][3-1].wasm,b8f8fdb02ae5b0ef7e50f10dbf04ccd1
all5/Spiral_matrix/[1-4][4-1].wasm,b9511dfd31733b75a5f80d6c38e81652
all5/Spiral_matrix/[1-4][4-1][46-1].wasm,e28aa303fbe12c4146de1ddc6bc191b1
all5/Spiral_matrix/[1-4][4-1][7-1].wasm,e28aa303fbe12c4146de1ddc6bc191b1
all5/Spiral_matrix/[1-4][4-1][7-1][46-1].wasm,e28aa303fbe12c4146de1ddc6bc191b1
all5/Spiral_matrix/[1-4][46-1].wasm,e46992d4ffc35c25043ff2bef1ab0330
all5/Spiral_matrix/[1-4][7-1].wasm,e46992d4ffc35c25043ff2bef1ab0330
all5/Spiral_matrix/[1-4][7-1][46-1].wasm,e46992d4ffc35c25043ff2bef1ab0330
all5/Spiral_matrix/[1-5].wasm,e18eec4fc10e38785f8dedf2f18bdb66
all5/Spiral_matrix/[1-5].wasm.~1~,b8f8fdb02ae5b0ef7e50f10dbf04ccd1
all5/Spiral_matrix/[1-5][3-1].wasm,b8f8fdb02ae5b0ef7e50f10dbf04ccd1
all5/Spiral_matrix/[1-5][4-1].wasm,b9511dfd31733b75a5f80d6c38e81652
all5/Spiral_matrix/[1-5][4-1][46-1].wasm,e28aa303fbe12c4146de1ddc6bc191b1
all5/Spiral_matrix/[1-5][4-1][7-1].wasm,e28aa303fbe12c4146de1ddc6bc191b1
all5/Spiral_matrix/[1-5][4-1][7-1][46-1].wasm,e28aa303fbe12c4146de1ddc6bc191b1
all5/Spiral_matrix/[1-5][46-1].wasm,e46992d4ffc35c25043ff2bef1ab0330
all5/Spiral_matrix/[1-5][7-1].wasm,e46992d4ffc35c25043ff2bef1ab0330
all5/Spiral_matrix/[1-5][7-1][46-1].wasm,e46992d4ffc35c25043ff2bef1ab0330
all5/Spiral_matrix/[1-6].wasm,e18eec4fc10e38785f8dedf2f18bdb66
all5/Spiral_matrix/[1-6].wasm.~1~,bd0bf8f876058f5f49304453711a2510
all5/Spiral_matrix/[1-6][3-1].wasm,bd0bf8f876058f5f49304453711a2510
all5/Spiral_matrix/[1-6][4-1].wasm,b9511dfd31733b75a5f80d6c38e81652
all5/Spiral_matrix/[1-6][4-1][46-1].wasm,e28aa303fbe12c4146de1ddc6bc191b1
all5/Spiral_matrix/[1-6][4-1][7-1].wasm,e28aa303fbe12c4146de1ddc6bc191b1
all5/Spiral_matrix/[1-6][4-1][7-1][46-1].wasm,e28aa303fbe12c4146de1ddc6bc191b1
all5/Spiral_matrix/[1-6][46-1].wasm,e46992d4ffc35c25043ff2bef1ab0330
all5/Spiral_matrix/[1-6][7-1].wasm,e46992d4ffc35c25043ff2bef1ab0330
all5/Spiral_matrix/[1-6][7-1][46-1].wasm,e46992d4ffc35c25043ff2bef1ab0330
all5/Spiral_matrix/[1-7].wasm,e18eec4fc10e38785f8dedf2f18bdb66
all5/Spiral_matrix/[1-7].wasm.~1~,b8f8fdb02ae5b0ef7e50f10dbf04ccd1
all5/Spiral_matrix/[1-7][3-1].wasm,b8f8fdb02ae5b0ef7e50f10dbf04ccd1
all5/Spiral_matrix/[1-7][4-1].wasm,b9511dfd31733b75a5f80d6c38e81652
all5/Spiral_matrix/[1-7][4-1][46-1].wasm,e28aa303fbe12c4146de1ddc6bc191b1
all5/Spiral_matrix/[1-7][4-1][7-1].wasm,e28aa303fbe12c4146de1ddc6bc191b1
all5/Spiral_matrix/[1-7][4-1][7-1][46-1].wasm,e28aa303fbe12c4146de1ddc6bc191b1
all5/Spiral_matrix/[1-7][46-1].wasm,e46992d4ffc35c25043ff2bef1ab0330
all5/Spiral_matrix/[1-7][7-1].wasm,e46992d4ffc35c25043ff2bef1ab0330
all5/Spiral_matrix/[1-7][7-1][46-1].wasm,e46992d4ffc35c25043ff2bef1ab0330
all5/Spiral_matrix/[1-8].wasm,e18eec4fc10e38785f8dedf2f18bdb66
all5/Spiral_matrix/[1-8].wasm.~1~,b8f8fdb02ae5b0ef7e50f10dbf04ccd1
all5/Spiral_matrix/[1-8][3-1].wasm,b8f8fdb02ae5b0ef7e50f10dbf04ccd1
all5/Spiral_matrix/[1-8][4-1].wasm,b9511dfd31733b75a5f80d6c38e81652
all5/Spiral_matrix/[1-8][4-1][46-1].wasm,e28aa303fbe12c4146de1ddc6bc191b1
all5/Spiral_matrix/[1-8][4-1][7-1].wasm,e28aa303fbe12c4146de1ddc6bc191b1
all5/Spiral_matrix/[1-8][4-1][7-1][46-1].wasm,e28aa303fbe12c4146de1ddc6bc191b1
all5/Spiral_matrix/[1-8][46-1].wasm,e46992d4ffc35c25043ff2bef1ab0330
all5/Spiral_matrix/[1-8][7-1].wasm,e46992d4ffc35c25043ff2bef1ab0330
all5/Spiral_matrix/[1-8][7-1][46-1].wasm,e46992d4ffc35c25043ff2bef1ab0330
all5/Spiral_matrix/[1-9].wasm,e18eec4fc10e38785f8dedf2f18bdb66
all5/Spiral_matrix/[1-9].wasm.~1~,b8f8fdb02ae5b0ef7e50f10dbf04ccd1
all5/Spiral_matrix/[1-9][3-1].wasm,b8f8fdb02ae5b0ef7e50f10dbf04ccd1
all5/Spiral_matrix/[1-9][4-1].wasm,b9511dfd31733b75a5f80d6c38e81652
all5/Spiral_matrix/[1-9][4-1][46-1].wasm,e28aa303fbe12c4146de1ddc6bc191b1
all5/Spiral_matrix/[1-9][4-1][7-1].wasm,e28aa303fbe12c4146de1ddc6bc191b1
all5/Spiral_matrix/[1-9][4-1][7-1][46-1].wasm,e28aa303fbe12c4146de1ddc6bc191b1
all5/Spiral_matrix/[1-9][46-1].wasm,e46992d4ffc35c25043ff2bef1ab0330
all5/Spiral_matrix/[1-9][7-1].wasm,e46992d4ffc35c25043ff2bef1ab0330
all5/Spiral_matrix/[1-9][7-1][46-1].wasm,e46992d4ffc35c25043ff2bef1ab0330
all5/Spiral_matrix/[15-1].wasm,b9511dfd31733b75a5f80d6c38e81652
all5/Spiral_matrix/[15-1][22-1].wasm,e28aa303fbe12c4146de1ddc6bc191b1
all5/Spiral_matrix/[2-1][22-1].wasm,e46992d4ffc35c25043ff2bef1ab0330
all5/Spiral_matrix/[3-1].wasm,b8f8fdb02ae5b0ef7e50f10dbf04ccd1
all5/Spiral_matrix/[4-1].wasm,b9511dfd31733b75a5f80d6c38e81652
all5/Spiral_matrix/[4-1][46-1].wasm,e28aa303fbe12c4146de1ddc6bc191b1
all5/Spiral_matrix/[4-1][7-1].wasm,e28aa303fbe12c4146de1ddc6bc191b1
all5/Spiral_matrix/[4-1][7-1][46-1].wasm,e28aa303fbe12c4146de1ddc6bc191b1
all5/Spiral_matrix/[46-1].wasm,e46992d4ffc35c25043ff2bef1ab0330
all5/Spiral_matrix/[7-1].wasm,e46992d4ffc35c25043ff2bef1ab0330
all5/Spiral_matrix/[7-1][46-1].wasm,e46992d4ffc35c25043ff2bef1ab0330
