name, hash
all5/Square_but_not_cube/Square_but_not_cube.wasm,e18cc76ad3506b1bc8206b655e8e8e7b
all5/Square_but_not_cube/Square_but_not_cube.wasm.~1~,e18cc76ad3506b1bc8206b655e8e8e7b
all5/Square_but_not_cube/Square_but_not_cube.wasm.~2~,4d3173e2b6ca997d153e7c0ef752510a
all5/Square_but_not_cube/[0-1].wasm,4d3173e2b6ca997d153e7c0ef752510a
all5/Square_but_not_cube/[0-1][1-1].wasm,4d3173e2b6ca997d153e7c0ef752510a
all5/Square_but_not_cube/[0-1][1-1][3-1].wasm,4d3173e2b6ca997d153e7c0ef752510a
all5/Square_but_not_cube/[0-1][1-1][3-1][5-1].wasm,4d3173e2b6ca997d153e7c0ef752510a
all5/Square_but_not_cube/[0-1][1-1][3-1][5-1][7-1].wasm,03d121fef11c13e468a6711f4bb67d6e
all5/Square_but_not_cube/[0-1][1-1][3-1][5-1][7-1][8-1].wasm,03d121fef11c13e468a6711f4bb67d6e
all5/Square_but_not_cube/[0-1][1-1][3-1][5-1][8-1].wasm,4d3173e2b6ca997d153e7c0ef752510a
all5/Square_but_not_cube/[0-1][1-1][3-1][7-1].wasm,03d121fef11c13e468a6711f4bb67d6e
all5/Square_but_not_cube/[0-1][1-1][3-1][7-1][8-1].wasm,03d121fef11c13e468a6711f4bb67d6e
all5/Square_but_not_cube/[0-1][1-1][3-1][8-1].wasm,4d3173e2b6ca997d153e7c0ef752510a
all5/Square_but_not_cube/[0-1][1-1][5-1].wasm,4d3173e2b6ca997d153e7c0ef752510a
all5/Square_but_not_cube/[0-1][1-1][5-1][7-1].wasm,03d121fef11c13e468a6711f4bb67d6e
all5/Square_but_not_cube/[0-1][1-1][5-1][7-1][8-1].wasm,03d121fef11c13e468a6711f4bb67d6e
all5/Square_but_not_cube/[0-1][1-1][5-1][8-1].wasm,4d3173e2b6ca997d153e7c0ef752510a
all5/Square_but_not_cube/[0-1][1-1][7-1].wasm,03d121fef11c13e468a6711f4bb67d6e
all5/Square_but_not_cube/[0-1][1-1][7-1][8-1].wasm,03d121fef11c13e468a6711f4bb67d6e
all5/Square_but_not_cube/[0-1][1-1][8-1].wasm,4d3173e2b6ca997d153e7c0ef752510a
all5/Square_but_not_cube/[0-1][3-1].wasm,4d3173e2b6ca997d153e7c0ef752510a
all5/Square_but_not_cube/[0-1][3-1][5-1].wasm,4d3173e2b6ca997d153e7c0ef752510a
all5/Square_but_not_cube/[0-1][3-1][5-1][7-1].wasm,03d121fef11c13e468a6711f4bb67d6e
all5/Square_but_not_cube/[0-1][3-1][5-1][7-1][8-1].wasm,03d121fef11c13e468a6711f4bb67d6e
all5/Square_but_not_cube/[0-1][3-1][5-1][8-1].wasm,4d3173e2b6ca997d153e7c0ef752510a
all5/Square_but_not_cube/[0-1][3-1][7-1].wasm,03d121fef11c13e468a6711f4bb67d6e
all5/Square_but_not_cube/[0-1][3-1][7-1][8-1].wasm,03d121fef11c13e468a6711f4bb67d6e
all5/Square_but_not_cube/[0-1][3-1][8-1].wasm,4d3173e2b6ca997d153e7c0ef752510a
all5/Square_but_not_cube/[0-1][5-1].wasm,4d3173e2b6ca997d153e7c0ef752510a
all5/Square_but_not_cube/[0-1][5-1][7-1].wasm,03d121fef11c13e468a6711f4bb67d6e
all5/Square_but_not_cube/[0-1][5-1][7-1][8-1].wasm,03d121fef11c13e468a6711f4bb67d6e
all5/Square_but_not_cube/[0-1][5-1][8-1].wasm,4d3173e2b6ca997d153e7c0ef752510a
all5/Square_but_not_cube/[0-1][7-1].wasm,03d121fef11c13e468a6711f4bb67d6e
all5/Square_but_not_cube/[0-1][7-1][8-1].wasm,03d121fef11c13e468a6711f4bb67d6e
all5/Square_but_not_cube/[0-1][8-1].wasm,4d3173e2b6ca997d153e7c0ef752510a
all5/Square_but_not_cube/[0-2].wasm,4d3173e2b6ca997d153e7c0ef752510a
all5/Square_but_not_cube/[0-2][1-1].wasm,4d3173e2b6ca997d153e7c0ef752510a
all5/Square_but_not_cube/[0-2][1-1][5-1].wasm,4d3173e2b6ca997d153e7c0ef752510a
all5/Square_but_not_cube/[0-2][1-1][5-1][7-1].wasm,03d121fef11c13e468a6711f4bb67d6e
all5/Square_but_not_cube/[0-2][1-1][7-1].wasm,03d121fef11c13e468a6711f4bb67d6e
all5/Square_but_not_cube/[0-2][3-1].wasm,4d3173e2b6ca997d153e7c0ef752510a
all5/Square_but_not_cube/[0-2][3-1][5-1].wasm,4d3173e2b6ca997d153e7c0ef752510a
all5/Square_but_not_cube/[0-2][3-1][5-1][7-1].wasm,03d121fef11c13e468a6711f4bb67d6e
all5/Square_but_not_cube/[0-2][3-1][5-1][7-1][8-1].wasm,03d121fef11c13e468a6711f4bb67d6e
all5/Square_but_not_cube/[0-2][3-1][5-1][8-1].wasm,4d3173e2b6ca997d153e7c0ef752510a
all5/Square_but_not_cube/[0-2][3-1][7-1].wasm,03d121fef11c13e468a6711f4bb67d6e
all5/Square_but_not_cube/[0-2][3-1][7-1][8-1].wasm,03d121fef11c13e468a6711f4bb67d6e
all5/Square_but_not_cube/[0-2][3-1][8-1].wasm,4d3173e2b6ca997d153e7c0ef752510a
all5/Square_but_not_cube/[0-2][5-1].wasm,4d3173e2b6ca997d153e7c0ef752510a
all5/Square_but_not_cube/[0-2][5-1][7-1].wasm,03d121fef11c13e468a6711f4bb67d6e
all5/Square_but_not_cube/[0-2][5-1][7-1][8-1].wasm,03d121fef11c13e468a6711f4bb67d6e
all5/Square_but_not_cube/[0-2][5-1][8-1].wasm,4d3173e2b6ca997d153e7c0ef752510a
all5/Square_but_not_cube/[0-2][7-1].wasm,03d121fef11c13e468a6711f4bb67d6e
all5/Square_but_not_cube/[0-2][7-1][8-1].wasm,03d121fef11c13e468a6711f4bb67d6e
all5/Square_but_not_cube/[0-2][8-1].wasm,4d3173e2b6ca997d153e7c0ef752510a
all5/Square_but_not_cube/[0-3].wasm,4d3173e2b6ca997d153e7c0ef752510a
all5/Square_but_not_cube/[0-3][1-1].wasm,4d3173e2b6ca997d153e7c0ef752510a
all5/Square_but_not_cube/[0-3][1-1][5-1].wasm,4d3173e2b6ca997d153e7c0ef752510a
all5/Square_but_not_cube/[0-3][1-1][5-1][7-1].wasm,03d121fef11c13e468a6711f4bb67d6e
all5/Square_but_not_cube/[0-3][1-1][7-1].wasm,03d121fef11c13e468a6711f4bb67d6e
all5/Square_but_not_cube/[0-3][5-1].wasm,4d3173e2b6ca997d153e7c0ef752510a
all5/Square_but_not_cube/[0-3][5-1][7-1].wasm,03d121fef11c13e468a6711f4bb67d6e
all5/Square_but_not_cube/[0-3][7-1].wasm,03d121fef11c13e468a6711f4bb67d6e
all5/Square_but_not_cube/[1-1].wasm,4d3173e2b6ca997d153e7c0ef752510a
all5/Square_but_not_cube/[1-1][3-1].wasm,4d3173e2b6ca997d153e7c0ef752510a
all5/Square_but_not_cube/[1-1][3-1][5-1].wasm,4d3173e2b6ca997d153e7c0ef752510a
all5/Square_but_not_cube/[1-1][3-1][5-1][7-1].wasm,03d121fef11c13e468a6711f4bb67d6e
all5/Square_but_not_cube/[1-1][3-1][5-1][7-1][8-1].wasm,03d121fef11c13e468a6711f4bb67d6e
all5/Square_but_not_cube/[1-1][3-1][5-1][8-1].wasm,4d3173e2b6ca997d153e7c0ef752510a
all5/Square_but_not_cube/[1-1][3-1][7-1].wasm,03d121fef11c13e468a6711f4bb67d6e
all5/Square_but_not_cube/[1-1][3-1][7-1][8-1].wasm,03d121fef11c13e468a6711f4bb67d6e
all5/Square_but_not_cube/[1-1][3-1][8-1].wasm,4d3173e2b6ca997d153e7c0ef752510a
all5/Square_but_not_cube/[1-1][5-1].wasm,4d3173e2b6ca997d153e7c0ef752510a
all5/Square_but_not_cube/[1-1][5-1][7-1].wasm,03d121fef11c13e468a6711f4bb67d6e
all5/Square_but_not_cube/[1-1][5-1][7-1][8-1].wasm,03d121fef11c13e468a6711f4bb67d6e
all5/Square_but_not_cube/[1-1][5-1][8-1].wasm,4d3173e2b6ca997d153e7c0ef752510a
all5/Square_but_not_cube/[1-1][7-1].wasm,03d121fef11c13e468a6711f4bb67d6e
all5/Square_but_not_cube/[1-1][7-1][8-1].wasm,03d121fef11c13e468a6711f4bb67d6e
all5/Square_but_not_cube/[1-1][8-1].wasm,4d3173e2b6ca997d153e7c0ef752510a
all5/Square_but_not_cube/[3-1].wasm,4d3173e2b6ca997d153e7c0ef752510a
all5/Square_but_not_cube/[3-1][5-1].wasm,4d3173e2b6ca997d153e7c0ef752510a
all5/Square_but_not_cube/[3-1][5-1][7-1].wasm,03d121fef11c13e468a6711f4bb67d6e
all5/Square_but_not_cube/[3-1][5-1][7-1][8-1].wasm,03d121fef11c13e468a6711f4bb67d6e
all5/Square_but_not_cube/[3-1][5-1][8-1].wasm,4d3173e2b6ca997d153e7c0ef752510a
all5/Square_but_not_cube/[3-1][7-1].wasm,03d121fef11c13e468a6711f4bb67d6e
all5/Square_but_not_cube/[3-1][7-1][8-1].wasm,03d121fef11c13e468a6711f4bb67d6e
all5/Square_but_not_cube/[3-1][8-1].wasm,4d3173e2b6ca997d153e7c0ef752510a
all5/Square_but_not_cube/[5-1].wasm,4d3173e2b6ca997d153e7c0ef752510a
all5/Square_but_not_cube/[5-1][7-1].wasm,03d121fef11c13e468a6711f4bb67d6e
all5/Square_but_not_cube/[5-1][7-1][8-1].wasm,03d121fef11c13e468a6711f4bb67d6e
all5/Square_but_not_cube/[5-1][8-1].wasm,4d3173e2b6ca997d153e7c0ef752510a
all5/Square_but_not_cube/[7-1].wasm,03d121fef11c13e468a6711f4bb67d6e
all5/Square_but_not_cube/[7-1][8-1].wasm,03d121fef11c13e468a6711f4bb67d6e
all5/Square_but_not_cube/[8-1].wasm,4d3173e2b6ca997d153e7c0ef752510a
