name, hash
all5/Stable_marriage_problem/Stable_marriage_problem.wasm,1981d74143694b0055b005483680350a
all5/Stable_marriage_problem/Stable_marriage_problem.wasm.~1~,1981d74143694b0055b005483680350a
all5/Stable_marriage_problem/Stable_marriage_problem.wasm.~2~,b186369986dda4e58d41699db0c2ca88
all5/Stable_marriage_problem/[14-1].wasm,1981d74143694b0055b005483680350a
all5/Stable_marriage_problem/[14-1][15-1].wasm,1981d74143694b0055b005483680350a
all5/Stable_marriage_problem/[14-1][15-1][16-1].wasm,1981d74143694b0055b005483680350a
all5/Stable_marriage_problem/[14-1][16-1].wasm,1981d74143694b0055b005483680350a
all5/Stable_marriage_problem/[14-2].wasm,1981d74143694b0055b005483680350a
all5/Stable_marriage_problem/[14-2][15-1].wasm,1981d74143694b0055b005483680350a
all5/Stable_marriage_problem/[14-2][15-1][16-1].wasm,1981d74143694b0055b005483680350a
all5/Stable_marriage_problem/[14-2][16-1].wasm,1981d74143694b0055b005483680350a
all5/Stable_marriage_problem/[14-3].wasm,1981d74143694b0055b005483680350a
all5/Stable_marriage_problem/[14-3][15-1].wasm,1981d74143694b0055b005483680350a
all5/Stable_marriage_problem/[14-3][15-1][16-1].wasm,1981d74143694b0055b005483680350a
all5/Stable_marriage_problem/[14-3][16-1].wasm,1981d74143694b0055b005483680350a
all5/Stable_marriage_problem/[14-4].wasm,1981d74143694b0055b005483680350a
all5/Stable_marriage_problem/[14-4][15-1].wasm,1981d74143694b0055b005483680350a
all5/Stable_marriage_problem/[14-4][15-1][16-1].wasm,1981d74143694b0055b005483680350a
all5/Stable_marriage_problem/[14-4][16-1].wasm,1981d74143694b0055b005483680350a
all5/Stable_marriage_problem/[15-1].wasm,1981d74143694b0055b005483680350a
all5/Stable_marriage_problem/[15-1][16-1].wasm,1981d74143694b0055b005483680350a
all5/Stable_marriage_problem/[16-1].wasm,1981d74143694b0055b005483680350a
