name, hash
all5/State_name_puzzle/State_name_puzzle.wasm,2d6eef9399d3aaf1587e303452db325a
all5/State_name_puzzle/State_name_puzzle.wasm.~1~,2d6eef9399d3aaf1587e303452db325a
all5/State_name_puzzle/State_name_puzzle.wasm.~2~,22434c739da4fa04329329c5198b3ea5
all5/State_name_puzzle/[1-1].wasm,22434c739da4fa04329329c5198b3ea5
all5/State_name_puzzle/[1-1][2-1].wasm,2e94e91edc1e71c7e23959df9bdd331a
all5/State_name_puzzle/[1-1][2-1][3-1].wasm,2e94e91edc1e71c7e23959df9bdd331a
all5/State_name_puzzle/[1-1][2-1][3-1][4-1].wasm,2e94e91edc1e71c7e23959df9bdd331a
all5/State_name_puzzle/[1-1][2-1][3-2].wasm,2e94e91edc1e71c7e23959df9bdd331a
all5/State_name_puzzle/[1-1][2-1][3-2][4-1].wasm,2e94e91edc1e71c7e23959df9bdd331a
all5/State_name_puzzle/[1-1][2-1][4-1].wasm,2e94e91edc1e71c7e23959df9bdd331a
all5/State_name_puzzle/[1-1][3-1].wasm,22434c739da4fa04329329c5198b3ea5
all5/State_name_puzzle/[1-1][3-1][4-1].wasm,22434c739da4fa04329329c5198b3ea5
all5/State_name_puzzle/[1-1][3-2].wasm,22434c739da4fa04329329c5198b3ea5
all5/State_name_puzzle/[1-1][3-2][4-1].wasm,22434c739da4fa04329329c5198b3ea5
all5/State_name_puzzle/[1-1][3-3].wasm,22434c739da4fa04329329c5198b3ea5
all5/State_name_puzzle/[1-1][3-3][4-1].wasm,22434c739da4fa04329329c5198b3ea5
all5/State_name_puzzle/[1-1][3-4].wasm,22434c739da4fa04329329c5198b3ea5
all5/State_name_puzzle/[1-1][3-4][4-1].wasm,22434c739da4fa04329329c5198b3ea5
all5/State_name_puzzle/[1-1][3-5].wasm,22434c739da4fa04329329c5198b3ea5
all5/State_name_puzzle/[1-1][3-5][4-1].wasm,22434c739da4fa04329329c5198b3ea5
all5/State_name_puzzle/[1-1][3-6].wasm,22434c739da4fa04329329c5198b3ea5
all5/State_name_puzzle/[1-1][3-6][4-1].wasm,22434c739da4fa04329329c5198b3ea5
all5/State_name_puzzle/[1-1][3-7].wasm,22434c739da4fa04329329c5198b3ea5
all5/State_name_puzzle/[1-1][3-7][4-1].wasm,22434c739da4fa04329329c5198b3ea5
all5/State_name_puzzle/[1-1][3-8].wasm,22434c739da4fa04329329c5198b3ea5
all5/State_name_puzzle/[1-1][3-8][4-1].wasm,22434c739da4fa04329329c5198b3ea5
all5/State_name_puzzle/[1-1][4-1].wasm,22434c739da4fa04329329c5198b3ea5
all5/State_name_puzzle/[2-1].wasm,2e94e91edc1e71c7e23959df9bdd331a
all5/State_name_puzzle/[2-1][3-1].wasm,2e94e91edc1e71c7e23959df9bdd331a
all5/State_name_puzzle/[2-1][3-1][4-1].wasm,2e94e91edc1e71c7e23959df9bdd331a
all5/State_name_puzzle/[2-1][3-2].wasm,2e94e91edc1e71c7e23959df9bdd331a
all5/State_name_puzzle/[2-1][3-2][4-1].wasm,2e94e91edc1e71c7e23959df9bdd331a
all5/State_name_puzzle/[2-1][3-3].wasm,2e94e91edc1e71c7e23959df9bdd331a
all5/State_name_puzzle/[2-1][3-3][4-1].wasm,2e94e91edc1e71c7e23959df9bdd331a
all5/State_name_puzzle/[2-1][3-4].wasm,2e94e91edc1e71c7e23959df9bdd331a
all5/State_name_puzzle/[2-1][3-4][4-1].wasm,2e94e91edc1e71c7e23959df9bdd331a
all5/State_name_puzzle/[2-1][3-5].wasm,2e94e91edc1e71c7e23959df9bdd331a
all5/State_name_puzzle/[2-1][3-5][4-1].wasm,2e94e91edc1e71c7e23959df9bdd331a
all5/State_name_puzzle/[2-1][3-6].wasm,2e94e91edc1e71c7e23959df9bdd331a
all5/State_name_puzzle/[2-1][3-6][4-1].wasm,2e94e91edc1e71c7e23959df9bdd331a
all5/State_name_puzzle/[2-1][3-7].wasm,2e94e91edc1e71c7e23959df9bdd331a
all5/State_name_puzzle/[2-1][3-7][4-1].wasm,2e94e91edc1e71c7e23959df9bdd331a
all5/State_name_puzzle/[2-1][3-8].wasm,2e94e91edc1e71c7e23959df9bdd331a
all5/State_name_puzzle/[2-1][3-8][4-1].wasm,2e94e91edc1e71c7e23959df9bdd331a
all5/State_name_puzzle/[2-1][4-1].wasm,2e94e91edc1e71c7e23959df9bdd331a
all5/State_name_puzzle/[3-1].wasm,22434c739da4fa04329329c5198b3ea5
all5/State_name_puzzle/[3-1][4-1].wasm,22434c739da4fa04329329c5198b3ea5
all5/State_name_puzzle/[3-2].wasm,22434c739da4fa04329329c5198b3ea5
all5/State_name_puzzle/[3-2][4-1].wasm,22434c739da4fa04329329c5198b3ea5
all5/State_name_puzzle/[3-3].wasm,22434c739da4fa04329329c5198b3ea5
all5/State_name_puzzle/[3-3][4-1].wasm,22434c739da4fa04329329c5198b3ea5
all5/State_name_puzzle/[3-4].wasm,22434c739da4fa04329329c5198b3ea5
all5/State_name_puzzle/[3-4][4-1].wasm,22434c739da4fa04329329c5198b3ea5
all5/State_name_puzzle/[3-5].wasm,22434c739da4fa04329329c5198b3ea5
all5/State_name_puzzle/[3-5][4-1].wasm,22434c739da4fa04329329c5198b3ea5
all5/State_name_puzzle/[3-6].wasm,22434c739da4fa04329329c5198b3ea5
all5/State_name_puzzle/[3-6][4-1].wasm,22434c739da4fa04329329c5198b3ea5
all5/State_name_puzzle/[3-7].wasm,22434c739da4fa04329329c5198b3ea5
all5/State_name_puzzle/[3-7][4-1].wasm,22434c739da4fa04329329c5198b3ea5
all5/State_name_puzzle/[3-8].wasm,22434c739da4fa04329329c5198b3ea5
all5/State_name_puzzle/[3-8][4-1].wasm,22434c739da4fa04329329c5198b3ea5
all5/State_name_puzzle/[38-1][46-1][51-1].wasm,dda1053b70083de91501a68d007924c0
all5/State_name_puzzle/[4-1].wasm,22434c739da4fa04329329c5198b3ea5
