name, hash
all5/Stern-Brocot_sequence/Stern-Brocot_sequence.wasm,705899b94ba9f4aaae20d56d98a04561
all5/Stern-Brocot_sequence/Stern-Brocot_sequence.wasm.~1~,705899b94ba9f4aaae20d56d98a04561
all5/Stern-Brocot_sequence/Stern-Brocot_sequence.wasm.~2~,1c19e068748d0a89545c4aef9d2f9c22
all5/Stern-Brocot_sequence/[1-1].wasm,705899b94ba9f4aaae20d56d98a04561
all5/Stern-Brocot_sequence/[1-2].wasm,705899b94ba9f4aaae20d56d98a04561
all5/Stern-Brocot_sequence/[1-3].wasm,705899b94ba9f4aaae20d56d98a04561
all5/Stern-Brocot_sequence/[1-4].wasm,705899b94ba9f4aaae20d56d98a04561
all5/Stern-Brocot_sequence/[1-7].wasm,705899b94ba9f4aaae20d56d98a04561
