name, hash
all5/String_concatenation/String_concatenation.wasm,7df1c3ed4d5c0b5e60d56a119a1d9d00
all5/String_concatenation/String_concatenation.wasm.~1~,7df1c3ed4d5c0b5e60d56a119a1d9d00
all5/String_concatenation/String_concatenation.wasm.~2~,0f2ed68b0b7b7ddcc45d87760972fd22
all5/String_concatenation/[0-1].wasm,7df1c3ed4d5c0b5e60d56a119a1d9d00
all5/String_concatenation/[0-1][1-1].wasm,7df1c3ed4d5c0b5e60d56a119a1d9d00
all5/String_concatenation/[0-1][1-1][2-1].wasm,7df1c3ed4d5c0b5e60d56a119a1d9d00
all5/String_concatenation/[0-1][1-2].wasm,7df1c3ed4d5c0b5e60d56a119a1d9d00
all5/String_concatenation/[0-1][1-2][2-1].wasm,7df1c3ed4d5c0b5e60d56a119a1d9d00
all5/String_concatenation/[0-1][1-3].wasm,7df1c3ed4d5c0b5e60d56a119a1d9d00
all5/String_concatenation/[0-1][1-3][2-1].wasm,7df1c3ed4d5c0b5e60d56a119a1d9d00
all5/String_concatenation/[0-1][1-4].wasm,7df1c3ed4d5c0b5e60d56a119a1d9d00
all5/String_concatenation/[0-1][1-4][2-1].wasm,7df1c3ed4d5c0b5e60d56a119a1d9d00
all5/String_concatenation/[0-1][2-1].wasm,7df1c3ed4d5c0b5e60d56a119a1d9d00
all5/String_concatenation/[1-1].wasm,7df1c3ed4d5c0b5e60d56a119a1d9d00
all5/String_concatenation/[1-1][2-1].wasm,7df1c3ed4d5c0b5e60d56a119a1d9d00
all5/String_concatenation/[1-2].wasm,7df1c3ed4d5c0b5e60d56a119a1d9d00
all5/String_concatenation/[1-2][2-1].wasm,7df1c3ed4d5c0b5e60d56a119a1d9d00
all5/String_concatenation/[1-3].wasm,7df1c3ed4d5c0b5e60d56a119a1d9d00
all5/String_concatenation/[1-3][2-1].wasm,7df1c3ed4d5c0b5e60d56a119a1d9d00
all5/String_concatenation/[1-4].wasm,7df1c3ed4d5c0b5e60d56a119a1d9d00
all5/String_concatenation/[1-4][2-1].wasm,7df1c3ed4d5c0b5e60d56a119a1d9d00
all5/String_concatenation/[2-1].wasm,7df1c3ed4d5c0b5e60d56a119a1d9d00
