name, hash
all5/Strip_a_set_of_characters_from_a_string/Strip_a_set_of_characters_from_a_string.wasm,b200a3cacfa30d317c1d830b035c6953
all5/Strip_a_set_of_characters_from_a_string/Strip_a_set_of_characters_from_a_string.wasm.~1~,b200a3cacfa30d317c1d830b035c6953
all5/Strip_a_set_of_characters_from_a_string/Strip_a_set_of_characters_from_a_string.wasm.~2~,998d0fe94f01ef61290f672616a6f4e6
all5/Strip_a_set_of_characters_from_a_string/[0-1].wasm,b200a3cacfa30d317c1d830b035c6953
all5/Strip_a_set_of_characters_from_a_string/[0-1][1-1].wasm,b200a3cacfa30d317c1d830b035c6953
all5/Strip_a_set_of_characters_from_a_string/[0-1][1-1][2-1].wasm,b200a3cacfa30d317c1d830b035c6953
all5/Strip_a_set_of_characters_from_a_string/[0-1][1-1][2-1][4-1].wasm,b200a3cacfa30d317c1d830b035c6953
all5/Strip_a_set_of_characters_from_a_string/[0-1][1-1][2-1][4-1][5-1].wasm,b200a3cacfa30d317c1d830b035c6953
all5/Strip_a_set_of_characters_from_a_string/[0-1][1-1][2-1][4-1][5-1][6-1].wasm,b200a3cacfa30d317c1d830b035c6953
all5/Strip_a_set_of_characters_from_a_string/[0-1][1-1][2-1][4-1][5-1][6-1][7-1].wasm,b200a3cacfa30d317c1d830b035c6953
all5/Strip_a_set_of_characters_from_a_string/[0-1][1-1][2-1][4-1][5-1][6-1][7-1][8-1].wasm,b200a3cacfa30d317c1d830b035c6953
all5/Strip_a_set_of_characters_from_a_string/[0-1][1-1][2-1][4-1][5-1][6-1][8-1].wasm,b200a3cacfa30d317c1d830b035c6953
all5/Strip_a_set_of_characters_from_a_string/[0-1][1-1][2-1][4-1][5-1][6-2].wasm,b200a3cacfa30d317c1d830b035c6953
all5/Strip_a_set_of_characters_from_a_string/[0-1][1-1][2-1][4-1][5-1][6-2][7-1].wasm,b200a3cacfa30d317c1d830b035c6953
all5/Strip_a_set_of_characters_from_a_string/[0-1][1-1][2-1][4-1][5-1][6-2][7-1][8-1].wasm,b200a3cacfa30d317c1d830b035c6953
all5/Strip_a_set_of_characters_from_a_string/[0-1][1-1][2-1][4-1][5-1][6-2][8-1].wasm,b200a3cacfa30d317c1d830b035c6953
all5/Strip_a_set_of_characters_from_a_string/[0-1][1-1][2-1][4-1][5-1][6-3].wasm,b200a3cacfa30d317c1d830b035c6953
all5/Strip_a_set_of_characters_from_a_string/[0-1][1-1][2-1][4-1][5-1][6-3][7-1].wasm,b200a3cacfa30d317c1d830b035c6953
all5/Strip_a_set_of_characters_from_a_string/[0-1][1-1][2-1][4-1][5-1][6-3][7-1][8-1].wasm,b200a3cacfa30d317c1d830b035c6953
all5/Strip_a_set_of_characters_from_a_string/[0-1][1-1][2-1][4-1][5-1][6-3][8-1].wasm,b200a3cacfa30d317c1d830b035c6953
all5/Strip_a_set_of_characters_from_a_string/[0-1][1-1][2-1][4-1][5-1][6-4].wasm,b200a3cacfa30d317c1d830b035c6953
all5/Strip_a_set_of_characters_from_a_string/[0-1][1-1][2-1][4-1][5-1][6-4][7-1].wasm,b200a3cacfa30d317c1d830b035c6953
all5/Strip_a_set_of_characters_from_a_string/[0-1][1-1][2-1][4-1][5-1][6-4][7-1][8-1].wasm,b200a3cacfa30d317c1d830b035c6953
all5/Strip_a_set_of_characters_from_a_string/[0-1][1-1][2-1][4-1][5-1][6-4][8-1].wasm,b200a3cacfa30d317c1d830b035c6953
all5/Strip_a_set_of_characters_from_a_string/[0-1][1-1][2-1][4-1][5-1][7-1].wasm,b200a3cacfa30d317c1d830b035c6953
all5/Strip_a_set_of_characters_from_a_string/[0-1][1-1][2-1][4-1][5-1][7-1][8-1].wasm,b200a3cacfa30d317c1d830b035c6953
all5/Strip_a_set_of_characters_from_a_string/[0-1][1-1][2-1][4-1][5-1][8-1].wasm,b200a3cacfa30d317c1d830b035c6953
all5/Strip_a_set_of_characters_from_a_string/[0-1][1-1][2-1][4-1][6-1].wasm,b200a3cacfa30d317c1d830b035c6953
all5/Strip_a_set_of_characters_from_a_string/[0-1][1-1][2-1][4-1][6-1][7-1].wasm,b200a3cacfa30d317c1d830b035c6953
all5/Strip_a_set_of_characters_from_a_string/[0-1][1-1][2-1][4-1][6-1][7-1][8-1].wasm,b200a3cacfa30d317c1d830b035c6953
all5/Strip_a_set_of_characters_from_a_string/[0-1][1-1][2-1][4-1][6-1][8-1].wasm,b200a3cacfa30d317c1d830b035c6953
all5/Strip_a_set_of_characters_from_a_string/[0-1][1-1][2-1][4-1][6-2].wasm,b200a3cacfa30d317c1d830b035c6953
all5/Strip_a_set_of_characters_from_a_string/[0-1][1-1][2-1][4-1][6-2][7-1].wasm,b200a3cacfa30d317c1d830b035c6953
all5/Strip_a_set_of_characters_from_a_string/[0-1][1-1][2-1][4-1][6-2][7-1][8-1].wasm,b200a3cacfa30d317c1d830b035c6953
all5/Strip_a_set_of_characters_from_a_string/[0-1][1-1][2-1][4-1][6-2][8-1].wasm,b200a3cacfa30d317c1d830b035c6953
all5/Strip_a_set_of_characters_from_a_string/[0-1][1-1][2-1][4-1][6-3].wasm,b200a3cacfa30d317c1d830b035c6953
all5/Strip_a_set_of_characters_from_a_string/[0-1][1-1][2-1][4-1][6-3][7-1].wasm,b200a3cacfa30d317c1d830b035c6953
all5/Strip_a_set_of_characters_from_a_string/[0-1][1-1][2-1][4-1][6-3][7-1][8-1].wasm,b200a3cacfa30d317c1d830b035c6953
all5/Strip_a_set_of_characters_from_a_string/[0-1][1-1][2-1][4-1][6-3][8-1].wasm,b200a3cacfa30d317c1d830b035c6953
all5/Strip_a_set_of_characters_from_a_string/[0-1][1-1][2-1][4-1][6-4].wasm,b200a3cacfa30d317c1d830b035c6953
all5/Strip_a_set_of_characters_from_a_string/[0-1][1-1][2-1][4-1][6-4][7-1].wasm,b200a3cacfa30d317c1d830b035c6953
all5/Strip_a_set_of_characters_from_a_string/[0-1][1-1][2-1][4-1][6-4][7-1][8-1].wasm,b200a3cacfa30d317c1d830b035c6953
all5/Strip_a_set_of_characters_from_a_string/[0-1][1-1][2-1][4-1][6-4][8-1].wasm,b200a3cacfa30d317c1d830b035c6953
all5/Strip_a_set_of_characters_from_a_string/[0-1][1-1][2-1][4-1][7-1].wasm,b200a3cacfa30d317c1d830b035c6953
all5/Strip_a_set_of_characters_from_a_string/[0-1][1-1][2-1][4-1][7-1][8-1].wasm,b200a3cacfa30d317c1d830b035c6953
all5/Strip_a_set_of_characters_from_a_string/[0-1][1-1][2-1][4-1][8-1].wasm,b200a3cacfa30d317c1d830b035c6953
all5/Strip_a_set_of_characters_from_a_string/[0-1][1-1][2-1][5-1].wasm,b200a3cacfa30d317c1d830b035c6953
all5/Strip_a_set_of_characters_from_a_string/[0-1][1-1][2-1][5-1][6-1].wasm,b200a3cacfa30d317c1d830b035c6953
all5/Strip_a_set_of_characters_from_a_string/[0-1][1-1][2-1][5-1][6-1][7-1].wasm,b200a3cacfa30d317c1d830b035c6953
all5/Strip_a_set_of_characters_from_a_string/[0-1][1-1][2-1][5-1][6-1][7-1][8-1].wasm,b200a3cacfa30d317c1d830b035c6953
all5/Strip_a_set_of_characters_from_a_string/[0-1][1-1][2-1][5-1][6-1][8-1].wasm,b200a3cacfa30d317c1d830b035c6953
all5/Strip_a_set_of_characters_from_a_string/[0-1][1-1][2-1][5-1][6-2].wasm,b200a3cacfa30d317c1d830b035c6953
all5/Strip_a_set_of_characters_from_a_string/[0-1][1-1][2-1][5-1][6-2][7-1].wasm,b200a3cacfa30d317c1d830b035c6953
all5/Strip_a_set_of_characters_from_a_string/[0-1][1-1][2-1][5-1][6-2][7-1][8-1].wasm,b200a3cacfa30d317c1d830b035c6953
all5/Strip_a_set_of_characters_from_a_string/[0-1][1-1][2-1][5-1][6-2][8-1].wasm,b200a3cacfa30d317c1d830b035c6953
all5/Strip_a_set_of_characters_from_a_string/[0-1][1-1][2-1][5-1][6-3].wasm,b200a3cacfa30d317c1d830b035c6953
all5/Strip_a_set_of_characters_from_a_string/[0-1][1-1][2-1][5-1][6-3][7-1].wasm,b200a3cacfa30d317c1d830b035c6953
all5/Strip_a_set_of_characters_from_a_string/[0-1][1-1][2-1][5-1][6-3][7-1][8-1].wasm,b200a3cacfa30d317c1d830b035c6953
all5/Strip_a_set_of_characters_from_a_string/[0-1][1-1][2-1][5-1][6-3][8-1].wasm,b200a3cacfa30d317c1d830b035c6953
all5/Strip_a_set_of_characters_from_a_string/[0-1][1-1][2-1][5-1][6-4].wasm,b200a3cacfa30d317c1d830b035c6953
all5/Strip_a_set_of_characters_from_a_string/[0-1][1-1][2-1][5-1][6-4][7-1].wasm,b200a3cacfa30d317c1d830b035c6953
all5/Strip_a_set_of_characters_from_a_string/[0-1][1-1][2-1][5-1][6-4][7-1][8-1].wasm,b200a3cacfa30d317c1d830b035c6953
all5/Strip_a_set_of_characters_from_a_string/[0-1][1-1][2-1][5-1][6-4][8-1].wasm,b200a3cacfa30d317c1d830b035c6953
all5/Strip_a_set_of_characters_from_a_string/[0-1][1-1][2-1][5-1][7-1].wasm,b200a3cacfa30d317c1d830b035c6953
all5/Strip_a_set_of_characters_from_a_string/[0-1][1-1][2-1][5-1][7-1][8-1].wasm,b200a3cacfa30d317c1d830b035c6953
all5/Strip_a_set_of_characters_from_a_string/[0-1][1-1][2-1][5-1][8-1].wasm,b200a3cacfa30d317c1d830b035c6953
all5/Strip_a_set_of_characters_from_a_string/[0-1][1-1][2-1][6-1].wasm,b200a3cacfa30d317c1d830b035c6953
all5/Strip_a_set_of_characters_from_a_string/[0-1][1-1][2-1][6-1][7-1].wasm,b200a3cacfa30d317c1d830b035c6953
all5/Strip_a_set_of_characters_from_a_string/[0-1][1-1][2-1][6-1][7-1][8-1].wasm,b200a3cacfa30d317c1d830b035c6953
all5/Strip_a_set_of_characters_from_a_string/[0-1][1-1][2-1][6-1][8-1].wasm,b200a3cacfa30d317c1d830b035c6953
all5/Strip_a_set_of_characters_from_a_string/[0-1][1-1][2-1][6-2].wasm,b200a3cacfa30d317c1d830b035c6953
all5/Strip_a_set_of_characters_from_a_string/[0-1][1-1][2-1][6-2][7-1].wasm,b200a3cacfa30d317c1d830b035c6953
all5/Strip_a_set_of_characters_from_a_string/[0-1][1-1][2-1][6-2][7-1][8-1].wasm,b200a3cacfa30d317c1d830b035c6953
all5/Strip_a_set_of_characters_from_a_string/[0-1][1-1][2-1][6-2][8-1].wasm,b200a3cacfa30d317c1d830b035c6953
all5/Strip_a_set_of_characters_from_a_string/[0-1][1-1][2-1][6-3].wasm,b200a3cacfa30d317c1d830b035c6953
all5/Strip_a_set_of_characters_from_a_string/[0-1][1-1][2-1][6-3][7-1].wasm,b200a3cacfa30d317c1d830b035c6953
all5/Strip_a_set_of_characters_from_a_string/[0-1][1-1][2-1][6-3][7-1][8-1].wasm,b200a3cacfa30d317c1d830b035c6953
all5/Strip_a_set_of_characters_from_a_string/[0-1][1-1][2-1][6-3][8-1].wasm,b200a3cacfa30d317c1d830b035c6953
all5/Strip_a_set_of_characters_from_a_string/[0-1][1-1][2-1][6-4].wasm,b200a3cacfa30d317c1d830b035c6953
all5/Strip_a_set_of_characters_from_a_string/[0-1][1-1][2-1][6-4][7-1].wasm,b200a3cacfa30d317c1d830b035c6953
all5/Strip_a_set_of_characters_from_a_string/[0-1][1-1][2-1][6-4][7-1][8-1].wasm,b200a3cacfa30d317c1d830b035c6953
all5/Strip_a_set_of_characters_from_a_string/[0-1][1-1][2-1][6-4][8-1].wasm,b200a3cacfa30d317c1d830b035c6953
all5/Strip_a_set_of_characters_from_a_string/[0-1][1-1][2-1][7-1].wasm,b200a3cacfa30d317c1d830b035c6953
all5/Strip_a_set_of_characters_from_a_string/[0-1][1-1][2-1][7-1][8-1].wasm,b200a3cacfa30d317c1d830b035c6953
all5/Strip_a_set_of_characters_from_a_string/[0-1][1-1][2-1][8-1].wasm,b200a3cacfa30d317c1d830b035c6953
all5/Strip_a_set_of_characters_from_a_string/[0-1][1-1][4-1].wasm,b200a3cacfa30d317c1d830b035c6953
all5/Strip_a_set_of_characters_from_a_string/[0-1][1-1][4-1][5-1].wasm,b200a3cacfa30d317c1d830b035c6953
all5/Strip_a_set_of_characters_from_a_string/[0-1][1-1][4-1][5-1][6-1].wasm,b200a3cacfa30d317c1d830b035c6953
all5/Strip_a_set_of_characters_from_a_string/[0-1][1-1][4-1][5-1][6-1][7-1].wasm,b200a3cacfa30d317c1d830b035c6953
all5/Strip_a_set_of_characters_from_a_string/[0-1][1-1][4-1][5-1][6-1][7-1][8-1].wasm,b200a3cacfa30d317c1d830b035c6953
all5/Strip_a_set_of_characters_from_a_string/[0-1][1-1][4-1][5-1][6-1][8-1].wasm,b200a3cacfa30d317c1d830b035c6953
all5/Strip_a_set_of_characters_from_a_string/[0-1][1-1][4-1][5-1][6-2].wasm,b200a3cacfa30d317c1d830b035c6953
all5/Strip_a_set_of_characters_from_a_string/[0-1][1-1][4-1][5-1][6-2][7-1].wasm,b200a3cacfa30d317c1d830b035c6953
all5/Strip_a_set_of_characters_from_a_string/[0-1][1-1][4-1][5-1][6-2][7-1][8-1].wasm,b200a3cacfa30d317c1d830b035c6953
all5/Strip_a_set_of_characters_from_a_string/[0-1][1-1][4-1][5-1][6-2][8-1].wasm,b200a3cacfa30d317c1d830b035c6953
all5/Strip_a_set_of_characters_from_a_string/[0-1][1-1][4-1][5-1][6-3].wasm,b200a3cacfa30d317c1d830b035c6953
all5/Strip_a_set_of_characters_from_a_string/[0-1][1-1][4-1][5-1][6-3][7-1].wasm,b200a3cacfa30d317c1d830b035c6953
all5/Strip_a_set_of_characters_from_a_string/[0-1][1-1][4-1][5-1][6-3][7-1][8-1].wasm,b200a3cacfa30d317c1d830b035c6953
all5/Strip_a_set_of_characters_from_a_string/[0-1][1-1][4-1][5-1][6-3][8-1].wasm,b200a3cacfa30d317c1d830b035c6953
all5/Strip_a_set_of_characters_from_a_string/[0-1][1-1][4-1][5-1][6-4].wasm,b200a3cacfa30d317c1d830b035c6953
all5/Strip_a_set_of_characters_from_a_string/[0-1][1-1][4-1][5-1][6-4][7-1].wasm,b200a3cacfa30d317c1d830b035c6953
all5/Strip_a_set_of_characters_from_a_string/[0-1][1-1][4-1][5-1][6-4][7-1][8-1].wasm,b200a3cacfa30d317c1d830b035c6953
all5/Strip_a_set_of_characters_from_a_string/[0-1][1-1][4-1][5-1][6-4][8-1].wasm,b200a3cacfa30d317c1d830b035c6953
all5/Strip_a_set_of_characters_from_a_string/[0-1][1-1][4-1][5-1][7-1].wasm,b200a3cacfa30d317c1d830b035c6953
all5/Strip_a_set_of_characters_from_a_string/[0-1][1-1][4-1][5-1][7-1][8-1].wasm,b200a3cacfa30d317c1d830b035c6953
all5/Strip_a_set_of_characters_from_a_string/[0-1][1-1][4-1][5-1][8-1].wasm,b200a3cacfa30d317c1d830b035c6953
all5/Strip_a_set_of_characters_from_a_string/[0-1][1-1][4-1][6-1].wasm,b200a3cacfa30d317c1d830b035c6953
all5/Strip_a_set_of_characters_from_a_string/[0-1][1-1][4-1][6-1][7-1].wasm,b200a3cacfa30d317c1d830b035c6953
all5/Strip_a_set_of_characters_from_a_string/[0-1][1-1][4-1][6-1][7-1][8-1].wasm,b200a3cacfa30d317c1d830b035c6953
all5/Strip_a_set_of_characters_from_a_string/[0-1][1-1][4-1][6-1][8-1].wasm,b200a3cacfa30d317c1d830b035c6953
all5/Strip_a_set_of_characters_from_a_string/[0-1][1-1][4-1][6-2].wasm,b200a3cacfa30d317c1d830b035c6953
all5/Strip_a_set_of_characters_from_a_string/[0-1][1-1][4-1][6-2][7-1].wasm,b200a3cacfa30d317c1d830b035c6953
all5/Strip_a_set_of_characters_from_a_string/[0-1][1-1][4-1][6-2][7-1][8-1].wasm,b200a3cacfa30d317c1d830b035c6953
all5/Strip_a_set_of_characters_from_a_string/[0-1][1-1][4-1][6-2][8-1].wasm,b200a3cacfa30d317c1d830b035c6953
all5/Strip_a_set_of_characters_from_a_string/[0-1][1-1][4-1][6-3].wasm,b200a3cacfa30d317c1d830b035c6953
all5/Strip_a_set_of_characters_from_a_string/[0-1][1-1][4-1][6-3][7-1].wasm,b200a3cacfa30d317c1d830b035c6953
all5/Strip_a_set_of_characters_from_a_string/[0-1][1-1][4-1][6-3][7-1][8-1].wasm,b200a3cacfa30d317c1d830b035c6953
all5/Strip_a_set_of_characters_from_a_string/[0-1][1-1][4-1][6-3][8-1].wasm,b200a3cacfa30d317c1d830b035c6953
all5/Strip_a_set_of_characters_from_a_string/[0-1][1-1][4-1][6-4].wasm,b200a3cacfa30d317c1d830b035c6953
all5/Strip_a_set_of_characters_from_a_string/[0-1][1-1][4-1][6-4][7-1].wasm,b200a3cacfa30d317c1d830b035c6953
all5/Strip_a_set_of_characters_from_a_string/[0-1][1-1][4-1][6-4][7-1][8-1].wasm,b200a3cacfa30d317c1d830b035c6953
all5/Strip_a_set_of_characters_from_a_string/[0-1][1-1][4-1][6-4][8-1].wasm,b200a3cacfa30d317c1d830b035c6953
all5/Strip_a_set_of_characters_from_a_string/[0-1][1-1][4-1][7-1].wasm,b200a3cacfa30d317c1d830b035c6953
all5/Strip_a_set_of_characters_from_a_string/[0-1][1-1][4-1][7-1][8-1].wasm,b200a3cacfa30d317c1d830b035c6953
all5/Strip_a_set_of_characters_from_a_string/[0-1][1-1][4-1][8-1].wasm,b200a3cacfa30d317c1d830b035c6953
all5/Strip_a_set_of_characters_from_a_string/[0-1][1-1][5-1].wasm,b200a3cacfa30d317c1d830b035c6953
all5/Strip_a_set_of_characters_from_a_string/[0-1][1-1][5-1][6-1].wasm,b200a3cacfa30d317c1d830b035c6953
all5/Strip_a_set_of_characters_from_a_string/[0-1][1-1][5-1][6-1][7-1].wasm,b200a3cacfa30d317c1d830b035c6953
all5/Strip_a_set_of_characters_from_a_string/[0-1][1-1][5-1][6-1][7-1][8-1].wasm,b200a3cacfa30d317c1d830b035c6953
all5/Strip_a_set_of_characters_from_a_string/[0-1][1-1][5-1][6-1][8-1].wasm,b200a3cacfa30d317c1d830b035c6953
all5/Strip_a_set_of_characters_from_a_string/[0-1][1-1][5-1][6-2].wasm,b200a3cacfa30d317c1d830b035c6953
all5/Strip_a_set_of_characters_from_a_string/[0-1][1-1][5-1][6-2][7-1].wasm,b200a3cacfa30d317c1d830b035c6953
all5/Strip_a_set_of_characters_from_a_string/[0-1][1-1][5-1][6-2][7-1][8-1].wasm,b200a3cacfa30d317c1d830b035c6953
all5/Strip_a_set_of_characters_from_a_string/[0-1][1-1][5-1][6-2][8-1].wasm,b200a3cacfa30d317c1d830b035c6953
all5/Strip_a_set_of_characters_from_a_string/[0-1][1-1][5-1][6-3].wasm,b200a3cacfa30d317c1d830b035c6953
all5/Strip_a_set_of_characters_from_a_string/[0-1][1-1][5-1][6-3][7-1].wasm,b200a3cacfa30d317c1d830b035c6953
all5/Strip_a_set_of_characters_from_a_string/[0-1][1-1][5-1][6-3][7-1][8-1].wasm,b200a3cacfa30d317c1d830b035c6953
all5/Strip_a_set_of_characters_from_a_string/[0-1][1-1][5-1][6-3][8-1].wasm,b200a3cacfa30d317c1d830b035c6953
all5/Strip_a_set_of_characters_from_a_string/[0-1][1-1][5-1][6-4].wasm,b200a3cacfa30d317c1d830b035c6953
all5/Strip_a_set_of_characters_from_a_string/[0-1][1-1][5-1][6-4][7-1].wasm,b200a3cacfa30d317c1d830b035c6953
all5/Strip_a_set_of_characters_from_a_string/[0-1][1-1][5-1][6-4][7-1][8-1].wasm,b200a3cacfa30d317c1d830b035c6953
all5/Strip_a_set_of_characters_from_a_string/[0-1][1-1][5-1][6-4][8-1].wasm,b200a3cacfa30d317c1d830b035c6953
all5/Strip_a_set_of_characters_from_a_string/[0-1][1-1][5-1][7-1].wasm,b200a3cacfa30d317c1d830b035c6953
all5/Strip_a_set_of_characters_from_a_string/[0-1][1-1][5-1][7-1][8-1].wasm,b200a3cacfa30d317c1d830b035c6953
all5/Strip_a_set_of_characters_from_a_string/[0-1][1-1][5-1][8-1].wasm,b200a3cacfa30d317c1d830b035c6953
all5/Strip_a_set_of_characters_from_a_string/[0-1][1-1][6-1].wasm,b200a3cacfa30d317c1d830b035c6953
all5/Strip_a_set_of_characters_from_a_string/[0-1][1-1][6-1][7-1].wasm,b200a3cacfa30d317c1d830b035c6953
all5/Strip_a_set_of_characters_from_a_string/[0-1][1-1][6-1][7-1][8-1].wasm,b200a3cacfa30d317c1d830b035c6953
all5/Strip_a_set_of_characters_from_a_string/[0-1][1-1][6-1][8-1].wasm,b200a3cacfa30d317c1d830b035c6953
all5/Strip_a_set_of_characters_from_a_string/[0-1][1-1][6-2].wasm,b200a3cacfa30d317c1d830b035c6953
all5/Strip_a_set_of_characters_from_a_string/[0-1][1-1][6-2][7-1].wasm,b200a3cacfa30d317c1d830b035c6953
all5/Strip_a_set_of_characters_from_a_string/[0-1][1-1][6-2][7-1][8-1].wasm,b200a3cacfa30d317c1d830b035c6953
all5/Strip_a_set_of_characters_from_a_string/[0-1][1-1][6-2][8-1].wasm,b200a3cacfa30d317c1d830b035c6953
all5/Strip_a_set_of_characters_from_a_string/[0-1][1-1][6-3].wasm,b200a3cacfa30d317c1d830b035c6953
all5/Strip_a_set_of_characters_from_a_string/[0-1][1-1][6-3][7-1].wasm,b200a3cacfa30d317c1d830b035c6953
all5/Strip_a_set_of_characters_from_a_string/[0-1][1-1][6-3][7-1][8-1].wasm,b200a3cacfa30d317c1d830b035c6953
all5/Strip_a_set_of_characters_from_a_string/[0-1][1-1][6-3][8-1].wasm,b200a3cacfa30d317c1d830b035c6953
all5/Strip_a_set_of_characters_from_a_string/[0-1][1-1][6-4].wasm,b200a3cacfa30d317c1d830b035c6953
all5/Strip_a_set_of_characters_from_a_string/[0-1][1-1][6-4][7-1].wasm,b200a3cacfa30d317c1d830b035c6953
all5/Strip_a_set_of_characters_from_a_string/[0-1][1-1][6-4][7-1][8-1].wasm,b200a3cacfa30d317c1d830b035c6953
all5/Strip_a_set_of_characters_from_a_string/[0-1][1-1][6-4][8-1].wasm,b200a3cacfa30d317c1d830b035c6953
all5/Strip_a_set_of_characters_from_a_string/[0-1][1-1][7-1].wasm,b200a3cacfa30d317c1d830b035c6953
all5/Strip_a_set_of_characters_from_a_string/[0-1][1-1][7-1][8-1].wasm,b200a3cacfa30d317c1d830b035c6953
all5/Strip_a_set_of_characters_from_a_string/[0-1][1-1][8-1].wasm,b200a3cacfa30d317c1d830b035c6953
all5/Strip_a_set_of_characters_from_a_string/[0-1][2-1].wasm,b200a3cacfa30d317c1d830b035c6953
all5/Strip_a_set_of_characters_from_a_string/[0-1][2-1][4-1].wasm,b200a3cacfa30d317c1d830b035c6953
all5/Strip_a_set_of_characters_from_a_string/[0-1][2-1][4-1][5-1].wasm,b200a3cacfa30d317c1d830b035c6953
all5/Strip_a_set_of_characters_from_a_string/[0-1][2-1][4-1][5-1][6-1].wasm,b200a3cacfa30d317c1d830b035c6953
all5/Strip_a_set_of_characters_from_a_string/[0-1][2-1][4-1][5-1][6-1][7-1].wasm,b200a3cacfa30d317c1d830b035c6953
all5/Strip_a_set_of_characters_from_a_string/[0-1][2-1][4-1][5-1][6-1][7-1][8-1].wasm,b200a3cacfa30d317c1d830b035c6953
all5/Strip_a_set_of_characters_from_a_string/[0-1][2-1][4-1][5-1][6-1][8-1].wasm,b200a3cacfa30d317c1d830b035c6953
all5/Strip_a_set_of_characters_from_a_string/[0-1][2-1][4-1][5-1][6-2].wasm,b200a3cacfa30d317c1d830b035c6953
all5/Strip_a_set_of_characters_from_a_string/[0-1][2-1][4-1][5-1][6-2][7-1].wasm,b200a3cacfa30d317c1d830b035c6953
all5/Strip_a_set_of_characters_from_a_string/[0-1][2-1][4-1][5-1][6-2][7-1][8-1].wasm,b200a3cacfa30d317c1d830b035c6953
all5/Strip_a_set_of_characters_from_a_string/[0-1][2-1][4-1][5-1][6-2][8-1].wasm,b200a3cacfa30d317c1d830b035c6953
all5/Strip_a_set_of_characters_from_a_string/[0-1][2-1][4-1][5-1][6-3].wasm,b200a3cacfa30d317c1d830b035c6953
all5/Strip_a_set_of_characters_from_a_string/[0-1][2-1][4-1][5-1][6-3][7-1].wasm,b200a3cacfa30d317c1d830b035c6953
all5/Strip_a_set_of_characters_from_a_string/[0-1][2-1][4-1][5-1][6-3][7-1][8-1].wasm,b200a3cacfa30d317c1d830b035c6953
all5/Strip_a_set_of_characters_from_a_string/[0-1][2-1][4-1][5-1][6-3][8-1].wasm,b200a3cacfa30d317c1d830b035c6953
all5/Strip_a_set_of_characters_from_a_string/[0-1][2-1][4-1][5-1][6-4].wasm,b200a3cacfa30d317c1d830b035c6953
all5/Strip_a_set_of_characters_from_a_string/[0-1][2-1][4-1][5-1][6-4][7-1].wasm,b200a3cacfa30d317c1d830b035c6953
all5/Strip_a_set_of_characters_from_a_string/[0-1][2-1][4-1][5-1][6-4][7-1][8-1].wasm,b200a3cacfa30d317c1d830b035c6953
all5/Strip_a_set_of_characters_from_a_string/[0-1][2-1][4-1][5-1][6-4][8-1].wasm,b200a3cacfa30d317c1d830b035c6953
all5/Strip_a_set_of_characters_from_a_string/[0-1][2-1][4-1][5-1][7-1].wasm,b200a3cacfa30d317c1d830b035c6953
all5/Strip_a_set_of_characters_from_a_string/[0-1][2-1][4-1][5-1][7-1][8-1].wasm,b200a3cacfa30d317c1d830b035c6953
all5/Strip_a_set_of_characters_from_a_string/[0-1][2-1][4-1][5-1][8-1].wasm,b200a3cacfa30d317c1d830b035c6953
all5/Strip_a_set_of_characters_from_a_string/[0-1][2-1][4-1][6-1].wasm,b200a3cacfa30d317c1d830b035c6953
all5/Strip_a_set_of_characters_from_a_string/[0-1][2-1][4-1][6-1][7-1].wasm,b200a3cacfa30d317c1d830b035c6953
all5/Strip_a_set_of_characters_from_a_string/[0-1][2-1][4-1][6-1][7-1][8-1].wasm,b200a3cacfa30d317c1d830b035c6953
all5/Strip_a_set_of_characters_from_a_string/[0-1][2-1][4-1][6-1][8-1].wasm,b200a3cacfa30d317c1d830b035c6953
all5/Strip_a_set_of_characters_from_a_string/[0-1][2-1][4-1][6-2].wasm,b200a3cacfa30d317c1d830b035c6953
all5/Strip_a_set_of_characters_from_a_string/[0-1][2-1][4-1][6-2][7-1].wasm,b200a3cacfa30d317c1d830b035c6953
all5/Strip_a_set_of_characters_from_a_string/[0-1][2-1][4-1][6-2][7-1][8-1].wasm,b200a3cacfa30d317c1d830b035c6953
all5/Strip_a_set_of_characters_from_a_string/[0-1][2-1][4-1][6-2][8-1].wasm,b200a3cacfa30d317c1d830b035c6953
all5/Strip_a_set_of_characters_from_a_string/[0-1][2-1][4-1][6-3].wasm,b200a3cacfa30d317c1d830b035c6953
all5/Strip_a_set_of_characters_from_a_string/[0-1][2-1][4-1][6-3][7-1].wasm,b200a3cacfa30d317c1d830b035c6953
all5/Strip_a_set_of_characters_from_a_string/[0-1][2-1][4-1][6-3][7-1][8-1].wasm,b200a3cacfa30d317c1d830b035c6953
all5/Strip_a_set_of_characters_from_a_string/[0-1][2-1][4-1][6-3][8-1].wasm,b200a3cacfa30d317c1d830b035c6953
all5/Strip_a_set_of_characters_from_a_string/[0-1][2-1][4-1][6-4].wasm,b200a3cacfa30d317c1d830b035c6953
all5/Strip_a_set_of_characters_from_a_string/[0-1][2-1][4-1][6-4][7-1].wasm,b200a3cacfa30d317c1d830b035c6953
all5/Strip_a_set_of_characters_from_a_string/[0-1][2-1][4-1][6-4][7-1][8-1].wasm,b200a3cacfa30d317c1d830b035c6953
all5/Strip_a_set_of_characters_from_a_string/[0-1][2-1][4-1][6-4][8-1].wasm,b200a3cacfa30d317c1d830b035c6953
all5/Strip_a_set_of_characters_from_a_string/[0-1][2-1][4-1][7-1].wasm,b200a3cacfa30d317c1d830b035c6953
all5/Strip_a_set_of_characters_from_a_string/[0-1][2-1][4-1][7-1][8-1].wasm,b200a3cacfa30d317c1d830b035c6953
all5/Strip_a_set_of_characters_from_a_string/[0-1][2-1][4-1][8-1].wasm,b200a3cacfa30d317c1d830b035c6953
all5/Strip_a_set_of_characters_from_a_string/[0-1][2-1][5-1].wasm,b200a3cacfa30d317c1d830b035c6953
all5/Strip_a_set_of_characters_from_a_string/[0-1][2-1][5-1][6-1].wasm,b200a3cacfa30d317c1d830b035c6953
all5/Strip_a_set_of_characters_from_a_string/[0-1][2-1][5-1][6-1][7-1].wasm,b200a3cacfa30d317c1d830b035c6953
all5/Strip_a_set_of_characters_from_a_string/[0-1][2-1][5-1][6-1][7-1][8-1].wasm,b200a3cacfa30d317c1d830b035c6953
all5/Strip_a_set_of_characters_from_a_string/[0-1][2-1][5-1][6-1][8-1].wasm,b200a3cacfa30d317c1d830b035c6953
all5/Strip_a_set_of_characters_from_a_string/[0-1][2-1][5-1][6-2].wasm,b200a3cacfa30d317c1d830b035c6953
all5/Strip_a_set_of_characters_from_a_string/[0-1][2-1][5-1][6-2][7-1].wasm,b200a3cacfa30d317c1d830b035c6953
all5/Strip_a_set_of_characters_from_a_string/[0-1][2-1][5-1][6-2][7-1][8-1].wasm,b200a3cacfa30d317c1d830b035c6953
all5/Strip_a_set_of_characters_from_a_string/[0-1][2-1][5-1][6-2][8-1].wasm,b200a3cacfa30d317c1d830b035c6953
all5/Strip_a_set_of_characters_from_a_string/[0-1][2-1][5-1][6-3].wasm,b200a3cacfa30d317c1d830b035c6953
all5/Strip_a_set_of_characters_from_a_string/[0-1][2-1][5-1][6-3][7-1].wasm,b200a3cacfa30d317c1d830b035c6953
all5/Strip_a_set_of_characters_from_a_string/[0-1][2-1][5-1][6-3][7-1][8-1].wasm,b200a3cacfa30d317c1d830b035c6953
all5/Strip_a_set_of_characters_from_a_string/[0-1][2-1][5-1][6-3][8-1].wasm,b200a3cacfa30d317c1d830b035c6953
all5/Strip_a_set_of_characters_from_a_string/[0-1][2-1][5-1][6-4].wasm,b200a3cacfa30d317c1d830b035c6953
all5/Strip_a_set_of_characters_from_a_string/[0-1][2-1][5-1][6-4][7-1].wasm,b200a3cacfa30d317c1d830b035c6953
all5/Strip_a_set_of_characters_from_a_string/[0-1][2-1][5-1][6-4][7-1][8-1].wasm,b200a3cacfa30d317c1d830b035c6953
all5/Strip_a_set_of_characters_from_a_string/[0-1][2-1][5-1][6-4][8-1].wasm,b200a3cacfa30d317c1d830b035c6953
all5/Strip_a_set_of_characters_from_a_string/[0-1][2-1][5-1][7-1].wasm,b200a3cacfa30d317c1d830b035c6953
all5/Strip_a_set_of_characters_from_a_string/[0-1][2-1][5-1][7-1][8-1].wasm,b200a3cacfa30d317c1d830b035c6953
all5/Strip_a_set_of_characters_from_a_string/[0-1][2-1][5-1][8-1].wasm,b200a3cacfa30d317c1d830b035c6953
all5/Strip_a_set_of_characters_from_a_string/[0-1][2-1][6-1].wasm,b200a3cacfa30d317c1d830b035c6953
all5/Strip_a_set_of_characters_from_a_string/[0-1][2-1][6-1][7-1].wasm,b200a3cacfa30d317c1d830b035c6953
all5/Strip_a_set_of_characters_from_a_string/[0-1][2-1][6-1][7-1][8-1].wasm,b200a3cacfa30d317c1d830b035c6953
all5/Strip_a_set_of_characters_from_a_string/[0-1][2-1][6-1][8-1].wasm,b200a3cacfa30d317c1d830b035c6953
all5/Strip_a_set_of_characters_from_a_string/[0-1][2-1][6-2].wasm,b200a3cacfa30d317c1d830b035c6953
all5/Strip_a_set_of_characters_from_a_string/[0-1][2-1][6-2][7-1].wasm,b200a3cacfa30d317c1d830b035c6953
all5/Strip_a_set_of_characters_from_a_string/[0-1][2-1][6-2][7-1][8-1].wasm,b200a3cacfa30d317c1d830b035c6953
all5/Strip_a_set_of_characters_from_a_string/[0-1][2-1][6-2][8-1].wasm,b200a3cacfa30d317c1d830b035c6953
all5/Strip_a_set_of_characters_from_a_string/[0-1][2-1][6-3].wasm,b200a3cacfa30d317c1d830b035c6953
all5/Strip_a_set_of_characters_from_a_string/[0-1][2-1][6-3][7-1].wasm,b200a3cacfa30d317c1d830b035c6953
all5/Strip_a_set_of_characters_from_a_string/[0-1][2-1][6-3][7-1][8-1].wasm,b200a3cacfa30d317c1d830b035c6953
all5/Strip_a_set_of_characters_from_a_string/[0-1][2-1][6-3][8-1].wasm,b200a3cacfa30d317c1d830b035c6953
all5/Strip_a_set_of_characters_from_a_string/[0-1][2-1][6-4].wasm,b200a3cacfa30d317c1d830b035c6953
all5/Strip_a_set_of_characters_from_a_string/[0-1][2-1][6-4][7-1].wasm,b200a3cacfa30d317c1d830b035c6953
all5/Strip_a_set_of_characters_from_a_string/[0-1][2-1][6-4][7-1][8-1].wasm,b200a3cacfa30d317c1d830b035c6953
all5/Strip_a_set_of_characters_from_a_string/[0-1][2-1][6-4][8-1].wasm,b200a3cacfa30d317c1d830b035c6953
all5/Strip_a_set_of_characters_from_a_string/[0-1][2-1][7-1].wasm,b200a3cacfa30d317c1d830b035c6953
all5/Strip_a_set_of_characters_from_a_string/[0-1][2-1][7-1][8-1].wasm,b200a3cacfa30d317c1d830b035c6953
all5/Strip_a_set_of_characters_from_a_string/[0-1][2-1][8-1].wasm,b200a3cacfa30d317c1d830b035c6953
all5/Strip_a_set_of_characters_from_a_string/[0-1][4-1].wasm,b200a3cacfa30d317c1d830b035c6953
all5/Strip_a_set_of_characters_from_a_string/[0-1][4-1][5-1].wasm,b200a3cacfa30d317c1d830b035c6953
all5/Strip_a_set_of_characters_from_a_string/[0-1][4-1][5-1][6-1].wasm,b200a3cacfa30d317c1d830b035c6953
all5/Strip_a_set_of_characters_from_a_string/[0-1][4-1][5-1][6-1][7-1].wasm,b200a3cacfa30d317c1d830b035c6953
all5/Strip_a_set_of_characters_from_a_string/[0-1][4-1][5-1][6-1][7-1][8-1].wasm,b200a3cacfa30d317c1d830b035c6953
all5/Strip_a_set_of_characters_from_a_string/[0-1][4-1][5-1][6-1][8-1].wasm,b200a3cacfa30d317c1d830b035c6953
all5/Strip_a_set_of_characters_from_a_string/[0-1][4-1][5-1][6-2].wasm,b200a3cacfa30d317c1d830b035c6953
all5/Strip_a_set_of_characters_from_a_string/[0-1][4-1][5-1][6-2][7-1].wasm,b200a3cacfa30d317c1d830b035c6953
all5/Strip_a_set_of_characters_from_a_string/[0-1][4-1][5-1][6-2][7-1][8-1].wasm,b200a3cacfa30d317c1d830b035c6953
all5/Strip_a_set_of_characters_from_a_string/[0-1][4-1][5-1][6-2][8-1].wasm,b200a3cacfa30d317c1d830b035c6953
all5/Strip_a_set_of_characters_from_a_string/[0-1][4-1][5-1][6-3].wasm,b200a3cacfa30d317c1d830b035c6953
all5/Strip_a_set_of_characters_from_a_string/[0-1][4-1][5-1][6-3][7-1].wasm,b200a3cacfa30d317c1d830b035c6953
all5/Strip_a_set_of_characters_from_a_string/[0-1][4-1][5-1][6-3][7-1][8-1].wasm,b200a3cacfa30d317c1d830b035c6953
all5/Strip_a_set_of_characters_from_a_string/[0-1][4-1][5-1][6-3][8-1].wasm,b200a3cacfa30d317c1d830b035c6953
all5/Strip_a_set_of_characters_from_a_string/[0-1][4-1][5-1][6-4].wasm,b200a3cacfa30d317c1d830b035c6953
all5/Strip_a_set_of_characters_from_a_string/[0-1][4-1][5-1][6-4][7-1].wasm,b200a3cacfa30d317c1d830b035c6953
all5/Strip_a_set_of_characters_from_a_string/[0-1][4-1][5-1][6-4][7-1][8-1].wasm,b200a3cacfa30d317c1d830b035c6953
all5/Strip_a_set_of_characters_from_a_string/[0-1][4-1][5-1][6-4][8-1].wasm,b200a3cacfa30d317c1d830b035c6953
all5/Strip_a_set_of_characters_from_a_string/[0-1][4-1][5-1][7-1].wasm,b200a3cacfa30d317c1d830b035c6953
all5/Strip_a_set_of_characters_from_a_string/[0-1][4-1][5-1][7-1][8-1].wasm,b200a3cacfa30d317c1d830b035c6953
all5/Strip_a_set_of_characters_from_a_string/[0-1][4-1][5-1][8-1].wasm,b200a3cacfa30d317c1d830b035c6953
all5/Strip_a_set_of_characters_from_a_string/[0-1][4-1][6-1].wasm,b200a3cacfa30d317c1d830b035c6953
all5/Strip_a_set_of_characters_from_a_string/[0-1][4-1][6-1][7-1].wasm,b200a3cacfa30d317c1d830b035c6953
all5/Strip_a_set_of_characters_from_a_string/[0-1][4-1][6-1][7-1][8-1].wasm,b200a3cacfa30d317c1d830b035c6953
all5/Strip_a_set_of_characters_from_a_string/[0-1][4-1][6-1][8-1].wasm,b200a3cacfa30d317c1d830b035c6953
all5/Strip_a_set_of_characters_from_a_string/[0-1][4-1][6-2].wasm,b200a3cacfa30d317c1d830b035c6953
all5/Strip_a_set_of_characters_from_a_string/[0-1][4-1][6-2][7-1].wasm,b200a3cacfa30d317c1d830b035c6953
all5/Strip_a_set_of_characters_from_a_string/[0-1][4-1][6-2][7-1][8-1].wasm,b200a3cacfa30d317c1d830b035c6953
all5/Strip_a_set_of_characters_from_a_string/[0-1][4-1][6-2][8-1].wasm,b200a3cacfa30d317c1d830b035c6953
all5/Strip_a_set_of_characters_from_a_string/[0-1][4-1][6-3].wasm,b200a3cacfa30d317c1d830b035c6953
all5/Strip_a_set_of_characters_from_a_string/[0-1][4-1][6-3][7-1].wasm,b200a3cacfa30d317c1d830b035c6953
all5/Strip_a_set_of_characters_from_a_string/[0-1][4-1][6-3][7-1][8-1].wasm,b200a3cacfa30d317c1d830b035c6953
all5/Strip_a_set_of_characters_from_a_string/[0-1][4-1][6-3][8-1].wasm,b200a3cacfa30d317c1d830b035c6953
all5/Strip_a_set_of_characters_from_a_string/[0-1][4-1][6-4].wasm,b200a3cacfa30d317c1d830b035c6953
all5/Strip_a_set_of_characters_from_a_string/[0-1][4-1][6-4][7-1].wasm,b200a3cacfa30d317c1d830b035c6953
all5/Strip_a_set_of_characters_from_a_string/[0-1][4-1][6-4][7-1][8-1].wasm,b200a3cacfa30d317c1d830b035c6953
all5/Strip_a_set_of_characters_from_a_string/[0-1][4-1][6-4][8-1].wasm,b200a3cacfa30d317c1d830b035c6953
all5/Strip_a_set_of_characters_from_a_string/[0-1][4-1][7-1].wasm,b200a3cacfa30d317c1d830b035c6953
all5/Strip_a_set_of_characters_from_a_string/[0-1][4-1][7-1][8-1].wasm,b200a3cacfa30d317c1d830b035c6953
all5/Strip_a_set_of_characters_from_a_string/[0-1][4-1][8-1].wasm,b200a3cacfa30d317c1d830b035c6953
all5/Strip_a_set_of_characters_from_a_string/[0-1][5-1].wasm,b200a3cacfa30d317c1d830b035c6953
all5/Strip_a_set_of_characters_from_a_string/[0-1][5-1][6-1].wasm,b200a3cacfa30d317c1d830b035c6953
all5/Strip_a_set_of_characters_from_a_string/[0-1][5-1][6-1][7-1].wasm,b200a3cacfa30d317c1d830b035c6953
all5/Strip_a_set_of_characters_from_a_string/[0-1][5-1][6-1][7-1][8-1].wasm,b200a3cacfa30d317c1d830b035c6953
all5/Strip_a_set_of_characters_from_a_string/[0-1][5-1][6-1][8-1].wasm,b200a3cacfa30d317c1d830b035c6953
all5/Strip_a_set_of_characters_from_a_string/[0-1][5-1][6-2].wasm,b200a3cacfa30d317c1d830b035c6953
all5/Strip_a_set_of_characters_from_a_string/[0-1][5-1][6-2][7-1].wasm,b200a3cacfa30d317c1d830b035c6953
all5/Strip_a_set_of_characters_from_a_string/[0-1][5-1][6-2][7-1][8-1].wasm,b200a3cacfa30d317c1d830b035c6953
all5/Strip_a_set_of_characters_from_a_string/[0-1][5-1][6-2][8-1].wasm,b200a3cacfa30d317c1d830b035c6953
all5/Strip_a_set_of_characters_from_a_string/[0-1][5-1][6-3].wasm,b200a3cacfa30d317c1d830b035c6953
all5/Strip_a_set_of_characters_from_a_string/[0-1][5-1][6-3][7-1].wasm,b200a3cacfa30d317c1d830b035c6953
all5/Strip_a_set_of_characters_from_a_string/[0-1][5-1][6-3][7-1][8-1].wasm,b200a3cacfa30d317c1d830b035c6953
all5/Strip_a_set_of_characters_from_a_string/[0-1][5-1][6-3][8-1].wasm,b200a3cacfa30d317c1d830b035c6953
all5/Strip_a_set_of_characters_from_a_string/[0-1][5-1][6-4].wasm,b200a3cacfa30d317c1d830b035c6953
all5/Strip_a_set_of_characters_from_a_string/[0-1][5-1][6-4][7-1].wasm,b200a3cacfa30d317c1d830b035c6953
all5/Strip_a_set_of_characters_from_a_string/[0-1][5-1][6-4][7-1][8-1].wasm,b200a3cacfa30d317c1d830b035c6953
all5/Strip_a_set_of_characters_from_a_string/[0-1][5-1][6-4][8-1].wasm,b200a3cacfa30d317c1d830b035c6953
all5/Strip_a_set_of_characters_from_a_string/[0-1][5-1][7-1].wasm,b200a3cacfa30d317c1d830b035c6953
all5/Strip_a_set_of_characters_from_a_string/[0-1][5-1][7-1][8-1].wasm,b200a3cacfa30d317c1d830b035c6953
all5/Strip_a_set_of_characters_from_a_string/[0-1][5-1][8-1].wasm,b200a3cacfa30d317c1d830b035c6953
all5/Strip_a_set_of_characters_from_a_string/[0-1][6-1].wasm,b200a3cacfa30d317c1d830b035c6953
all5/Strip_a_set_of_characters_from_a_string/[0-1][6-1][7-1].wasm,b200a3cacfa30d317c1d830b035c6953
all5/Strip_a_set_of_characters_from_a_string/[0-1][6-1][7-1][8-1].wasm,b200a3cacfa30d317c1d830b035c6953
all5/Strip_a_set_of_characters_from_a_string/[0-1][6-1][8-1].wasm,b200a3cacfa30d317c1d830b035c6953
all5/Strip_a_set_of_characters_from_a_string/[0-1][6-2].wasm,b200a3cacfa30d317c1d830b035c6953
all5/Strip_a_set_of_characters_from_a_string/[0-1][6-2][7-1].wasm,b200a3cacfa30d317c1d830b035c6953
all5/Strip_a_set_of_characters_from_a_string/[0-1][6-2][7-1][8-1].wasm,b200a3cacfa30d317c1d830b035c6953
all5/Strip_a_set_of_characters_from_a_string/[0-1][6-2][8-1].wasm,b200a3cacfa30d317c1d830b035c6953
all5/Strip_a_set_of_characters_from_a_string/[0-1][6-3].wasm,b200a3cacfa30d317c1d830b035c6953
all5/Strip_a_set_of_characters_from_a_string/[0-1][6-3][7-1].wasm,b200a3cacfa30d317c1d830b035c6953
all5/Strip_a_set_of_characters_from_a_string/[0-1][6-3][7-1][8-1].wasm,b200a3cacfa30d317c1d830b035c6953
all5/Strip_a_set_of_characters_from_a_string/[0-1][6-3][8-1].wasm,b200a3cacfa30d317c1d830b035c6953
all5/Strip_a_set_of_characters_from_a_string/[0-1][6-4].wasm,b200a3cacfa30d317c1d830b035c6953
all5/Strip_a_set_of_characters_from_a_string/[0-1][6-4][7-1].wasm,b200a3cacfa30d317c1d830b035c6953
all5/Strip_a_set_of_characters_from_a_string/[0-1][6-4][7-1][8-1].wasm,b200a3cacfa30d317c1d830b035c6953
all5/Strip_a_set_of_characters_from_a_string/[0-1][6-4][8-1].wasm,b200a3cacfa30d317c1d830b035c6953
all5/Strip_a_set_of_characters_from_a_string/[0-1][7-1].wasm,b200a3cacfa30d317c1d830b035c6953
all5/Strip_a_set_of_characters_from_a_string/[0-1][7-1][8-1].wasm,b200a3cacfa30d317c1d830b035c6953
all5/Strip_a_set_of_characters_from_a_string/[0-1][8-1].wasm,b200a3cacfa30d317c1d830b035c6953
all5/Strip_a_set_of_characters_from_a_string/[1-1].wasm,b200a3cacfa30d317c1d830b035c6953
all5/Strip_a_set_of_characters_from_a_string/[1-1].wasm.~1~,1620afdde269991de9344bba37b1d19a
all5/Strip_a_set_of_characters_from_a_string/[1-1][2-1].wasm,b200a3cacfa30d317c1d830b035c6953
all5/Strip_a_set_of_characters_from_a_string/[1-1][2-1].wasm.~1~,1620afdde269991de9344bba37b1d19a
all5/Strip_a_set_of_characters_from_a_string/[1-1][2-1][4-1].wasm,b200a3cacfa30d317c1d830b035c6953
all5/Strip_a_set_of_characters_from_a_string/[1-1][2-1][4-1].wasm.~1~,1620afdde269991de9344bba37b1d19a
all5/Strip_a_set_of_characters_from_a_string/[1-1][2-1][4-1][5-1].wasm,b200a3cacfa30d317c1d830b035c6953
all5/Strip_a_set_of_characters_from_a_string/[1-1][2-1][4-1][5-1][6-1].wasm,b200a3cacfa30d317c1d830b035c6953
all5/Strip_a_set_of_characters_from_a_string/[1-1][2-1][4-1][5-1][6-1][7-1].wasm,b200a3cacfa30d317c1d830b035c6953
all5/Strip_a_set_of_characters_from_a_string/[1-1][2-1][4-1][5-1][6-1][7-1][8-1].wasm,b200a3cacfa30d317c1d830b035c6953
all5/Strip_a_set_of_characters_from_a_string/[1-1][2-1][4-1][5-1][6-1][8-1].wasm,b200a3cacfa30d317c1d830b035c6953
all5/Strip_a_set_of_characters_from_a_string/[1-1][2-1][4-1][5-1][6-2].wasm,b200a3cacfa30d317c1d830b035c6953
all5/Strip_a_set_of_characters_from_a_string/[1-1][2-1][4-1][5-1][6-2][7-1].wasm,b200a3cacfa30d317c1d830b035c6953
all5/Strip_a_set_of_characters_from_a_string/[1-1][2-1][4-1][5-1][6-2][7-1][8-1].wasm,b200a3cacfa30d317c1d830b035c6953
all5/Strip_a_set_of_characters_from_a_string/[1-1][2-1][4-1][5-1][6-2][8-1].wasm,b200a3cacfa30d317c1d830b035c6953
all5/Strip_a_set_of_characters_from_a_string/[1-1][2-1][4-1][5-1][6-3].wasm,b200a3cacfa30d317c1d830b035c6953
all5/Strip_a_set_of_characters_from_a_string/[1-1][2-1][4-1][5-1][6-3][7-1].wasm,b200a3cacfa30d317c1d830b035c6953
all5/Strip_a_set_of_characters_from_a_string/[1-1][2-1][4-1][5-1][6-3][7-1][8-1].wasm,b200a3cacfa30d317c1d830b035c6953
all5/Strip_a_set_of_characters_from_a_string/[1-1][2-1][4-1][5-1][6-3][8-1].wasm,b200a3cacfa30d317c1d830b035c6953
all5/Strip_a_set_of_characters_from_a_string/[1-1][2-1][4-1][5-1][6-4].wasm,b200a3cacfa30d317c1d830b035c6953
all5/Strip_a_set_of_characters_from_a_string/[1-1][2-1][4-1][5-1][6-4][7-1].wasm,b200a3cacfa30d317c1d830b035c6953
all5/Strip_a_set_of_characters_from_a_string/[1-1][2-1][4-1][5-1][6-4][7-1][8-1].wasm,b200a3cacfa30d317c1d830b035c6953
all5/Strip_a_set_of_characters_from_a_string/[1-1][2-1][4-1][5-1][6-4][8-1].wasm,b200a3cacfa30d317c1d830b035c6953
all5/Strip_a_set_of_characters_from_a_string/[1-1][2-1][4-1][5-1][7-1].wasm,b200a3cacfa30d317c1d830b035c6953
all5/Strip_a_set_of_characters_from_a_string/[1-1][2-1][4-1][5-1][7-1][8-1].wasm,b200a3cacfa30d317c1d830b035c6953
all5/Strip_a_set_of_characters_from_a_string/[1-1][2-1][4-1][5-1][8-1].wasm,b200a3cacfa30d317c1d830b035c6953
all5/Strip_a_set_of_characters_from_a_string/[1-1][2-1][4-1][6-1].wasm,b200a3cacfa30d317c1d830b035c6953
all5/Strip_a_set_of_characters_from_a_string/[1-1][2-1][4-1][6-1][7-1].wasm,b200a3cacfa30d317c1d830b035c6953
all5/Strip_a_set_of_characters_from_a_string/[1-1][2-1][4-1][6-1][7-1][8-1].wasm,b200a3cacfa30d317c1d830b035c6953
all5/Strip_a_set_of_characters_from_a_string/[1-1][2-1][4-1][6-1][8-1].wasm,b200a3cacfa30d317c1d830b035c6953
all5/Strip_a_set_of_characters_from_a_string/[1-1][2-1][4-1][6-2].wasm,b200a3cacfa30d317c1d830b035c6953
all5/Strip_a_set_of_characters_from_a_string/[1-1][2-1][4-1][6-2][7-1].wasm,b200a3cacfa30d317c1d830b035c6953
all5/Strip_a_set_of_characters_from_a_string/[1-1][2-1][4-1][6-2][7-1][8-1].wasm,b200a3cacfa30d317c1d830b035c6953
all5/Strip_a_set_of_characters_from_a_string/[1-1][2-1][4-1][6-2][8-1].wasm,b200a3cacfa30d317c1d830b035c6953
all5/Strip_a_set_of_characters_from_a_string/[1-1][2-1][4-1][6-3].wasm,b200a3cacfa30d317c1d830b035c6953
all5/Strip_a_set_of_characters_from_a_string/[1-1][2-1][4-1][6-3][7-1].wasm,b200a3cacfa30d317c1d830b035c6953
all5/Strip_a_set_of_characters_from_a_string/[1-1][2-1][4-1][6-3][7-1][8-1].wasm,b200a3cacfa30d317c1d830b035c6953
all5/Strip_a_set_of_characters_from_a_string/[1-1][2-1][4-1][6-3][8-1].wasm,b200a3cacfa30d317c1d830b035c6953
all5/Strip_a_set_of_characters_from_a_string/[1-1][2-1][4-1][6-4].wasm,b200a3cacfa30d317c1d830b035c6953
all5/Strip_a_set_of_characters_from_a_string/[1-1][2-1][4-1][6-4][7-1].wasm,b200a3cacfa30d317c1d830b035c6953
all5/Strip_a_set_of_characters_from_a_string/[1-1][2-1][4-1][6-4][7-1][8-1].wasm,b200a3cacfa30d317c1d830b035c6953
all5/Strip_a_set_of_characters_from_a_string/[1-1][2-1][4-1][6-4][8-1].wasm,b200a3cacfa30d317c1d830b035c6953
all5/Strip_a_set_of_characters_from_a_string/[1-1][2-1][4-1][7-1].wasm,b200a3cacfa30d317c1d830b035c6953
all5/Strip_a_set_of_characters_from_a_string/[1-1][2-1][4-1][7-1].wasm.~1~,1620afdde269991de9344bba37b1d19a
all5/Strip_a_set_of_characters_from_a_string/[1-1][2-1][4-1][7-1][8-1].wasm,b200a3cacfa30d317c1d830b035c6953
all5/Strip_a_set_of_characters_from_a_string/[1-1][2-1][4-1][7-1][8-1].wasm.~1~,181c04af80f596596e0d36a5ac934ead
all5/Strip_a_set_of_characters_from_a_string/[1-1][2-1][4-1][8-1].wasm,b200a3cacfa30d317c1d830b035c6953
all5/Strip_a_set_of_characters_from_a_string/[1-1][2-1][4-1][8-1].wasm.~1~,181c04af80f596596e0d36a5ac934ead
all5/Strip_a_set_of_characters_from_a_string/[1-1][2-1][5-1].wasm,b200a3cacfa30d317c1d830b035c6953
all5/Strip_a_set_of_characters_from_a_string/[1-1][2-1][5-1][6-1].wasm,b200a3cacfa30d317c1d830b035c6953
all5/Strip_a_set_of_characters_from_a_string/[1-1][2-1][5-1][6-1][7-1].wasm,b200a3cacfa30d317c1d830b035c6953
all5/Strip_a_set_of_characters_from_a_string/[1-1][2-1][5-1][6-1][7-1][8-1].wasm,b200a3cacfa30d317c1d830b035c6953
all5/Strip_a_set_of_characters_from_a_string/[1-1][2-1][5-1][6-1][8-1].wasm,b200a3cacfa30d317c1d830b035c6953
all5/Strip_a_set_of_characters_from_a_string/[1-1][2-1][5-1][6-2].wasm,b200a3cacfa30d317c1d830b035c6953
all5/Strip_a_set_of_characters_from_a_string/[1-1][2-1][5-1][6-2][7-1].wasm,b200a3cacfa30d317c1d830b035c6953
all5/Strip_a_set_of_characters_from_a_string/[1-1][2-1][5-1][6-2][7-1][8-1].wasm,b200a3cacfa30d317c1d830b035c6953
all5/Strip_a_set_of_characters_from_a_string/[1-1][2-1][5-1][6-2][8-1].wasm,b200a3cacfa30d317c1d830b035c6953
all5/Strip_a_set_of_characters_from_a_string/[1-1][2-1][5-1][6-3].wasm,b200a3cacfa30d317c1d830b035c6953
all5/Strip_a_set_of_characters_from_a_string/[1-1][2-1][5-1][6-3][7-1].wasm,b200a3cacfa30d317c1d830b035c6953
all5/Strip_a_set_of_characters_from_a_string/[1-1][2-1][5-1][6-3][7-1][8-1].wasm,b200a3cacfa30d317c1d830b035c6953
all5/Strip_a_set_of_characters_from_a_string/[1-1][2-1][5-1][6-3][8-1].wasm,b200a3cacfa30d317c1d830b035c6953
all5/Strip_a_set_of_characters_from_a_string/[1-1][2-1][5-1][6-4].wasm,b200a3cacfa30d317c1d830b035c6953
all5/Strip_a_set_of_characters_from_a_string/[1-1][2-1][5-1][6-4][7-1].wasm,b200a3cacfa30d317c1d830b035c6953
all5/Strip_a_set_of_characters_from_a_string/[1-1][2-1][5-1][6-4][7-1][8-1].wasm,b200a3cacfa30d317c1d830b035c6953
all5/Strip_a_set_of_characters_from_a_string/[1-1][2-1][5-1][6-4][8-1].wasm,b200a3cacfa30d317c1d830b035c6953
all5/Strip_a_set_of_characters_from_a_string/[1-1][2-1][5-1][7-1].wasm,b200a3cacfa30d317c1d830b035c6953
all5/Strip_a_set_of_characters_from_a_string/[1-1][2-1][5-1][7-1][8-1].wasm,b200a3cacfa30d317c1d830b035c6953
all5/Strip_a_set_of_characters_from_a_string/[1-1][2-1][5-1][8-1].wasm,b200a3cacfa30d317c1d830b035c6953
all5/Strip_a_set_of_characters_from_a_string/[1-1][2-1][6-1].wasm,b200a3cacfa30d317c1d830b035c6953
all5/Strip_a_set_of_characters_from_a_string/[1-1][2-1][6-1].wasm.~1~,1620afdde269991de9344bba37b1d19a
all5/Strip_a_set_of_characters_from_a_string/[1-1][2-1][6-1][7-1].wasm,b200a3cacfa30d317c1d830b035c6953
all5/Strip_a_set_of_characters_from_a_string/[1-1][2-1][6-1][7-1].wasm.~1~,1620afdde269991de9344bba37b1d19a
all5/Strip_a_set_of_characters_from_a_string/[1-1][2-1][6-1][7-1][8-1].wasm,b200a3cacfa30d317c1d830b035c6953
all5/Strip_a_set_of_characters_from_a_string/[1-1][2-1][6-1][7-1][8-1].wasm.~1~,181c04af80f596596e0d36a5ac934ead
all5/Strip_a_set_of_characters_from_a_string/[1-1][2-1][6-1][8-1].wasm,b200a3cacfa30d317c1d830b035c6953
all5/Strip_a_set_of_characters_from_a_string/[1-1][2-1][6-1][8-1].wasm.~1~,181c04af80f596596e0d36a5ac934ead
all5/Strip_a_set_of_characters_from_a_string/[1-1][2-1][6-2].wasm,b200a3cacfa30d317c1d830b035c6953
all5/Strip_a_set_of_characters_from_a_string/[1-1][2-1][6-2][7-1].wasm,b200a3cacfa30d317c1d830b035c6953
all5/Strip_a_set_of_characters_from_a_string/[1-1][2-1][6-2][7-1][8-1].wasm,b200a3cacfa30d317c1d830b035c6953
all5/Strip_a_set_of_characters_from_a_string/[1-1][2-1][6-2][8-1].wasm,b200a3cacfa30d317c1d830b035c6953
all5/Strip_a_set_of_characters_from_a_string/[1-1][2-1][6-3].wasm,b200a3cacfa30d317c1d830b035c6953
all5/Strip_a_set_of_characters_from_a_string/[1-1][2-1][6-3][7-1].wasm,b200a3cacfa30d317c1d830b035c6953
all5/Strip_a_set_of_characters_from_a_string/[1-1][2-1][6-3][7-1][8-1].wasm,b200a3cacfa30d317c1d830b035c6953
all5/Strip_a_set_of_characters_from_a_string/[1-1][2-1][6-3][8-1].wasm,b200a3cacfa30d317c1d830b035c6953
all5/Strip_a_set_of_characters_from_a_string/[1-1][2-1][6-4].wasm,b200a3cacfa30d317c1d830b035c6953
all5/Strip_a_set_of_characters_from_a_string/[1-1][2-1][6-4][7-1].wasm,b200a3cacfa30d317c1d830b035c6953
all5/Strip_a_set_of_characters_from_a_string/[1-1][2-1][6-4][7-1][8-1].wasm,b200a3cacfa30d317c1d830b035c6953
all5/Strip_a_set_of_characters_from_a_string/[1-1][2-1][6-4][8-1].wasm,b200a3cacfa30d317c1d830b035c6953
all5/Strip_a_set_of_characters_from_a_string/[1-1][2-1][7-1].wasm,b200a3cacfa30d317c1d830b035c6953
all5/Strip_a_set_of_characters_from_a_string/[1-1][2-1][7-1].wasm.~1~,1620afdde269991de9344bba37b1d19a
all5/Strip_a_set_of_characters_from_a_string/[1-1][2-1][7-1][8-1].wasm,b200a3cacfa30d317c1d830b035c6953
all5/Strip_a_set_of_characters_from_a_string/[1-1][2-1][7-1][8-1].wasm.~1~,181c04af80f596596e0d36a5ac934ead
all5/Strip_a_set_of_characters_from_a_string/[1-1][2-1][8-1].wasm,b200a3cacfa30d317c1d830b035c6953
all5/Strip_a_set_of_characters_from_a_string/[1-1][2-1][8-1].wasm.~1~,181c04af80f596596e0d36a5ac934ead
all5/Strip_a_set_of_characters_from_a_string/[1-1][4-1].wasm,b200a3cacfa30d317c1d830b035c6953
all5/Strip_a_set_of_characters_from_a_string/[1-1][4-1].wasm.~1~,1620afdde269991de9344bba37b1d19a
all5/Strip_a_set_of_characters_from_a_string/[1-1][4-1][5-1].wasm,b200a3cacfa30d317c1d830b035c6953
all5/Strip_a_set_of_characters_from_a_string/[1-1][4-1][5-1][6-1].wasm,b200a3cacfa30d317c1d830b035c6953
all5/Strip_a_set_of_characters_from_a_string/[1-1][4-1][5-1][6-1][7-1].wasm,b200a3cacfa30d317c1d830b035c6953
all5/Strip_a_set_of_characters_from_a_string/[1-1][4-1][5-1][6-1][7-1][8-1].wasm,b200a3cacfa30d317c1d830b035c6953
all5/Strip_a_set_of_characters_from_a_string/[1-1][4-1][5-1][6-1][8-1].wasm,b200a3cacfa30d317c1d830b035c6953
all5/Strip_a_set_of_characters_from_a_string/[1-1][4-1][5-1][6-2].wasm,b200a3cacfa30d317c1d830b035c6953
all5/Strip_a_set_of_characters_from_a_string/[1-1][4-1][5-1][6-2][7-1].wasm,b200a3cacfa30d317c1d830b035c6953
all5/Strip_a_set_of_characters_from_a_string/[1-1][4-1][5-1][6-2][7-1][8-1].wasm,b200a3cacfa30d317c1d830b035c6953
all5/Strip_a_set_of_characters_from_a_string/[1-1][4-1][5-1][6-2][8-1].wasm,b200a3cacfa30d317c1d830b035c6953
all5/Strip_a_set_of_characters_from_a_string/[1-1][4-1][5-1][6-3].wasm,b200a3cacfa30d317c1d830b035c6953
all5/Strip_a_set_of_characters_from_a_string/[1-1][4-1][5-1][6-3][7-1].wasm,b200a3cacfa30d317c1d830b035c6953
all5/Strip_a_set_of_characters_from_a_string/[1-1][4-1][5-1][6-3][7-1][8-1].wasm,b200a3cacfa30d317c1d830b035c6953
all5/Strip_a_set_of_characters_from_a_string/[1-1][4-1][5-1][6-3][8-1].wasm,b200a3cacfa30d317c1d830b035c6953
all5/Strip_a_set_of_characters_from_a_string/[1-1][4-1][5-1][6-4].wasm,b200a3cacfa30d317c1d830b035c6953
all5/Strip_a_set_of_characters_from_a_string/[1-1][4-1][5-1][6-4][7-1].wasm,b200a3cacfa30d317c1d830b035c6953
all5/Strip_a_set_of_characters_from_a_string/[1-1][4-1][5-1][6-4][7-1][8-1].wasm,b200a3cacfa30d317c1d830b035c6953
all5/Strip_a_set_of_characters_from_a_string/[1-1][4-1][5-1][6-4][8-1].wasm,b200a3cacfa30d317c1d830b035c6953
all5/Strip_a_set_of_characters_from_a_string/[1-1][4-1][5-1][7-1].wasm,b200a3cacfa30d317c1d830b035c6953
all5/Strip_a_set_of_characters_from_a_string/[1-1][4-1][5-1][7-1][8-1].wasm,b200a3cacfa30d317c1d830b035c6953
all5/Strip_a_set_of_characters_from_a_string/[1-1][4-1][5-1][8-1].wasm,b200a3cacfa30d317c1d830b035c6953
all5/Strip_a_set_of_characters_from_a_string/[1-1][4-1][6-1].wasm,b200a3cacfa30d317c1d830b035c6953
all5/Strip_a_set_of_characters_from_a_string/[1-1][4-1][6-1].wasm.~1~,1620afdde269991de9344bba37b1d19a
all5/Strip_a_set_of_characters_from_a_string/[1-1][4-1][6-1][7-1].wasm,b200a3cacfa30d317c1d830b035c6953
all5/Strip_a_set_of_characters_from_a_string/[1-1][4-1][6-1][7-1].wasm.~1~,1620afdde269991de9344bba37b1d19a
all5/Strip_a_set_of_characters_from_a_string/[1-1][4-1][6-1][7-1][8-1].wasm,b200a3cacfa30d317c1d830b035c6953
all5/Strip_a_set_of_characters_from_a_string/[1-1][4-1][6-1][7-1][8-1].wasm.~1~,181c04af80f596596e0d36a5ac934ead
all5/Strip_a_set_of_characters_from_a_string/[1-1][4-1][6-1][8-1].wasm,b200a3cacfa30d317c1d830b035c6953
all5/Strip_a_set_of_characters_from_a_string/[1-1][4-1][6-1][8-1].wasm.~1~,181c04af80f596596e0d36a5ac934ead
all5/Strip_a_set_of_characters_from_a_string/[1-1][4-1][6-2].wasm,b200a3cacfa30d317c1d830b035c6953
all5/Strip_a_set_of_characters_from_a_string/[1-1][4-1][6-2][7-1].wasm,b200a3cacfa30d317c1d830b035c6953
all5/Strip_a_set_of_characters_from_a_string/[1-1][4-1][6-2][7-1][8-1].wasm,b200a3cacfa30d317c1d830b035c6953
all5/Strip_a_set_of_characters_from_a_string/[1-1][4-1][6-2][8-1].wasm,b200a3cacfa30d317c1d830b035c6953
all5/Strip_a_set_of_characters_from_a_string/[1-1][4-1][6-3].wasm,b200a3cacfa30d317c1d830b035c6953
all5/Strip_a_set_of_characters_from_a_string/[1-1][4-1][6-3][7-1].wasm,b200a3cacfa30d317c1d830b035c6953
all5/Strip_a_set_of_characters_from_a_string/[1-1][4-1][6-3][7-1][8-1].wasm,b200a3cacfa30d317c1d830b035c6953
all5/Strip_a_set_of_characters_from_a_string/[1-1][4-1][6-3][8-1].wasm,b200a3cacfa30d317c1d830b035c6953
all5/Strip_a_set_of_characters_from_a_string/[1-1][4-1][6-4].wasm,b200a3cacfa30d317c1d830b035c6953
all5/Strip_a_set_of_characters_from_a_string/[1-1][4-1][6-4][7-1].wasm,b200a3cacfa30d317c1d830b035c6953
all5/Strip_a_set_of_characters_from_a_string/[1-1][4-1][6-4][7-1][8-1].wasm,b200a3cacfa30d317c1d830b035c6953
all5/Strip_a_set_of_characters_from_a_string/[1-1][4-1][6-4][8-1].wasm,b200a3cacfa30d317c1d830b035c6953
all5/Strip_a_set_of_characters_from_a_string/[1-1][4-1][7-1].wasm,b200a3cacfa30d317c1d830b035c6953
all5/Strip_a_set_of_characters_from_a_string/[1-1][4-1][7-1].wasm.~1~,1620afdde269991de9344bba37b1d19a
all5/Strip_a_set_of_characters_from_a_string/[1-1][4-1][7-1][8-1].wasm,b200a3cacfa30d317c1d830b035c6953
all5/Strip_a_set_of_characters_from_a_string/[1-1][4-1][7-1][8-1].wasm.~1~,181c04af80f596596e0d36a5ac934ead
all5/Strip_a_set_of_characters_from_a_string/[1-1][4-1][8-1].wasm,b200a3cacfa30d317c1d830b035c6953
all5/Strip_a_set_of_characters_from_a_string/[1-1][4-1][8-1].wasm.~1~,181c04af80f596596e0d36a5ac934ead
all5/Strip_a_set_of_characters_from_a_string/[1-1][5-1].wasm,b200a3cacfa30d317c1d830b035c6953
all5/Strip_a_set_of_characters_from_a_string/[1-1][5-1][6-1].wasm,b200a3cacfa30d317c1d830b035c6953
all5/Strip_a_set_of_characters_from_a_string/[1-1][5-1][6-1][7-1].wasm,b200a3cacfa30d317c1d830b035c6953
all5/Strip_a_set_of_characters_from_a_string/[1-1][5-1][6-1][7-1][8-1].wasm,b200a3cacfa30d317c1d830b035c6953
all5/Strip_a_set_of_characters_from_a_string/[1-1][5-1][6-1][8-1].wasm,b200a3cacfa30d317c1d830b035c6953
all5/Strip_a_set_of_characters_from_a_string/[1-1][5-1][6-2].wasm,b200a3cacfa30d317c1d830b035c6953
all5/Strip_a_set_of_characters_from_a_string/[1-1][5-1][6-2][7-1].wasm,b200a3cacfa30d317c1d830b035c6953
all5/Strip_a_set_of_characters_from_a_string/[1-1][5-1][6-2][7-1][8-1].wasm,b200a3cacfa30d317c1d830b035c6953
all5/Strip_a_set_of_characters_from_a_string/[1-1][5-1][6-2][8-1].wasm,b200a3cacfa30d317c1d830b035c6953
all5/Strip_a_set_of_characters_from_a_string/[1-1][5-1][6-3].wasm,b200a3cacfa30d317c1d830b035c6953
all5/Strip_a_set_of_characters_from_a_string/[1-1][5-1][6-3][7-1].wasm,b200a3cacfa30d317c1d830b035c6953
all5/Strip_a_set_of_characters_from_a_string/[1-1][5-1][6-3][7-1][8-1].wasm,b200a3cacfa30d317c1d830b035c6953
all5/Strip_a_set_of_characters_from_a_string/[1-1][5-1][6-3][8-1].wasm,b200a3cacfa30d317c1d830b035c6953
all5/Strip_a_set_of_characters_from_a_string/[1-1][5-1][6-4].wasm,b200a3cacfa30d317c1d830b035c6953
all5/Strip_a_set_of_characters_from_a_string/[1-1][5-1][6-4][7-1].wasm,b200a3cacfa30d317c1d830b035c6953
all5/Strip_a_set_of_characters_from_a_string/[1-1][5-1][6-4][7-1][8-1].wasm,b200a3cacfa30d317c1d830b035c6953
all5/Strip_a_set_of_characters_from_a_string/[1-1][5-1][6-4][8-1].wasm,b200a3cacfa30d317c1d830b035c6953
all5/Strip_a_set_of_characters_from_a_string/[1-1][5-1][7-1].wasm,b200a3cacfa30d317c1d830b035c6953
all5/Strip_a_set_of_characters_from_a_string/[1-1][5-1][7-1][8-1].wasm,b200a3cacfa30d317c1d830b035c6953
all5/Strip_a_set_of_characters_from_a_string/[1-1][5-1][8-1].wasm,b200a3cacfa30d317c1d830b035c6953
all5/Strip_a_set_of_characters_from_a_string/[1-1][6-1].wasm,b200a3cacfa30d317c1d830b035c6953
all5/Strip_a_set_of_characters_from_a_string/[1-1][6-1].wasm.~1~,1620afdde269991de9344bba37b1d19a
all5/Strip_a_set_of_characters_from_a_string/[1-1][6-1][7-1].wasm,b200a3cacfa30d317c1d830b035c6953
all5/Strip_a_set_of_characters_from_a_string/[1-1][6-1][7-1].wasm.~1~,1620afdde269991de9344bba37b1d19a
all5/Strip_a_set_of_characters_from_a_string/[1-1][6-1][7-1][8-1].wasm,b200a3cacfa30d317c1d830b035c6953
all5/Strip_a_set_of_characters_from_a_string/[1-1][6-1][7-1][8-1].wasm.~1~,181c04af80f596596e0d36a5ac934ead
all5/Strip_a_set_of_characters_from_a_string/[1-1][6-1][8-1].wasm,b200a3cacfa30d317c1d830b035c6953
all5/Strip_a_set_of_characters_from_a_string/[1-1][6-1][8-1].wasm.~1~,181c04af80f596596e0d36a5ac934ead
all5/Strip_a_set_of_characters_from_a_string/[1-1][6-2].wasm,b200a3cacfa30d317c1d830b035c6953
all5/Strip_a_set_of_characters_from_a_string/[1-1][6-2][7-1].wasm,b200a3cacfa30d317c1d830b035c6953
all5/Strip_a_set_of_characters_from_a_string/[1-1][6-2][7-1][8-1].wasm,b200a3cacfa30d317c1d830b035c6953
all5/Strip_a_set_of_characters_from_a_string/[1-1][6-2][8-1].wasm,b200a3cacfa30d317c1d830b035c6953
all5/Strip_a_set_of_characters_from_a_string/[1-1][6-3].wasm,b200a3cacfa30d317c1d830b035c6953
all5/Strip_a_set_of_characters_from_a_string/[1-1][6-3][7-1].wasm,b200a3cacfa30d317c1d830b035c6953
all5/Strip_a_set_of_characters_from_a_string/[1-1][6-3][7-1][8-1].wasm,b200a3cacfa30d317c1d830b035c6953
all5/Strip_a_set_of_characters_from_a_string/[1-1][6-3][8-1].wasm,b200a3cacfa30d317c1d830b035c6953
all5/Strip_a_set_of_characters_from_a_string/[1-1][6-4].wasm,b200a3cacfa30d317c1d830b035c6953
all5/Strip_a_set_of_characters_from_a_string/[1-1][6-4][7-1].wasm,b200a3cacfa30d317c1d830b035c6953
all5/Strip_a_set_of_characters_from_a_string/[1-1][6-4][7-1][8-1].wasm,b200a3cacfa30d317c1d830b035c6953
all5/Strip_a_set_of_characters_from_a_string/[1-1][6-4][8-1].wasm,b200a3cacfa30d317c1d830b035c6953
all5/Strip_a_set_of_characters_from_a_string/[1-1][7-1].wasm,b200a3cacfa30d317c1d830b035c6953
all5/Strip_a_set_of_characters_from_a_string/[1-1][7-1].wasm.~1~,1620afdde269991de9344bba37b1d19a
all5/Strip_a_set_of_characters_from_a_string/[1-1][7-1][8-1].wasm,b200a3cacfa30d317c1d830b035c6953
all5/Strip_a_set_of_characters_from_a_string/[1-1][7-1][8-1].wasm.~1~,181c04af80f596596e0d36a5ac934ead
all5/Strip_a_set_of_characters_from_a_string/[1-1][8-1].wasm,b200a3cacfa30d317c1d830b035c6953
all5/Strip_a_set_of_characters_from_a_string/[1-1][8-1].wasm.~1~,181c04af80f596596e0d36a5ac934ead
all5/Strip_a_set_of_characters_from_a_string/[2-1].wasm,b200a3cacfa30d317c1d830b035c6953
all5/Strip_a_set_of_characters_from_a_string/[2-1].wasm.~1~,998d0fe94f01ef61290f672616a6f4e6
all5/Strip_a_set_of_characters_from_a_string/[2-1][4-1].wasm,b200a3cacfa30d317c1d830b035c6953
all5/Strip_a_set_of_characters_from_a_string/[2-1][4-1].wasm.~1~,998d0fe94f01ef61290f672616a6f4e6
all5/Strip_a_set_of_characters_from_a_string/[2-1][4-1][5-1].wasm,b200a3cacfa30d317c1d830b035c6953
all5/Strip_a_set_of_characters_from_a_string/[2-1][4-1][5-1][6-1].wasm,b200a3cacfa30d317c1d830b035c6953
all5/Strip_a_set_of_characters_from_a_string/[2-1][4-1][5-1][6-1][7-1].wasm,b200a3cacfa30d317c1d830b035c6953
all5/Strip_a_set_of_characters_from_a_string/[2-1][4-1][5-1][6-1][7-1][8-1].wasm,b200a3cacfa30d317c1d830b035c6953
all5/Strip_a_set_of_characters_from_a_string/[2-1][4-1][5-1][6-1][8-1].wasm,b200a3cacfa30d317c1d830b035c6953
all5/Strip_a_set_of_characters_from_a_string/[2-1][4-1][5-1][6-2].wasm,b200a3cacfa30d317c1d830b035c6953
all5/Strip_a_set_of_characters_from_a_string/[2-1][4-1][5-1][6-2][7-1].wasm,b200a3cacfa30d317c1d830b035c6953
all5/Strip_a_set_of_characters_from_a_string/[2-1][4-1][5-1][6-2][7-1][8-1].wasm,b200a3cacfa30d317c1d830b035c6953
all5/Strip_a_set_of_characters_from_a_string/[2-1][4-1][5-1][6-2][8-1].wasm,b200a3cacfa30d317c1d830b035c6953
all5/Strip_a_set_of_characters_from_a_string/[2-1][4-1][5-1][6-3].wasm,b200a3cacfa30d317c1d830b035c6953
all5/Strip_a_set_of_characters_from_a_string/[2-1][4-1][5-1][6-3][7-1].wasm,b200a3cacfa30d317c1d830b035c6953
all5/Strip_a_set_of_characters_from_a_string/[2-1][4-1][5-1][6-3][7-1][8-1].wasm,b200a3cacfa30d317c1d830b035c6953
all5/Strip_a_set_of_characters_from_a_string/[2-1][4-1][5-1][6-3][8-1].wasm,b200a3cacfa30d317c1d830b035c6953
all5/Strip_a_set_of_characters_from_a_string/[2-1][4-1][5-1][6-4].wasm,b200a3cacfa30d317c1d830b035c6953
all5/Strip_a_set_of_characters_from_a_string/[2-1][4-1][5-1][6-4][7-1].wasm,b200a3cacfa30d317c1d830b035c6953
all5/Strip_a_set_of_characters_from_a_string/[2-1][4-1][5-1][6-4][7-1][8-1].wasm,b200a3cacfa30d317c1d830b035c6953
all5/Strip_a_set_of_characters_from_a_string/[2-1][4-1][5-1][6-4][8-1].wasm,b200a3cacfa30d317c1d830b035c6953
all5/Strip_a_set_of_characters_from_a_string/[2-1][4-1][5-1][7-1].wasm,b200a3cacfa30d317c1d830b035c6953
all5/Strip_a_set_of_characters_from_a_string/[2-1][4-1][5-1][7-1][8-1].wasm,b200a3cacfa30d317c1d830b035c6953
all5/Strip_a_set_of_characters_from_a_string/[2-1][4-1][5-1][8-1].wasm,b200a3cacfa30d317c1d830b035c6953
all5/Strip_a_set_of_characters_from_a_string/[2-1][4-1][6-1].wasm,b200a3cacfa30d317c1d830b035c6953
all5/Strip_a_set_of_characters_from_a_string/[2-1][4-1][6-1].wasm.~1~,998d0fe94f01ef61290f672616a6f4e6
all5/Strip_a_set_of_characters_from_a_string/[2-1][4-1][6-1][7-1].wasm,b200a3cacfa30d317c1d830b035c6953
all5/Strip_a_set_of_characters_from_a_string/[2-1][4-1][6-1][7-1].wasm.~1~,998d0fe94f01ef61290f672616a6f4e6
all5/Strip_a_set_of_characters_from_a_string/[2-1][4-1][6-1][7-1][8-1].wasm,b200a3cacfa30d317c1d830b035c6953
all5/Strip_a_set_of_characters_from_a_string/[2-1][4-1][6-1][7-1][8-1].wasm.~1~,9e8e65d0a0835c08d96cf476a77ab9ee
all5/Strip_a_set_of_characters_from_a_string/[2-1][4-1][6-1][8-1].wasm,b200a3cacfa30d317c1d830b035c6953
all5/Strip_a_set_of_characters_from_a_string/[2-1][4-1][6-1][8-1].wasm.~1~,9e8e65d0a0835c08d96cf476a77ab9ee
all5/Strip_a_set_of_characters_from_a_string/[2-1][4-1][6-2].wasm,b200a3cacfa30d317c1d830b035c6953
all5/Strip_a_set_of_characters_from_a_string/[2-1][4-1][6-2][7-1].wasm,b200a3cacfa30d317c1d830b035c6953
all5/Strip_a_set_of_characters_from_a_string/[2-1][4-1][6-2][7-1][8-1].wasm,b200a3cacfa30d317c1d830b035c6953
all5/Strip_a_set_of_characters_from_a_string/[2-1][4-1][6-2][8-1].wasm,b200a3cacfa30d317c1d830b035c6953
all5/Strip_a_set_of_characters_from_a_string/[2-1][4-1][6-3].wasm,b200a3cacfa30d317c1d830b035c6953
all5/Strip_a_set_of_characters_from_a_string/[2-1][4-1][6-3][7-1].wasm,b200a3cacfa30d317c1d830b035c6953
all5/Strip_a_set_of_characters_from_a_string/[2-1][4-1][6-3][7-1][8-1].wasm,b200a3cacfa30d317c1d830b035c6953
all5/Strip_a_set_of_characters_from_a_string/[2-1][4-1][6-3][8-1].wasm,b200a3cacfa30d317c1d830b035c6953
all5/Strip_a_set_of_characters_from_a_string/[2-1][4-1][6-4].wasm,b200a3cacfa30d317c1d830b035c6953
all5/Strip_a_set_of_characters_from_a_string/[2-1][4-1][6-4][7-1].wasm,b200a3cacfa30d317c1d830b035c6953
all5/Strip_a_set_of_characters_from_a_string/[2-1][4-1][6-4][7-1][8-1].wasm,b200a3cacfa30d317c1d830b035c6953
all5/Strip_a_set_of_characters_from_a_string/[2-1][4-1][6-4][8-1].wasm,b200a3cacfa30d317c1d830b035c6953
all5/Strip_a_set_of_characters_from_a_string/[2-1][4-1][7-1].wasm,b200a3cacfa30d317c1d830b035c6953
all5/Strip_a_set_of_characters_from_a_string/[2-1][4-1][7-1].wasm.~1~,998d0fe94f01ef61290f672616a6f4e6
all5/Strip_a_set_of_characters_from_a_string/[2-1][4-1][7-1][8-1].wasm,b200a3cacfa30d317c1d830b035c6953
all5/Strip_a_set_of_characters_from_a_string/[2-1][4-1][7-1][8-1].wasm.~1~,9e8e65d0a0835c08d96cf476a77ab9ee
all5/Strip_a_set_of_characters_from_a_string/[2-1][4-1][8-1].wasm,b200a3cacfa30d317c1d830b035c6953
all5/Strip_a_set_of_characters_from_a_string/[2-1][4-1][8-1].wasm.~1~,9e8e65d0a0835c08d96cf476a77ab9ee
all5/Strip_a_set_of_characters_from_a_string/[2-1][5-1].wasm,b200a3cacfa30d317c1d830b035c6953
all5/Strip_a_set_of_characters_from_a_string/[2-1][5-1][6-1].wasm,b200a3cacfa30d317c1d830b035c6953
all5/Strip_a_set_of_characters_from_a_string/[2-1][5-1][6-1][7-1].wasm,b200a3cacfa30d317c1d830b035c6953
all5/Strip_a_set_of_characters_from_a_string/[2-1][5-1][6-1][7-1][8-1].wasm,b200a3cacfa30d317c1d830b035c6953
all5/Strip_a_set_of_characters_from_a_string/[2-1][5-1][6-1][8-1].wasm,b200a3cacfa30d317c1d830b035c6953
all5/Strip_a_set_of_characters_from_a_string/[2-1][5-1][6-2].wasm,b200a3cacfa30d317c1d830b035c6953
all5/Strip_a_set_of_characters_from_a_string/[2-1][5-1][6-2][7-1].wasm,b200a3cacfa30d317c1d830b035c6953
all5/Strip_a_set_of_characters_from_a_string/[2-1][5-1][6-2][7-1][8-1].wasm,b200a3cacfa30d317c1d830b035c6953
all5/Strip_a_set_of_characters_from_a_string/[2-1][5-1][6-2][8-1].wasm,b200a3cacfa30d317c1d830b035c6953
all5/Strip_a_set_of_characters_from_a_string/[2-1][5-1][6-3].wasm,b200a3cacfa30d317c1d830b035c6953
all5/Strip_a_set_of_characters_from_a_string/[2-1][5-1][6-3][7-1].wasm,b200a3cacfa30d317c1d830b035c6953
all5/Strip_a_set_of_characters_from_a_string/[2-1][5-1][6-3][7-1][8-1].wasm,b200a3cacfa30d317c1d830b035c6953
all5/Strip_a_set_of_characters_from_a_string/[2-1][5-1][6-3][8-1].wasm,b200a3cacfa30d317c1d830b035c6953
all5/Strip_a_set_of_characters_from_a_string/[2-1][5-1][6-4].wasm,b200a3cacfa30d317c1d830b035c6953
all5/Strip_a_set_of_characters_from_a_string/[2-1][5-1][6-4][7-1].wasm,b200a3cacfa30d317c1d830b035c6953
all5/Strip_a_set_of_characters_from_a_string/[2-1][5-1][6-4][7-1][8-1].wasm,b200a3cacfa30d317c1d830b035c6953
all5/Strip_a_set_of_characters_from_a_string/[2-1][5-1][6-4][8-1].wasm,b200a3cacfa30d317c1d830b035c6953
all5/Strip_a_set_of_characters_from_a_string/[2-1][5-1][7-1].wasm,b200a3cacfa30d317c1d830b035c6953
all5/Strip_a_set_of_characters_from_a_string/[2-1][5-1][7-1][8-1].wasm,b200a3cacfa30d317c1d830b035c6953
all5/Strip_a_set_of_characters_from_a_string/[2-1][5-1][8-1].wasm,b200a3cacfa30d317c1d830b035c6953
all5/Strip_a_set_of_characters_from_a_string/[2-1][6-1].wasm,b200a3cacfa30d317c1d830b035c6953
all5/Strip_a_set_of_characters_from_a_string/[2-1][6-1].wasm.~1~,998d0fe94f01ef61290f672616a6f4e6
all5/Strip_a_set_of_characters_from_a_string/[2-1][6-1][7-1].wasm,b200a3cacfa30d317c1d830b035c6953
all5/Strip_a_set_of_characters_from_a_string/[2-1][6-1][7-1].wasm.~1~,998d0fe94f01ef61290f672616a6f4e6
all5/Strip_a_set_of_characters_from_a_string/[2-1][6-1][7-1][8-1].wasm,b200a3cacfa30d317c1d830b035c6953
all5/Strip_a_set_of_characters_from_a_string/[2-1][6-1][7-1][8-1].wasm.~1~,9e8e65d0a0835c08d96cf476a77ab9ee
all5/Strip_a_set_of_characters_from_a_string/[2-1][6-1][8-1].wasm,b200a3cacfa30d317c1d830b035c6953
all5/Strip_a_set_of_characters_from_a_string/[2-1][6-1][8-1].wasm.~1~,9e8e65d0a0835c08d96cf476a77ab9ee
all5/Strip_a_set_of_characters_from_a_string/[2-1][6-2].wasm,b200a3cacfa30d317c1d830b035c6953
all5/Strip_a_set_of_characters_from_a_string/[2-1][6-2][7-1].wasm,b200a3cacfa30d317c1d830b035c6953
all5/Strip_a_set_of_characters_from_a_string/[2-1][6-2][7-1][8-1].wasm,b200a3cacfa30d317c1d830b035c6953
all5/Strip_a_set_of_characters_from_a_string/[2-1][6-2][8-1].wasm,b200a3cacfa30d317c1d830b035c6953
all5/Strip_a_set_of_characters_from_a_string/[2-1][6-3].wasm,b200a3cacfa30d317c1d830b035c6953
all5/Strip_a_set_of_characters_from_a_string/[2-1][6-3][7-1].wasm,b200a3cacfa30d317c1d830b035c6953
all5/Strip_a_set_of_characters_from_a_string/[2-1][6-3][7-1][8-1].wasm,b200a3cacfa30d317c1d830b035c6953
all5/Strip_a_set_of_characters_from_a_string/[2-1][6-3][8-1].wasm,b200a3cacfa30d317c1d830b035c6953
all5/Strip_a_set_of_characters_from_a_string/[2-1][6-4].wasm,b200a3cacfa30d317c1d830b035c6953
all5/Strip_a_set_of_characters_from_a_string/[2-1][6-4][7-1].wasm,b200a3cacfa30d317c1d830b035c6953
all5/Strip_a_set_of_characters_from_a_string/[2-1][6-4][7-1][8-1].wasm,b200a3cacfa30d317c1d830b035c6953
all5/Strip_a_set_of_characters_from_a_string/[2-1][6-4][8-1].wasm,b200a3cacfa30d317c1d830b035c6953
all5/Strip_a_set_of_characters_from_a_string/[2-1][7-1].wasm,b200a3cacfa30d317c1d830b035c6953
all5/Strip_a_set_of_characters_from_a_string/[2-1][7-1].wasm.~1~,998d0fe94f01ef61290f672616a6f4e6
all5/Strip_a_set_of_characters_from_a_string/[2-1][7-1][8-1].wasm,b200a3cacfa30d317c1d830b035c6953
all5/Strip_a_set_of_characters_from_a_string/[2-1][7-1][8-1].wasm.~1~,9e8e65d0a0835c08d96cf476a77ab9ee
all5/Strip_a_set_of_characters_from_a_string/[2-1][8-1].wasm,b200a3cacfa30d317c1d830b035c6953
all5/Strip_a_set_of_characters_from_a_string/[2-1][8-1].wasm.~1~,9e8e65d0a0835c08d96cf476a77ab9ee
all5/Strip_a_set_of_characters_from_a_string/[4-1].wasm,b200a3cacfa30d317c1d830b035c6953
all5/Strip_a_set_of_characters_from_a_string/[4-1].wasm.~1~,998d0fe94f01ef61290f672616a6f4e6
all5/Strip_a_set_of_characters_from_a_string/[4-1][5-1].wasm,b200a3cacfa30d317c1d830b035c6953
all5/Strip_a_set_of_characters_from_a_string/[4-1][5-1][6-1].wasm,b200a3cacfa30d317c1d830b035c6953
all5/Strip_a_set_of_characters_from_a_string/[4-1][5-1][6-1][7-1].wasm,b200a3cacfa30d317c1d830b035c6953
all5/Strip_a_set_of_characters_from_a_string/[4-1][5-1][6-1][7-1][8-1].wasm,b200a3cacfa30d317c1d830b035c6953
all5/Strip_a_set_of_characters_from_a_string/[4-1][5-1][6-1][8-1].wasm,b200a3cacfa30d317c1d830b035c6953
all5/Strip_a_set_of_characters_from_a_string/[4-1][5-1][6-2].wasm,b200a3cacfa30d317c1d830b035c6953
all5/Strip_a_set_of_characters_from_a_string/[4-1][5-1][6-2][7-1].wasm,b200a3cacfa30d317c1d830b035c6953
all5/Strip_a_set_of_characters_from_a_string/[4-1][5-1][6-2][7-1][8-1].wasm,b200a3cacfa30d317c1d830b035c6953
all5/Strip_a_set_of_characters_from_a_string/[4-1][5-1][6-2][8-1].wasm,b200a3cacfa30d317c1d830b035c6953
all5/Strip_a_set_of_characters_from_a_string/[4-1][5-1][6-3].wasm,b200a3cacfa30d317c1d830b035c6953
all5/Strip_a_set_of_characters_from_a_string/[4-1][5-1][6-3][7-1].wasm,b200a3cacfa30d317c1d830b035c6953
all5/Strip_a_set_of_characters_from_a_string/[4-1][5-1][6-3][7-1][8-1].wasm,b200a3cacfa30d317c1d830b035c6953
all5/Strip_a_set_of_characters_from_a_string/[4-1][5-1][6-3][8-1].wasm,b200a3cacfa30d317c1d830b035c6953
all5/Strip_a_set_of_characters_from_a_string/[4-1][5-1][6-4].wasm,b200a3cacfa30d317c1d830b035c6953
all5/Strip_a_set_of_characters_from_a_string/[4-1][5-1][6-4][7-1].wasm,b200a3cacfa30d317c1d830b035c6953
all5/Strip_a_set_of_characters_from_a_string/[4-1][5-1][6-4][7-1][8-1].wasm,b200a3cacfa30d317c1d830b035c6953
all5/Strip_a_set_of_characters_from_a_string/[4-1][5-1][6-4][8-1].wasm,b200a3cacfa30d317c1d830b035c6953
all5/Strip_a_set_of_characters_from_a_string/[4-1][5-1][7-1].wasm,b200a3cacfa30d317c1d830b035c6953
all5/Strip_a_set_of_characters_from_a_string/[4-1][5-1][7-1][8-1].wasm,b200a3cacfa30d317c1d830b035c6953
all5/Strip_a_set_of_characters_from_a_string/[4-1][5-1][8-1].wasm,b200a3cacfa30d317c1d830b035c6953
all5/Strip_a_set_of_characters_from_a_string/[4-1][6-1].wasm,b200a3cacfa30d317c1d830b035c6953
all5/Strip_a_set_of_characters_from_a_string/[4-1][6-1].wasm.~1~,998d0fe94f01ef61290f672616a6f4e6
all5/Strip_a_set_of_characters_from_a_string/[4-1][6-1][7-1].wasm,b200a3cacfa30d317c1d830b035c6953
all5/Strip_a_set_of_characters_from_a_string/[4-1][6-1][7-1].wasm.~1~,998d0fe94f01ef61290f672616a6f4e6
all5/Strip_a_set_of_characters_from_a_string/[4-1][6-1][7-1][8-1].wasm,b200a3cacfa30d317c1d830b035c6953
all5/Strip_a_set_of_characters_from_a_string/[4-1][6-1][7-1][8-1].wasm.~1~,9e8e65d0a0835c08d96cf476a77ab9ee
all5/Strip_a_set_of_characters_from_a_string/[4-1][6-1][8-1].wasm,b200a3cacfa30d317c1d830b035c6953
all5/Strip_a_set_of_characters_from_a_string/[4-1][6-1][8-1].wasm.~1~,9e8e65d0a0835c08d96cf476a77ab9ee
all5/Strip_a_set_of_characters_from_a_string/[4-1][6-2].wasm,b200a3cacfa30d317c1d830b035c6953
all5/Strip_a_set_of_characters_from_a_string/[4-1][6-2][7-1].wasm,b200a3cacfa30d317c1d830b035c6953
all5/Strip_a_set_of_characters_from_a_string/[4-1][6-2][7-1][8-1].wasm,b200a3cacfa30d317c1d830b035c6953
all5/Strip_a_set_of_characters_from_a_string/[4-1][6-2][8-1].wasm,b200a3cacfa30d317c1d830b035c6953
all5/Strip_a_set_of_characters_from_a_string/[4-1][6-3].wasm,b200a3cacfa30d317c1d830b035c6953
all5/Strip_a_set_of_characters_from_a_string/[4-1][6-3][7-1].wasm,b200a3cacfa30d317c1d830b035c6953
all5/Strip_a_set_of_characters_from_a_string/[4-1][6-3][7-1][8-1].wasm,b200a3cacfa30d317c1d830b035c6953
all5/Strip_a_set_of_characters_from_a_string/[4-1][6-3][8-1].wasm,b200a3cacfa30d317c1d830b035c6953
all5/Strip_a_set_of_characters_from_a_string/[4-1][6-4].wasm,b200a3cacfa30d317c1d830b035c6953
all5/Strip_a_set_of_characters_from_a_string/[4-1][6-4][7-1].wasm,b200a3cacfa30d317c1d830b035c6953
all5/Strip_a_set_of_characters_from_a_string/[4-1][6-4][7-1][8-1].wasm,b200a3cacfa30d317c1d830b035c6953
all5/Strip_a_set_of_characters_from_a_string/[4-1][6-4][8-1].wasm,b200a3cacfa30d317c1d830b035c6953
all5/Strip_a_set_of_characters_from_a_string/[4-1][7-1].wasm,b200a3cacfa30d317c1d830b035c6953
all5/Strip_a_set_of_characters_from_a_string/[4-1][7-1].wasm.~1~,998d0fe94f01ef61290f672616a6f4e6
all5/Strip_a_set_of_characters_from_a_string/[4-1][7-1][8-1].wasm,b200a3cacfa30d317c1d830b035c6953
all5/Strip_a_set_of_characters_from_a_string/[4-1][7-1][8-1].wasm.~1~,9e8e65d0a0835c08d96cf476a77ab9ee
all5/Strip_a_set_of_characters_from_a_string/[4-1][8-1].wasm,b200a3cacfa30d317c1d830b035c6953
all5/Strip_a_set_of_characters_from_a_string/[4-1][8-1].wasm.~1~,9e8e65d0a0835c08d96cf476a77ab9ee
all5/Strip_a_set_of_characters_from_a_string/[5-1].wasm,b200a3cacfa30d317c1d830b035c6953
all5/Strip_a_set_of_characters_from_a_string/[5-1][6-1].wasm,b200a3cacfa30d317c1d830b035c6953
all5/Strip_a_set_of_characters_from_a_string/[5-1][6-1][7-1].wasm,b200a3cacfa30d317c1d830b035c6953
all5/Strip_a_set_of_characters_from_a_string/[5-1][6-1][7-1][8-1].wasm,b200a3cacfa30d317c1d830b035c6953
all5/Strip_a_set_of_characters_from_a_string/[5-1][6-1][8-1].wasm,b200a3cacfa30d317c1d830b035c6953
all5/Strip_a_set_of_characters_from_a_string/[5-1][6-2].wasm,b200a3cacfa30d317c1d830b035c6953
all5/Strip_a_set_of_characters_from_a_string/[5-1][6-2][7-1].wasm,b200a3cacfa30d317c1d830b035c6953
all5/Strip_a_set_of_characters_from_a_string/[5-1][6-2][7-1][8-1].wasm,b200a3cacfa30d317c1d830b035c6953
all5/Strip_a_set_of_characters_from_a_string/[5-1][6-2][8-1].wasm,b200a3cacfa30d317c1d830b035c6953
all5/Strip_a_set_of_characters_from_a_string/[5-1][6-3].wasm,b200a3cacfa30d317c1d830b035c6953
all5/Strip_a_set_of_characters_from_a_string/[5-1][6-3][7-1].wasm,b200a3cacfa30d317c1d830b035c6953
all5/Strip_a_set_of_characters_from_a_string/[5-1][6-3][7-1][8-1].wasm,b200a3cacfa30d317c1d830b035c6953
all5/Strip_a_set_of_characters_from_a_string/[5-1][6-3][8-1].wasm,b200a3cacfa30d317c1d830b035c6953
all5/Strip_a_set_of_characters_from_a_string/[5-1][6-4].wasm,b200a3cacfa30d317c1d830b035c6953
all5/Strip_a_set_of_characters_from_a_string/[5-1][6-4][7-1].wasm,b200a3cacfa30d317c1d830b035c6953
all5/Strip_a_set_of_characters_from_a_string/[5-1][6-4][7-1][8-1].wasm,b200a3cacfa30d317c1d830b035c6953
all5/Strip_a_set_of_characters_from_a_string/[5-1][6-4][8-1].wasm,b200a3cacfa30d317c1d830b035c6953
all5/Strip_a_set_of_characters_from_a_string/[5-1][7-1].wasm,b200a3cacfa30d317c1d830b035c6953
all5/Strip_a_set_of_characters_from_a_string/[5-1][7-1][8-1].wasm,b200a3cacfa30d317c1d830b035c6953
all5/Strip_a_set_of_characters_from_a_string/[5-1][8-1].wasm,b200a3cacfa30d317c1d830b035c6953
all5/Strip_a_set_of_characters_from_a_string/[6-1].wasm,b200a3cacfa30d317c1d830b035c6953
all5/Strip_a_set_of_characters_from_a_string/[6-1].wasm.~1~,998d0fe94f01ef61290f672616a6f4e6
all5/Strip_a_set_of_characters_from_a_string/[6-1][7-1].wasm,b200a3cacfa30d317c1d830b035c6953
all5/Strip_a_set_of_characters_from_a_string/[6-1][7-1].wasm.~1~,998d0fe94f01ef61290f672616a6f4e6
all5/Strip_a_set_of_characters_from_a_string/[6-1][7-1][8-1].wasm,b200a3cacfa30d317c1d830b035c6953
all5/Strip_a_set_of_characters_from_a_string/[6-1][7-1][8-1].wasm.~1~,9e8e65d0a0835c08d96cf476a77ab9ee
all5/Strip_a_set_of_characters_from_a_string/[6-1][8-1].wasm,b200a3cacfa30d317c1d830b035c6953
all5/Strip_a_set_of_characters_from_a_string/[6-1][8-1].wasm.~1~,9e8e65d0a0835c08d96cf476a77ab9ee
all5/Strip_a_set_of_characters_from_a_string/[6-2].wasm,b200a3cacfa30d317c1d830b035c6953
all5/Strip_a_set_of_characters_from_a_string/[6-2][7-1].wasm,b200a3cacfa30d317c1d830b035c6953
all5/Strip_a_set_of_characters_from_a_string/[6-2][7-1][8-1].wasm,b200a3cacfa30d317c1d830b035c6953
all5/Strip_a_set_of_characters_from_a_string/[6-2][8-1].wasm,b200a3cacfa30d317c1d830b035c6953
all5/Strip_a_set_of_characters_from_a_string/[6-3].wasm,b200a3cacfa30d317c1d830b035c6953
all5/Strip_a_set_of_characters_from_a_string/[6-3][7-1].wasm,b200a3cacfa30d317c1d830b035c6953
all5/Strip_a_set_of_characters_from_a_string/[6-3][7-1][8-1].wasm,b200a3cacfa30d317c1d830b035c6953
all5/Strip_a_set_of_characters_from_a_string/[6-3][8-1].wasm,b200a3cacfa30d317c1d830b035c6953
all5/Strip_a_set_of_characters_from_a_string/[6-4].wasm,b200a3cacfa30d317c1d830b035c6953
all5/Strip_a_set_of_characters_from_a_string/[6-4][7-1].wasm,b200a3cacfa30d317c1d830b035c6953
all5/Strip_a_set_of_characters_from_a_string/[6-4][7-1][8-1].wasm,b200a3cacfa30d317c1d830b035c6953
all5/Strip_a_set_of_characters_from_a_string/[6-4][8-1].wasm,b200a3cacfa30d317c1d830b035c6953
all5/Strip_a_set_of_characters_from_a_string/[7-1].wasm,b200a3cacfa30d317c1d830b035c6953
all5/Strip_a_set_of_characters_from_a_string/[7-1].wasm.~1~,998d0fe94f01ef61290f672616a6f4e6
all5/Strip_a_set_of_characters_from_a_string/[7-1][8-1].wasm,b200a3cacfa30d317c1d830b035c6953
all5/Strip_a_set_of_characters_from_a_string/[7-1][8-1].wasm.~1~,9e8e65d0a0835c08d96cf476a77ab9ee
all5/Strip_a_set_of_characters_from_a_string/[8-1].wasm,b200a3cacfa30d317c1d830b035c6953
all5/Strip_a_set_of_characters_from_a_string/[8-1].wasm.~1~,9e8e65d0a0835c08d96cf476a77ab9ee
