name, hash
all5/Substring-Top_and_tail/Substring-Top_and_tail.wasm,f512ce49d1479fa131503ebf85a9a0cd
all5/Substring-Top_and_tail/Substring-Top_and_tail.wasm.~1~,e0d497d30e3250709ae36d782392cba3
all5/Substring-Top_and_tail/Substring-Top_and_tail.wasm.~2~,f512ce49d1479fa131503ebf85a9a0cd
all5/Substring-Top_and_tail/Substring-Top_and_tail.wasm.~3~,e0d497d30e3250709ae36d782392cba3
all5/Substring-Top_and_tail/[0-0].wasm,f512ce49d1479fa131503ebf85a9a0cd
all5/Substring-Top_and_tail/[0-1].wasm,f512ce49d1479fa131503ebf85a9a0cd
all5/Substring-Top_and_tail/[0-1][1-1].wasm,5db651a844b1fcd66f59f492bc41d1c7
all5/Substring-Top_and_tail/[0-1][1-1][2-1].wasm,5db651a844b1fcd66f59f492bc41d1c7
all5/Substring-Top_and_tail/[0-1][1-1][2-2].wasm,5db651a844b1fcd66f59f492bc41d1c7
all5/Substring-Top_and_tail/[0-1][1-1][2-3].wasm,5db651a844b1fcd66f59f492bc41d1c7
all5/Substring-Top_and_tail/[0-1][1-1][2-4].wasm,5db651a844b1fcd66f59f492bc41d1c7
all5/Substring-Top_and_tail/[0-1][1-2].wasm,f512ce49d1479fa131503ebf85a9a0cd
all5/Substring-Top_and_tail/[0-1][1-2][2-1].wasm,f512ce49d1479fa131503ebf85a9a0cd
all5/Substring-Top_and_tail/[0-1][1-2][2-2].wasm,f512ce49d1479fa131503ebf85a9a0cd
all5/Substring-Top_and_tail/[0-1][1-2][2-3].wasm,f512ce49d1479fa131503ebf85a9a0cd
all5/Substring-Top_and_tail/[0-1][1-2][2-4].wasm,f512ce49d1479fa131503ebf85a9a0cd
all5/Substring-Top_and_tail/[0-1][1-3].wasm,f512ce49d1479fa131503ebf85a9a0cd
all5/Substring-Top_and_tail/[0-1][1-3][2-1].wasm,f512ce49d1479fa131503ebf85a9a0cd
all5/Substring-Top_and_tail/[0-1][1-3][2-2].wasm,f512ce49d1479fa131503ebf85a9a0cd
all5/Substring-Top_and_tail/[0-1][1-3][2-3].wasm,f512ce49d1479fa131503ebf85a9a0cd
all5/Substring-Top_and_tail/[0-1][1-3][2-4].wasm,f512ce49d1479fa131503ebf85a9a0cd
all5/Substring-Top_and_tail/[0-1][1-4][2-1].wasm,f512ce49d1479fa131503ebf85a9a0cd
all5/Substring-Top_and_tail/[0-1][1-4][2-2].wasm,f512ce49d1479fa131503ebf85a9a0cd
all5/Substring-Top_and_tail/[0-1][1-4][2-3].wasm,f512ce49d1479fa131503ebf85a9a0cd
all5/Substring-Top_and_tail/[0-1][1-4][2-4].wasm,f512ce49d1479fa131503ebf85a9a0cd
all5/Substring-Top_and_tail/[0-1][1-5].wasm,f512ce49d1479fa131503ebf85a9a0cd
all5/Substring-Top_and_tail/[0-1][1-5][2-2].wasm,f512ce49d1479fa131503ebf85a9a0cd
all5/Substring-Top_and_tail/[0-1][1-5][2-3].wasm,f512ce49d1479fa131503ebf85a9a0cd
all5/Substring-Top_and_tail/[0-1][1-5][2-4].wasm,f512ce49d1479fa131503ebf85a9a0cd
all5/Substring-Top_and_tail/[0-1][2-1].wasm,f512ce49d1479fa131503ebf85a9a0cd
all5/Substring-Top_and_tail/[0-1][2-2].wasm,f512ce49d1479fa131503ebf85a9a0cd
all5/Substring-Top_and_tail/[0-1][2-3].wasm,f512ce49d1479fa131503ebf85a9a0cd
all5/Substring-Top_and_tail/[0-1][2-4].wasm,f512ce49d1479fa131503ebf85a9a0cd
all5/Substring-Top_and_tail/[1-0].wasm,5db651a844b1fcd66f59f492bc41d1c7
all5/Substring-Top_and_tail/[1-1].wasm,5db651a844b1fcd66f59f492bc41d1c7
all5/Substring-Top_and_tail/[1-1][2-1].wasm,5db651a844b1fcd66f59f492bc41d1c7
all5/Substring-Top_and_tail/[1-1][2-2].wasm,5db651a844b1fcd66f59f492bc41d1c7
all5/Substring-Top_and_tail/[1-1][2-3].wasm,5db651a844b1fcd66f59f492bc41d1c7
all5/Substring-Top_and_tail/[1-1][2-4].wasm,5db651a844b1fcd66f59f492bc41d1c7
all5/Substring-Top_and_tail/[1-2].wasm,f512ce49d1479fa131503ebf85a9a0cd
all5/Substring-Top_and_tail/[1-2][2-1].wasm,f512ce49d1479fa131503ebf85a9a0cd
all5/Substring-Top_and_tail/[1-2][2-2].wasm,f512ce49d1479fa131503ebf85a9a0cd
all5/Substring-Top_and_tail/[1-2][2-3].wasm,f512ce49d1479fa131503ebf85a9a0cd
all5/Substring-Top_and_tail/[1-2][2-4].wasm,f512ce49d1479fa131503ebf85a9a0cd
all5/Substring-Top_and_tail/[1-3].wasm,f512ce49d1479fa131503ebf85a9a0cd
all5/Substring-Top_and_tail/[1-3][2-1].wasm,f512ce49d1479fa131503ebf85a9a0cd
all5/Substring-Top_and_tail/[1-3][2-2].wasm,f512ce49d1479fa131503ebf85a9a0cd
all5/Substring-Top_and_tail/[1-3][2-3].wasm,f512ce49d1479fa131503ebf85a9a0cd
all5/Substring-Top_and_tail/[1-3][2-4].wasm,f512ce49d1479fa131503ebf85a9a0cd
all5/Substring-Top_and_tail/[1-4].wasm,f512ce49d1479fa131503ebf85a9a0cd
all5/Substring-Top_and_tail/[1-4][2-1].wasm,f512ce49d1479fa131503ebf85a9a0cd
all5/Substring-Top_and_tail/[1-4][2-2].wasm,f512ce49d1479fa131503ebf85a9a0cd
all5/Substring-Top_and_tail/[1-4][2-3].wasm,f512ce49d1479fa131503ebf85a9a0cd
all5/Substring-Top_and_tail/[1-4][2-4].wasm,f512ce49d1479fa131503ebf85a9a0cd
all5/Substring-Top_and_tail/[1-5].wasm,f512ce49d1479fa131503ebf85a9a0cd
all5/Substring-Top_and_tail/[1-5][2-1].wasm,f512ce49d1479fa131503ebf85a9a0cd
all5/Substring-Top_and_tail/[1-5][2-2].wasm,f512ce49d1479fa131503ebf85a9a0cd
all5/Substring-Top_and_tail/[1-5][2-3].wasm,f512ce49d1479fa131503ebf85a9a0cd
all5/Substring-Top_and_tail/[1-5][2-4].wasm,f512ce49d1479fa131503ebf85a9a0cd
all5/Substring-Top_and_tail/[2-0].wasm,f512ce49d1479fa131503ebf85a9a0cd
all5/Substring-Top_and_tail/[2-1].wasm,f512ce49d1479fa131503ebf85a9a0cd
all5/Substring-Top_and_tail/[2-2].wasm,f512ce49d1479fa131503ebf85a9a0cd
all5/Substring-Top_and_tail/[2-3].wasm,f512ce49d1479fa131503ebf85a9a0cd
all5/Substring-Top_and_tail/[2-4].wasm,f512ce49d1479fa131503ebf85a9a0cd
