name, hash
all5/Substring/Substring.wasm,0cbb3679708d1626f7599f83e3b30037
all5/Substring/Substring.wasm.~1~,0cbb3679708d1626f7599f83e3b30037
all5/Substring/Substring.wasm.~2~,56a10daa026cb7fc87ee782888ea4b24
all5/Substring/[0-1][2-1][3-1].wasm,8f3b2c5fee0f578b66a26c9b3bf560fa
all5/Substring/[0-1][2-1][3-1][4-1][5-1][8-1].wasm,16e153eee23644e69a17623d4f75e734
all5/Substring/[0-1][2-1][3-2][4-1][5-1][8-1].wasm,cb0b672db5947646b1a87c51b1ad3735
all5/Substring/[1-1][2-1].wasm,56a10daa026cb7fc87ee782888ea4b24
all5/Substring/[1-1][2-1][4-1].wasm,56a10daa026cb7fc87ee782888ea4b24
all5/Substring/[2-1].wasm,56a10daa026cb7fc87ee782888ea4b24
all5/Substring/[2-1][4-1].wasm,56a10daa026cb7fc87ee782888ea4b24
