name, hash
all5/Sudoku/Sudoku.wasm,fe43404f5d66f40e9a1ad6ef06ede0ec
all5/Sudoku/Sudoku.wasm.~1~,fe43404f5d66f40e9a1ad6ef06ede0ec
all5/Sudoku/Sudoku.wasm.~2~,14561918474ff8ab91d6833964902830
all5/Sudoku/[0-1].wasm,fe43404f5d66f40e9a1ad6ef06ede0ec
all5/Sudoku/[0-1][23-1].wasm,93074e79948c8e1de859a8ad70a072a9
all5/Sudoku/[0-1][23-1][24-1].wasm,122bdf2d599b37d8a499224fba5a20b9
all5/Sudoku/[0-1][24-1].wasm,09ea891ebbbb0ab15434af6950e1eb27
all5/Sudoku/[0-1][8-1].wasm,f40e5e9e764a5d387fd53c2a7e2d99f5
all5/Sudoku/[0-1][8-1][23-1].wasm,0a3ef72407d91fd3d6deeca04c8c4ea7
all5/Sudoku/[0-1][8-1][23-1][24-1].wasm,43c38fcd84f3285c8e28aabb990eaf13
all5/Sudoku/[0-1][8-1][24-1].wasm,43c38fcd84f3285c8e28aabb990eaf13
all5/Sudoku/[0-2].wasm,fe43404f5d66f40e9a1ad6ef06ede0ec
all5/Sudoku/[0-2][23-1].wasm,93074e79948c8e1de859a8ad70a072a9
all5/Sudoku/[0-2][23-1][24-1].wasm,122bdf2d599b37d8a499224fba5a20b9
all5/Sudoku/[0-2][24-1].wasm,09ea891ebbbb0ab15434af6950e1eb27
all5/Sudoku/[0-2][8-1].wasm,f40e5e9e764a5d387fd53c2a7e2d99f5
all5/Sudoku/[0-2][8-1][23-1].wasm,0a3ef72407d91fd3d6deeca04c8c4ea7
all5/Sudoku/[0-2][8-1][23-1][24-1].wasm,43c38fcd84f3285c8e28aabb990eaf13
all5/Sudoku/[0-2][8-1][24-1].wasm,c47367de4f5b5c35f0be5c5fb129b92d
all5/Sudoku/[0-3].wasm,fe43404f5d66f40e9a1ad6ef06ede0ec
all5/Sudoku/[0-3][23-1].wasm,93074e79948c8e1de859a8ad70a072a9
all5/Sudoku/[0-3][23-1][24-1].wasm,122bdf2d599b37d8a499224fba5a20b9
all5/Sudoku/[0-3][24-1].wasm,09ea891ebbbb0ab15434af6950e1eb27
all5/Sudoku/[0-3][8-1].wasm,f40e5e9e764a5d387fd53c2a7e2d99f5
all5/Sudoku/[0-3][8-1][23-1].wasm,0a3ef72407d91fd3d6deeca04c8c4ea7
all5/Sudoku/[0-3][8-1][23-1][24-1].wasm,43c38fcd84f3285c8e28aabb990eaf13
all5/Sudoku/[0-3][8-1][24-1].wasm,c47367de4f5b5c35f0be5c5fb129b92d
all5/Sudoku/[0-4].wasm,fe43404f5d66f40e9a1ad6ef06ede0ec
all5/Sudoku/[0-4][23-1].wasm,93074e79948c8e1de859a8ad70a072a9
all5/Sudoku/[0-4][23-1][24-1].wasm,122bdf2d599b37d8a499224fba5a20b9
all5/Sudoku/[0-4][24-1].wasm,09ea891ebbbb0ab15434af6950e1eb27
all5/Sudoku/[0-4][8-1].wasm,f40e5e9e764a5d387fd53c2a7e2d99f5
all5/Sudoku/[0-4][8-1][23-1].wasm,0a3ef72407d91fd3d6deeca04c8c4ea7
all5/Sudoku/[0-4][8-1][23-1][24-1].wasm,43c38fcd84f3285c8e28aabb990eaf13
all5/Sudoku/[0-4][8-1][24-1].wasm,c47367de4f5b5c35f0be5c5fb129b92d
all5/Sudoku/[0-5].wasm,fe43404f5d66f40e9a1ad6ef06ede0ec
all5/Sudoku/[0-5][23-1].wasm,93074e79948c8e1de859a8ad70a072a9
all5/Sudoku/[0-5][23-1][24-1].wasm,122bdf2d599b37d8a499224fba5a20b9
all5/Sudoku/[0-5][24-1].wasm,09ea891ebbbb0ab15434af6950e1eb27
all5/Sudoku/[0-5][8-1].wasm,f40e5e9e764a5d387fd53c2a7e2d99f5
all5/Sudoku/[0-5][8-1][23-1].wasm,0a3ef72407d91fd3d6deeca04c8c4ea7
all5/Sudoku/[0-5][8-1][23-1][24-1].wasm,43c38fcd84f3285c8e28aabb990eaf13
all5/Sudoku/[0-5][8-1][24-1].wasm,c47367de4f5b5c35f0be5c5fb129b92d
all5/Sudoku/[0-6].wasm,fe43404f5d66f40e9a1ad6ef06ede0ec
all5/Sudoku/[0-6][23-1].wasm,93074e79948c8e1de859a8ad70a072a9
all5/Sudoku/[0-6][23-1][24-1].wasm,122bdf2d599b37d8a499224fba5a20b9
all5/Sudoku/[0-6][24-1].wasm,09ea891ebbbb0ab15434af6950e1eb27
all5/Sudoku/[0-6][8-1].wasm,f40e5e9e764a5d387fd53c2a7e2d99f5
all5/Sudoku/[0-6][8-1][23-1].wasm,0a3ef72407d91fd3d6deeca04c8c4ea7
all5/Sudoku/[0-6][8-1][23-1][24-1].wasm,43c38fcd84f3285c8e28aabb990eaf13
all5/Sudoku/[0-6][8-1][24-1].wasm,c47367de4f5b5c35f0be5c5fb129b92d
all5/Sudoku/[0-7].wasm,fe43404f5d66f40e9a1ad6ef06ede0ec
all5/Sudoku/[0-7][23-1].wasm,93074e79948c8e1de859a8ad70a072a9
all5/Sudoku/[0-7][23-1][24-1].wasm,122bdf2d599b37d8a499224fba5a20b9
all5/Sudoku/[0-7][24-1].wasm,09ea891ebbbb0ab15434af6950e1eb27
all5/Sudoku/[23-1].wasm,93074e79948c8e1de859a8ad70a072a9
all5/Sudoku/[23-1][24-1].wasm,122bdf2d599b37d8a499224fba5a20b9
all5/Sudoku/[24-1].wasm,09ea891ebbbb0ab15434af6950e1eb27
all5/Sudoku/[8-1].wasm,f40e5e9e764a5d387fd53c2a7e2d99f5
all5/Sudoku/[8-1][23-1].wasm,0a3ef72407d91fd3d6deeca04c8c4ea7
all5/Sudoku/[8-1][23-1][24-1].wasm,43c38fcd84f3285c8e28aabb990eaf13
all5/Sudoku/[8-1][24-1].wasm,c47367de4f5b5c35f0be5c5fb129b92d
