name, hash
all5/Sum_of_squares/Sum_of_squares.wasm,1e9afdaa5a773934e135980ddb9cad24
all5/Sum_of_squares/Sum_of_squares.wasm.~1~,1e9afdaa5a773934e135980ddb9cad24
all5/Sum_of_squares/Sum_of_squares.wasm.~2~,a91cdbcd6f7a8a50711546a0351014b7
all5/Sum_of_squares/[0-1].wasm,a91cdbcd6f7a8a50711546a0351014b7
all5/Sum_of_squares/[0-1][1-1].wasm,a91cdbcd6f7a8a50711546a0351014b7
all5/Sum_of_squares/[0-1][1-1][2-10].wasm,2a19d7f16281764699edf2c58bddfe93
all5/Sum_of_squares/[0-1][1-1][2-1].wasm,a91cdbcd6f7a8a50711546a0351014b7
all5/Sum_of_squares/[0-1][1-1][2-2].wasm,a91cdbcd6f7a8a50711546a0351014b7
all5/Sum_of_squares/[0-1][1-1][2-3].wasm,a91cdbcd6f7a8a50711546a0351014b7
all5/Sum_of_squares/[0-1][1-1][2-4].wasm,2a19d7f16281764699edf2c58bddfe93
all5/Sum_of_squares/[0-1][1-1][2-5].wasm,a91cdbcd6f7a8a50711546a0351014b7
all5/Sum_of_squares/[0-1][1-1][2-6].wasm,a91cdbcd6f7a8a50711546a0351014b7
all5/Sum_of_squares/[0-1][1-1][2-7].wasm,a91cdbcd6f7a8a50711546a0351014b7
all5/Sum_of_squares/[0-1][1-1][2-8].wasm,a91cdbcd6f7a8a50711546a0351014b7
all5/Sum_of_squares/[0-1][1-1][2-9].wasm,a91cdbcd6f7a8a50711546a0351014b7
all5/Sum_of_squares/[0-1][2-10].wasm,2a19d7f16281764699edf2c58bddfe93
all5/Sum_of_squares/[0-1][2-1].wasm,a91cdbcd6f7a8a50711546a0351014b7
all5/Sum_of_squares/[0-1][2-2].wasm,a91cdbcd6f7a8a50711546a0351014b7
all5/Sum_of_squares/[0-1][2-3].wasm,a91cdbcd6f7a8a50711546a0351014b7
all5/Sum_of_squares/[0-1][2-4].wasm,2a19d7f16281764699edf2c58bddfe93
all5/Sum_of_squares/[0-1][2-5].wasm,a91cdbcd6f7a8a50711546a0351014b7
all5/Sum_of_squares/[0-1][2-6].wasm,a91cdbcd6f7a8a50711546a0351014b7
all5/Sum_of_squares/[0-1][2-7].wasm,a91cdbcd6f7a8a50711546a0351014b7
all5/Sum_of_squares/[0-1][2-8].wasm,a91cdbcd6f7a8a50711546a0351014b7
all5/Sum_of_squares/[0-1][2-9].wasm,a91cdbcd6f7a8a50711546a0351014b7
all5/Sum_of_squares/[0-2].wasm,a91cdbcd6f7a8a50711546a0351014b7
all5/Sum_of_squares/[0-2][1-1].wasm,a91cdbcd6f7a8a50711546a0351014b7
all5/Sum_of_squares/[0-2][1-1][2-10].wasm,2a19d7f16281764699edf2c58bddfe93
all5/Sum_of_squares/[0-2][1-1][2-1].wasm,a91cdbcd6f7a8a50711546a0351014b7
all5/Sum_of_squares/[0-2][1-1][2-2].wasm,a91cdbcd6f7a8a50711546a0351014b7
all5/Sum_of_squares/[0-2][1-1][2-3].wasm,a91cdbcd6f7a8a50711546a0351014b7
all5/Sum_of_squares/[0-2][1-1][2-4].wasm,2a19d7f16281764699edf2c58bddfe93
all5/Sum_of_squares/[0-2][1-1][2-5].wasm,a91cdbcd6f7a8a50711546a0351014b7
all5/Sum_of_squares/[0-2][1-1][2-6].wasm,a91cdbcd6f7a8a50711546a0351014b7
all5/Sum_of_squares/[0-2][1-1][2-7].wasm,a91cdbcd6f7a8a50711546a0351014b7
all5/Sum_of_squares/[0-2][1-1][2-8].wasm,a91cdbcd6f7a8a50711546a0351014b7
all5/Sum_of_squares/[0-2][1-1][2-9].wasm,a91cdbcd6f7a8a50711546a0351014b7
all5/Sum_of_squares/[0-2][2-10].wasm,2a19d7f16281764699edf2c58bddfe93
all5/Sum_of_squares/[0-2][2-1].wasm,a91cdbcd6f7a8a50711546a0351014b7
all5/Sum_of_squares/[0-2][2-2].wasm,a91cdbcd6f7a8a50711546a0351014b7
all5/Sum_of_squares/[0-2][2-3].wasm,a91cdbcd6f7a8a50711546a0351014b7
all5/Sum_of_squares/[0-2][2-4].wasm,2a19d7f16281764699edf2c58bddfe93
all5/Sum_of_squares/[0-2][2-5].wasm,a91cdbcd6f7a8a50711546a0351014b7
all5/Sum_of_squares/[0-2][2-6].wasm,a91cdbcd6f7a8a50711546a0351014b7
all5/Sum_of_squares/[0-2][2-7].wasm,a91cdbcd6f7a8a50711546a0351014b7
all5/Sum_of_squares/[0-2][2-8].wasm,a91cdbcd6f7a8a50711546a0351014b7
all5/Sum_of_squares/[0-2][2-9].wasm,a91cdbcd6f7a8a50711546a0351014b7
all5/Sum_of_squares/[0-3].wasm,a91cdbcd6f7a8a50711546a0351014b7
all5/Sum_of_squares/[0-3][1-1].wasm,a91cdbcd6f7a8a50711546a0351014b7
all5/Sum_of_squares/[0-3][1-1][2-10].wasm,2a19d7f16281764699edf2c58bddfe93
all5/Sum_of_squares/[0-3][1-1][2-1].wasm,a91cdbcd6f7a8a50711546a0351014b7
all5/Sum_of_squares/[0-3][1-1][2-2].wasm,a91cdbcd6f7a8a50711546a0351014b7
all5/Sum_of_squares/[0-3][1-1][2-3].wasm,a91cdbcd6f7a8a50711546a0351014b7
all5/Sum_of_squares/[0-3][1-1][2-4].wasm,2a19d7f16281764699edf2c58bddfe93
all5/Sum_of_squares/[0-3][1-1][2-5].wasm,a91cdbcd6f7a8a50711546a0351014b7
all5/Sum_of_squares/[0-3][1-1][2-6].wasm,a91cdbcd6f7a8a50711546a0351014b7
all5/Sum_of_squares/[0-3][1-1][2-7].wasm,a91cdbcd6f7a8a50711546a0351014b7
all5/Sum_of_squares/[0-3][1-1][2-8].wasm,a91cdbcd6f7a8a50711546a0351014b7
all5/Sum_of_squares/[0-3][1-1][2-9].wasm,a91cdbcd6f7a8a50711546a0351014b7
all5/Sum_of_squares/[0-3][2-10].wasm,2a19d7f16281764699edf2c58bddfe93
all5/Sum_of_squares/[0-3][2-1].wasm,a91cdbcd6f7a8a50711546a0351014b7
all5/Sum_of_squares/[0-3][2-2].wasm,a91cdbcd6f7a8a50711546a0351014b7
all5/Sum_of_squares/[0-3][2-3].wasm,a91cdbcd6f7a8a50711546a0351014b7
all5/Sum_of_squares/[0-3][2-4].wasm,2a19d7f16281764699edf2c58bddfe93
all5/Sum_of_squares/[0-3][2-5].wasm,a91cdbcd6f7a8a50711546a0351014b7
all5/Sum_of_squares/[0-3][2-6].wasm,a91cdbcd6f7a8a50711546a0351014b7
all5/Sum_of_squares/[0-3][2-7].wasm,a91cdbcd6f7a8a50711546a0351014b7
all5/Sum_of_squares/[0-3][2-8].wasm,a91cdbcd6f7a8a50711546a0351014b7
all5/Sum_of_squares/[0-3][2-9].wasm,a91cdbcd6f7a8a50711546a0351014b7
all5/Sum_of_squares/[0-4].wasm,a91cdbcd6f7a8a50711546a0351014b7
all5/Sum_of_squares/[0-4][1-1].wasm,a91cdbcd6f7a8a50711546a0351014b7
all5/Sum_of_squares/[0-4][1-1][2-10].wasm,2a19d7f16281764699edf2c58bddfe93
all5/Sum_of_squares/[0-4][1-1][2-1].wasm,a91cdbcd6f7a8a50711546a0351014b7
all5/Sum_of_squares/[0-4][1-1][2-2].wasm,a91cdbcd6f7a8a50711546a0351014b7
all5/Sum_of_squares/[0-4][1-1][2-3].wasm,a91cdbcd6f7a8a50711546a0351014b7
all5/Sum_of_squares/[0-4][1-1][2-4].wasm,2a19d7f16281764699edf2c58bddfe93
all5/Sum_of_squares/[0-4][1-1][2-5].wasm,a91cdbcd6f7a8a50711546a0351014b7
all5/Sum_of_squares/[0-4][1-1][2-6].wasm,a91cdbcd6f7a8a50711546a0351014b7
all5/Sum_of_squares/[0-4][1-1][2-7].wasm,a91cdbcd6f7a8a50711546a0351014b7
all5/Sum_of_squares/[0-4][1-1][2-8].wasm,a91cdbcd6f7a8a50711546a0351014b7
all5/Sum_of_squares/[0-4][1-1][2-9].wasm,a91cdbcd6f7a8a50711546a0351014b7
all5/Sum_of_squares/[0-4][2-10].wasm,2a19d7f16281764699edf2c58bddfe93
all5/Sum_of_squares/[0-4][2-1].wasm,a91cdbcd6f7a8a50711546a0351014b7
all5/Sum_of_squares/[0-4][2-2].wasm,a91cdbcd6f7a8a50711546a0351014b7
all5/Sum_of_squares/[0-4][2-3].wasm,a91cdbcd6f7a8a50711546a0351014b7
all5/Sum_of_squares/[0-4][2-4].wasm,2a19d7f16281764699edf2c58bddfe93
all5/Sum_of_squares/[0-4][2-5].wasm,a91cdbcd6f7a8a50711546a0351014b7
all5/Sum_of_squares/[0-4][2-6].wasm,a91cdbcd6f7a8a50711546a0351014b7
all5/Sum_of_squares/[0-4][2-7].wasm,a91cdbcd6f7a8a50711546a0351014b7
all5/Sum_of_squares/[0-4][2-8].wasm,a91cdbcd6f7a8a50711546a0351014b7
all5/Sum_of_squares/[0-4][2-9].wasm,a91cdbcd6f7a8a50711546a0351014b7
all5/Sum_of_squares/[0-5].wasm,a91cdbcd6f7a8a50711546a0351014b7
all5/Sum_of_squares/[0-5][1-1].wasm,a91cdbcd6f7a8a50711546a0351014b7
all5/Sum_of_squares/[0-5][1-1][2-10].wasm,2a19d7f16281764699edf2c58bddfe93
all5/Sum_of_squares/[0-5][1-1][2-1].wasm,a91cdbcd6f7a8a50711546a0351014b7
all5/Sum_of_squares/[0-5][1-1][2-2].wasm,a91cdbcd6f7a8a50711546a0351014b7
all5/Sum_of_squares/[0-5][1-1][2-3].wasm,a91cdbcd6f7a8a50711546a0351014b7
all5/Sum_of_squares/[0-5][1-1][2-4].wasm,2a19d7f16281764699edf2c58bddfe93
all5/Sum_of_squares/[0-5][1-1][2-5].wasm,a91cdbcd6f7a8a50711546a0351014b7
all5/Sum_of_squares/[0-5][1-1][2-6].wasm,a91cdbcd6f7a8a50711546a0351014b7
all5/Sum_of_squares/[0-5][1-1][2-7].wasm,a91cdbcd6f7a8a50711546a0351014b7
all5/Sum_of_squares/[0-5][1-1][2-8].wasm,a91cdbcd6f7a8a50711546a0351014b7
all5/Sum_of_squares/[0-5][1-1][2-9].wasm,a91cdbcd6f7a8a50711546a0351014b7
all5/Sum_of_squares/[0-5][2-10].wasm,2a19d7f16281764699edf2c58bddfe93
all5/Sum_of_squares/[0-5][2-1].wasm,a91cdbcd6f7a8a50711546a0351014b7
all5/Sum_of_squares/[0-5][2-2].wasm,a91cdbcd6f7a8a50711546a0351014b7
all5/Sum_of_squares/[0-5][2-3].wasm,a91cdbcd6f7a8a50711546a0351014b7
all5/Sum_of_squares/[0-5][2-4].wasm,2a19d7f16281764699edf2c58bddfe93
all5/Sum_of_squares/[0-5][2-5].wasm,a91cdbcd6f7a8a50711546a0351014b7
all5/Sum_of_squares/[0-5][2-6].wasm,a91cdbcd6f7a8a50711546a0351014b7
all5/Sum_of_squares/[0-5][2-7].wasm,a91cdbcd6f7a8a50711546a0351014b7
all5/Sum_of_squares/[0-5][2-8].wasm,a91cdbcd6f7a8a50711546a0351014b7
all5/Sum_of_squares/[0-5][2-9].wasm,a91cdbcd6f7a8a50711546a0351014b7
all5/Sum_of_squares/[0-6].wasm,a91cdbcd6f7a8a50711546a0351014b7
all5/Sum_of_squares/[0-6][1-1].wasm,a91cdbcd6f7a8a50711546a0351014b7
all5/Sum_of_squares/[0-6][1-1][2-10].wasm,2a19d7f16281764699edf2c58bddfe93
all5/Sum_of_squares/[0-6][1-1][2-1].wasm,a91cdbcd6f7a8a50711546a0351014b7
all5/Sum_of_squares/[0-6][1-1][2-2].wasm,a91cdbcd6f7a8a50711546a0351014b7
all5/Sum_of_squares/[0-6][1-1][2-3].wasm,a91cdbcd6f7a8a50711546a0351014b7
all5/Sum_of_squares/[0-6][1-1][2-4].wasm,2a19d7f16281764699edf2c58bddfe93
all5/Sum_of_squares/[0-6][1-1][2-5].wasm,a91cdbcd6f7a8a50711546a0351014b7
all5/Sum_of_squares/[0-6][1-1][2-6].wasm,a91cdbcd6f7a8a50711546a0351014b7
all5/Sum_of_squares/[0-6][1-1][2-7].wasm,a91cdbcd6f7a8a50711546a0351014b7
all5/Sum_of_squares/[0-6][1-1][2-8].wasm,a91cdbcd6f7a8a50711546a0351014b7
all5/Sum_of_squares/[0-6][1-1][2-9].wasm,a91cdbcd6f7a8a50711546a0351014b7
all5/Sum_of_squares/[0-6][2-10].wasm,2a19d7f16281764699edf2c58bddfe93
all5/Sum_of_squares/[0-6][2-1].wasm,a91cdbcd6f7a8a50711546a0351014b7
all5/Sum_of_squares/[0-6][2-2].wasm,a91cdbcd6f7a8a50711546a0351014b7
all5/Sum_of_squares/[0-6][2-3].wasm,a91cdbcd6f7a8a50711546a0351014b7
all5/Sum_of_squares/[0-6][2-4].wasm,2a19d7f16281764699edf2c58bddfe93
all5/Sum_of_squares/[0-6][2-5].wasm,a91cdbcd6f7a8a50711546a0351014b7
all5/Sum_of_squares/[0-6][2-6].wasm,a91cdbcd6f7a8a50711546a0351014b7
all5/Sum_of_squares/[0-6][2-7].wasm,a91cdbcd6f7a8a50711546a0351014b7
all5/Sum_of_squares/[0-6][2-8].wasm,a91cdbcd6f7a8a50711546a0351014b7
all5/Sum_of_squares/[0-6][2-9].wasm,a91cdbcd6f7a8a50711546a0351014b7
all5/Sum_of_squares/[0-7].wasm,a91cdbcd6f7a8a50711546a0351014b7
all5/Sum_of_squares/[0-7][2-1].wasm,a91cdbcd6f7a8a50711546a0351014b7
all5/Sum_of_squares/[0-7][2-2].wasm,a91cdbcd6f7a8a50711546a0351014b7
all5/Sum_of_squares/[0-7][2-3].wasm,a91cdbcd6f7a8a50711546a0351014b7
all5/Sum_of_squares/[0-7][2-4].wasm,2a19d7f16281764699edf2c58bddfe93
all5/Sum_of_squares/[0-7][2-5].wasm,a91cdbcd6f7a8a50711546a0351014b7
all5/Sum_of_squares/[1-1].wasm,a91cdbcd6f7a8a50711546a0351014b7
all5/Sum_of_squares/[1-1][2-10].wasm,2a19d7f16281764699edf2c58bddfe93
all5/Sum_of_squares/[1-1][2-1].wasm,a91cdbcd6f7a8a50711546a0351014b7
all5/Sum_of_squares/[1-1][2-2].wasm,a91cdbcd6f7a8a50711546a0351014b7
all5/Sum_of_squares/[1-1][2-3].wasm,a91cdbcd6f7a8a50711546a0351014b7
all5/Sum_of_squares/[1-1][2-4].wasm,a91cdbcd6f7a8a50711546a0351014b7
all5/Sum_of_squares/[1-1][2-5].wasm,a91cdbcd6f7a8a50711546a0351014b7
all5/Sum_of_squares/[1-1][2-6].wasm,a91cdbcd6f7a8a50711546a0351014b7
all5/Sum_of_squares/[1-1][2-7].wasm,a91cdbcd6f7a8a50711546a0351014b7
all5/Sum_of_squares/[1-1][2-8].wasm,a91cdbcd6f7a8a50711546a0351014b7
all5/Sum_of_squares/[1-1][2-9].wasm,a91cdbcd6f7a8a50711546a0351014b7
all5/Sum_of_squares/[2-10].wasm,2a19d7f16281764699edf2c58bddfe93
all5/Sum_of_squares/[2-1].wasm,a91cdbcd6f7a8a50711546a0351014b7
all5/Sum_of_squares/[2-2].wasm,a91cdbcd6f7a8a50711546a0351014b7
all5/Sum_of_squares/[2-3].wasm,a91cdbcd6f7a8a50711546a0351014b7
all5/Sum_of_squares/[2-4].wasm,2a19d7f16281764699edf2c58bddfe93
all5/Sum_of_squares/[2-5].wasm,a91cdbcd6f7a8a50711546a0351014b7
all5/Sum_of_squares/[2-6].wasm,a91cdbcd6f7a8a50711546a0351014b7
all5/Sum_of_squares/[2-7].wasm,a91cdbcd6f7a8a50711546a0351014b7
all5/Sum_of_squares/[2-8].wasm,a91cdbcd6f7a8a50711546a0351014b7
all5/Sum_of_squares/[2-9].wasm,a91cdbcd6f7a8a50711546a0351014b7
