name, hash
all5/Sum_multiples_of_3_and_5/Sum_multiples_of_3_and_5.wasm,56bb329533238c760aaa35f6f4711c27
all5/Sum_multiples_of_3_and_5/Sum_multiples_of_3_and_5.wasm.~1~,56bb329533238c760aaa35f6f4711c27
all5/Sum_multiples_of_3_and_5/Sum_multiples_of_3_and_5.wasm.~2~,2f4e200639411754d22193b03d464a27
all5/Sum_multiples_of_3_and_5/[1-1][12-1].wasm,e810a202390d95663d4d90d09bdbe72a
all5/Sum_multiples_of_3_and_5/[1-1][8-1].wasm,e5fcfb85c4a9f3fded0c44af4e1f87b3
all5/Sum_multiples_of_3_and_5/[1-1][8-1][12-1].wasm,45c70ef7e6a0d00ea10cc7bd3f087a1c
