name, hash
all5/Sum_data_type/Sum_data_type.wasm,c12c293b263830e1e5e38de4f58b9780
all5/Sum_data_type/Sum_data_type.wasm.~1~,c12c293b263830e1e5e38de4f58b9780
all5/Sum_data_type/Sum_data_type.wasm.~2~,1b861e7a0e3ae0dc9b42d32c223bf81e
all5/Sum_data_type/[0-1].wasm,c12c293b263830e1e5e38de4f58b9780
all5/Sum_data_type/[0-1].wasm.~1~,1b861e7a0e3ae0dc9b42d32c223bf81e
all5/Sum_data_type/[0-1][1-1].wasm,c12c293b263830e1e5e38de4f58b9780
all5/Sum_data_type/[0-1][1-1].wasm.~1~,1b861e7a0e3ae0dc9b42d32c223bf81e
all5/Sum_data_type/[0-1][1-1][2-1].wasm,c12c293b263830e1e5e38de4f58b9780
all5/Sum_data_type/[0-1][1-1][2-1].wasm.~1~,1b861e7a0e3ae0dc9b42d32c223bf81e
all5/Sum_data_type/[0-1][1-1][2-2].wasm,c12c293b263830e1e5e38de4f58b9780
all5/Sum_data_type/[0-1][1-1][2-2].wasm.~1~,1b861e7a0e3ae0dc9b42d32c223bf81e
all5/Sum_data_type/[0-1][1-1][2-3].wasm,c12c293b263830e1e5e38de4f58b9780
all5/Sum_data_type/[0-1][1-1][2-3].wasm.~1~,1b861e7a0e3ae0dc9b42d32c223bf81e
all5/Sum_data_type/[0-1][1-1][2-4].wasm,c12c293b263830e1e5e38de4f58b9780
all5/Sum_data_type/[0-1][1-1][2-4].wasm.~1~,1b861e7a0e3ae0dc9b42d32c223bf81e
all5/Sum_data_type/[0-1][1-2].wasm,c12c293b263830e1e5e38de4f58b9780
all5/Sum_data_type/[0-1][1-2].wasm.~1~,1b861e7a0e3ae0dc9b42d32c223bf81e
all5/Sum_data_type/[0-1][1-2][2-1].wasm,c12c293b263830e1e5e38de4f58b9780
all5/Sum_data_type/[0-1][1-2][2-1].wasm.~1~,1b861e7a0e3ae0dc9b42d32c223bf81e
all5/Sum_data_type/[0-1][1-2][2-2].wasm,c12c293b263830e1e5e38de4f58b9780
all5/Sum_data_type/[0-1][1-2][2-2].wasm.~1~,1b861e7a0e3ae0dc9b42d32c223bf81e
all5/Sum_data_type/[0-1][1-2][2-3].wasm,c12c293b263830e1e5e38de4f58b9780
all5/Sum_data_type/[0-1][1-2][2-3].wasm.~1~,1b861e7a0e3ae0dc9b42d32c223bf81e
all5/Sum_data_type/[0-1][1-2][2-4].wasm,c12c293b263830e1e5e38de4f58b9780
all5/Sum_data_type/[0-1][1-2][2-4].wasm.~1~,1b861e7a0e3ae0dc9b42d32c223bf81e
all5/Sum_data_type/[0-1][1-3].wasm,c12c293b263830e1e5e38de4f58b9780
all5/Sum_data_type/[0-1][1-3].wasm.~1~,1b861e7a0e3ae0dc9b42d32c223bf81e
all5/Sum_data_type/[0-1][1-3][2-1].wasm,c12c293b263830e1e5e38de4f58b9780
all5/Sum_data_type/[0-1][1-3][2-1].wasm.~1~,1b861e7a0e3ae0dc9b42d32c223bf81e
all5/Sum_data_type/[0-1][1-3][2-2].wasm,c12c293b263830e1e5e38de4f58b9780
all5/Sum_data_type/[0-1][1-3][2-2].wasm.~1~,1b861e7a0e3ae0dc9b42d32c223bf81e
all5/Sum_data_type/[0-1][1-3][2-3].wasm,c12c293b263830e1e5e38de4f58b9780
all5/Sum_data_type/[0-1][1-3][2-3].wasm.~1~,1b861e7a0e3ae0dc9b42d32c223bf81e
all5/Sum_data_type/[0-1][1-3][2-4].wasm,c12c293b263830e1e5e38de4f58b9780
all5/Sum_data_type/[0-1][1-3][2-4].wasm.~1~,1b861e7a0e3ae0dc9b42d32c223bf81e
all5/Sum_data_type/[0-1][1-4].wasm,c12c293b263830e1e5e38de4f58b9780
all5/Sum_data_type/[0-1][1-4].wasm.~1~,1b861e7a0e3ae0dc9b42d32c223bf81e
all5/Sum_data_type/[0-1][1-4][2-1].wasm,c12c293b263830e1e5e38de4f58b9780
all5/Sum_data_type/[0-1][1-4][2-1].wasm.~1~,1b861e7a0e3ae0dc9b42d32c223bf81e
all5/Sum_data_type/[0-1][1-4][2-2].wasm,c12c293b263830e1e5e38de4f58b9780
all5/Sum_data_type/[0-1][1-4][2-2].wasm.~1~,1b861e7a0e3ae0dc9b42d32c223bf81e
all5/Sum_data_type/[0-1][1-4][2-3].wasm,c12c293b263830e1e5e38de4f58b9780
all5/Sum_data_type/[0-1][1-4][2-3].wasm.~1~,1b861e7a0e3ae0dc9b42d32c223bf81e
all5/Sum_data_type/[0-1][1-4][2-4].wasm,c12c293b263830e1e5e38de4f58b9780
all5/Sum_data_type/[0-1][1-4][2-4].wasm.~1~,1b861e7a0e3ae0dc9b42d32c223bf81e
all5/Sum_data_type/[0-1][1-5].wasm,1b861e7a0e3ae0dc9b42d32c223bf81e
all5/Sum_data_type/[0-1][1-5][2-1].wasm,1b861e7a0e3ae0dc9b42d32c223bf81e
all5/Sum_data_type/[0-1][1-5][2-2].wasm,1b861e7a0e3ae0dc9b42d32c223bf81e
all5/Sum_data_type/[0-1][1-5][2-3].wasm,1b861e7a0e3ae0dc9b42d32c223bf81e
all5/Sum_data_type/[0-1][1-5][2-4].wasm,1b861e7a0e3ae0dc9b42d32c223bf81e
all5/Sum_data_type/[0-1][2-1].wasm,c12c293b263830e1e5e38de4f58b9780
all5/Sum_data_type/[0-1][2-1].wasm.~1~,1b861e7a0e3ae0dc9b42d32c223bf81e
all5/Sum_data_type/[0-1][2-2].wasm,c12c293b263830e1e5e38de4f58b9780
all5/Sum_data_type/[0-1][2-2].wasm.~1~,1b861e7a0e3ae0dc9b42d32c223bf81e
all5/Sum_data_type/[0-1][2-3].wasm,c12c293b263830e1e5e38de4f58b9780
all5/Sum_data_type/[0-1][2-3].wasm.~1~,1b861e7a0e3ae0dc9b42d32c223bf81e
all5/Sum_data_type/[0-1][2-4].wasm,c12c293b263830e1e5e38de4f58b9780
all5/Sum_data_type/[0-1][2-4].wasm.~1~,1b861e7a0e3ae0dc9b42d32c223bf81e
all5/Sum_data_type/[0-2].wasm,c12c293b263830e1e5e38de4f58b9780
all5/Sum_data_type/[0-2].wasm.~1~,1b861e7a0e3ae0dc9b42d32c223bf81e
all5/Sum_data_type/[0-2][1-1].wasm,c12c293b263830e1e5e38de4f58b9780
all5/Sum_data_type/[0-2][1-1].wasm.~1~,1b861e7a0e3ae0dc9b42d32c223bf81e
all5/Sum_data_type/[0-2][1-1][2-1].wasm,c12c293b263830e1e5e38de4f58b9780
all5/Sum_data_type/[0-2][1-1][2-1].wasm.~1~,1b861e7a0e3ae0dc9b42d32c223bf81e
all5/Sum_data_type/[0-2][1-1][2-2].wasm,c12c293b263830e1e5e38de4f58b9780
all5/Sum_data_type/[0-2][1-1][2-2].wasm.~1~,1b861e7a0e3ae0dc9b42d32c223bf81e
all5/Sum_data_type/[0-2][1-1][2-3].wasm,c12c293b263830e1e5e38de4f58b9780
all5/Sum_data_type/[0-2][1-1][2-3].wasm.~1~,1b861e7a0e3ae0dc9b42d32c223bf81e
all5/Sum_data_type/[0-2][1-1][2-4].wasm,c12c293b263830e1e5e38de4f58b9780
all5/Sum_data_type/[0-2][1-1][2-4].wasm.~1~,1b861e7a0e3ae0dc9b42d32c223bf81e
all5/Sum_data_type/[0-2][1-2].wasm,c12c293b263830e1e5e38de4f58b9780
all5/Sum_data_type/[0-2][1-2].wasm.~1~,1b861e7a0e3ae0dc9b42d32c223bf81e
all5/Sum_data_type/[0-2][1-2][2-1].wasm,c12c293b263830e1e5e38de4f58b9780
all5/Sum_data_type/[0-2][1-2][2-1].wasm.~1~,1b861e7a0e3ae0dc9b42d32c223bf81e
all5/Sum_data_type/[0-2][1-2][2-2].wasm,c12c293b263830e1e5e38de4f58b9780
all5/Sum_data_type/[0-2][1-2][2-2].wasm.~1~,1b861e7a0e3ae0dc9b42d32c223bf81e
all5/Sum_data_type/[0-2][1-2][2-3].wasm,c12c293b263830e1e5e38de4f58b9780
all5/Sum_data_type/[0-2][1-2][2-3].wasm.~1~,1b861e7a0e3ae0dc9b42d32c223bf81e
all5/Sum_data_type/[0-2][1-2][2-4].wasm,c12c293b263830e1e5e38de4f58b9780
all5/Sum_data_type/[0-2][1-2][2-4].wasm.~1~,1b861e7a0e3ae0dc9b42d32c223bf81e
all5/Sum_data_type/[0-2][1-3].wasm,c12c293b263830e1e5e38de4f58b9780
all5/Sum_data_type/[0-2][1-3].wasm.~1~,1b861e7a0e3ae0dc9b42d32c223bf81e
all5/Sum_data_type/[0-2][1-3][2-1].wasm,c12c293b263830e1e5e38de4f58b9780
all5/Sum_data_type/[0-2][1-3][2-1].wasm.~1~,1b861e7a0e3ae0dc9b42d32c223bf81e
all5/Sum_data_type/[0-2][1-3][2-2].wasm,c12c293b263830e1e5e38de4f58b9780
all5/Sum_data_type/[0-2][1-3][2-2].wasm.~1~,1b861e7a0e3ae0dc9b42d32c223bf81e
all5/Sum_data_type/[0-2][1-3][2-3].wasm,c12c293b263830e1e5e38de4f58b9780
all5/Sum_data_type/[0-2][1-3][2-3].wasm.~1~,1b861e7a0e3ae0dc9b42d32c223bf81e
all5/Sum_data_type/[0-2][1-3][2-4].wasm,c12c293b263830e1e5e38de4f58b9780
all5/Sum_data_type/[0-2][1-3][2-4].wasm.~1~,1b861e7a0e3ae0dc9b42d32c223bf81e
all5/Sum_data_type/[0-2][1-4].wasm,c12c293b263830e1e5e38de4f58b9780
all5/Sum_data_type/[0-2][1-4].wasm.~1~,1b861e7a0e3ae0dc9b42d32c223bf81e
all5/Sum_data_type/[0-2][1-4][2-1].wasm,c12c293b263830e1e5e38de4f58b9780
all5/Sum_data_type/[0-2][1-4][2-1].wasm.~1~,1b861e7a0e3ae0dc9b42d32c223bf81e
all5/Sum_data_type/[0-2][1-4][2-2].wasm,c12c293b263830e1e5e38de4f58b9780
all5/Sum_data_type/[0-2][1-4][2-2].wasm.~1~,1b861e7a0e3ae0dc9b42d32c223bf81e
all5/Sum_data_type/[0-2][1-4][2-3].wasm,c12c293b263830e1e5e38de4f58b9780
all5/Sum_data_type/[0-2][1-4][2-3].wasm.~1~,1b861e7a0e3ae0dc9b42d32c223bf81e
all5/Sum_data_type/[0-2][1-4][2-4].wasm,c12c293b263830e1e5e38de4f58b9780
all5/Sum_data_type/[0-2][1-4][2-4].wasm.~1~,1b861e7a0e3ae0dc9b42d32c223bf81e
all5/Sum_data_type/[0-2][1-5].wasm,1b861e7a0e3ae0dc9b42d32c223bf81e
all5/Sum_data_type/[0-2][1-5][2-1].wasm,1b861e7a0e3ae0dc9b42d32c223bf81e
all5/Sum_data_type/[0-2][1-5][2-2].wasm,1b861e7a0e3ae0dc9b42d32c223bf81e
all5/Sum_data_type/[0-2][1-5][2-3].wasm,1b861e7a0e3ae0dc9b42d32c223bf81e
all5/Sum_data_type/[0-2][1-5][2-4].wasm,1b861e7a0e3ae0dc9b42d32c223bf81e
all5/Sum_data_type/[0-2][2-1].wasm,c12c293b263830e1e5e38de4f58b9780
all5/Sum_data_type/[0-2][2-1].wasm.~1~,1b861e7a0e3ae0dc9b42d32c223bf81e
all5/Sum_data_type/[0-2][2-2].wasm,c12c293b263830e1e5e38de4f58b9780
all5/Sum_data_type/[0-2][2-2].wasm.~1~,1b861e7a0e3ae0dc9b42d32c223bf81e
all5/Sum_data_type/[0-2][2-3].wasm,c12c293b263830e1e5e38de4f58b9780
all5/Sum_data_type/[0-2][2-3].wasm.~1~,1b861e7a0e3ae0dc9b42d32c223bf81e
all5/Sum_data_type/[0-2][2-4].wasm,c12c293b263830e1e5e38de4f58b9780
all5/Sum_data_type/[0-2][2-4].wasm.~1~,1b861e7a0e3ae0dc9b42d32c223bf81e
all5/Sum_data_type/[0-3].wasm,c12c293b263830e1e5e38de4f58b9780
all5/Sum_data_type/[0-3].wasm.~1~,1b861e7a0e3ae0dc9b42d32c223bf81e
all5/Sum_data_type/[0-3][1-1].wasm,c12c293b263830e1e5e38de4f58b9780
all5/Sum_data_type/[0-3][1-1].wasm.~1~,1b861e7a0e3ae0dc9b42d32c223bf81e
all5/Sum_data_type/[0-3][1-1][2-1].wasm,c12c293b263830e1e5e38de4f58b9780
all5/Sum_data_type/[0-3][1-1][2-1].wasm.~1~,1b861e7a0e3ae0dc9b42d32c223bf81e
all5/Sum_data_type/[0-3][1-1][2-2].wasm,c12c293b263830e1e5e38de4f58b9780
all5/Sum_data_type/[0-3][1-1][2-2].wasm.~1~,1b861e7a0e3ae0dc9b42d32c223bf81e
all5/Sum_data_type/[0-3][1-1][2-3].wasm,c12c293b263830e1e5e38de4f58b9780
all5/Sum_data_type/[0-3][1-1][2-3].wasm.~1~,1b861e7a0e3ae0dc9b42d32c223bf81e
all5/Sum_data_type/[0-3][1-1][2-4].wasm,c12c293b263830e1e5e38de4f58b9780
all5/Sum_data_type/[0-3][1-1][2-4].wasm.~1~,1b861e7a0e3ae0dc9b42d32c223bf81e
all5/Sum_data_type/[0-3][1-2].wasm,c12c293b263830e1e5e38de4f58b9780
all5/Sum_data_type/[0-3][1-2].wasm.~1~,1b861e7a0e3ae0dc9b42d32c223bf81e
all5/Sum_data_type/[0-3][1-2][2-1].wasm,c12c293b263830e1e5e38de4f58b9780
all5/Sum_data_type/[0-3][1-2][2-1].wasm.~1~,1b861e7a0e3ae0dc9b42d32c223bf81e
all5/Sum_data_type/[0-3][1-2][2-2].wasm,c12c293b263830e1e5e38de4f58b9780
all5/Sum_data_type/[0-3][1-2][2-2].wasm.~1~,1b861e7a0e3ae0dc9b42d32c223bf81e
all5/Sum_data_type/[0-3][1-2][2-3].wasm,c12c293b263830e1e5e38de4f58b9780
all5/Sum_data_type/[0-3][1-2][2-3].wasm.~1~,1b861e7a0e3ae0dc9b42d32c223bf81e
all5/Sum_data_type/[0-3][1-2][2-4].wasm,c12c293b263830e1e5e38de4f58b9780
all5/Sum_data_type/[0-3][1-2][2-4].wasm.~1~,1b861e7a0e3ae0dc9b42d32c223bf81e
all5/Sum_data_type/[0-3][1-3].wasm,c12c293b263830e1e5e38de4f58b9780
all5/Sum_data_type/[0-3][1-3].wasm.~1~,1b861e7a0e3ae0dc9b42d32c223bf81e
all5/Sum_data_type/[0-3][1-3][2-1].wasm,c12c293b263830e1e5e38de4f58b9780
all5/Sum_data_type/[0-3][1-3][2-1].wasm.~1~,1b861e7a0e3ae0dc9b42d32c223bf81e
all5/Sum_data_type/[0-3][1-3][2-2].wasm,c12c293b263830e1e5e38de4f58b9780
all5/Sum_data_type/[0-3][1-3][2-2].wasm.~1~,1b861e7a0e3ae0dc9b42d32c223bf81e
all5/Sum_data_type/[0-3][1-3][2-3].wasm,c12c293b263830e1e5e38de4f58b9780
all5/Sum_data_type/[0-3][1-3][2-3].wasm.~1~,1b861e7a0e3ae0dc9b42d32c223bf81e
all5/Sum_data_type/[0-3][1-3][2-4].wasm,c12c293b263830e1e5e38de4f58b9780
all5/Sum_data_type/[0-3][1-3][2-4].wasm.~1~,1b861e7a0e3ae0dc9b42d32c223bf81e
all5/Sum_data_type/[0-3][1-4].wasm,c12c293b263830e1e5e38de4f58b9780
all5/Sum_data_type/[0-3][1-4].wasm.~1~,1b861e7a0e3ae0dc9b42d32c223bf81e
all5/Sum_data_type/[0-3][1-4][2-1].wasm,c12c293b263830e1e5e38de4f58b9780
all5/Sum_data_type/[0-3][1-4][2-1].wasm.~1~,1b861e7a0e3ae0dc9b42d32c223bf81e
all5/Sum_data_type/[0-3][1-4][2-2].wasm,c12c293b263830e1e5e38de4f58b9780
all5/Sum_data_type/[0-3][1-4][2-2].wasm.~1~,1b861e7a0e3ae0dc9b42d32c223bf81e
all5/Sum_data_type/[0-3][1-4][2-3].wasm,c12c293b263830e1e5e38de4f58b9780
all5/Sum_data_type/[0-3][1-4][2-3].wasm.~1~,1b861e7a0e3ae0dc9b42d32c223bf81e
all5/Sum_data_type/[0-3][1-4][2-4].wasm,c12c293b263830e1e5e38de4f58b9780
all5/Sum_data_type/[0-3][1-4][2-4].wasm.~1~,1b861e7a0e3ae0dc9b42d32c223bf81e
all5/Sum_data_type/[0-3][1-5].wasm,1b861e7a0e3ae0dc9b42d32c223bf81e
all5/Sum_data_type/[0-3][1-5][2-1].wasm,1b861e7a0e3ae0dc9b42d32c223bf81e
all5/Sum_data_type/[0-3][1-5][2-2].wasm,1b861e7a0e3ae0dc9b42d32c223bf81e
all5/Sum_data_type/[0-3][1-5][2-3].wasm,1b861e7a0e3ae0dc9b42d32c223bf81e
all5/Sum_data_type/[0-3][1-5][2-4].wasm,1b861e7a0e3ae0dc9b42d32c223bf81e
all5/Sum_data_type/[0-3][2-1].wasm,c12c293b263830e1e5e38de4f58b9780
all5/Sum_data_type/[0-3][2-1].wasm.~1~,1b861e7a0e3ae0dc9b42d32c223bf81e
all5/Sum_data_type/[0-3][2-2].wasm,c12c293b263830e1e5e38de4f58b9780
all5/Sum_data_type/[0-3][2-2].wasm.~1~,1b861e7a0e3ae0dc9b42d32c223bf81e
all5/Sum_data_type/[0-3][2-3].wasm,c12c293b263830e1e5e38de4f58b9780
all5/Sum_data_type/[0-3][2-3].wasm.~1~,1b861e7a0e3ae0dc9b42d32c223bf81e
all5/Sum_data_type/[0-3][2-4].wasm,c12c293b263830e1e5e38de4f58b9780
all5/Sum_data_type/[0-3][2-4].wasm.~1~,1b861e7a0e3ae0dc9b42d32c223bf81e
all5/Sum_data_type/[0-4].wasm,c12c293b263830e1e5e38de4f58b9780
all5/Sum_data_type/[0-4].wasm.~1~,1b861e7a0e3ae0dc9b42d32c223bf81e
all5/Sum_data_type/[0-4][1-1].wasm,c12c293b263830e1e5e38de4f58b9780
all5/Sum_data_type/[0-4][1-1].wasm.~1~,1b861e7a0e3ae0dc9b42d32c223bf81e
all5/Sum_data_type/[0-4][1-1][2-1].wasm,c12c293b263830e1e5e38de4f58b9780
all5/Sum_data_type/[0-4][1-1][2-1].wasm.~1~,1b861e7a0e3ae0dc9b42d32c223bf81e
all5/Sum_data_type/[0-4][1-1][2-2].wasm,c12c293b263830e1e5e38de4f58b9780
all5/Sum_data_type/[0-4][1-1][2-2].wasm.~1~,1b861e7a0e3ae0dc9b42d32c223bf81e
all5/Sum_data_type/[0-4][1-1][2-3].wasm,c12c293b263830e1e5e38de4f58b9780
all5/Sum_data_type/[0-4][1-1][2-3].wasm.~1~,1b861e7a0e3ae0dc9b42d32c223bf81e
all5/Sum_data_type/[0-4][1-1][2-4].wasm,c12c293b263830e1e5e38de4f58b9780
all5/Sum_data_type/[0-4][1-1][2-4].wasm.~1~,1b861e7a0e3ae0dc9b42d32c223bf81e
all5/Sum_data_type/[0-4][1-2].wasm,c12c293b263830e1e5e38de4f58b9780
all5/Sum_data_type/[0-4][1-2].wasm.~1~,1b861e7a0e3ae0dc9b42d32c223bf81e
all5/Sum_data_type/[0-4][1-2][2-1].wasm,c12c293b263830e1e5e38de4f58b9780
all5/Sum_data_type/[0-4][1-2][2-1].wasm.~1~,1b861e7a0e3ae0dc9b42d32c223bf81e
all5/Sum_data_type/[0-4][1-2][2-2].wasm,c12c293b263830e1e5e38de4f58b9780
all5/Sum_data_type/[0-4][1-2][2-2].wasm.~1~,1b861e7a0e3ae0dc9b42d32c223bf81e
all5/Sum_data_type/[0-4][1-2][2-3].wasm,c12c293b263830e1e5e38de4f58b9780
all5/Sum_data_type/[0-4][1-2][2-3].wasm.~1~,1b861e7a0e3ae0dc9b42d32c223bf81e
all5/Sum_data_type/[0-4][1-2][2-4].wasm,c12c293b263830e1e5e38de4f58b9780
all5/Sum_data_type/[0-4][1-2][2-4].wasm.~1~,1b861e7a0e3ae0dc9b42d32c223bf81e
all5/Sum_data_type/[0-4][1-3].wasm,c12c293b263830e1e5e38de4f58b9780
all5/Sum_data_type/[0-4][1-3].wasm.~1~,1b861e7a0e3ae0dc9b42d32c223bf81e
all5/Sum_data_type/[0-4][1-3][2-1].wasm,c12c293b263830e1e5e38de4f58b9780
all5/Sum_data_type/[0-4][1-3][2-1].wasm.~1~,1b861e7a0e3ae0dc9b42d32c223bf81e
all5/Sum_data_type/[0-4][1-3][2-2].wasm,c12c293b263830e1e5e38de4f58b9780
all5/Sum_data_type/[0-4][1-3][2-2].wasm.~1~,1b861e7a0e3ae0dc9b42d32c223bf81e
all5/Sum_data_type/[0-4][1-3][2-3].wasm,c12c293b263830e1e5e38de4f58b9780
all5/Sum_data_type/[0-4][1-3][2-3].wasm.~1~,1b861e7a0e3ae0dc9b42d32c223bf81e
all5/Sum_data_type/[0-4][1-3][2-4].wasm,c12c293b263830e1e5e38de4f58b9780
all5/Sum_data_type/[0-4][1-3][2-4].wasm.~1~,1b861e7a0e3ae0dc9b42d32c223bf81e
all5/Sum_data_type/[0-4][1-4].wasm,c12c293b263830e1e5e38de4f58b9780
all5/Sum_data_type/[0-4][1-4][2-1].wasm,c12c293b263830e1e5e38de4f58b9780
all5/Sum_data_type/[0-4][1-4][2-2].wasm,c12c293b263830e1e5e38de4f58b9780
all5/Sum_data_type/[0-4][1-4][2-3].wasm,c12c293b263830e1e5e38de4f58b9780
all5/Sum_data_type/[0-4][1-4][2-4].wasm,c12c293b263830e1e5e38de4f58b9780
all5/Sum_data_type/[0-4][2-1].wasm,c12c293b263830e1e5e38de4f58b9780
all5/Sum_data_type/[0-4][2-1].wasm.~1~,1b861e7a0e3ae0dc9b42d32c223bf81e
all5/Sum_data_type/[0-4][2-2].wasm,c12c293b263830e1e5e38de4f58b9780
all5/Sum_data_type/[0-4][2-2].wasm.~1~,1b861e7a0e3ae0dc9b42d32c223bf81e
all5/Sum_data_type/[0-4][2-3].wasm,c12c293b263830e1e5e38de4f58b9780
all5/Sum_data_type/[0-4][2-3].wasm.~1~,1b861e7a0e3ae0dc9b42d32c223bf81e
all5/Sum_data_type/[0-4][2-4].wasm,c12c293b263830e1e5e38de4f58b9780
all5/Sum_data_type/[0-4][2-4].wasm.~1~,1b861e7a0e3ae0dc9b42d32c223bf81e
all5/Sum_data_type/[0-5].wasm,c12c293b263830e1e5e38de4f58b9780
all5/Sum_data_type/[0-5][1-1].wasm,c12c293b263830e1e5e38de4f58b9780
all5/Sum_data_type/[0-5][1-1][2-1].wasm,c12c293b263830e1e5e38de4f58b9780
all5/Sum_data_type/[0-5][1-1][2-2].wasm,c12c293b263830e1e5e38de4f58b9780
all5/Sum_data_type/[0-5][1-1][2-3].wasm,c12c293b263830e1e5e38de4f58b9780
all5/Sum_data_type/[0-5][1-1][2-4].wasm,c12c293b263830e1e5e38de4f58b9780
all5/Sum_data_type/[0-5][1-2].wasm,c12c293b263830e1e5e38de4f58b9780
all5/Sum_data_type/[0-5][1-2][2-1].wasm,c12c293b263830e1e5e38de4f58b9780
all5/Sum_data_type/[0-5][1-2][2-2].wasm,c12c293b263830e1e5e38de4f58b9780
all5/Sum_data_type/[0-5][1-2][2-3].wasm,c12c293b263830e1e5e38de4f58b9780
all5/Sum_data_type/[0-5][1-2][2-4].wasm,c12c293b263830e1e5e38de4f58b9780
all5/Sum_data_type/[0-5][2-1].wasm,c12c293b263830e1e5e38de4f58b9780
all5/Sum_data_type/[0-5][2-2].wasm,c12c293b263830e1e5e38de4f58b9780
all5/Sum_data_type/[0-5][2-3].wasm,c12c293b263830e1e5e38de4f58b9780
all5/Sum_data_type/[0-5][2-4].wasm,c12c293b263830e1e5e38de4f58b9780
all5/Sum_data_type/[1-1].wasm,c12c293b263830e1e5e38de4f58b9780
all5/Sum_data_type/[1-1].wasm.~1~,1b861e7a0e3ae0dc9b42d32c223bf81e
all5/Sum_data_type/[1-1][2-1].wasm,c12c293b263830e1e5e38de4f58b9780
all5/Sum_data_type/[1-1][2-1].wasm.~1~,1b861e7a0e3ae0dc9b42d32c223bf81e
all5/Sum_data_type/[1-1][2-2].wasm,c12c293b263830e1e5e38de4f58b9780
all5/Sum_data_type/[1-1][2-2].wasm.~1~,1b861e7a0e3ae0dc9b42d32c223bf81e
all5/Sum_data_type/[1-1][2-3].wasm,c12c293b263830e1e5e38de4f58b9780
all5/Sum_data_type/[1-1][2-3].wasm.~1~,1b861e7a0e3ae0dc9b42d32c223bf81e
all5/Sum_data_type/[1-1][2-4].wasm,c12c293b263830e1e5e38de4f58b9780
all5/Sum_data_type/[1-1][2-4].wasm.~1~,1b861e7a0e3ae0dc9b42d32c223bf81e
all5/Sum_data_type/[1-2].wasm,c12c293b263830e1e5e38de4f58b9780
all5/Sum_data_type/[1-2].wasm.~1~,1b861e7a0e3ae0dc9b42d32c223bf81e
all5/Sum_data_type/[1-2][2-1].wasm,c12c293b263830e1e5e38de4f58b9780
all5/Sum_data_type/[1-2][2-1].wasm.~1~,1b861e7a0e3ae0dc9b42d32c223bf81e
all5/Sum_data_type/[1-2][2-2].wasm,c12c293b263830e1e5e38de4f58b9780
all5/Sum_data_type/[1-2][2-2].wasm.~1~,1b861e7a0e3ae0dc9b42d32c223bf81e
all5/Sum_data_type/[1-2][2-3].wasm,c12c293b263830e1e5e38de4f58b9780
all5/Sum_data_type/[1-2][2-3].wasm.~1~,1b861e7a0e3ae0dc9b42d32c223bf81e
all5/Sum_data_type/[1-2][2-4].wasm,c12c293b263830e1e5e38de4f58b9780
all5/Sum_data_type/[1-2][2-4].wasm.~1~,1b861e7a0e3ae0dc9b42d32c223bf81e
all5/Sum_data_type/[1-3].wasm,c12c293b263830e1e5e38de4f58b9780
all5/Sum_data_type/[1-3].wasm.~1~,1b861e7a0e3ae0dc9b42d32c223bf81e
all5/Sum_data_type/[1-3][2-1].wasm,c12c293b263830e1e5e38de4f58b9780
all5/Sum_data_type/[1-3][2-1].wasm.~1~,1b861e7a0e3ae0dc9b42d32c223bf81e
all5/Sum_data_type/[1-3][2-2].wasm,c12c293b263830e1e5e38de4f58b9780
all5/Sum_data_type/[1-3][2-2].wasm.~1~,1b861e7a0e3ae0dc9b42d32c223bf81e
all5/Sum_data_type/[1-3][2-3].wasm,c12c293b263830e1e5e38de4f58b9780
all5/Sum_data_type/[1-3][2-3].wasm.~1~,1b861e7a0e3ae0dc9b42d32c223bf81e
all5/Sum_data_type/[1-3][2-4].wasm,c12c293b263830e1e5e38de4f58b9780
all5/Sum_data_type/[1-3][2-4].wasm.~1~,1b861e7a0e3ae0dc9b42d32c223bf81e
all5/Sum_data_type/[1-4].wasm,c12c293b263830e1e5e38de4f58b9780
all5/Sum_data_type/[1-4].wasm.~1~,1b861e7a0e3ae0dc9b42d32c223bf81e
all5/Sum_data_type/[1-4][2-1].wasm,c12c293b263830e1e5e38de4f58b9780
all5/Sum_data_type/[1-4][2-1].wasm.~1~,1b861e7a0e3ae0dc9b42d32c223bf81e
all5/Sum_data_type/[1-4][2-2].wasm,c12c293b263830e1e5e38de4f58b9780
all5/Sum_data_type/[1-4][2-2].wasm.~1~,1b861e7a0e3ae0dc9b42d32c223bf81e
all5/Sum_data_type/[1-4][2-3].wasm,c12c293b263830e1e5e38de4f58b9780
all5/Sum_data_type/[1-4][2-3].wasm.~1~,1b861e7a0e3ae0dc9b42d32c223bf81e
all5/Sum_data_type/[1-4][2-4].wasm,c12c293b263830e1e5e38de4f58b9780
all5/Sum_data_type/[1-4][2-4].wasm.~1~,1b861e7a0e3ae0dc9b42d32c223bf81e
all5/Sum_data_type/[1-5].wasm,1b861e7a0e3ae0dc9b42d32c223bf81e
all5/Sum_data_type/[1-5][2-1].wasm,1b861e7a0e3ae0dc9b42d32c223bf81e
all5/Sum_data_type/[1-5][2-2].wasm,1b861e7a0e3ae0dc9b42d32c223bf81e
all5/Sum_data_type/[1-5][2-3].wasm,1b861e7a0e3ae0dc9b42d32c223bf81e
all5/Sum_data_type/[1-5][2-4].wasm,1b861e7a0e3ae0dc9b42d32c223bf81e
all5/Sum_data_type/[2-1].wasm,c12c293b263830e1e5e38de4f58b9780
all5/Sum_data_type/[2-1].wasm.~1~,1b861e7a0e3ae0dc9b42d32c223bf81e
all5/Sum_data_type/[2-2].wasm,c12c293b263830e1e5e38de4f58b9780
all5/Sum_data_type/[2-2].wasm.~1~,1b861e7a0e3ae0dc9b42d32c223bf81e
all5/Sum_data_type/[2-3].wasm,c12c293b263830e1e5e38de4f58b9780
all5/Sum_data_type/[2-3].wasm.~1~,1b861e7a0e3ae0dc9b42d32c223bf81e
all5/Sum_data_type/[2-4].wasm,c12c293b263830e1e5e38de4f58b9780
all5/Sum_data_type/[2-4].wasm.~1~,1b861e7a0e3ae0dc9b42d32c223bf81e
