name, hash
all5/Symmetric_difference/Symmetric_difference.wasm,e00cc556c9ea4bb1ed54931c4744dadf
all5/Symmetric_difference/Symmetric_difference.wasm.~1~,e00cc556c9ea4bb1ed54931c4744dadf
all5/Symmetric_difference/Symmetric_difference.wasm.~2~,0a3e4e08beb70f1696f42e997da5053d
all5/Symmetric_difference/[1-1].wasm,20646d2dec96d6a6bd8a2aafb79be1d6
all5/Symmetric_difference/[1-1][7-1].wasm,20646d2dec96d6a6bd8a2aafb79be1d6
all5/Symmetric_difference/[1-1][7-1][9-1].wasm,20646d2dec96d6a6bd8a2aafb79be1d6
all5/Symmetric_difference/[1-1][7-1][9-2].wasm,20646d2dec96d6a6bd8a2aafb79be1d6
all5/Symmetric_difference/[1-1][7-1][9-3].wasm,20646d2dec96d6a6bd8a2aafb79be1d6
all5/Symmetric_difference/[1-1][7-1][9-4].wasm,20646d2dec96d6a6bd8a2aafb79be1d6
all5/Symmetric_difference/[1-1][7-1][9-5].wasm,20646d2dec96d6a6bd8a2aafb79be1d6
all5/Symmetric_difference/[1-1][7-1][9-6].wasm,20646d2dec96d6a6bd8a2aafb79be1d6
all5/Symmetric_difference/[1-1][7-1][9-7].wasm,20646d2dec96d6a6bd8a2aafb79be1d6
all5/Symmetric_difference/[1-1][7-2].wasm,20646d2dec96d6a6bd8a2aafb79be1d6
all5/Symmetric_difference/[1-1][7-2][9-1].wasm,20646d2dec96d6a6bd8a2aafb79be1d6
all5/Symmetric_difference/[1-1][7-2][9-2].wasm,20646d2dec96d6a6bd8a2aafb79be1d6
all5/Symmetric_difference/[1-1][7-2][9-3].wasm,20646d2dec96d6a6bd8a2aafb79be1d6
all5/Symmetric_difference/[1-1][7-2][9-4].wasm,20646d2dec96d6a6bd8a2aafb79be1d6
all5/Symmetric_difference/[1-1][7-2][9-5].wasm,20646d2dec96d6a6bd8a2aafb79be1d6
all5/Symmetric_difference/[1-1][7-2][9-6].wasm,20646d2dec96d6a6bd8a2aafb79be1d6
all5/Symmetric_difference/[1-1][7-2][9-7].wasm,20646d2dec96d6a6bd8a2aafb79be1d6
all5/Symmetric_difference/[1-1][7-3].wasm,121528691399136101faf703a04b10b1
all5/Symmetric_difference/[1-1][7-3][9-1].wasm,121528691399136101faf703a04b10b1
all5/Symmetric_difference/[1-1][7-3][9-2].wasm,121528691399136101faf703a04b10b1
all5/Symmetric_difference/[1-1][7-3][9-3].wasm,121528691399136101faf703a04b10b1
all5/Symmetric_difference/[1-1][7-3][9-4].wasm,121528691399136101faf703a04b10b1
all5/Symmetric_difference/[1-1][7-3][9-5].wasm,121528691399136101faf703a04b10b1
all5/Symmetric_difference/[1-1][7-3][9-6].wasm,121528691399136101faf703a04b10b1
all5/Symmetric_difference/[1-1][7-3][9-7].wasm,121528691399136101faf703a04b10b1
all5/Symmetric_difference/[1-1][7-4].wasm,20646d2dec96d6a6bd8a2aafb79be1d6
all5/Symmetric_difference/[1-1][7-4][9-1].wasm,20646d2dec96d6a6bd8a2aafb79be1d6
all5/Symmetric_difference/[1-1][7-4][9-2].wasm,20646d2dec96d6a6bd8a2aafb79be1d6
all5/Symmetric_difference/[1-1][7-4][9-3].wasm,20646d2dec96d6a6bd8a2aafb79be1d6
all5/Symmetric_difference/[1-1][7-4][9-4].wasm,20646d2dec96d6a6bd8a2aafb79be1d6
all5/Symmetric_difference/[1-1][7-4][9-5].wasm,20646d2dec96d6a6bd8a2aafb79be1d6
all5/Symmetric_difference/[1-1][7-4][9-6].wasm,20646d2dec96d6a6bd8a2aafb79be1d6
all5/Symmetric_difference/[1-1][7-4][9-7].wasm,20646d2dec96d6a6bd8a2aafb79be1d6
all5/Symmetric_difference/[1-1][7-5].wasm,20646d2dec96d6a6bd8a2aafb79be1d6
all5/Symmetric_difference/[1-1][7-5][9-1].wasm,20646d2dec96d6a6bd8a2aafb79be1d6
all5/Symmetric_difference/[1-1][7-5][9-2].wasm,20646d2dec96d6a6bd8a2aafb79be1d6
all5/Symmetric_difference/[1-1][7-5][9-3].wasm,20646d2dec96d6a6bd8a2aafb79be1d6
all5/Symmetric_difference/[1-1][7-5][9-4].wasm,20646d2dec96d6a6bd8a2aafb79be1d6
all5/Symmetric_difference/[1-1][7-5][9-5].wasm,20646d2dec96d6a6bd8a2aafb79be1d6
all5/Symmetric_difference/[1-1][7-5][9-6].wasm,20646d2dec96d6a6bd8a2aafb79be1d6
all5/Symmetric_difference/[1-1][7-5][9-7].wasm,20646d2dec96d6a6bd8a2aafb79be1d6
all5/Symmetric_difference/[1-1][7-6].wasm,121528691399136101faf703a04b10b1
all5/Symmetric_difference/[1-1][7-6][9-1].wasm,121528691399136101faf703a04b10b1
all5/Symmetric_difference/[1-1][7-6][9-2].wasm,121528691399136101faf703a04b10b1
all5/Symmetric_difference/[1-1][7-6][9-3].wasm,121528691399136101faf703a04b10b1
all5/Symmetric_difference/[1-1][7-6][9-4].wasm,121528691399136101faf703a04b10b1
all5/Symmetric_difference/[1-1][7-6][9-5].wasm,121528691399136101faf703a04b10b1
all5/Symmetric_difference/[1-1][7-6][9-6].wasm,121528691399136101faf703a04b10b1
all5/Symmetric_difference/[1-1][7-6][9-7].wasm,121528691399136101faf703a04b10b1
all5/Symmetric_difference/[1-1][7-7].wasm,20646d2dec96d6a6bd8a2aafb79be1d6
all5/Symmetric_difference/[1-1][7-7][9-1].wasm,20646d2dec96d6a6bd8a2aafb79be1d6
all5/Symmetric_difference/[1-1][7-7][9-2].wasm,20646d2dec96d6a6bd8a2aafb79be1d6
all5/Symmetric_difference/[1-1][7-7][9-3].wasm,20646d2dec96d6a6bd8a2aafb79be1d6
all5/Symmetric_difference/[1-1][7-7][9-4].wasm,20646d2dec96d6a6bd8a2aafb79be1d6
all5/Symmetric_difference/[1-1][7-7][9-5].wasm,20646d2dec96d6a6bd8a2aafb79be1d6
all5/Symmetric_difference/[1-1][7-7][9-6].wasm,20646d2dec96d6a6bd8a2aafb79be1d6
all5/Symmetric_difference/[1-1][7-7][9-7].wasm,20646d2dec96d6a6bd8a2aafb79be1d6
all5/Symmetric_difference/[1-1][7-8].wasm,20646d2dec96d6a6bd8a2aafb79be1d6
all5/Symmetric_difference/[1-1][7-8][9-1].wasm,20646d2dec96d6a6bd8a2aafb79be1d6
all5/Symmetric_difference/[1-1][7-8][9-2].wasm,20646d2dec96d6a6bd8a2aafb79be1d6
all5/Symmetric_difference/[1-1][7-8][9-3].wasm,20646d2dec96d6a6bd8a2aafb79be1d6
all5/Symmetric_difference/[1-1][7-8][9-4].wasm,20646d2dec96d6a6bd8a2aafb79be1d6
all5/Symmetric_difference/[1-1][7-8][9-5].wasm,20646d2dec96d6a6bd8a2aafb79be1d6
all5/Symmetric_difference/[1-1][7-8][9-6].wasm,20646d2dec96d6a6bd8a2aafb79be1d6
all5/Symmetric_difference/[1-1][7-8][9-7].wasm,20646d2dec96d6a6bd8a2aafb79be1d6
all5/Symmetric_difference/[1-1][9-1].wasm,20646d2dec96d6a6bd8a2aafb79be1d6
all5/Symmetric_difference/[1-1][9-2].wasm,20646d2dec96d6a6bd8a2aafb79be1d6
all5/Symmetric_difference/[1-1][9-3].wasm,20646d2dec96d6a6bd8a2aafb79be1d6
all5/Symmetric_difference/[1-1][9-4].wasm,20646d2dec96d6a6bd8a2aafb79be1d6
all5/Symmetric_difference/[1-1][9-5].wasm,20646d2dec96d6a6bd8a2aafb79be1d6
all5/Symmetric_difference/[1-1][9-6].wasm,20646d2dec96d6a6bd8a2aafb79be1d6
all5/Symmetric_difference/[1-1][9-7].wasm,20646d2dec96d6a6bd8a2aafb79be1d6
all5/Symmetric_difference/[10-1].wasm,0a3e4e08beb70f1696f42e997da5053d
all5/Symmetric_difference/[10-2].wasm,0a3e4e08beb70f1696f42e997da5053d
all5/Symmetric_difference/[10-3].wasm,0a3e4e08beb70f1696f42e997da5053d
all5/Symmetric_difference/[10-6].wasm,0a3e4e08beb70f1696f42e997da5053d
all5/Symmetric_difference/[10-7].wasm,0a3e4e08beb70f1696f42e997da5053d
all5/Symmetric_difference/[7-10].wasm,0a3e4e08beb70f1696f42e997da5053d
all5/Symmetric_difference/[7-10][9-1].wasm,0a3e4e08beb70f1696f42e997da5053d
all5/Symmetric_difference/[7-10][9-2].wasm,0a3e4e08beb70f1696f42e997da5053d
all5/Symmetric_difference/[7-10][9-3].wasm,0a3e4e08beb70f1696f42e997da5053d
all5/Symmetric_difference/[7-10][9-4].wasm,0a3e4e08beb70f1696f42e997da5053d
all5/Symmetric_difference/[7-10][9-5].wasm,0a3e4e08beb70f1696f42e997da5053d
all5/Symmetric_difference/[7-10][9-6].wasm,0a3e4e08beb70f1696f42e997da5053d
all5/Symmetric_difference/[7-10][9-7].wasm,0a3e4e08beb70f1696f42e997da5053d
all5/Symmetric_difference/[7-1].wasm,0a3e4e08beb70f1696f42e997da5053d
all5/Symmetric_difference/[7-1][9-1].wasm,0a3e4e08beb70f1696f42e997da5053d
all5/Symmetric_difference/[7-1][9-2].wasm,0a3e4e08beb70f1696f42e997da5053d
all5/Symmetric_difference/[7-1][9-3].wasm,0a3e4e08beb70f1696f42e997da5053d
all5/Symmetric_difference/[7-1][9-4].wasm,0a3e4e08beb70f1696f42e997da5053d
all5/Symmetric_difference/[7-1][9-5].wasm,0a3e4e08beb70f1696f42e997da5053d
all5/Symmetric_difference/[7-1][9-6].wasm,0a3e4e08beb70f1696f42e997da5053d
all5/Symmetric_difference/[7-1][9-7].wasm,0a3e4e08beb70f1696f42e997da5053d
all5/Symmetric_difference/[7-2].wasm,0a3e4e08beb70f1696f42e997da5053d
all5/Symmetric_difference/[7-2][9-1].wasm,0a3e4e08beb70f1696f42e997da5053d
all5/Symmetric_difference/[7-2][9-2].wasm,0a3e4e08beb70f1696f42e997da5053d
all5/Symmetric_difference/[7-2][9-3].wasm,0a3e4e08beb70f1696f42e997da5053d
all5/Symmetric_difference/[7-2][9-4].wasm,0a3e4e08beb70f1696f42e997da5053d
all5/Symmetric_difference/[7-2][9-5].wasm,0a3e4e08beb70f1696f42e997da5053d
all5/Symmetric_difference/[7-2][9-6].wasm,0a3e4e08beb70f1696f42e997da5053d
all5/Symmetric_difference/[7-2][9-7].wasm,0a3e4e08beb70f1696f42e997da5053d
all5/Symmetric_difference/[7-3].wasm,44d600b17c08c2e8317f84f2b258b105
all5/Symmetric_difference/[7-3][9-1].wasm,44d600b17c08c2e8317f84f2b258b105
all5/Symmetric_difference/[7-3][9-2].wasm,44d600b17c08c2e8317f84f2b258b105
all5/Symmetric_difference/[7-3][9-3].wasm,44d600b17c08c2e8317f84f2b258b105
all5/Symmetric_difference/[7-3][9-4].wasm,44d600b17c08c2e8317f84f2b258b105
all5/Symmetric_difference/[7-3][9-5].wasm,44d600b17c08c2e8317f84f2b258b105
all5/Symmetric_difference/[7-3][9-6].wasm,44d600b17c08c2e8317f84f2b258b105
all5/Symmetric_difference/[7-3][9-7].wasm,44d600b17c08c2e8317f84f2b258b105
all5/Symmetric_difference/[7-4].wasm,0a3e4e08beb70f1696f42e997da5053d
all5/Symmetric_difference/[7-4][9-1].wasm,0a3e4e08beb70f1696f42e997da5053d
all5/Symmetric_difference/[7-4][9-2].wasm,0a3e4e08beb70f1696f42e997da5053d
all5/Symmetric_difference/[7-4][9-3].wasm,0a3e4e08beb70f1696f42e997da5053d
all5/Symmetric_difference/[7-4][9-4].wasm,0a3e4e08beb70f1696f42e997da5053d
all5/Symmetric_difference/[7-4][9-5].wasm,0a3e4e08beb70f1696f42e997da5053d
all5/Symmetric_difference/[7-4][9-6].wasm,0a3e4e08beb70f1696f42e997da5053d
all5/Symmetric_difference/[7-4][9-7].wasm,0a3e4e08beb70f1696f42e997da5053d
all5/Symmetric_difference/[7-5].wasm,0a3e4e08beb70f1696f42e997da5053d
all5/Symmetric_difference/[7-5][9-1].wasm,0a3e4e08beb70f1696f42e997da5053d
all5/Symmetric_difference/[7-5][9-2].wasm,0a3e4e08beb70f1696f42e997da5053d
all5/Symmetric_difference/[7-5][9-3].wasm,0a3e4e08beb70f1696f42e997da5053d
all5/Symmetric_difference/[7-5][9-4].wasm,0a3e4e08beb70f1696f42e997da5053d
all5/Symmetric_difference/[7-5][9-5].wasm,0a3e4e08beb70f1696f42e997da5053d
all5/Symmetric_difference/[7-5][9-6].wasm,0a3e4e08beb70f1696f42e997da5053d
all5/Symmetric_difference/[7-5][9-7].wasm,0a3e4e08beb70f1696f42e997da5053d
all5/Symmetric_difference/[7-6].wasm,44d600b17c08c2e8317f84f2b258b105
all5/Symmetric_difference/[7-6][9-1].wasm,44d600b17c08c2e8317f84f2b258b105
all5/Symmetric_difference/[7-6][9-2].wasm,44d600b17c08c2e8317f84f2b258b105
all5/Symmetric_difference/[7-6][9-3].wasm,44d600b17c08c2e8317f84f2b258b105
all5/Symmetric_difference/[7-6][9-4].wasm,44d600b17c08c2e8317f84f2b258b105
all5/Symmetric_difference/[7-6][9-5].wasm,44d600b17c08c2e8317f84f2b258b105
all5/Symmetric_difference/[7-6][9-6].wasm,44d600b17c08c2e8317f84f2b258b105
all5/Symmetric_difference/[7-6][9-7].wasm,44d600b17c08c2e8317f84f2b258b105
all5/Symmetric_difference/[7-7].wasm,0a3e4e08beb70f1696f42e997da5053d
all5/Symmetric_difference/[7-7][9-1].wasm,0a3e4e08beb70f1696f42e997da5053d
all5/Symmetric_difference/[7-7][9-2].wasm,0a3e4e08beb70f1696f42e997da5053d
all5/Symmetric_difference/[7-7][9-3].wasm,0a3e4e08beb70f1696f42e997da5053d
all5/Symmetric_difference/[7-7][9-4].wasm,0a3e4e08beb70f1696f42e997da5053d
all5/Symmetric_difference/[7-7][9-5].wasm,0a3e4e08beb70f1696f42e997da5053d
all5/Symmetric_difference/[7-7][9-6].wasm,0a3e4e08beb70f1696f42e997da5053d
all5/Symmetric_difference/[7-7][9-7].wasm,0a3e4e08beb70f1696f42e997da5053d
all5/Symmetric_difference/[7-8].wasm,0a3e4e08beb70f1696f42e997da5053d
all5/Symmetric_difference/[7-8][9-1].wasm,0a3e4e08beb70f1696f42e997da5053d
all5/Symmetric_difference/[7-8][9-2].wasm,0a3e4e08beb70f1696f42e997da5053d
all5/Symmetric_difference/[7-8][9-3].wasm,0a3e4e08beb70f1696f42e997da5053d
all5/Symmetric_difference/[7-8][9-4].wasm,0a3e4e08beb70f1696f42e997da5053d
all5/Symmetric_difference/[7-8][9-5].wasm,0a3e4e08beb70f1696f42e997da5053d
all5/Symmetric_difference/[7-8][9-6].wasm,0a3e4e08beb70f1696f42e997da5053d
all5/Symmetric_difference/[7-8][9-7].wasm,0a3e4e08beb70f1696f42e997da5053d
all5/Symmetric_difference/[7-9].wasm,0a3e4e08beb70f1696f42e997da5053d
all5/Symmetric_difference/[7-9][9-1].wasm,0a3e4e08beb70f1696f42e997da5053d
all5/Symmetric_difference/[7-9][9-2].wasm,0a3e4e08beb70f1696f42e997da5053d
all5/Symmetric_difference/[7-9][9-3].wasm,0a3e4e08beb70f1696f42e997da5053d
all5/Symmetric_difference/[7-9][9-4].wasm,0a3e4e08beb70f1696f42e997da5053d
all5/Symmetric_difference/[7-9][9-5].wasm,0a3e4e08beb70f1696f42e997da5053d
all5/Symmetric_difference/[7-9][9-6].wasm,0a3e4e08beb70f1696f42e997da5053d
all5/Symmetric_difference/[7-9][9-7].wasm,0a3e4e08beb70f1696f42e997da5053d
all5/Symmetric_difference/[9-1].wasm,0a3e4e08beb70f1696f42e997da5053d
all5/Symmetric_difference/[9-2].wasm,0a3e4e08beb70f1696f42e997da5053d
all5/Symmetric_difference/[9-3].wasm,0a3e4e08beb70f1696f42e997da5053d
all5/Symmetric_difference/[9-4].wasm,0a3e4e08beb70f1696f42e997da5053d
all5/Symmetric_difference/[9-5].wasm,0a3e4e08beb70f1696f42e997da5053d
all5/Symmetric_difference/[9-6].wasm,0a3e4e08beb70f1696f42e997da5053d
all5/Symmetric_difference/[9-7].wasm,0a3e4e08beb70f1696f42e997da5053d
