name, hash
all5/Text_processing-2/Text_processing-2.wasm,535aad70d69731cc58c2b98b05986958
all5/Text_processing-2/Text_processing-2.wasm.~1~,535aad70d69731cc58c2b98b05986958
all5/Text_processing-2/Text_processing-2.wasm.~2~,c6773cf5259246292d68c5c16be6c19e
all5/Text_processing-2/[0-1].wasm,c6773cf5259246292d68c5c16be6c19e
all5/Text_processing-2/[0-1][1-1].wasm,c6773cf5259246292d68c5c16be6c19e
all5/Text_processing-2/[0-1][1-1][2-1].wasm,c6773cf5259246292d68c5c16be6c19e
all5/Text_processing-2/[0-1][1-1][2-2].wasm,c6773cf5259246292d68c5c16be6c19e
all5/Text_processing-2/[0-1][1-1][2-3].wasm,c6773cf5259246292d68c5c16be6c19e
all5/Text_processing-2/[0-1][1-1][2-4].wasm,c6773cf5259246292d68c5c16be6c19e
all5/Text_processing-2/[0-1][1-1][2-5].wasm,c6773cf5259246292d68c5c16be6c19e
all5/Text_processing-2/[0-1][1-1][2-6].wasm,c6773cf5259246292d68c5c16be6c19e
all5/Text_processing-2/[0-1][1-1][2-7].wasm,c6773cf5259246292d68c5c16be6c19e
all5/Text_processing-2/[0-1][1-1][2-8].wasm,c6773cf5259246292d68c5c16be6c19e
all5/Text_processing-2/[0-1][1-2].wasm,c6773cf5259246292d68c5c16be6c19e
all5/Text_processing-2/[0-1][1-2][2-1].wasm,c6773cf5259246292d68c5c16be6c19e
all5/Text_processing-2/[0-1][1-2][2-2].wasm,c6773cf5259246292d68c5c16be6c19e
all5/Text_processing-2/[0-1][1-2][2-3].wasm,c6773cf5259246292d68c5c16be6c19e
all5/Text_processing-2/[0-1][1-2][2-4].wasm,c6773cf5259246292d68c5c16be6c19e
all5/Text_processing-2/[0-1][1-2][2-5].wasm,c6773cf5259246292d68c5c16be6c19e
all5/Text_processing-2/[0-1][1-2][2-6].wasm,c6773cf5259246292d68c5c16be6c19e
all5/Text_processing-2/[0-1][1-2][2-7].wasm,c6773cf5259246292d68c5c16be6c19e
all5/Text_processing-2/[0-1][1-2][2-8].wasm,c6773cf5259246292d68c5c16be6c19e
all5/Text_processing-2/[0-1][1-3].wasm,c6773cf5259246292d68c5c16be6c19e
all5/Text_processing-2/[0-1][1-3][2-1].wasm,c6773cf5259246292d68c5c16be6c19e
all5/Text_processing-2/[0-1][1-3][2-2].wasm,c6773cf5259246292d68c5c16be6c19e
all5/Text_processing-2/[0-1][1-3][2-3].wasm,c6773cf5259246292d68c5c16be6c19e
all5/Text_processing-2/[0-1][1-3][2-4].wasm,c6773cf5259246292d68c5c16be6c19e
all5/Text_processing-2/[0-1][1-3][2-5].wasm,c6773cf5259246292d68c5c16be6c19e
all5/Text_processing-2/[0-1][1-3][2-6].wasm,c6773cf5259246292d68c5c16be6c19e
all5/Text_processing-2/[0-1][1-3][2-7].wasm,c6773cf5259246292d68c5c16be6c19e
all5/Text_processing-2/[0-1][1-3][2-8].wasm,c6773cf5259246292d68c5c16be6c19e
all5/Text_processing-2/[0-1][1-4].wasm,c6773cf5259246292d68c5c16be6c19e
all5/Text_processing-2/[0-1][1-4][2-1].wasm,c6773cf5259246292d68c5c16be6c19e
all5/Text_processing-2/[0-1][1-4][2-2].wasm,c6773cf5259246292d68c5c16be6c19e
all5/Text_processing-2/[0-1][1-4][2-3].wasm,c6773cf5259246292d68c5c16be6c19e
all5/Text_processing-2/[0-1][1-4][2-4].wasm,c6773cf5259246292d68c5c16be6c19e
all5/Text_processing-2/[0-1][1-4][2-5].wasm,c6773cf5259246292d68c5c16be6c19e
all5/Text_processing-2/[0-1][1-4][2-6].wasm,c6773cf5259246292d68c5c16be6c19e
all5/Text_processing-2/[0-1][1-4][2-7].wasm,c6773cf5259246292d68c5c16be6c19e
all5/Text_processing-2/[0-1][1-4][2-8].wasm,c6773cf5259246292d68c5c16be6c19e
all5/Text_processing-2/[0-1][1-5].wasm,c6773cf5259246292d68c5c16be6c19e
all5/Text_processing-2/[0-1][1-5][2-1].wasm,c6773cf5259246292d68c5c16be6c19e
all5/Text_processing-2/[0-1][1-5][2-2].wasm,c6773cf5259246292d68c5c16be6c19e
all5/Text_processing-2/[0-1][1-5][2-3].wasm,c6773cf5259246292d68c5c16be6c19e
all5/Text_processing-2/[0-1][1-5][2-4].wasm,c6773cf5259246292d68c5c16be6c19e
all5/Text_processing-2/[0-1][1-5][2-5].wasm,c6773cf5259246292d68c5c16be6c19e
all5/Text_processing-2/[0-1][1-5][2-6].wasm,c6773cf5259246292d68c5c16be6c19e
all5/Text_processing-2/[0-1][1-5][2-7].wasm,c6773cf5259246292d68c5c16be6c19e
all5/Text_processing-2/[0-1][1-5][2-8].wasm,c6773cf5259246292d68c5c16be6c19e
all5/Text_processing-2/[0-1][1-6].wasm,c6773cf5259246292d68c5c16be6c19e
all5/Text_processing-2/[0-1][1-6][2-1].wasm,c6773cf5259246292d68c5c16be6c19e
all5/Text_processing-2/[0-1][1-6][2-2].wasm,c6773cf5259246292d68c5c16be6c19e
all5/Text_processing-2/[0-1][1-6][2-3].wasm,c6773cf5259246292d68c5c16be6c19e
all5/Text_processing-2/[0-1][1-6][2-4].wasm,c6773cf5259246292d68c5c16be6c19e
all5/Text_processing-2/[0-1][1-6][2-5].wasm,c6773cf5259246292d68c5c16be6c19e
all5/Text_processing-2/[0-1][1-6][2-6].wasm,c6773cf5259246292d68c5c16be6c19e
all5/Text_processing-2/[0-1][1-6][2-7].wasm,c6773cf5259246292d68c5c16be6c19e
all5/Text_processing-2/[0-1][1-6][2-8].wasm,c6773cf5259246292d68c5c16be6c19e
all5/Text_processing-2/[0-1][1-7].wasm,c6773cf5259246292d68c5c16be6c19e
all5/Text_processing-2/[0-1][1-7][2-1].wasm,c6773cf5259246292d68c5c16be6c19e
all5/Text_processing-2/[0-1][1-7][2-2].wasm,c6773cf5259246292d68c5c16be6c19e
all5/Text_processing-2/[0-1][1-7][2-3].wasm,c6773cf5259246292d68c5c16be6c19e
all5/Text_processing-2/[0-1][1-7][2-4].wasm,c6773cf5259246292d68c5c16be6c19e
all5/Text_processing-2/[0-1][1-7][2-5].wasm,c6773cf5259246292d68c5c16be6c19e
all5/Text_processing-2/[0-1][1-7][2-6].wasm,c6773cf5259246292d68c5c16be6c19e
all5/Text_processing-2/[0-1][1-7][2-7].wasm,c6773cf5259246292d68c5c16be6c19e
all5/Text_processing-2/[0-1][1-7][2-8].wasm,c6773cf5259246292d68c5c16be6c19e
all5/Text_processing-2/[0-1][1-8].wasm,c6773cf5259246292d68c5c16be6c19e
all5/Text_processing-2/[0-1][1-8][2-1].wasm,c6773cf5259246292d68c5c16be6c19e
all5/Text_processing-2/[0-1][1-8][2-2].wasm,c6773cf5259246292d68c5c16be6c19e
all5/Text_processing-2/[0-1][1-8][2-3].wasm,c6773cf5259246292d68c5c16be6c19e
all5/Text_processing-2/[0-1][1-8][2-4].wasm,c6773cf5259246292d68c5c16be6c19e
all5/Text_processing-2/[0-1][1-8][2-5].wasm,c6773cf5259246292d68c5c16be6c19e
all5/Text_processing-2/[0-1][1-8][2-6].wasm,c6773cf5259246292d68c5c16be6c19e
all5/Text_processing-2/[0-1][1-8][2-7].wasm,c6773cf5259246292d68c5c16be6c19e
all5/Text_processing-2/[0-1][1-8][2-8].wasm,c6773cf5259246292d68c5c16be6c19e
all5/Text_processing-2/[0-1][2-1].wasm,c6773cf5259246292d68c5c16be6c19e
all5/Text_processing-2/[0-1][2-2].wasm,c6773cf5259246292d68c5c16be6c19e
all5/Text_processing-2/[0-1][2-3].wasm,c6773cf5259246292d68c5c16be6c19e
all5/Text_processing-2/[0-1][2-4].wasm,c6773cf5259246292d68c5c16be6c19e
all5/Text_processing-2/[0-1][2-5].wasm,c6773cf5259246292d68c5c16be6c19e
all5/Text_processing-2/[0-1][2-6].wasm,c6773cf5259246292d68c5c16be6c19e
all5/Text_processing-2/[0-1][2-7].wasm,c6773cf5259246292d68c5c16be6c19e
all5/Text_processing-2/[0-1][2-8].wasm,c6773cf5259246292d68c5c16be6c19e
all5/Text_processing-2/[0-2].wasm,c6773cf5259246292d68c5c16be6c19e
all5/Text_processing-2/[0-2][1-1].wasm,c6773cf5259246292d68c5c16be6c19e
all5/Text_processing-2/[0-2][1-1][2-1].wasm,c6773cf5259246292d68c5c16be6c19e
all5/Text_processing-2/[0-2][1-1][2-2].wasm,c6773cf5259246292d68c5c16be6c19e
all5/Text_processing-2/[0-2][1-1][2-3].wasm,c6773cf5259246292d68c5c16be6c19e
all5/Text_processing-2/[0-2][1-1][2-4].wasm,c6773cf5259246292d68c5c16be6c19e
all5/Text_processing-2/[0-2][1-1][2-5].wasm,c6773cf5259246292d68c5c16be6c19e
all5/Text_processing-2/[0-2][1-1][2-6].wasm,c6773cf5259246292d68c5c16be6c19e
all5/Text_processing-2/[0-2][1-1][2-7].wasm,c6773cf5259246292d68c5c16be6c19e
all5/Text_processing-2/[0-2][1-1][2-8].wasm,c6773cf5259246292d68c5c16be6c19e
all5/Text_processing-2/[0-2][1-2].wasm,c6773cf5259246292d68c5c16be6c19e
all5/Text_processing-2/[0-2][1-2][2-1].wasm,c6773cf5259246292d68c5c16be6c19e
all5/Text_processing-2/[0-2][1-2][2-2].wasm,c6773cf5259246292d68c5c16be6c19e
all5/Text_processing-2/[0-2][1-2][2-3].wasm,c6773cf5259246292d68c5c16be6c19e
all5/Text_processing-2/[0-2][1-2][2-4].wasm,c6773cf5259246292d68c5c16be6c19e
all5/Text_processing-2/[0-2][1-2][2-5].wasm,c6773cf5259246292d68c5c16be6c19e
all5/Text_processing-2/[0-2][1-2][2-6].wasm,c6773cf5259246292d68c5c16be6c19e
all5/Text_processing-2/[0-2][1-2][2-7].wasm,c6773cf5259246292d68c5c16be6c19e
all5/Text_processing-2/[0-2][1-2][2-8].wasm,c6773cf5259246292d68c5c16be6c19e
all5/Text_processing-2/[0-2][1-3].wasm,c6773cf5259246292d68c5c16be6c19e
all5/Text_processing-2/[0-2][1-3][2-1].wasm,c6773cf5259246292d68c5c16be6c19e
all5/Text_processing-2/[0-2][1-3][2-2].wasm,c6773cf5259246292d68c5c16be6c19e
all5/Text_processing-2/[0-2][1-3][2-3].wasm,c6773cf5259246292d68c5c16be6c19e
all5/Text_processing-2/[0-2][1-3][2-4].wasm,c6773cf5259246292d68c5c16be6c19e
all5/Text_processing-2/[0-2][1-3][2-5].wasm,c6773cf5259246292d68c5c16be6c19e
all5/Text_processing-2/[0-2][1-3][2-6].wasm,c6773cf5259246292d68c5c16be6c19e
all5/Text_processing-2/[0-2][1-3][2-7].wasm,c6773cf5259246292d68c5c16be6c19e
all5/Text_processing-2/[0-2][1-3][2-8].wasm,c6773cf5259246292d68c5c16be6c19e
all5/Text_processing-2/[0-2][1-4].wasm,c6773cf5259246292d68c5c16be6c19e
all5/Text_processing-2/[0-2][1-4][2-1].wasm,c6773cf5259246292d68c5c16be6c19e
all5/Text_processing-2/[0-2][1-4][2-2].wasm,c6773cf5259246292d68c5c16be6c19e
all5/Text_processing-2/[0-2][1-4][2-3].wasm,c6773cf5259246292d68c5c16be6c19e
all5/Text_processing-2/[0-2][1-4][2-4].wasm,c6773cf5259246292d68c5c16be6c19e
all5/Text_processing-2/[0-2][1-4][2-5].wasm,c6773cf5259246292d68c5c16be6c19e
all5/Text_processing-2/[0-2][1-4][2-6].wasm,c6773cf5259246292d68c5c16be6c19e
all5/Text_processing-2/[0-2][1-4][2-7].wasm,c6773cf5259246292d68c5c16be6c19e
all5/Text_processing-2/[0-2][1-4][2-8].wasm,c6773cf5259246292d68c5c16be6c19e
all5/Text_processing-2/[0-2][1-5].wasm,c6773cf5259246292d68c5c16be6c19e
all5/Text_processing-2/[0-2][1-5][2-1].wasm,c6773cf5259246292d68c5c16be6c19e
all5/Text_processing-2/[0-2][1-5][2-2].wasm,c6773cf5259246292d68c5c16be6c19e
all5/Text_processing-2/[0-2][1-5][2-3].wasm,c6773cf5259246292d68c5c16be6c19e
all5/Text_processing-2/[0-2][1-5][2-4].wasm,c6773cf5259246292d68c5c16be6c19e
all5/Text_processing-2/[0-2][1-5][2-5].wasm,c6773cf5259246292d68c5c16be6c19e
all5/Text_processing-2/[0-2][1-5][2-6].wasm,c6773cf5259246292d68c5c16be6c19e
all5/Text_processing-2/[0-2][1-5][2-7].wasm,c6773cf5259246292d68c5c16be6c19e
all5/Text_processing-2/[0-2][1-5][2-8].wasm,c6773cf5259246292d68c5c16be6c19e
all5/Text_processing-2/[0-2][1-6].wasm,c6773cf5259246292d68c5c16be6c19e
all5/Text_processing-2/[0-2][1-6][2-1].wasm,c6773cf5259246292d68c5c16be6c19e
all5/Text_processing-2/[0-2][1-6][2-2].wasm,c6773cf5259246292d68c5c16be6c19e
all5/Text_processing-2/[0-2][1-6][2-3].wasm,c6773cf5259246292d68c5c16be6c19e
all5/Text_processing-2/[0-2][1-6][2-4].wasm,c6773cf5259246292d68c5c16be6c19e
all5/Text_processing-2/[0-2][1-6][2-5].wasm,c6773cf5259246292d68c5c16be6c19e
all5/Text_processing-2/[0-2][1-6][2-6].wasm,c6773cf5259246292d68c5c16be6c19e
all5/Text_processing-2/[0-2][1-6][2-7].wasm,c6773cf5259246292d68c5c16be6c19e
all5/Text_processing-2/[0-2][1-6][2-8].wasm,c6773cf5259246292d68c5c16be6c19e
all5/Text_processing-2/[0-2][1-7].wasm,c6773cf5259246292d68c5c16be6c19e
all5/Text_processing-2/[0-2][1-7][2-1].wasm,c6773cf5259246292d68c5c16be6c19e
all5/Text_processing-2/[0-2][1-7][2-2].wasm,c6773cf5259246292d68c5c16be6c19e
all5/Text_processing-2/[0-2][1-7][2-3].wasm,c6773cf5259246292d68c5c16be6c19e
all5/Text_processing-2/[0-2][1-7][2-4].wasm,c6773cf5259246292d68c5c16be6c19e
all5/Text_processing-2/[0-2][1-7][2-5].wasm,c6773cf5259246292d68c5c16be6c19e
all5/Text_processing-2/[0-2][1-7][2-6].wasm,c6773cf5259246292d68c5c16be6c19e
all5/Text_processing-2/[0-2][1-7][2-7].wasm,c6773cf5259246292d68c5c16be6c19e
all5/Text_processing-2/[0-2][1-7][2-8].wasm,c6773cf5259246292d68c5c16be6c19e
all5/Text_processing-2/[0-2][1-8].wasm,c6773cf5259246292d68c5c16be6c19e
all5/Text_processing-2/[0-2][1-8][2-1].wasm,c6773cf5259246292d68c5c16be6c19e
all5/Text_processing-2/[0-2][1-8][2-2].wasm,c6773cf5259246292d68c5c16be6c19e
all5/Text_processing-2/[0-2][1-8][2-3].wasm,c6773cf5259246292d68c5c16be6c19e
all5/Text_processing-2/[0-2][1-8][2-4].wasm,c6773cf5259246292d68c5c16be6c19e
all5/Text_processing-2/[0-2][1-8][2-5].wasm,c6773cf5259246292d68c5c16be6c19e
all5/Text_processing-2/[0-2][1-8][2-6].wasm,c6773cf5259246292d68c5c16be6c19e
all5/Text_processing-2/[0-2][1-8][2-7].wasm,c6773cf5259246292d68c5c16be6c19e
all5/Text_processing-2/[0-2][1-8][2-8].wasm,c6773cf5259246292d68c5c16be6c19e
all5/Text_processing-2/[0-2][2-1].wasm,c6773cf5259246292d68c5c16be6c19e
all5/Text_processing-2/[0-2][2-2].wasm,c6773cf5259246292d68c5c16be6c19e
all5/Text_processing-2/[0-2][2-3].wasm,c6773cf5259246292d68c5c16be6c19e
all5/Text_processing-2/[0-2][2-4].wasm,c6773cf5259246292d68c5c16be6c19e
all5/Text_processing-2/[0-2][2-5].wasm,c6773cf5259246292d68c5c16be6c19e
all5/Text_processing-2/[0-2][2-6].wasm,c6773cf5259246292d68c5c16be6c19e
all5/Text_processing-2/[0-2][2-7].wasm,c6773cf5259246292d68c5c16be6c19e
all5/Text_processing-2/[0-2][2-8].wasm,c6773cf5259246292d68c5c16be6c19e
all5/Text_processing-2/[0-3].wasm,c6773cf5259246292d68c5c16be6c19e
all5/Text_processing-2/[0-3][1-1].wasm,c6773cf5259246292d68c5c16be6c19e
all5/Text_processing-2/[0-3][1-1][2-1].wasm,c6773cf5259246292d68c5c16be6c19e
all5/Text_processing-2/[0-3][1-1][2-2].wasm,c6773cf5259246292d68c5c16be6c19e
all5/Text_processing-2/[0-3][1-1][2-3].wasm,c6773cf5259246292d68c5c16be6c19e
all5/Text_processing-2/[0-3][1-1][2-4].wasm,c6773cf5259246292d68c5c16be6c19e
all5/Text_processing-2/[0-3][1-1][2-5].wasm,c6773cf5259246292d68c5c16be6c19e
all5/Text_processing-2/[0-3][1-1][2-6].wasm,c6773cf5259246292d68c5c16be6c19e
all5/Text_processing-2/[0-3][1-1][2-7].wasm,c6773cf5259246292d68c5c16be6c19e
all5/Text_processing-2/[0-3][1-1][2-8].wasm,c6773cf5259246292d68c5c16be6c19e
all5/Text_processing-2/[0-3][1-2].wasm,c6773cf5259246292d68c5c16be6c19e
all5/Text_processing-2/[0-3][1-2][2-1].wasm,c6773cf5259246292d68c5c16be6c19e
all5/Text_processing-2/[0-3][1-2][2-2].wasm,c6773cf5259246292d68c5c16be6c19e
all5/Text_processing-2/[0-3][1-2][2-3].wasm,c6773cf5259246292d68c5c16be6c19e
all5/Text_processing-2/[0-3][1-2][2-4].wasm,c6773cf5259246292d68c5c16be6c19e
all5/Text_processing-2/[0-3][1-2][2-5].wasm,c6773cf5259246292d68c5c16be6c19e
all5/Text_processing-2/[0-3][1-2][2-6].wasm,c6773cf5259246292d68c5c16be6c19e
all5/Text_processing-2/[0-3][1-2][2-7].wasm,c6773cf5259246292d68c5c16be6c19e
all5/Text_processing-2/[0-3][1-2][2-8].wasm,c6773cf5259246292d68c5c16be6c19e
all5/Text_processing-2/[0-3][1-3].wasm,c6773cf5259246292d68c5c16be6c19e
all5/Text_processing-2/[0-3][1-3][2-1].wasm,c6773cf5259246292d68c5c16be6c19e
all5/Text_processing-2/[0-3][1-3][2-2].wasm,c6773cf5259246292d68c5c16be6c19e
all5/Text_processing-2/[0-3][1-3][2-3].wasm,c6773cf5259246292d68c5c16be6c19e
all5/Text_processing-2/[0-3][1-3][2-4].wasm,c6773cf5259246292d68c5c16be6c19e
all5/Text_processing-2/[0-3][1-3][2-5].wasm,c6773cf5259246292d68c5c16be6c19e
all5/Text_processing-2/[0-3][1-3][2-6].wasm,c6773cf5259246292d68c5c16be6c19e
all5/Text_processing-2/[0-3][1-3][2-7].wasm,c6773cf5259246292d68c5c16be6c19e
all5/Text_processing-2/[0-3][1-3][2-8].wasm,c6773cf5259246292d68c5c16be6c19e
all5/Text_processing-2/[0-3][1-4].wasm,c6773cf5259246292d68c5c16be6c19e
all5/Text_processing-2/[0-3][1-4][2-1].wasm,c6773cf5259246292d68c5c16be6c19e
all5/Text_processing-2/[0-3][1-4][2-2].wasm,c6773cf5259246292d68c5c16be6c19e
all5/Text_processing-2/[0-3][1-4][2-3].wasm,c6773cf5259246292d68c5c16be6c19e
all5/Text_processing-2/[0-3][1-4][2-4].wasm,c6773cf5259246292d68c5c16be6c19e
all5/Text_processing-2/[0-3][1-4][2-5].wasm,c6773cf5259246292d68c5c16be6c19e
all5/Text_processing-2/[0-3][1-4][2-6].wasm,c6773cf5259246292d68c5c16be6c19e
all5/Text_processing-2/[0-3][1-4][2-7].wasm,c6773cf5259246292d68c5c16be6c19e
all5/Text_processing-2/[0-3][1-4][2-8].wasm,c6773cf5259246292d68c5c16be6c19e
all5/Text_processing-2/[0-3][1-5].wasm,c6773cf5259246292d68c5c16be6c19e
all5/Text_processing-2/[0-3][1-5][2-1].wasm,c6773cf5259246292d68c5c16be6c19e
all5/Text_processing-2/[0-3][1-5][2-2].wasm,c6773cf5259246292d68c5c16be6c19e
all5/Text_processing-2/[0-3][1-5][2-3].wasm,c6773cf5259246292d68c5c16be6c19e
all5/Text_processing-2/[0-3][1-5][2-4].wasm,c6773cf5259246292d68c5c16be6c19e
all5/Text_processing-2/[0-3][1-5][2-5].wasm,c6773cf5259246292d68c5c16be6c19e
all5/Text_processing-2/[0-3][1-5][2-6].wasm,c6773cf5259246292d68c5c16be6c19e
all5/Text_processing-2/[0-3][1-5][2-7].wasm,c6773cf5259246292d68c5c16be6c19e
all5/Text_processing-2/[0-3][1-5][2-8].wasm,c6773cf5259246292d68c5c16be6c19e
all5/Text_processing-2/[0-3][1-6].wasm,c6773cf5259246292d68c5c16be6c19e
all5/Text_processing-2/[0-3][1-6][2-1].wasm,c6773cf5259246292d68c5c16be6c19e
all5/Text_processing-2/[0-3][1-6][2-2].wasm,c6773cf5259246292d68c5c16be6c19e
all5/Text_processing-2/[0-3][1-6][2-3].wasm,c6773cf5259246292d68c5c16be6c19e
all5/Text_processing-2/[0-3][1-6][2-4].wasm,c6773cf5259246292d68c5c16be6c19e
all5/Text_processing-2/[0-3][1-6][2-5].wasm,c6773cf5259246292d68c5c16be6c19e
all5/Text_processing-2/[0-3][1-6][2-6].wasm,c6773cf5259246292d68c5c16be6c19e
all5/Text_processing-2/[0-3][1-6][2-7].wasm,c6773cf5259246292d68c5c16be6c19e
all5/Text_processing-2/[0-3][1-6][2-8].wasm,c6773cf5259246292d68c5c16be6c19e
all5/Text_processing-2/[0-3][1-7].wasm,c6773cf5259246292d68c5c16be6c19e
all5/Text_processing-2/[0-3][1-7][2-1].wasm,c6773cf5259246292d68c5c16be6c19e
all5/Text_processing-2/[0-3][1-7][2-2].wasm,c6773cf5259246292d68c5c16be6c19e
all5/Text_processing-2/[0-3][1-7][2-3].wasm,c6773cf5259246292d68c5c16be6c19e
all5/Text_processing-2/[0-3][1-7][2-4].wasm,c6773cf5259246292d68c5c16be6c19e
all5/Text_processing-2/[0-3][1-7][2-5].wasm,c6773cf5259246292d68c5c16be6c19e
all5/Text_processing-2/[0-3][1-7][2-6].wasm,c6773cf5259246292d68c5c16be6c19e
all5/Text_processing-2/[0-3][1-7][2-7].wasm,c6773cf5259246292d68c5c16be6c19e
all5/Text_processing-2/[0-3][1-7][2-8].wasm,c6773cf5259246292d68c5c16be6c19e
all5/Text_processing-2/[0-3][1-8].wasm,c6773cf5259246292d68c5c16be6c19e
all5/Text_processing-2/[0-3][1-8][2-1].wasm,c6773cf5259246292d68c5c16be6c19e
all5/Text_processing-2/[0-3][1-8][2-2].wasm,c6773cf5259246292d68c5c16be6c19e
all5/Text_processing-2/[0-3][1-8][2-3].wasm,c6773cf5259246292d68c5c16be6c19e
all5/Text_processing-2/[0-3][1-8][2-4].wasm,c6773cf5259246292d68c5c16be6c19e
all5/Text_processing-2/[0-3][1-8][2-5].wasm,c6773cf5259246292d68c5c16be6c19e
all5/Text_processing-2/[0-3][1-8][2-6].wasm,c6773cf5259246292d68c5c16be6c19e
all5/Text_processing-2/[0-3][1-8][2-7].wasm,c6773cf5259246292d68c5c16be6c19e
all5/Text_processing-2/[0-3][1-8][2-8].wasm,c6773cf5259246292d68c5c16be6c19e
all5/Text_processing-2/[0-3][2-1].wasm,c6773cf5259246292d68c5c16be6c19e
all5/Text_processing-2/[0-3][2-2].wasm,c6773cf5259246292d68c5c16be6c19e
all5/Text_processing-2/[0-3][2-3].wasm,c6773cf5259246292d68c5c16be6c19e
all5/Text_processing-2/[0-3][2-4].wasm,c6773cf5259246292d68c5c16be6c19e
all5/Text_processing-2/[0-3][2-5].wasm,c6773cf5259246292d68c5c16be6c19e
all5/Text_processing-2/[0-3][2-6].wasm,c6773cf5259246292d68c5c16be6c19e
all5/Text_processing-2/[0-3][2-7].wasm,c6773cf5259246292d68c5c16be6c19e
all5/Text_processing-2/[0-3][2-8].wasm,c6773cf5259246292d68c5c16be6c19e
all5/Text_processing-2/[0-4].wasm,c6773cf5259246292d68c5c16be6c19e
all5/Text_processing-2/[0-4][1-1].wasm,c6773cf5259246292d68c5c16be6c19e
all5/Text_processing-2/[0-4][1-1][2-1].wasm,c6773cf5259246292d68c5c16be6c19e
all5/Text_processing-2/[0-4][1-1][2-2].wasm,c6773cf5259246292d68c5c16be6c19e
all5/Text_processing-2/[0-4][1-1][2-3].wasm,c6773cf5259246292d68c5c16be6c19e
all5/Text_processing-2/[0-4][1-1][2-4].wasm,c6773cf5259246292d68c5c16be6c19e
all5/Text_processing-2/[0-4][1-1][2-5].wasm,c6773cf5259246292d68c5c16be6c19e
all5/Text_processing-2/[0-4][1-1][2-6].wasm,c6773cf5259246292d68c5c16be6c19e
all5/Text_processing-2/[0-4][1-1][2-7].wasm,c6773cf5259246292d68c5c16be6c19e
all5/Text_processing-2/[0-4][1-1][2-8].wasm,c6773cf5259246292d68c5c16be6c19e
all5/Text_processing-2/[0-4][1-2].wasm,c6773cf5259246292d68c5c16be6c19e
all5/Text_processing-2/[0-4][1-2][2-1].wasm,c6773cf5259246292d68c5c16be6c19e
all5/Text_processing-2/[0-4][1-2][2-2].wasm,c6773cf5259246292d68c5c16be6c19e
all5/Text_processing-2/[0-4][1-2][2-3].wasm,c6773cf5259246292d68c5c16be6c19e
all5/Text_processing-2/[0-4][1-2][2-4].wasm,c6773cf5259246292d68c5c16be6c19e
all5/Text_processing-2/[0-4][1-2][2-5].wasm,c6773cf5259246292d68c5c16be6c19e
all5/Text_processing-2/[0-4][1-2][2-6].wasm,c6773cf5259246292d68c5c16be6c19e
all5/Text_processing-2/[0-4][1-2][2-7].wasm,c6773cf5259246292d68c5c16be6c19e
all5/Text_processing-2/[0-4][1-2][2-8].wasm,c6773cf5259246292d68c5c16be6c19e
all5/Text_processing-2/[0-4][1-3].wasm,c6773cf5259246292d68c5c16be6c19e
all5/Text_processing-2/[0-4][1-3][2-1].wasm,c6773cf5259246292d68c5c16be6c19e
all5/Text_processing-2/[0-4][1-3][2-2].wasm,c6773cf5259246292d68c5c16be6c19e
all5/Text_processing-2/[0-4][1-3][2-3].wasm,c6773cf5259246292d68c5c16be6c19e
all5/Text_processing-2/[0-4][1-3][2-4].wasm,c6773cf5259246292d68c5c16be6c19e
all5/Text_processing-2/[0-4][1-3][2-5].wasm,c6773cf5259246292d68c5c16be6c19e
all5/Text_processing-2/[0-4][1-3][2-6].wasm,c6773cf5259246292d68c5c16be6c19e
all5/Text_processing-2/[0-4][1-3][2-7].wasm,c6773cf5259246292d68c5c16be6c19e
all5/Text_processing-2/[0-4][1-3][2-8].wasm,c6773cf5259246292d68c5c16be6c19e
all5/Text_processing-2/[0-4][1-4].wasm,c6773cf5259246292d68c5c16be6c19e
all5/Text_processing-2/[0-4][1-4][2-1].wasm,c6773cf5259246292d68c5c16be6c19e
all5/Text_processing-2/[0-4][1-4][2-2].wasm,c6773cf5259246292d68c5c16be6c19e
all5/Text_processing-2/[0-4][1-4][2-3].wasm,c6773cf5259246292d68c5c16be6c19e
all5/Text_processing-2/[0-4][1-4][2-4].wasm,c6773cf5259246292d68c5c16be6c19e
all5/Text_processing-2/[0-4][1-4][2-5].wasm,c6773cf5259246292d68c5c16be6c19e
all5/Text_processing-2/[0-4][1-4][2-6].wasm,c6773cf5259246292d68c5c16be6c19e
all5/Text_processing-2/[0-4][1-4][2-7].wasm,c6773cf5259246292d68c5c16be6c19e
all5/Text_processing-2/[0-4][1-4][2-8].wasm,c6773cf5259246292d68c5c16be6c19e
all5/Text_processing-2/[0-4][1-5].wasm,c6773cf5259246292d68c5c16be6c19e
all5/Text_processing-2/[0-4][1-5][2-1].wasm,c6773cf5259246292d68c5c16be6c19e
all5/Text_processing-2/[0-4][1-5][2-2].wasm,c6773cf5259246292d68c5c16be6c19e
all5/Text_processing-2/[0-4][1-5][2-3].wasm,c6773cf5259246292d68c5c16be6c19e
all5/Text_processing-2/[0-4][1-5][2-4].wasm,c6773cf5259246292d68c5c16be6c19e
all5/Text_processing-2/[0-4][1-5][2-5].wasm,c6773cf5259246292d68c5c16be6c19e
all5/Text_processing-2/[0-4][1-5][2-6].wasm,c6773cf5259246292d68c5c16be6c19e
all5/Text_processing-2/[0-4][1-5][2-7].wasm,c6773cf5259246292d68c5c16be6c19e
all5/Text_processing-2/[0-4][1-5][2-8].wasm,c6773cf5259246292d68c5c16be6c19e
all5/Text_processing-2/[0-4][1-6].wasm,c6773cf5259246292d68c5c16be6c19e
all5/Text_processing-2/[0-4][1-6][2-1].wasm,c6773cf5259246292d68c5c16be6c19e
all5/Text_processing-2/[0-4][1-6][2-2].wasm,c6773cf5259246292d68c5c16be6c19e
all5/Text_processing-2/[0-4][1-6][2-3].wasm,c6773cf5259246292d68c5c16be6c19e
all5/Text_processing-2/[0-4][1-6][2-4].wasm,c6773cf5259246292d68c5c16be6c19e
all5/Text_processing-2/[0-4][1-6][2-5].wasm,c6773cf5259246292d68c5c16be6c19e
all5/Text_processing-2/[0-4][1-6][2-6].wasm,c6773cf5259246292d68c5c16be6c19e
all5/Text_processing-2/[0-4][1-6][2-7].wasm,c6773cf5259246292d68c5c16be6c19e
all5/Text_processing-2/[0-4][1-6][2-8].wasm,c6773cf5259246292d68c5c16be6c19e
all5/Text_processing-2/[0-4][1-7].wasm,c6773cf5259246292d68c5c16be6c19e
all5/Text_processing-2/[0-4][1-7][2-1].wasm,c6773cf5259246292d68c5c16be6c19e
all5/Text_processing-2/[0-4][1-7][2-2].wasm,c6773cf5259246292d68c5c16be6c19e
all5/Text_processing-2/[0-4][1-7][2-3].wasm,c6773cf5259246292d68c5c16be6c19e
all5/Text_processing-2/[0-4][1-7][2-4].wasm,c6773cf5259246292d68c5c16be6c19e
all5/Text_processing-2/[0-4][1-7][2-5].wasm,c6773cf5259246292d68c5c16be6c19e
all5/Text_processing-2/[0-4][1-7][2-6].wasm,c6773cf5259246292d68c5c16be6c19e
all5/Text_processing-2/[0-4][1-7][2-7].wasm,c6773cf5259246292d68c5c16be6c19e
all5/Text_processing-2/[0-4][1-7][2-8].wasm,c6773cf5259246292d68c5c16be6c19e
all5/Text_processing-2/[0-4][1-8].wasm,c6773cf5259246292d68c5c16be6c19e
all5/Text_processing-2/[0-4][1-8][2-1].wasm,c6773cf5259246292d68c5c16be6c19e
all5/Text_processing-2/[0-4][1-8][2-2].wasm,c6773cf5259246292d68c5c16be6c19e
all5/Text_processing-2/[0-4][1-8][2-3].wasm,c6773cf5259246292d68c5c16be6c19e
all5/Text_processing-2/[0-4][1-8][2-4].wasm,c6773cf5259246292d68c5c16be6c19e
all5/Text_processing-2/[0-4][1-8][2-5].wasm,c6773cf5259246292d68c5c16be6c19e
all5/Text_processing-2/[0-4][1-8][2-6].wasm,c6773cf5259246292d68c5c16be6c19e
all5/Text_processing-2/[0-4][1-8][2-7].wasm,c6773cf5259246292d68c5c16be6c19e
all5/Text_processing-2/[0-4][1-8][2-8].wasm,c6773cf5259246292d68c5c16be6c19e
all5/Text_processing-2/[0-4][2-1].wasm,c6773cf5259246292d68c5c16be6c19e
all5/Text_processing-2/[0-4][2-2].wasm,c6773cf5259246292d68c5c16be6c19e
all5/Text_processing-2/[0-4][2-3].wasm,c6773cf5259246292d68c5c16be6c19e
all5/Text_processing-2/[0-4][2-4].wasm,c6773cf5259246292d68c5c16be6c19e
all5/Text_processing-2/[0-4][2-5].wasm,c6773cf5259246292d68c5c16be6c19e
all5/Text_processing-2/[0-4][2-6].wasm,c6773cf5259246292d68c5c16be6c19e
all5/Text_processing-2/[0-4][2-7].wasm,c6773cf5259246292d68c5c16be6c19e
all5/Text_processing-2/[0-4][2-8].wasm,c6773cf5259246292d68c5c16be6c19e
all5/Text_processing-2/[0-5].wasm,c6773cf5259246292d68c5c16be6c19e
all5/Text_processing-2/[0-5][1-1].wasm,c6773cf5259246292d68c5c16be6c19e
all5/Text_processing-2/[0-5][1-1][2-1].wasm,c6773cf5259246292d68c5c16be6c19e
all5/Text_processing-2/[0-5][1-1][2-2].wasm,c6773cf5259246292d68c5c16be6c19e
all5/Text_processing-2/[0-5][1-1][2-3].wasm,c6773cf5259246292d68c5c16be6c19e
all5/Text_processing-2/[0-5][1-1][2-4].wasm,c6773cf5259246292d68c5c16be6c19e
all5/Text_processing-2/[0-5][1-1][2-5].wasm,c6773cf5259246292d68c5c16be6c19e
all5/Text_processing-2/[0-5][1-1][2-6].wasm,c6773cf5259246292d68c5c16be6c19e
all5/Text_processing-2/[0-5][1-1][2-7].wasm,c6773cf5259246292d68c5c16be6c19e
all5/Text_processing-2/[0-5][1-1][2-8].wasm,c6773cf5259246292d68c5c16be6c19e
all5/Text_processing-2/[0-5][1-2].wasm,c6773cf5259246292d68c5c16be6c19e
all5/Text_processing-2/[0-5][1-2][2-1].wasm,c6773cf5259246292d68c5c16be6c19e
all5/Text_processing-2/[0-5][1-2][2-2].wasm,c6773cf5259246292d68c5c16be6c19e
all5/Text_processing-2/[0-5][1-2][2-3].wasm,c6773cf5259246292d68c5c16be6c19e
all5/Text_processing-2/[0-5][1-2][2-4].wasm,c6773cf5259246292d68c5c16be6c19e
all5/Text_processing-2/[0-5][1-2][2-5].wasm,c6773cf5259246292d68c5c16be6c19e
all5/Text_processing-2/[0-5][1-2][2-6].wasm,c6773cf5259246292d68c5c16be6c19e
all5/Text_processing-2/[0-5][1-2][2-7].wasm,c6773cf5259246292d68c5c16be6c19e
all5/Text_processing-2/[0-5][1-2][2-8].wasm,c6773cf5259246292d68c5c16be6c19e
all5/Text_processing-2/[0-5][1-3].wasm,c6773cf5259246292d68c5c16be6c19e
all5/Text_processing-2/[0-5][1-3][2-1].wasm,c6773cf5259246292d68c5c16be6c19e
all5/Text_processing-2/[0-5][1-3][2-2].wasm,c6773cf5259246292d68c5c16be6c19e
all5/Text_processing-2/[0-5][1-3][2-3].wasm,c6773cf5259246292d68c5c16be6c19e
all5/Text_processing-2/[0-5][1-3][2-4].wasm,c6773cf5259246292d68c5c16be6c19e
all5/Text_processing-2/[0-5][1-3][2-5].wasm,c6773cf5259246292d68c5c16be6c19e
all5/Text_processing-2/[0-5][1-3][2-6].wasm,c6773cf5259246292d68c5c16be6c19e
all5/Text_processing-2/[0-5][1-3][2-7].wasm,c6773cf5259246292d68c5c16be6c19e
all5/Text_processing-2/[0-5][1-3][2-8].wasm,c6773cf5259246292d68c5c16be6c19e
all5/Text_processing-2/[0-5][1-4].wasm,c6773cf5259246292d68c5c16be6c19e
all5/Text_processing-2/[0-5][1-4][2-1].wasm,c6773cf5259246292d68c5c16be6c19e
all5/Text_processing-2/[0-5][1-4][2-2].wasm,c6773cf5259246292d68c5c16be6c19e
all5/Text_processing-2/[0-5][1-4][2-3].wasm,c6773cf5259246292d68c5c16be6c19e
all5/Text_processing-2/[0-5][1-4][2-4].wasm,c6773cf5259246292d68c5c16be6c19e
all5/Text_processing-2/[0-5][1-4][2-5].wasm,c6773cf5259246292d68c5c16be6c19e
all5/Text_processing-2/[0-5][1-4][2-6].wasm,c6773cf5259246292d68c5c16be6c19e
all5/Text_processing-2/[0-5][1-4][2-7].wasm,c6773cf5259246292d68c5c16be6c19e
all5/Text_processing-2/[0-5][1-4][2-8].wasm,c6773cf5259246292d68c5c16be6c19e
all5/Text_processing-2/[0-5][1-5].wasm,c6773cf5259246292d68c5c16be6c19e
all5/Text_processing-2/[0-5][1-5][2-1].wasm,c6773cf5259246292d68c5c16be6c19e
all5/Text_processing-2/[0-5][1-5][2-2].wasm,c6773cf5259246292d68c5c16be6c19e
all5/Text_processing-2/[0-5][1-5][2-3].wasm,c6773cf5259246292d68c5c16be6c19e
all5/Text_processing-2/[0-5][1-5][2-4].wasm,c6773cf5259246292d68c5c16be6c19e
all5/Text_processing-2/[0-5][1-5][2-5].wasm,c6773cf5259246292d68c5c16be6c19e
all5/Text_processing-2/[0-5][1-5][2-6].wasm,c6773cf5259246292d68c5c16be6c19e
all5/Text_processing-2/[0-5][1-5][2-7].wasm,c6773cf5259246292d68c5c16be6c19e
all5/Text_processing-2/[0-5][1-5][2-8].wasm,c6773cf5259246292d68c5c16be6c19e
all5/Text_processing-2/[0-5][1-6].wasm,c6773cf5259246292d68c5c16be6c19e
all5/Text_processing-2/[0-5][1-6][2-1].wasm,c6773cf5259246292d68c5c16be6c19e
all5/Text_processing-2/[0-5][1-6][2-2].wasm,c6773cf5259246292d68c5c16be6c19e
all5/Text_processing-2/[0-5][1-6][2-3].wasm,c6773cf5259246292d68c5c16be6c19e
all5/Text_processing-2/[0-5][1-6][2-4].wasm,c6773cf5259246292d68c5c16be6c19e
all5/Text_processing-2/[0-5][1-6][2-5].wasm,c6773cf5259246292d68c5c16be6c19e
all5/Text_processing-2/[0-5][1-6][2-6].wasm,c6773cf5259246292d68c5c16be6c19e
all5/Text_processing-2/[0-5][1-6][2-7].wasm,c6773cf5259246292d68c5c16be6c19e
all5/Text_processing-2/[0-5][1-6][2-8].wasm,c6773cf5259246292d68c5c16be6c19e
all5/Text_processing-2/[0-5][1-7].wasm,c6773cf5259246292d68c5c16be6c19e
all5/Text_processing-2/[0-5][1-7][2-1].wasm,c6773cf5259246292d68c5c16be6c19e
all5/Text_processing-2/[0-5][1-7][2-2].wasm,c6773cf5259246292d68c5c16be6c19e
all5/Text_processing-2/[0-5][1-7][2-3].wasm,c6773cf5259246292d68c5c16be6c19e
all5/Text_processing-2/[0-5][1-7][2-4].wasm,c6773cf5259246292d68c5c16be6c19e
all5/Text_processing-2/[0-5][1-7][2-5].wasm,c6773cf5259246292d68c5c16be6c19e
all5/Text_processing-2/[0-5][1-7][2-6].wasm,c6773cf5259246292d68c5c16be6c19e
all5/Text_processing-2/[0-5][1-7][2-7].wasm,c6773cf5259246292d68c5c16be6c19e
all5/Text_processing-2/[0-5][1-7][2-8].wasm,c6773cf5259246292d68c5c16be6c19e
all5/Text_processing-2/[0-5][1-8].wasm,c6773cf5259246292d68c5c16be6c19e
all5/Text_processing-2/[0-5][1-8][2-1].wasm,c6773cf5259246292d68c5c16be6c19e
all5/Text_processing-2/[0-5][1-8][2-2].wasm,c6773cf5259246292d68c5c16be6c19e
all5/Text_processing-2/[0-5][1-8][2-3].wasm,c6773cf5259246292d68c5c16be6c19e
all5/Text_processing-2/[0-5][1-8][2-4].wasm,c6773cf5259246292d68c5c16be6c19e
all5/Text_processing-2/[0-5][1-8][2-5].wasm,c6773cf5259246292d68c5c16be6c19e
all5/Text_processing-2/[0-5][1-8][2-6].wasm,c6773cf5259246292d68c5c16be6c19e
all5/Text_processing-2/[0-5][1-8][2-7].wasm,c6773cf5259246292d68c5c16be6c19e
all5/Text_processing-2/[0-5][1-8][2-8].wasm,c6773cf5259246292d68c5c16be6c19e
all5/Text_processing-2/[0-5][2-1].wasm,c6773cf5259246292d68c5c16be6c19e
all5/Text_processing-2/[0-5][2-2].wasm,c6773cf5259246292d68c5c16be6c19e
all5/Text_processing-2/[0-5][2-3].wasm,c6773cf5259246292d68c5c16be6c19e
all5/Text_processing-2/[0-5][2-4].wasm,c6773cf5259246292d68c5c16be6c19e
all5/Text_processing-2/[0-5][2-5].wasm,c6773cf5259246292d68c5c16be6c19e
all5/Text_processing-2/[0-5][2-6].wasm,c6773cf5259246292d68c5c16be6c19e
all5/Text_processing-2/[0-5][2-7].wasm,c6773cf5259246292d68c5c16be6c19e
all5/Text_processing-2/[0-5][2-8].wasm,c6773cf5259246292d68c5c16be6c19e
all5/Text_processing-2/[0-6].wasm,c6773cf5259246292d68c5c16be6c19e
all5/Text_processing-2/[0-6][1-1].wasm,c6773cf5259246292d68c5c16be6c19e
all5/Text_processing-2/[0-6][1-1][2-1].wasm,c6773cf5259246292d68c5c16be6c19e
all5/Text_processing-2/[0-6][1-1][2-2].wasm,c6773cf5259246292d68c5c16be6c19e
all5/Text_processing-2/[0-6][1-1][2-3].wasm,c6773cf5259246292d68c5c16be6c19e
all5/Text_processing-2/[0-6][1-1][2-4].wasm,c6773cf5259246292d68c5c16be6c19e
all5/Text_processing-2/[0-6][1-1][2-5].wasm,c6773cf5259246292d68c5c16be6c19e
all5/Text_processing-2/[0-6][1-1][2-6].wasm,c6773cf5259246292d68c5c16be6c19e
all5/Text_processing-2/[0-6][1-1][2-7].wasm,c6773cf5259246292d68c5c16be6c19e
all5/Text_processing-2/[0-6][1-1][2-8].wasm,c6773cf5259246292d68c5c16be6c19e
all5/Text_processing-2/[0-6][1-2].wasm,c6773cf5259246292d68c5c16be6c19e
all5/Text_processing-2/[0-6][1-2][2-1].wasm,c6773cf5259246292d68c5c16be6c19e
all5/Text_processing-2/[0-6][1-2][2-2].wasm,c6773cf5259246292d68c5c16be6c19e
all5/Text_processing-2/[0-6][1-2][2-3].wasm,c6773cf5259246292d68c5c16be6c19e
all5/Text_processing-2/[0-6][1-2][2-4].wasm,c6773cf5259246292d68c5c16be6c19e
all5/Text_processing-2/[0-6][1-2][2-5].wasm,c6773cf5259246292d68c5c16be6c19e
all5/Text_processing-2/[0-6][1-2][2-6].wasm,c6773cf5259246292d68c5c16be6c19e
all5/Text_processing-2/[0-6][1-2][2-7].wasm,c6773cf5259246292d68c5c16be6c19e
all5/Text_processing-2/[0-6][1-2][2-8].wasm,c6773cf5259246292d68c5c16be6c19e
all5/Text_processing-2/[0-6][1-3].wasm,c6773cf5259246292d68c5c16be6c19e
all5/Text_processing-2/[0-6][1-3][2-1].wasm,c6773cf5259246292d68c5c16be6c19e
all5/Text_processing-2/[0-6][1-3][2-2].wasm,c6773cf5259246292d68c5c16be6c19e
all5/Text_processing-2/[0-6][1-3][2-3].wasm,c6773cf5259246292d68c5c16be6c19e
all5/Text_processing-2/[0-6][1-3][2-4].wasm,c6773cf5259246292d68c5c16be6c19e
all5/Text_processing-2/[0-6][1-3][2-5].wasm,c6773cf5259246292d68c5c16be6c19e
all5/Text_processing-2/[0-6][1-3][2-6].wasm,c6773cf5259246292d68c5c16be6c19e
all5/Text_processing-2/[0-6][1-3][2-7].wasm,c6773cf5259246292d68c5c16be6c19e
all5/Text_processing-2/[0-6][1-3][2-8].wasm,c6773cf5259246292d68c5c16be6c19e
all5/Text_processing-2/[0-6][1-4].wasm,c6773cf5259246292d68c5c16be6c19e
all5/Text_processing-2/[0-6][1-4][2-1].wasm,c6773cf5259246292d68c5c16be6c19e
all5/Text_processing-2/[0-6][1-4][2-2].wasm,c6773cf5259246292d68c5c16be6c19e
all5/Text_processing-2/[0-6][1-4][2-3].wasm,c6773cf5259246292d68c5c16be6c19e
all5/Text_processing-2/[0-6][1-4][2-4].wasm,c6773cf5259246292d68c5c16be6c19e
all5/Text_processing-2/[0-6][1-4][2-5].wasm,c6773cf5259246292d68c5c16be6c19e
all5/Text_processing-2/[0-6][1-4][2-6].wasm,c6773cf5259246292d68c5c16be6c19e
all5/Text_processing-2/[0-6][1-4][2-7].wasm,c6773cf5259246292d68c5c16be6c19e
all5/Text_processing-2/[0-6][1-4][2-8].wasm,c6773cf5259246292d68c5c16be6c19e
all5/Text_processing-2/[0-6][1-5].wasm,c6773cf5259246292d68c5c16be6c19e
all5/Text_processing-2/[0-6][1-5][2-1].wasm,c6773cf5259246292d68c5c16be6c19e
all5/Text_processing-2/[0-6][1-5][2-2].wasm,c6773cf5259246292d68c5c16be6c19e
all5/Text_processing-2/[0-6][1-5][2-3].wasm,c6773cf5259246292d68c5c16be6c19e
all5/Text_processing-2/[0-6][1-5][2-4].wasm,c6773cf5259246292d68c5c16be6c19e
all5/Text_processing-2/[0-6][1-5][2-5].wasm,c6773cf5259246292d68c5c16be6c19e
all5/Text_processing-2/[0-6][1-5][2-6].wasm,c6773cf5259246292d68c5c16be6c19e
all5/Text_processing-2/[0-6][1-5][2-7].wasm,c6773cf5259246292d68c5c16be6c19e
all5/Text_processing-2/[0-6][1-5][2-8].wasm,c6773cf5259246292d68c5c16be6c19e
all5/Text_processing-2/[0-6][1-6].wasm,c6773cf5259246292d68c5c16be6c19e
all5/Text_processing-2/[0-6][1-6][2-1].wasm,c6773cf5259246292d68c5c16be6c19e
all5/Text_processing-2/[0-6][1-6][2-2].wasm,c6773cf5259246292d68c5c16be6c19e
all5/Text_processing-2/[0-6][1-6][2-3].wasm,c6773cf5259246292d68c5c16be6c19e
all5/Text_processing-2/[0-6][1-6][2-4].wasm,c6773cf5259246292d68c5c16be6c19e
all5/Text_processing-2/[0-6][1-6][2-5].wasm,c6773cf5259246292d68c5c16be6c19e
all5/Text_processing-2/[0-6][1-6][2-6].wasm,c6773cf5259246292d68c5c16be6c19e
all5/Text_processing-2/[0-6][1-6][2-7].wasm,c6773cf5259246292d68c5c16be6c19e
all5/Text_processing-2/[0-6][1-6][2-8].wasm,c6773cf5259246292d68c5c16be6c19e
all5/Text_processing-2/[0-6][1-7].wasm,c6773cf5259246292d68c5c16be6c19e
all5/Text_processing-2/[0-6][1-7][2-1].wasm,c6773cf5259246292d68c5c16be6c19e
all5/Text_processing-2/[0-6][1-7][2-2].wasm,c6773cf5259246292d68c5c16be6c19e
all5/Text_processing-2/[0-6][1-7][2-3].wasm,c6773cf5259246292d68c5c16be6c19e
all5/Text_processing-2/[0-6][1-7][2-4].wasm,c6773cf5259246292d68c5c16be6c19e
all5/Text_processing-2/[0-6][1-7][2-5].wasm,c6773cf5259246292d68c5c16be6c19e
all5/Text_processing-2/[0-6][1-7][2-6].wasm,c6773cf5259246292d68c5c16be6c19e
all5/Text_processing-2/[0-6][1-7][2-7].wasm,c6773cf5259246292d68c5c16be6c19e
all5/Text_processing-2/[0-6][1-7][2-8].wasm,c6773cf5259246292d68c5c16be6c19e
all5/Text_processing-2/[0-6][1-8].wasm,c6773cf5259246292d68c5c16be6c19e
all5/Text_processing-2/[0-6][1-8][2-1].wasm,c6773cf5259246292d68c5c16be6c19e
all5/Text_processing-2/[0-6][1-8][2-2].wasm,c6773cf5259246292d68c5c16be6c19e
all5/Text_processing-2/[0-6][1-8][2-3].wasm,c6773cf5259246292d68c5c16be6c19e
all5/Text_processing-2/[0-6][1-8][2-4].wasm,c6773cf5259246292d68c5c16be6c19e
all5/Text_processing-2/[0-6][1-8][2-5].wasm,c6773cf5259246292d68c5c16be6c19e
all5/Text_processing-2/[0-6][1-8][2-6].wasm,c6773cf5259246292d68c5c16be6c19e
all5/Text_processing-2/[0-6][1-8][2-7].wasm,c6773cf5259246292d68c5c16be6c19e
all5/Text_processing-2/[0-6][1-8][2-8].wasm,c6773cf5259246292d68c5c16be6c19e
all5/Text_processing-2/[0-6][2-1].wasm,c6773cf5259246292d68c5c16be6c19e
all5/Text_processing-2/[0-6][2-2].wasm,c6773cf5259246292d68c5c16be6c19e
all5/Text_processing-2/[0-6][2-3].wasm,c6773cf5259246292d68c5c16be6c19e
all5/Text_processing-2/[0-6][2-4].wasm,c6773cf5259246292d68c5c16be6c19e
all5/Text_processing-2/[0-6][2-5].wasm,c6773cf5259246292d68c5c16be6c19e
all5/Text_processing-2/[0-6][2-6].wasm,c6773cf5259246292d68c5c16be6c19e
all5/Text_processing-2/[0-6][2-7].wasm,c6773cf5259246292d68c5c16be6c19e
all5/Text_processing-2/[0-6][2-8].wasm,c6773cf5259246292d68c5c16be6c19e
all5/Text_processing-2/[0-7].wasm,c6773cf5259246292d68c5c16be6c19e
all5/Text_processing-2/[0-7][1-1].wasm,c6773cf5259246292d68c5c16be6c19e
all5/Text_processing-2/[0-7][1-1][2-1].wasm,c6773cf5259246292d68c5c16be6c19e
all5/Text_processing-2/[0-7][1-1][2-2].wasm,c6773cf5259246292d68c5c16be6c19e
all5/Text_processing-2/[0-7][1-1][2-3].wasm,c6773cf5259246292d68c5c16be6c19e
all5/Text_processing-2/[0-7][1-1][2-4].wasm,c6773cf5259246292d68c5c16be6c19e
all5/Text_processing-2/[0-7][1-1][2-5].wasm,c6773cf5259246292d68c5c16be6c19e
all5/Text_processing-2/[0-7][1-1][2-6].wasm,c6773cf5259246292d68c5c16be6c19e
all5/Text_processing-2/[0-7][1-1][2-7].wasm,c6773cf5259246292d68c5c16be6c19e
all5/Text_processing-2/[0-7][1-1][2-8].wasm,c6773cf5259246292d68c5c16be6c19e
all5/Text_processing-2/[0-7][1-2].wasm,c6773cf5259246292d68c5c16be6c19e
all5/Text_processing-2/[0-7][1-2][2-1].wasm,c6773cf5259246292d68c5c16be6c19e
all5/Text_processing-2/[0-7][1-2][2-2].wasm,c6773cf5259246292d68c5c16be6c19e
all5/Text_processing-2/[0-7][1-2][2-3].wasm,c6773cf5259246292d68c5c16be6c19e
all5/Text_processing-2/[0-7][1-2][2-4].wasm,c6773cf5259246292d68c5c16be6c19e
all5/Text_processing-2/[0-7][1-2][2-5].wasm,c6773cf5259246292d68c5c16be6c19e
all5/Text_processing-2/[0-7][1-2][2-6].wasm,c6773cf5259246292d68c5c16be6c19e
all5/Text_processing-2/[0-7][1-2][2-7].wasm,c6773cf5259246292d68c5c16be6c19e
all5/Text_processing-2/[0-7][1-2][2-8].wasm,c6773cf5259246292d68c5c16be6c19e
all5/Text_processing-2/[0-7][1-3].wasm,c6773cf5259246292d68c5c16be6c19e
all5/Text_processing-2/[0-7][1-3][2-1].wasm,c6773cf5259246292d68c5c16be6c19e
all5/Text_processing-2/[0-7][1-3][2-2].wasm,c6773cf5259246292d68c5c16be6c19e
all5/Text_processing-2/[0-7][1-3][2-3].wasm,c6773cf5259246292d68c5c16be6c19e
all5/Text_processing-2/[0-7][1-3][2-4].wasm,c6773cf5259246292d68c5c16be6c19e
all5/Text_processing-2/[0-7][1-3][2-5].wasm,c6773cf5259246292d68c5c16be6c19e
all5/Text_processing-2/[0-7][1-3][2-6].wasm,c6773cf5259246292d68c5c16be6c19e
all5/Text_processing-2/[0-7][1-3][2-7].wasm,c6773cf5259246292d68c5c16be6c19e
all5/Text_processing-2/[0-7][1-3][2-8].wasm,c6773cf5259246292d68c5c16be6c19e
all5/Text_processing-2/[0-7][1-4].wasm,c6773cf5259246292d68c5c16be6c19e
all5/Text_processing-2/[0-7][1-4][2-1].wasm,c6773cf5259246292d68c5c16be6c19e
all5/Text_processing-2/[0-7][1-4][2-2].wasm,c6773cf5259246292d68c5c16be6c19e
all5/Text_processing-2/[0-7][1-4][2-3].wasm,c6773cf5259246292d68c5c16be6c19e
all5/Text_processing-2/[0-7][1-4][2-4].wasm,c6773cf5259246292d68c5c16be6c19e
all5/Text_processing-2/[0-7][1-4][2-5].wasm,c6773cf5259246292d68c5c16be6c19e
all5/Text_processing-2/[0-7][1-4][2-6].wasm,c6773cf5259246292d68c5c16be6c19e
all5/Text_processing-2/[0-7][1-4][2-7].wasm,c6773cf5259246292d68c5c16be6c19e
all5/Text_processing-2/[0-7][1-4][2-8].wasm,c6773cf5259246292d68c5c16be6c19e
all5/Text_processing-2/[0-7][1-5].wasm,c6773cf5259246292d68c5c16be6c19e
all5/Text_processing-2/[0-7][1-5][2-1].wasm,c6773cf5259246292d68c5c16be6c19e
all5/Text_processing-2/[0-7][1-5][2-2].wasm,c6773cf5259246292d68c5c16be6c19e
all5/Text_processing-2/[0-7][1-5][2-3].wasm,c6773cf5259246292d68c5c16be6c19e
all5/Text_processing-2/[0-7][1-5][2-4].wasm,c6773cf5259246292d68c5c16be6c19e
all5/Text_processing-2/[0-7][1-5][2-5].wasm,c6773cf5259246292d68c5c16be6c19e
all5/Text_processing-2/[0-7][1-5][2-6].wasm,c6773cf5259246292d68c5c16be6c19e
all5/Text_processing-2/[0-7][1-5][2-7].wasm,c6773cf5259246292d68c5c16be6c19e
all5/Text_processing-2/[0-7][1-5][2-8].wasm,c6773cf5259246292d68c5c16be6c19e
all5/Text_processing-2/[0-7][1-6].wasm,c6773cf5259246292d68c5c16be6c19e
all5/Text_processing-2/[0-7][1-6][2-1].wasm,c6773cf5259246292d68c5c16be6c19e
all5/Text_processing-2/[0-7][1-6][2-2].wasm,c6773cf5259246292d68c5c16be6c19e
all5/Text_processing-2/[0-7][1-6][2-3].wasm,c6773cf5259246292d68c5c16be6c19e
all5/Text_processing-2/[0-7][1-6][2-4].wasm,c6773cf5259246292d68c5c16be6c19e
all5/Text_processing-2/[0-7][1-6][2-5].wasm,c6773cf5259246292d68c5c16be6c19e
all5/Text_processing-2/[0-7][1-6][2-6].wasm,c6773cf5259246292d68c5c16be6c19e
all5/Text_processing-2/[0-7][1-6][2-7].wasm,c6773cf5259246292d68c5c16be6c19e
all5/Text_processing-2/[0-7][1-6][2-8].wasm,c6773cf5259246292d68c5c16be6c19e
all5/Text_processing-2/[0-7][1-7].wasm,c6773cf5259246292d68c5c16be6c19e
all5/Text_processing-2/[0-7][1-7][2-1].wasm,c6773cf5259246292d68c5c16be6c19e
all5/Text_processing-2/[0-7][1-7][2-2].wasm,c6773cf5259246292d68c5c16be6c19e
all5/Text_processing-2/[0-7][1-7][2-3].wasm,c6773cf5259246292d68c5c16be6c19e
all5/Text_processing-2/[0-7][1-7][2-4].wasm,c6773cf5259246292d68c5c16be6c19e
all5/Text_processing-2/[0-7][1-7][2-5].wasm,c6773cf5259246292d68c5c16be6c19e
all5/Text_processing-2/[0-7][1-7][2-6].wasm,c6773cf5259246292d68c5c16be6c19e
all5/Text_processing-2/[0-7][1-7][2-7].wasm,c6773cf5259246292d68c5c16be6c19e
all5/Text_processing-2/[0-7][1-7][2-8].wasm,c6773cf5259246292d68c5c16be6c19e
all5/Text_processing-2/[0-7][1-8].wasm,c6773cf5259246292d68c5c16be6c19e
all5/Text_processing-2/[0-7][1-8][2-1].wasm,c6773cf5259246292d68c5c16be6c19e
all5/Text_processing-2/[0-7][1-8][2-2].wasm,c6773cf5259246292d68c5c16be6c19e
all5/Text_processing-2/[0-7][1-8][2-3].wasm,c6773cf5259246292d68c5c16be6c19e
all5/Text_processing-2/[0-7][1-8][2-4].wasm,c6773cf5259246292d68c5c16be6c19e
all5/Text_processing-2/[0-7][1-8][2-5].wasm,c6773cf5259246292d68c5c16be6c19e
all5/Text_processing-2/[0-7][1-8][2-6].wasm,c6773cf5259246292d68c5c16be6c19e
all5/Text_processing-2/[0-7][1-8][2-7].wasm,c6773cf5259246292d68c5c16be6c19e
all5/Text_processing-2/[0-7][1-8][2-8].wasm,c6773cf5259246292d68c5c16be6c19e
all5/Text_processing-2/[0-7][2-1].wasm,c6773cf5259246292d68c5c16be6c19e
all5/Text_processing-2/[0-7][2-2].wasm,c6773cf5259246292d68c5c16be6c19e
all5/Text_processing-2/[0-7][2-3].wasm,c6773cf5259246292d68c5c16be6c19e
all5/Text_processing-2/[0-7][2-4].wasm,c6773cf5259246292d68c5c16be6c19e
all5/Text_processing-2/[0-7][2-5].wasm,c6773cf5259246292d68c5c16be6c19e
all5/Text_processing-2/[0-7][2-6].wasm,c6773cf5259246292d68c5c16be6c19e
all5/Text_processing-2/[0-7][2-7].wasm,c6773cf5259246292d68c5c16be6c19e
all5/Text_processing-2/[0-7][2-8].wasm,c6773cf5259246292d68c5c16be6c19e
all5/Text_processing-2/[0-8].wasm,c6773cf5259246292d68c5c16be6c19e
all5/Text_processing-2/[0-8][1-1].wasm,c6773cf5259246292d68c5c16be6c19e
all5/Text_processing-2/[0-8][1-1][2-1].wasm,c6773cf5259246292d68c5c16be6c19e
all5/Text_processing-2/[0-8][1-1][2-2].wasm,c6773cf5259246292d68c5c16be6c19e
all5/Text_processing-2/[0-8][1-1][2-3].wasm,c6773cf5259246292d68c5c16be6c19e
all5/Text_processing-2/[0-8][1-1][2-4].wasm,c6773cf5259246292d68c5c16be6c19e
all5/Text_processing-2/[0-8][1-1][2-5].wasm,c6773cf5259246292d68c5c16be6c19e
all5/Text_processing-2/[0-8][1-1][2-6].wasm,c6773cf5259246292d68c5c16be6c19e
all5/Text_processing-2/[0-8][1-1][2-7].wasm,c6773cf5259246292d68c5c16be6c19e
all5/Text_processing-2/[0-8][1-1][2-8].wasm,c6773cf5259246292d68c5c16be6c19e
all5/Text_processing-2/[0-8][1-2].wasm,c6773cf5259246292d68c5c16be6c19e
all5/Text_processing-2/[0-8][1-2][2-1].wasm,c6773cf5259246292d68c5c16be6c19e
all5/Text_processing-2/[0-8][1-2][2-2].wasm,c6773cf5259246292d68c5c16be6c19e
all5/Text_processing-2/[0-8][1-2][2-3].wasm,c6773cf5259246292d68c5c16be6c19e
all5/Text_processing-2/[0-8][1-2][2-4].wasm,c6773cf5259246292d68c5c16be6c19e
all5/Text_processing-2/[0-8][1-2][2-5].wasm,c6773cf5259246292d68c5c16be6c19e
all5/Text_processing-2/[0-8][1-2][2-6].wasm,c6773cf5259246292d68c5c16be6c19e
all5/Text_processing-2/[0-8][1-2][2-7].wasm,c6773cf5259246292d68c5c16be6c19e
all5/Text_processing-2/[0-8][1-2][2-8].wasm,c6773cf5259246292d68c5c16be6c19e
all5/Text_processing-2/[0-8][1-3].wasm,c6773cf5259246292d68c5c16be6c19e
all5/Text_processing-2/[0-8][1-3][2-1].wasm,c6773cf5259246292d68c5c16be6c19e
all5/Text_processing-2/[0-8][1-3][2-2].wasm,c6773cf5259246292d68c5c16be6c19e
all5/Text_processing-2/[0-8][1-3][2-3].wasm,c6773cf5259246292d68c5c16be6c19e
all5/Text_processing-2/[0-8][1-3][2-4].wasm,c6773cf5259246292d68c5c16be6c19e
all5/Text_processing-2/[0-8][1-3][2-5].wasm,c6773cf5259246292d68c5c16be6c19e
all5/Text_processing-2/[0-8][1-3][2-6].wasm,c6773cf5259246292d68c5c16be6c19e
all5/Text_processing-2/[0-8][1-3][2-7].wasm,c6773cf5259246292d68c5c16be6c19e
all5/Text_processing-2/[0-8][1-3][2-8].wasm,c6773cf5259246292d68c5c16be6c19e
all5/Text_processing-2/[0-8][1-4].wasm,c6773cf5259246292d68c5c16be6c19e
all5/Text_processing-2/[0-8][1-4][2-1].wasm,c6773cf5259246292d68c5c16be6c19e
all5/Text_processing-2/[0-8][1-4][2-2].wasm,c6773cf5259246292d68c5c16be6c19e
all5/Text_processing-2/[0-8][1-4][2-3].wasm,c6773cf5259246292d68c5c16be6c19e
all5/Text_processing-2/[0-8][1-4][2-4].wasm,c6773cf5259246292d68c5c16be6c19e
all5/Text_processing-2/[0-8][1-4][2-5].wasm,c6773cf5259246292d68c5c16be6c19e
all5/Text_processing-2/[0-8][1-4][2-6].wasm,c6773cf5259246292d68c5c16be6c19e
all5/Text_processing-2/[0-8][1-4][2-7].wasm,c6773cf5259246292d68c5c16be6c19e
all5/Text_processing-2/[0-8][1-4][2-8].wasm,c6773cf5259246292d68c5c16be6c19e
all5/Text_processing-2/[0-8][1-5].wasm,c6773cf5259246292d68c5c16be6c19e
all5/Text_processing-2/[0-8][1-5][2-1].wasm,c6773cf5259246292d68c5c16be6c19e
all5/Text_processing-2/[0-8][1-5][2-2].wasm,c6773cf5259246292d68c5c16be6c19e
all5/Text_processing-2/[0-8][1-5][2-3].wasm,c6773cf5259246292d68c5c16be6c19e
all5/Text_processing-2/[0-8][1-5][2-4].wasm,c6773cf5259246292d68c5c16be6c19e
all5/Text_processing-2/[0-8][1-5][2-5].wasm,c6773cf5259246292d68c5c16be6c19e
all5/Text_processing-2/[0-8][1-5][2-6].wasm,c6773cf5259246292d68c5c16be6c19e
all5/Text_processing-2/[0-8][1-5][2-7].wasm,c6773cf5259246292d68c5c16be6c19e
all5/Text_processing-2/[0-8][1-5][2-8].wasm,c6773cf5259246292d68c5c16be6c19e
all5/Text_processing-2/[0-8][1-6].wasm,c6773cf5259246292d68c5c16be6c19e
all5/Text_processing-2/[0-8][1-6][2-1].wasm,c6773cf5259246292d68c5c16be6c19e
all5/Text_processing-2/[0-8][1-6][2-2].wasm,c6773cf5259246292d68c5c16be6c19e
all5/Text_processing-2/[0-8][1-6][2-3].wasm,c6773cf5259246292d68c5c16be6c19e
all5/Text_processing-2/[0-8][1-6][2-4].wasm,c6773cf5259246292d68c5c16be6c19e
all5/Text_processing-2/[0-8][1-6][2-5].wasm,c6773cf5259246292d68c5c16be6c19e
all5/Text_processing-2/[0-8][1-6][2-6].wasm,c6773cf5259246292d68c5c16be6c19e
all5/Text_processing-2/[0-8][1-6][2-7].wasm,c6773cf5259246292d68c5c16be6c19e
all5/Text_processing-2/[0-8][1-6][2-8].wasm,c6773cf5259246292d68c5c16be6c19e
all5/Text_processing-2/[0-8][1-7].wasm,c6773cf5259246292d68c5c16be6c19e
all5/Text_processing-2/[0-8][1-7][2-1].wasm,c6773cf5259246292d68c5c16be6c19e
all5/Text_processing-2/[0-8][1-7][2-2].wasm,c6773cf5259246292d68c5c16be6c19e
all5/Text_processing-2/[0-8][1-7][2-3].wasm,c6773cf5259246292d68c5c16be6c19e
all5/Text_processing-2/[0-8][1-7][2-4].wasm,c6773cf5259246292d68c5c16be6c19e
all5/Text_processing-2/[0-8][1-7][2-5].wasm,c6773cf5259246292d68c5c16be6c19e
all5/Text_processing-2/[0-8][1-7][2-6].wasm,c6773cf5259246292d68c5c16be6c19e
all5/Text_processing-2/[0-8][1-7][2-7].wasm,c6773cf5259246292d68c5c16be6c19e
all5/Text_processing-2/[0-8][1-7][2-8].wasm,c6773cf5259246292d68c5c16be6c19e
all5/Text_processing-2/[0-8][2-1].wasm,c6773cf5259246292d68c5c16be6c19e
all5/Text_processing-2/[0-8][2-2].wasm,c6773cf5259246292d68c5c16be6c19e
all5/Text_processing-2/[0-8][2-3].wasm,c6773cf5259246292d68c5c16be6c19e
all5/Text_processing-2/[0-8][2-4].wasm,c6773cf5259246292d68c5c16be6c19e
all5/Text_processing-2/[0-8][2-5].wasm,c6773cf5259246292d68c5c16be6c19e
all5/Text_processing-2/[0-8][2-6].wasm,c6773cf5259246292d68c5c16be6c19e
all5/Text_processing-2/[0-8][2-7].wasm,c6773cf5259246292d68c5c16be6c19e
all5/Text_processing-2/[0-8][2-8].wasm,c6773cf5259246292d68c5c16be6c19e
all5/Text_processing-2/[1-1].wasm,c6773cf5259246292d68c5c16be6c19e
all5/Text_processing-2/[1-1][2-1].wasm,c6773cf5259246292d68c5c16be6c19e
all5/Text_processing-2/[1-1][2-2].wasm,c6773cf5259246292d68c5c16be6c19e
all5/Text_processing-2/[1-1][2-3].wasm,c6773cf5259246292d68c5c16be6c19e
all5/Text_processing-2/[1-1][2-4].wasm,c6773cf5259246292d68c5c16be6c19e
all5/Text_processing-2/[1-1][2-5].wasm,c6773cf5259246292d68c5c16be6c19e
all5/Text_processing-2/[1-1][2-6].wasm,c6773cf5259246292d68c5c16be6c19e
all5/Text_processing-2/[1-1][2-7].wasm,c6773cf5259246292d68c5c16be6c19e
all5/Text_processing-2/[1-1][2-8].wasm,c6773cf5259246292d68c5c16be6c19e
all5/Text_processing-2/[1-2].wasm,c6773cf5259246292d68c5c16be6c19e
all5/Text_processing-2/[1-2][2-1].wasm,c6773cf5259246292d68c5c16be6c19e
all5/Text_processing-2/[1-2][2-2].wasm,c6773cf5259246292d68c5c16be6c19e
all5/Text_processing-2/[1-2][2-3].wasm,c6773cf5259246292d68c5c16be6c19e
all5/Text_processing-2/[1-2][2-4].wasm,c6773cf5259246292d68c5c16be6c19e
all5/Text_processing-2/[1-2][2-5].wasm,c6773cf5259246292d68c5c16be6c19e
all5/Text_processing-2/[1-2][2-6].wasm,c6773cf5259246292d68c5c16be6c19e
all5/Text_processing-2/[1-2][2-7].wasm,c6773cf5259246292d68c5c16be6c19e
all5/Text_processing-2/[1-2][2-8].wasm,c6773cf5259246292d68c5c16be6c19e
all5/Text_processing-2/[1-3].wasm,c6773cf5259246292d68c5c16be6c19e
all5/Text_processing-2/[1-3][2-1].wasm,c6773cf5259246292d68c5c16be6c19e
all5/Text_processing-2/[1-3][2-2].wasm,c6773cf5259246292d68c5c16be6c19e
all5/Text_processing-2/[1-3][2-3].wasm,c6773cf5259246292d68c5c16be6c19e
all5/Text_processing-2/[1-3][2-4].wasm,c6773cf5259246292d68c5c16be6c19e
all5/Text_processing-2/[1-3][2-5].wasm,c6773cf5259246292d68c5c16be6c19e
all5/Text_processing-2/[1-3][2-6].wasm,c6773cf5259246292d68c5c16be6c19e
all5/Text_processing-2/[1-3][2-7].wasm,c6773cf5259246292d68c5c16be6c19e
all5/Text_processing-2/[1-3][2-8].wasm,c6773cf5259246292d68c5c16be6c19e
all5/Text_processing-2/[1-4].wasm,c6773cf5259246292d68c5c16be6c19e
all5/Text_processing-2/[1-4][2-1].wasm,c6773cf5259246292d68c5c16be6c19e
all5/Text_processing-2/[1-4][2-2].wasm,c6773cf5259246292d68c5c16be6c19e
all5/Text_processing-2/[1-4][2-3].wasm,c6773cf5259246292d68c5c16be6c19e
all5/Text_processing-2/[1-4][2-4].wasm,c6773cf5259246292d68c5c16be6c19e
all5/Text_processing-2/[1-4][2-5].wasm,c6773cf5259246292d68c5c16be6c19e
all5/Text_processing-2/[1-4][2-6].wasm,c6773cf5259246292d68c5c16be6c19e
all5/Text_processing-2/[1-4][2-7].wasm,c6773cf5259246292d68c5c16be6c19e
all5/Text_processing-2/[1-4][2-8].wasm,c6773cf5259246292d68c5c16be6c19e
all5/Text_processing-2/[1-5].wasm,c6773cf5259246292d68c5c16be6c19e
all5/Text_processing-2/[1-5][2-1].wasm,c6773cf5259246292d68c5c16be6c19e
all5/Text_processing-2/[1-5][2-2].wasm,c6773cf5259246292d68c5c16be6c19e
all5/Text_processing-2/[1-5][2-3].wasm,c6773cf5259246292d68c5c16be6c19e
all5/Text_processing-2/[1-5][2-4].wasm,c6773cf5259246292d68c5c16be6c19e
all5/Text_processing-2/[1-5][2-5].wasm,c6773cf5259246292d68c5c16be6c19e
all5/Text_processing-2/[1-5][2-6].wasm,c6773cf5259246292d68c5c16be6c19e
all5/Text_processing-2/[1-5][2-7].wasm,c6773cf5259246292d68c5c16be6c19e
all5/Text_processing-2/[1-5][2-8].wasm,c6773cf5259246292d68c5c16be6c19e
all5/Text_processing-2/[1-6].wasm,c6773cf5259246292d68c5c16be6c19e
all5/Text_processing-2/[1-6][2-1].wasm,c6773cf5259246292d68c5c16be6c19e
all5/Text_processing-2/[1-6][2-2].wasm,c6773cf5259246292d68c5c16be6c19e
all5/Text_processing-2/[1-6][2-3].wasm,c6773cf5259246292d68c5c16be6c19e
all5/Text_processing-2/[1-6][2-4].wasm,c6773cf5259246292d68c5c16be6c19e
all5/Text_processing-2/[1-6][2-5].wasm,c6773cf5259246292d68c5c16be6c19e
all5/Text_processing-2/[1-6][2-6].wasm,c6773cf5259246292d68c5c16be6c19e
all5/Text_processing-2/[1-6][2-7].wasm,c6773cf5259246292d68c5c16be6c19e
all5/Text_processing-2/[1-6][2-8].wasm,c6773cf5259246292d68c5c16be6c19e
all5/Text_processing-2/[1-7].wasm,c6773cf5259246292d68c5c16be6c19e
all5/Text_processing-2/[1-7][2-1].wasm,c6773cf5259246292d68c5c16be6c19e
all5/Text_processing-2/[1-7][2-2].wasm,c6773cf5259246292d68c5c16be6c19e
all5/Text_processing-2/[1-7][2-3].wasm,c6773cf5259246292d68c5c16be6c19e
all5/Text_processing-2/[1-7][2-4].wasm,c6773cf5259246292d68c5c16be6c19e
all5/Text_processing-2/[1-7][2-5].wasm,c6773cf5259246292d68c5c16be6c19e
all5/Text_processing-2/[1-7][2-6].wasm,c6773cf5259246292d68c5c16be6c19e
all5/Text_processing-2/[1-7][2-7].wasm,c6773cf5259246292d68c5c16be6c19e
all5/Text_processing-2/[1-7][2-8].wasm,c6773cf5259246292d68c5c16be6c19e
all5/Text_processing-2/[1-8].wasm,c6773cf5259246292d68c5c16be6c19e
all5/Text_processing-2/[1-8][2-1].wasm,c6773cf5259246292d68c5c16be6c19e
all5/Text_processing-2/[1-8][2-2].wasm,c6773cf5259246292d68c5c16be6c19e
all5/Text_processing-2/[1-8][2-3].wasm,c6773cf5259246292d68c5c16be6c19e
all5/Text_processing-2/[1-8][2-4].wasm,c6773cf5259246292d68c5c16be6c19e
all5/Text_processing-2/[1-8][2-5].wasm,c6773cf5259246292d68c5c16be6c19e
all5/Text_processing-2/[1-8][2-6].wasm,c6773cf5259246292d68c5c16be6c19e
all5/Text_processing-2/[1-8][2-7].wasm,c6773cf5259246292d68c5c16be6c19e
all5/Text_processing-2/[1-8][2-8].wasm,c6773cf5259246292d68c5c16be6c19e
all5/Text_processing-2/[2-1].wasm,c6773cf5259246292d68c5c16be6c19e
all5/Text_processing-2/[2-2].wasm,c6773cf5259246292d68c5c16be6c19e
all5/Text_processing-2/[2-3].wasm,c6773cf5259246292d68c5c16be6c19e
all5/Text_processing-2/[2-4].wasm,c6773cf5259246292d68c5c16be6c19e
all5/Text_processing-2/[2-5].wasm,c6773cf5259246292d68c5c16be6c19e
all5/Text_processing-2/[2-6].wasm,c6773cf5259246292d68c5c16be6c19e
all5/Text_processing-2/[2-7].wasm,c6773cf5259246292d68c5c16be6c19e
all5/Text_processing-2/[2-8].wasm,c6773cf5259246292d68c5c16be6c19e
