name, hash
all5/The_ISAAC_Cipher/The_ISAAC_Cipher.wasm,0f47b11e17a176d78014adf3d0cdff36
all5/The_ISAAC_Cipher/The_ISAAC_Cipher.wasm.~1~,8c64bc36d4e5fa05c88cf1e2499e37b5
all5/The_ISAAC_Cipher/The_ISAAC_Cipher.wasm.~2~,0f47b11e17a176d78014adf3d0cdff36
all5/The_ISAAC_Cipher/The_ISAAC_Cipher.wasm.~3~,8c64bc36d4e5fa05c88cf1e2499e37b5
all5/The_ISAAC_Cipher/[2-1][4-4][6-1].wasm,3904bb5d0f8106d3c67a8841444a7b2e
all5/The_ISAAC_Cipher/[3-1].wasm,8c64bc36d4e5fa05c88cf1e2499e37b5
all5/The_ISAAC_Cipher/[3-1][4-1].wasm,8c64bc36d4e5fa05c88cf1e2499e37b5
all5/The_ISAAC_Cipher/[3-1][4-1][5-1].wasm,8c64bc36d4e5fa05c88cf1e2499e37b5
all5/The_ISAAC_Cipher/[3-1][4-1][5-1][6-1].wasm,3904bb5d0f8106d3c67a8841444a7b2e
all5/The_ISAAC_Cipher/[3-1][4-1][6-1].wasm,3904bb5d0f8106d3c67a8841444a7b2e
all5/The_ISAAC_Cipher/[3-1][4-2].wasm,8c64bc36d4e5fa05c88cf1e2499e37b5
all5/The_ISAAC_Cipher/[3-1][4-2][5-1].wasm,8c64bc36d4e5fa05c88cf1e2499e37b5
all5/The_ISAAC_Cipher/[3-1][4-2][5-1][6-1].wasm,3904bb5d0f8106d3c67a8841444a7b2e
all5/The_ISAAC_Cipher/[3-1][4-2][6-1].wasm,3904bb5d0f8106d3c67a8841444a7b2e
all5/The_ISAAC_Cipher/[3-1][4-3].wasm,8c64bc36d4e5fa05c88cf1e2499e37b5
all5/The_ISAAC_Cipher/[3-1][4-3][5-1].wasm,8c64bc36d4e5fa05c88cf1e2499e37b5
all5/The_ISAAC_Cipher/[3-1][4-3][5-1][6-1].wasm,3904bb5d0f8106d3c67a8841444a7b2e
all5/The_ISAAC_Cipher/[3-1][4-3][6-1].wasm,3904bb5d0f8106d3c67a8841444a7b2e
all5/The_ISAAC_Cipher/[3-1][4-4].wasm,8c64bc36d4e5fa05c88cf1e2499e37b5
all5/The_ISAAC_Cipher/[3-1][4-4][5-1].wasm,8c64bc36d4e5fa05c88cf1e2499e37b5
all5/The_ISAAC_Cipher/[3-1][4-4][5-1][6-1].wasm,3904bb5d0f8106d3c67a8841444a7b2e
all5/The_ISAAC_Cipher/[3-1][4-4][6-1].wasm,3904bb5d0f8106d3c67a8841444a7b2e
all5/The_ISAAC_Cipher/[3-1][5-1].wasm,8c64bc36d4e5fa05c88cf1e2499e37b5
all5/The_ISAAC_Cipher/[3-1][5-1][6-1].wasm,3904bb5d0f8106d3c67a8841444a7b2e
all5/The_ISAAC_Cipher/[3-1][6-1].wasm,3904bb5d0f8106d3c67a8841444a7b2e
all5/The_ISAAC_Cipher/[4-1].wasm,8c64bc36d4e5fa05c88cf1e2499e37b5
all5/The_ISAAC_Cipher/[4-1][5-1].wasm,8c64bc36d4e5fa05c88cf1e2499e37b5
all5/The_ISAAC_Cipher/[4-1][5-1][6-1].wasm,3904bb5d0f8106d3c67a8841444a7b2e
all5/The_ISAAC_Cipher/[4-1][6-1].wasm,3904bb5d0f8106d3c67a8841444a7b2e
all5/The_ISAAC_Cipher/[4-2].wasm,8c64bc36d4e5fa05c88cf1e2499e37b5
all5/The_ISAAC_Cipher/[4-2][5-1].wasm,8c64bc36d4e5fa05c88cf1e2499e37b5
all5/The_ISAAC_Cipher/[4-2][5-1][6-1].wasm,3904bb5d0f8106d3c67a8841444a7b2e
all5/The_ISAAC_Cipher/[4-2][6-1].wasm,3904bb5d0f8106d3c67a8841444a7b2e
all5/The_ISAAC_Cipher/[4-3].wasm,8c64bc36d4e5fa05c88cf1e2499e37b5
all5/The_ISAAC_Cipher/[4-3][5-1].wasm,8c64bc36d4e5fa05c88cf1e2499e37b5
all5/The_ISAAC_Cipher/[4-3][5-1][6-1].wasm,3904bb5d0f8106d3c67a8841444a7b2e
all5/The_ISAAC_Cipher/[4-3][6-1].wasm,3904bb5d0f8106d3c67a8841444a7b2e
all5/The_ISAAC_Cipher/[4-4].wasm,8c64bc36d4e5fa05c88cf1e2499e37b5
all5/The_ISAAC_Cipher/[4-4][5-1].wasm,8c64bc36d4e5fa05c88cf1e2499e37b5
all5/The_ISAAC_Cipher/[4-4][5-1][6-1].wasm,3904bb5d0f8106d3c67a8841444a7b2e
all5/The_ISAAC_Cipher/[4-4][6-1].wasm,3904bb5d0f8106d3c67a8841444a7b2e
all5/The_ISAAC_Cipher/[5-1].wasm,8c64bc36d4e5fa05c88cf1e2499e37b5
all5/The_ISAAC_Cipher/[5-1][6-1].wasm,3904bb5d0f8106d3c67a8841444a7b2e
all5/The_ISAAC_Cipher/[6-1].wasm,3904bb5d0f8106d3c67a8841444a7b2e
