name, hash
all5/Tokenize_a_string/Tokenize_a_string.wasm,da407897a96154ad558b3f7e6c225b2c
all5/Tokenize_a_string/Tokenize_a_string.wasm.~1~,da407897a96154ad558b3f7e6c225b2c
all5/Tokenize_a_string/Tokenize_a_string.wasm.~2~,6d77e817f9f95033c2187dc971c4769f
all5/Tokenize_a_string/[0-1].wasm,909c6c805f9b38128f3c4fe1d13ba9e3
all5/Tokenize_a_string/[0-1][2-1].wasm,909c6c805f9b38128f3c4fe1d13ba9e3
all5/Tokenize_a_string/[0-1][2-1][4-1].wasm,909c6c805f9b38128f3c4fe1d13ba9e3
all5/Tokenize_a_string/[0-1][2-1][4-1][5-1].wasm,909c6c805f9b38128f3c4fe1d13ba9e3
all5/Tokenize_a_string/[0-1][2-1][4-2].wasm,909c6c805f9b38128f3c4fe1d13ba9e3
all5/Tokenize_a_string/[0-1][2-1][4-2][5-1].wasm,909c6c805f9b38128f3c4fe1d13ba9e3
all5/Tokenize_a_string/[0-1][2-1][4-3].wasm,909c6c805f9b38128f3c4fe1d13ba9e3
all5/Tokenize_a_string/[0-1][2-1][4-3][5-1].wasm,909c6c805f9b38128f3c4fe1d13ba9e3
all5/Tokenize_a_string/[0-1][2-1][4-4].wasm,909c6c805f9b38128f3c4fe1d13ba9e3
all5/Tokenize_a_string/[0-1][2-1][4-4][5-1].wasm,909c6c805f9b38128f3c4fe1d13ba9e3
all5/Tokenize_a_string/[0-1][2-1][4-5].wasm,909c6c805f9b38128f3c4fe1d13ba9e3
all5/Tokenize_a_string/[0-1][2-1][4-5][5-1].wasm,909c6c805f9b38128f3c4fe1d13ba9e3
all5/Tokenize_a_string/[0-1][2-1][4-6].wasm,909c6c805f9b38128f3c4fe1d13ba9e3
all5/Tokenize_a_string/[0-1][2-1][4-6][5-1].wasm,909c6c805f9b38128f3c4fe1d13ba9e3
all5/Tokenize_a_string/[0-1][2-1][4-7].wasm,909c6c805f9b38128f3c4fe1d13ba9e3
all5/Tokenize_a_string/[0-1][2-1][4-7][5-1].wasm,909c6c805f9b38128f3c4fe1d13ba9e3
all5/Tokenize_a_string/[0-1][2-1][4-8].wasm,909c6c805f9b38128f3c4fe1d13ba9e3
all5/Tokenize_a_string/[0-1][2-1][4-8][5-1].wasm,909c6c805f9b38128f3c4fe1d13ba9e3
all5/Tokenize_a_string/[0-1][2-1][4-9].wasm,909c6c805f9b38128f3c4fe1d13ba9e3
all5/Tokenize_a_string/[0-1][2-1][4-9][5-1].wasm,909c6c805f9b38128f3c4fe1d13ba9e3
all5/Tokenize_a_string/[0-1][2-1][5-1].wasm,909c6c805f9b38128f3c4fe1d13ba9e3
all5/Tokenize_a_string/[0-1][4-1].wasm,909c6c805f9b38128f3c4fe1d13ba9e3
all5/Tokenize_a_string/[0-1][4-1][5-1].wasm,909c6c805f9b38128f3c4fe1d13ba9e3
all5/Tokenize_a_string/[0-1][4-2].wasm,909c6c805f9b38128f3c4fe1d13ba9e3
all5/Tokenize_a_string/[0-1][4-2][5-1].wasm,909c6c805f9b38128f3c4fe1d13ba9e3
all5/Tokenize_a_string/[0-1][4-3].wasm,909c6c805f9b38128f3c4fe1d13ba9e3
all5/Tokenize_a_string/[0-1][4-3][5-1].wasm,909c6c805f9b38128f3c4fe1d13ba9e3
all5/Tokenize_a_string/[0-1][4-4].wasm,909c6c805f9b38128f3c4fe1d13ba9e3
all5/Tokenize_a_string/[0-1][4-4][5-1].wasm,909c6c805f9b38128f3c4fe1d13ba9e3
all5/Tokenize_a_string/[0-1][4-5].wasm,909c6c805f9b38128f3c4fe1d13ba9e3
all5/Tokenize_a_string/[0-1][4-5][5-1].wasm,909c6c805f9b38128f3c4fe1d13ba9e3
all5/Tokenize_a_string/[0-1][4-6].wasm,909c6c805f9b38128f3c4fe1d13ba9e3
all5/Tokenize_a_string/[0-1][4-6][5-1].wasm,909c6c805f9b38128f3c4fe1d13ba9e3
all5/Tokenize_a_string/[0-1][4-7].wasm,909c6c805f9b38128f3c4fe1d13ba9e3
all5/Tokenize_a_string/[0-1][4-7][5-1].wasm,909c6c805f9b38128f3c4fe1d13ba9e3
all5/Tokenize_a_string/[0-1][4-8].wasm,909c6c805f9b38128f3c4fe1d13ba9e3
all5/Tokenize_a_string/[0-1][4-8][5-1].wasm,909c6c805f9b38128f3c4fe1d13ba9e3
all5/Tokenize_a_string/[0-1][4-9].wasm,909c6c805f9b38128f3c4fe1d13ba9e3
all5/Tokenize_a_string/[0-1][4-9][5-1].wasm,909c6c805f9b38128f3c4fe1d13ba9e3
all5/Tokenize_a_string/[0-1][5-1].wasm,909c6c805f9b38128f3c4fe1d13ba9e3
all5/Tokenize_a_string/[0-2].wasm,909c6c805f9b38128f3c4fe1d13ba9e3
all5/Tokenize_a_string/[0-2][2-1].wasm,909c6c805f9b38128f3c4fe1d13ba9e3
all5/Tokenize_a_string/[0-2][2-1][4-1].wasm,909c6c805f9b38128f3c4fe1d13ba9e3
all5/Tokenize_a_string/[0-2][2-1][4-1][5-1].wasm,909c6c805f9b38128f3c4fe1d13ba9e3
all5/Tokenize_a_string/[0-2][2-1][4-2].wasm,909c6c805f9b38128f3c4fe1d13ba9e3
all5/Tokenize_a_string/[0-2][2-1][4-2][5-1].wasm,909c6c805f9b38128f3c4fe1d13ba9e3
all5/Tokenize_a_string/[0-2][2-1][4-3].wasm,909c6c805f9b38128f3c4fe1d13ba9e3
all5/Tokenize_a_string/[0-2][2-1][4-3][5-1].wasm,909c6c805f9b38128f3c4fe1d13ba9e3
all5/Tokenize_a_string/[0-2][2-1][4-4].wasm,909c6c805f9b38128f3c4fe1d13ba9e3
all5/Tokenize_a_string/[0-2][2-1][4-4][5-1].wasm,909c6c805f9b38128f3c4fe1d13ba9e3
all5/Tokenize_a_string/[0-2][2-1][4-5].wasm,909c6c805f9b38128f3c4fe1d13ba9e3
all5/Tokenize_a_string/[0-2][2-1][4-5][5-1].wasm,909c6c805f9b38128f3c4fe1d13ba9e3
all5/Tokenize_a_string/[0-2][2-1][4-6].wasm,909c6c805f9b38128f3c4fe1d13ba9e3
all5/Tokenize_a_string/[0-2][2-1][4-6][5-1].wasm,909c6c805f9b38128f3c4fe1d13ba9e3
all5/Tokenize_a_string/[0-2][2-1][4-7].wasm,909c6c805f9b38128f3c4fe1d13ba9e3
all5/Tokenize_a_string/[0-2][2-1][4-7][5-1].wasm,909c6c805f9b38128f3c4fe1d13ba9e3
all5/Tokenize_a_string/[0-2][2-1][4-8].wasm,909c6c805f9b38128f3c4fe1d13ba9e3
all5/Tokenize_a_string/[0-2][2-1][4-8][5-1].wasm,909c6c805f9b38128f3c4fe1d13ba9e3
all5/Tokenize_a_string/[0-2][2-1][4-9].wasm,909c6c805f9b38128f3c4fe1d13ba9e3
all5/Tokenize_a_string/[0-2][2-1][4-9][5-1].wasm,909c6c805f9b38128f3c4fe1d13ba9e3
all5/Tokenize_a_string/[0-2][2-1][5-1].wasm,909c6c805f9b38128f3c4fe1d13ba9e3
all5/Tokenize_a_string/[0-2][4-1].wasm,909c6c805f9b38128f3c4fe1d13ba9e3
all5/Tokenize_a_string/[0-2][4-1][5-1].wasm,909c6c805f9b38128f3c4fe1d13ba9e3
all5/Tokenize_a_string/[0-2][4-2].wasm,909c6c805f9b38128f3c4fe1d13ba9e3
all5/Tokenize_a_string/[0-2][4-2][5-1].wasm,909c6c805f9b38128f3c4fe1d13ba9e3
all5/Tokenize_a_string/[0-2][4-3].wasm,909c6c805f9b38128f3c4fe1d13ba9e3
all5/Tokenize_a_string/[0-2][4-3][5-1].wasm,909c6c805f9b38128f3c4fe1d13ba9e3
all5/Tokenize_a_string/[0-2][4-4].wasm,909c6c805f9b38128f3c4fe1d13ba9e3
all5/Tokenize_a_string/[0-2][4-4][5-1].wasm,909c6c805f9b38128f3c4fe1d13ba9e3
all5/Tokenize_a_string/[0-2][4-5].wasm,909c6c805f9b38128f3c4fe1d13ba9e3
all5/Tokenize_a_string/[0-2][4-5][5-1].wasm,909c6c805f9b38128f3c4fe1d13ba9e3
all5/Tokenize_a_string/[0-2][4-6].wasm,909c6c805f9b38128f3c4fe1d13ba9e3
all5/Tokenize_a_string/[0-2][4-6][5-1].wasm,909c6c805f9b38128f3c4fe1d13ba9e3
all5/Tokenize_a_string/[0-2][4-7].wasm,909c6c805f9b38128f3c4fe1d13ba9e3
all5/Tokenize_a_string/[0-2][4-7][5-1].wasm,909c6c805f9b38128f3c4fe1d13ba9e3
all5/Tokenize_a_string/[0-2][4-8].wasm,909c6c805f9b38128f3c4fe1d13ba9e3
all5/Tokenize_a_string/[0-2][4-8][5-1].wasm,909c6c805f9b38128f3c4fe1d13ba9e3
all5/Tokenize_a_string/[0-2][4-9].wasm,909c6c805f9b38128f3c4fe1d13ba9e3
all5/Tokenize_a_string/[0-2][4-9][5-1].wasm,909c6c805f9b38128f3c4fe1d13ba9e3
all5/Tokenize_a_string/[0-2][5-1].wasm,909c6c805f9b38128f3c4fe1d13ba9e3
all5/Tokenize_a_string/[2-1].wasm,6d77e817f9f95033c2187dc971c4769f
all5/Tokenize_a_string/[2-1][4-1].wasm,6d77e817f9f95033c2187dc971c4769f
all5/Tokenize_a_string/[2-1][4-1][5-1].wasm,6d77e817f9f95033c2187dc971c4769f
all5/Tokenize_a_string/[2-1][4-2].wasm,6d77e817f9f95033c2187dc971c4769f
all5/Tokenize_a_string/[2-1][4-2][5-1].wasm,6d77e817f9f95033c2187dc971c4769f
all5/Tokenize_a_string/[2-1][4-3].wasm,6d77e817f9f95033c2187dc971c4769f
all5/Tokenize_a_string/[2-1][4-3][5-1].wasm,6d77e817f9f95033c2187dc971c4769f
all5/Tokenize_a_string/[2-1][4-4].wasm,6d77e817f9f95033c2187dc971c4769f
all5/Tokenize_a_string/[2-1][4-4][5-1].wasm,6d77e817f9f95033c2187dc971c4769f
all5/Tokenize_a_string/[2-1][4-5].wasm,6d77e817f9f95033c2187dc971c4769f
all5/Tokenize_a_string/[2-1][4-5][5-1].wasm,6d77e817f9f95033c2187dc971c4769f
all5/Tokenize_a_string/[2-1][4-6].wasm,6d77e817f9f95033c2187dc971c4769f
all5/Tokenize_a_string/[2-1][4-6][5-1].wasm,6d77e817f9f95033c2187dc971c4769f
all5/Tokenize_a_string/[2-1][4-7].wasm,6d77e817f9f95033c2187dc971c4769f
all5/Tokenize_a_string/[2-1][4-7][5-1].wasm,6d77e817f9f95033c2187dc971c4769f
all5/Tokenize_a_string/[2-1][4-8].wasm,6d77e817f9f95033c2187dc971c4769f
all5/Tokenize_a_string/[2-1][4-8][5-1].wasm,6d77e817f9f95033c2187dc971c4769f
all5/Tokenize_a_string/[2-1][4-9].wasm,6d77e817f9f95033c2187dc971c4769f
all5/Tokenize_a_string/[2-1][4-9][5-1].wasm,6d77e817f9f95033c2187dc971c4769f
all5/Tokenize_a_string/[2-1][5-1].wasm,6d77e817f9f95033c2187dc971c4769f
all5/Tokenize_a_string/[4-1].wasm,6d77e817f9f95033c2187dc971c4769f
all5/Tokenize_a_string/[4-1][5-1].wasm,6d77e817f9f95033c2187dc971c4769f
all5/Tokenize_a_string/[4-2].wasm,6d77e817f9f95033c2187dc971c4769f
all5/Tokenize_a_string/[4-2][5-1].wasm,6d77e817f9f95033c2187dc971c4769f
all5/Tokenize_a_string/[4-3].wasm,6d77e817f9f95033c2187dc971c4769f
all5/Tokenize_a_string/[4-3][5-1].wasm,6d77e817f9f95033c2187dc971c4769f
all5/Tokenize_a_string/[4-4].wasm,6d77e817f9f95033c2187dc971c4769f
all5/Tokenize_a_string/[4-4][5-1].wasm,6d77e817f9f95033c2187dc971c4769f
all5/Tokenize_a_string/[4-5].wasm,6d77e817f9f95033c2187dc971c4769f
all5/Tokenize_a_string/[4-5][5-1].wasm,6d77e817f9f95033c2187dc971c4769f
all5/Tokenize_a_string/[4-6].wasm,6d77e817f9f95033c2187dc971c4769f
all5/Tokenize_a_string/[4-6][5-1].wasm,6d77e817f9f95033c2187dc971c4769f
all5/Tokenize_a_string/[4-7].wasm,6d77e817f9f95033c2187dc971c4769f
all5/Tokenize_a_string/[4-7][5-1].wasm,6d77e817f9f95033c2187dc971c4769f
all5/Tokenize_a_string/[4-8].wasm,6d77e817f9f95033c2187dc971c4769f
all5/Tokenize_a_string/[4-8][5-1].wasm,6d77e817f9f95033c2187dc971c4769f
all5/Tokenize_a_string/[4-9].wasm,6d77e817f9f95033c2187dc971c4769f
all5/Tokenize_a_string/[4-9][5-1].wasm,6d77e817f9f95033c2187dc971c4769f
all5/Tokenize_a_string/[5-1].wasm,6d77e817f9f95033c2187dc971c4769f
