name, hash
all5/Type_detection/Type_detection.wasm,006f083d4b7f08055095e3f45bc1ae95
all5/Type_detection/Type_detection.wasm.~1~,006f083d4b7f08055095e3f45bc1ae95
all5/Type_detection/Type_detection.wasm.~2~,9f315af1aec9d56f5ac3c7e4c4d00c58
all5/Type_detection/[0-1].wasm,006f083d4b7f08055095e3f45bc1ae95
all5/Type_detection/[0-1][1-1].wasm,006f083d4b7f08055095e3f45bc1ae95
all5/Type_detection/[0-1][1-1][2-1].wasm,006f083d4b7f08055095e3f45bc1ae95
all5/Type_detection/[0-1][1-1][2-1][3-1].wasm,006f083d4b7f08055095e3f45bc1ae95
all5/Type_detection/[0-1][1-1][2-1][3-1][5-1].wasm,006f083d4b7f08055095e3f45bc1ae95
all5/Type_detection/[0-1][1-1][2-1][3-1][5-2].wasm,006f083d4b7f08055095e3f45bc1ae95
all5/Type_detection/[0-1][1-1][2-1][3-1][5-3].wasm,006f083d4b7f08055095e3f45bc1ae95
all5/Type_detection/[0-1][1-1][2-1][3-1][5-4].wasm,006f083d4b7f08055095e3f45bc1ae95
all5/Type_detection/[0-1][1-1][2-1][3-1][5-5].wasm,006f083d4b7f08055095e3f45bc1ae95
all5/Type_detection/[0-1][1-1][2-1][3-2].wasm,006f083d4b7f08055095e3f45bc1ae95
all5/Type_detection/[0-1][1-1][2-1][3-2][5-1].wasm,006f083d4b7f08055095e3f45bc1ae95
all5/Type_detection/[0-1][1-1][2-1][3-2][5-2].wasm,006f083d4b7f08055095e3f45bc1ae95
all5/Type_detection/[0-1][1-1][2-1][3-2][5-3].wasm,006f083d4b7f08055095e3f45bc1ae95
all5/Type_detection/[0-1][1-1][2-1][3-2][5-4].wasm,006f083d4b7f08055095e3f45bc1ae95
all5/Type_detection/[0-1][1-1][2-1][3-2][5-5].wasm,006f083d4b7f08055095e3f45bc1ae95
all5/Type_detection/[0-1][1-1][2-1][3-3].wasm,006f083d4b7f08055095e3f45bc1ae95
all5/Type_detection/[0-1][1-1][2-1][3-3][5-1].wasm,006f083d4b7f08055095e3f45bc1ae95
all5/Type_detection/[0-1][1-1][2-1][3-3][5-2].wasm,006f083d4b7f08055095e3f45bc1ae95
all5/Type_detection/[0-1][1-1][2-1][3-3][5-3].wasm,006f083d4b7f08055095e3f45bc1ae95
all5/Type_detection/[0-1][1-1][2-1][3-3][5-4].wasm,006f083d4b7f08055095e3f45bc1ae95
all5/Type_detection/[0-1][1-1][2-1][3-3][5-5].wasm,006f083d4b7f08055095e3f45bc1ae95
all5/Type_detection/[0-1][1-1][2-1][3-4].wasm,006f083d4b7f08055095e3f45bc1ae95
all5/Type_detection/[0-1][1-1][2-1][3-4][5-1].wasm,006f083d4b7f08055095e3f45bc1ae95
all5/Type_detection/[0-1][1-1][2-1][3-4][5-2].wasm,006f083d4b7f08055095e3f45bc1ae95
all5/Type_detection/[0-1][1-1][2-1][3-4][5-3].wasm,006f083d4b7f08055095e3f45bc1ae95
all5/Type_detection/[0-1][1-1][2-1][3-4][5-4].wasm,006f083d4b7f08055095e3f45bc1ae95
all5/Type_detection/[0-1][1-1][2-1][3-4][5-5].wasm,006f083d4b7f08055095e3f45bc1ae95
all5/Type_detection/[0-1][1-1][2-1][5-1].wasm,006f083d4b7f08055095e3f45bc1ae95
all5/Type_detection/[0-1][1-1][2-1][5-2].wasm,006f083d4b7f08055095e3f45bc1ae95
all5/Type_detection/[0-1][1-1][2-1][5-3].wasm,006f083d4b7f08055095e3f45bc1ae95
all5/Type_detection/[0-1][1-1][2-1][5-4].wasm,006f083d4b7f08055095e3f45bc1ae95
all5/Type_detection/[0-1][1-1][2-1][5-5].wasm,006f083d4b7f08055095e3f45bc1ae95
all5/Type_detection/[0-1][1-1][3-1].wasm,006f083d4b7f08055095e3f45bc1ae95
all5/Type_detection/[0-1][1-1][3-1][5-1].wasm,006f083d4b7f08055095e3f45bc1ae95
all5/Type_detection/[0-1][1-1][3-1][5-2].wasm,006f083d4b7f08055095e3f45bc1ae95
all5/Type_detection/[0-1][1-1][3-1][5-3].wasm,006f083d4b7f08055095e3f45bc1ae95
all5/Type_detection/[0-1][1-1][3-1][5-4].wasm,006f083d4b7f08055095e3f45bc1ae95
all5/Type_detection/[0-1][1-1][3-1][5-5].wasm,006f083d4b7f08055095e3f45bc1ae95
all5/Type_detection/[0-1][1-1][3-2].wasm,006f083d4b7f08055095e3f45bc1ae95
all5/Type_detection/[0-1][1-1][3-2][5-1].wasm,006f083d4b7f08055095e3f45bc1ae95
all5/Type_detection/[0-1][1-1][3-2][5-2].wasm,006f083d4b7f08055095e3f45bc1ae95
all5/Type_detection/[0-1][1-1][3-2][5-3].wasm,006f083d4b7f08055095e3f45bc1ae95
all5/Type_detection/[0-1][1-1][3-2][5-4].wasm,006f083d4b7f08055095e3f45bc1ae95
all5/Type_detection/[0-1][1-1][3-2][5-5].wasm,006f083d4b7f08055095e3f45bc1ae95
all5/Type_detection/[0-1][1-1][3-3].wasm,006f083d4b7f08055095e3f45bc1ae95
all5/Type_detection/[0-1][1-1][3-3][5-1].wasm,006f083d4b7f08055095e3f45bc1ae95
all5/Type_detection/[0-1][1-1][3-3][5-2].wasm,006f083d4b7f08055095e3f45bc1ae95
all5/Type_detection/[0-1][1-1][3-3][5-3].wasm,006f083d4b7f08055095e3f45bc1ae95
all5/Type_detection/[0-1][1-1][3-3][5-4].wasm,006f083d4b7f08055095e3f45bc1ae95
all5/Type_detection/[0-1][1-1][3-3][5-5].wasm,006f083d4b7f08055095e3f45bc1ae95
all5/Type_detection/[0-1][1-1][3-4].wasm,006f083d4b7f08055095e3f45bc1ae95
all5/Type_detection/[0-1][1-1][3-4][5-1].wasm,006f083d4b7f08055095e3f45bc1ae95
all5/Type_detection/[0-1][1-1][3-4][5-2].wasm,006f083d4b7f08055095e3f45bc1ae95
all5/Type_detection/[0-1][1-1][3-4][5-3].wasm,006f083d4b7f08055095e3f45bc1ae95
all5/Type_detection/[0-1][1-1][3-4][5-4].wasm,006f083d4b7f08055095e3f45bc1ae95
all5/Type_detection/[0-1][1-1][3-4][5-5].wasm,006f083d4b7f08055095e3f45bc1ae95
all5/Type_detection/[0-1][1-1][5-1].wasm,006f083d4b7f08055095e3f45bc1ae95
all5/Type_detection/[0-1][1-1][5-2].wasm,006f083d4b7f08055095e3f45bc1ae95
all5/Type_detection/[0-1][1-1][5-3].wasm,006f083d4b7f08055095e3f45bc1ae95
all5/Type_detection/[0-1][1-1][5-4].wasm,006f083d4b7f08055095e3f45bc1ae95
all5/Type_detection/[0-1][1-1][5-5].wasm,006f083d4b7f08055095e3f45bc1ae95
all5/Type_detection/[0-1][2-1].wasm,006f083d4b7f08055095e3f45bc1ae95
all5/Type_detection/[0-1][2-1][3-1].wasm,006f083d4b7f08055095e3f45bc1ae95
all5/Type_detection/[0-1][2-1][3-1][5-1].wasm,006f083d4b7f08055095e3f45bc1ae95
all5/Type_detection/[0-1][2-1][3-1][5-2].wasm,006f083d4b7f08055095e3f45bc1ae95
all5/Type_detection/[0-1][2-1][3-1][5-3].wasm,006f083d4b7f08055095e3f45bc1ae95
all5/Type_detection/[0-1][2-1][3-1][5-4].wasm,006f083d4b7f08055095e3f45bc1ae95
all5/Type_detection/[0-1][2-1][3-1][5-5].wasm,006f083d4b7f08055095e3f45bc1ae95
all5/Type_detection/[0-1][2-1][3-2].wasm,006f083d4b7f08055095e3f45bc1ae95
all5/Type_detection/[0-1][2-1][3-2][5-1].wasm,006f083d4b7f08055095e3f45bc1ae95
all5/Type_detection/[0-1][2-1][3-2][5-2].wasm,006f083d4b7f08055095e3f45bc1ae95
all5/Type_detection/[0-1][2-1][3-2][5-3].wasm,006f083d4b7f08055095e3f45bc1ae95
all5/Type_detection/[0-1][2-1][3-2][5-4].wasm,006f083d4b7f08055095e3f45bc1ae95
all5/Type_detection/[0-1][2-1][3-2][5-5].wasm,006f083d4b7f08055095e3f45bc1ae95
all5/Type_detection/[0-1][2-1][3-3].wasm,006f083d4b7f08055095e3f45bc1ae95
all5/Type_detection/[0-1][2-1][3-3][5-1].wasm,006f083d4b7f08055095e3f45bc1ae95
all5/Type_detection/[0-1][2-1][3-3][5-2].wasm,006f083d4b7f08055095e3f45bc1ae95
all5/Type_detection/[0-1][2-1][3-3][5-3].wasm,006f083d4b7f08055095e3f45bc1ae95
all5/Type_detection/[0-1][2-1][3-3][5-4].wasm,006f083d4b7f08055095e3f45bc1ae95
all5/Type_detection/[0-1][2-1][3-3][5-5].wasm,006f083d4b7f08055095e3f45bc1ae95
all5/Type_detection/[0-1][2-1][3-4].wasm,006f083d4b7f08055095e3f45bc1ae95
all5/Type_detection/[0-1][2-1][3-4][5-1].wasm,006f083d4b7f08055095e3f45bc1ae95
all5/Type_detection/[0-1][2-1][3-4][5-2].wasm,006f083d4b7f08055095e3f45bc1ae95
all5/Type_detection/[0-1][2-1][3-4][5-3].wasm,006f083d4b7f08055095e3f45bc1ae95
all5/Type_detection/[0-1][2-1][3-4][5-4].wasm,006f083d4b7f08055095e3f45bc1ae95
all5/Type_detection/[0-1][2-1][3-4][5-5].wasm,006f083d4b7f08055095e3f45bc1ae95
all5/Type_detection/[0-1][2-1][5-1].wasm,006f083d4b7f08055095e3f45bc1ae95
all5/Type_detection/[0-1][2-1][5-2].wasm,006f083d4b7f08055095e3f45bc1ae95
all5/Type_detection/[0-1][2-1][5-3].wasm,006f083d4b7f08055095e3f45bc1ae95
all5/Type_detection/[0-1][2-1][5-4].wasm,006f083d4b7f08055095e3f45bc1ae95
all5/Type_detection/[0-1][2-1][5-5].wasm,006f083d4b7f08055095e3f45bc1ae95
all5/Type_detection/[0-1][3-1].wasm,006f083d4b7f08055095e3f45bc1ae95
all5/Type_detection/[0-1][3-1][5-1].wasm,006f083d4b7f08055095e3f45bc1ae95
all5/Type_detection/[0-1][3-1][5-2].wasm,006f083d4b7f08055095e3f45bc1ae95
all5/Type_detection/[0-1][3-1][5-3].wasm,006f083d4b7f08055095e3f45bc1ae95
all5/Type_detection/[0-1][3-1][5-4].wasm,006f083d4b7f08055095e3f45bc1ae95
all5/Type_detection/[0-1][3-1][5-5].wasm,006f083d4b7f08055095e3f45bc1ae95
all5/Type_detection/[0-1][3-2].wasm,006f083d4b7f08055095e3f45bc1ae95
all5/Type_detection/[0-1][3-2][5-1].wasm,006f083d4b7f08055095e3f45bc1ae95
all5/Type_detection/[0-1][3-2][5-2].wasm,006f083d4b7f08055095e3f45bc1ae95
all5/Type_detection/[0-1][3-2][5-3].wasm,006f083d4b7f08055095e3f45bc1ae95
all5/Type_detection/[0-1][3-2][5-4].wasm,006f083d4b7f08055095e3f45bc1ae95
all5/Type_detection/[0-1][3-2][5-5].wasm,006f083d4b7f08055095e3f45bc1ae95
all5/Type_detection/[0-1][3-3].wasm,006f083d4b7f08055095e3f45bc1ae95
all5/Type_detection/[0-1][3-3][5-1].wasm,006f083d4b7f08055095e3f45bc1ae95
all5/Type_detection/[0-1][3-3][5-2].wasm,006f083d4b7f08055095e3f45bc1ae95
all5/Type_detection/[0-1][3-3][5-3].wasm,006f083d4b7f08055095e3f45bc1ae95
all5/Type_detection/[0-1][3-3][5-4].wasm,006f083d4b7f08055095e3f45bc1ae95
all5/Type_detection/[0-1][3-3][5-5].wasm,006f083d4b7f08055095e3f45bc1ae95
all5/Type_detection/[0-1][3-4].wasm,006f083d4b7f08055095e3f45bc1ae95
all5/Type_detection/[0-1][3-4][5-1].wasm,006f083d4b7f08055095e3f45bc1ae95
all5/Type_detection/[0-1][3-4][5-2].wasm,006f083d4b7f08055095e3f45bc1ae95
all5/Type_detection/[0-1][3-4][5-3].wasm,006f083d4b7f08055095e3f45bc1ae95
all5/Type_detection/[0-1][3-4][5-4].wasm,006f083d4b7f08055095e3f45bc1ae95
all5/Type_detection/[0-1][3-4][5-5].wasm,006f083d4b7f08055095e3f45bc1ae95
all5/Type_detection/[0-1][5-1].wasm,006f083d4b7f08055095e3f45bc1ae95
all5/Type_detection/[0-1][5-2].wasm,006f083d4b7f08055095e3f45bc1ae95
all5/Type_detection/[0-1][5-3].wasm,006f083d4b7f08055095e3f45bc1ae95
all5/Type_detection/[0-1][5-4].wasm,006f083d4b7f08055095e3f45bc1ae95
all5/Type_detection/[0-1][5-5].wasm,006f083d4b7f08055095e3f45bc1ae95
all5/Type_detection/[1-1].wasm,006f083d4b7f08055095e3f45bc1ae95
all5/Type_detection/[1-1][2-1].wasm,006f083d4b7f08055095e3f45bc1ae95
all5/Type_detection/[1-1][2-1][3-1].wasm,006f083d4b7f08055095e3f45bc1ae95
all5/Type_detection/[1-1][2-1][3-1][5-1].wasm,006f083d4b7f08055095e3f45bc1ae95
all5/Type_detection/[1-1][2-1][3-1][5-2].wasm,006f083d4b7f08055095e3f45bc1ae95
all5/Type_detection/[1-1][2-1][3-1][5-3].wasm,006f083d4b7f08055095e3f45bc1ae95
all5/Type_detection/[1-1][2-1][3-1][5-4].wasm,006f083d4b7f08055095e3f45bc1ae95
all5/Type_detection/[1-1][2-1][3-1][5-5].wasm,006f083d4b7f08055095e3f45bc1ae95
all5/Type_detection/[1-1][2-1][3-2].wasm,006f083d4b7f08055095e3f45bc1ae95
all5/Type_detection/[1-1][2-1][3-2][5-1].wasm,006f083d4b7f08055095e3f45bc1ae95
all5/Type_detection/[1-1][2-1][3-2][5-2].wasm,006f083d4b7f08055095e3f45bc1ae95
all5/Type_detection/[1-1][2-1][3-2][5-3].wasm,006f083d4b7f08055095e3f45bc1ae95
all5/Type_detection/[1-1][2-1][3-2][5-4].wasm,006f083d4b7f08055095e3f45bc1ae95
all5/Type_detection/[1-1][2-1][3-2][5-5].wasm,006f083d4b7f08055095e3f45bc1ae95
all5/Type_detection/[1-1][2-1][3-3].wasm,006f083d4b7f08055095e3f45bc1ae95
all5/Type_detection/[1-1][2-1][3-3][5-1].wasm,006f083d4b7f08055095e3f45bc1ae95
all5/Type_detection/[1-1][2-1][3-3][5-2].wasm,006f083d4b7f08055095e3f45bc1ae95
all5/Type_detection/[1-1][2-1][3-3][5-3].wasm,006f083d4b7f08055095e3f45bc1ae95
all5/Type_detection/[1-1][2-1][3-3][5-4].wasm,006f083d4b7f08055095e3f45bc1ae95
all5/Type_detection/[1-1][2-1][3-3][5-5].wasm,006f083d4b7f08055095e3f45bc1ae95
all5/Type_detection/[1-1][2-1][3-4].wasm,006f083d4b7f08055095e3f45bc1ae95
all5/Type_detection/[1-1][2-1][3-4][5-1].wasm,006f083d4b7f08055095e3f45bc1ae95
all5/Type_detection/[1-1][2-1][3-4][5-2].wasm,006f083d4b7f08055095e3f45bc1ae95
all5/Type_detection/[1-1][2-1][3-4][5-3].wasm,006f083d4b7f08055095e3f45bc1ae95
all5/Type_detection/[1-1][2-1][3-4][5-4].wasm,006f083d4b7f08055095e3f45bc1ae95
all5/Type_detection/[1-1][2-1][3-4][5-5].wasm,006f083d4b7f08055095e3f45bc1ae95
all5/Type_detection/[1-1][2-1][5-1].wasm,006f083d4b7f08055095e3f45bc1ae95
all5/Type_detection/[1-1][2-1][5-2].wasm,006f083d4b7f08055095e3f45bc1ae95
all5/Type_detection/[1-1][2-1][5-3].wasm,006f083d4b7f08055095e3f45bc1ae95
all5/Type_detection/[1-1][2-1][5-4].wasm,006f083d4b7f08055095e3f45bc1ae95
all5/Type_detection/[1-1][2-1][5-5].wasm,006f083d4b7f08055095e3f45bc1ae95
all5/Type_detection/[1-1][3-1].wasm,006f083d4b7f08055095e3f45bc1ae95
all5/Type_detection/[1-1][3-1][5-1].wasm,006f083d4b7f08055095e3f45bc1ae95
all5/Type_detection/[1-1][3-1][5-2].wasm,006f083d4b7f08055095e3f45bc1ae95
all5/Type_detection/[1-1][3-1][5-3].wasm,006f083d4b7f08055095e3f45bc1ae95
all5/Type_detection/[1-1][3-1][5-4].wasm,006f083d4b7f08055095e3f45bc1ae95
all5/Type_detection/[1-1][3-1][5-5].wasm,006f083d4b7f08055095e3f45bc1ae95
all5/Type_detection/[1-1][3-2].wasm,006f083d4b7f08055095e3f45bc1ae95
all5/Type_detection/[1-1][3-2][5-1].wasm,006f083d4b7f08055095e3f45bc1ae95
all5/Type_detection/[1-1][3-2][5-2].wasm,006f083d4b7f08055095e3f45bc1ae95
all5/Type_detection/[1-1][3-2][5-3].wasm,006f083d4b7f08055095e3f45bc1ae95
all5/Type_detection/[1-1][3-2][5-4].wasm,006f083d4b7f08055095e3f45bc1ae95
all5/Type_detection/[1-1][3-2][5-5].wasm,006f083d4b7f08055095e3f45bc1ae95
all5/Type_detection/[1-1][3-3].wasm,006f083d4b7f08055095e3f45bc1ae95
all5/Type_detection/[1-1][3-3][5-1].wasm,006f083d4b7f08055095e3f45bc1ae95
all5/Type_detection/[1-1][3-3][5-2].wasm,006f083d4b7f08055095e3f45bc1ae95
all5/Type_detection/[1-1][3-3][5-3].wasm,006f083d4b7f08055095e3f45bc1ae95
all5/Type_detection/[1-1][3-3][5-4].wasm,006f083d4b7f08055095e3f45bc1ae95
all5/Type_detection/[1-1][3-3][5-5].wasm,006f083d4b7f08055095e3f45bc1ae95
all5/Type_detection/[1-1][3-4].wasm,006f083d4b7f08055095e3f45bc1ae95
all5/Type_detection/[1-1][3-4][5-1].wasm,006f083d4b7f08055095e3f45bc1ae95
all5/Type_detection/[1-1][3-4][5-2].wasm,006f083d4b7f08055095e3f45bc1ae95
all5/Type_detection/[1-1][3-4][5-3].wasm,006f083d4b7f08055095e3f45bc1ae95
all5/Type_detection/[1-1][3-4][5-4].wasm,006f083d4b7f08055095e3f45bc1ae95
all5/Type_detection/[1-1][3-4][5-5].wasm,006f083d4b7f08055095e3f45bc1ae95
all5/Type_detection/[1-1][5-1].wasm,006f083d4b7f08055095e3f45bc1ae95
all5/Type_detection/[1-1][5-2].wasm,006f083d4b7f08055095e3f45bc1ae95
all5/Type_detection/[1-1][5-3].wasm,006f083d4b7f08055095e3f45bc1ae95
all5/Type_detection/[1-1][5-4].wasm,006f083d4b7f08055095e3f45bc1ae95
all5/Type_detection/[1-1][5-5].wasm,006f083d4b7f08055095e3f45bc1ae95
all5/Type_detection/[2-1].wasm,006f083d4b7f08055095e3f45bc1ae95
all5/Type_detection/[2-1][3-1].wasm,006f083d4b7f08055095e3f45bc1ae95
all5/Type_detection/[2-1][3-1][5-1].wasm,006f083d4b7f08055095e3f45bc1ae95
all5/Type_detection/[2-1][3-1][5-2].wasm,006f083d4b7f08055095e3f45bc1ae95
all5/Type_detection/[2-1][3-1][5-3].wasm,006f083d4b7f08055095e3f45bc1ae95
all5/Type_detection/[2-1][3-1][5-4].wasm,006f083d4b7f08055095e3f45bc1ae95
all5/Type_detection/[2-1][3-1][5-5].wasm,006f083d4b7f08055095e3f45bc1ae95
all5/Type_detection/[2-1][3-2].wasm,006f083d4b7f08055095e3f45bc1ae95
all5/Type_detection/[2-1][3-2][5-1].wasm,006f083d4b7f08055095e3f45bc1ae95
all5/Type_detection/[2-1][3-2][5-2].wasm,006f083d4b7f08055095e3f45bc1ae95
all5/Type_detection/[2-1][3-2][5-3].wasm,006f083d4b7f08055095e3f45bc1ae95
all5/Type_detection/[2-1][3-2][5-4].wasm,006f083d4b7f08055095e3f45bc1ae95
all5/Type_detection/[2-1][3-2][5-5].wasm,006f083d4b7f08055095e3f45bc1ae95
all5/Type_detection/[2-1][3-3].wasm,006f083d4b7f08055095e3f45bc1ae95
all5/Type_detection/[2-1][3-3][5-1].wasm,006f083d4b7f08055095e3f45bc1ae95
all5/Type_detection/[2-1][3-3][5-2].wasm,006f083d4b7f08055095e3f45bc1ae95
all5/Type_detection/[2-1][3-3][5-3].wasm,006f083d4b7f08055095e3f45bc1ae95
all5/Type_detection/[2-1][3-3][5-4].wasm,006f083d4b7f08055095e3f45bc1ae95
all5/Type_detection/[2-1][3-3][5-5].wasm,006f083d4b7f08055095e3f45bc1ae95
all5/Type_detection/[2-1][3-4].wasm,006f083d4b7f08055095e3f45bc1ae95
all5/Type_detection/[2-1][3-4][5-1].wasm,006f083d4b7f08055095e3f45bc1ae95
all5/Type_detection/[2-1][3-4][5-2].wasm,006f083d4b7f08055095e3f45bc1ae95
all5/Type_detection/[2-1][3-4][5-3].wasm,006f083d4b7f08055095e3f45bc1ae95
all5/Type_detection/[2-1][3-4][5-4].wasm,006f083d4b7f08055095e3f45bc1ae95
all5/Type_detection/[2-1][3-4][5-5].wasm,006f083d4b7f08055095e3f45bc1ae95
all5/Type_detection/[2-1][5-1].wasm,006f083d4b7f08055095e3f45bc1ae95
all5/Type_detection/[2-1][5-2].wasm,006f083d4b7f08055095e3f45bc1ae95
all5/Type_detection/[2-1][5-3].wasm,006f083d4b7f08055095e3f45bc1ae95
all5/Type_detection/[2-1][5-4].wasm,006f083d4b7f08055095e3f45bc1ae95
all5/Type_detection/[2-1][5-5].wasm,006f083d4b7f08055095e3f45bc1ae95
all5/Type_detection/[3-1].wasm,006f083d4b7f08055095e3f45bc1ae95
all5/Type_detection/[3-1][5-1].wasm,006f083d4b7f08055095e3f45bc1ae95
all5/Type_detection/[3-1][5-2].wasm,006f083d4b7f08055095e3f45bc1ae95
all5/Type_detection/[3-1][5-3].wasm,006f083d4b7f08055095e3f45bc1ae95
all5/Type_detection/[3-1][5-4].wasm,006f083d4b7f08055095e3f45bc1ae95
all5/Type_detection/[3-1][5-5].wasm,006f083d4b7f08055095e3f45bc1ae95
all5/Type_detection/[3-2].wasm,006f083d4b7f08055095e3f45bc1ae95
all5/Type_detection/[3-2][5-1].wasm,006f083d4b7f08055095e3f45bc1ae95
all5/Type_detection/[3-2][5-2].wasm,006f083d4b7f08055095e3f45bc1ae95
all5/Type_detection/[3-2][5-3].wasm,006f083d4b7f08055095e3f45bc1ae95
all5/Type_detection/[3-2][5-4].wasm,006f083d4b7f08055095e3f45bc1ae95
all5/Type_detection/[3-2][5-5].wasm,006f083d4b7f08055095e3f45bc1ae95
all5/Type_detection/[3-3].wasm,006f083d4b7f08055095e3f45bc1ae95
all5/Type_detection/[3-3][5-1].wasm,006f083d4b7f08055095e3f45bc1ae95
all5/Type_detection/[3-3][5-2].wasm,006f083d4b7f08055095e3f45bc1ae95
all5/Type_detection/[3-3][5-3].wasm,006f083d4b7f08055095e3f45bc1ae95
all5/Type_detection/[3-3][5-4].wasm,006f083d4b7f08055095e3f45bc1ae95
all5/Type_detection/[3-3][5-5].wasm,006f083d4b7f08055095e3f45bc1ae95
all5/Type_detection/[3-4].wasm,006f083d4b7f08055095e3f45bc1ae95
all5/Type_detection/[3-4][5-1].wasm,006f083d4b7f08055095e3f45bc1ae95
all5/Type_detection/[3-4][5-2].wasm,006f083d4b7f08055095e3f45bc1ae95
all5/Type_detection/[3-4][5-3].wasm,006f083d4b7f08055095e3f45bc1ae95
all5/Type_detection/[3-4][5-4].wasm,006f083d4b7f08055095e3f45bc1ae95
all5/Type_detection/[3-4][5-5].wasm,006f083d4b7f08055095e3f45bc1ae95
all5/Type_detection/[5-1].wasm,006f083d4b7f08055095e3f45bc1ae95
all5/Type_detection/[5-2].wasm,006f083d4b7f08055095e3f45bc1ae95
all5/Type_detection/[5-3].wasm,006f083d4b7f08055095e3f45bc1ae95
all5/Type_detection/[5-4].wasm,006f083d4b7f08055095e3f45bc1ae95
all5/Type_detection/[5-5].wasm,006f083d4b7f08055095e3f45bc1ae95
