name, hash
all5/Undefined_values/Undefined_values.wasm,90188c592fa7f2fd16d7d0bcc43f2210
all5/Undefined_values/Undefined_values.wasm.~1~,90188c592fa7f2fd16d7d0bcc43f2210
all5/Undefined_values/Undefined_values.wasm.~2~,b7cc1b2a426b870c38cba0d0ea1f332a
all5/Undefined_values/[0-1].wasm,90188c592fa7f2fd16d7d0bcc43f2210
all5/Undefined_values/[0-1][1-1].wasm,90188c592fa7f2fd16d7d0bcc43f2210
all5/Undefined_values/[0-1][1-2].wasm,90188c592fa7f2fd16d7d0bcc43f2210
all5/Undefined_values/[0-1][1-3].wasm,90188c592fa7f2fd16d7d0bcc43f2210
all5/Undefined_values/[0-1][1-4].wasm,90188c592fa7f2fd16d7d0bcc43f2210
all5/Undefined_values/[0-1][1-5].wasm,90188c592fa7f2fd16d7d0bcc43f2210
all5/Undefined_values/[0-1][1-6].wasm,90188c592fa7f2fd16d7d0bcc43f2210
all5/Undefined_values/[0-1][1-7].wasm,90188c592fa7f2fd16d7d0bcc43f2210
all5/Undefined_values/[0-1][1-8].wasm,90188c592fa7f2fd16d7d0bcc43f2210
all5/Undefined_values/[0-2].wasm,90188c592fa7f2fd16d7d0bcc43f2210
all5/Undefined_values/[0-2][1-1].wasm,90188c592fa7f2fd16d7d0bcc43f2210
all5/Undefined_values/[0-2][1-2].wasm,90188c592fa7f2fd16d7d0bcc43f2210
all5/Undefined_values/[0-2][1-3].wasm,90188c592fa7f2fd16d7d0bcc43f2210
all5/Undefined_values/[0-2][1-4].wasm,90188c592fa7f2fd16d7d0bcc43f2210
all5/Undefined_values/[0-2][1-5].wasm,90188c592fa7f2fd16d7d0bcc43f2210
all5/Undefined_values/[0-2][1-6].wasm,90188c592fa7f2fd16d7d0bcc43f2210
all5/Undefined_values/[0-2][1-7].wasm,90188c592fa7f2fd16d7d0bcc43f2210
all5/Undefined_values/[0-2][1-8].wasm,90188c592fa7f2fd16d7d0bcc43f2210
all5/Undefined_values/[0-3].wasm,90188c592fa7f2fd16d7d0bcc43f2210
all5/Undefined_values/[0-3][1-1].wasm,90188c592fa7f2fd16d7d0bcc43f2210
all5/Undefined_values/[0-3][1-2].wasm,90188c592fa7f2fd16d7d0bcc43f2210
all5/Undefined_values/[0-3][1-3].wasm,90188c592fa7f2fd16d7d0bcc43f2210
all5/Undefined_values/[0-3][1-4].wasm,90188c592fa7f2fd16d7d0bcc43f2210
all5/Undefined_values/[0-3][1-5].wasm,90188c592fa7f2fd16d7d0bcc43f2210
all5/Undefined_values/[0-3][1-6].wasm,90188c592fa7f2fd16d7d0bcc43f2210
all5/Undefined_values/[0-3][1-7].wasm,90188c592fa7f2fd16d7d0bcc43f2210
all5/Undefined_values/[0-3][1-8].wasm,90188c592fa7f2fd16d7d0bcc43f2210
all5/Undefined_values/[0-4].wasm,90188c592fa7f2fd16d7d0bcc43f2210
all5/Undefined_values/[0-4][1-1].wasm,90188c592fa7f2fd16d7d0bcc43f2210
all5/Undefined_values/[0-4][1-2].wasm,90188c592fa7f2fd16d7d0bcc43f2210
all5/Undefined_values/[0-4][1-3].wasm,90188c592fa7f2fd16d7d0bcc43f2210
all5/Undefined_values/[1-1].wasm,90188c592fa7f2fd16d7d0bcc43f2210
all5/Undefined_values/[1-2].wasm,90188c592fa7f2fd16d7d0bcc43f2210
all5/Undefined_values/[1-3].wasm,90188c592fa7f2fd16d7d0bcc43f2210
all5/Undefined_values/[1-4].wasm,90188c592fa7f2fd16d7d0bcc43f2210
all5/Undefined_values/[1-5].wasm,90188c592fa7f2fd16d7d0bcc43f2210
all5/Undefined_values/[1-6].wasm,90188c592fa7f2fd16d7d0bcc43f2210
all5/Undefined_values/[1-7].wasm,90188c592fa7f2fd16d7d0bcc43f2210
all5/Undefined_values/[1-8].wasm,90188c592fa7f2fd16d7d0bcc43f2210
