name, hash
all5/Universal_Turing_machine/Universal_Turing_machine.wasm,3e5512c9f89e308ae6a3884c83a29abb
all5/Universal_Turing_machine/Universal_Turing_machine.wasm.~1~,e4d47b09b85efc28dd124ae7e1987ffa
all5/Universal_Turing_machine/Universal_Turing_machine.wasm.~2~,3e5512c9f89e308ae6a3884c83a29abb
all5/Universal_Turing_machine/Universal_Turing_machine.wasm.~3~,e4d47b09b85efc28dd124ae7e1987ffa
all5/Universal_Turing_machine/[14-1].wasm,e4d47b09b85efc28dd124ae7e1987ffa
all5/Universal_Turing_machine/[14-1][20-1].wasm,e4d47b09b85efc28dd124ae7e1987ffa
all5/Universal_Turing_machine/[14-2].wasm,e4d47b09b85efc28dd124ae7e1987ffa
all5/Universal_Turing_machine/[14-2][20-1].wasm,e4d47b09b85efc28dd124ae7e1987ffa
all5/Universal_Turing_machine/[14-3].wasm,e4d47b09b85efc28dd124ae7e1987ffa
all5/Universal_Turing_machine/[14-3][20-1].wasm,e4d47b09b85efc28dd124ae7e1987ffa
all5/Universal_Turing_machine/[14-4].wasm,e4d47b09b85efc28dd124ae7e1987ffa
all5/Universal_Turing_machine/[14-4][20-1].wasm,e4d47b09b85efc28dd124ae7e1987ffa
all5/Universal_Turing_machine/[20-1].wasm,e4d47b09b85efc28dd124ae7e1987ffa
all5/Universal_Turing_machine/[9-1].wasm,6b63733a8cbeca1228d3708fff91a03a
all5/Universal_Turing_machine/[9-1][14-1].wasm,6b63733a8cbeca1228d3708fff91a03a
all5/Universal_Turing_machine/[9-1][14-1][20-1].wasm,6b63733a8cbeca1228d3708fff91a03a
all5/Universal_Turing_machine/[9-1][14-2].wasm,6b63733a8cbeca1228d3708fff91a03a
all5/Universal_Turing_machine/[9-1][14-2][20-1].wasm,6b63733a8cbeca1228d3708fff91a03a
all5/Universal_Turing_machine/[9-1][14-3].wasm,6b63733a8cbeca1228d3708fff91a03a
all5/Universal_Turing_machine/[9-1][14-3][20-1].wasm,6b63733a8cbeca1228d3708fff91a03a
all5/Universal_Turing_machine/[9-1][14-4].wasm,6b63733a8cbeca1228d3708fff91a03a
all5/Universal_Turing_machine/[9-1][14-4][20-1].wasm,6b63733a8cbeca1228d3708fff91a03a
all5/Universal_Turing_machine/[9-1][20-1].wasm,6b63733a8cbeca1228d3708fff91a03a
