name, hash
all5/URL_encoding/URL_encoding.wasm,fcf23b81d1c5d5e63d30e7ef081d5767
all5/URL_encoding/URL_encoding.wasm.~1~,fcf23b81d1c5d5e63d30e7ef081d5767
all5/URL_encoding/URL_encoding.wasm.~2~,39a82d32904d4b3d0eeb1c9351e0cca9
all5/URL_encoding/[15-1].wasm,fcf23b81d1c5d5e63d30e7ef081d5767
all5/URL_encoding/[15-1][20-1].wasm,fcf23b81d1c5d5e63d30e7ef081d5767
all5/URL_encoding/[15-1][20-1][22-1].wasm,fcf23b81d1c5d5e63d30e7ef081d5767
all5/URL_encoding/[15-1][20-1][22-1][33-1].wasm,fcf23b81d1c5d5e63d30e7ef081d5767
all5/URL_encoding/[15-1][20-1][22-1][33-1][41-1].wasm,fcf23b81d1c5d5e63d30e7ef081d5767
all5/URL_encoding/[15-1][20-1][22-1][41-1].wasm,fcf23b81d1c5d5e63d30e7ef081d5767
all5/URL_encoding/[15-1][20-1][33-1].wasm,fcf23b81d1c5d5e63d30e7ef081d5767
all5/URL_encoding/[15-1][20-1][33-1][41-1].wasm,fcf23b81d1c5d5e63d30e7ef081d5767
all5/URL_encoding/[15-1][20-1][41-1].wasm,fcf23b81d1c5d5e63d30e7ef081d5767
all5/URL_encoding/[15-1][22-1].wasm,fcf23b81d1c5d5e63d30e7ef081d5767
all5/URL_encoding/[15-1][22-1][33-1].wasm,fcf23b81d1c5d5e63d30e7ef081d5767
all5/URL_encoding/[15-1][22-1][33-1][41-1].wasm,fcf23b81d1c5d5e63d30e7ef081d5767
all5/URL_encoding/[15-1][22-1][41-1].wasm,fcf23b81d1c5d5e63d30e7ef081d5767
all5/URL_encoding/[15-1][33-1].wasm,fcf23b81d1c5d5e63d30e7ef081d5767
all5/URL_encoding/[15-1][33-1][41-1].wasm,fcf23b81d1c5d5e63d30e7ef081d5767
all5/URL_encoding/[15-1][41-1].wasm,fcf23b81d1c5d5e63d30e7ef081d5767
all5/URL_encoding/[20-1].wasm,fcf23b81d1c5d5e63d30e7ef081d5767
all5/URL_encoding/[20-1][22-1].wasm,fcf23b81d1c5d5e63d30e7ef081d5767
all5/URL_encoding/[20-1][22-1][33-1].wasm,fcf23b81d1c5d5e63d30e7ef081d5767
all5/URL_encoding/[20-1][22-1][33-1][41-1].wasm,fcf23b81d1c5d5e63d30e7ef081d5767
all5/URL_encoding/[20-1][22-1][41-1].wasm,fcf23b81d1c5d5e63d30e7ef081d5767
all5/URL_encoding/[20-1][33-1].wasm,fcf23b81d1c5d5e63d30e7ef081d5767
all5/URL_encoding/[20-1][33-1][41-1].wasm,fcf23b81d1c5d5e63d30e7ef081d5767
all5/URL_encoding/[20-1][41-1].wasm,fcf23b81d1c5d5e63d30e7ef081d5767
all5/URL_encoding/[22-1].wasm,fcf23b81d1c5d5e63d30e7ef081d5767
all5/URL_encoding/[22-1][33-1].wasm,fcf23b81d1c5d5e63d30e7ef081d5767
all5/URL_encoding/[22-1][33-1][41-1].wasm,fcf23b81d1c5d5e63d30e7ef081d5767
all5/URL_encoding/[22-1][41-1].wasm,fcf23b81d1c5d5e63d30e7ef081d5767
all5/URL_encoding/[3-1].wasm,fcf23b81d1c5d5e63d30e7ef081d5767
all5/URL_encoding/[3-1][15-1].wasm,fcf23b81d1c5d5e63d30e7ef081d5767
all5/URL_encoding/[3-1][15-1][20-1].wasm,fcf23b81d1c5d5e63d30e7ef081d5767
all5/URL_encoding/[3-1][15-1][20-1][22-1].wasm,fcf23b81d1c5d5e63d30e7ef081d5767
all5/URL_encoding/[3-1][15-1][20-1][22-1][33-1].wasm,fcf23b81d1c5d5e63d30e7ef081d5767
all5/URL_encoding/[3-1][15-1][20-1][22-1][33-1][41-1].wasm,fcf23b81d1c5d5e63d30e7ef081d5767
all5/URL_encoding/[3-1][15-1][20-1][22-1][41-1].wasm,fcf23b81d1c5d5e63d30e7ef081d5767
all5/URL_encoding/[3-1][15-1][20-1][33-1].wasm,fcf23b81d1c5d5e63d30e7ef081d5767
all5/URL_encoding/[3-1][15-1][20-1][33-1][41-1].wasm,fcf23b81d1c5d5e63d30e7ef081d5767
all5/URL_encoding/[3-1][15-1][20-1][41-1].wasm,fcf23b81d1c5d5e63d30e7ef081d5767
all5/URL_encoding/[3-1][15-1][22-1].wasm,fcf23b81d1c5d5e63d30e7ef081d5767
all5/URL_encoding/[3-1][15-1][22-1][33-1].wasm,fcf23b81d1c5d5e63d30e7ef081d5767
all5/URL_encoding/[3-1][15-1][22-1][33-1][41-1].wasm,fcf23b81d1c5d5e63d30e7ef081d5767
all5/URL_encoding/[3-1][15-1][22-1][41-1].wasm,fcf23b81d1c5d5e63d30e7ef081d5767
all5/URL_encoding/[3-1][15-1][33-1].wasm,fcf23b81d1c5d5e63d30e7ef081d5767
all5/URL_encoding/[3-1][15-1][33-1][41-1].wasm,fcf23b81d1c5d5e63d30e7ef081d5767
all5/URL_encoding/[3-1][15-1][41-1].wasm,fcf23b81d1c5d5e63d30e7ef081d5767
all5/URL_encoding/[3-1][20-1].wasm,fcf23b81d1c5d5e63d30e7ef081d5767
all5/URL_encoding/[3-1][20-1][22-1].wasm,fcf23b81d1c5d5e63d30e7ef081d5767
all5/URL_encoding/[3-1][20-1][22-1][33-1].wasm,fcf23b81d1c5d5e63d30e7ef081d5767
all5/URL_encoding/[3-1][20-1][22-1][33-1][41-1].wasm,fcf23b81d1c5d5e63d30e7ef081d5767
all5/URL_encoding/[3-1][20-1][22-1][41-1].wasm,fcf23b81d1c5d5e63d30e7ef081d5767
all5/URL_encoding/[3-1][20-1][33-1].wasm,fcf23b81d1c5d5e63d30e7ef081d5767
all5/URL_encoding/[3-1][20-1][33-1][41-1].wasm,fcf23b81d1c5d5e63d30e7ef081d5767
all5/URL_encoding/[3-1][20-1][41-1].wasm,fcf23b81d1c5d5e63d30e7ef081d5767
all5/URL_encoding/[3-1][22-1].wasm,fcf23b81d1c5d5e63d30e7ef081d5767
all5/URL_encoding/[3-1][22-1][33-1].wasm,fcf23b81d1c5d5e63d30e7ef081d5767
all5/URL_encoding/[3-1][22-1][33-1][41-1].wasm,fcf23b81d1c5d5e63d30e7ef081d5767
all5/URL_encoding/[3-1][22-1][41-1].wasm,fcf23b81d1c5d5e63d30e7ef081d5767
all5/URL_encoding/[3-1][33-1].wasm,fcf23b81d1c5d5e63d30e7ef081d5767
all5/URL_encoding/[3-1][33-1][41-1].wasm,fcf23b81d1c5d5e63d30e7ef081d5767
all5/URL_encoding/[3-1][41-1].wasm,fcf23b81d1c5d5e63d30e7ef081d5767
all5/URL_encoding/[3-1][6-1].wasm,fcf23b81d1c5d5e63d30e7ef081d5767
all5/URL_encoding/[3-1][6-1][15-1].wasm,fcf23b81d1c5d5e63d30e7ef081d5767
all5/URL_encoding/[3-1][6-1][15-1][20-1].wasm,fcf23b81d1c5d5e63d30e7ef081d5767
all5/URL_encoding/[3-1][6-1][15-1][20-1][22-1].wasm,fcf23b81d1c5d5e63d30e7ef081d5767
all5/URL_encoding/[3-1][6-1][15-1][20-1][22-1][33-1].wasm,fcf23b81d1c5d5e63d30e7ef081d5767
all5/URL_encoding/[3-1][6-1][15-1][20-1][22-1][33-1][41-1].wasm,fcf23b81d1c5d5e63d30e7ef081d5767
all5/URL_encoding/[3-1][6-1][15-1][20-1][22-1][41-1].wasm,fcf23b81d1c5d5e63d30e7ef081d5767
all5/URL_encoding/[3-1][6-1][15-1][20-1][33-1].wasm,fcf23b81d1c5d5e63d30e7ef081d5767
all5/URL_encoding/[3-1][6-1][15-1][20-1][33-1][41-1].wasm,fcf23b81d1c5d5e63d30e7ef081d5767
all5/URL_encoding/[3-1][6-1][15-1][20-1][41-1].wasm,fcf23b81d1c5d5e63d30e7ef081d5767
all5/URL_encoding/[3-1][6-1][15-1][22-1].wasm,fcf23b81d1c5d5e63d30e7ef081d5767
all5/URL_encoding/[3-1][6-1][15-1][22-1][33-1].wasm,fcf23b81d1c5d5e63d30e7ef081d5767
all5/URL_encoding/[3-1][6-1][15-1][22-1][33-1][41-1].wasm,fcf23b81d1c5d5e63d30e7ef081d5767
all5/URL_encoding/[3-1][6-1][15-1][22-1][41-1].wasm,fcf23b81d1c5d5e63d30e7ef081d5767
all5/URL_encoding/[3-1][6-1][15-1][33-1].wasm,fcf23b81d1c5d5e63d30e7ef081d5767
all5/URL_encoding/[3-1][6-1][15-1][33-1][41-1].wasm,fcf23b81d1c5d5e63d30e7ef081d5767
all5/URL_encoding/[3-1][6-1][15-1][41-1].wasm,fcf23b81d1c5d5e63d30e7ef081d5767
all5/URL_encoding/[3-1][6-1][20-1].wasm,fcf23b81d1c5d5e63d30e7ef081d5767
all5/URL_encoding/[3-1][6-1][20-1][22-1].wasm,fcf23b81d1c5d5e63d30e7ef081d5767
all5/URL_encoding/[3-1][6-1][20-1][22-1][33-1].wasm,fcf23b81d1c5d5e63d30e7ef081d5767
all5/URL_encoding/[3-1][6-1][20-1][22-1][33-1][41-1].wasm,fcf23b81d1c5d5e63d30e7ef081d5767
all5/URL_encoding/[3-1][6-1][20-1][22-1][41-1].wasm,fcf23b81d1c5d5e63d30e7ef081d5767
all5/URL_encoding/[3-1][6-1][20-1][33-1].wasm,fcf23b81d1c5d5e63d30e7ef081d5767
all5/URL_encoding/[3-1][6-1][20-1][33-1][41-1].wasm,fcf23b81d1c5d5e63d30e7ef081d5767
all5/URL_encoding/[3-1][6-1][20-1][41-1].wasm,fcf23b81d1c5d5e63d30e7ef081d5767
all5/URL_encoding/[3-1][6-1][22-1].wasm,fcf23b81d1c5d5e63d30e7ef081d5767
all5/URL_encoding/[3-1][6-1][22-1][33-1].wasm,fcf23b81d1c5d5e63d30e7ef081d5767
all5/URL_encoding/[3-1][6-1][22-1][33-1][41-1].wasm,fcf23b81d1c5d5e63d30e7ef081d5767
all5/URL_encoding/[3-1][6-1][22-1][41-1].wasm,fcf23b81d1c5d5e63d30e7ef081d5767
all5/URL_encoding/[3-1][6-1][33-1].wasm,fcf23b81d1c5d5e63d30e7ef081d5767
all5/URL_encoding/[3-1][6-1][33-1][41-1].wasm,fcf23b81d1c5d5e63d30e7ef081d5767
all5/URL_encoding/[3-1][6-1][41-1].wasm,fcf23b81d1c5d5e63d30e7ef081d5767
all5/URL_encoding/[3-1][6-1][7-1].wasm,fcf23b81d1c5d5e63d30e7ef081d5767
all5/URL_encoding/[3-1][6-1][7-1][20-1].wasm,fcf23b81d1c5d5e63d30e7ef081d5767
all5/URL_encoding/[3-1][6-1][7-1][20-1][22-1].wasm,fcf23b81d1c5d5e63d30e7ef081d5767
all5/URL_encoding/[3-1][6-1][7-1][20-1][22-1][33-1].wasm,fcf23b81d1c5d5e63d30e7ef081d5767
all5/URL_encoding/[3-1][6-1][7-1][20-1][22-1][33-1][41-1].wasm,fcf23b81d1c5d5e63d30e7ef081d5767
all5/URL_encoding/[3-1][6-1][7-1][20-1][22-1][41-1].wasm,fcf23b81d1c5d5e63d30e7ef081d5767
all5/URL_encoding/[3-1][6-1][7-1][20-1][33-1].wasm,fcf23b81d1c5d5e63d30e7ef081d5767
all5/URL_encoding/[3-1][6-1][7-1][20-1][33-1][41-1].wasm,fcf23b81d1c5d5e63d30e7ef081d5767
all5/URL_encoding/[3-1][6-1][7-1][20-1][41-1].wasm,fcf23b81d1c5d5e63d30e7ef081d5767
all5/URL_encoding/[3-1][6-1][7-1][22-1].wasm,fcf23b81d1c5d5e63d30e7ef081d5767
all5/URL_encoding/[3-1][6-1][7-1][22-1][33-1].wasm,fcf23b81d1c5d5e63d30e7ef081d5767
all5/URL_encoding/[3-1][6-1][7-1][22-1][33-1][41-1].wasm,fcf23b81d1c5d5e63d30e7ef081d5767
all5/URL_encoding/[3-1][6-1][7-1][22-1][41-1].wasm,fcf23b81d1c5d5e63d30e7ef081d5767
all5/URL_encoding/[3-1][6-1][7-1][33-1].wasm,fcf23b81d1c5d5e63d30e7ef081d5767
all5/URL_encoding/[3-1][6-1][7-1][33-1][41-1].wasm,fcf23b81d1c5d5e63d30e7ef081d5767
all5/URL_encoding/[3-1][6-1][7-1][41-1].wasm,fcf23b81d1c5d5e63d30e7ef081d5767
all5/URL_encoding/[3-1][7-1].wasm,fcf23b81d1c5d5e63d30e7ef081d5767
all5/URL_encoding/[3-1][7-1][15-1].wasm,fcf23b81d1c5d5e63d30e7ef081d5767
all5/URL_encoding/[3-1][7-1][15-1][20-1].wasm,fcf23b81d1c5d5e63d30e7ef081d5767
all5/URL_encoding/[3-1][7-1][15-1][20-1][22-1].wasm,fcf23b81d1c5d5e63d30e7ef081d5767
all5/URL_encoding/[3-1][7-1][15-1][20-1][22-1][33-1].wasm,fcf23b81d1c5d5e63d30e7ef081d5767
all5/URL_encoding/[3-1][7-1][15-1][20-1][22-1][33-1][41-1].wasm,fcf23b81d1c5d5e63d30e7ef081d5767
all5/URL_encoding/[3-1][7-1][15-1][20-1][22-1][41-1].wasm,fcf23b81d1c5d5e63d30e7ef081d5767
all5/URL_encoding/[3-1][7-1][15-1][20-1][33-1].wasm,fcf23b81d1c5d5e63d30e7ef081d5767
all5/URL_encoding/[3-1][7-1][15-1][20-1][33-1][41-1].wasm,fcf23b81d1c5d5e63d30e7ef081d5767
all5/URL_encoding/[3-1][7-1][15-1][20-1][41-1].wasm,fcf23b81d1c5d5e63d30e7ef081d5767
all5/URL_encoding/[3-1][7-1][15-1][22-1].wasm,fcf23b81d1c5d5e63d30e7ef081d5767
all5/URL_encoding/[3-1][7-1][15-1][22-1][33-1].wasm,fcf23b81d1c5d5e63d30e7ef081d5767
all5/URL_encoding/[3-1][7-1][15-1][22-1][33-1][41-1].wasm,fcf23b81d1c5d5e63d30e7ef081d5767
all5/URL_encoding/[3-1][7-1][15-1][22-1][41-1].wasm,fcf23b81d1c5d5e63d30e7ef081d5767
all5/URL_encoding/[3-1][7-1][15-1][33-1].wasm,fcf23b81d1c5d5e63d30e7ef081d5767
all5/URL_encoding/[3-1][7-1][15-1][33-1][41-1].wasm,fcf23b81d1c5d5e63d30e7ef081d5767
all5/URL_encoding/[3-1][7-1][15-1][41-1].wasm,fcf23b81d1c5d5e63d30e7ef081d5767
all5/URL_encoding/[3-1][7-1][20-1].wasm,fcf23b81d1c5d5e63d30e7ef081d5767
all5/URL_encoding/[3-1][7-1][20-1][22-1].wasm,fcf23b81d1c5d5e63d30e7ef081d5767
all5/URL_encoding/[3-1][7-1][20-1][22-1][33-1].wasm,fcf23b81d1c5d5e63d30e7ef081d5767
all5/URL_encoding/[3-1][7-1][20-1][22-1][33-1][41-1].wasm,fcf23b81d1c5d5e63d30e7ef081d5767
all5/URL_encoding/[3-1][7-1][20-1][22-1][41-1].wasm,fcf23b81d1c5d5e63d30e7ef081d5767
all5/URL_encoding/[3-1][7-1][20-1][33-1].wasm,fcf23b81d1c5d5e63d30e7ef081d5767
all5/URL_encoding/[3-1][7-1][20-1][33-1][41-1].wasm,fcf23b81d1c5d5e63d30e7ef081d5767
all5/URL_encoding/[3-1][7-1][20-1][41-1].wasm,fcf23b81d1c5d5e63d30e7ef081d5767
all5/URL_encoding/[3-1][7-1][22-1].wasm,fcf23b81d1c5d5e63d30e7ef081d5767
all5/URL_encoding/[3-1][7-1][22-1][33-1].wasm,fcf23b81d1c5d5e63d30e7ef081d5767
all5/URL_encoding/[3-1][7-1][22-1][33-1][41-1].wasm,fcf23b81d1c5d5e63d30e7ef081d5767
all5/URL_encoding/[3-1][7-1][22-1][41-1].wasm,fcf23b81d1c5d5e63d30e7ef081d5767
all5/URL_encoding/[3-1][7-1][33-1].wasm,fcf23b81d1c5d5e63d30e7ef081d5767
all5/URL_encoding/[3-1][7-1][33-1][41-1].wasm,fcf23b81d1c5d5e63d30e7ef081d5767
all5/URL_encoding/[3-1][7-1][41-1].wasm,fcf23b81d1c5d5e63d30e7ef081d5767
all5/URL_encoding/[33-1].wasm,fcf23b81d1c5d5e63d30e7ef081d5767
all5/URL_encoding/[33-1][41-1].wasm,fcf23b81d1c5d5e63d30e7ef081d5767
all5/URL_encoding/[41-1].wasm,fcf23b81d1c5d5e63d30e7ef081d5767
all5/URL_encoding/[6-1].wasm,fcf23b81d1c5d5e63d30e7ef081d5767
all5/URL_encoding/[6-1][15-1].wasm,fcf23b81d1c5d5e63d30e7ef081d5767
all5/URL_encoding/[6-1][15-1][20-1].wasm,fcf23b81d1c5d5e63d30e7ef081d5767
all5/URL_encoding/[6-1][15-1][20-1][22-1].wasm,fcf23b81d1c5d5e63d30e7ef081d5767
all5/URL_encoding/[6-1][15-1][20-1][22-1][33-1].wasm,fcf23b81d1c5d5e63d30e7ef081d5767
all5/URL_encoding/[6-1][15-1][20-1][22-1][33-1][41-1].wasm,fcf23b81d1c5d5e63d30e7ef081d5767
all5/URL_encoding/[6-1][15-1][20-1][22-1][41-1].wasm,fcf23b81d1c5d5e63d30e7ef081d5767
all5/URL_encoding/[6-1][15-1][20-1][33-1].wasm,fcf23b81d1c5d5e63d30e7ef081d5767
all5/URL_encoding/[6-1][15-1][20-1][33-1][41-1].wasm,fcf23b81d1c5d5e63d30e7ef081d5767
all5/URL_encoding/[6-1][15-1][20-1][41-1].wasm,fcf23b81d1c5d5e63d30e7ef081d5767
all5/URL_encoding/[6-1][15-1][22-1].wasm,fcf23b81d1c5d5e63d30e7ef081d5767
all5/URL_encoding/[6-1][15-1][22-1][33-1].wasm,fcf23b81d1c5d5e63d30e7ef081d5767
all5/URL_encoding/[6-1][15-1][22-1][33-1][41-1].wasm,fcf23b81d1c5d5e63d30e7ef081d5767
all5/URL_encoding/[6-1][15-1][22-1][41-1].wasm,fcf23b81d1c5d5e63d30e7ef081d5767
all5/URL_encoding/[6-1][15-1][33-1].wasm,fcf23b81d1c5d5e63d30e7ef081d5767
all5/URL_encoding/[6-1][15-1][33-1][41-1].wasm,fcf23b81d1c5d5e63d30e7ef081d5767
all5/URL_encoding/[6-1][15-1][41-1].wasm,fcf23b81d1c5d5e63d30e7ef081d5767
all5/URL_encoding/[6-1][20-1].wasm,fcf23b81d1c5d5e63d30e7ef081d5767
all5/URL_encoding/[6-1][20-1][22-1].wasm,fcf23b81d1c5d5e63d30e7ef081d5767
all5/URL_encoding/[6-1][20-1][22-1][33-1].wasm,fcf23b81d1c5d5e63d30e7ef081d5767
all5/URL_encoding/[6-1][20-1][22-1][33-1][41-1].wasm,fcf23b81d1c5d5e63d30e7ef081d5767
all5/URL_encoding/[6-1][20-1][22-1][41-1].wasm,fcf23b81d1c5d5e63d30e7ef081d5767
all5/URL_encoding/[6-1][20-1][33-1].wasm,fcf23b81d1c5d5e63d30e7ef081d5767
all5/URL_encoding/[6-1][20-1][33-1][41-1].wasm,fcf23b81d1c5d5e63d30e7ef081d5767
all5/URL_encoding/[6-1][20-1][41-1].wasm,fcf23b81d1c5d5e63d30e7ef081d5767
all5/URL_encoding/[6-1][22-1].wasm,fcf23b81d1c5d5e63d30e7ef081d5767
all5/URL_encoding/[6-1][22-1][33-1].wasm,fcf23b81d1c5d5e63d30e7ef081d5767
all5/URL_encoding/[6-1][22-1][33-1][41-1].wasm,fcf23b81d1c5d5e63d30e7ef081d5767
all5/URL_encoding/[6-1][22-1][41-1].wasm,fcf23b81d1c5d5e63d30e7ef081d5767
all5/URL_encoding/[6-1][33-1].wasm,fcf23b81d1c5d5e63d30e7ef081d5767
all5/URL_encoding/[6-1][33-1][41-1].wasm,fcf23b81d1c5d5e63d30e7ef081d5767
all5/URL_encoding/[6-1][41-1].wasm,fcf23b81d1c5d5e63d30e7ef081d5767
all5/URL_encoding/[6-1][7-1].wasm,fcf23b81d1c5d5e63d30e7ef081d5767
all5/URL_encoding/[6-1][7-1][15-1].wasm,fcf23b81d1c5d5e63d30e7ef081d5767
all5/URL_encoding/[6-1][7-1][15-1][20-1].wasm,fcf23b81d1c5d5e63d30e7ef081d5767
all5/URL_encoding/[6-1][7-1][15-1][20-1][22-1].wasm,fcf23b81d1c5d5e63d30e7ef081d5767
all5/URL_encoding/[6-1][7-1][15-1][20-1][22-1][33-1].wasm,fcf23b81d1c5d5e63d30e7ef081d5767
all5/URL_encoding/[6-1][7-1][15-1][20-1][22-1][33-1][41-1].wasm,fcf23b81d1c5d5e63d30e7ef081d5767
all5/URL_encoding/[6-1][7-1][15-1][20-1][22-1][41-1].wasm,fcf23b81d1c5d5e63d30e7ef081d5767
all5/URL_encoding/[6-1][7-1][15-1][20-1][33-1].wasm,fcf23b81d1c5d5e63d30e7ef081d5767
all5/URL_encoding/[6-1][7-1][15-1][20-1][33-1][41-1].wasm,fcf23b81d1c5d5e63d30e7ef081d5767
all5/URL_encoding/[6-1][7-1][15-1][20-1][41-1].wasm,fcf23b81d1c5d5e63d30e7ef081d5767
all5/URL_encoding/[6-1][7-1][15-1][22-1].wasm,fcf23b81d1c5d5e63d30e7ef081d5767
all5/URL_encoding/[6-1][7-1][15-1][22-1][33-1].wasm,fcf23b81d1c5d5e63d30e7ef081d5767
all5/URL_encoding/[6-1][7-1][15-1][22-1][33-1][41-1].wasm,fcf23b81d1c5d5e63d30e7ef081d5767
all5/URL_encoding/[6-1][7-1][15-1][22-1][41-1].wasm,fcf23b81d1c5d5e63d30e7ef081d5767
all5/URL_encoding/[6-1][7-1][15-1][33-1].wasm,fcf23b81d1c5d5e63d30e7ef081d5767
all5/URL_encoding/[6-1][7-1][15-1][33-1][41-1].wasm,fcf23b81d1c5d5e63d30e7ef081d5767
all5/URL_encoding/[6-1][7-1][15-1][41-1].wasm,fcf23b81d1c5d5e63d30e7ef081d5767
all5/URL_encoding/[6-1][7-1][20-1].wasm,fcf23b81d1c5d5e63d30e7ef081d5767
all5/URL_encoding/[6-1][7-1][20-1][22-1].wasm,fcf23b81d1c5d5e63d30e7ef081d5767
all5/URL_encoding/[6-1][7-1][20-1][22-1][33-1].wasm,fcf23b81d1c5d5e63d30e7ef081d5767
all5/URL_encoding/[6-1][7-1][20-1][22-1][33-1][41-1].wasm,fcf23b81d1c5d5e63d30e7ef081d5767
all5/URL_encoding/[6-1][7-1][20-1][22-1][41-1].wasm,fcf23b81d1c5d5e63d30e7ef081d5767
all5/URL_encoding/[6-1][7-1][20-1][33-1].wasm,fcf23b81d1c5d5e63d30e7ef081d5767
all5/URL_encoding/[6-1][7-1][20-1][33-1][41-1].wasm,fcf23b81d1c5d5e63d30e7ef081d5767
all5/URL_encoding/[6-1][7-1][20-1][41-1].wasm,fcf23b81d1c5d5e63d30e7ef081d5767
all5/URL_encoding/[6-1][7-1][22-1].wasm,fcf23b81d1c5d5e63d30e7ef081d5767
all5/URL_encoding/[6-1][7-1][22-1][33-1].wasm,fcf23b81d1c5d5e63d30e7ef081d5767
all5/URL_encoding/[6-1][7-1][22-1][33-1][41-1].wasm,fcf23b81d1c5d5e63d30e7ef081d5767
all5/URL_encoding/[6-1][7-1][22-1][41-1].wasm,fcf23b81d1c5d5e63d30e7ef081d5767
all5/URL_encoding/[6-1][7-1][33-1].wasm,fcf23b81d1c5d5e63d30e7ef081d5767
all5/URL_encoding/[6-1][7-1][33-1][41-1].wasm,fcf23b81d1c5d5e63d30e7ef081d5767
all5/URL_encoding/[6-1][7-1][41-1].wasm,fcf23b81d1c5d5e63d30e7ef081d5767
all5/URL_encoding/[7-1].wasm,fcf23b81d1c5d5e63d30e7ef081d5767
all5/URL_encoding/[7-1][15-1].wasm,fcf23b81d1c5d5e63d30e7ef081d5767
all5/URL_encoding/[7-1][15-1][20-1].wasm,fcf23b81d1c5d5e63d30e7ef081d5767
all5/URL_encoding/[7-1][15-1][20-1][22-1].wasm,fcf23b81d1c5d5e63d30e7ef081d5767
all5/URL_encoding/[7-1][15-1][20-1][22-1][33-1].wasm,fcf23b81d1c5d5e63d30e7ef081d5767
all5/URL_encoding/[7-1][15-1][20-1][22-1][33-1][41-1].wasm,fcf23b81d1c5d5e63d30e7ef081d5767
all5/URL_encoding/[7-1][15-1][20-1][22-1][41-1].wasm,fcf23b81d1c5d5e63d30e7ef081d5767
all5/URL_encoding/[7-1][15-1][20-1][33-1].wasm,fcf23b81d1c5d5e63d30e7ef081d5767
all5/URL_encoding/[7-1][15-1][20-1][33-1][41-1].wasm,fcf23b81d1c5d5e63d30e7ef081d5767
all5/URL_encoding/[7-1][15-1][20-1][41-1].wasm,fcf23b81d1c5d5e63d30e7ef081d5767
all5/URL_encoding/[7-1][15-1][22-1].wasm,fcf23b81d1c5d5e63d30e7ef081d5767
all5/URL_encoding/[7-1][15-1][22-1][33-1].wasm,fcf23b81d1c5d5e63d30e7ef081d5767
all5/URL_encoding/[7-1][15-1][22-1][33-1][41-1].wasm,fcf23b81d1c5d5e63d30e7ef081d5767
all5/URL_encoding/[7-1][15-1][22-1][41-1].wasm,fcf23b81d1c5d5e63d30e7ef081d5767
all5/URL_encoding/[7-1][15-1][33-1].wasm,fcf23b81d1c5d5e63d30e7ef081d5767
all5/URL_encoding/[7-1][15-1][33-1][41-1].wasm,fcf23b81d1c5d5e63d30e7ef081d5767
all5/URL_encoding/[7-1][15-1][41-1].wasm,fcf23b81d1c5d5e63d30e7ef081d5767
all5/URL_encoding/[7-1][20-1].wasm,fcf23b81d1c5d5e63d30e7ef081d5767
all5/URL_encoding/[7-1][20-1][22-1].wasm,fcf23b81d1c5d5e63d30e7ef081d5767
all5/URL_encoding/[7-1][20-1][22-1][33-1].wasm,fcf23b81d1c5d5e63d30e7ef081d5767
all5/URL_encoding/[7-1][20-1][22-1][33-1][41-1].wasm,fcf23b81d1c5d5e63d30e7ef081d5767
all5/URL_encoding/[7-1][20-1][22-1][41-1].wasm,fcf23b81d1c5d5e63d30e7ef081d5767
all5/URL_encoding/[7-1][20-1][33-1].wasm,fcf23b81d1c5d5e63d30e7ef081d5767
all5/URL_encoding/[7-1][20-1][33-1][41-1].wasm,fcf23b81d1c5d5e63d30e7ef081d5767
all5/URL_encoding/[7-1][20-1][41-1].wasm,fcf23b81d1c5d5e63d30e7ef081d5767
all5/URL_encoding/[7-1][22-1].wasm,fcf23b81d1c5d5e63d30e7ef081d5767
all5/URL_encoding/[7-1][22-1][33-1].wasm,fcf23b81d1c5d5e63d30e7ef081d5767
all5/URL_encoding/[7-1][22-1][33-1][41-1].wasm,fcf23b81d1c5d5e63d30e7ef081d5767
all5/URL_encoding/[7-1][22-1][41-1].wasm,fcf23b81d1c5d5e63d30e7ef081d5767
all5/URL_encoding/[7-1][33-1].wasm,fcf23b81d1c5d5e63d30e7ef081d5767
all5/URL_encoding/[7-1][33-1][41-1].wasm,fcf23b81d1c5d5e63d30e7ef081d5767
all5/URL_encoding/[7-1][41-1].wasm,fcf23b81d1c5d5e63d30e7ef081d5767
