name, hash
all5/Van_der_Corput_sequence/Van_der_Corput_sequence.wasm,2bd865454af25d05e4866de96714585e
all5/Van_der_Corput_sequence/Van_der_Corput_sequence.wasm.~1~,2bd865454af25d05e4866de96714585e
all5/Van_der_Corput_sequence/Van_der_Corput_sequence.wasm.~2~,1857d061359fa397b8deda72a9db75b7
all5/Van_der_Corput_sequence/[3-1].wasm,2bd865454af25d05e4866de96714585e
all5/Van_der_Corput_sequence/[3-1][4-1].wasm,2bd865454af25d05e4866de96714585e
all5/Van_der_Corput_sequence/[3-1][4-1][5-1].wasm,2bd865454af25d05e4866de96714585e
all5/Van_der_Corput_sequence/[3-1][4-1][5-2].wasm,2bd865454af25d05e4866de96714585e
all5/Van_der_Corput_sequence/[3-1][4-1][5-3].wasm,2bd865454af25d05e4866de96714585e
all5/Van_der_Corput_sequence/[3-1][4-1][5-4].wasm,2bd865454af25d05e4866de96714585e
all5/Van_der_Corput_sequence/[3-1][5-1].wasm,2bd865454af25d05e4866de96714585e
all5/Van_der_Corput_sequence/[3-1][5-2].wasm,2bd865454af25d05e4866de96714585e
all5/Van_der_Corput_sequence/[3-1][5-3].wasm,2bd865454af25d05e4866de96714585e
all5/Van_der_Corput_sequence/[3-1][5-4].wasm,2bd865454af25d05e4866de96714585e
all5/Van_der_Corput_sequence/[3-2][4-1].wasm,2bd865454af25d05e4866de96714585e
all5/Van_der_Corput_sequence/[3-2][4-1][5-1].wasm,2bd865454af25d05e4866de96714585e
all5/Van_der_Corput_sequence/[3-2][4-1][5-2].wasm,2bd865454af25d05e4866de96714585e
all5/Van_der_Corput_sequence/[3-2][4-1][5-3].wasm,2bd865454af25d05e4866de96714585e
all5/Van_der_Corput_sequence/[3-2][4-1][5-4].wasm,2bd865454af25d05e4866de96714585e
all5/Van_der_Corput_sequence/[3-3][4-1][5-1].wasm,2bd865454af25d05e4866de96714585e
all5/Van_der_Corput_sequence/[3-3][4-1][5-2].wasm,2bd865454af25d05e4866de96714585e
all5/Van_der_Corput_sequence/[3-3][4-1][5-3].wasm,2bd865454af25d05e4866de96714585e
all5/Van_der_Corput_sequence/[3-3][4-1][5-4].wasm,2bd865454af25d05e4866de96714585e
all5/Van_der_Corput_sequence/[4-1].wasm,2bd865454af25d05e4866de96714585e
all5/Van_der_Corput_sequence/[4-1][5-1].wasm,2bd865454af25d05e4866de96714585e
all5/Van_der_Corput_sequence/[4-1][5-2].wasm,2bd865454af25d05e4866de96714585e
all5/Van_der_Corput_sequence/[4-1][5-3].wasm,2bd865454af25d05e4866de96714585e
all5/Van_der_Corput_sequence/[4-1][5-4].wasm,2bd865454af25d05e4866de96714585e
all5/Van_der_Corput_sequence/[5-1].wasm,2bd865454af25d05e4866de96714585e
all5/Van_der_Corput_sequence/[5-2].wasm,2bd865454af25d05e4866de96714585e
all5/Van_der_Corput_sequence/[5-3].wasm,2bd865454af25d05e4866de96714585e
all5/Van_der_Corput_sequence/[5-4].wasm,2bd865454af25d05e4866de96714585e
