name, hash
all5/Variable-length_quantity/Variable-length_quantity.wasm,a1d8e518f77f2078ab88bfcca73ad25b
all5/Variable-length_quantity/Variable-length_quantity.wasm.~1~,fac318692a88b13510149f34d3f7df55
all5/Variable-length_quantity/Variable-length_quantity.wasm.~2~,a1d8e518f77f2078ab88bfcca73ad25b
all5/Variable-length_quantity/Variable-length_quantity.wasm.~3~,fac318692a88b13510149f34d3f7df55
all5/Variable-length_quantity/[0-1].wasm,a5ac47232a6f0a8a6e4dc69aa3338e32
all5/Variable-length_quantity/[0-1][1-1].wasm,b59b7a885f237efacc46535291cc7b9b
all5/Variable-length_quantity/[0-1][1-1][26-1].wasm,2ad964c2aed85adb3adbffee7d90a67f
all5/Variable-length_quantity/[0-1][26-1].wasm,a5ac47232a6f0a8a6e4dc69aa3338e32
all5/Variable-length_quantity/[1-1].wasm,fac318692a88b13510149f34d3f7df55
all5/Variable-length_quantity/[1-1][26-1].wasm,2ad964c2aed85adb3adbffee7d90a67f
all5/Variable-length_quantity/[1-2].wasm,fac318692a88b13510149f34d3f7df55
all5/Variable-length_quantity/[1-2][26-1].wasm,2ad964c2aed85adb3adbffee7d90a67f
all5/Variable-length_quantity/[1-3].wasm,fac318692a88b13510149f34d3f7df55
all5/Variable-length_quantity/[1-3][26-1].wasm,2ad964c2aed85adb3adbffee7d90a67f
all5/Variable-length_quantity/[1-4].wasm,fac318692a88b13510149f34d3f7df55
all5/Variable-length_quantity/[1-4][26-1].wasm,2ad964c2aed85adb3adbffee7d90a67f
all5/Variable-length_quantity/[1-5].wasm,fac318692a88b13510149f34d3f7df55
all5/Variable-length_quantity/[1-5][26-1].wasm,2ad964c2aed85adb3adbffee7d90a67f
all5/Variable-length_quantity/[1-6].wasm,fac318692a88b13510149f34d3f7df55
all5/Variable-length_quantity/[1-6][26-1].wasm,2ad964c2aed85adb3adbffee7d90a67f
all5/Variable-length_quantity/[1-7].wasm,fac318692a88b13510149f34d3f7df55
all5/Variable-length_quantity/[1-7][26-1].wasm,2ad964c2aed85adb3adbffee7d90a67f
all5/Variable-length_quantity/[26-1].wasm,2ad964c2aed85adb3adbffee7d90a67f
