name, hash
all5/Vector/Vector.wasm,e406316cf351c51b423f419147b91b06
all5/Vector/Vector.wasm.~1~,e406316cf351c51b423f419147b91b06
all5/Vector/Vector.wasm.~2~,12ad0c110a1f9e7501fe8c50cffa0402
all5/Vector/[0-1].wasm,e406316cf351c51b423f419147b91b06
all5/Vector/[0-1].wasm.~1~,12ad0c110a1f9e7501fe8c50cffa0402
all5/Vector/[0-1][1-10].wasm,e406316cf351c51b423f419147b91b06
all5/Vector/[0-1][1-1].wasm,e406316cf351c51b423f419147b91b06
all5/Vector/[0-1][1-1].wasm.~1~,12ad0c110a1f9e7501fe8c50cffa0402
all5/Vector/[0-1][1-2].wasm,e406316cf351c51b423f419147b91b06
all5/Vector/[0-1][1-2].wasm.~1~,12ad0c110a1f9e7501fe8c50cffa0402
all5/Vector/[0-1][1-3].wasm,e406316cf351c51b423f419147b91b06
all5/Vector/[0-1][1-3].wasm.~1~,12ad0c110a1f9e7501fe8c50cffa0402
all5/Vector/[0-1][1-4].wasm,e406316cf351c51b423f419147b91b06
all5/Vector/[0-1][1-4].wasm.~1~,12ad0c110a1f9e7501fe8c50cffa0402
all5/Vector/[0-1][1-5].wasm,e406316cf351c51b423f419147b91b06
all5/Vector/[0-1][1-5].wasm.~1~,12ad0c110a1f9e7501fe8c50cffa0402
all5/Vector/[0-1][1-6].wasm,e406316cf351c51b423f419147b91b06
all5/Vector/[0-1][1-6].wasm.~1~,12ad0c110a1f9e7501fe8c50cffa0402
all5/Vector/[0-1][1-7].wasm,e406316cf351c51b423f419147b91b06
all5/Vector/[0-1][1-7].wasm.~1~,12ad0c110a1f9e7501fe8c50cffa0402
all5/Vector/[0-1][1-8].wasm,e406316cf351c51b423f419147b91b06
all5/Vector/[0-1][1-8].wasm.~1~,12ad0c110a1f9e7501fe8c50cffa0402
all5/Vector/[0-1][1-9].wasm,e406316cf351c51b423f419147b91b06
all5/Vector/[0-2].wasm,e406316cf351c51b423f419147b91b06
all5/Vector/[0-2].wasm.~1~,12ad0c110a1f9e7501fe8c50cffa0402
all5/Vector/[0-2][1-10].wasm,e406316cf351c51b423f419147b91b06
all5/Vector/[0-2][1-1].wasm,e406316cf351c51b423f419147b91b06
all5/Vector/[0-2][1-1].wasm.~1~,12ad0c110a1f9e7501fe8c50cffa0402
all5/Vector/[0-2][1-2].wasm,e406316cf351c51b423f419147b91b06
all5/Vector/[0-2][1-2].wasm.~1~,12ad0c110a1f9e7501fe8c50cffa0402
all5/Vector/[0-2][1-3].wasm,e406316cf351c51b423f419147b91b06
all5/Vector/[0-2][1-3].wasm.~1~,12ad0c110a1f9e7501fe8c50cffa0402
all5/Vector/[0-2][1-4].wasm,e406316cf351c51b423f419147b91b06
all5/Vector/[0-2][1-4].wasm.~1~,12ad0c110a1f9e7501fe8c50cffa0402
all5/Vector/[0-2][1-5].wasm,e406316cf351c51b423f419147b91b06
all5/Vector/[0-2][1-5].wasm.~1~,12ad0c110a1f9e7501fe8c50cffa0402
all5/Vector/[0-2][1-6].wasm,e406316cf351c51b423f419147b91b06
all5/Vector/[0-2][1-6].wasm.~1~,12ad0c110a1f9e7501fe8c50cffa0402
all5/Vector/[0-2][1-7].wasm,e406316cf351c51b423f419147b91b06
all5/Vector/[0-2][1-7].wasm.~1~,12ad0c110a1f9e7501fe8c50cffa0402
all5/Vector/[0-2][1-8].wasm,e406316cf351c51b423f419147b91b06
all5/Vector/[0-2][1-8].wasm.~1~,12ad0c110a1f9e7501fe8c50cffa0402
all5/Vector/[0-2][1-9].wasm,e406316cf351c51b423f419147b91b06
all5/Vector/[0-3].wasm,e406316cf351c51b423f419147b91b06
all5/Vector/[0-3].wasm.~1~,12ad0c110a1f9e7501fe8c50cffa0402
all5/Vector/[0-3][1-10].wasm,e406316cf351c51b423f419147b91b06
all5/Vector/[0-3][1-1].wasm,e406316cf351c51b423f419147b91b06
all5/Vector/[0-3][1-1].wasm.~1~,12ad0c110a1f9e7501fe8c50cffa0402
all5/Vector/[0-3][1-2].wasm,e406316cf351c51b423f419147b91b06
all5/Vector/[0-3][1-2].wasm.~1~,12ad0c110a1f9e7501fe8c50cffa0402
all5/Vector/[0-3][1-3].wasm,e406316cf351c51b423f419147b91b06
all5/Vector/[0-3][1-3].wasm.~1~,12ad0c110a1f9e7501fe8c50cffa0402
all5/Vector/[0-3][1-4].wasm,e406316cf351c51b423f419147b91b06
all5/Vector/[0-3][1-4].wasm.~1~,12ad0c110a1f9e7501fe8c50cffa0402
all5/Vector/[0-3][1-5].wasm,e406316cf351c51b423f419147b91b06
all5/Vector/[0-3][1-5].wasm.~1~,12ad0c110a1f9e7501fe8c50cffa0402
all5/Vector/[0-3][1-6].wasm,e406316cf351c51b423f419147b91b06
all5/Vector/[0-3][1-6].wasm.~1~,12ad0c110a1f9e7501fe8c50cffa0402
all5/Vector/[0-3][1-7].wasm,e406316cf351c51b423f419147b91b06
all5/Vector/[0-3][1-7].wasm.~1~,12ad0c110a1f9e7501fe8c50cffa0402
all5/Vector/[0-3][1-8].wasm,e406316cf351c51b423f419147b91b06
all5/Vector/[0-3][1-8].wasm.~1~,12ad0c110a1f9e7501fe8c50cffa0402
all5/Vector/[0-3][1-9].wasm,e406316cf351c51b423f419147b91b06
all5/Vector/[0-4].wasm,e406316cf351c51b423f419147b91b06
all5/Vector/[0-4].wasm.~1~,12ad0c110a1f9e7501fe8c50cffa0402
all5/Vector/[0-4][1-10].wasm,e406316cf351c51b423f419147b91b06
all5/Vector/[0-4][1-1].wasm,e406316cf351c51b423f419147b91b06
all5/Vector/[0-4][1-1].wasm.~1~,12ad0c110a1f9e7501fe8c50cffa0402
all5/Vector/[0-4][1-2].wasm,e406316cf351c51b423f419147b91b06
all5/Vector/[0-4][1-2].wasm.~1~,12ad0c110a1f9e7501fe8c50cffa0402
all5/Vector/[0-4][1-3].wasm,e406316cf351c51b423f419147b91b06
all5/Vector/[0-4][1-3].wasm.~1~,12ad0c110a1f9e7501fe8c50cffa0402
all5/Vector/[0-4][1-4].wasm,e406316cf351c51b423f419147b91b06
all5/Vector/[0-4][1-4].wasm.~1~,12ad0c110a1f9e7501fe8c50cffa0402
all5/Vector/[0-4][1-5].wasm,e406316cf351c51b423f419147b91b06
all5/Vector/[0-4][1-5].wasm.~1~,12ad0c110a1f9e7501fe8c50cffa0402
all5/Vector/[0-4][1-6].wasm,e406316cf351c51b423f419147b91b06
all5/Vector/[0-4][1-6].wasm.~1~,12ad0c110a1f9e7501fe8c50cffa0402
all5/Vector/[0-4][1-7].wasm,e406316cf351c51b423f419147b91b06
all5/Vector/[0-4][1-7].wasm.~1~,12ad0c110a1f9e7501fe8c50cffa0402
all5/Vector/[0-4][1-8].wasm,e406316cf351c51b423f419147b91b06
all5/Vector/[0-4][1-8].wasm.~1~,12ad0c110a1f9e7501fe8c50cffa0402
all5/Vector/[0-4][1-9].wasm,e406316cf351c51b423f419147b91b06
all5/Vector/[0-5].wasm,e406316cf351c51b423f419147b91b06
all5/Vector/[0-5].wasm.~1~,12ad0c110a1f9e7501fe8c50cffa0402
all5/Vector/[0-5][1-10].wasm,e406316cf351c51b423f419147b91b06
all5/Vector/[0-5][1-1].wasm,e406316cf351c51b423f419147b91b06
all5/Vector/[0-5][1-1].wasm.~1~,12ad0c110a1f9e7501fe8c50cffa0402
all5/Vector/[0-5][1-2].wasm,e406316cf351c51b423f419147b91b06
all5/Vector/[0-5][1-2].wasm.~1~,12ad0c110a1f9e7501fe8c50cffa0402
all5/Vector/[0-5][1-3].wasm,e406316cf351c51b423f419147b91b06
all5/Vector/[0-5][1-3].wasm.~1~,12ad0c110a1f9e7501fe8c50cffa0402
all5/Vector/[0-5][1-4].wasm,e406316cf351c51b423f419147b91b06
all5/Vector/[0-5][1-4].wasm.~1~,12ad0c110a1f9e7501fe8c50cffa0402
all5/Vector/[0-5][1-5].wasm,e406316cf351c51b423f419147b91b06
all5/Vector/[0-5][1-5].wasm.~1~,12ad0c110a1f9e7501fe8c50cffa0402
all5/Vector/[0-5][1-6].wasm,e406316cf351c51b423f419147b91b06
all5/Vector/[0-5][1-6].wasm.~1~,12ad0c110a1f9e7501fe8c50cffa0402
all5/Vector/[0-5][1-7].wasm,e406316cf351c51b423f419147b91b06
all5/Vector/[0-5][1-7].wasm.~1~,12ad0c110a1f9e7501fe8c50cffa0402
all5/Vector/[0-5][1-8].wasm,e406316cf351c51b423f419147b91b06
all5/Vector/[0-5][1-8].wasm.~1~,12ad0c110a1f9e7501fe8c50cffa0402
all5/Vector/[0-5][1-9].wasm,e406316cf351c51b423f419147b91b06
all5/Vector/[0-6].wasm,e406316cf351c51b423f419147b91b06
all5/Vector/[0-6].wasm.~1~,12ad0c110a1f9e7501fe8c50cffa0402
all5/Vector/[0-6][1-10].wasm,e406316cf351c51b423f419147b91b06
all5/Vector/[0-6][1-1].wasm,e406316cf351c51b423f419147b91b06
all5/Vector/[0-6][1-1].wasm.~1~,12ad0c110a1f9e7501fe8c50cffa0402
all5/Vector/[0-6][1-2].wasm,e406316cf351c51b423f419147b91b06
all5/Vector/[0-6][1-2].wasm.~1~,12ad0c110a1f9e7501fe8c50cffa0402
all5/Vector/[0-6][1-3].wasm,e406316cf351c51b423f419147b91b06
all5/Vector/[0-6][1-3].wasm.~1~,12ad0c110a1f9e7501fe8c50cffa0402
all5/Vector/[0-6][1-4].wasm,e406316cf351c51b423f419147b91b06
all5/Vector/[0-6][1-4].wasm.~1~,12ad0c110a1f9e7501fe8c50cffa0402
all5/Vector/[0-6][1-5].wasm,e406316cf351c51b423f419147b91b06
all5/Vector/[0-6][1-5].wasm.~1~,12ad0c110a1f9e7501fe8c50cffa0402
all5/Vector/[0-6][1-6].wasm,e406316cf351c51b423f419147b91b06
all5/Vector/[0-6][1-6].wasm.~1~,12ad0c110a1f9e7501fe8c50cffa0402
all5/Vector/[0-6][1-7].wasm,e406316cf351c51b423f419147b91b06
all5/Vector/[0-6][1-7].wasm.~1~,12ad0c110a1f9e7501fe8c50cffa0402
all5/Vector/[0-6][1-8].wasm,e406316cf351c51b423f419147b91b06
all5/Vector/[0-6][1-8].wasm.~1~,12ad0c110a1f9e7501fe8c50cffa0402
all5/Vector/[0-6][1-9].wasm,e406316cf351c51b423f419147b91b06
all5/Vector/[0-7].wasm,e406316cf351c51b423f419147b91b06
all5/Vector/[0-7].wasm.~1~,12ad0c110a1f9e7501fe8c50cffa0402
all5/Vector/[0-7][1-1].wasm,e406316cf351c51b423f419147b91b06
all5/Vector/[0-7][1-1].wasm.~1~,12ad0c110a1f9e7501fe8c50cffa0402
all5/Vector/[0-7][1-2].wasm,e406316cf351c51b423f419147b91b06
all5/Vector/[0-7][1-2].wasm.~1~,12ad0c110a1f9e7501fe8c50cffa0402
all5/Vector/[0-7][1-3].wasm,e406316cf351c51b423f419147b91b06
all5/Vector/[0-7][1-3].wasm.~1~,12ad0c110a1f9e7501fe8c50cffa0402
all5/Vector/[0-7][1-4].wasm,12ad0c110a1f9e7501fe8c50cffa0402
all5/Vector/[0-7][1-5].wasm,e406316cf351c51b423f419147b91b06
all5/Vector/[0-7][1-5].wasm.~1~,12ad0c110a1f9e7501fe8c50cffa0402
all5/Vector/[0-7][1-6].wasm,e406316cf351c51b423f419147b91b06
all5/Vector/[0-7][1-6].wasm.~1~,12ad0c110a1f9e7501fe8c50cffa0402
all5/Vector/[0-7][1-7].wasm,e406316cf351c51b423f419147b91b06
all5/Vector/[0-7][1-7].wasm.~1~,12ad0c110a1f9e7501fe8c50cffa0402
all5/Vector/[0-7][1-8].wasm,e406316cf351c51b423f419147b91b06
all5/Vector/[0-7][1-8].wasm.~1~,12ad0c110a1f9e7501fe8c50cffa0402
all5/Vector/[0-7][1-9].wasm,e406316cf351c51b423f419147b91b06
all5/Vector/[0-8].wasm,e406316cf351c51b423f419147b91b06
all5/Vector/[0-8].wasm.~1~,12ad0c110a1f9e7501fe8c50cffa0402
all5/Vector/[0-8][1-10].wasm,e406316cf351c51b423f419147b91b06
all5/Vector/[0-8][1-1].wasm,e406316cf351c51b423f419147b91b06
all5/Vector/[0-8][1-1].wasm.~1~,12ad0c110a1f9e7501fe8c50cffa0402
all5/Vector/[0-8][1-2].wasm,e406316cf351c51b423f419147b91b06
all5/Vector/[0-8][1-2].wasm.~1~,12ad0c110a1f9e7501fe8c50cffa0402
all5/Vector/[0-8][1-3].wasm,12ad0c110a1f9e7501fe8c50cffa0402
all5/Vector/[0-8][1-4].wasm,e406316cf351c51b423f419147b91b06
all5/Vector/[0-8][1-4].wasm.~1~,12ad0c110a1f9e7501fe8c50cffa0402
all5/Vector/[0-8][1-5].wasm,12ad0c110a1f9e7501fe8c50cffa0402
all5/Vector/[0-8][1-6].wasm,e406316cf351c51b423f419147b91b06
all5/Vector/[0-8][1-6].wasm.~1~,12ad0c110a1f9e7501fe8c50cffa0402
all5/Vector/[0-8][1-7].wasm,e406316cf351c51b423f419147b91b06
all5/Vector/[0-8][1-7].wasm.~1~,12ad0c110a1f9e7501fe8c50cffa0402
all5/Vector/[1-10].wasm,e406316cf351c51b423f419147b91b06
all5/Vector/[1-1].wasm,e406316cf351c51b423f419147b91b06
all5/Vector/[1-1].wasm.~1~,12ad0c110a1f9e7501fe8c50cffa0402
all5/Vector/[1-2].wasm,e406316cf351c51b423f419147b91b06
all5/Vector/[1-2].wasm.~1~,12ad0c110a1f9e7501fe8c50cffa0402
all5/Vector/[1-3].wasm,e406316cf351c51b423f419147b91b06
all5/Vector/[1-3].wasm.~1~,12ad0c110a1f9e7501fe8c50cffa0402
all5/Vector/[1-4].wasm,e406316cf351c51b423f419147b91b06
all5/Vector/[1-4].wasm.~1~,12ad0c110a1f9e7501fe8c50cffa0402
all5/Vector/[1-5].wasm,e406316cf351c51b423f419147b91b06
all5/Vector/[1-5].wasm.~1~,12ad0c110a1f9e7501fe8c50cffa0402
all5/Vector/[1-6].wasm,e406316cf351c51b423f419147b91b06
all5/Vector/[1-6].wasm.~1~,12ad0c110a1f9e7501fe8c50cffa0402
all5/Vector/[1-7].wasm,e406316cf351c51b423f419147b91b06
all5/Vector/[1-7].wasm.~1~,12ad0c110a1f9e7501fe8c50cffa0402
all5/Vector/[1-8].wasm,e406316cf351c51b423f419147b91b06
all5/Vector/[1-8].wasm.~1~,12ad0c110a1f9e7501fe8c50cffa0402
all5/Vector/[1-9].wasm,e406316cf351c51b423f419147b91b06
