name, hash
all5/Vigenère_cipher-Cryptanalysis/Vigenère_cipher-Cryptanalysis.wasm,b4204fbf6040317a063b90597f92e1bc
all5/Vigenère_cipher-Cryptanalysis/Vigenère_cipher-Cryptanalysis.wasm.~1~,b4204fbf6040317a063b90597f92e1bc
all5/Vigenère_cipher-Cryptanalysis/Vigenère_cipher-Cryptanalysis.wasm.~2~,e8877b2b85fdadac70e4fb8c27769e80
all5/Vigenère_cipher-Cryptanalysis/[3-1][4-10].wasm,63e666cfee6aed36c9f392103bc0f358
all5/Vigenère_cipher-Cryptanalysis/[3-1][4-10][6-10][7-1][8-1].wasm,cfd4d40006b43cf708294b4cd2cd206f
all5/Vigenère_cipher-Cryptanalysis/[3-1][4-11][6-10][7-1][8-1].wasm,c0740dc5b1bd3ab1a5cc5e7349d6d6aa
all5/Vigenère_cipher-Cryptanalysis/[3-1][4-11][6-12].wasm,ad44c4828ccdee08ea8ea06f8ef6778e
all5/Vigenère_cipher-Cryptanalysis/[3-1][4-11][6-12][7-1][8-1].wasm,2c5d17d6a530ff54a7014ea1b918b5bd
all5/Vigenère_cipher-Cryptanalysis/[3-1][4-11][6-13].wasm,7fd04ea3c703b23959029722c4359108
all5/Vigenère_cipher-Cryptanalysis/[3-1][4-11][6-13][7-1][8-1].wasm,965a57b7af97e97e4d52c787184df36c
all5/Vigenère_cipher-Cryptanalysis/[3-1][4-11][6-14].wasm,b53a4070c8bc9e424c74c72c6e39f6d0
all5/Vigenère_cipher-Cryptanalysis/[3-1][4-11][6-14][7-1][8-1].wasm,f3ceeb66e1ecd6d9408ddb4df7bea735
all5/Vigenère_cipher-Cryptanalysis/[3-1][4-11][6-16].wasm,58230c069ab6494f8f20042e942bb567
all5/Vigenère_cipher-Cryptanalysis/[3-1][4-11][6-18].wasm,3eb609ea1130493df88c447f2580b7c0
all5/Vigenère_cipher-Cryptanalysis/[3-1][4-11][6-18][7-1][8-1].wasm,a6caa73bb536dbe74f3498370e9c1f85
all5/Vigenère_cipher-Cryptanalysis/[3-1][4-3].wasm,f54242408b4cea52b65220504ea48619
all5/Vigenère_cipher-Cryptanalysis/[3-1][4-6].wasm,daed208af3f856695808ce5227de1c7c
all5/Vigenère_cipher-Cryptanalysis/[3-1][4-6][6-10][7-1][8-1].wasm,9902831c863b1a461715a64f58f04aed
