name, hash
all5/Visualize_a_tree/Visualize_a_tree.wasm,64d5848a623b3673db66f327f879d40c
all5/Visualize_a_tree/Visualize_a_tree.wasm.~1~,2cc980194094cbd66dc66d52955fcc06
all5/Visualize_a_tree/Visualize_a_tree.wasm.~2~,2cc980194094cbd66dc66d52955fcc06
all5/Visualize_a_tree/[0-1].wasm,2cc980194094cbd66dc66d52955fcc06
all5/Visualize_a_tree/[0-1][2-1].wasm,2cc980194094cbd66dc66d52955fcc06
all5/Visualize_a_tree/[0-1][2-1][4-1].wasm,2cc980194094cbd66dc66d52955fcc06
all5/Visualize_a_tree/[0-1][2-1][4-2].wasm,2cc980194094cbd66dc66d52955fcc06
all5/Visualize_a_tree/[0-1][2-1][4-3].wasm,2cc980194094cbd66dc66d52955fcc06
all5/Visualize_a_tree/[0-1][2-1][4-4].wasm,2cc980194094cbd66dc66d52955fcc06
all5/Visualize_a_tree/[0-1][2-1][4-5].wasm,2cc980194094cbd66dc66d52955fcc06
all5/Visualize_a_tree/[0-1][2-1][4-6].wasm,2cc980194094cbd66dc66d52955fcc06
all5/Visualize_a_tree/[0-1][2-1][4-7].wasm,2cc980194094cbd66dc66d52955fcc06
all5/Visualize_a_tree/[0-1][2-1][4-8].wasm,2cc980194094cbd66dc66d52955fcc06
all5/Visualize_a_tree/[0-1][2-2].wasm,2cc980194094cbd66dc66d52955fcc06
all5/Visualize_a_tree/[0-1][2-2][4-1].wasm,2cc980194094cbd66dc66d52955fcc06
all5/Visualize_a_tree/[0-1][2-2][4-2].wasm,2cc980194094cbd66dc66d52955fcc06
all5/Visualize_a_tree/[0-1][2-2][4-3].wasm,2cc980194094cbd66dc66d52955fcc06
all5/Visualize_a_tree/[0-1][2-2][4-4].wasm,2cc980194094cbd66dc66d52955fcc06
all5/Visualize_a_tree/[0-1][2-2][4-5].wasm,2cc980194094cbd66dc66d52955fcc06
all5/Visualize_a_tree/[0-1][2-2][4-6].wasm,2cc980194094cbd66dc66d52955fcc06
all5/Visualize_a_tree/[0-1][2-2][4-7].wasm,2cc980194094cbd66dc66d52955fcc06
all5/Visualize_a_tree/[0-1][2-2][4-8].wasm,2cc980194094cbd66dc66d52955fcc06
all5/Visualize_a_tree/[0-1][2-3].wasm,2cc980194094cbd66dc66d52955fcc06
all5/Visualize_a_tree/[0-1][2-3][4-1].wasm,2cc980194094cbd66dc66d52955fcc06
all5/Visualize_a_tree/[0-1][2-3][4-2].wasm,2cc980194094cbd66dc66d52955fcc06
all5/Visualize_a_tree/[0-1][2-3][4-3].wasm,2cc980194094cbd66dc66d52955fcc06
all5/Visualize_a_tree/[0-1][2-3][4-4].wasm,2cc980194094cbd66dc66d52955fcc06
all5/Visualize_a_tree/[0-1][2-3][4-5].wasm,2cc980194094cbd66dc66d52955fcc06
all5/Visualize_a_tree/[0-1][2-3][4-6].wasm,2cc980194094cbd66dc66d52955fcc06
all5/Visualize_a_tree/[0-1][2-3][4-7].wasm,2cc980194094cbd66dc66d52955fcc06
all5/Visualize_a_tree/[0-1][2-3][4-8].wasm,2cc980194094cbd66dc66d52955fcc06
all5/Visualize_a_tree/[0-1][2-4].wasm,2cc980194094cbd66dc66d52955fcc06
all5/Visualize_a_tree/[0-1][2-4][4-1].wasm,2cc980194094cbd66dc66d52955fcc06
all5/Visualize_a_tree/[0-1][2-4][4-2].wasm,2cc980194094cbd66dc66d52955fcc06
all5/Visualize_a_tree/[0-1][2-4][4-3].wasm,2cc980194094cbd66dc66d52955fcc06
all5/Visualize_a_tree/[0-1][2-4][4-4].wasm,2cc980194094cbd66dc66d52955fcc06
all5/Visualize_a_tree/[0-1][2-4][4-5].wasm,2cc980194094cbd66dc66d52955fcc06
all5/Visualize_a_tree/[0-1][2-4][4-6].wasm,2cc980194094cbd66dc66d52955fcc06
all5/Visualize_a_tree/[0-1][2-4][4-7].wasm,2cc980194094cbd66dc66d52955fcc06
all5/Visualize_a_tree/[0-1][2-4][4-8].wasm,2cc980194094cbd66dc66d52955fcc06
all5/Visualize_a_tree/[0-1][2-5].wasm,2cc980194094cbd66dc66d52955fcc06
all5/Visualize_a_tree/[0-1][2-5][4-1].wasm,2cc980194094cbd66dc66d52955fcc06
all5/Visualize_a_tree/[0-1][2-5][4-2].wasm,2cc980194094cbd66dc66d52955fcc06
all5/Visualize_a_tree/[0-1][2-5][4-3].wasm,2cc980194094cbd66dc66d52955fcc06
all5/Visualize_a_tree/[0-1][2-5][4-4].wasm,2cc980194094cbd66dc66d52955fcc06
all5/Visualize_a_tree/[0-1][2-5][4-5].wasm,2cc980194094cbd66dc66d52955fcc06
all5/Visualize_a_tree/[0-1][2-5][4-6].wasm,2cc980194094cbd66dc66d52955fcc06
all5/Visualize_a_tree/[0-1][2-5][4-7].wasm,2cc980194094cbd66dc66d52955fcc06
all5/Visualize_a_tree/[0-1][2-5][4-8].wasm,2cc980194094cbd66dc66d52955fcc06
all5/Visualize_a_tree/[0-1][2-6].wasm,2cc980194094cbd66dc66d52955fcc06
all5/Visualize_a_tree/[0-1][2-6][4-1].wasm,2cc980194094cbd66dc66d52955fcc06
all5/Visualize_a_tree/[0-1][2-6][4-2].wasm,2cc980194094cbd66dc66d52955fcc06
all5/Visualize_a_tree/[0-1][2-6][4-3].wasm,2cc980194094cbd66dc66d52955fcc06
all5/Visualize_a_tree/[0-1][2-6][4-4].wasm,2cc980194094cbd66dc66d52955fcc06
all5/Visualize_a_tree/[0-1][2-6][4-5].wasm,2cc980194094cbd66dc66d52955fcc06
all5/Visualize_a_tree/[0-1][2-6][4-6].wasm,2cc980194094cbd66dc66d52955fcc06
all5/Visualize_a_tree/[0-1][2-6][4-7].wasm,2cc980194094cbd66dc66d52955fcc06
all5/Visualize_a_tree/[0-1][2-6][4-8].wasm,2cc980194094cbd66dc66d52955fcc06
all5/Visualize_a_tree/[0-1][2-7].wasm,2cc980194094cbd66dc66d52955fcc06
all5/Visualize_a_tree/[0-1][2-7][4-1].wasm,2cc980194094cbd66dc66d52955fcc06
all5/Visualize_a_tree/[0-1][2-7][4-2].wasm,2cc980194094cbd66dc66d52955fcc06
all5/Visualize_a_tree/[0-1][2-7][4-3].wasm,2cc980194094cbd66dc66d52955fcc06
all5/Visualize_a_tree/[0-1][2-7][4-4].wasm,2cc980194094cbd66dc66d52955fcc06
all5/Visualize_a_tree/[0-1][2-7][4-5].wasm,2cc980194094cbd66dc66d52955fcc06
all5/Visualize_a_tree/[0-1][2-7][4-6].wasm,2cc980194094cbd66dc66d52955fcc06
all5/Visualize_a_tree/[0-1][2-7][4-7].wasm,2cc980194094cbd66dc66d52955fcc06
all5/Visualize_a_tree/[0-1][2-7][4-8].wasm,2cc980194094cbd66dc66d52955fcc06
all5/Visualize_a_tree/[0-1][2-8].wasm,2cc980194094cbd66dc66d52955fcc06
all5/Visualize_a_tree/[0-1][2-8][4-1].wasm,2cc980194094cbd66dc66d52955fcc06
all5/Visualize_a_tree/[0-1][2-8][4-2].wasm,2cc980194094cbd66dc66d52955fcc06
all5/Visualize_a_tree/[0-1][2-8][4-3].wasm,2cc980194094cbd66dc66d52955fcc06
all5/Visualize_a_tree/[0-1][2-8][4-4].wasm,2cc980194094cbd66dc66d52955fcc06
all5/Visualize_a_tree/[0-1][2-8][4-5].wasm,2cc980194094cbd66dc66d52955fcc06
all5/Visualize_a_tree/[0-1][2-8][4-6].wasm,2cc980194094cbd66dc66d52955fcc06
all5/Visualize_a_tree/[0-1][2-8][4-7].wasm,2cc980194094cbd66dc66d52955fcc06
all5/Visualize_a_tree/[0-1][2-8][4-8].wasm,2cc980194094cbd66dc66d52955fcc06
all5/Visualize_a_tree/[0-1][2-9].wasm,2cc980194094cbd66dc66d52955fcc06
all5/Visualize_a_tree/[0-1][2-9][4-1].wasm,2cc980194094cbd66dc66d52955fcc06
all5/Visualize_a_tree/[0-1][2-9][4-2].wasm,2cc980194094cbd66dc66d52955fcc06
all5/Visualize_a_tree/[0-1][2-9][4-3].wasm,2cc980194094cbd66dc66d52955fcc06
all5/Visualize_a_tree/[0-1][2-9][4-4].wasm,2cc980194094cbd66dc66d52955fcc06
all5/Visualize_a_tree/[0-1][2-9][4-5].wasm,2cc980194094cbd66dc66d52955fcc06
all5/Visualize_a_tree/[0-1][2-9][4-6].wasm,2cc980194094cbd66dc66d52955fcc06
all5/Visualize_a_tree/[0-1][2-9][4-7].wasm,2cc980194094cbd66dc66d52955fcc06
all5/Visualize_a_tree/[0-1][2-9][4-8].wasm,2cc980194094cbd66dc66d52955fcc06
all5/Visualize_a_tree/[0-1][4-1].wasm,2cc980194094cbd66dc66d52955fcc06
all5/Visualize_a_tree/[0-1][4-2].wasm,2cc980194094cbd66dc66d52955fcc06
all5/Visualize_a_tree/[0-1][4-3].wasm,2cc980194094cbd66dc66d52955fcc06
all5/Visualize_a_tree/[0-1][4-4].wasm,2cc980194094cbd66dc66d52955fcc06
all5/Visualize_a_tree/[0-1][4-5].wasm,2cc980194094cbd66dc66d52955fcc06
all5/Visualize_a_tree/[0-1][4-6].wasm,2cc980194094cbd66dc66d52955fcc06
all5/Visualize_a_tree/[0-1][4-7].wasm,2cc980194094cbd66dc66d52955fcc06
all5/Visualize_a_tree/[0-1][4-8].wasm,2cc980194094cbd66dc66d52955fcc06
all5/Visualize_a_tree/[0-2].wasm,2cc980194094cbd66dc66d52955fcc06
all5/Visualize_a_tree/[0-2][2-1].wasm,2cc980194094cbd66dc66d52955fcc06
all5/Visualize_a_tree/[0-2][2-1][4-1].wasm,2cc980194094cbd66dc66d52955fcc06
all5/Visualize_a_tree/[0-2][2-1][4-2].wasm,2cc980194094cbd66dc66d52955fcc06
all5/Visualize_a_tree/[0-2][2-1][4-3].wasm,2cc980194094cbd66dc66d52955fcc06
all5/Visualize_a_tree/[0-2][2-1][4-4].wasm,2cc980194094cbd66dc66d52955fcc06
all5/Visualize_a_tree/[0-2][2-1][4-5].wasm,2cc980194094cbd66dc66d52955fcc06
all5/Visualize_a_tree/[0-2][2-1][4-6].wasm,2cc980194094cbd66dc66d52955fcc06
all5/Visualize_a_tree/[0-2][2-1][4-7].wasm,2cc980194094cbd66dc66d52955fcc06
all5/Visualize_a_tree/[0-2][2-1][4-8].wasm,2cc980194094cbd66dc66d52955fcc06
all5/Visualize_a_tree/[0-2][2-2].wasm,2cc980194094cbd66dc66d52955fcc06
all5/Visualize_a_tree/[0-2][2-2][4-1].wasm,2cc980194094cbd66dc66d52955fcc06
all5/Visualize_a_tree/[0-2][2-2][4-2].wasm,2cc980194094cbd66dc66d52955fcc06
all5/Visualize_a_tree/[0-2][2-2][4-3].wasm,2cc980194094cbd66dc66d52955fcc06
all5/Visualize_a_tree/[0-2][2-2][4-4].wasm,2cc980194094cbd66dc66d52955fcc06
all5/Visualize_a_tree/[0-2][2-2][4-5].wasm,2cc980194094cbd66dc66d52955fcc06
all5/Visualize_a_tree/[0-2][2-2][4-6].wasm,2cc980194094cbd66dc66d52955fcc06
all5/Visualize_a_tree/[0-2][2-2][4-7].wasm,2cc980194094cbd66dc66d52955fcc06
all5/Visualize_a_tree/[0-2][2-2][4-8].wasm,2cc980194094cbd66dc66d52955fcc06
all5/Visualize_a_tree/[0-2][2-3].wasm,2cc980194094cbd66dc66d52955fcc06
all5/Visualize_a_tree/[0-2][2-3][4-1].wasm,2cc980194094cbd66dc66d52955fcc06
all5/Visualize_a_tree/[0-2][2-3][4-2].wasm,2cc980194094cbd66dc66d52955fcc06
all5/Visualize_a_tree/[0-2][2-3][4-3].wasm,2cc980194094cbd66dc66d52955fcc06
all5/Visualize_a_tree/[0-2][2-3][4-4].wasm,2cc980194094cbd66dc66d52955fcc06
all5/Visualize_a_tree/[0-2][2-3][4-5].wasm,2cc980194094cbd66dc66d52955fcc06
all5/Visualize_a_tree/[0-2][2-3][4-6].wasm,2cc980194094cbd66dc66d52955fcc06
all5/Visualize_a_tree/[0-2][2-3][4-7].wasm,2cc980194094cbd66dc66d52955fcc06
all5/Visualize_a_tree/[0-2][2-3][4-8].wasm,2cc980194094cbd66dc66d52955fcc06
all5/Visualize_a_tree/[0-2][2-4].wasm,2cc980194094cbd66dc66d52955fcc06
all5/Visualize_a_tree/[0-2][2-4][4-1].wasm,2cc980194094cbd66dc66d52955fcc06
all5/Visualize_a_tree/[0-2][2-4][4-2].wasm,2cc980194094cbd66dc66d52955fcc06
all5/Visualize_a_tree/[0-2][2-4][4-3].wasm,2cc980194094cbd66dc66d52955fcc06
all5/Visualize_a_tree/[0-2][2-4][4-4].wasm,2cc980194094cbd66dc66d52955fcc06
all5/Visualize_a_tree/[0-2][2-4][4-5].wasm,2cc980194094cbd66dc66d52955fcc06
all5/Visualize_a_tree/[0-2][2-4][4-6].wasm,2cc980194094cbd66dc66d52955fcc06
all5/Visualize_a_tree/[0-2][2-4][4-7].wasm,2cc980194094cbd66dc66d52955fcc06
all5/Visualize_a_tree/[0-2][2-4][4-8].wasm,2cc980194094cbd66dc66d52955fcc06
all5/Visualize_a_tree/[0-2][2-5].wasm,2cc980194094cbd66dc66d52955fcc06
all5/Visualize_a_tree/[0-2][2-5][4-1].wasm,2cc980194094cbd66dc66d52955fcc06
all5/Visualize_a_tree/[0-2][2-5][4-2].wasm,2cc980194094cbd66dc66d52955fcc06
all5/Visualize_a_tree/[0-2][2-5][4-3].wasm,2cc980194094cbd66dc66d52955fcc06
all5/Visualize_a_tree/[0-2][2-5][4-4].wasm,2cc980194094cbd66dc66d52955fcc06
all5/Visualize_a_tree/[0-2][2-5][4-5].wasm,2cc980194094cbd66dc66d52955fcc06
all5/Visualize_a_tree/[0-2][2-5][4-6].wasm,2cc980194094cbd66dc66d52955fcc06
all5/Visualize_a_tree/[0-2][2-5][4-7].wasm,2cc980194094cbd66dc66d52955fcc06
all5/Visualize_a_tree/[0-2][2-5][4-8].wasm,2cc980194094cbd66dc66d52955fcc06
all5/Visualize_a_tree/[0-2][2-6].wasm,2cc980194094cbd66dc66d52955fcc06
all5/Visualize_a_tree/[0-2][2-6][4-1].wasm,2cc980194094cbd66dc66d52955fcc06
all5/Visualize_a_tree/[0-2][2-6][4-2].wasm,2cc980194094cbd66dc66d52955fcc06
all5/Visualize_a_tree/[0-2][2-6][4-3].wasm,2cc980194094cbd66dc66d52955fcc06
all5/Visualize_a_tree/[0-2][2-6][4-4].wasm,2cc980194094cbd66dc66d52955fcc06
all5/Visualize_a_tree/[0-2][2-6][4-5].wasm,2cc980194094cbd66dc66d52955fcc06
all5/Visualize_a_tree/[0-2][2-6][4-6].wasm,2cc980194094cbd66dc66d52955fcc06
all5/Visualize_a_tree/[0-2][2-6][4-7].wasm,2cc980194094cbd66dc66d52955fcc06
all5/Visualize_a_tree/[0-2][2-6][4-8].wasm,2cc980194094cbd66dc66d52955fcc06
all5/Visualize_a_tree/[0-2][2-7].wasm,2cc980194094cbd66dc66d52955fcc06
all5/Visualize_a_tree/[0-2][2-7][4-1].wasm,2cc980194094cbd66dc66d52955fcc06
all5/Visualize_a_tree/[0-2][2-7][4-2].wasm,2cc980194094cbd66dc66d52955fcc06
all5/Visualize_a_tree/[0-2][2-7][4-3].wasm,2cc980194094cbd66dc66d52955fcc06
all5/Visualize_a_tree/[0-2][2-7][4-4].wasm,2cc980194094cbd66dc66d52955fcc06
all5/Visualize_a_tree/[0-2][2-7][4-5].wasm,2cc980194094cbd66dc66d52955fcc06
all5/Visualize_a_tree/[0-2][2-7][4-6].wasm,2cc980194094cbd66dc66d52955fcc06
all5/Visualize_a_tree/[0-2][2-7][4-7].wasm,2cc980194094cbd66dc66d52955fcc06
all5/Visualize_a_tree/[0-2][2-7][4-8].wasm,2cc980194094cbd66dc66d52955fcc06
all5/Visualize_a_tree/[0-2][2-8].wasm,2cc980194094cbd66dc66d52955fcc06
all5/Visualize_a_tree/[0-2][2-8][4-1].wasm,2cc980194094cbd66dc66d52955fcc06
all5/Visualize_a_tree/[0-2][2-8][4-2].wasm,2cc980194094cbd66dc66d52955fcc06
all5/Visualize_a_tree/[0-2][2-8][4-3].wasm,2cc980194094cbd66dc66d52955fcc06
all5/Visualize_a_tree/[0-2][2-8][4-4].wasm,2cc980194094cbd66dc66d52955fcc06
all5/Visualize_a_tree/[0-2][2-8][4-5].wasm,2cc980194094cbd66dc66d52955fcc06
all5/Visualize_a_tree/[0-2][2-8][4-6].wasm,2cc980194094cbd66dc66d52955fcc06
all5/Visualize_a_tree/[0-2][2-8][4-7].wasm,2cc980194094cbd66dc66d52955fcc06
all5/Visualize_a_tree/[0-2][2-8][4-8].wasm,2cc980194094cbd66dc66d52955fcc06
all5/Visualize_a_tree/[0-2][2-9].wasm,2cc980194094cbd66dc66d52955fcc06
all5/Visualize_a_tree/[0-2][2-9][4-1].wasm,2cc980194094cbd66dc66d52955fcc06
all5/Visualize_a_tree/[0-2][2-9][4-2].wasm,2cc980194094cbd66dc66d52955fcc06
all5/Visualize_a_tree/[0-2][2-9][4-3].wasm,2cc980194094cbd66dc66d52955fcc06
all5/Visualize_a_tree/[0-2][2-9][4-4].wasm,2cc980194094cbd66dc66d52955fcc06
all5/Visualize_a_tree/[0-2][2-9][4-5].wasm,2cc980194094cbd66dc66d52955fcc06
all5/Visualize_a_tree/[0-2][2-9][4-6].wasm,2cc980194094cbd66dc66d52955fcc06
all5/Visualize_a_tree/[0-2][2-9][4-7].wasm,2cc980194094cbd66dc66d52955fcc06
all5/Visualize_a_tree/[0-2][2-9][4-8].wasm,2cc980194094cbd66dc66d52955fcc06
all5/Visualize_a_tree/[0-2][4-1].wasm,2cc980194094cbd66dc66d52955fcc06
all5/Visualize_a_tree/[0-2][4-2].wasm,2cc980194094cbd66dc66d52955fcc06
all5/Visualize_a_tree/[0-2][4-3].wasm,2cc980194094cbd66dc66d52955fcc06
all5/Visualize_a_tree/[0-2][4-4].wasm,2cc980194094cbd66dc66d52955fcc06
all5/Visualize_a_tree/[0-2][4-5].wasm,2cc980194094cbd66dc66d52955fcc06
all5/Visualize_a_tree/[0-2][4-6].wasm,2cc980194094cbd66dc66d52955fcc06
all5/Visualize_a_tree/[0-2][4-7].wasm,2cc980194094cbd66dc66d52955fcc06
all5/Visualize_a_tree/[0-2][4-8].wasm,2cc980194094cbd66dc66d52955fcc06
all5/Visualize_a_tree/[0-3].wasm,2cc980194094cbd66dc66d52955fcc06
all5/Visualize_a_tree/[0-3][2-1].wasm,2cc980194094cbd66dc66d52955fcc06
all5/Visualize_a_tree/[0-3][2-1][4-1].wasm,2cc980194094cbd66dc66d52955fcc06
all5/Visualize_a_tree/[0-3][2-1][4-2].wasm,2cc980194094cbd66dc66d52955fcc06
all5/Visualize_a_tree/[0-3][2-1][4-3].wasm,2cc980194094cbd66dc66d52955fcc06
all5/Visualize_a_tree/[0-3][2-1][4-4].wasm,2cc980194094cbd66dc66d52955fcc06
all5/Visualize_a_tree/[0-3][2-1][4-5].wasm,2cc980194094cbd66dc66d52955fcc06
all5/Visualize_a_tree/[0-3][2-1][4-6].wasm,2cc980194094cbd66dc66d52955fcc06
all5/Visualize_a_tree/[0-3][2-1][4-7].wasm,2cc980194094cbd66dc66d52955fcc06
all5/Visualize_a_tree/[0-3][2-1][4-8].wasm,2cc980194094cbd66dc66d52955fcc06
all5/Visualize_a_tree/[0-3][2-2].wasm,2cc980194094cbd66dc66d52955fcc06
all5/Visualize_a_tree/[0-3][2-2][4-1].wasm,2cc980194094cbd66dc66d52955fcc06
all5/Visualize_a_tree/[0-3][2-2][4-2].wasm,2cc980194094cbd66dc66d52955fcc06
all5/Visualize_a_tree/[0-3][2-2][4-3].wasm,2cc980194094cbd66dc66d52955fcc06
all5/Visualize_a_tree/[0-3][2-2][4-4].wasm,2cc980194094cbd66dc66d52955fcc06
all5/Visualize_a_tree/[0-3][2-2][4-5].wasm,2cc980194094cbd66dc66d52955fcc06
all5/Visualize_a_tree/[0-3][2-2][4-6].wasm,2cc980194094cbd66dc66d52955fcc06
all5/Visualize_a_tree/[0-3][2-2][4-7].wasm,2cc980194094cbd66dc66d52955fcc06
all5/Visualize_a_tree/[0-3][2-2][4-8].wasm,2cc980194094cbd66dc66d52955fcc06
all5/Visualize_a_tree/[0-3][2-3].wasm,2cc980194094cbd66dc66d52955fcc06
all5/Visualize_a_tree/[0-3][2-3][4-1].wasm,2cc980194094cbd66dc66d52955fcc06
all5/Visualize_a_tree/[0-3][2-3][4-2].wasm,2cc980194094cbd66dc66d52955fcc06
all5/Visualize_a_tree/[0-3][2-3][4-3].wasm,2cc980194094cbd66dc66d52955fcc06
all5/Visualize_a_tree/[0-3][2-3][4-4].wasm,2cc980194094cbd66dc66d52955fcc06
all5/Visualize_a_tree/[0-3][2-3][4-5].wasm,2cc980194094cbd66dc66d52955fcc06
all5/Visualize_a_tree/[0-3][2-3][4-6].wasm,2cc980194094cbd66dc66d52955fcc06
all5/Visualize_a_tree/[0-3][2-3][4-7].wasm,2cc980194094cbd66dc66d52955fcc06
all5/Visualize_a_tree/[0-3][2-3][4-8].wasm,2cc980194094cbd66dc66d52955fcc06
all5/Visualize_a_tree/[0-3][2-4].wasm,2cc980194094cbd66dc66d52955fcc06
all5/Visualize_a_tree/[0-3][2-4][4-1].wasm,2cc980194094cbd66dc66d52955fcc06
all5/Visualize_a_tree/[0-3][2-4][4-2].wasm,2cc980194094cbd66dc66d52955fcc06
all5/Visualize_a_tree/[0-3][2-4][4-3].wasm,2cc980194094cbd66dc66d52955fcc06
all5/Visualize_a_tree/[0-3][2-4][4-4].wasm,2cc980194094cbd66dc66d52955fcc06
all5/Visualize_a_tree/[0-3][2-4][4-5].wasm,2cc980194094cbd66dc66d52955fcc06
all5/Visualize_a_tree/[0-3][2-4][4-6].wasm,2cc980194094cbd66dc66d52955fcc06
all5/Visualize_a_tree/[0-3][2-4][4-7].wasm,2cc980194094cbd66dc66d52955fcc06
all5/Visualize_a_tree/[0-3][2-4][4-8].wasm,2cc980194094cbd66dc66d52955fcc06
all5/Visualize_a_tree/[0-3][2-5].wasm,2cc980194094cbd66dc66d52955fcc06
all5/Visualize_a_tree/[0-3][2-5][4-1].wasm,2cc980194094cbd66dc66d52955fcc06
all5/Visualize_a_tree/[0-3][2-5][4-2].wasm,2cc980194094cbd66dc66d52955fcc06
all5/Visualize_a_tree/[0-3][2-5][4-3].wasm,2cc980194094cbd66dc66d52955fcc06
all5/Visualize_a_tree/[0-3][2-5][4-4].wasm,2cc980194094cbd66dc66d52955fcc06
all5/Visualize_a_tree/[0-3][2-5][4-5].wasm,2cc980194094cbd66dc66d52955fcc06
all5/Visualize_a_tree/[0-3][2-5][4-6].wasm,2cc980194094cbd66dc66d52955fcc06
all5/Visualize_a_tree/[0-3][2-5][4-7].wasm,2cc980194094cbd66dc66d52955fcc06
all5/Visualize_a_tree/[0-3][2-5][4-8].wasm,2cc980194094cbd66dc66d52955fcc06
all5/Visualize_a_tree/[0-3][2-6].wasm,2cc980194094cbd66dc66d52955fcc06
all5/Visualize_a_tree/[0-3][2-6][4-1].wasm,2cc980194094cbd66dc66d52955fcc06
all5/Visualize_a_tree/[0-3][2-6][4-2].wasm,2cc980194094cbd66dc66d52955fcc06
all5/Visualize_a_tree/[0-3][2-6][4-3].wasm,2cc980194094cbd66dc66d52955fcc06
all5/Visualize_a_tree/[0-3][2-6][4-4].wasm,2cc980194094cbd66dc66d52955fcc06
all5/Visualize_a_tree/[0-3][2-6][4-5].wasm,2cc980194094cbd66dc66d52955fcc06
all5/Visualize_a_tree/[0-3][2-6][4-6].wasm,2cc980194094cbd66dc66d52955fcc06
all5/Visualize_a_tree/[0-3][2-6][4-7].wasm,2cc980194094cbd66dc66d52955fcc06
all5/Visualize_a_tree/[0-3][2-6][4-8].wasm,2cc980194094cbd66dc66d52955fcc06
all5/Visualize_a_tree/[0-3][2-7].wasm,2cc980194094cbd66dc66d52955fcc06
all5/Visualize_a_tree/[0-3][2-7][4-1].wasm,2cc980194094cbd66dc66d52955fcc06
all5/Visualize_a_tree/[0-3][2-7][4-2].wasm,2cc980194094cbd66dc66d52955fcc06
all5/Visualize_a_tree/[0-3][2-7][4-3].wasm,2cc980194094cbd66dc66d52955fcc06
all5/Visualize_a_tree/[0-3][2-7][4-4].wasm,2cc980194094cbd66dc66d52955fcc06
all5/Visualize_a_tree/[0-3][2-7][4-5].wasm,2cc980194094cbd66dc66d52955fcc06
all5/Visualize_a_tree/[0-3][2-7][4-6].wasm,2cc980194094cbd66dc66d52955fcc06
all5/Visualize_a_tree/[0-3][2-7][4-7].wasm,2cc980194094cbd66dc66d52955fcc06
all5/Visualize_a_tree/[0-3][2-7][4-8].wasm,2cc980194094cbd66dc66d52955fcc06
all5/Visualize_a_tree/[0-3][2-8].wasm,2cc980194094cbd66dc66d52955fcc06
all5/Visualize_a_tree/[0-3][2-8][4-1].wasm,2cc980194094cbd66dc66d52955fcc06
all5/Visualize_a_tree/[0-3][2-8][4-2].wasm,2cc980194094cbd66dc66d52955fcc06
all5/Visualize_a_tree/[0-3][2-8][4-3].wasm,2cc980194094cbd66dc66d52955fcc06
all5/Visualize_a_tree/[0-3][2-8][4-4].wasm,2cc980194094cbd66dc66d52955fcc06
all5/Visualize_a_tree/[0-3][2-8][4-5].wasm,2cc980194094cbd66dc66d52955fcc06
all5/Visualize_a_tree/[0-3][2-8][4-6].wasm,2cc980194094cbd66dc66d52955fcc06
all5/Visualize_a_tree/[0-3][2-8][4-7].wasm,2cc980194094cbd66dc66d52955fcc06
all5/Visualize_a_tree/[0-3][2-8][4-8].wasm,2cc980194094cbd66dc66d52955fcc06
all5/Visualize_a_tree/[0-3][2-9].wasm,2cc980194094cbd66dc66d52955fcc06
all5/Visualize_a_tree/[0-3][2-9][4-1].wasm,2cc980194094cbd66dc66d52955fcc06
all5/Visualize_a_tree/[0-3][2-9][4-2].wasm,2cc980194094cbd66dc66d52955fcc06
all5/Visualize_a_tree/[0-3][2-9][4-3].wasm,2cc980194094cbd66dc66d52955fcc06
all5/Visualize_a_tree/[0-3][2-9][4-4].wasm,2cc980194094cbd66dc66d52955fcc06
all5/Visualize_a_tree/[0-3][2-9][4-5].wasm,2cc980194094cbd66dc66d52955fcc06
all5/Visualize_a_tree/[0-3][2-9][4-6].wasm,2cc980194094cbd66dc66d52955fcc06
all5/Visualize_a_tree/[0-3][2-9][4-7].wasm,2cc980194094cbd66dc66d52955fcc06
all5/Visualize_a_tree/[0-3][2-9][4-8].wasm,2cc980194094cbd66dc66d52955fcc06
all5/Visualize_a_tree/[0-3][4-1].wasm,2cc980194094cbd66dc66d52955fcc06
all5/Visualize_a_tree/[0-3][4-2].wasm,2cc980194094cbd66dc66d52955fcc06
all5/Visualize_a_tree/[0-3][4-3].wasm,2cc980194094cbd66dc66d52955fcc06
all5/Visualize_a_tree/[0-3][4-4].wasm,2cc980194094cbd66dc66d52955fcc06
all5/Visualize_a_tree/[0-3][4-5].wasm,2cc980194094cbd66dc66d52955fcc06
all5/Visualize_a_tree/[0-3][4-6].wasm,2cc980194094cbd66dc66d52955fcc06
all5/Visualize_a_tree/[0-3][4-7].wasm,2cc980194094cbd66dc66d52955fcc06
all5/Visualize_a_tree/[0-3][4-8].wasm,2cc980194094cbd66dc66d52955fcc06
all5/Visualize_a_tree/[0-4].wasm,2cc980194094cbd66dc66d52955fcc06
all5/Visualize_a_tree/[0-4][2-1].wasm,2cc980194094cbd66dc66d52955fcc06
all5/Visualize_a_tree/[0-4][2-1][4-1].wasm,2cc980194094cbd66dc66d52955fcc06
all5/Visualize_a_tree/[0-4][2-1][4-2].wasm,2cc980194094cbd66dc66d52955fcc06
all5/Visualize_a_tree/[0-4][2-1][4-3].wasm,2cc980194094cbd66dc66d52955fcc06
all5/Visualize_a_tree/[0-4][2-1][4-4].wasm,2cc980194094cbd66dc66d52955fcc06
all5/Visualize_a_tree/[0-4][2-1][4-5].wasm,2cc980194094cbd66dc66d52955fcc06
all5/Visualize_a_tree/[0-4][2-1][4-6].wasm,2cc980194094cbd66dc66d52955fcc06
all5/Visualize_a_tree/[0-4][2-1][4-7].wasm,2cc980194094cbd66dc66d52955fcc06
all5/Visualize_a_tree/[0-4][2-1][4-8].wasm,2cc980194094cbd66dc66d52955fcc06
all5/Visualize_a_tree/[0-4][2-2].wasm,2cc980194094cbd66dc66d52955fcc06
all5/Visualize_a_tree/[0-4][2-2][4-1].wasm,2cc980194094cbd66dc66d52955fcc06
all5/Visualize_a_tree/[0-4][2-2][4-2].wasm,2cc980194094cbd66dc66d52955fcc06
all5/Visualize_a_tree/[0-4][2-2][4-3].wasm,2cc980194094cbd66dc66d52955fcc06
all5/Visualize_a_tree/[0-4][2-2][4-4].wasm,2cc980194094cbd66dc66d52955fcc06
all5/Visualize_a_tree/[0-4][2-2][4-5].wasm,2cc980194094cbd66dc66d52955fcc06
all5/Visualize_a_tree/[0-4][2-2][4-6].wasm,2cc980194094cbd66dc66d52955fcc06
all5/Visualize_a_tree/[0-4][2-2][4-7].wasm,2cc980194094cbd66dc66d52955fcc06
all5/Visualize_a_tree/[0-4][2-2][4-8].wasm,2cc980194094cbd66dc66d52955fcc06
all5/Visualize_a_tree/[0-4][2-3].wasm,2cc980194094cbd66dc66d52955fcc06
all5/Visualize_a_tree/[0-4][2-3][4-1].wasm,2cc980194094cbd66dc66d52955fcc06
all5/Visualize_a_tree/[0-4][2-3][4-2].wasm,2cc980194094cbd66dc66d52955fcc06
all5/Visualize_a_tree/[0-4][2-3][4-3].wasm,2cc980194094cbd66dc66d52955fcc06
all5/Visualize_a_tree/[0-4][2-3][4-4].wasm,2cc980194094cbd66dc66d52955fcc06
all5/Visualize_a_tree/[0-4][2-3][4-5].wasm,2cc980194094cbd66dc66d52955fcc06
all5/Visualize_a_tree/[0-4][2-3][4-6].wasm,2cc980194094cbd66dc66d52955fcc06
all5/Visualize_a_tree/[0-4][2-3][4-7].wasm,2cc980194094cbd66dc66d52955fcc06
all5/Visualize_a_tree/[0-4][2-3][4-8].wasm,2cc980194094cbd66dc66d52955fcc06
all5/Visualize_a_tree/[0-4][2-4].wasm,2cc980194094cbd66dc66d52955fcc06
all5/Visualize_a_tree/[0-4][2-4][4-1].wasm,2cc980194094cbd66dc66d52955fcc06
all5/Visualize_a_tree/[0-4][2-4][4-2].wasm,2cc980194094cbd66dc66d52955fcc06
all5/Visualize_a_tree/[0-4][2-4][4-3].wasm,2cc980194094cbd66dc66d52955fcc06
all5/Visualize_a_tree/[0-4][2-4][4-4].wasm,2cc980194094cbd66dc66d52955fcc06
all5/Visualize_a_tree/[0-4][2-4][4-5].wasm,2cc980194094cbd66dc66d52955fcc06
all5/Visualize_a_tree/[0-4][2-4][4-6].wasm,2cc980194094cbd66dc66d52955fcc06
all5/Visualize_a_tree/[0-4][2-4][4-7].wasm,2cc980194094cbd66dc66d52955fcc06
all5/Visualize_a_tree/[0-4][2-4][4-8].wasm,2cc980194094cbd66dc66d52955fcc06
all5/Visualize_a_tree/[0-4][2-5].wasm,2cc980194094cbd66dc66d52955fcc06
all5/Visualize_a_tree/[0-4][2-5][4-1].wasm,2cc980194094cbd66dc66d52955fcc06
all5/Visualize_a_tree/[0-4][2-5][4-2].wasm,2cc980194094cbd66dc66d52955fcc06
all5/Visualize_a_tree/[0-4][2-5][4-3].wasm,2cc980194094cbd66dc66d52955fcc06
all5/Visualize_a_tree/[0-4][2-5][4-4].wasm,2cc980194094cbd66dc66d52955fcc06
all5/Visualize_a_tree/[0-4][2-5][4-5].wasm,2cc980194094cbd66dc66d52955fcc06
all5/Visualize_a_tree/[0-4][2-5][4-6].wasm,2cc980194094cbd66dc66d52955fcc06
all5/Visualize_a_tree/[0-4][2-5][4-7].wasm,2cc980194094cbd66dc66d52955fcc06
all5/Visualize_a_tree/[0-4][2-5][4-8].wasm,2cc980194094cbd66dc66d52955fcc06
all5/Visualize_a_tree/[0-4][2-6].wasm,2cc980194094cbd66dc66d52955fcc06
all5/Visualize_a_tree/[0-4][2-6][4-1].wasm,2cc980194094cbd66dc66d52955fcc06
all5/Visualize_a_tree/[0-4][2-6][4-2].wasm,2cc980194094cbd66dc66d52955fcc06
all5/Visualize_a_tree/[0-4][2-6][4-3].wasm,2cc980194094cbd66dc66d52955fcc06
all5/Visualize_a_tree/[0-4][2-6][4-4].wasm,2cc980194094cbd66dc66d52955fcc06
all5/Visualize_a_tree/[0-4][2-6][4-5].wasm,2cc980194094cbd66dc66d52955fcc06
all5/Visualize_a_tree/[0-4][2-6][4-6].wasm,2cc980194094cbd66dc66d52955fcc06
all5/Visualize_a_tree/[0-4][2-6][4-7].wasm,2cc980194094cbd66dc66d52955fcc06
all5/Visualize_a_tree/[0-4][2-6][4-8].wasm,2cc980194094cbd66dc66d52955fcc06
all5/Visualize_a_tree/[0-4][2-7].wasm,2cc980194094cbd66dc66d52955fcc06
all5/Visualize_a_tree/[0-4][2-7][4-1].wasm,2cc980194094cbd66dc66d52955fcc06
all5/Visualize_a_tree/[0-4][2-7][4-2].wasm,2cc980194094cbd66dc66d52955fcc06
all5/Visualize_a_tree/[0-4][2-7][4-3].wasm,2cc980194094cbd66dc66d52955fcc06
all5/Visualize_a_tree/[0-4][2-7][4-4].wasm,2cc980194094cbd66dc66d52955fcc06
all5/Visualize_a_tree/[0-4][2-7][4-5].wasm,2cc980194094cbd66dc66d52955fcc06
all5/Visualize_a_tree/[0-4][2-7][4-6].wasm,2cc980194094cbd66dc66d52955fcc06
all5/Visualize_a_tree/[0-4][2-7][4-7].wasm,2cc980194094cbd66dc66d52955fcc06
all5/Visualize_a_tree/[0-4][2-7][4-8].wasm,2cc980194094cbd66dc66d52955fcc06
all5/Visualize_a_tree/[0-4][2-8].wasm,2cc980194094cbd66dc66d52955fcc06
all5/Visualize_a_tree/[0-4][2-8][4-1].wasm,2cc980194094cbd66dc66d52955fcc06
all5/Visualize_a_tree/[0-4][2-8][4-2].wasm,2cc980194094cbd66dc66d52955fcc06
all5/Visualize_a_tree/[0-4][2-8][4-3].wasm,2cc980194094cbd66dc66d52955fcc06
all5/Visualize_a_tree/[0-4][2-8][4-4].wasm,2cc980194094cbd66dc66d52955fcc06
all5/Visualize_a_tree/[0-4][2-8][4-5].wasm,2cc980194094cbd66dc66d52955fcc06
all5/Visualize_a_tree/[0-4][2-8][4-6].wasm,2cc980194094cbd66dc66d52955fcc06
all5/Visualize_a_tree/[0-4][2-8][4-7].wasm,2cc980194094cbd66dc66d52955fcc06
all5/Visualize_a_tree/[0-4][2-8][4-8].wasm,2cc980194094cbd66dc66d52955fcc06
all5/Visualize_a_tree/[0-4][2-9].wasm,2cc980194094cbd66dc66d52955fcc06
all5/Visualize_a_tree/[0-4][2-9][4-1].wasm,2cc980194094cbd66dc66d52955fcc06
all5/Visualize_a_tree/[0-4][2-9][4-2].wasm,2cc980194094cbd66dc66d52955fcc06
all5/Visualize_a_tree/[0-4][2-9][4-3].wasm,2cc980194094cbd66dc66d52955fcc06
all5/Visualize_a_tree/[0-4][2-9][4-4].wasm,2cc980194094cbd66dc66d52955fcc06
all5/Visualize_a_tree/[0-4][2-9][4-5].wasm,2cc980194094cbd66dc66d52955fcc06
all5/Visualize_a_tree/[0-4][2-9][4-6].wasm,2cc980194094cbd66dc66d52955fcc06
all5/Visualize_a_tree/[0-4][2-9][4-7].wasm,2cc980194094cbd66dc66d52955fcc06
all5/Visualize_a_tree/[0-4][2-9][4-8].wasm,2cc980194094cbd66dc66d52955fcc06
all5/Visualize_a_tree/[0-4][4-1].wasm,2cc980194094cbd66dc66d52955fcc06
all5/Visualize_a_tree/[0-4][4-2].wasm,2cc980194094cbd66dc66d52955fcc06
all5/Visualize_a_tree/[0-4][4-3].wasm,2cc980194094cbd66dc66d52955fcc06
all5/Visualize_a_tree/[0-4][4-4].wasm,2cc980194094cbd66dc66d52955fcc06
all5/Visualize_a_tree/[0-4][4-5].wasm,2cc980194094cbd66dc66d52955fcc06
all5/Visualize_a_tree/[0-4][4-6].wasm,2cc980194094cbd66dc66d52955fcc06
all5/Visualize_a_tree/[0-4][4-7].wasm,2cc980194094cbd66dc66d52955fcc06
all5/Visualize_a_tree/[0-4][4-8].wasm,2cc980194094cbd66dc66d52955fcc06
all5/Visualize_a_tree/[0-5].wasm,2cc980194094cbd66dc66d52955fcc06
all5/Visualize_a_tree/[0-5][2-1].wasm,2cc980194094cbd66dc66d52955fcc06
all5/Visualize_a_tree/[0-5][2-1][4-1].wasm,2cc980194094cbd66dc66d52955fcc06
all5/Visualize_a_tree/[0-5][2-1][4-2].wasm,2cc980194094cbd66dc66d52955fcc06
all5/Visualize_a_tree/[0-5][2-1][4-3].wasm,2cc980194094cbd66dc66d52955fcc06
all5/Visualize_a_tree/[0-5][2-1][4-4].wasm,2cc980194094cbd66dc66d52955fcc06
all5/Visualize_a_tree/[0-5][2-1][4-5].wasm,2cc980194094cbd66dc66d52955fcc06
all5/Visualize_a_tree/[0-5][2-1][4-6].wasm,2cc980194094cbd66dc66d52955fcc06
all5/Visualize_a_tree/[0-5][2-1][4-7].wasm,2cc980194094cbd66dc66d52955fcc06
all5/Visualize_a_tree/[0-5][2-1][4-8].wasm,2cc980194094cbd66dc66d52955fcc06
all5/Visualize_a_tree/[0-5][2-2].wasm,2cc980194094cbd66dc66d52955fcc06
all5/Visualize_a_tree/[0-5][2-2][4-1].wasm,2cc980194094cbd66dc66d52955fcc06
all5/Visualize_a_tree/[0-5][2-2][4-2].wasm,2cc980194094cbd66dc66d52955fcc06
all5/Visualize_a_tree/[0-5][2-2][4-3].wasm,2cc980194094cbd66dc66d52955fcc06
all5/Visualize_a_tree/[0-5][2-2][4-4].wasm,2cc980194094cbd66dc66d52955fcc06
all5/Visualize_a_tree/[0-5][2-2][4-5].wasm,2cc980194094cbd66dc66d52955fcc06
all5/Visualize_a_tree/[0-5][2-2][4-6].wasm,2cc980194094cbd66dc66d52955fcc06
all5/Visualize_a_tree/[0-5][2-2][4-7].wasm,2cc980194094cbd66dc66d52955fcc06
all5/Visualize_a_tree/[0-5][2-2][4-8].wasm,2cc980194094cbd66dc66d52955fcc06
all5/Visualize_a_tree/[0-5][2-3].wasm,2cc980194094cbd66dc66d52955fcc06
all5/Visualize_a_tree/[0-5][2-3][4-1].wasm,2cc980194094cbd66dc66d52955fcc06
all5/Visualize_a_tree/[0-5][2-3][4-2].wasm,2cc980194094cbd66dc66d52955fcc06
all5/Visualize_a_tree/[0-5][2-3][4-3].wasm,2cc980194094cbd66dc66d52955fcc06
all5/Visualize_a_tree/[0-5][2-3][4-4].wasm,2cc980194094cbd66dc66d52955fcc06
all5/Visualize_a_tree/[0-5][2-3][4-5].wasm,2cc980194094cbd66dc66d52955fcc06
all5/Visualize_a_tree/[0-5][2-3][4-6].wasm,2cc980194094cbd66dc66d52955fcc06
all5/Visualize_a_tree/[0-5][2-3][4-7].wasm,2cc980194094cbd66dc66d52955fcc06
all5/Visualize_a_tree/[0-5][2-3][4-8].wasm,2cc980194094cbd66dc66d52955fcc06
all5/Visualize_a_tree/[0-5][2-4].wasm,2cc980194094cbd66dc66d52955fcc06
all5/Visualize_a_tree/[0-5][2-4][4-1].wasm,2cc980194094cbd66dc66d52955fcc06
all5/Visualize_a_tree/[0-5][2-4][4-2].wasm,2cc980194094cbd66dc66d52955fcc06
all5/Visualize_a_tree/[0-5][2-4][4-3].wasm,2cc980194094cbd66dc66d52955fcc06
all5/Visualize_a_tree/[0-5][2-4][4-4].wasm,2cc980194094cbd66dc66d52955fcc06
all5/Visualize_a_tree/[0-5][2-4][4-5].wasm,2cc980194094cbd66dc66d52955fcc06
all5/Visualize_a_tree/[0-5][2-4][4-6].wasm,2cc980194094cbd66dc66d52955fcc06
all5/Visualize_a_tree/[0-5][2-4][4-7].wasm,2cc980194094cbd66dc66d52955fcc06
all5/Visualize_a_tree/[0-5][2-4][4-8].wasm,2cc980194094cbd66dc66d52955fcc06
all5/Visualize_a_tree/[0-5][2-5].wasm,2cc980194094cbd66dc66d52955fcc06
all5/Visualize_a_tree/[0-5][2-5][4-1].wasm,2cc980194094cbd66dc66d52955fcc06
all5/Visualize_a_tree/[0-5][2-5][4-2].wasm,2cc980194094cbd66dc66d52955fcc06
all5/Visualize_a_tree/[0-5][2-5][4-3].wasm,2cc980194094cbd66dc66d52955fcc06
all5/Visualize_a_tree/[0-5][2-5][4-4].wasm,2cc980194094cbd66dc66d52955fcc06
all5/Visualize_a_tree/[0-5][2-5][4-5].wasm,2cc980194094cbd66dc66d52955fcc06
all5/Visualize_a_tree/[0-5][2-5][4-6].wasm,2cc980194094cbd66dc66d52955fcc06
all5/Visualize_a_tree/[0-5][2-5][4-7].wasm,2cc980194094cbd66dc66d52955fcc06
all5/Visualize_a_tree/[0-5][2-5][4-8].wasm,2cc980194094cbd66dc66d52955fcc06
all5/Visualize_a_tree/[0-5][2-6].wasm,2cc980194094cbd66dc66d52955fcc06
all5/Visualize_a_tree/[0-5][2-6][4-1].wasm,2cc980194094cbd66dc66d52955fcc06
all5/Visualize_a_tree/[0-5][2-6][4-2].wasm,2cc980194094cbd66dc66d52955fcc06
all5/Visualize_a_tree/[0-5][2-6][4-3].wasm,2cc980194094cbd66dc66d52955fcc06
all5/Visualize_a_tree/[0-5][2-6][4-4].wasm,2cc980194094cbd66dc66d52955fcc06
all5/Visualize_a_tree/[0-5][2-6][4-5].wasm,2cc980194094cbd66dc66d52955fcc06
all5/Visualize_a_tree/[0-5][2-6][4-6].wasm,2cc980194094cbd66dc66d52955fcc06
all5/Visualize_a_tree/[0-5][2-6][4-7].wasm,2cc980194094cbd66dc66d52955fcc06
all5/Visualize_a_tree/[0-5][2-6][4-8].wasm,2cc980194094cbd66dc66d52955fcc06
all5/Visualize_a_tree/[0-5][2-7].wasm,2cc980194094cbd66dc66d52955fcc06
all5/Visualize_a_tree/[0-5][2-7][4-1].wasm,2cc980194094cbd66dc66d52955fcc06
all5/Visualize_a_tree/[0-5][2-7][4-2].wasm,2cc980194094cbd66dc66d52955fcc06
all5/Visualize_a_tree/[0-5][2-7][4-3].wasm,2cc980194094cbd66dc66d52955fcc06
all5/Visualize_a_tree/[0-5][2-7][4-4].wasm,2cc980194094cbd66dc66d52955fcc06
all5/Visualize_a_tree/[0-5][2-7][4-5].wasm,2cc980194094cbd66dc66d52955fcc06
all5/Visualize_a_tree/[0-5][2-7][4-6].wasm,2cc980194094cbd66dc66d52955fcc06
all5/Visualize_a_tree/[0-5][2-7][4-7].wasm,2cc980194094cbd66dc66d52955fcc06
all5/Visualize_a_tree/[0-5][2-7][4-8].wasm,2cc980194094cbd66dc66d52955fcc06
all5/Visualize_a_tree/[0-5][2-8].wasm,2cc980194094cbd66dc66d52955fcc06
all5/Visualize_a_tree/[0-5][2-8][4-1].wasm,2cc980194094cbd66dc66d52955fcc06
all5/Visualize_a_tree/[0-5][2-8][4-2].wasm,2cc980194094cbd66dc66d52955fcc06
all5/Visualize_a_tree/[0-5][2-8][4-3].wasm,2cc980194094cbd66dc66d52955fcc06
all5/Visualize_a_tree/[0-5][2-8][4-4].wasm,2cc980194094cbd66dc66d52955fcc06
all5/Visualize_a_tree/[0-5][2-8][4-5].wasm,2cc980194094cbd66dc66d52955fcc06
all5/Visualize_a_tree/[0-5][2-8][4-6].wasm,2cc980194094cbd66dc66d52955fcc06
all5/Visualize_a_tree/[0-5][2-8][4-7].wasm,2cc980194094cbd66dc66d52955fcc06
all5/Visualize_a_tree/[0-5][2-8][4-8].wasm,2cc980194094cbd66dc66d52955fcc06
all5/Visualize_a_tree/[0-5][2-9].wasm,2cc980194094cbd66dc66d52955fcc06
all5/Visualize_a_tree/[0-5][2-9][4-1].wasm,2cc980194094cbd66dc66d52955fcc06
all5/Visualize_a_tree/[0-5][2-9][4-2].wasm,2cc980194094cbd66dc66d52955fcc06
all5/Visualize_a_tree/[0-5][2-9][4-3].wasm,2cc980194094cbd66dc66d52955fcc06
all5/Visualize_a_tree/[0-5][2-9][4-4].wasm,2cc980194094cbd66dc66d52955fcc06
all5/Visualize_a_tree/[0-5][2-9][4-5].wasm,2cc980194094cbd66dc66d52955fcc06
all5/Visualize_a_tree/[0-5][2-9][4-6].wasm,2cc980194094cbd66dc66d52955fcc06
all5/Visualize_a_tree/[0-5][2-9][4-7].wasm,2cc980194094cbd66dc66d52955fcc06
all5/Visualize_a_tree/[0-5][2-9][4-8].wasm,2cc980194094cbd66dc66d52955fcc06
all5/Visualize_a_tree/[0-5][4-1].wasm,2cc980194094cbd66dc66d52955fcc06
all5/Visualize_a_tree/[0-5][4-2].wasm,2cc980194094cbd66dc66d52955fcc06
all5/Visualize_a_tree/[0-5][4-3].wasm,2cc980194094cbd66dc66d52955fcc06
all5/Visualize_a_tree/[0-5][4-4].wasm,2cc980194094cbd66dc66d52955fcc06
all5/Visualize_a_tree/[0-5][4-5].wasm,2cc980194094cbd66dc66d52955fcc06
all5/Visualize_a_tree/[0-5][4-6].wasm,2cc980194094cbd66dc66d52955fcc06
all5/Visualize_a_tree/[0-5][4-7].wasm,2cc980194094cbd66dc66d52955fcc06
all5/Visualize_a_tree/[0-5][4-8].wasm,2cc980194094cbd66dc66d52955fcc06
all5/Visualize_a_tree/[0-6].wasm,2cc980194094cbd66dc66d52955fcc06
all5/Visualize_a_tree/[0-6][2-1].wasm,2cc980194094cbd66dc66d52955fcc06
all5/Visualize_a_tree/[0-6][2-1][4-1].wasm,2cc980194094cbd66dc66d52955fcc06
all5/Visualize_a_tree/[0-6][2-1][4-2].wasm,2cc980194094cbd66dc66d52955fcc06
all5/Visualize_a_tree/[0-6][2-1][4-3].wasm,2cc980194094cbd66dc66d52955fcc06
all5/Visualize_a_tree/[0-6][2-1][4-4].wasm,2cc980194094cbd66dc66d52955fcc06
all5/Visualize_a_tree/[0-6][2-1][4-5].wasm,2cc980194094cbd66dc66d52955fcc06
all5/Visualize_a_tree/[0-6][2-1][4-6].wasm,2cc980194094cbd66dc66d52955fcc06
all5/Visualize_a_tree/[0-6][2-1][4-7].wasm,2cc980194094cbd66dc66d52955fcc06
all5/Visualize_a_tree/[0-6][2-1][4-8].wasm,2cc980194094cbd66dc66d52955fcc06
all5/Visualize_a_tree/[0-6][2-2].wasm,2cc980194094cbd66dc66d52955fcc06
all5/Visualize_a_tree/[0-6][2-2][4-1].wasm,2cc980194094cbd66dc66d52955fcc06
all5/Visualize_a_tree/[0-6][2-2][4-2].wasm,2cc980194094cbd66dc66d52955fcc06
all5/Visualize_a_tree/[0-6][2-2][4-3].wasm,2cc980194094cbd66dc66d52955fcc06
all5/Visualize_a_tree/[0-6][2-2][4-4].wasm,2cc980194094cbd66dc66d52955fcc06
all5/Visualize_a_tree/[0-6][2-2][4-5].wasm,2cc980194094cbd66dc66d52955fcc06
all5/Visualize_a_tree/[0-6][2-2][4-6].wasm,2cc980194094cbd66dc66d52955fcc06
all5/Visualize_a_tree/[0-6][2-2][4-7].wasm,2cc980194094cbd66dc66d52955fcc06
all5/Visualize_a_tree/[0-6][2-2][4-8].wasm,2cc980194094cbd66dc66d52955fcc06
all5/Visualize_a_tree/[0-6][2-3].wasm,2cc980194094cbd66dc66d52955fcc06
all5/Visualize_a_tree/[0-6][2-3][4-1].wasm,2cc980194094cbd66dc66d52955fcc06
all5/Visualize_a_tree/[0-6][2-3][4-2].wasm,2cc980194094cbd66dc66d52955fcc06
all5/Visualize_a_tree/[0-6][2-3][4-3].wasm,2cc980194094cbd66dc66d52955fcc06
all5/Visualize_a_tree/[0-6][2-3][4-4].wasm,2cc980194094cbd66dc66d52955fcc06
all5/Visualize_a_tree/[0-6][2-3][4-5].wasm,2cc980194094cbd66dc66d52955fcc06
all5/Visualize_a_tree/[0-6][2-3][4-6].wasm,2cc980194094cbd66dc66d52955fcc06
all5/Visualize_a_tree/[0-6][2-3][4-7].wasm,2cc980194094cbd66dc66d52955fcc06
all5/Visualize_a_tree/[0-6][2-3][4-8].wasm,2cc980194094cbd66dc66d52955fcc06
all5/Visualize_a_tree/[0-6][2-4].wasm,2cc980194094cbd66dc66d52955fcc06
all5/Visualize_a_tree/[0-6][2-4][4-1].wasm,2cc980194094cbd66dc66d52955fcc06
all5/Visualize_a_tree/[0-6][2-4][4-2].wasm,2cc980194094cbd66dc66d52955fcc06
all5/Visualize_a_tree/[0-6][2-4][4-3].wasm,2cc980194094cbd66dc66d52955fcc06
all5/Visualize_a_tree/[0-6][2-4][4-4].wasm,2cc980194094cbd66dc66d52955fcc06
all5/Visualize_a_tree/[0-6][2-4][4-5].wasm,2cc980194094cbd66dc66d52955fcc06
all5/Visualize_a_tree/[0-6][2-4][4-6].wasm,2cc980194094cbd66dc66d52955fcc06
all5/Visualize_a_tree/[0-6][2-4][4-7].wasm,2cc980194094cbd66dc66d52955fcc06
all5/Visualize_a_tree/[0-6][2-4][4-8].wasm,2cc980194094cbd66dc66d52955fcc06
all5/Visualize_a_tree/[0-6][2-5].wasm,2cc980194094cbd66dc66d52955fcc06
all5/Visualize_a_tree/[0-6][2-5][4-1].wasm,2cc980194094cbd66dc66d52955fcc06
all5/Visualize_a_tree/[0-6][2-5][4-2].wasm,2cc980194094cbd66dc66d52955fcc06
all5/Visualize_a_tree/[0-6][2-5][4-3].wasm,2cc980194094cbd66dc66d52955fcc06
all5/Visualize_a_tree/[0-6][2-5][4-4].wasm,2cc980194094cbd66dc66d52955fcc06
all5/Visualize_a_tree/[0-6][2-5][4-5].wasm,2cc980194094cbd66dc66d52955fcc06
all5/Visualize_a_tree/[0-6][2-5][4-6].wasm,2cc980194094cbd66dc66d52955fcc06
all5/Visualize_a_tree/[0-6][2-5][4-7].wasm,2cc980194094cbd66dc66d52955fcc06
all5/Visualize_a_tree/[0-6][2-5][4-8].wasm,2cc980194094cbd66dc66d52955fcc06
all5/Visualize_a_tree/[0-6][2-6].wasm,2cc980194094cbd66dc66d52955fcc06
all5/Visualize_a_tree/[0-6][2-6][4-1].wasm,2cc980194094cbd66dc66d52955fcc06
all5/Visualize_a_tree/[0-6][2-6][4-2].wasm,2cc980194094cbd66dc66d52955fcc06
all5/Visualize_a_tree/[0-6][2-6][4-3].wasm,2cc980194094cbd66dc66d52955fcc06
all5/Visualize_a_tree/[0-6][2-6][4-4].wasm,2cc980194094cbd66dc66d52955fcc06
all5/Visualize_a_tree/[0-6][2-6][4-5].wasm,2cc980194094cbd66dc66d52955fcc06
all5/Visualize_a_tree/[0-6][2-6][4-6].wasm,2cc980194094cbd66dc66d52955fcc06
all5/Visualize_a_tree/[0-6][2-6][4-7].wasm,2cc980194094cbd66dc66d52955fcc06
all5/Visualize_a_tree/[0-6][2-6][4-8].wasm,2cc980194094cbd66dc66d52955fcc06
all5/Visualize_a_tree/[0-6][2-7].wasm,2cc980194094cbd66dc66d52955fcc06
all5/Visualize_a_tree/[0-6][2-7][4-1].wasm,2cc980194094cbd66dc66d52955fcc06
all5/Visualize_a_tree/[0-6][2-7][4-2].wasm,2cc980194094cbd66dc66d52955fcc06
all5/Visualize_a_tree/[0-6][2-7][4-3].wasm,2cc980194094cbd66dc66d52955fcc06
all5/Visualize_a_tree/[0-6][2-7][4-4].wasm,2cc980194094cbd66dc66d52955fcc06
all5/Visualize_a_tree/[0-6][2-7][4-5].wasm,2cc980194094cbd66dc66d52955fcc06
all5/Visualize_a_tree/[0-6][2-7][4-6].wasm,2cc980194094cbd66dc66d52955fcc06
all5/Visualize_a_tree/[0-6][2-7][4-7].wasm,2cc980194094cbd66dc66d52955fcc06
all5/Visualize_a_tree/[0-6][2-7][4-8].wasm,2cc980194094cbd66dc66d52955fcc06
all5/Visualize_a_tree/[0-6][2-8].wasm,2cc980194094cbd66dc66d52955fcc06
all5/Visualize_a_tree/[0-6][2-8][4-1].wasm,2cc980194094cbd66dc66d52955fcc06
all5/Visualize_a_tree/[0-6][2-8][4-2].wasm,2cc980194094cbd66dc66d52955fcc06
all5/Visualize_a_tree/[0-6][2-8][4-3].wasm,2cc980194094cbd66dc66d52955fcc06
all5/Visualize_a_tree/[0-6][2-8][4-4].wasm,2cc980194094cbd66dc66d52955fcc06
all5/Visualize_a_tree/[0-6][2-8][4-5].wasm,2cc980194094cbd66dc66d52955fcc06
all5/Visualize_a_tree/[0-6][2-8][4-6].wasm,2cc980194094cbd66dc66d52955fcc06
all5/Visualize_a_tree/[0-6][2-8][4-7].wasm,2cc980194094cbd66dc66d52955fcc06
all5/Visualize_a_tree/[0-6][2-8][4-8].wasm,2cc980194094cbd66dc66d52955fcc06
all5/Visualize_a_tree/[0-6][2-9].wasm,2cc980194094cbd66dc66d52955fcc06
all5/Visualize_a_tree/[0-6][2-9][4-1].wasm,2cc980194094cbd66dc66d52955fcc06
all5/Visualize_a_tree/[0-6][2-9][4-2].wasm,2cc980194094cbd66dc66d52955fcc06
all5/Visualize_a_tree/[0-6][2-9][4-3].wasm,2cc980194094cbd66dc66d52955fcc06
all5/Visualize_a_tree/[0-6][2-9][4-4].wasm,2cc980194094cbd66dc66d52955fcc06
all5/Visualize_a_tree/[0-6][2-9][4-5].wasm,2cc980194094cbd66dc66d52955fcc06
all5/Visualize_a_tree/[0-6][2-9][4-6].wasm,2cc980194094cbd66dc66d52955fcc06
all5/Visualize_a_tree/[0-6][2-9][4-7].wasm,2cc980194094cbd66dc66d52955fcc06
all5/Visualize_a_tree/[0-6][2-9][4-8].wasm,2cc980194094cbd66dc66d52955fcc06
all5/Visualize_a_tree/[0-6][4-1].wasm,2cc980194094cbd66dc66d52955fcc06
all5/Visualize_a_tree/[0-6][4-2].wasm,2cc980194094cbd66dc66d52955fcc06
all5/Visualize_a_tree/[0-6][4-3].wasm,2cc980194094cbd66dc66d52955fcc06
all5/Visualize_a_tree/[0-6][4-4].wasm,2cc980194094cbd66dc66d52955fcc06
all5/Visualize_a_tree/[0-6][4-5].wasm,2cc980194094cbd66dc66d52955fcc06
all5/Visualize_a_tree/[0-6][4-6].wasm,2cc980194094cbd66dc66d52955fcc06
all5/Visualize_a_tree/[0-6][4-7].wasm,2cc980194094cbd66dc66d52955fcc06
all5/Visualize_a_tree/[0-6][4-8].wasm,2cc980194094cbd66dc66d52955fcc06
all5/Visualize_a_tree/[0-7].wasm,2cc980194094cbd66dc66d52955fcc06
all5/Visualize_a_tree/[0-7][2-1].wasm,2cc980194094cbd66dc66d52955fcc06
all5/Visualize_a_tree/[0-7][2-1][4-1].wasm,2cc980194094cbd66dc66d52955fcc06
all5/Visualize_a_tree/[0-7][2-1][4-2].wasm,2cc980194094cbd66dc66d52955fcc06
all5/Visualize_a_tree/[0-7][2-1][4-3].wasm,2cc980194094cbd66dc66d52955fcc06
all5/Visualize_a_tree/[0-7][2-1][4-4].wasm,2cc980194094cbd66dc66d52955fcc06
all5/Visualize_a_tree/[0-7][2-1][4-5].wasm,2cc980194094cbd66dc66d52955fcc06
all5/Visualize_a_tree/[0-7][2-1][4-6].wasm,2cc980194094cbd66dc66d52955fcc06
all5/Visualize_a_tree/[0-7][2-1][4-7].wasm,2cc980194094cbd66dc66d52955fcc06
all5/Visualize_a_tree/[0-7][2-1][4-8].wasm,2cc980194094cbd66dc66d52955fcc06
all5/Visualize_a_tree/[0-7][2-2].wasm,2cc980194094cbd66dc66d52955fcc06
all5/Visualize_a_tree/[0-7][2-2][4-1].wasm,2cc980194094cbd66dc66d52955fcc06
all5/Visualize_a_tree/[0-7][2-2][4-2].wasm,2cc980194094cbd66dc66d52955fcc06
all5/Visualize_a_tree/[0-7][2-2][4-3].wasm,2cc980194094cbd66dc66d52955fcc06
all5/Visualize_a_tree/[0-7][2-2][4-4].wasm,2cc980194094cbd66dc66d52955fcc06
all5/Visualize_a_tree/[0-7][2-2][4-5].wasm,2cc980194094cbd66dc66d52955fcc06
all5/Visualize_a_tree/[0-7][2-2][4-6].wasm,2cc980194094cbd66dc66d52955fcc06
all5/Visualize_a_tree/[0-7][2-2][4-7].wasm,2cc980194094cbd66dc66d52955fcc06
all5/Visualize_a_tree/[0-7][2-2][4-8].wasm,2cc980194094cbd66dc66d52955fcc06
all5/Visualize_a_tree/[0-7][2-3].wasm,2cc980194094cbd66dc66d52955fcc06
all5/Visualize_a_tree/[0-7][2-3][4-1].wasm,2cc980194094cbd66dc66d52955fcc06
all5/Visualize_a_tree/[0-7][2-3][4-2].wasm,2cc980194094cbd66dc66d52955fcc06
all5/Visualize_a_tree/[0-7][2-3][4-3].wasm,2cc980194094cbd66dc66d52955fcc06
all5/Visualize_a_tree/[0-7][2-3][4-4].wasm,2cc980194094cbd66dc66d52955fcc06
all5/Visualize_a_tree/[0-7][2-3][4-5].wasm,2cc980194094cbd66dc66d52955fcc06
all5/Visualize_a_tree/[0-7][2-3][4-6].wasm,2cc980194094cbd66dc66d52955fcc06
all5/Visualize_a_tree/[0-7][2-3][4-7].wasm,2cc980194094cbd66dc66d52955fcc06
all5/Visualize_a_tree/[0-7][2-3][4-8].wasm,2cc980194094cbd66dc66d52955fcc06
all5/Visualize_a_tree/[0-7][2-4].wasm,2cc980194094cbd66dc66d52955fcc06
all5/Visualize_a_tree/[0-7][2-4][4-1].wasm,2cc980194094cbd66dc66d52955fcc06
all5/Visualize_a_tree/[0-7][2-4][4-2].wasm,2cc980194094cbd66dc66d52955fcc06
all5/Visualize_a_tree/[0-7][2-4][4-3].wasm,2cc980194094cbd66dc66d52955fcc06
all5/Visualize_a_tree/[0-7][2-4][4-4].wasm,2cc980194094cbd66dc66d52955fcc06
all5/Visualize_a_tree/[0-7][2-4][4-5].wasm,2cc980194094cbd66dc66d52955fcc06
all5/Visualize_a_tree/[0-7][2-4][4-6].wasm,2cc980194094cbd66dc66d52955fcc06
all5/Visualize_a_tree/[0-7][2-4][4-7].wasm,2cc980194094cbd66dc66d52955fcc06
all5/Visualize_a_tree/[0-7][2-4][4-8].wasm,2cc980194094cbd66dc66d52955fcc06
all5/Visualize_a_tree/[0-7][2-5].wasm,2cc980194094cbd66dc66d52955fcc06
all5/Visualize_a_tree/[0-7][2-5][4-1].wasm,2cc980194094cbd66dc66d52955fcc06
all5/Visualize_a_tree/[0-7][2-5][4-2].wasm,2cc980194094cbd66dc66d52955fcc06
all5/Visualize_a_tree/[0-7][2-5][4-3].wasm,2cc980194094cbd66dc66d52955fcc06
all5/Visualize_a_tree/[0-7][2-5][4-4].wasm,2cc980194094cbd66dc66d52955fcc06
all5/Visualize_a_tree/[0-7][2-5][4-5].wasm,2cc980194094cbd66dc66d52955fcc06
all5/Visualize_a_tree/[0-7][2-5][4-6].wasm,2cc980194094cbd66dc66d52955fcc06
all5/Visualize_a_tree/[0-7][2-5][4-7].wasm,2cc980194094cbd66dc66d52955fcc06
all5/Visualize_a_tree/[0-7][2-5][4-8].wasm,2cc980194094cbd66dc66d52955fcc06
all5/Visualize_a_tree/[0-7][2-6].wasm,2cc980194094cbd66dc66d52955fcc06
all5/Visualize_a_tree/[0-7][2-6][4-1].wasm,2cc980194094cbd66dc66d52955fcc06
all5/Visualize_a_tree/[0-7][2-6][4-2].wasm,2cc980194094cbd66dc66d52955fcc06
all5/Visualize_a_tree/[0-7][2-6][4-3].wasm,2cc980194094cbd66dc66d52955fcc06
all5/Visualize_a_tree/[0-7][2-6][4-4].wasm,2cc980194094cbd66dc66d52955fcc06
all5/Visualize_a_tree/[0-7][2-6][4-5].wasm,2cc980194094cbd66dc66d52955fcc06
all5/Visualize_a_tree/[0-7][2-6][4-6].wasm,2cc980194094cbd66dc66d52955fcc06
all5/Visualize_a_tree/[0-7][2-6][4-7].wasm,2cc980194094cbd66dc66d52955fcc06
all5/Visualize_a_tree/[0-7][2-6][4-8].wasm,2cc980194094cbd66dc66d52955fcc06
all5/Visualize_a_tree/[0-7][2-7].wasm,2cc980194094cbd66dc66d52955fcc06
all5/Visualize_a_tree/[0-7][2-7][4-1].wasm,2cc980194094cbd66dc66d52955fcc06
all5/Visualize_a_tree/[0-7][2-7][4-2].wasm,2cc980194094cbd66dc66d52955fcc06
all5/Visualize_a_tree/[0-7][2-7][4-3].wasm,2cc980194094cbd66dc66d52955fcc06
all5/Visualize_a_tree/[0-7][2-7][4-4].wasm,2cc980194094cbd66dc66d52955fcc06
all5/Visualize_a_tree/[0-7][2-7][4-5].wasm,2cc980194094cbd66dc66d52955fcc06
all5/Visualize_a_tree/[0-7][2-7][4-6].wasm,2cc980194094cbd66dc66d52955fcc06
all5/Visualize_a_tree/[0-7][2-7][4-7].wasm,2cc980194094cbd66dc66d52955fcc06
all5/Visualize_a_tree/[0-7][2-7][4-8].wasm,2cc980194094cbd66dc66d52955fcc06
all5/Visualize_a_tree/[0-7][2-8].wasm,2cc980194094cbd66dc66d52955fcc06
all5/Visualize_a_tree/[0-7][2-8][4-1].wasm,2cc980194094cbd66dc66d52955fcc06
all5/Visualize_a_tree/[0-7][2-8][4-2].wasm,2cc980194094cbd66dc66d52955fcc06
all5/Visualize_a_tree/[0-7][2-8][4-3].wasm,2cc980194094cbd66dc66d52955fcc06
all5/Visualize_a_tree/[0-7][2-8][4-4].wasm,2cc980194094cbd66dc66d52955fcc06
all5/Visualize_a_tree/[0-7][2-8][4-5].wasm,2cc980194094cbd66dc66d52955fcc06
all5/Visualize_a_tree/[0-7][2-8][4-6].wasm,2cc980194094cbd66dc66d52955fcc06
all5/Visualize_a_tree/[0-7][2-8][4-7].wasm,2cc980194094cbd66dc66d52955fcc06
all5/Visualize_a_tree/[0-7][2-8][4-8].wasm,2cc980194094cbd66dc66d52955fcc06
all5/Visualize_a_tree/[0-7][2-9].wasm,2cc980194094cbd66dc66d52955fcc06
all5/Visualize_a_tree/[0-7][2-9][4-1].wasm,2cc980194094cbd66dc66d52955fcc06
all5/Visualize_a_tree/[0-7][2-9][4-2].wasm,2cc980194094cbd66dc66d52955fcc06
all5/Visualize_a_tree/[0-7][2-9][4-3].wasm,2cc980194094cbd66dc66d52955fcc06
all5/Visualize_a_tree/[0-7][2-9][4-4].wasm,2cc980194094cbd66dc66d52955fcc06
all5/Visualize_a_tree/[0-7][2-9][4-5].wasm,2cc980194094cbd66dc66d52955fcc06
all5/Visualize_a_tree/[0-7][2-9][4-6].wasm,2cc980194094cbd66dc66d52955fcc06
all5/Visualize_a_tree/[0-7][2-9][4-7].wasm,2cc980194094cbd66dc66d52955fcc06
all5/Visualize_a_tree/[0-7][2-9][4-8].wasm,2cc980194094cbd66dc66d52955fcc06
all5/Visualize_a_tree/[0-7][4-1].wasm,2cc980194094cbd66dc66d52955fcc06
all5/Visualize_a_tree/[0-7][4-2].wasm,2cc980194094cbd66dc66d52955fcc06
all5/Visualize_a_tree/[0-7][4-3].wasm,2cc980194094cbd66dc66d52955fcc06
all5/Visualize_a_tree/[0-7][4-4].wasm,2cc980194094cbd66dc66d52955fcc06
all5/Visualize_a_tree/[0-7][4-5].wasm,2cc980194094cbd66dc66d52955fcc06
all5/Visualize_a_tree/[0-7][4-6].wasm,2cc980194094cbd66dc66d52955fcc06
all5/Visualize_a_tree/[0-7][4-7].wasm,2cc980194094cbd66dc66d52955fcc06
all5/Visualize_a_tree/[0-7][4-8].wasm,2cc980194094cbd66dc66d52955fcc06
all5/Visualize_a_tree/[0-8].wasm,2cc980194094cbd66dc66d52955fcc06
all5/Visualize_a_tree/[0-8][2-1].wasm,2cc980194094cbd66dc66d52955fcc06
all5/Visualize_a_tree/[0-8][2-1][4-1].wasm,2cc980194094cbd66dc66d52955fcc06
all5/Visualize_a_tree/[0-8][2-1][4-2].wasm,2cc980194094cbd66dc66d52955fcc06
all5/Visualize_a_tree/[0-8][2-1][4-3].wasm,2cc980194094cbd66dc66d52955fcc06
all5/Visualize_a_tree/[0-8][2-1][4-4].wasm,2cc980194094cbd66dc66d52955fcc06
all5/Visualize_a_tree/[0-8][2-1][4-5].wasm,2cc980194094cbd66dc66d52955fcc06
all5/Visualize_a_tree/[0-8][2-1][4-6].wasm,2cc980194094cbd66dc66d52955fcc06
all5/Visualize_a_tree/[0-8][2-1][4-7].wasm,2cc980194094cbd66dc66d52955fcc06
all5/Visualize_a_tree/[0-8][2-1][4-8].wasm,2cc980194094cbd66dc66d52955fcc06
all5/Visualize_a_tree/[0-8][2-2].wasm,2cc980194094cbd66dc66d52955fcc06
all5/Visualize_a_tree/[0-8][2-2][4-1].wasm,2cc980194094cbd66dc66d52955fcc06
all5/Visualize_a_tree/[0-8][2-2][4-2].wasm,2cc980194094cbd66dc66d52955fcc06
all5/Visualize_a_tree/[0-8][2-2][4-3].wasm,2cc980194094cbd66dc66d52955fcc06
all5/Visualize_a_tree/[0-8][2-2][4-4].wasm,2cc980194094cbd66dc66d52955fcc06
all5/Visualize_a_tree/[0-8][2-2][4-5].wasm,2cc980194094cbd66dc66d52955fcc06
all5/Visualize_a_tree/[0-8][2-2][4-6].wasm,2cc980194094cbd66dc66d52955fcc06
all5/Visualize_a_tree/[0-8][2-2][4-7].wasm,2cc980194094cbd66dc66d52955fcc06
all5/Visualize_a_tree/[0-8][2-2][4-8].wasm,2cc980194094cbd66dc66d52955fcc06
all5/Visualize_a_tree/[0-8][2-3].wasm,2cc980194094cbd66dc66d52955fcc06
all5/Visualize_a_tree/[0-8][2-3][4-1].wasm,2cc980194094cbd66dc66d52955fcc06
all5/Visualize_a_tree/[0-8][2-3][4-2].wasm,2cc980194094cbd66dc66d52955fcc06
all5/Visualize_a_tree/[0-8][2-3][4-3].wasm,2cc980194094cbd66dc66d52955fcc06
all5/Visualize_a_tree/[0-8][2-3][4-4].wasm,2cc980194094cbd66dc66d52955fcc06
all5/Visualize_a_tree/[0-8][2-3][4-5].wasm,2cc980194094cbd66dc66d52955fcc06
all5/Visualize_a_tree/[0-8][2-3][4-6].wasm,2cc980194094cbd66dc66d52955fcc06
all5/Visualize_a_tree/[0-8][2-3][4-7].wasm,2cc980194094cbd66dc66d52955fcc06
all5/Visualize_a_tree/[0-8][2-3][4-8].wasm,2cc980194094cbd66dc66d52955fcc06
all5/Visualize_a_tree/[0-8][2-4].wasm,2cc980194094cbd66dc66d52955fcc06
all5/Visualize_a_tree/[0-8][2-4][4-1].wasm,2cc980194094cbd66dc66d52955fcc06
all5/Visualize_a_tree/[0-8][2-4][4-2].wasm,2cc980194094cbd66dc66d52955fcc06
all5/Visualize_a_tree/[0-8][2-4][4-3].wasm,2cc980194094cbd66dc66d52955fcc06
all5/Visualize_a_tree/[0-8][2-4][4-4].wasm,2cc980194094cbd66dc66d52955fcc06
all5/Visualize_a_tree/[0-8][2-4][4-5].wasm,2cc980194094cbd66dc66d52955fcc06
all5/Visualize_a_tree/[0-8][2-4][4-6].wasm,2cc980194094cbd66dc66d52955fcc06
all5/Visualize_a_tree/[0-8][2-4][4-7].wasm,2cc980194094cbd66dc66d52955fcc06
all5/Visualize_a_tree/[0-8][2-4][4-8].wasm,2cc980194094cbd66dc66d52955fcc06
all5/Visualize_a_tree/[0-8][2-5].wasm,2cc980194094cbd66dc66d52955fcc06
all5/Visualize_a_tree/[0-8][2-5][4-1].wasm,2cc980194094cbd66dc66d52955fcc06
all5/Visualize_a_tree/[0-8][2-5][4-2].wasm,2cc980194094cbd66dc66d52955fcc06
all5/Visualize_a_tree/[0-8][2-5][4-3].wasm,2cc980194094cbd66dc66d52955fcc06
all5/Visualize_a_tree/[0-8][2-5][4-4].wasm,2cc980194094cbd66dc66d52955fcc06
all5/Visualize_a_tree/[0-8][2-5][4-5].wasm,2cc980194094cbd66dc66d52955fcc06
all5/Visualize_a_tree/[0-8][2-5][4-6].wasm,2cc980194094cbd66dc66d52955fcc06
all5/Visualize_a_tree/[0-8][2-5][4-7].wasm,2cc980194094cbd66dc66d52955fcc06
all5/Visualize_a_tree/[0-8][2-5][4-8].wasm,2cc980194094cbd66dc66d52955fcc06
all5/Visualize_a_tree/[0-8][2-6].wasm,2cc980194094cbd66dc66d52955fcc06
all5/Visualize_a_tree/[0-8][2-6][4-1].wasm,2cc980194094cbd66dc66d52955fcc06
all5/Visualize_a_tree/[0-8][2-6][4-2].wasm,2cc980194094cbd66dc66d52955fcc06
all5/Visualize_a_tree/[0-8][2-6][4-3].wasm,2cc980194094cbd66dc66d52955fcc06
all5/Visualize_a_tree/[0-8][2-6][4-4].wasm,2cc980194094cbd66dc66d52955fcc06
all5/Visualize_a_tree/[0-8][2-6][4-5].wasm,2cc980194094cbd66dc66d52955fcc06
all5/Visualize_a_tree/[0-8][2-6][4-6].wasm,2cc980194094cbd66dc66d52955fcc06
all5/Visualize_a_tree/[0-8][2-6][4-7].wasm,2cc980194094cbd66dc66d52955fcc06
all5/Visualize_a_tree/[0-8][2-6][4-8].wasm,2cc980194094cbd66dc66d52955fcc06
all5/Visualize_a_tree/[0-8][2-7].wasm,2cc980194094cbd66dc66d52955fcc06
all5/Visualize_a_tree/[0-8][2-7][4-1].wasm,2cc980194094cbd66dc66d52955fcc06
all5/Visualize_a_tree/[0-8][2-7][4-2].wasm,2cc980194094cbd66dc66d52955fcc06
all5/Visualize_a_tree/[0-8][2-7][4-3].wasm,2cc980194094cbd66dc66d52955fcc06
all5/Visualize_a_tree/[0-8][2-7][4-4].wasm,2cc980194094cbd66dc66d52955fcc06
all5/Visualize_a_tree/[0-8][2-7][4-5].wasm,2cc980194094cbd66dc66d52955fcc06
all5/Visualize_a_tree/[0-8][2-7][4-6].wasm,2cc980194094cbd66dc66d52955fcc06
all5/Visualize_a_tree/[0-8][2-7][4-7].wasm,2cc980194094cbd66dc66d52955fcc06
all5/Visualize_a_tree/[0-8][2-7][4-8].wasm,2cc980194094cbd66dc66d52955fcc06
all5/Visualize_a_tree/[0-8][2-8].wasm,2cc980194094cbd66dc66d52955fcc06
all5/Visualize_a_tree/[0-8][2-8][4-1].wasm,2cc980194094cbd66dc66d52955fcc06
all5/Visualize_a_tree/[0-8][2-8][4-2].wasm,2cc980194094cbd66dc66d52955fcc06
all5/Visualize_a_tree/[0-8][2-8][4-3].wasm,2cc980194094cbd66dc66d52955fcc06
all5/Visualize_a_tree/[0-8][2-8][4-4].wasm,2cc980194094cbd66dc66d52955fcc06
all5/Visualize_a_tree/[0-8][2-8][4-5].wasm,2cc980194094cbd66dc66d52955fcc06
all5/Visualize_a_tree/[0-8][2-8][4-6].wasm,2cc980194094cbd66dc66d52955fcc06
all5/Visualize_a_tree/[0-8][2-8][4-7].wasm,2cc980194094cbd66dc66d52955fcc06
all5/Visualize_a_tree/[0-8][2-8][4-8].wasm,2cc980194094cbd66dc66d52955fcc06
all5/Visualize_a_tree/[0-8][2-9].wasm,2cc980194094cbd66dc66d52955fcc06
all5/Visualize_a_tree/[0-8][2-9][4-1].wasm,2cc980194094cbd66dc66d52955fcc06
all5/Visualize_a_tree/[0-8][2-9][4-2].wasm,2cc980194094cbd66dc66d52955fcc06
all5/Visualize_a_tree/[0-8][2-9][4-3].wasm,2cc980194094cbd66dc66d52955fcc06
all5/Visualize_a_tree/[0-8][2-9][4-4].wasm,2cc980194094cbd66dc66d52955fcc06
all5/Visualize_a_tree/[0-8][2-9][4-5].wasm,2cc980194094cbd66dc66d52955fcc06
all5/Visualize_a_tree/[0-8][2-9][4-6].wasm,2cc980194094cbd66dc66d52955fcc06
all5/Visualize_a_tree/[0-8][2-9][4-7].wasm,2cc980194094cbd66dc66d52955fcc06
all5/Visualize_a_tree/[0-8][2-9][4-8].wasm,2cc980194094cbd66dc66d52955fcc06
all5/Visualize_a_tree/[0-8][4-1].wasm,2cc980194094cbd66dc66d52955fcc06
all5/Visualize_a_tree/[0-8][4-2].wasm,2cc980194094cbd66dc66d52955fcc06
all5/Visualize_a_tree/[0-8][4-3].wasm,2cc980194094cbd66dc66d52955fcc06
all5/Visualize_a_tree/[0-8][4-4].wasm,2cc980194094cbd66dc66d52955fcc06
all5/Visualize_a_tree/[0-8][4-5].wasm,2cc980194094cbd66dc66d52955fcc06
all5/Visualize_a_tree/[0-8][4-6].wasm,2cc980194094cbd66dc66d52955fcc06
all5/Visualize_a_tree/[0-8][4-7].wasm,2cc980194094cbd66dc66d52955fcc06
all5/Visualize_a_tree/[0-8][4-8].wasm,2cc980194094cbd66dc66d52955fcc06
all5/Visualize_a_tree/[0-9].wasm,2cc980194094cbd66dc66d52955fcc06
all5/Visualize_a_tree/[0-9][2-1].wasm,2cc980194094cbd66dc66d52955fcc06
all5/Visualize_a_tree/[0-9][2-1][4-1].wasm,2cc980194094cbd66dc66d52955fcc06
all5/Visualize_a_tree/[0-9][2-1][4-2].wasm,2cc980194094cbd66dc66d52955fcc06
all5/Visualize_a_tree/[0-9][2-1][4-3].wasm,2cc980194094cbd66dc66d52955fcc06
all5/Visualize_a_tree/[0-9][2-1][4-4].wasm,2cc980194094cbd66dc66d52955fcc06
all5/Visualize_a_tree/[0-9][2-1][4-5].wasm,2cc980194094cbd66dc66d52955fcc06
all5/Visualize_a_tree/[0-9][2-1][4-6].wasm,2cc980194094cbd66dc66d52955fcc06
all5/Visualize_a_tree/[0-9][2-1][4-7].wasm,2cc980194094cbd66dc66d52955fcc06
all5/Visualize_a_tree/[0-9][2-1][4-8].wasm,2cc980194094cbd66dc66d52955fcc06
all5/Visualize_a_tree/[0-9][2-2].wasm,2cc980194094cbd66dc66d52955fcc06
all5/Visualize_a_tree/[0-9][2-2][4-1].wasm,2cc980194094cbd66dc66d52955fcc06
all5/Visualize_a_tree/[0-9][2-2][4-2].wasm,2cc980194094cbd66dc66d52955fcc06
all5/Visualize_a_tree/[0-9][2-2][4-3].wasm,2cc980194094cbd66dc66d52955fcc06
all5/Visualize_a_tree/[0-9][2-2][4-4].wasm,2cc980194094cbd66dc66d52955fcc06
all5/Visualize_a_tree/[0-9][2-2][4-5].wasm,2cc980194094cbd66dc66d52955fcc06
all5/Visualize_a_tree/[0-9][2-2][4-6].wasm,2cc980194094cbd66dc66d52955fcc06
all5/Visualize_a_tree/[0-9][2-2][4-7].wasm,2cc980194094cbd66dc66d52955fcc06
all5/Visualize_a_tree/[0-9][2-2][4-8].wasm,2cc980194094cbd66dc66d52955fcc06
all5/Visualize_a_tree/[0-9][2-3].wasm,2cc980194094cbd66dc66d52955fcc06
all5/Visualize_a_tree/[0-9][2-3][4-1].wasm,2cc980194094cbd66dc66d52955fcc06
all5/Visualize_a_tree/[0-9][2-3][4-2].wasm,2cc980194094cbd66dc66d52955fcc06
all5/Visualize_a_tree/[0-9][2-3][4-3].wasm,2cc980194094cbd66dc66d52955fcc06
all5/Visualize_a_tree/[0-9][2-3][4-4].wasm,2cc980194094cbd66dc66d52955fcc06
all5/Visualize_a_tree/[0-9][2-3][4-5].wasm,2cc980194094cbd66dc66d52955fcc06
all5/Visualize_a_tree/[0-9][2-3][4-6].wasm,2cc980194094cbd66dc66d52955fcc06
all5/Visualize_a_tree/[0-9][2-3][4-7].wasm,2cc980194094cbd66dc66d52955fcc06
all5/Visualize_a_tree/[0-9][2-3][4-8].wasm,2cc980194094cbd66dc66d52955fcc06
all5/Visualize_a_tree/[0-9][2-4].wasm,2cc980194094cbd66dc66d52955fcc06
all5/Visualize_a_tree/[0-9][2-4][4-1].wasm,2cc980194094cbd66dc66d52955fcc06
all5/Visualize_a_tree/[0-9][2-4][4-2].wasm,2cc980194094cbd66dc66d52955fcc06
all5/Visualize_a_tree/[0-9][2-4][4-3].wasm,2cc980194094cbd66dc66d52955fcc06
all5/Visualize_a_tree/[0-9][2-4][4-4].wasm,2cc980194094cbd66dc66d52955fcc06
all5/Visualize_a_tree/[0-9][2-4][4-5].wasm,2cc980194094cbd66dc66d52955fcc06
all5/Visualize_a_tree/[0-9][2-4][4-6].wasm,2cc980194094cbd66dc66d52955fcc06
all5/Visualize_a_tree/[0-9][2-4][4-7].wasm,2cc980194094cbd66dc66d52955fcc06
all5/Visualize_a_tree/[0-9][2-4][4-8].wasm,2cc980194094cbd66dc66d52955fcc06
all5/Visualize_a_tree/[0-9][2-5].wasm,2cc980194094cbd66dc66d52955fcc06
all5/Visualize_a_tree/[0-9][2-5][4-1].wasm,2cc980194094cbd66dc66d52955fcc06
all5/Visualize_a_tree/[0-9][2-5][4-2].wasm,2cc980194094cbd66dc66d52955fcc06
all5/Visualize_a_tree/[0-9][2-5][4-3].wasm,2cc980194094cbd66dc66d52955fcc06
all5/Visualize_a_tree/[0-9][2-5][4-4].wasm,2cc980194094cbd66dc66d52955fcc06
all5/Visualize_a_tree/[0-9][2-5][4-5].wasm,2cc980194094cbd66dc66d52955fcc06
all5/Visualize_a_tree/[0-9][2-5][4-6].wasm,2cc980194094cbd66dc66d52955fcc06
all5/Visualize_a_tree/[0-9][2-5][4-7].wasm,2cc980194094cbd66dc66d52955fcc06
all5/Visualize_a_tree/[0-9][2-5][4-8].wasm,2cc980194094cbd66dc66d52955fcc06
all5/Visualize_a_tree/[0-9][2-6].wasm,2cc980194094cbd66dc66d52955fcc06
all5/Visualize_a_tree/[0-9][2-6][4-1].wasm,2cc980194094cbd66dc66d52955fcc06
all5/Visualize_a_tree/[0-9][2-6][4-2].wasm,2cc980194094cbd66dc66d52955fcc06
all5/Visualize_a_tree/[0-9][2-6][4-3].wasm,2cc980194094cbd66dc66d52955fcc06
all5/Visualize_a_tree/[0-9][2-6][4-4].wasm,2cc980194094cbd66dc66d52955fcc06
all5/Visualize_a_tree/[0-9][2-6][4-5].wasm,2cc980194094cbd66dc66d52955fcc06
all5/Visualize_a_tree/[0-9][2-6][4-6].wasm,2cc980194094cbd66dc66d52955fcc06
all5/Visualize_a_tree/[0-9][2-6][4-7].wasm,2cc980194094cbd66dc66d52955fcc06
all5/Visualize_a_tree/[0-9][2-6][4-8].wasm,2cc980194094cbd66dc66d52955fcc06
all5/Visualize_a_tree/[0-9][2-7].wasm,2cc980194094cbd66dc66d52955fcc06
all5/Visualize_a_tree/[0-9][2-7][4-1].wasm,2cc980194094cbd66dc66d52955fcc06
all5/Visualize_a_tree/[0-9][2-7][4-2].wasm,2cc980194094cbd66dc66d52955fcc06
all5/Visualize_a_tree/[0-9][2-7][4-3].wasm,2cc980194094cbd66dc66d52955fcc06
all5/Visualize_a_tree/[0-9][2-7][4-4].wasm,2cc980194094cbd66dc66d52955fcc06
all5/Visualize_a_tree/[0-9][2-7][4-5].wasm,2cc980194094cbd66dc66d52955fcc06
all5/Visualize_a_tree/[0-9][2-7][4-6].wasm,2cc980194094cbd66dc66d52955fcc06
all5/Visualize_a_tree/[0-9][2-7][4-7].wasm,2cc980194094cbd66dc66d52955fcc06
all5/Visualize_a_tree/[0-9][2-7][4-8].wasm,2cc980194094cbd66dc66d52955fcc06
all5/Visualize_a_tree/[0-9][2-8].wasm,2cc980194094cbd66dc66d52955fcc06
all5/Visualize_a_tree/[0-9][2-8][4-1].wasm,2cc980194094cbd66dc66d52955fcc06
all5/Visualize_a_tree/[0-9][2-8][4-2].wasm,2cc980194094cbd66dc66d52955fcc06
all5/Visualize_a_tree/[0-9][2-8][4-3].wasm,2cc980194094cbd66dc66d52955fcc06
all5/Visualize_a_tree/[0-9][2-8][4-4].wasm,2cc980194094cbd66dc66d52955fcc06
all5/Visualize_a_tree/[0-9][2-8][4-5].wasm,2cc980194094cbd66dc66d52955fcc06
all5/Visualize_a_tree/[0-9][2-8][4-6].wasm,2cc980194094cbd66dc66d52955fcc06
all5/Visualize_a_tree/[0-9][2-8][4-7].wasm,2cc980194094cbd66dc66d52955fcc06
all5/Visualize_a_tree/[0-9][2-8][4-8].wasm,2cc980194094cbd66dc66d52955fcc06
all5/Visualize_a_tree/[0-9][2-9].wasm,2cc980194094cbd66dc66d52955fcc06
all5/Visualize_a_tree/[0-9][2-9][4-1].wasm,2cc980194094cbd66dc66d52955fcc06
all5/Visualize_a_tree/[0-9][2-9][4-2].wasm,2cc980194094cbd66dc66d52955fcc06
all5/Visualize_a_tree/[0-9][2-9][4-3].wasm,2cc980194094cbd66dc66d52955fcc06
all5/Visualize_a_tree/[0-9][2-9][4-4].wasm,2cc980194094cbd66dc66d52955fcc06
all5/Visualize_a_tree/[0-9][2-9][4-5].wasm,2cc980194094cbd66dc66d52955fcc06
all5/Visualize_a_tree/[0-9][2-9][4-6].wasm,2cc980194094cbd66dc66d52955fcc06
all5/Visualize_a_tree/[0-9][2-9][4-7].wasm,2cc980194094cbd66dc66d52955fcc06
all5/Visualize_a_tree/[0-9][2-9][4-8].wasm,2cc980194094cbd66dc66d52955fcc06
all5/Visualize_a_tree/[0-9][4-1].wasm,2cc980194094cbd66dc66d52955fcc06
all5/Visualize_a_tree/[0-9][4-2].wasm,2cc980194094cbd66dc66d52955fcc06
all5/Visualize_a_tree/[0-9][4-3].wasm,2cc980194094cbd66dc66d52955fcc06
all5/Visualize_a_tree/[0-9][4-4].wasm,2cc980194094cbd66dc66d52955fcc06
all5/Visualize_a_tree/[0-9][4-5].wasm,2cc980194094cbd66dc66d52955fcc06
all5/Visualize_a_tree/[0-9][4-6].wasm,2cc980194094cbd66dc66d52955fcc06
all5/Visualize_a_tree/[0-9][4-7].wasm,2cc980194094cbd66dc66d52955fcc06
all5/Visualize_a_tree/[0-9][4-8].wasm,2cc980194094cbd66dc66d52955fcc06
all5/Visualize_a_tree/[2-1].wasm,2cc980194094cbd66dc66d52955fcc06
all5/Visualize_a_tree/[2-1][4-1].wasm,2cc980194094cbd66dc66d52955fcc06
all5/Visualize_a_tree/[2-1][4-2].wasm,2cc980194094cbd66dc66d52955fcc06
all5/Visualize_a_tree/[2-1][4-3].wasm,2cc980194094cbd66dc66d52955fcc06
all5/Visualize_a_tree/[2-1][4-4].wasm,2cc980194094cbd66dc66d52955fcc06
all5/Visualize_a_tree/[2-1][4-5].wasm,2cc980194094cbd66dc66d52955fcc06
all5/Visualize_a_tree/[2-1][4-6].wasm,2cc980194094cbd66dc66d52955fcc06
all5/Visualize_a_tree/[2-1][4-7].wasm,2cc980194094cbd66dc66d52955fcc06
all5/Visualize_a_tree/[2-1][4-8].wasm,2cc980194094cbd66dc66d52955fcc06
all5/Visualize_a_tree/[2-2].wasm,2cc980194094cbd66dc66d52955fcc06
all5/Visualize_a_tree/[2-2][4-1].wasm,2cc980194094cbd66dc66d52955fcc06
all5/Visualize_a_tree/[2-2][4-2].wasm,2cc980194094cbd66dc66d52955fcc06
all5/Visualize_a_tree/[2-2][4-3].wasm,2cc980194094cbd66dc66d52955fcc06
all5/Visualize_a_tree/[2-2][4-4].wasm,2cc980194094cbd66dc66d52955fcc06
all5/Visualize_a_tree/[2-2][4-5].wasm,2cc980194094cbd66dc66d52955fcc06
all5/Visualize_a_tree/[2-2][4-6].wasm,2cc980194094cbd66dc66d52955fcc06
all5/Visualize_a_tree/[2-2][4-7].wasm,2cc980194094cbd66dc66d52955fcc06
all5/Visualize_a_tree/[2-2][4-8].wasm,2cc980194094cbd66dc66d52955fcc06
all5/Visualize_a_tree/[2-3].wasm,2cc980194094cbd66dc66d52955fcc06
all5/Visualize_a_tree/[2-3][4-1].wasm,2cc980194094cbd66dc66d52955fcc06
all5/Visualize_a_tree/[2-3][4-2].wasm,2cc980194094cbd66dc66d52955fcc06
all5/Visualize_a_tree/[2-3][4-3].wasm,2cc980194094cbd66dc66d52955fcc06
all5/Visualize_a_tree/[2-3][4-4].wasm,2cc980194094cbd66dc66d52955fcc06
all5/Visualize_a_tree/[2-3][4-5].wasm,2cc980194094cbd66dc66d52955fcc06
all5/Visualize_a_tree/[2-3][4-6].wasm,2cc980194094cbd66dc66d52955fcc06
all5/Visualize_a_tree/[2-3][4-7].wasm,2cc980194094cbd66dc66d52955fcc06
all5/Visualize_a_tree/[2-3][4-8].wasm,2cc980194094cbd66dc66d52955fcc06
all5/Visualize_a_tree/[2-4].wasm,2cc980194094cbd66dc66d52955fcc06
all5/Visualize_a_tree/[2-4][4-1].wasm,2cc980194094cbd66dc66d52955fcc06
all5/Visualize_a_tree/[2-4][4-2].wasm,2cc980194094cbd66dc66d52955fcc06
all5/Visualize_a_tree/[2-4][4-3].wasm,2cc980194094cbd66dc66d52955fcc06
all5/Visualize_a_tree/[2-4][4-4].wasm,2cc980194094cbd66dc66d52955fcc06
all5/Visualize_a_tree/[2-4][4-5].wasm,2cc980194094cbd66dc66d52955fcc06
all5/Visualize_a_tree/[2-4][4-6].wasm,2cc980194094cbd66dc66d52955fcc06
all5/Visualize_a_tree/[2-4][4-7].wasm,2cc980194094cbd66dc66d52955fcc06
all5/Visualize_a_tree/[2-4][4-8].wasm,2cc980194094cbd66dc66d52955fcc06
all5/Visualize_a_tree/[2-5].wasm,2cc980194094cbd66dc66d52955fcc06
all5/Visualize_a_tree/[2-5][4-1].wasm,2cc980194094cbd66dc66d52955fcc06
all5/Visualize_a_tree/[2-5][4-2].wasm,2cc980194094cbd66dc66d52955fcc06
all5/Visualize_a_tree/[2-5][4-3].wasm,2cc980194094cbd66dc66d52955fcc06
all5/Visualize_a_tree/[2-5][4-4].wasm,2cc980194094cbd66dc66d52955fcc06
all5/Visualize_a_tree/[2-5][4-5].wasm,2cc980194094cbd66dc66d52955fcc06
all5/Visualize_a_tree/[2-5][4-6].wasm,2cc980194094cbd66dc66d52955fcc06
all5/Visualize_a_tree/[2-5][4-7].wasm,2cc980194094cbd66dc66d52955fcc06
all5/Visualize_a_tree/[2-5][4-8].wasm,2cc980194094cbd66dc66d52955fcc06
all5/Visualize_a_tree/[2-6].wasm,2cc980194094cbd66dc66d52955fcc06
all5/Visualize_a_tree/[2-6][4-1].wasm,2cc980194094cbd66dc66d52955fcc06
all5/Visualize_a_tree/[2-6][4-2].wasm,2cc980194094cbd66dc66d52955fcc06
all5/Visualize_a_tree/[2-6][4-3].wasm,2cc980194094cbd66dc66d52955fcc06
all5/Visualize_a_tree/[2-6][4-4].wasm,2cc980194094cbd66dc66d52955fcc06
all5/Visualize_a_tree/[2-6][4-5].wasm,2cc980194094cbd66dc66d52955fcc06
all5/Visualize_a_tree/[2-6][4-6].wasm,2cc980194094cbd66dc66d52955fcc06
all5/Visualize_a_tree/[2-6][4-7].wasm,2cc980194094cbd66dc66d52955fcc06
all5/Visualize_a_tree/[2-6][4-8].wasm,2cc980194094cbd66dc66d52955fcc06
all5/Visualize_a_tree/[2-7].wasm,2cc980194094cbd66dc66d52955fcc06
all5/Visualize_a_tree/[2-7][4-1].wasm,2cc980194094cbd66dc66d52955fcc06
all5/Visualize_a_tree/[2-7][4-2].wasm,2cc980194094cbd66dc66d52955fcc06
all5/Visualize_a_tree/[2-7][4-3].wasm,2cc980194094cbd66dc66d52955fcc06
all5/Visualize_a_tree/[2-7][4-4].wasm,2cc980194094cbd66dc66d52955fcc06
all5/Visualize_a_tree/[2-7][4-5].wasm,2cc980194094cbd66dc66d52955fcc06
all5/Visualize_a_tree/[2-7][4-6].wasm,2cc980194094cbd66dc66d52955fcc06
all5/Visualize_a_tree/[2-7][4-7].wasm,2cc980194094cbd66dc66d52955fcc06
all5/Visualize_a_tree/[2-7][4-8].wasm,2cc980194094cbd66dc66d52955fcc06
all5/Visualize_a_tree/[2-8].wasm,2cc980194094cbd66dc66d52955fcc06
all5/Visualize_a_tree/[2-8][4-1].wasm,2cc980194094cbd66dc66d52955fcc06
all5/Visualize_a_tree/[2-8][4-2].wasm,2cc980194094cbd66dc66d52955fcc06
all5/Visualize_a_tree/[2-8][4-3].wasm,2cc980194094cbd66dc66d52955fcc06
all5/Visualize_a_tree/[2-8][4-4].wasm,2cc980194094cbd66dc66d52955fcc06
all5/Visualize_a_tree/[2-8][4-5].wasm,2cc980194094cbd66dc66d52955fcc06
all5/Visualize_a_tree/[2-8][4-6].wasm,2cc980194094cbd66dc66d52955fcc06
all5/Visualize_a_tree/[2-8][4-7].wasm,2cc980194094cbd66dc66d52955fcc06
all5/Visualize_a_tree/[2-8][4-8].wasm,2cc980194094cbd66dc66d52955fcc06
all5/Visualize_a_tree/[2-9].wasm,2cc980194094cbd66dc66d52955fcc06
all5/Visualize_a_tree/[2-9][4-1].wasm,2cc980194094cbd66dc66d52955fcc06
all5/Visualize_a_tree/[2-9][4-2].wasm,2cc980194094cbd66dc66d52955fcc06
all5/Visualize_a_tree/[2-9][4-3].wasm,2cc980194094cbd66dc66d52955fcc06
all5/Visualize_a_tree/[2-9][4-4].wasm,2cc980194094cbd66dc66d52955fcc06
all5/Visualize_a_tree/[2-9][4-5].wasm,2cc980194094cbd66dc66d52955fcc06
all5/Visualize_a_tree/[2-9][4-6].wasm,2cc980194094cbd66dc66d52955fcc06
all5/Visualize_a_tree/[2-9][4-7].wasm,2cc980194094cbd66dc66d52955fcc06
all5/Visualize_a_tree/[2-9][4-8].wasm,2cc980194094cbd66dc66d52955fcc06
all5/Visualize_a_tree/[4-1].wasm,2cc980194094cbd66dc66d52955fcc06
all5/Visualize_a_tree/[4-2].wasm,2cc980194094cbd66dc66d52955fcc06
all5/Visualize_a_tree/[4-3].wasm,2cc980194094cbd66dc66d52955fcc06
all5/Visualize_a_tree/[4-4].wasm,2cc980194094cbd66dc66d52955fcc06
all5/Visualize_a_tree/[4-5].wasm,2cc980194094cbd66dc66d52955fcc06
all5/Visualize_a_tree/[4-6].wasm,2cc980194094cbd66dc66d52955fcc06
all5/Visualize_a_tree/[4-7].wasm,2cc980194094cbd66dc66d52955fcc06
all5/Visualize_a_tree/[4-8].wasm,2cc980194094cbd66dc66d52955fcc06
