name, hash
all5/Water_collected_between_towers/Water_collected_between_towers.wasm,5572ec0b10a0e89fc696da4efba3eb14
all5/Water_collected_between_towers/Water_collected_between_towers.wasm.~1~,a1436ffb72da5d96dfd4b0d58a9ea8a2
all5/Water_collected_between_towers/Water_collected_between_towers.wasm.~2~,5572ec0b10a0e89fc696da4efba3eb14
all5/Water_collected_between_towers/Water_collected_between_towers.wasm.~3~,a1436ffb72da5d96dfd4b0d58a9ea8a2
all5/Water_collected_between_towers/[2-1].wasm,069f79df1f273dd46156d714a36a8816
all5/Water_collected_between_towers/[2-1][3-1].wasm,069f79df1f273dd46156d714a36a8816
all5/Water_collected_between_towers/[2-1][3-1][5-1].wasm,069f79df1f273dd46156d714a36a8816
all5/Water_collected_between_towers/[2-1][3-1][5-2].wasm,069f79df1f273dd46156d714a36a8816
all5/Water_collected_between_towers/[2-1][3-1][5-3].wasm,069f79df1f273dd46156d714a36a8816
all5/Water_collected_between_towers/[2-1][3-1][5-4].wasm,069f79df1f273dd46156d714a36a8816
all5/Water_collected_between_towers/[2-1][3-2].wasm,069f79df1f273dd46156d714a36a8816
all5/Water_collected_between_towers/[2-1][3-2][5-1].wasm,069f79df1f273dd46156d714a36a8816
all5/Water_collected_between_towers/[2-1][3-2][5-2].wasm,069f79df1f273dd46156d714a36a8816
all5/Water_collected_between_towers/[2-1][3-2][5-3].wasm,069f79df1f273dd46156d714a36a8816
all5/Water_collected_between_towers/[2-1][3-2][5-4].wasm,069f79df1f273dd46156d714a36a8816
all5/Water_collected_between_towers/[2-1][3-3].wasm,069f79df1f273dd46156d714a36a8816
all5/Water_collected_between_towers/[2-1][3-3][5-1].wasm,069f79df1f273dd46156d714a36a8816
all5/Water_collected_between_towers/[2-1][3-3][5-2].wasm,069f79df1f273dd46156d714a36a8816
all5/Water_collected_between_towers/[2-1][3-3][5-3].wasm,069f79df1f273dd46156d714a36a8816
all5/Water_collected_between_towers/[2-1][3-3][5-4].wasm,069f79df1f273dd46156d714a36a8816
all5/Water_collected_between_towers/[2-1][3-4].wasm,069f79df1f273dd46156d714a36a8816
all5/Water_collected_between_towers/[2-1][3-4][5-1].wasm,069f79df1f273dd46156d714a36a8816
all5/Water_collected_between_towers/[2-1][3-4][5-2].wasm,069f79df1f273dd46156d714a36a8816
all5/Water_collected_between_towers/[2-1][3-4][5-3].wasm,069f79df1f273dd46156d714a36a8816
all5/Water_collected_between_towers/[2-1][3-4][5-4].wasm,069f79df1f273dd46156d714a36a8816
all5/Water_collected_between_towers/[2-1][3-5].wasm,069f79df1f273dd46156d714a36a8816
all5/Water_collected_between_towers/[2-1][3-5][5-1].wasm,069f79df1f273dd46156d714a36a8816
all5/Water_collected_between_towers/[2-1][3-5][5-2].wasm,069f79df1f273dd46156d714a36a8816
all5/Water_collected_between_towers/[2-1][3-5][5-3].wasm,069f79df1f273dd46156d714a36a8816
all5/Water_collected_between_towers/[2-1][3-5][5-4].wasm,069f79df1f273dd46156d714a36a8816
all5/Water_collected_between_towers/[2-1][3-6].wasm,069f79df1f273dd46156d714a36a8816
all5/Water_collected_between_towers/[2-1][3-6][5-1].wasm,069f79df1f273dd46156d714a36a8816
all5/Water_collected_between_towers/[2-1][3-6][5-2].wasm,069f79df1f273dd46156d714a36a8816
all5/Water_collected_between_towers/[2-1][3-6][5-3].wasm,069f79df1f273dd46156d714a36a8816
all5/Water_collected_between_towers/[2-1][3-6][5-4].wasm,069f79df1f273dd46156d714a36a8816
all5/Water_collected_between_towers/[2-1][3-7].wasm,069f79df1f273dd46156d714a36a8816
all5/Water_collected_between_towers/[2-1][3-7][5-1].wasm,069f79df1f273dd46156d714a36a8816
all5/Water_collected_between_towers/[2-1][3-7][5-2].wasm,069f79df1f273dd46156d714a36a8816
all5/Water_collected_between_towers/[2-1][3-7][5-3].wasm,069f79df1f273dd46156d714a36a8816
all5/Water_collected_between_towers/[2-1][3-7][5-4].wasm,069f79df1f273dd46156d714a36a8816
all5/Water_collected_between_towers/[2-1][3-8].wasm,069f79df1f273dd46156d714a36a8816
all5/Water_collected_between_towers/[2-1][3-8][5-1].wasm,069f79df1f273dd46156d714a36a8816
all5/Water_collected_between_towers/[2-1][3-8][5-2].wasm,069f79df1f273dd46156d714a36a8816
all5/Water_collected_between_towers/[2-1][3-8][5-3].wasm,069f79df1f273dd46156d714a36a8816
all5/Water_collected_between_towers/[2-1][3-8][5-4].wasm,069f79df1f273dd46156d714a36a8816
all5/Water_collected_between_towers/[2-1][5-1].wasm,069f79df1f273dd46156d714a36a8816
all5/Water_collected_between_towers/[2-1][5-2].wasm,069f79df1f273dd46156d714a36a8816
all5/Water_collected_between_towers/[2-1][5-3].wasm,069f79df1f273dd46156d714a36a8816
all5/Water_collected_between_towers/[2-1][5-4].wasm,069f79df1f273dd46156d714a36a8816
all5/Water_collected_between_towers/[2-2].wasm,069f79df1f273dd46156d714a36a8816
all5/Water_collected_between_towers/[2-2][3-1].wasm,069f79df1f273dd46156d714a36a8816
all5/Water_collected_between_towers/[2-2][3-1][5-1].wasm,069f79df1f273dd46156d714a36a8816
all5/Water_collected_between_towers/[2-2][3-1][5-2].wasm,069f79df1f273dd46156d714a36a8816
all5/Water_collected_between_towers/[2-2][3-1][5-3].wasm,069f79df1f273dd46156d714a36a8816
all5/Water_collected_between_towers/[2-2][3-1][5-4].wasm,069f79df1f273dd46156d714a36a8816
all5/Water_collected_between_towers/[2-2][3-2].wasm,069f79df1f273dd46156d714a36a8816
all5/Water_collected_between_towers/[2-2][3-2][5-1].wasm,069f79df1f273dd46156d714a36a8816
all5/Water_collected_between_towers/[2-2][3-2][5-2].wasm,069f79df1f273dd46156d714a36a8816
all5/Water_collected_between_towers/[2-2][3-2][5-3].wasm,069f79df1f273dd46156d714a36a8816
all5/Water_collected_between_towers/[2-2][3-2][5-4].wasm,069f79df1f273dd46156d714a36a8816
all5/Water_collected_between_towers/[2-2][3-3].wasm,069f79df1f273dd46156d714a36a8816
all5/Water_collected_between_towers/[2-2][3-3][5-1].wasm,069f79df1f273dd46156d714a36a8816
all5/Water_collected_between_towers/[2-2][3-3][5-2].wasm,069f79df1f273dd46156d714a36a8816
all5/Water_collected_between_towers/[2-2][3-3][5-3].wasm,069f79df1f273dd46156d714a36a8816
all5/Water_collected_between_towers/[2-2][3-3][5-4].wasm,069f79df1f273dd46156d714a36a8816
all5/Water_collected_between_towers/[2-2][3-4].wasm,069f79df1f273dd46156d714a36a8816
all5/Water_collected_between_towers/[2-2][3-4][5-1].wasm,069f79df1f273dd46156d714a36a8816
all5/Water_collected_between_towers/[2-2][3-4][5-2].wasm,069f79df1f273dd46156d714a36a8816
all5/Water_collected_between_towers/[2-2][3-4][5-3].wasm,069f79df1f273dd46156d714a36a8816
all5/Water_collected_between_towers/[2-2][3-4][5-4].wasm,069f79df1f273dd46156d714a36a8816
all5/Water_collected_between_towers/[2-2][3-5].wasm,069f79df1f273dd46156d714a36a8816
all5/Water_collected_between_towers/[2-2][3-5][5-1].wasm,069f79df1f273dd46156d714a36a8816
all5/Water_collected_between_towers/[2-2][3-5][5-2].wasm,069f79df1f273dd46156d714a36a8816
all5/Water_collected_between_towers/[2-2][3-5][5-3].wasm,069f79df1f273dd46156d714a36a8816
all5/Water_collected_between_towers/[2-2][3-5][5-4].wasm,069f79df1f273dd46156d714a36a8816
all5/Water_collected_between_towers/[2-2][3-6].wasm,069f79df1f273dd46156d714a36a8816
all5/Water_collected_between_towers/[2-2][3-6][5-1].wasm,069f79df1f273dd46156d714a36a8816
all5/Water_collected_between_towers/[2-2][3-6][5-2].wasm,069f79df1f273dd46156d714a36a8816
all5/Water_collected_between_towers/[2-2][3-6][5-3].wasm,069f79df1f273dd46156d714a36a8816
all5/Water_collected_between_towers/[2-2][3-6][5-4].wasm,069f79df1f273dd46156d714a36a8816
all5/Water_collected_between_towers/[2-2][3-7].wasm,069f79df1f273dd46156d714a36a8816
all5/Water_collected_between_towers/[2-2][3-7][5-1].wasm,069f79df1f273dd46156d714a36a8816
all5/Water_collected_between_towers/[2-2][3-7][5-2].wasm,069f79df1f273dd46156d714a36a8816
all5/Water_collected_between_towers/[2-2][3-7][5-3].wasm,069f79df1f273dd46156d714a36a8816
all5/Water_collected_between_towers/[2-2][3-7][5-4].wasm,069f79df1f273dd46156d714a36a8816
all5/Water_collected_between_towers/[2-2][3-8].wasm,069f79df1f273dd46156d714a36a8816
all5/Water_collected_between_towers/[2-2][3-8][5-1].wasm,069f79df1f273dd46156d714a36a8816
all5/Water_collected_between_towers/[2-2][3-8][5-2].wasm,069f79df1f273dd46156d714a36a8816
all5/Water_collected_between_towers/[2-2][3-8][5-3].wasm,069f79df1f273dd46156d714a36a8816
all5/Water_collected_between_towers/[2-2][3-8][5-4].wasm,069f79df1f273dd46156d714a36a8816
all5/Water_collected_between_towers/[2-2][5-1].wasm,069f79df1f273dd46156d714a36a8816
all5/Water_collected_between_towers/[2-2][5-2].wasm,069f79df1f273dd46156d714a36a8816
all5/Water_collected_between_towers/[2-2][5-3].wasm,069f79df1f273dd46156d714a36a8816
all5/Water_collected_between_towers/[2-2][5-4].wasm,069f79df1f273dd46156d714a36a8816
all5/Water_collected_between_towers/[2-3].wasm,069f79df1f273dd46156d714a36a8816
all5/Water_collected_between_towers/[2-3][3-1].wasm,069f79df1f273dd46156d714a36a8816
all5/Water_collected_between_towers/[2-3][3-1][5-1].wasm,069f79df1f273dd46156d714a36a8816
all5/Water_collected_between_towers/[2-3][3-1][5-2].wasm,069f79df1f273dd46156d714a36a8816
all5/Water_collected_between_towers/[2-3][3-1][5-3].wasm,069f79df1f273dd46156d714a36a8816
all5/Water_collected_between_towers/[2-3][3-1][5-4].wasm,069f79df1f273dd46156d714a36a8816
all5/Water_collected_between_towers/[2-3][3-2].wasm,069f79df1f273dd46156d714a36a8816
all5/Water_collected_between_towers/[2-3][3-2][5-1].wasm,069f79df1f273dd46156d714a36a8816
all5/Water_collected_between_towers/[2-3][3-2][5-2].wasm,069f79df1f273dd46156d714a36a8816
all5/Water_collected_between_towers/[2-3][3-2][5-3].wasm,069f79df1f273dd46156d714a36a8816
all5/Water_collected_between_towers/[2-3][3-2][5-4].wasm,069f79df1f273dd46156d714a36a8816
all5/Water_collected_between_towers/[2-3][3-3].wasm,069f79df1f273dd46156d714a36a8816
all5/Water_collected_between_towers/[2-3][3-3][5-1].wasm,069f79df1f273dd46156d714a36a8816
all5/Water_collected_between_towers/[2-3][3-3][5-2].wasm,069f79df1f273dd46156d714a36a8816
all5/Water_collected_between_towers/[2-3][3-3][5-3].wasm,069f79df1f273dd46156d714a36a8816
all5/Water_collected_between_towers/[2-3][3-3][5-4].wasm,069f79df1f273dd46156d714a36a8816
all5/Water_collected_between_towers/[2-3][3-4].wasm,069f79df1f273dd46156d714a36a8816
all5/Water_collected_between_towers/[2-3][3-4][5-1].wasm,069f79df1f273dd46156d714a36a8816
all5/Water_collected_between_towers/[2-3][3-4][5-2].wasm,069f79df1f273dd46156d714a36a8816
all5/Water_collected_between_towers/[2-3][3-4][5-3].wasm,069f79df1f273dd46156d714a36a8816
all5/Water_collected_between_towers/[2-3][3-4][5-4].wasm,069f79df1f273dd46156d714a36a8816
all5/Water_collected_between_towers/[2-3][3-5].wasm,069f79df1f273dd46156d714a36a8816
all5/Water_collected_between_towers/[2-3][3-5][5-1].wasm,069f79df1f273dd46156d714a36a8816
all5/Water_collected_between_towers/[2-3][3-5][5-2].wasm,069f79df1f273dd46156d714a36a8816
all5/Water_collected_between_towers/[2-3][3-5][5-3].wasm,069f79df1f273dd46156d714a36a8816
all5/Water_collected_between_towers/[2-3][3-5][5-4].wasm,069f79df1f273dd46156d714a36a8816
all5/Water_collected_between_towers/[2-3][3-6].wasm,069f79df1f273dd46156d714a36a8816
all5/Water_collected_between_towers/[2-3][3-6][5-1].wasm,069f79df1f273dd46156d714a36a8816
all5/Water_collected_between_towers/[2-3][3-6][5-2].wasm,069f79df1f273dd46156d714a36a8816
all5/Water_collected_between_towers/[2-3][3-6][5-3].wasm,069f79df1f273dd46156d714a36a8816
all5/Water_collected_between_towers/[2-3][3-6][5-4].wasm,069f79df1f273dd46156d714a36a8816
all5/Water_collected_between_towers/[2-3][3-7].wasm,069f79df1f273dd46156d714a36a8816
all5/Water_collected_between_towers/[2-3][3-7][5-1].wasm,069f79df1f273dd46156d714a36a8816
all5/Water_collected_between_towers/[2-3][3-7][5-2].wasm,069f79df1f273dd46156d714a36a8816
all5/Water_collected_between_towers/[2-3][3-7][5-3].wasm,069f79df1f273dd46156d714a36a8816
all5/Water_collected_between_towers/[2-3][3-7][5-4].wasm,069f79df1f273dd46156d714a36a8816
all5/Water_collected_between_towers/[2-3][3-8].wasm,069f79df1f273dd46156d714a36a8816
all5/Water_collected_between_towers/[2-3][3-8][5-1].wasm,069f79df1f273dd46156d714a36a8816
all5/Water_collected_between_towers/[2-3][3-8][5-2].wasm,069f79df1f273dd46156d714a36a8816
all5/Water_collected_between_towers/[2-3][3-8][5-3].wasm,069f79df1f273dd46156d714a36a8816
all5/Water_collected_between_towers/[2-3][3-8][5-4].wasm,069f79df1f273dd46156d714a36a8816
all5/Water_collected_between_towers/[2-3][5-1].wasm,069f79df1f273dd46156d714a36a8816
all5/Water_collected_between_towers/[2-3][5-2].wasm,069f79df1f273dd46156d714a36a8816
all5/Water_collected_between_towers/[2-3][5-3].wasm,069f79df1f273dd46156d714a36a8816
all5/Water_collected_between_towers/[2-3][5-4].wasm,069f79df1f273dd46156d714a36a8816
all5/Water_collected_between_towers/[2-4].wasm,069f79df1f273dd46156d714a36a8816
all5/Water_collected_between_towers/[2-4][3-1].wasm,069f79df1f273dd46156d714a36a8816
all5/Water_collected_between_towers/[2-4][3-1][5-1].wasm,069f79df1f273dd46156d714a36a8816
all5/Water_collected_between_towers/[2-4][3-1][5-2].wasm,069f79df1f273dd46156d714a36a8816
all5/Water_collected_between_towers/[2-4][3-1][5-3].wasm,069f79df1f273dd46156d714a36a8816
all5/Water_collected_between_towers/[2-4][3-1][5-4].wasm,069f79df1f273dd46156d714a36a8816
all5/Water_collected_between_towers/[2-4][3-2].wasm,069f79df1f273dd46156d714a36a8816
all5/Water_collected_between_towers/[2-4][3-2][5-1].wasm,069f79df1f273dd46156d714a36a8816
all5/Water_collected_between_towers/[2-4][3-2][5-2].wasm,069f79df1f273dd46156d714a36a8816
all5/Water_collected_between_towers/[2-4][3-2][5-3].wasm,069f79df1f273dd46156d714a36a8816
all5/Water_collected_between_towers/[2-4][3-2][5-4].wasm,069f79df1f273dd46156d714a36a8816
all5/Water_collected_between_towers/[2-4][3-3].wasm,069f79df1f273dd46156d714a36a8816
all5/Water_collected_between_towers/[2-4][3-3][5-1].wasm,069f79df1f273dd46156d714a36a8816
all5/Water_collected_between_towers/[2-4][3-3][5-2].wasm,069f79df1f273dd46156d714a36a8816
all5/Water_collected_between_towers/[2-4][3-3][5-3].wasm,069f79df1f273dd46156d714a36a8816
all5/Water_collected_between_towers/[2-4][3-3][5-4].wasm,069f79df1f273dd46156d714a36a8816
all5/Water_collected_between_towers/[2-4][3-4].wasm,069f79df1f273dd46156d714a36a8816
all5/Water_collected_between_towers/[2-4][3-4][5-1].wasm,069f79df1f273dd46156d714a36a8816
all5/Water_collected_between_towers/[2-4][3-4][5-2].wasm,069f79df1f273dd46156d714a36a8816
all5/Water_collected_between_towers/[2-4][3-4][5-3].wasm,069f79df1f273dd46156d714a36a8816
all5/Water_collected_between_towers/[2-4][3-4][5-4].wasm,069f79df1f273dd46156d714a36a8816
all5/Water_collected_between_towers/[2-4][3-5].wasm,069f79df1f273dd46156d714a36a8816
all5/Water_collected_between_towers/[2-4][3-5][5-1].wasm,069f79df1f273dd46156d714a36a8816
all5/Water_collected_between_towers/[2-4][3-5][5-2].wasm,069f79df1f273dd46156d714a36a8816
all5/Water_collected_between_towers/[2-4][3-5][5-3].wasm,069f79df1f273dd46156d714a36a8816
all5/Water_collected_between_towers/[2-4][3-5][5-4].wasm,069f79df1f273dd46156d714a36a8816
all5/Water_collected_between_towers/[2-4][3-6].wasm,069f79df1f273dd46156d714a36a8816
all5/Water_collected_between_towers/[2-4][3-6][5-1].wasm,069f79df1f273dd46156d714a36a8816
all5/Water_collected_between_towers/[2-4][3-6][5-2].wasm,069f79df1f273dd46156d714a36a8816
all5/Water_collected_between_towers/[2-4][3-6][5-3].wasm,069f79df1f273dd46156d714a36a8816
all5/Water_collected_between_towers/[2-4][3-6][5-4].wasm,069f79df1f273dd46156d714a36a8816
all5/Water_collected_between_towers/[2-4][3-7].wasm,069f79df1f273dd46156d714a36a8816
all5/Water_collected_between_towers/[2-4][3-7][5-1].wasm,069f79df1f273dd46156d714a36a8816
all5/Water_collected_between_towers/[2-4][3-7][5-2].wasm,069f79df1f273dd46156d714a36a8816
all5/Water_collected_between_towers/[2-4][3-7][5-3].wasm,069f79df1f273dd46156d714a36a8816
all5/Water_collected_between_towers/[2-4][3-7][5-4].wasm,069f79df1f273dd46156d714a36a8816
all5/Water_collected_between_towers/[2-4][5-1].wasm,069f79df1f273dd46156d714a36a8816
all5/Water_collected_between_towers/[2-4][5-2].wasm,069f79df1f273dd46156d714a36a8816
all5/Water_collected_between_towers/[2-4][5-3].wasm,069f79df1f273dd46156d714a36a8816
all5/Water_collected_between_towers/[2-4][5-4].wasm,069f79df1f273dd46156d714a36a8816
all5/Water_collected_between_towers/[3-1].wasm,a1436ffb72da5d96dfd4b0d58a9ea8a2
all5/Water_collected_between_towers/[3-1][5-1].wasm,a1436ffb72da5d96dfd4b0d58a9ea8a2
all5/Water_collected_between_towers/[3-1][5-2].wasm,a1436ffb72da5d96dfd4b0d58a9ea8a2
all5/Water_collected_between_towers/[3-1][5-3].wasm,a1436ffb72da5d96dfd4b0d58a9ea8a2
all5/Water_collected_between_towers/[3-1][5-4].wasm,a1436ffb72da5d96dfd4b0d58a9ea8a2
all5/Water_collected_between_towers/[3-2].wasm,a1436ffb72da5d96dfd4b0d58a9ea8a2
all5/Water_collected_between_towers/[3-2][5-1].wasm,a1436ffb72da5d96dfd4b0d58a9ea8a2
all5/Water_collected_between_towers/[3-2][5-2].wasm,a1436ffb72da5d96dfd4b0d58a9ea8a2
all5/Water_collected_between_towers/[3-2][5-3].wasm,a1436ffb72da5d96dfd4b0d58a9ea8a2
all5/Water_collected_between_towers/[3-2][5-4].wasm,a1436ffb72da5d96dfd4b0d58a9ea8a2
all5/Water_collected_between_towers/[3-3].wasm,a1436ffb72da5d96dfd4b0d58a9ea8a2
all5/Water_collected_between_towers/[3-3][5-1].wasm,a1436ffb72da5d96dfd4b0d58a9ea8a2
all5/Water_collected_between_towers/[3-3][5-2].wasm,a1436ffb72da5d96dfd4b0d58a9ea8a2
all5/Water_collected_between_towers/[3-3][5-3].wasm,a1436ffb72da5d96dfd4b0d58a9ea8a2
all5/Water_collected_between_towers/[3-3][5-4].wasm,a1436ffb72da5d96dfd4b0d58a9ea8a2
all5/Water_collected_between_towers/[3-4].wasm,a1436ffb72da5d96dfd4b0d58a9ea8a2
all5/Water_collected_between_towers/[3-4][5-1].wasm,a1436ffb72da5d96dfd4b0d58a9ea8a2
all5/Water_collected_between_towers/[3-4][5-2].wasm,a1436ffb72da5d96dfd4b0d58a9ea8a2
all5/Water_collected_between_towers/[3-4][5-3].wasm,a1436ffb72da5d96dfd4b0d58a9ea8a2
all5/Water_collected_between_towers/[3-4][5-4].wasm,a1436ffb72da5d96dfd4b0d58a9ea8a2
all5/Water_collected_between_towers/[3-5].wasm,a1436ffb72da5d96dfd4b0d58a9ea8a2
all5/Water_collected_between_towers/[3-5][5-1].wasm,a1436ffb72da5d96dfd4b0d58a9ea8a2
all5/Water_collected_between_towers/[3-5][5-2].wasm,a1436ffb72da5d96dfd4b0d58a9ea8a2
all5/Water_collected_between_towers/[3-5][5-3].wasm,a1436ffb72da5d96dfd4b0d58a9ea8a2
all5/Water_collected_between_towers/[3-5][5-4].wasm,a1436ffb72da5d96dfd4b0d58a9ea8a2
all5/Water_collected_between_towers/[3-6].wasm,a1436ffb72da5d96dfd4b0d58a9ea8a2
all5/Water_collected_between_towers/[3-6][5-1].wasm,a1436ffb72da5d96dfd4b0d58a9ea8a2
all5/Water_collected_between_towers/[3-6][5-2].wasm,a1436ffb72da5d96dfd4b0d58a9ea8a2
all5/Water_collected_between_towers/[3-6][5-3].wasm,a1436ffb72da5d96dfd4b0d58a9ea8a2
all5/Water_collected_between_towers/[3-6][5-4].wasm,a1436ffb72da5d96dfd4b0d58a9ea8a2
all5/Water_collected_between_towers/[3-7].wasm,a1436ffb72da5d96dfd4b0d58a9ea8a2
all5/Water_collected_between_towers/[3-7][5-1].wasm,a1436ffb72da5d96dfd4b0d58a9ea8a2
all5/Water_collected_between_towers/[3-7][5-2].wasm,a1436ffb72da5d96dfd4b0d58a9ea8a2
all5/Water_collected_between_towers/[3-7][5-3].wasm,a1436ffb72da5d96dfd4b0d58a9ea8a2
all5/Water_collected_between_towers/[3-7][5-4].wasm,a1436ffb72da5d96dfd4b0d58a9ea8a2
all5/Water_collected_between_towers/[3-8].wasm,a1436ffb72da5d96dfd4b0d58a9ea8a2
all5/Water_collected_between_towers/[3-8][5-1].wasm,a1436ffb72da5d96dfd4b0d58a9ea8a2
all5/Water_collected_between_towers/[3-8][5-2].wasm,a1436ffb72da5d96dfd4b0d58a9ea8a2
all5/Water_collected_between_towers/[3-8][5-3].wasm,a1436ffb72da5d96dfd4b0d58a9ea8a2
all5/Water_collected_between_towers/[3-8][5-4].wasm,a1436ffb72da5d96dfd4b0d58a9ea8a2
all5/Water_collected_between_towers/[5-1].wasm,a1436ffb72da5d96dfd4b0d58a9ea8a2
all5/Water_collected_between_towers/[5-2].wasm,a1436ffb72da5d96dfd4b0d58a9ea8a2
all5/Water_collected_between_towers/[5-3].wasm,a1436ffb72da5d96dfd4b0d58a9ea8a2
all5/Water_collected_between_towers/[5-4].wasm,a1436ffb72da5d96dfd4b0d58a9ea8a2
