name, hash
all5/Zeckendorf_number_representation/Zeckendorf_number_representation.wasm,83ec6a4b7e6a367cbbc15ddc8404fdd9
all5/Zeckendorf_number_representation/Zeckendorf_number_representation.wasm.~1~,83ec6a4b7e6a367cbbc15ddc8404fdd9
all5/Zeckendorf_number_representation/Zeckendorf_number_representation.wasm.~2~,d0d630a2e4de948935a89986ba62fd1d
all5/Zeckendorf_number_representation/[24-1].wasm,21471c144b382b00d62afdafcccca4e6
all5/Zeckendorf_number_representation/[24-1][30-1].wasm,21471c144b382b00d62afdafcccca4e6
all5/Zeckendorf_number_representation/[28-1].wasm,d0d630a2e4de948935a89986ba62fd1d
all5/Zeckendorf_number_representation/[28-1][30-1].wasm,d0d630a2e4de948935a89986ba62fd1d
all5/Zeckendorf_number_representation/[28-2].wasm,d0d630a2e4de948935a89986ba62fd1d
all5/Zeckendorf_number_representation/[28-2][30-1].wasm,d0d630a2e4de948935a89986ba62fd1d
all5/Zeckendorf_number_representation/[28-3].wasm,d0d630a2e4de948935a89986ba62fd1d
all5/Zeckendorf_number_representation/[28-3][30-1].wasm,d0d630a2e4de948935a89986ba62fd1d
all5/Zeckendorf_number_representation/[28-4].wasm,d0d630a2e4de948935a89986ba62fd1d
all5/Zeckendorf_number_representation/[28-4][30-1].wasm,d0d630a2e4de948935a89986ba62fd1d
all5/Zeckendorf_number_representation/[28-5].wasm,d0d630a2e4de948935a89986ba62fd1d
all5/Zeckendorf_number_representation/[28-5][30-1].wasm,d0d630a2e4de948935a89986ba62fd1d
all5/Zeckendorf_number_representation/[28-6].wasm,d0d630a2e4de948935a89986ba62fd1d
all5/Zeckendorf_number_representation/[28-6][30-1].wasm,d0d630a2e4de948935a89986ba62fd1d
all5/Zeckendorf_number_representation/[28-7].wasm,d0d630a2e4de948935a89986ba62fd1d
all5/Zeckendorf_number_representation/[28-7][30-1].wasm,d0d630a2e4de948935a89986ba62fd1d
all5/Zeckendorf_number_representation/[28-8].wasm,d0d630a2e4de948935a89986ba62fd1d
all5/Zeckendorf_number_representation/[28-8][30-1].wasm,d0d630a2e4de948935a89986ba62fd1d
all5/Zeckendorf_number_representation/[30-1].wasm,d0d630a2e4de948935a89986ba62fd1d
